instrument,intercept,beta_bm,beta_hml,beta_smb,beta_op,beta_inv,beta_mom,mktval,sector,industry
US25400W1027,0.0507750817684396,-1.407752763857645,-0.8737919932469027,-1.0134514133587151,-12.162025641200998,5.070403534819252,-2.576931121539745,1413.59160016,45,451030
US91532F1021,0.1368364948205513,0.2300505886364772,3.7536786725576055,1.4326796868585048,-6.296101581682651,5.991436511650187,-4.7927681941845615,1594.73770936,45,452030
US34962G2084,0.448351777297936,7.658908992792917,9.436575495210406,3.891896057684311,17.34531250364524,-4.986928844109528,-11.866087372431936,1500.9488333800002,35,352010
US3371851029,,,,,,,,1469.7629582099999,35,352010
US22041X1028,0.0052478683591491,1.1887522126509893,2.3160591513562525,0.2493116371712626,-3.4853289243049645,-1.4521481828269167,-3.3226391309855985,603.1541492800001,45,452020
US92892B1035,0.0452178552099843,0.7826188689757088,-0.0253894042441511,0.5838539800039566,-5.009837738748858,10.317776930691045,-2.5754889916699035,2178.44739924,20,201010
US0494681010,0.0341974008256065,0.569953647039144,4.981581590872747,3.022868278105557,-1.6203489048611517,4.188907434218116,-5.807716150583113,40463.36998242,45,451030
US00835Q2021,0.0355497439649613,0.0800074945622666,3.103051759452957,1.639231556062048,-3.607807251226512,2.471565980419178,-1.6459873848566997,1071.754974,45,452030
US00835T1079,,,,,,,,1475.8803618000002,20,201010
US75776W1036,-0.0112114725618057,-0.8115435537876017,-9.973627746974824,-2.138656767534864,-14.259831507658992,13.683394187244073,-3.857884891397077,3027.9520488,20,201010
US92259N3026,0.3164907129532712,2.631694935657192,13.3415412929883,8.824452325594319,4.954750181588761,8.387515815531472,-2.8091460517245808,274.53939413999996,20,201060
US76029N1063,0.1371028330526751,-5.344398842419913,0.274263988637891,-17.453600498663334,-27.40324897209513,0.1718679593456116,-8.052705603600751,1329.99140274,35,352010
US92766K4031,-0.1076164691421684,-0.1717365010239682,-4.026420794545631,-4.79835408858097,-14.546570331785968,-0.4713514494040784,-4.0931504723243055,482.8997411,20,201010
US22663K1079,0.1642337515271864,3.684409780518432,4.99830572934093,3.484320840940531,6.7680138630194,-4.087349888428063,-6.105771154676109,8691.88809492,35,352020
US3441741077,0.0592072768697536,2.5807707810388023,-0.3411919692076799,0.5843843122133408,3.521040099309399,6.183267811718993,0.3929954321513785,300.8267915,35,352010
US75644T1007,0.0404131149008791,-1.719645210456369,-5.087716428494433,-1.1479289960955434,-5.811065302390471,12.138946175074304,-0.7762396742864928,1463.72906244,20,201010
US03213A1043,0.0610273281524267,0.9111030894072794,4.164390974952415,3.609942078430072,2.300121895039527,3.453063098830756,-2.991846901372626,1590.34988457,45,451030
US91332U1016,0.0354540235083509,0.0336533756346168,5.243404128247298,7.034817071294116,1.4796570017402322,-1.1448312602968018,-3.363503774899261,17271.480040500002,45,451030
US69608A1088,0.0659771560237196,-0.4856656316069237,6.698834180704619,2.553841373524489,0.4796655151609394,1.2785089923047952,-3.001345564931446,402520.87193759996,45,451030
US7534221046,-0.019609205998509,0.3962643910997291,3.7976582018359406,3.977650369966885,-1.042592668273543,1.9919501950052725,-4.901705783666602,860.66515839,45,451030
US02080L1026,0.0416038635155006,-1.4245827939879652,5.063033948293913,3.19313727545168,-3.5367524722893497,-3.292500813754482,-1.1822958467171307,96.95199968,35,352030
US62548M2098,0.0347266718120845,-1.116063214437917,7.108687583196583,7.351736977844173,0.9234720607023764,2.1684678908838477,-0.2944892632545385,289.75927663999994,35,351030
US05637B1052,0.1409986997235533,-1.9900214130992775,5.906101701235949,4.74792570264222,-2.543841399473985,2.8210599714788573,-0.8968693431920447,937.927911,45,451020
US4383331067,0.0714374706495351,0.958855522019372,4.168284807391005,3.1861647714196746,4.018923825914432,2.04944797053814,0.675390286107074,441.84768068000005,30,303020
US0080731088,-0.0144173552823848,1.8593259230377224,1.0919148595715735,-1.9873283910311832,-2.021328678183226,3.7469222568864007,-1.4577241069940414,9684.695591640002,20,201010
US68989M2026,0.0161215007226721,1.665768724761246,3.5224633079244887,2.852609988183031,-1.9760171955993515,-0.5850129353939133,-0.787531477320155,3314.05138802,45,452030
US88554D2053,-0.002499346617995,-1.1160099359890228,-2.378654323315102,1.2087402582317268,-6.080556121861629,4.140858172847103,-0.91537762850056,595.4576076899999,20,201060
US70451A1043,0.1401793754323116,-4.073910594898075,5.914508386067153,8.078691837480752,0.9545301209956828,-1.9893899018365,-2.5323695922459857,469.07364966,40,402010
US75606V1017,0.2461993346984571,2.111579736177826,-0.1555632762082206,-9.393994674309871,0.0337650168544256,15.339442551517708,5.872666384071236,949.5097635,15,151040
US6821431029,0.2422717280998465,3.987369737229703,9.755437127475002,0.9285524625324616,5.568696523061135,0.7376738256679967,-3.328753606977868,1189.1552129599997,35,352020
US98956A1051,0.0311596746098935,1.574718342745166,1.466863412363903,1.982307184132419,0.1634362164655523,2.440471627037012,-2.2011017366782197,6213.17768834,45,451030
US69553P1003,-0.0158822073587335,0.5265778768226047,5.065284494411512,4.3641856161218975,0.099172952667422,-0.0978903748465258,-3.634518025468708,844.31992704,45,451030
US5009461089,0.1358801874074329,-0.7329568620886354,4.066195069256436,6.932401794444806,2.1821722174108964,8.860121914719592,1.046486290881245,182.78582524,35,352010
US0094221068,-0.0065651025775262,0.2546763841170143,0.1151724829543882,0.3734340968879307,-0.0589650341181757,9.989585658819792,-0.951209960131653,112.38708845000001,20,201010
US74874Q1004,0.0650768949951297,-0.0286377835226784,2.893811301180775,3.450342797081103,2.5617227725035203,2.4463158336818385,-0.8255879035733744,1120.6197540700002,50,502030
US80401C1009,0.0822391910609824,-6.909670974845059,-16.06989716922844,4.923905292981003,-9.928678520058597,16.75469149055609,-1.6646675723509066,662.8511368500001,20,201010
US74758T3032,0.0140051534105761,-0.3176044761389058,-1.4790938755796934,0.8571418771160397,-2.3294224087507063,2.81139400883135,-2.621710121870242,6384.1265132,45,451030
US3584351056,0.1122396236891173,-0.4472615455418509,2.3196105191864884,2.8983992555322624,1.3383863355004806,2.731923240712647,0.7603295173524036,312.49780029999994,15,151040
US8334451098,-0.009808895869064,-0.5426185332108554,0.6049915536353222,-3.0132082310435484,-7.08708216044344,-0.608241896581357,-3.858814784168028,108868.9918596,45,451020
US7332451043,0.0436539824219336,0.7573998301687161,3.902203211726014,2.397706270495114,1.9171774889624968,1.5835337825355162,0.3988577578001873,1550.11908852,40,403010
US09624H2085,0.059718489283047,1.289929332180388,-1.7767549454848075,0.1947230479013768,1.7509717481744986,10.348524282286112,1.9235863903992256,651.5267820299999,20,201070
US45569U1016,0.0267793414830662,0.7799836423763153,1.9215970511831784,-1.2305638642750074,-3.419884242391279,6.921251249845282,-1.7668303954616575,1074.15940107,45,453010
US74467Q1031,0.0756225651616428,0.649592053947503,2.2119574554704804,0.588340515055046,0.3991327760534116,1.1440223475788185,-0.0846209722877195,797.0820975,50,502010
US7811541090,0.0307057593600468,0.5161296068690536,3.947616750161728,2.2535657333146277,-0.8122703579348904,2.285423978395342,-2.425423339149151,20315.414289959997,45,451030
US89785X1019,0.0134908622169433,2.3053090627982726,-3.8020967824088303,2.214591023717204,-0.48854781339872,5.827128517927849,0.2691906961382593,295.26892669999995,20,202020
US8085411069,0.0063644225624917,2.430485073997797,-1.601022133620192,-0.6988700017004328,1.0533792746290076,5.235413878147157,-0.3933871383638605,659.71131743,15,151010
US92337C2035,0.007369149430983,3.318586127879736,3.2296449985250613,0.0501335952876449,4.17634995969561,-2.9879805700844377,-2.2236633477213017,539.3057009199999,35,352010
US03782L1017,0.0053100684560441,1.4663507648637777,-1.1160992115895874,-2.4611563089412547,-1.1042759359574303,0.6984664185946254,-1.887484961789808,,45,451030
US40701T1043,0.0783411976340956,1.7295458297042503,-2.8302755789625698,-0.7229032958997454,0.6423791025122598,6.400180482013047,0.3136813989941901,316.98536064,25,252010
US4510511060,0.1065741331402912,-0.5379631641740066,4.73438185630276,1.392557633858584,0.960068545357005,4.409895493818634,1.8257934269551523,458.8700624,50,502010
US8162123025,-0.0139980300699507,1.6053902501476904,-1.905731378582875,-1.250667145229197,0.3605328873893301,3.214754137637169,2.5922750484745327,106.87460885999998,35,352010
US82657M1053,0.064360721587691,1.9634687506871509,-1.2781294290883465,-4.96436665736154,-3.684495140516714,3.4117530083675094,-1.0315764442964923,352.54018086,35,351010
US55955D1000,0.0624176113047806,0.6193695221653872,3.4184973553613194,3.583896265453886,3.827982555945296,4.221144639096623,-0.0558023100334501,3468.01157632,50,502010
US68376D1046,0.0382706638068995,1.8519217278795288,0.3276224203568534,2.5338070536721515,3.0188324481399755,4.909737214278267,0.8797673557048808,323.37857536,40,402020
US02927U2087,0.0776535674358108,0.2297909527279246,1.2951875918344886,-3.018463072760606,-3.282391256453592,8.687473091907734,-0.0667384445767698,265.07480735999997,10,101020
US68218J1034,0.0342717629844509,-0.733496766674624,-3.814198699039792,-3.153560543415676,-8.562677042298064,7.817443134348766,-1.962428460666523,413.40331910000003,35,352030
US1241551027,0.2337836348406684,-0.722958346351382,4.210179740792405,4.003718274665047,3.886641898443821,0.6144886404695992,3.42829223821776,2004.18068256,35,351010
US26856L1035,0.0630292196052287,2.651480039834314,3.867984884299797,1.1730094766297383,5.847724465331258,3.9968830088871448,0.6220619642470627,5252.752776209999,30,303020
US3433894090,0.1684159708892845,-2.090316648448882,5.725172858225912,3.5475271648178643,0.0571858925602584,4.352907958666108,-2.322280970595335,1208.45899372,15,151010
US70439P1084,0.0430210558745014,1.9919212577306644,1.009969081687332,0.9456890454890132,3.582933097351144,0.2022970219468796,-2.1846289276049795,4934.6964715,40,402010
US50077B2079,0.0050581404451591,-0.1492096955288603,-3.128518843848824,-1.941139446589755,-3.830384885348325,8.248006141405252,-1.276491284160933,11819.4790784,20,201010
US03969T1097,-0.0179758933480098,1.7641762783215764,-2.0695535819208257,3.567357350373033,2.9208004883331453,6.800523516829296,2.6344053137603183,214.20054399999998,35,352010
US81727U3032,0.0169811603373918,1.9292746104483756,-3.625686986090522,-1.5246548089992724,0.4081151213931633,10.250961895326649,1.575310399787738,361.67441145,35,351010
US75901B1070,0.0753262960386419,0.1511740861179676,5.274879075111495,1.8843726535728067,2.5971904262404863,-0.8298411359221645,0.7029683377979066,653.79523386,35,352010
US3383071012,0.0234707242102028,1.811001695648556,2.836889551485359,0.5850399869387989,-0.1469817882470337,1.0136509129913365,-2.789673232219886,2442.3111189600004,45,451030
US1421521071,0.0323465921720812,1.1848529134131245,4.5406676461798,3.0405672351475137,4.0900710821011845,5.291167008093272,0.4278517863619621,2523.5234862499997,35,352010
CA75585H2063,-0.0166142095636047,0.7535294126289338,-1.020825250176502,2.3075465929151866,2.3742777392663306,7.203909439181276,0.6364713918058996,413.13272832,60,602010
US70432V1026,0.0389450436911896,0.9194654233443288,3.632314355031699,2.419647700982053,2.2177846662954144,2.202811749253873,-2.419884197090349,8699.60235331,20,202020
US9290332074,0.1995687294830311,0.0508573860801938,13.020969911134127,8.863046518291483,11.061472124387386,4.432748669492581,-2.56328814107865,1241.52183702,35,352010
US46655E1001,0.0651938868178826,3.9730429395323696,0.6923168675115392,-0.1554865318736862,3.090633385759576,4.695863376689838,-0.1678130008994215,658.3264194000001,15,151040
US34986A1043,0.0511055500879249,4.220106081611813,-2.355951901700598,2.961727402037288,8.118511032586339,7.344750919711927,3.698644461278509,447.0171857,20,203010
US90364P1057,0.0956473656584097,-0.5095392581025013,8.219662391642942,2.4229286750276837,0.8374244109436733,-0.3767491406311172,-3.870503737015886,7686.7954317,45,451030
KYG386441037,0.080049324510863,2.641008883375098,-0.4003529958561441,-0.5143465852071866,3.410523708850982,0.1437241724717688,-0.8112105249220668,1634.2372737100002,25,255010
US28106W1036,-0.0123819381683882,0.6809549201543197,2.935620439210985,2.555249306427509,0.0707151364703599,-3.029296728065879,0.5968862808327995,432.0891446,35,352010
US4532041096,-0.0010101876736756,2.113428581378551,4.614555009952097,1.2889915130892118,0.876577842383807,-0.7172321759788162,-1.9737976729204545,5042.54158774,45,453010
US45827U1097,0.0475844751480221,-1.3252999303316155,4.375540865403508,4.413449033138539,1.7617582527209668,-0.2403900501455043,-4.180858339342628,2788.8879022,45,451030
NL0013056914,0.0300327590475892,-0.5368235431714942,4.129273712075071,1.9557706896693268,-1.5727004015774493,2.605319833541423,-3.900500893621574,7809.940294159999,45,451030
US00191U1025,0.0113405228841385,-0.604058210155997,-1.193778148192108,-2.721692614024698,-2.1181054449364973,5.082430306686792,-4.859025057134266,1251.48226611,45,451020
IE000JMT8VI3,0.0579051448534672,2.865724319787771,-2.2313135291015307,0.8684199368743934,3.706438869024805,8.094610833483395,-1.199492566504314,5146.98,50,502010
US16935C1099,0.069342756647802,3.2633300250380293,0.0337524086746627,2.8409065641618287,5.44248038337847,5.922824243230922,-0.157232848443768,10359.251737800001,40,402010
US88025T1025,-0.00932852731533,1.054065292107894,0.5318218877367459,0.7928400590006903,-1.5372348386605674,0.6023675193278784,-1.2150947426498788,4144.2136473,45,451030
US0327973006,-0.0362680811812723,3.081864834551677,-0.4481820900888527,0.2205063256058763,2.797115903219795,8.110910832029564,0.8078611614149656,288.63016000000005,35,352010
US7707001027,-0.024828347878061,0.5422995767562638,3.67253312628653,2.3955590718296214,-0.7963591305844481,-2.0196514803375605,-0.3480452178388783,84848.13175752001,40,402030
US4622601007,0.163615092382027,1.6909223625566243,-0.5662878629770642,-4.301002109521999,0.3736302538000235,7.3414352979938915,1.27591318637983,2698.36487082,35,352010
US60937P1066,0.0707774467339265,1.3801800383277412,4.215072373446955,0.7332856227293814,-0.0092665609043207,4.428891484820591,-2.640874598460321,35872.153262110005,45,451020
US73933G2021,0.0657491023576189,2.609505235974552,4.064730394973728,3.865785764654492,7.114991408171444,7.889977871813539,3.331669780554704,163.19402682000003,20,201040
US9892071054,0.0347589725569142,1.2782240948792976,1.1824476994426858,1.3251384685161811,1.7914259468745053,2.8226215841515487,-0.8969268948386728,17666.03640437,45,452030
US55318A1088,0.0081292201676352,1.6515227640646724,3.7686911408317303,1.18531099526572,3.0180179566280327,2.5335123623721723,0.640741372652087,741.72375882,50,502010
US80359A2050,-0.0524106985775095,1.305242060211828,-6.40413240865829,-3.7934212119934,-5.260373308524516,7.161681190227791,0.9353421040119188,233.17153545,20,201060
US55083R2031,0.0680568389488195,2.600437241276332,5.136532650078,0.0756043934486707,2.801235493754608,-2.966032100927721,-2.161264399579458,264.11638665000004,35,352010
US24703L2025,0.0929736010766502,-0.4621319027882,3.254152066166388,-0.9851861864566276,-5.291795669846387,-3.385216383829716,-1.3163745346230402,282104.6672572,45,452020
US68236H2040,-0.0315266522623441,1.6660867766019527,-6.095477125637499,-1.378290736634117,-4.071390717192514,2.8746565430261675,-0.4793993672015456,4379.5202151,45,452010
KYG596651029,0.0473138416012768,0.1455526532038455,2.370573747064337,1.5288069726350524,-0.0269287285827583,-0.8603836597044952,0.2808858136445401,771.2116125,35,352010
US71535D1063,-0.0038947272268012,0.5451052821093297,-5.514030757085731,-9.834941435287185,-12.486753936856584,0.739061198298961,-1.065262593428994,1478.16103183,35,352030
US7501021056,0.1854054541673828,6.52589441500225,2.0594228980366305,-16.561428663678193,-8.013012848914457,-8.509068983598873,7.289984738218726,372.94608569999997,45,451020
VGG069731120,0.1096219940121304,3.100471442871028,-2.163283451768631,-1.100294562860435,2.572003588640799,5.809927281119393,2.527731022043287,3097.06506342,15,151040
CA66987E2069,0.0203106773062515,3.9789365082706114,-1.864256274482001,-7.130876028268378,-0.6730600535078141,2.373809189359293,2.3438657473679,2560.34643984,15,151040
US92552V1008,0.058236063624845,2.051508101701468,-0.7945699505205917,-1.8389128982321945,-1.92850562104214,1.505987805310729,-1.3828071033146956,9899.84476728,45,452010
US6121601016,0.0828236802062189,-0.5359933687306202,6.424268183747701,3.365477424713454,0.2061877227298501,3.475890451669416,-1.470761736546346,174.41431587999998,20,201060
KYG254571055,0.0152374587944846,4.381790209618625,3.935464332613997,4.08803641258934,1.461425573766141,-4.626983741058275,1.839128912635406,41294.66976919,45,453010
US98138H1014,0.0112915840109228,0.0055418924086326,4.139554826779706,2.412344943791924,-0.1354805711171816,0.3629561246717645,-4.092355691678543,48706.3861145,45,451030
US13463J1016,0.256286373789839,-1.3729215759302926,14.293724821823249,4.524573698912565,2.377807537504097,-1.6551495644827448,-1.1350745744290331,198.95933642,35,352010
US7867001049,0.0338019959779518,1.5384356128650278,1.2614759489292893,-1.3785118807040444,-1.5475037323807834,4.1175933655787,-0.3550219003914749,565.1750354999999,35,352010
CA7142661031,0.0395630604274356,3.021758380732285,-0.9773209326140222,-5.396124801046256,-0.3395479022443822,3.952643400332196,2.2948542215373875,3125.37527276,15,151040
US65250K1051,0.0070221118778681,-0.4012462941213865,3.0992723111012435,3.4293590712301976,-0.2575654097466453,3.292498514013724,-2.5225933288956863,1095.2763081599999,50,502010
US4663671091,-0.0326464836153705,4.12511928000999,-3.0024088772202955,0.6704288931193236,2.57186148033268,1.5891663435853935,0.1340540094368034,320.12810088,25,253010
US88025U1097,0.0831894686527842,2.759459107585032,-6.982878937599258,-6.596981313722131,-2.6982601488347706,3.4354928126474986,0.5530047270682266,7093.078913609999,35,352030
CA98936T2083,0.0172795913031421,0.5553753135055299,2.2253073671578085,2.2312407244137957,1.985117774775344,10.276918642503324,0.0409324644601178,116.20290299,45,451030
US00847G8042,0.1405401797790324,5.099130911781852,4.593680878919888,-0.5845299578462926,7.722195854466959,-7.072937768414022,-5.806874121638633,325.30308915,35,352010
US0869211039,,,,,,,,3020.3387287200003,20,201010
US92214X1063,0.0920856253876531,2.1849176928196803,-1.1307206171639188,0.0618780812487036,2.2108495184343333,9.674727192266603,0.2706482779093441,766.1136432800001,35,351010
US91733P1075,-0.0177592068336108,1.7442643251621637,-6.942995612487262,-1.1122638410055337,-4.861092934913852,9.87597802432367,1.538286630019281,4308.57907298,15,151040
US77313F1066,0.0600221448943246,2.3097139713685637,1.1055675699978469,-5.006792860202929,1.9361460127872925,2.969285345117308,2.4884818443883883,362.04960412,35,352010
US04523Y1055,-0.0013726937408267,-2.101754991448578,1.5410508040922974,0.5688522924193706,-6.779305033052771,3.675875537996778,-1.66527830634889,405.49668452000003,15,151010
US0193301092,0.0928072747749578,0.8254604412589412,0.2843310235495475,-1.172587620252724,-0.030031084142521,3.570850275635722,1.558640559256596,1586.26199825,20,201040
US7731211089,0.0783323839333285,0.1747680628763779,4.229213044213944,2.3463919412656145,-4.020047629712038,5.339311293772797,-3.158482847724973,47679.485457259994,20,201010
US75524W1080,-0.00549502173743,1.25425858245676,-1.7581957727624866,2.931641957610028,-0.3579893394411517,3.276595239477344,0.2355970492802114,242.99695056000004,60,602010
US85209W1099,-0.0249999806989241,0.5122604778944657,1.8042185094013703,3.9675371911801394,1.1629105727286757,1.5600389535640704,-2.7339803596599284,590.17612965,45,451030
US05464C1018,0.0478301395792327,1.06662720917698,5.028854950220872,-0.2640909479579523,2.175726018840824,2.097284141569953,-1.0469254522586944,47595.526947169994,20,201010
US68622P1093,0.0677775879932291,1.3494225553643109,-2.7312384997750305,-6.35796893346642,-0.4948249205977539,4.772555960418026,1.9081480115529184,1221.55669944,35,352010
US8485603067,-0.0117415764209136,-2.765383844607924,-4.233318658327305,4.212977004636034,-5.876408525484893,2.6771595078421155,0.0544457755227845,513.0943384,20,202020
GB00BYW6GV68,0.0347121958598055,1.548460105319572,1.3265021113905542,-1.5063385066832062,0.2186976894050674,5.057778039354251,-0.169967984374129,337.77168192000005,15,151040
US15961R3030,-0.0595807941731138,3.746011497917052,3.0256144768011186,1.262762344171493,2.134988979405565,-0.8580020665651181,0.5421331664095426,147.2924145,20,201040
US5006001011,0.0628689024909101,4.517580705860668,4.099620300734366,2.611821109992836,-1.642903325379927,1.6866690380006673,-0.4863073954860206,905.0575244999999,45,453010
US09263B2079,0.0235986157001381,-0.2641176509282958,0.9488850347087568,4.23747706661649,-3.080811642094692,0.9302498933094396,-2.058850408610651,1146.2904288000002,20,202020
US31188V1008,0.2337981739039957,0.8597580194909256,0.705449711399609,-5.806879596290371,3.902422235716048,-3.239933170619984,2.7643512557058667,4457.63956176,45,451020
US6792951054,0.0197970108513116,-0.8664167588290768,1.4810007774729952,1.5150707878147305,-3.1304824439507057,-0.5383347999361465,-3.031923854772701,25452.298181239996,45,451020
US74624M1027,0.0392364838267427,1.5325857325309822,0.94783936942267,-0.9666309582997864,-1.4514220380008245,3.8998881202729807,-1.0969895864639914,37279.186197920004,45,452020
US8361001071,-0.0404430492384814,3.1786023374884778,5.387358705265076,1.4016296514010351,1.3240198655959974,-1.1827026183848264,-0.0577056998854736,3257.35816707,45,451030
US37637K1088,-0.0248620738134395,0.930812420682895,0.8748871742544515,-0.0488122300268352,-2.752984452520657,2.4404280880087565,-3.05272402271284,7560.508456930001,45,451030
US81762P1021,-0.0375685150890699,-0.1627972756332472,2.7842355317828744,-0.0643201565429626,-2.4517858150481207,-1.0976094272989565,-3.0719106022692624,127954.19668960001,45,451030
US6391931010,,,,,,,,5391.9376718799995,25,253010
US79589L1061,0.0189485695215622,0.1255006729980397,4.19921752017111,0.7718496604737268,0.2044638516730609,-3.1509682733510305,-2.0983929890563915,22161.31521968,45,451030
US04342Y1047,-0.0226285343453478,0.3458807086786605,4.417355528737464,2.8555855950683786,0.2979648654883537,-0.6730198776707561,-3.643426778482907,1230.7201621400002,45,451030
US8986972060,-0.0672868448782507,1.054321616718184,-0.986439197229789,0.3401543146885655,0.3517394413682726,-2.969256655028163,-0.8341121900495105,99.56497277999999,45,451020
US23130Q1076,-0.028785332252599,1.740460854530821,-2.1668852787662827,0.342794513876407,0.259237878140601,3.838868894401137,0.6720156847523294,111.9402526,50,502020
KYG8068L1086,0.0561300934738882,1.8819934943296093,-1.4332134352101846,0.5323195117043804,2.6434220018156838,3.398426420673003,0.3989524933032894,13040.111080080002,25,252010
US18538R1032,-0.0023232794423031,0.653428022516291,0.3065241006278744,1.485043038970508,1.036444470913514,-0.4981706517933403,-1.719818720422457,331.72900138,15,151050
US12634H2004,0.1259280240896028,-0.3873080468569032,6.651924046148582,6.205417668452059,4.82065477607029,0.8141014994576983,-0.269958021535865,170.02831662,45,452020
US26622P1075,-0.0555135050574586,-0.8281035710714961,3.187790905794432,4.27516446929673,0.9628210797364116,0.8437581538404035,-1.4915048120082637,4325.453240759999,35,351030
US00091E1091,0.1469171316677615,-1.4946350633129115,7.597502591377335,2.944946727099888,-2.9888002969103358,-2.686679737363733,0.4608210575665705,1333.9474995,35,352010
US25400Q1058,-0.0220909627332855,1.9971646328433064,4.510438634562106,3.5554568292853084,4.215147752181034,-0.909969833380284,-2.734341900850173,1105.06557907,50,502030
US1271903049,0.0239462586756779,0.7764125739452042,-3.2049809892648167,-4.112017938516106,-2.7797861991823622,5.22816719290432,-0.7040747560811362,14601.98659422,20,202020
US83193G1076,0.046548575514472,-0.5481263032044008,1.1012216793108969,0.4995512054838487,-0.0350410001659911,4.674763029241635,-0.6438085217101427,264.30617655,45,452030
US0942351083,0.0017891123665842,1.091752397081612,-0.3925230586624777,-0.531907485338144,-1.7561126767750317,0.932797041090147,-0.1710257118308107,882.8212857,25,253010
US4884452065,0.0328786983139765,-1.188854501903353,1.5313302157934177,1.8148470909179557,-0.8760851077543892,2.1882031328397424,1.3330206437434895,654.4014644599999,35,352020
US1248051021,0.0561077137061445,2.2578120814930824,7.541337663056604,4.500788797773241,5.462340447318281,-3.188163354886232,-5.451179855347216,2809.8786826200003,20,202020
US90184D1000,0.1502318506771602,1.3654968757621244,-0.7966016745223516,-0.4812598295292987,1.1894823484346313,4.347733958178446,3.0587703772234485,7693.56148438,35,352010
KYG037AX1015,0.0006347586497724,3.08543157727276,3.6925916722662686,2.094366141675219,3.2584302510256875,-3.119705064585091,-1.8817002257696556,3413.38453905,45,453010
US50105F1057,0.0298800012849639,0.296717303709991,-3.182399211679265,-0.4652941196512583,-0.4282490805300897,5.389347825876988,1.062166706128029,182.60574768,15,151010
US68236X1000,0.1160576431884647,-1.1211466353142048,8.202162840271331,2.320063791695929,-0.4019719148129328,0.3050024121793457,-1.2170219217231932,404.51765112,35,351020
US57164Y1073,0.0867472987853071,0.1203291563487599,3.076105419736324,1.353848637060412,2.168775280590158,2.338337796898322,0.8477753592694199,3803.28142527,25,253010
US87288V1017,-0.0414044691165152,0.1631485654981419,-1.066293086765408,1.3370938678508897,-1.976451428850692,0.1709120293469297,1.5961105686300243,221.40710640000003,45,451020
CA6544846091,-0.0160536539117651,1.0869476409959933,1.5194691485005838,1.5031494263445306,-1.1252869644723538,-0.4267208435425307,-0.0270093345197326,695.70558645,15,151040
IL0011407140,0.0372092211127927,3.70451968804856,-2.404203011519808,-3.2489254220260584,-0.3823474673720402,-1.0404561399952228,1.2709979157749265,2132.18150518,35,352010
US64110D1046,0.0252490831248205,-0.1931823513471422,1.562204040868071,0.2084826269829325,-3.2415722927402486,-1.572168779344078,-2.7075043805633987,40442.67051084,45,452020
US7404441047,0.0763132682925963,0.2210153713417784,-0.6547901994440293,1.4655843002099624,0.1224230722415293,3.3967576661963617,1.1317411389297167,1099.29973104,20,201040
US67079U3068,0.1409187329267604,-0.737554808222848,7.4661907255485715,5.478610970516199,1.8760873459913048,2.276554139471438,-1.651574578508992,772.9218259,35,351020
US74065P1012,0.2381112697861013,2.3333533846206,10.024669372994651,5.817687884442508,9.470963062081363,-4.322023371336634,2.032636313665765,182.75563169999998,35,352010
US94419L1017,0.0282371734503576,-0.4757749991247049,0.1966401238801672,0.900801690312914,-0.976285931568537,1.3949765843441415,0.4563866055026172,12738.1773057,25,255040
US10576N1028,0.0667803000263655,-1.526647895868227,8.596209509733146,6.356237095349729,2.7835122861692136,-4.506613693677412,-3.739838533598128,2832.90836787,45,451030
US3493811034,,,,,,,,6727.96818845,40,402020
US1630721017,0.0869628996779368,2.2735179275995314,0.0083718299769968,0.0012724023333916,3.458235776690345,3.3277527751303784,0.2338345753094235,5183.616847079999,25,253010
US83422E2046,0.0650259120454873,-1.3139461787476636,-0.1011366867455092,3.518031756016123,1.5055115943169932,1.5367784631378014,1.4690063448295154,829.38944955,35,352010
US09227Q1004,0.0478819273024276,2.258802692081092,5.682196665954703,2.027203975438423,5.584663914409975,0.5299518622398396,-2.850473295055166,1600.5529225,45,451030
US7995661045,0.0241682734136184,2.364167379748581,2.5616969421548355,-2.708209059024,-0.7230438265808465,2.0668296967377056,0.5084177283364129,968.7166532800001,35,352010
US50180M1080,,,,,,,,1495.84927266,35,352020
US78573M1045,0.0554530392921736,-1.7074642249969334,4.591991447987201,4.124680341118457,1.1087524431680225,-1.1585249466555445,0.1202671360238755,835.93951168,25,253010
US75734B1008,-0.0337728937776528,1.064576890524697,1.5395063708701184,3.1485415510768746,0.2362271677149299,0.9080566008967216,-0.3608507541742347,31933.15328768,50,502030
US63010H1086,-0.0619086331552994,1.389081761315904,1.195617225428733,-0.8749597435508393,-3.1290249256167693,2.3223754520502053,-0.0704832202380277,686.5102659300001,20,201040
US51819L1070,0.0202249258877401,1.708770692853681,-0.9462196733474596,-1.1755562840150175,1.4697170312587726,5.39794778988637,2.439455103237833,705.63666981,25,252020
US00217D1000,0.0357843004640981,-1.4397062938527203,-2.736643389919899,-3.372297976209613,-8.840899154096455,8.6811388354243,-2.6464382517669174,22298.35267924,50,501010
US78781J1097,0.0043734687100875,0.7769292821689706,4.734364634485537,1.2548580531933071,-1.7475318661027428,-0.8124121591064872,-4.67964165471302,1206.74817228,45,451030
US92556W1045,,,,,,,,1374.2406399200001,45,451030
US3499321038,-0.0851629880322294,-2.1521894667890304,3.778234953411462,9.096244624881834,0.2517947362734807,-4.732231240272482,-1.529484682856697,,45,452030
US46222L1089,-0.0616762119892414,2.014281407961807,1.7313877900580832,2.542104282333365,-4.430622258324215,-2.586953060676356,-0.1076729529813779,18048.04059576,45,453010
US21077F1003,0.0116577695117362,4.555793317112897,-0.006212854247537,0.046351137962326,3.4131510786014765,4.354578535534975,0.7849606924347384,438.28736699999996,15,151040
US4576693075,0.017351833947572,0.1210770504137426,1.5897861828080746,-2.984407964366063,-1.4095505217166568,1.126734261834999,-0.2445333799999409,26688.73783296,35,352010
US98386P1021,,,,,,,,4263.49879808,20,201040
US5627501092,0.0095471130112908,1.4745001442467771,2.938640219286308,2.7487133088580107,2.992405059058478,-1.8316991251966177,-2.5622099951324318,11338.535499279998,45,451030
US00289Y2063,-0.0178822407152693,2.685952888196665,0.0864915558618637,0.9038123205239336,2.722702483335505,-0.5759359798800896,-0.2063631062063713,291.94712175,35,352010
US0352551081,0.1250627547386969,2.536752976775936,2.10906157588659,-3.3147581348954,3.775718731195037,-0.7259574022305701,1.4061795743675307,276.24468159,35,352010
US00509G2093,0.0868179332785575,2.6925678520888825,0.4871141102961469,-5.5357226639695405,-1.2642469983623976,5.6858754190208405,1.3424778676283535,170.24590828,35,352010
US65443P1021,0.0160979487676917,0.9916161086318316,-1.5300563750752625,-1.1924493434777164,-2.192739918781803,2.94897375392392,1.3804566971961705,379.41743875,45,452030
US4859241048,0.0663703793891123,-0.7529291931511893,0.0734772633038178,-0.5585386545994202,-1.2275218103308037,7.095994568533167,-1.301205320890121,2922.85286127,20,201010
US1275372076,-0.024779876819597,-0.5366056638382039,-0.2005965613496537,-1.337808115094398,-3.6415524997918207,0.7874154350584746,-0.4836887213297205,195.03965272,55,551040
US7141572039,0.0958201640162697,2.9007989950824427,1.8195665643231853,-1.0413257254004178,3.900726288994528,3.3538323933398964,-0.3682806543733306,341.9002124,20,202010
US8190471016,0.0214996616762142,3.296493079735728,1.2105223881333864,0.1320491237024449,4.966002638723376,3.22103180986827,1.2557944243275387,3047.4026448699997,25,253010
US3893751061,0.0320525034855896,2.734365939911097,0.8117642518301659,1.2293714654744496,5.137853432305014,2.591452256322958,1.3348692988789388,505.6721971199999,50,502010
US57060D1081,0.0484983966714924,2.640779446278964,2.605497982715597,0.1820075927109969,5.246941883952664,-0.1472251331909976,-1.518644194035088,5594.3500743,40,402030
CA28620K1066,0.0430530007467168,1.5424748908128276,-3.988552734387941,-1.5340332743291447,-0.2317847608410295,8.53910573075055,1.0906554455768998,731.76808315,15,151040
US92557A1016,0.0031556607399679,-0.5623032601259923,-1.6371826261621052,-0.3731692421943484,-2.431242018108314,1.6844177721521596,-1.7226266297754669,810.6192232,45,451030
US35834F1049,0.0797889994809464,-3.14006886993974,-1.3800695340502005,-3.4537374702856685,-13.48979334465923,4.706065091555791,-3.2669872012174515,1062.98613367,45,453010
US9224751084,0.0198501736198667,-0.1644206662006787,3.0690967786606023,1.1582874576223003,0.3116988482361151,1.1378644993961935,-2.038500824369657,36184.90810965001,35,351030
US85256A1097,0.0214431253252132,-0.8561602273127542,-3.263190142435679,2.503488728777223,-0.4587766494073216,0.5384443598476758,-1.202162231811294,2144.9501805,50,502010
US03945R1023,0.0075764536993206,1.94701886845388,3.759912781504611,-1.1241338054105183,-0.9674191688533648,4.906634804939898,-1.2295402143499308,4115.25806586,20,201010
US25056L1035,0.0750799321632137,0.6382334814379208,-2.873254231835221,-0.2540507994835466,0.4403358809182571,0.8226049773547498,2.063052235516825,561.1853960300001,35,352010
US00246W1036,0.358314092927105,-0.8747269468268275,2.998030005826411,-5.037722507616236,-3.573332430868677,-4.6926123596914335,2.348153255173685,5010.1038662500005,45,453010
US21873S1087,0.0453824294837807,0.911835723292134,2.888037054501865,4.634795885951327,1.3615004813281573,6.207991264296622,1.2186745163281738,48288.05606112,45,451020
US14167L1035,0.1103471485969863,2.399808993556074,0.5539907015766814,1.6322738467622755,3.235800225812877,-1.247350417807767,-1.631535214285238,2263.5609696,35,352010
US39813G1094,-0.0066237786771429,1.4063728300415614,2.4328487283254683,-0.5298135370907032,-1.3497908666033445,0.6847157575444359,-3.598564931120502,488.84197610999996,45,451020
US7006661000,0.0736425175642095,1.3329356207053855,-0.9750193302234108,-0.6977294430360097,0.5009033003831973,2.3701400788311617,1.2877056835389673,477.3214348699999,20,201060
US29970N1046,-0.0492516652552397,1.058693946493757,1.3339797664117168,0.4872316471052518,-2.3091508782185524,2.0249173969250247,-2.2113432019623858,134.74820627999998,20,201010
US1096411004,0.0200244954328329,1.6304521219600534,-5.363134174128133,-1.8637370444599204,0.2069367284394894,2.241320905228673,-0.3388217650874546,10006.23512544,25,253010
US45257U1088,0.0913816725611906,1.6254094404460329,0.8673045934538077,-0.7812042570977868,-0.2638669763977585,1.5278949579309422,-1.124222539808086,2555.33203443,35,352010
US9092143067,-0.0816137758379615,0.7881472419414115,0.6097321577811717,1.8416204932543827,-3.874286068475965,-0.988536705465082,-0.9777323840430692,194.38055108,45,451020
US09581B1035,-0.0315238357626931,1.1341241594981537,0.9245047927862644,1.3848190481299478,0.2256107131319388,2.1380131599981502,-2.6704819661126606,18809.4905586,40,402030
US91388P1057,0.0564723309872769,-0.2741551921707168,1.3192257381626418,5.121587866844662,4.995330161958542,4.971344046506005,1.450340520332294,128.97636088000002,20,203040
US98585N1063,-0.0278902141782638,1.6824078328338783,0.6365219542977396,-0.5527959387296222,0.3818939323568643,1.7211035538885062,-1.9719862578871927,487.61461197,45,451030
US55287L1017,0.1062292575082807,1.3613516843560634,-5.933594376732913,-3.955573427021111,-1.682344855788664,-0.1367800144287191,1.0150307842743065,2227.2533059800003,35,352020
US92790C1045,0.0033129747429313,-1.8382097995905,-5.0857289512416965,-6.586855306681659,-7.77198932035424,3.348202146473892,-2.490837413458684,2452.1130888899997,35,352010
US6323071042,0.0316225142805482,1.0349778258758895,-1.2328743251138323,-2.0269892712134894,-1.651753869572335,1.2754208503968685,-0.1349358823691393,43027.4282354,35,352010
US89680M1018,0.0325752012503292,2.6426666383441564,0.0188455237807287,-0.8367501973546791,3.543499087569195,-0.3089835278253028,2.0313807236117465,161.1567595,35,352010
US98980F1049,0.0039007960329551,0.9187344360092172,5.863468734106988,4.47324929914699,5.394929148733576,0.9379481458309348,-1.4866244441373884,1019.451825,50,502030
US1921085049,0.039525333971641,3.230619271828148,-0.742658719178641,-2.8117409546343355,0.7718130888544807,3.279006184809905,1.910993600261428,19138.170403649998,15,151040
US29362U1043,0.0862344974603523,1.864933765799724,-2.2321305350501617,0.9149371046875155,2.2145967821127166,7.839855699850074,3.825884593991971,24449.43349176,45,453010
US2829141009,0.0052844702556164,3.166510902207417,1.3131677011650948,-0.7948819189907526,2.3994050547612584,-1.2993125772144358,0.5640991294127348,293.61053943,45,451030
US8036071004,0.0429773074903011,-1.8396276556883115,4.578728459763095,2.333418203635052,-0.2815536924230986,0.5435090521984574,-1.081484288304681,1808.26787885,35,352010
US1598641074,0.0758625632643329,0.4901607184191482,1.5444046057618537,0.2304188899694568,0.4634420979064164,3.707155772339061,-0.9698471570743044,13246.927810230001,35,352030
US88023B1035,-0.0393394291531742,1.2257294392741684,0.6082722556461319,-0.2349874021065671,-0.5348728785054938,1.703680467110877,1.626953590562255,5334.44211964,35,352030
US46578C1080,0.0098995564038323,3.3021778071945165,2.032790858481401,-1.0735006052009275,0.2007677250692701,0.9496567074902812,-0.3437200331354784,1060.75089835,15,151040
US22788C1053,0.0081481544090756,-0.1673275919847364,1.3328764766346848,0.9609915280106688,-4.481018053635327,-2.22470291338568,-2.518794173640629,217484.8783821,45,451030
US17306X1028,0.0584620061986277,2.41473117897272,-2.8339430472674687,-3.264583984403281,0.9739396277434574,1.2226446381500005,1.6407572941946031,546.3237551399999,25,255040
US44862P2083,0.2514290927796708,3.5895633878541897,-3.756181443142799,-3.760788745611517,1.5710371407573538,11.535734169179443,1.3875871540771056,1945.13405805,15,151040
US12468P1049,-0.0516958109031194,-0.3603245049974089,4.018975680150603,3.3346760856494813,-1.0901046911160766,-1.785517545340158,-2.719379246355045,1420.7324695599998,45,451030
US5635714059,0.1156689899896613,2.237881110271897,0.1116095205479412,-0.984424204016868,2.8181055283153125,6.6881976959419465,1.7137290032979056,717.26003584,20,201060
US15687V1098,0.0071352576107845,1.751260531886888,3.3561943807033856,2.4801613251219385,3.392045053797906,-0.2448217472591182,-2.107670027596497,915.6876756300001,35,351030
US71944F1066,-0.0479081272825539,0.269023002511246,1.4251527780688082,-0.880284702559809,0.1337098369553668,1.8267276330329587,-1.1321906300892928,720.8196876999999,35,351030
US00760J1088,0.1716604920133559,9.730806917488088,2.6684230609811133,8.945616348774793,11.424510209895628,-0.3136114800919696,7.543095942010108,4084.28239022,45,453010
US04626A1034,-0.0072441599653154,1.7894208498626802,3.0351710738012003,7.678083427535041,0.3456656073405817,-4.609507728452712,0.7398552460945318,48170.7913216,45,453010
US04035M1027,0.032686856852056,1.146900475873021,2.0530381522400623,2.764678155173116,3.095126099703034,4.556109827941752,0.5079557067243022,1314.08141304,25,255040
US72703X1063,0.1276753965419975,-3.0471860550846284,2.60429842447311,5.371857472003521,-4.137188213413474,0.6063221366663001,-2.1131248152239985,8408.31471909,20,202020
US34988V1061,0.0795613122102518,3.5023101638645144,-1.5893920120025968,-1.2484507473595188,4.444371720607629,0.8940817083353982,1.2297778512169462,300.2181246,25,252030
US31846B1089,0.017349659729626,0.1391804391890265,0.7692902355805358,2.840610590964116,0.4166140127744258,-0.2639180707221782,-1.6633954001285909,1679.3138351999999,20,202020
US03214Q1085,0.0243475215802712,-2.956871872528633,-2.9027297769663427,2.1221734540561785,-5.956312240368272,0.5595639098160352,0.8401553496764003,1527.77222988,20,201040
US1468691027,-0.0015779430695476,2.1145431167036555,0.1346713581104233,3.6679205785101017,2.8855982301426195,1.1227264638626488,-0.4038572749495466,80757.92054897,25,255040
CA7847301032,0.0480958151789784,2.297822762843667,-0.3243105686194438,-2.4534381557437737,0.8453946085833524,1.467114950881124,2.671524559447318,6597.84455548,15,151040
IE00BGH1M568,0.0021729199257919,2.586909079450188,2.863186774874608,1.9631086054517777,3.521780836381245,5.702896340998101,0.0832834903067883,1802.70447235,35,352020
US80517M1099,-0.0236292053732163,1.8689335641268552,-2.303156148728371,2.3149500097898,2.056513393430044,2.11164682170933,1.08765735565632,1643.33733564,25,255030
US35104E1001,0.0326723300511807,-0.2775743558598359,-1.7076389483815595,-4.533937966113923,-4.660032698883402,-0.0333596376467716,1.7444789790217483,647.28273339,35,352010
US81764X1037,0.0246690472206939,1.0590989284690528,5.083080664510615,2.790815095967916,2.726899956036376,-0.5348926360126782,-2.523600199235106,7692.85602148,45,451030
US74587B1017,0.1602861546685641,0.5684395781185692,5.027201006053851,1.8631677887910123,4.097790000339375,0.0996450524016943,0.3034886695320491,826.2241504799999,35,351010
US5949181045,-0.0024617364923863,1.7925623767971175,2.790061420887884,1.6556947716610568,1.6813549869938171,-1.48855261984494,-1.9368839371159243,3675693.1804839997,45,451030
US6974351057,0.0318015534670341,-0.2345246279462023,2.095011387502719,1.955196437483703,-2.843527914210159,-0.8083512809374098,-2.1383724581413057,309839.62212,45,451030
US82982T1060,0.0791588215070905,3.3920623583960525,2.54693559015199,4.15306352826791,2.5344587169894828,0.4438876623960873,1.784133441871836,17504.209129109997,45,453010
US5322578056,0.0967949367827092,2.388866655046878,3.12270992818888,5.084104258160007,1.920382356315648,2.4163682858950186,1.3934413282145313,992.61546711,45,452030
US35905A1097,0.0728547931402448,1.6478393704568095,2.5494987111839964,0.5254885901756102,2.96759860919438,2.956500799200464,1.590209721748532,5923.964781199999,25,253020
US81663L2007,-0.0188831741564128,2.25946249937135,1.196329682788758,-0.881941443995561,1.7956418646012433,0.1071222283462216,1.30459332821205,2030.06308572,35,351020
US45258H1068,0.2213728276844378,1.4975970414880198,4.662476726392419,-4.546457591410091,0.6883665441592187,2.5750154115467185,1.9465572930851955,646.980876,35,352010
US9115491030,0.0284361020324326,0.2454546214009578,1.5417722344675795,-1.4414854138189157,-1.3480931335982045,0.5823404913073527,2.109765640699802,518.0755215199999,15,151040
US81642T2096,0.225685875803042,-0.7736041673146421,-1.1281595162860203,-1.994458842660308,-4.294027828539753,9.477305409447526,-0.2471736820521697,2572.28602638,35,352010
US15117B2025,0.0763902656880626,0.7673865640154094,2.392003862061435,0.1897685949263801,2.230996186505401,-1.668067790392313,1.0432215512240466,3282.93804188,35,352010
US04317A1079,0.1870282588814079,6.637090614201039,7.834682632018705,2.6619083999312574,10.192261605040532,-3.843100453448998,4.78409469102223,414.11192976999996,35,352010
US8887871080,0.0217434815460993,1.2093253433826037,3.676612652871021,2.898603387778668,4.024133521720001,0.2689038290034323,-1.2726983976685284,18266.54216856,40,402010
US31816X1063,-0.0096408972995281,-0.481748855614766,1.8982033973780896,8.984664662689797,1.353113274012816,3.9633415616939383,-1.6328569242291209,3474.08905116,20,201010
US09681N1063,,,,,,,,579.1051734,25,255040
US7069151055,0.0174402050315903,3.291732020015197,0.0671241791065644,3.420355921928365,-1.081869891841083,-1.7514404262065766,1.534234022072418,3195.3190785600004,45,453010
US98420X2027,0.0602435727873405,-1.4453348130085093,6.165339572100708,3.4912356378720366,1.4172149145141546,-1.371606583827684,-1.8715748180208656,386.57691439999996,35,352010
US48563L1017,0.1083663506775611,-0.0704488823280156,2.1950539286055366,2.4171144918399845,3.2915714321463514,1.8539973026667291,-0.7437619270804836,323.21038245,20,201070
US40171V1008,0.0159069382903629,0.4309856034059702,5.518592619694482,1.0614854044861832,1.1612673419543895,-2.6751851342961084,-2.7028591383842,14559.97779672,45,451030
US2183521028,0.0607177671121276,-0.3688648279631595,7.675174526973503,5.906448078840608,1.516500934265719,-9.099280390797636,-3.2177091614477984,10950.04252644,35,352020
US60770K1079,0.1316097008240414,0.208116405600118,-3.321038917578188,-2.2423927920457656,0.8289729727496549,7.469490234300381,3.602796977218401,23442.16154715,35,352010
US83406F1021,-0.0472697950702209,0.9220316125663268,1.7154927591387534,1.7431345976823596,-0.1330719760608619,-0.9096082142032867,-0.2834237497821735,22802.55516837,40,402020
US00165C3025,-0.0338573513966967,4.12513571802709,2.7685627097949626,4.982490816038045,4.9780339980413935,-6.945177638164445,0.5701209084771119,2219.9150740400005,50,502020
US3168411052,-0.0280975296407827,2.151499279114438,4.967178050551159,-1.8308649955807117,0.4835723613674606,0.4577851908239023,-3.497237648998897,13291.4909617,45,451030
US30260D1037,0.1327407069166922,2.4108334737415724,1.0064419856740665,-2.8593578986425787,3.641385015003591,3.197493664762714,2.365234034133439,2309.478765,25,252030
US26818M1080,0.0791110264468565,-0.2994437134906331,5.346648154816516,-1.7140037059080002,-1.7940670800689715,-3.640741787998104,-2.206256288543293,4677.4517511,35,352010
US30233G2093,0.0602631318991944,2.394755061667457,3.3345330397370665,-0.6587610849479106,2.896165185261947,0.2166390643857725,1.3315849291478523,1202.78522343,35,352020
US4330001060,-0.0113178004432434,-2.310401577554792,6.183197084942172,13.188047133630471,3.992835464152612,-7.907162709911395,0.6260222017946098,5578.20485822,35,351020
US7433121008,0.0052310907111619,2.4825942895655824,0.2462650119416592,-2.5795910923286964,0.2553563552327023,2.50449595417013,-1.326073742547801,1763.896489,45,451030
US12510Q1004,0.0330411090426077,-0.8796970599244817,3.316267651198419,2.9795397553247858,2.1274886717899038,2.593140454743554,-2.5409675099181666,3236.40947679,45,451030
US55087P1049,-0.0032590466525801,0.2099646433388743,2.4012645520806024,2.885356152869181,0.5481045076855908,-2.625359437238364,-1.2100815945060248,6350.074164639999,20,203040
US80810D1037,0.0076661019353925,-0.6001016692783192,4.556356125829873,2.097690016159813,-0.8044996364929637,-0.0632426702972432,-1.183654683043977,1281.09735132,35,351030
US22658D1000,0.0389611720353846,0.9613900610211966,3.3467331875344977,3.619407454652981,3.683689101229728,1.5235158433937224,0.2740417434191909,1063.8000604800002,25,252010
US35909R1086,-0.031408394572735,0.4993947888163375,-4.4444681214278905,-0.9250066826686636,-3.491824782375636,0.5827633723802531,0.7350876168498386,376.2639027,20,203020
US76680R2067,0.1237897476414987,3.0291735814080623,4.739225148104885,-0.3281764058517074,4.974548735652261,-1.6576514064345094,-1.1657582947850549,5319.16223727,45,451030
US45685K1025,0.0644507614308886,-0.3456868581641181,2.926337307752039,1.926451826321728,2.300610152797087,2.656118549282334,0.9028561952417974,228.88826304,35,351020
CA0203987072,0.1670965542784542,3.570072461702172,1.964305179085472,-1.7213118445534357,3.2217355194501938,3.925347709907481,4.671685107632944,3343.6431826000003,15,151040
US24661P8077,0.0685739490870469,0.124074585999096,1.6753784309504902,3.481071489446888,2.243778284891769,3.555023983933503,0.3604949127594724,580.51,35,351010
US00510N1028,0.0213730820228207,2.1496507553736293,3.0278503677481767,3.7662697432692505,3.3301112057549678,3.5931281126001693,1.0196402195575014,1781.3345720399998,20,202020
US46125A1007,0.0926925785380971,-0.4232214194133832,1.541320573579899,4.130345061850626,-4.773255402501706,7.123990347143532,-2.135321257519028,4062.74910769,20,201010
US09175A2069,-0.0489109323270085,1.105871444490492,4.88715171661168,4.880791952064133,3.0388408928144166,-2.5371858262733635,-2.445878071671697,10821.84956782,45,451030
US90291C2017,0.0414366765497291,2.7481985628823056,3.091151385254375,-0.3368868482285054,2.742516332604524,0.1848210127442235,1.2290199573481306,216.77948776,15,151040
US00032Q1040,0.076965690572474,2.183883629078218,1.8503196435280964,-1.83904377963783,0.1789606271217481,0.3610780795218736,1.1749651380395136,209.87942551999998,35,352010
US01644J1088,-0.0229135416684442,0.3951217053417813,0.2151265310005344,2.730560054406358,0.4063441078500861,1.248560186005471,-2.033590261541636,1445.7267747,45,451030
US74017N1054,0.0553221305243327,0.1714171549136631,1.1426342296499812,1.1889981063605046,1.4131637378957644,1.6568923070501416,-0.063108398471175,1960.3630079800002,35,352010
CH0499880968,-0.0968032904951433,2.3128292003672746,-0.7450960642747305,-4.125977478662945,-2.339303928026051,-2.251065686054285,-0.4822262557546464,93.40220190000001,35,352010
US73931J1097,-0.0690434345392828,0.7247846279139173,0.866677989136162,2.4525653081072525,-0.6128050377086691,-2.6916976673185333,-1.6588720117449276,385.40732416000003,45,452030
US4834671061,0.004176895934684,0.4271513771225793,0.8531629740202593,0.6126100334137672,-0.9822563817698066,2.973222695885115,-2.099159089064108,151.82035764,45,451030
US03237H1014,0.0553600504093726,1.6263513737909283,-1.317342704596827,0.6302924832227083,1.522259724304413,-2.038326989209196,2.001230588214221,2067.2822711999997,35,352020
US5533681012,-0.0370192906551998,1.2968804206708209,-3.629776621226718,-1.4702514848868515,-2.0656875679577174,6.085888346730277,1.3569709748710783,8495.61413661,15,151040
US74275K1088,0.0263790104718588,0.967843047042149,4.903646345872864,1.8481823327612483,3.026159719178425,-2.533227106238693,-2.34901852371127,8258.619982780001,45,451030
US08205P2092,0.0211773386464229,0.4993899107973831,4.451936115980848,2.442203972243674,1.880241638452704,-0.3573018137749768,0.1442280247432481,416.83716352,35,352010
US2220702037,-0.007615994964253,2.8940088879168533,2.11601422268441,1.9773262267748324,3.835954887985028,0.7968125927923271,-2.1324418894076507,991.1602567,30,303020
US12529R1077,0.0035132250466774,1.9792945092408516,-1.91952441910764,-6.068576773586086,-4.292280503864831,0.0768210085242092,2.0114307700784413,431.46468961,35,352010
US0090661010,0.0790479852097353,1.2768214943375449,3.431744430917094,1.9632414956557165,3.7059132939054296,2.5504065804664457,0.1917822820578593,109418.6043374,25,253010
US04963C2098,0.056728636702366,0.68060530000866,2.4242860400886785,1.930316669843818,2.636495521957675,1.8203487071789644,-1.944862960955464,2175.74655224,35,351010
US45867G1013,0.0511456877259491,2.53520694341971,2.128658152605656,0.3589749339096139,4.072502093350436,-0.4941177031363796,1.6959836303133793,8744.97933946,45,451030
US00215F1075,0.0366448571726332,1.325117716640831,-6.161660906242297,-4.170759737301818,-1.6914811696261254,4.798420535067007,1.6105754738704172,331.08856555999995,50,501010
US74168J1016,-0.004271947498416,1.42962809881146,0.6405689600048133,-0.892659230976393,0.0308315710778718,-0.1310841144204642,2.4712781375896324,425.40284710000003,35,352010
KYG961151035,-0.0022747009380879,1.3950917318157037,-0.6676793403829784,-2.131539267777585,-7.8450269652508435,1.662453408463147,1.908532724507381,326.31161879999996,45,451020
CA8274271052,,,,,,,,205.37765331,15,151040
GG00BMF1JR16,-0.0199299974206174,0.8958957753450314,2.556430829729141,2.10895978471388,-0.118437854328176,2.4906899662615025,-2.6843657754929118,2050.1509194,25,253010
US6988841036,-0.0522218917036898,0.5127282558805728,3.195694118891776,3.51659926040657,1.3444023458966454,1.4002784102643435,-2.204912274441264,770.6500947200001,45,451030
US4227041062,0.0548354593065373,2.091618210427746,-2.9868877655817263,-3.5872340837010794,-1.6242114643304806,4.088006490305662,0.8397359155753692,11560.13479374,15,151040
CA2926717083,0.0330362852127483,0.6373352248086981,-2.1910715534243503,-1.2381351193584662,-2.4952065672165302,7.004641396334182,1.594300271802875,3684.7903225000005,10,101020
US68170A1088,0.0015723292545845,-0.1365986301262894,2.3141445355538317,2.197940924453891,-0.8813254822013336,1.0515657493748942,-0.3894339213826979,1218.4408443000002,35,351020
US4333131039,0.0708435371261883,1.5507275863240113,3.342825270886149,-0.2166345060124619,1.9421675606675413,-0.4996087166060965,1.6476259888906524,6901.73706838,35,351020
US64135M1053,0.1424670523873621,2.5934880779485,9.550802313554325,-3.5960273127258624,1.5752232654634477,-2.3547779734548926,1.259274053188241,655.4690889300001,35,352010
US30052C1071,0.0115243776883918,1.069650804886691,2.5606481856441583,1.3402684852373596,-0.2809720211132613,0.9183209849154016,-0.0216211625850362,466.12343544,35,352020
US46269C1027,0.0567584273637509,1.4687101035808836,0.0873652581634365,0.6034445465206968,0.5125489756847619,0.3488442901548114,0.1521211745410826,4660.24498836,50,501010
US20464U1007,0.0051001817815833,1.724618414383707,-6.8324965433920894,-2.451330062919726,-1.4233079005364375,5.469520837623478,0.964421404605095,8925.60218935,60,602010
US02361E1082,-0.0305508287498072,-0.1059783059169833,-0.8111073429548423,-1.982044036298344,-5.53699710864683,2.1432646242434554,-0.247816379134409,1356.5791068499998,20,201030
US25809K1051,0.0499177068604916,1.1251329987365462,5.977477380876293,4.953625056723026,5.058022078447282,0.7765874258552841,-0.4739953509769564,93136.76590869999,25,253010
US91680M1071,-0.067795197905182,0.9356051024923048,1.8445918999852624,5.311866128432807,2.367591121951841,0.8626773832587208,-0.053658869630076,2590.23822191,40,402020
US9182841000,0.0334800593855495,1.4204419067774805,-3.531328757629766,-3.3603643492775364,-1.3233352632027104,6.5269422860508906,1.8102662954816,6584.875154220001,20,201010
US29082K1051,0.0353344408015457,2.056936008335142,3.323820362385734,1.6409328466400377,6.467965995862892,4.8825266062776285,1.0828834087600367,287.03379263999994,35,351010
US02451V3096,-0.0136004620364133,0.8747472282719243,2.878380030088514,1.39223357078175,-2.4735874969904037,-0.3594467255883045,0.3855139901752079,323.32032422000003,15,151040
US98139A1051,0.003313168103158,0.1644766773183387,1.102654981818065,0.559168545742968,0.2948057145148954,0.7850689214465361,-2.2359461608212303,3675.8998391,45,451030
IM00BLCY1J27,-0.0279630641870427,3.60940377253063,-0.0908847306158435,3.3716006738398985,1.9804002727228,3.2974772535428656,1.1999255446497583,132.73460207,15,151040
US61023L2079,0.0974049549759606,-2.072400057970901,4.8420438202478255,2.6528007378469938,-3.0155087628006445,-9.289602928335176,-1.3369655145257304,496.51490356000005,35,352010
US08975B1098,-0.0975293828022166,0.5385245005674991,0.2578716185273841,0.4938820974664185,-4.861957850461533,-0.8333158592045733,-1.2567479667305554,1542.0631455000002,45,451020
US05368V1061,0.0484764035145999,1.4894947488181356,-1.599776617384733,-1.7055275244943835,1.3327396995167893,6.205085798750565,1.474870003886044,4215.77622696,15,151010
US05348Y1055,,,,,,,,1651.7457868699998,35,352020
US76010Y2028,0.0637392128726247,1.70036874299394,5.142898244995508,5.1596576376783405,6.787293688326871,2.221032077381415,-2.5301289650805185,96.15654672000001,25,255040
US20454B1044,-0.0464629279449726,1.3924760161573415,-8.814294178165456,-4.266856273295725,-1.554002840296694,4.398399431245165,1.6272899368935103,255.13904240000002,35,352010
US1143401024,-0.0075733447692286,2.7758111192825417,-2.959698135330229,0.1431468805853155,0.910286845886778,3.8507903913824366,-0.0646170122318872,1437.06134664,35,352030
US7504911022,0.0015690596527881,1.4701903633765971,-1.0872200167475352,-1.8808495313254872,-0.0522784226098522,2.041153966223578,0.382902660569155,5190.95984582,35,351020
US1924461023,0.0013190132988316,0.9752204404658312,1.2362591827395513,-0.118666403673888,0.1401320686532816,0.8459305189837854,-4.02229566187104,26454.122088819997,45,451020
US6516391066,0.0476941038706257,2.6334291021806533,-0.8972367938220354,-0.931728033313681,1.7982764473842372,3.55940171678139,1.1150081986688438,123770.60767520001,15,151040
CA9279263037,0.0255442467840214,2.8109494266124875,-2.9490191094160942,-1.9313074323863388,-1.2230530221671692,1.5403229357341437,2.521237783313566,301.22022400000003,15,151040
US5766901012,0.0784666068918188,1.3621339934416803,-1.6772612032215504,-0.2626825483535051,0.1103617708802153,3.964905780618375,3.1845285977858344,5792.108330579999,15,151040
US79957L1008,0.0576073127279314,1.7497826841776831,5.57199255331386,3.5970244135969205,4.408747701645046,0.0068234820719215,-2.672504168650498,108.03352115999999,35,351010
US63947X1019,-0.0013585090620933,1.8414232866888904,4.35177527976231,4.3365136546615695,4.26350231394192,0.1407147403342777,-1.715971690725672,2197.2210844,45,451030
US3580101067,0.1941319812258083,0.2723947878524039,9.033050508602916,5.188645810943473,2.487217249228641,6.402257524340601,-3.407981792375949,595.4172508700001,45,452030
US6963894026,0.1669401614917559,-0.5012454905986431,11.1195990671417,-5.176352113471113,-3.7998279033286737,-7.560770872762792,-1.648903171931326,342.40441868,35,352010
US00827B1061,-0.0198005348664713,1.644543893856814,3.040893805391119,5.102943290684814,2.373317069907638,-1.460128571386098,-0.0385788862356525,24990.061397,40,402010
US2545431015,0.0630257849211953,2.070016286136026,0.2650655697088189,2.4821238985743426,2.6828416444758454,3.094392092530536,2.847762061342518,4648.1098788300005,45,453010
US7599161095,0.0183423514984586,0.5694595165101213,0.2531382612170443,-1.0969910575367208,-1.304677106609846,1.0231729145545705,-0.1755778986863085,8808.61662185,35,352030
US68389X1054,-0.0558716840913338,0.1044294234097504,3.623508598945469,3.696559486637974,-1.539949228721759,-2.02870352277874,-1.4125803603973686,255309.7873188,45,451030
US56418H1005,0.0575975406398322,0.350648631295449,-1.388955916194922,2.790791620243159,2.130763566351596,3.727752649692448,-2.3899965202534594,2666.43101674,20,202020
US74767V1098,-0.0243800457806229,-1.1383244500261476,6.850269038946367,1.7019246909835273,-4.667414219586973,-3.612175651190325,-1.26489312003549,3111.91644756,25,251010
US25862V1052,0.0350921277317281,1.6537473774880138,2.0816241884741404,1.7574865077528046,4.088494924307232,3.5360400252503768,0.3399487720094953,1712.2312608200002,50,502010
US5949724083,-0.0885637335928908,2.1277016291269875,3.477626047969683,4.513053294447678,3.246612968069435,-1.5648152952103604,-1.4008457759183617,36383.48740889999,45,451030
US65487U1088,-0.0257328280472848,3.3431787737924976,-3.270007215752041,-2.2551607158727816,-0.3579107928148781,3.416830674090953,3.3106152322149613,155.58854298,35,352010
US5322061095,-0.0358374277467479,1.6437427473803534,2.853706472279231,1.913620756542162,2.739230475336276,-1.951617359939386,1.12433838553954,4078.2088713599996,45,451030
US0404132054,0.0451351278255629,2.6781702446529483,2.925443195788807,3.1329436097577834,3.976138601914931,0.0313827542658986,0.3489792172348625,205274.61864859998,45,452010
US9026731029,0.0285180523496683,0.3812499890037227,-2.6865883343447763,-0.5255710382646286,-1.230697506578533,4.507649465841299,-0.2200828378942662,2352.4127160400003,35,351010
US4474621020,0.0558495873688165,1.9350666102827607,4.083339361713853,1.346380797787096,3.669274468331946,-1.1516617760356247,-3.396848432145188,2359.66635828,20,202020
US5352191093,0.0914696715801439,1.184252119161771,-1.7424266523321863,-1.150609661411217,0.8615481447676525,4.758446997581451,1.3222058170524864,1500.35453443,25,253010
US65345M1080,0.0265318061334439,1.0902647563455834,2.363987905609188,2.5076769371161416,0.6598674278125596,2.152068013742006,-1.114313222509254,989.22955012,50,502030
US00218A1051,-0.1085313230384708,0.1046959734463325,-0.975965649286534,1.143948710062769,-4.499657690267342,2.062208784913296,0.3875970873090711,443.737248,15,151010
US42824C1099,0.0832548950451988,-0.7397189368413059,3.86387968697331,3.0070022268652297,-1.16941493260721,-1.0561157315596978,-2.1476931261172147,77405.20965342001,45,452020
US8726571016,0.0018680473412604,0.810916725689531,1.416896776854336,2.7110270559562264,1.362890558546608,2.026858688411433,-1.92297102717394,18395.781683179997,40,402030
US1993331057,0.0175342319209827,3.0174513368153755,-1.4237123412034518,-1.5148283933969326,1.0964824522943952,2.583807757179524,-1.3635055637818854,540.7771856400001,20,201060
US75704L1044,-0.0013821351126459,1.1090211348178969,1.4991867585066605,-0.4210319507369156,-1.8550516305485452,-2.1121234962428987,-1.8729915564127515,872.26616576,45,451030
US45765U1034,0.0052030173803948,1.370840885392109,-1.0048929661240118,-0.7262471352110396,-1.2467959997755858,3.6067623629480208,-0.587240050934585,4463.8704902,45,452030
US7703231032,0.0038906539126369,-0.4480497975019042,-4.350878775836241,1.9789039951624487,-0.9039334768522403,4.911655933545188,-1.4011018474131325,4279.305581459999,20,202020
US2561631068,-0.000566861970343,-0.1626078679538318,4.210155565328193,3.150331573849102,0.9182274444065868,-1.947979349771606,-2.9741739481109017,11719.9076618,45,451030
US8629453007,-0.1749007123784568,0.7916717593387621,-2.530366337606163,8.250627735470728,1.4572461297842034,0.8488208202748047,-1.453837823303492,1056.60497847,35,351010
US8789721086,0.0570760837115438,-0.9115003555745292,-1.0262397635311458,-2.8059288359423578,-1.8011392489255649,2.3172493497154645,0.5124212412338403,421.09490952000004,35,352010
US98980B1035,0.0014928506505045,2.311680892886281,6.247259300308331,7.178173433594662,4.269083510291546,-5.215606317032239,0.0081267263037991,364.7544741,50,502030
US5253271028,-0.0003413345312487,1.03801831576302,-0.0762362949332765,-1.1536497402368877,0.1630794822778736,3.493991577783434,-1.3336379510427845,17907.1291294,20,202020
US45675Y1047,-0.0003832228722279,1.0761660009148164,0.9837268878179616,1.3614708772238706,0.1054091862176516,2.714284508984895,-0.9368344858076664,179.91590991,45,451020
US1417881091,0.0571733086852051,-0.6725192172774259,4.764445524162468,4.660097127720734,4.175420113390235,-2.607766510312752,-0.5340334004234693,3202.04385069,50,502030
US50015M1099,0.1840865016604885,-1.5224297519969503,8.596766864670006,6.226201132627024,3.788580890739925,-10.733184692461071,-0.8695387220281945,2455.26283431,35,352010
US15643U1043,0.0123279405409716,-0.114002213031905,4.022302351493311,3.2299299949411524,0.1198571701322579,-0.7151485105784983,-1.2627946510833044,3459.04445216,10,101020
CA10919W4056,0.0351623706060589,2.3928767372827826,1.6110756948961038,1.0492588958000226,1.4032259170231751,-2.8190556955470414,-1.210902849726114,543.6567561600001,35,352010
US05352A1007,0.0045335384672519,1.5996594996252569,0.5807005603808741,0.2022658554404186,0.9811534772185616,0.2482525736952747,-2.0790153536189897,8935.325902499999,35,352030
IL0011974909,-0.0941223114536952,-1.7987324055639269,3.389986234636404,9.666649479163622,2.5865739487381134,-3.544104812532806,-1.9062995669188243,376.0478436,30,303020
US0937121079,0.0584308239112469,3.4810831912557725,-4.79110165437431,-5.385281802623374,-6.228558007038069,2.23180966595292,3.073866868357592,59033.20505724,20,201040
US6907421019,0.0116856819330088,1.7218780270023637,0.053680117585469,1.1532623413789769,2.3480304725509384,2.459267492344084,0.8906990305227762,12106.897447659998,20,201020
US64107A1051,-0.0432929712119878,0.6845250516749452,-0.3506572294394613,-1.963484180671132,-4.45576447213336,4.044997474718349,-0.5081352797533273,385.66747148999997,20,201040
US6833441057,0.1086101982558805,1.8766008009719977,-1.2070684918434051,2.2459827105714494,2.8321332212224224,3.50456764977325,3.637867542608792,16170.30507919,45,453010
US04683R1068,0.0800698610582333,0.3924140283673067,0.757435126843002,0.3630266108669725,2.3640854385332064,2.9121960871953383,0.3690206458769697,362.30622875,35,352020
US67079K1007,-0.0999475150334622,0.5930508395738657,0.7671957418420561,0.511220620220798,-2.385346757096763,3.564923879498234,0.0404992872241756,3797.8078742999996,20,201040
US29479A1088,0.204217320346509,3.352611496253345,-25.84143550721925,-8.983135112931148,-3.1402791047574183,16.692313017877,7.753062413965524,5193.10517167,35,352010
US18915M1071,0.0735050219419166,-1.2354946031615082,5.807813973173344,2.541683930289544,0.458489433639015,-1.8216562528363724,-2.2634912646569734,111689.332288,45,451020
US78137L1052,-0.0408042243896574,2.07427191471651,0.6054450612153149,1.0650891575129768,-1.88076448307104,0.2599311147684449,-1.0337719595730328,1239.0417852599999,50,502030
US30212P3038,0.0609168797510082,-0.1092479345311877,1.9240255653648368,3.3384301452588625,2.345125041711748,-0.2065015060319082,-1.039067940235726,39585.00120381,25,253010
US81734D1046,0.0911925284864503,0.946174452565761,-0.5351171997975921,-4.296326295621021,-3.183150615480691,-1.670068340755766,1.182476481627629,1892.1670038399998,35,352020
US6458272050,0.0014186911592938,4.891822905041948,1.823685731772624,0.7229619551847377,3.743553531914098,-1.9040095953312368,2.619345190971617,442.3145377,15,151040
US79546E1047,0.011210437303824,1.6708045886699974,-0.6830359485747641,-0.5602821175020812,1.378729729943252,0.8113801263252276,1.1395622957052114,1523.45524096,25,255040
US85208T1079,0.0185735677407688,-0.4674768311745637,3.43246601735804,1.1368450177037972,0.6873123900719638,0.0288220169614656,-2.9281659380491023,1367.2714690999999,45,451030
US0441861046,0.0358566217844977,1.701095744983228,-0.3461879336453111,-0.5933078627849635,1.8853268593249357,1.7493521270761527,-0.1047557313679473,3337.3956547599996,15,151010
US45254E1073,-0.0212586205327743,0.6212403812204856,2.971718966955596,2.5474173696746454,0.6882056730666425,-4.388620698209831,0.6054886946906354,231.89286686999998,35,352010
US30049H1023,-0.0105514440064262,-0.1515570619135759,3.519670377708498,3.777978891770552,1.7422050700689171,-0.5997892458746739,-1.1863640711861012,870.58156471,45,452030
US05356F1057,0.0422469769076173,0.5458577073801908,0.0178640079327649,-0.2643598520198796,-0.6065922910122572,3.043026183833621,-0.5481493538814335,628.87077158,35,351020
US6700024010,-0.035031392238878,0.5910115290920368,-4.958228273450417,-4.039410422753978,-4.841926045326457,4.684764526024021,1.0528572318273015,1211.28803345,35,352010
CH0334081137,0.0109557104926261,1.3803277341979392,2.291037598825404,-1.295981746544665,-0.0264400417135862,0.6272544126471584,1.0961418727981838,5086.69700132,35,352010
US4074971064,-0.0158177182327901,0.6856909090805432,-1.0909371511691486,1.989033111326549,1.3451510913383256,3.9323950292043497,-1.9095566678548896,5292.90054892,40,402030
US0144421072,0.0140789387816692,2.0979436311790685,-4.431816101265535,1.2072504322711346,2.6275645723014773,6.523771631108147,3.499467612959614,191.43750555,35,352010
US7476191041,0.0440641946155015,2.478794397858506,-1.583500228832496,-1.1260434608344776,2.8015977575444007,7.231056377041105,1.182886345229058,952.5584781,20,201020
US03990B1017,-0.0200415843773865,0.6017360108363927,1.0770860469646772,2.3788875214452228,0.3623415490372491,0.6510901246899834,-2.759544466317734,41076.73202664,40,402030
GB00BRXH2664,0.0296357404766879,2.832205873682456,-2.4880315141370666,-4.367930646850464,-0.3053525656727169,2.6709917727779176,1.843782960396851,48619.77547356,15,151040
US42238D1072,0.0658059447982525,-1.073938327621127,1.9203779549354931,3.1347016162575008,-0.8485130051323672,6.442319902613209,0.625133189259259,3562.33163778,35,351030
US8776191061,0.0978150470003735,2.461389777604264,8.808350388760097,3.295009721532619,4.109268376384521,-4.961748679964867,0.7096920139775715,1590.7134937100002,35,352010
US2057504092,0.0162233471487408,-1.4010136400242263,1.6683364757529695,2.2551606461899203,-2.657090147453332,-2.118570276228638,0.8261593889926275,254.83645213999998,10,101020
US60365F1093,,,,,,,,537.6540308199999,35,351010
US67576A1007,0.0028113108523644,1.4027038971689163,3.3021278632445865,2.578689653254458,2.65372777717906,-0.0835433985463116,1.030006657541889,2145.92698584,35,352020
US4577301090,-0.0709995206221752,3.102275458831945,-6.083493536170767,-3.8359333405568927,-0.2149877708245171,-0.4314215127622396,0.5332682097969672,1582.29409014,35,351010
CH0114405324,0.0668177239918688,2.354676686000685,2.4237640112826613,0.5288165074559594,4.87111826560982,0.1425067646953656,0.3661110038770451,50506.9113555,25,252010
US33829M1018,0.0661010096157858,1.222810592148372,1.376297263175302,-0.2282694908517149,1.7706414846957608,0.6822038523582472,-0.5970297549721548,13193.22916864,25,255040
US8683581024,-0.0066166254561807,0.7087239702416692,-0.7810764765301316,1.3217987435059015,0.8654788215659479,1.4287526958415833,0.4514002440321256,140.83003809000002,25,252030
US90138F1021,0.0728241045976991,0.5065879472673596,4.058492524559741,0.079846454822989,-1.2101742404965008,-0.6662171546716207,-1.3583417651310092,34993.82179956,45,451020
US9621491003,0.0394923452950727,0.0619054521102261,-0.036615852982072,0.8953887546334238,0.5214878680083176,1.6226190947504826,-0.0945100139184506,272.93813376,25,255010
US65290E1010,-0.0030367280857402,-1.4151734314427995,-2.496753857841502,-2.573883053572733,-6.847729489634615,2.4770293677129507,-1.112656857320511,15011.198021929999,20,201040
US0028962076,0.0628739268242999,0.747967188625202,1.5588040426242773,1.5211728556493622,3.661698095696942,0.2901063150989569,-0.5463998043773871,4691.9626268,25,255040
US1263271058,-0.0056158213845703,-1.564915322550464,3.906988612259432,6.50892771251789,0.4002336347349954,-2.796357943568779,-3.259811077752347,213.95356389999998,45,451030
US40131M1099,0.0189036663504502,0.3650614023330958,-2.732573954438429,-5.249509786957341,-6.660069244423408,-0.0536796513725021,-1.6464568830023931,20085.71736068,35,351020
US02156V1098,-0.0630330868004001,1.4772376571739785,2.872520347079259,2.662166907653888,-0.9688584179123828,-1.2255525865184005,0.774106061618802,6514.0119902999995,55,551010
US7745151008,0.0550439816374992,3.222257600484138,-1.2947162432897874,-3.1575222103201237,3.330715970958757,0.1739226163180733,2.137225301757965,333.01038274,25,252030
US30052F1003,-0.0855411645307925,3.0654032729900607,1.1975863385474836,1.6288497800158297,1.6037082255752129,0.6302841777207218,0.7563518549557023,491.53283360000006,25,255040
US02157E1064,0.0245028620122758,2.4406982268809245,0.8001226725415993,-0.0157939613025597,2.9658948977017885,3.626849705524105,0.4439345435443293,249.12146672000003,40,402030
US2300311063,0.0574113962946558,2.1592039201627866,-5.846139557487486,-9.804178657548068,-5.225760351231367,4.427246900082199,1.9659326470972425,1142.72426515,35,352010
US5165482036,-0.0028525842075581,1.580452897813294,-2.078459467484046,-0.5257705710708866,-1.5812880541788727,4.014167178215491,-0.8485893739807004,107.73463050000001,45,452010
US39854F1012,0.0466258232365265,-0.0926926247847655,4.6637513935800845,4.18644973980078,4.451455958275707,-3.4789641078001914,-0.7246899775527899,560.9236258100001,50,502030
US76954A1034,0.0226185235108199,0.5983190052318961,3.294843928006032,2.848529456041,2.4598388895910066,-3.711220920371317,-0.439479661357515,14995.57691856,25,251020
US64049M2098,0.0211845276122631,1.7113606580192586,-2.059447018884378,-2.5513969440607527,-2.1994565921658333,0.9556714713917324,-0.4412170415620473,2026.0898650000001,35,351020
US89377M1099,0.0043835168657733,3.773216344628379,-1.9290767029670968,-4.093747319313641,2.409668708390859,3.313247670404352,1.7175316771108262,2979.62626464,35,351010
US0922441029,,,,,,,,428.62858610999996,25,253010
US6904691010,0.0590827682206651,-2.471426207199457,0.5925220091357032,4.279642912438547,-0.9331743328366072,-3.653226377628429,0.0430877025833481,462.68056467,35,352010
KYG235491019,0.0219640743972996,-2.522409828851651,-4.805828925545041,-3.788088644111781,-4.832810686473556,0.4874274101406834,-1.0979706061959529,107.42866232000002,35,352010
US43538H1032,-0.0362559710037598,4.001577195013455,-4.903350016245235,-3.606051057506059,1.4517893858049016,2.507939272411425,1.0894700695693658,185.09157528,25,251010
US00461U1051,0.081183132792071,-0.9218540343880838,-0.1720990447349613,1.8300016189827264,-1.2276611078011994,-0.1819237844379875,-0.7198811381214723,825.93061398,35,352020
US00534A1025,0.0049516006824584,1.0930127060812251,3.109454741647081,-3.801202318668029,-2.7017629093419187,-0.155023710570525,0.4150171297212044,122.94628902,35,352010
US2521311074,0.0015601923325233,1.482434282017038,-2.938518703407261,-1.7257629782831776,-0.5858762426361697,3.027097085187339,-1.1079070514568266,33714.334821669996,35,351010
US8200144058,-0.068445661330137,2.108654334325924,1.558867197551025,3.0879358851832635,3.38827047821275,0.452459651363978,-1.5483882483615974,1269.36341378,40,402030
US03783C1009,0.0115356461201336,1.2105296095281042,4.29126912570498,2.64274427433518,3.3521011243120613,-0.0560193116694043,-1.290062789778064,6886.137129569999,45,451030
US3364331070,-0.0473409453870354,-0.8514466588282446,0.6738832873933344,-1.4718280254999927,-6.80196419691409,-2.4298935241213413,-2.412804344308443,22888.55402744,45,453010
US01741R1023,0.119665527394467,1.6658999074788643,1.167819640201698,-3.0815138426119906,0.5577149000522665,2.5209880295331137,1.6900801334170237,30772.62022785,20,201010
US11135F1012,-0.02956160680022,2.3491257273341,0.341069954281618,0.6302974603836557,-0.0745615310539959,-3.9201850611945632,-0.0228374448451369,1831889.137947,45,453010
US70438V1061,-0.0043694546568151,0.1227718657557946,1.3077981421233804,2.157147014273217,0.7244450859472595,-0.0169100487647493,-3.190435339610688,6318.047355119999,20,202020
US1925761066,0.0628069121932494,1.6952115127691167,-2.128399379359934,0.7545750935975781,-0.2350863601744612,2.0427014544609032,3.307446577871914,2726.72212214,45,453010
US78463M1071,-0.0059467744586844,-0.2603487487873868,0.6466397315803122,4.246620190014609,1.5705978224208534,1.6547754787519415,-2.899411176616277,2831.7867692600003,45,451030
GB00BRXB0C07,0.0690477674945594,-0.1960276981722657,-1.00658908583664,-0.9439066833759424,-0.5758252025238055,-0.509086352109557,-0.934036065104068,5737.71000598,35,352010
US4491091074,-0.065514969643603,-2.459051290544178,-5.654490280361641,-6.170525130709147,-23.016171159827863,-1.548955228116657,-6.060475974818662,506.46059699999995,20,201040
KYG9572D1034,-0.0388924220561305,2.195611808697977,2.51754296841545,5.61718646255311,4.3319604581326345,-1.004478230682607,0.5872928865595297,2890.99307332,40,402030
US34984V2097,0.1598405006714955,1.1591086702820232,-1.6601662918819176,-1.209482468849691,2.9683796174014976,5.325950131612959,0.5411891991696588,853.09870674,10,101010
US4042511000,0.0330154095190781,1.9267827283588383,-1.4632553551625136,0.3190632590532902,3.135796635056376,3.63745258022192,0.99739040981283,3445.4931528,20,202010
US5893781089,-0.0051113770551784,0.5980134045424076,-4.08367428629484,-1.8747415880773808,-4.440599656254131,4.731368535511043,0.0941950387926685,6536.1041560799995,20,201010
US28658R1068,0.440999084183542,1.088484711520768,13.864990972909636,8.824856224622474,12.619138361195626,6.815978317748491,0.1739556587887833,863.2323168699999,35,352010
US74366E1029,0.1025542910804198,-0.1719453373184379,1.9467888326513867,-0.7140701329707932,0.5288697828728643,-1.6396626492658404,0.1126245906466946,9707.15132625,35,352010
US2537981027,0.0627700129915015,1.0447264357941113,-0.2244361837254276,-0.1727430643487729,-0.0618385840362365,0.6045594291968789,0.5604860707826826,3153.26912828,45,452010
US0900431000,0.0416632611359811,1.4706567600851377,4.21321324892193,1.3725987586884865,3.012681725915397,-1.2828404946108962,-1.7636146572122584,4470.2143675199995,45,451030
US29337E1029,0.0975600575338728,-0.6586960932628096,-6.277661894913585,-2.050273076189864,-1.1623022734489026,3.8148598099253697,2.675560850385417,3348.4525523900006,35,352020
US00108J1097,0.0423917249422644,1.2758271316431955,-3.626137867385609,0.1106236103984201,-3.667730161863677,3.814685227801591,1.9952212944425385,4763.938018320001,45,453010
US53224K3023,-0.0484270649898819,0.9237466699376404,2.743575114806829,0.9128154802319411,-0.9716458773770325,-0.5355583879226337,-0.1161026843599615,287.97116208,10,101020
US26740W1099,0.0128587457730474,0.337368743064464,7.412220587215579,2.240037844527591,-4.824703689782734,-3.743201051299579,-1.7951358541710172,7796.675831540001,45,451030
US14843C1053,-0.0117195339577932,1.907829883690884,-5.071358763861562,-3.270754939756011,-1.405843459282454,1.022546458634474,-0.6835721420812829,,35,351020
US37940X1028,0.0210283339804969,1.5709292222611908,1.7121763346281265,-0.0935294808297649,1.585808212402574,0.7818393502553449,-1.2894830366458685,24394.561068420004,40,402010
US3724601055,0.0023502960110307,0.694254509297169,-1.868179016332553,0.3434893736020243,0.9403393823629148,2.973039749171078,0.2395285259818546,18552.4853912,25,255010
US74967X1037,0.0008865650471885,0.986692689352678,-0.427835563924454,1.615814000219785,1.42038743689823,4.690596944432498,-0.703207064143382,2798.24424308,25,255040
US2210151005,0.01660884468418,2.682913989078029,-25.101747624215893,-9.99430617875344,-7.594775698181472,18.38262844165189,5.191688003234549,1042.01969472,35,352010
US9004502061,-0.007790400911302,1.4400277969690385,3.5485014513201443,-0.0159452247001317,0.7878997290272747,-0.434698642620291,-0.2499497778177251,33.4628657,45,452020
US8962881079,0.0003119942277976,-0.1892455920184526,-0.0534773773233303,3.3298825212723573,0.3937132328978579,0.9935908286336016,-3.013291328827812,3106.7424275999997,20,202020
US88033G4073,0.0599841809899069,2.404253587484403,0.8396985543781033,-3.3596565732508488,2.0822454346477817,-0.41765560768691,-0.1204713501623786,21226.195514419996,35,351020
US68373J1043,-0.0153179702977749,1.0937837794675975,-1.9647621431413105,3.672372842596219,-0.0524156807616846,-1.189004999248094,0.8300998201880845,313.94842294999995,,
US0320951017,0.0187358642473477,1.6295888025023026,-0.0384198017851842,-0.6603817676259398,0.3199341696676772,-0.0628412889731332,1.1145327414721882,204867.9080334,45,452030
US40637H1095,0.0235997631607887,1.0861858657587935,-1.862436366174949,-0.3085800326244841,0.5915749665717046,2.832000184162061,0.1035700331885391,11068.35405408,35,352010
US36831E1082,0.0235721627402115,1.6427732840862297,0.5881787323030041,0.5434486460591372,2.393277694235078,2.32408411715092,0.905252910504689,2714.5515744,40,402030
US16679L1098,-0.0405532506130239,1.1057893308845637,0.6850784903461891,0.8849069824646267,2.019631751928718,-1.0420615099225936,-1.3643854182032884,8926.81308288,25,255040
US0774541066,0.0516373569199831,2.8255612927805114,1.680233600230625,-0.2976532268133147,4.895894490511436,1.991242297836472,2.1766582409361086,5227.5541248,45,452030
US09075A1088,0.0856535297896383,1.8607483859190543,-0.4488222338450437,-0.2866379307179407,3.6434770503309446,0.4466172596205098,0.0325082732434716,1060.5054761500003,35,351010
KYG651631007,-0.0761464263828113,0.3142837533013147,2.6264176792271767,-0.5315022645930516,-3.778079249198189,-1.1780652752956635,-1.227440867531571,5014.171767039999,20,203020
US97717P1049,0.0351067283443304,2.294643770674278,-3.4775289539874628,-0.663146874821694,0.383447381707944,5.766266610741537,0.1347119802455163,3011.4321823399996,40,402030
US2567461080,0.0166540861683233,1.110072001031155,-0.6121736751931135,-2.2539129976074337,-0.2143654515950989,1.3832570738650358,-0.1220924557314499,24843.329740600002,30,301010
US82489W1071,-0.0194486352692723,-1.6897393972816066,2.975631679605052,2.6612513884066487,-5.978417451147594,-3.153532003736023,-3.7609637492365695,1412.8178927600002,20,201040
US22410J1060,0.0311371345933894,1.2919172841904936,-2.9842037465316498,-0.2415620249066856,2.3822640490325906,4.404439667864839,2.383373482052771,1276.13609034,25,253010
US67059N1081,0.0496333411979049,-0.2507903307525112,7.8410499316596125,4.788019483299472,2.307656265447098,-2.110510836965772,-2.5784044343967647,17183.62212193,45,451030
US8753722037,0.066208710026877,2.9649923144749333,-1.8843786066153836,-5.88191035537368,0.6581021446738582,0.5217949137083902,0.1561420679533308,1566.5756558899998,35,351010
US76655K1034,0.002289011384234,0.042071663626219,7.443108420318762,0.7707375423967942,-5.900554155478979,-4.832623466960644,-1.3899394493595023,6302.2979470499995,45,453010
US2575541055,-0.1111829707802913,1.5343026178082029,4.901920209779826,4.969375006533615,1.4686466838655463,-4.323768694824762,-3.511696421779561,37.279844370000006,45,451030
US53228F1012,0.0651320812832063,1.1655862386750315,-2.6499678774451443,-0.7223350869644776,0.5030962284933644,2.2036018880198665,0.9423516391669376,1416.25522545,35,351020
IE000R94NGM2,0.0463591307895586,2.5004348064084603,-0.3318226322825355,-1.4292081385070128,1.1691228392876054,4.117268704520895,1.2377109495870524,9302.2,15,151020
US28225C8064,0.0486544024054532,0.1892999068936595,6.035603716851645,-1.623653781613043,-2.058194548095706,-0.9483713605372692,-1.6393506311470083,132.45330976,45,451030
US6067102003,0.09231463838813,1.3238527974765522,1.3277527296173808,-1.4523058645310425,1.8000192488091014,2.0404875728702896,2.3136426747636163,854.53382659,45,451030
US9467841055,-0.0074010665940616,1.1829491826874567,2.354603487427153,1.0864120903188952,2.731045479257553,-0.1050010522166746,-0.0096112857761529,2156.70067344,35,351030
US3580541049,-0.0108078705297598,-0.1369495654050835,0.7824566612071415,2.8355642821532205,0.0146147820069617,-0.167582829579451,-2.406775871636193,3019.12678784,45,451030
US76674Q1076,0.019243388342876,1.4012414877855903,1.9329815591936192,1.420826170237098,2.203176371204452,-1.0132122824931225,0.0029358867654185,245.10651165000002,45,451030
US39874R1014,-0.0162666381354526,1.81683207797763,0.451428162578254,-0.2088801950377303,1.586711250789004,4.137614518322724,1.2250809059677723,1055.30535644,30,301010
US45826H1095,0.0277526656778129,0.8722951871815454,-2.564681010651644,1.4965353768955505,2.3881197114123065,1.9602683400297367,-0.910389126293043,4115.16829728,35,351010
IL0011684185,0.0012128458103152,-2.0617488309235954,-1.6249714464960467,1.174136326821232,-6.674114660966401,-0.8752630393606649,-2.8639054972811007,8675.33904501,45,451030
US67080M1036,0.0962116211143188,0.9180724800301424,1.1633174447708203,-2.634038587909855,-1.1806412153979475,-0.7154497044186463,-0.1421784697475686,2739.50517566,35,352010
US74934Q1085,-0.0019561891837619,0.1583787983258777,-1.1540626912550962,1.9293113892881208,1.2328960290145583,3.6896453187276608,0.5850529299568148,216.30772603,25,253010
US93627C1018,0.0488247394472122,-1.8439183152194216,-0.1105866503925344,0.2515525185931207,-2.397447205576997,1.8171861944637469,-1.7626570910376782,5080.383471879999,15,151040
US92645B1035,0.0395261554738347,1.3856670330306602,-1.1525401660701842,0.0871094289521969,0.5140856230158055,2.957091330240994,-0.8307757782841916,5525.851735599999,40,402030
US8982021060,0.0328014616451383,-0.1012483691257196,4.25349715130259,4.324797960515673,4.0427152688853365,2.5925031552779947,-0.1688755750182522,1264.06578,40,403010
US44916Y1064,,,,,,,,839.7581099399999,35,352010
US0865161014,-0.0126343171094815,-0.4956616315972028,0.3547436553745308,-0.9471738858661072,-2.7990003859547423,-1.7965879708796373,-1.5235406046076936,16773.6784065,25,255040
US7665597024,-0.0203540220304872,2.9456874573380065,-4.582081961854847,-4.918626940065241,-1.235083824544237,0.4196688004499725,1.4267726608462328,774.81564687,35,352010
US77543R1023,0.0590751113757296,1.8220955730316497,4.86992999386424,2.825555976083852,3.057258970731486,-1.4586834002831868,-0.3321974367868875,23247.0486423,50,502020
US2333774071,0.1140462434040273,0.8601251657493894,3.233093566681502,3.679847176040413,4.908847095431615,4.928462240748969,1.2382629977357982,2525.3111684400005,20,201070
US86889P2083,0.1029512938754362,0.311746339447887,1.6457329125412348,-1.947822545909355,1.10691002784468,1.076482866225687,0.9067588089869094,266.97660486,35,352010
US6707031075,0.0192132987918248,0.5123043068236951,-0.1109890727486738,-1.6510989839784056,-1.3321850072969523,-1.30498911468387,0.2772136136271528,9140.904086600001,35,352010
US50212V1008,0.0403595493686984,0.890085866515451,3.1515757626969463,2.106497986298306,2.9855659731091766,0.0946747568751443,-2.1192057477653927,28862.73866103,40,402030
US5663301068,0.072017288771563,0.9521494678389262,0.4046543263207966,0.7186635834649592,2.699172460176049,-0.9864149382173276,0.8835426447194822,877.7232177600001,50,502020
US24823R1059,-0.0081205456862482,1.2578658979572186,-7.074638115586078,-4.845439104775835,-3.4519414988692736,3.977443123673316,2.0340650924363333,3511.91741956,35,352010
US81730H1095,0.0219248369995637,0.9619327485519176,1.7747658350200546,1.1226944303609272,0.5771141197399176,0.8651124326956439,-1.5424548729317653,7856.475564390001,45,451030
US0517741072,-0.0162632972647649,1.3792100265660137,-0.7105699362655967,-0.9420647144344376,-2.278074816261931,0.941721687656585,-0.3027016575957222,9916.606717499999,45,451030
US36241U1060,0.1307024010309992,3.5844574285684248,9.80685948732852,-5.512501485815409,-3.838913773850994,-1.1587993827592504,-0.4821759714523859,183.59784702000002,45,453010
US74736L1098,-0.0049066064943633,0.9860267173198436,1.3210431964581058,2.915410040182201,2.550052950773213,-1.1607393122581973,-2.171970233273885,3977.9006572199996,45,451030
US98423F1093,-0.0457293490982254,-0.4495812451558315,-3.3392163563407826,1.2571066332724996,-7.888403456420661,-1.6081627211668386,-2.6513727036856265,4906.6803912000005,20,201070
US02155H2004,-0.1166550562676145,1.839993215550788,-12.838674504496248,-7.279136638492261,-7.018499769757028,6.018978775315693,0.5445551020446582,567.290663,35,352010
BMG524411052,0.0600547205113577,0.1956082704751804,3.2598152067478923,1.7333131039366991,0.3970584514315909,-0.6626238486829841,1.1305470242244242,676.79309166,35,351010
US76029L1008,-0.0139709183696365,-0.2416559422752952,3.803676467554919,6.1708126137722825,3.2512328441680323,-1.5020290151441755,-1.7274991728704334,269.71342572,40,402010
US4660321096,-0.0173622330491839,1.0338641361343035,-2.548564099143026,-0.2663430050931676,0.681440520933235,3.800337657126475,0.2233224951627158,1313.48942392,30,302020
US29772L1089,0.1605207746579401,-2.495098280813654,5.149871659970874,4.719511464972666,1.3381313985050791,-2.408956671051321,-2.133351332396634,1280.6782104000001,35,352020
US09857L1089,0.0232290477754185,0.3036326860637467,2.5498801915685965,3.490875558223173,2.8067129760307554,0.7735781306565878,-0.7301292553027705,158990.8218271,25,253010
US4158581094,0.0447320742750761,3.2284014449647307,2.036174365212621,-0.0531986217574249,4.96524661085522,-0.3725359669201349,2.8194076717721623,1302.66956864,35,352020
US5171251003,0.0995005856970813,1.5179990039602187,3.9015292672656607,0.5014261970539051,5.541767913472888,-0.3694668613362284,2.398055337896253,444.94076772999995,35,352010
JE00BF0XVB15,-0.0332140010838897,2.5622366476653906,-2.191501123415305,-1.3747355206782157,0.0704591642964074,1.048568261110176,1.6486833929634184,369.3201088199999,15,151040
US45719W2052,0.1142995806714133,2.778725184125784,5.520528963915403,0.5312971140911362,6.613934879102515,0.2897207409157158,0.6279174723723613,268.07838064,35,352010
US84265V1052,0.0403518028713716,2.521041930881171,-2.3397712071768426,-3.716775989782679,-1.036272989083287,2.656273853931311,0.7896773663944768,17160.6472913,15,151040
US6081901042,0.0009280944860449,2.1760137021430057,-2.3544362158864347,-1.3558754810378648,1.1295845237587727,3.425813365962917,1.2877374838838755,7767.161549280001,25,252010
US2036681086,0.0208183204450391,0.1918054127844884,1.0580883398225267,-2.468774451838569,-1.1045720436215456,1.2092996928128636,1.5054388227560798,386.63969031,35,351020
US42727J1025,0.0645275039810802,1.652589559141584,0.8888841310193931,0.6133237058831913,3.756704358102074,-0.3717828716275406,0.9065495159051562,729.4851837,40,403010
US45778Q1076,0.0380084903969169,-1.396533240159347,2.611826326066455,8.096705423844952,2.7978535869129124,0.6701334376444945,-2.4524473126404147,1883.9521089,20,202020
US75629V1044,-0.0478161646793548,1.2997595874303272,0.9654250844639026,-0.1499664568597174,-0.6285882963023317,0.9527960504122982,0.627047162965604,1616.76603075,35,352010
CA1130041058,-0.0051096168918914,1.0277209107538283,1.0851756146757434,1.207188495292601,1.213819515735565,0.8673110586625385,-0.8273046233111041,20707.17930028,40,402030
US15746L1008,0.0499548050009409,-0.0386326809139884,0.8792110091242212,1.654871094839803,1.4431370739117542,-0.246492487159369,-0.8756390520726718,209.46380208000002,40,401010
VGG1110E1079,0.061964622756022,0.8737425018204195,3.887170717984192,1.6723069653561409,2.4488154510253866,3.9763830052743536,1.773437783688662,1881.5007572000002,35,352010
US0109111056,,,,,,,,1687.2430407600002,35,352030
US40434L1052,0.0021808861102644,0.0208616239028125,2.825653807729528,0.4052376844309147,-1.446362473452344,-1.3970837874775637,-2.6938367942764097,27475.25960352,45,452020
US3563901046,0.0126461364600943,-0.6300243398804724,3.1998032552167537,3.7155779629884713,2.429605783943736,-2.3922689497564784,-1.3111243185980377,2757.1840716000006,40,402030
US44930G1076,0.0119752071167229,1.6396031084204634,-2.956367194863005,-2.9601051215476377,-0.8300878034179301,1.8248068261267203,-0.2763120055122452,4438.0907515300005,35,351010
US15118V2079,-0.0254189303573327,2.4507588932587017,0.404932826960116,-2.0838881860132163,1.3539595898904764,5.489827106703595,0.4811935966904276,5123.07303605,30,302010
US6245801062,-0.0071356815066461,0.734588666410479,-3.85373430767049,-1.8729614985256933,-3.1389292843250205,-1.0116184536685593,0.5849519766450271,779.01243201,25,252030
US4335392027,0.0178195905268284,1.4299877953261408,2.554768301123715,1.1975336047363654,2.638282147028035,-0.2650958762663065,-0.1555398821512832,647.377031,40,403010
US0044685008,0.0732757723715851,4.736194681036915,3.1819877391958507,-4.632155871837683,-1.2070175252042936,-0.5590988908505736,0.719038366394958,703.03868729,35,352010
US6404911066,0.0788217173496803,2.7745977733007408,-3.565623926195592,-2.675204018192488,1.829154692668149,5.334327230165658,0.6416687885261481,2526.8454994,35,351010
US9189052098,0.003497435799526,-0.1357372613228369,-2.4952064168599444,0.2289004160435774,-0.3096143369306046,4.680148146603816,0.9229729439155974,38.801368620000005,15,151010
US03823U1025,0.2965161587800489,3.114854686566084,6.46738043982229,-0.1408347488353747,5.90111660960709,4.326507541410216,5.342552626630779,12086.4431506,45,452010
BMG491BT1088,0.0256156734097496,1.2934683974316972,0.3942382785049576,-0.079826917876929,0.0838575777866617,1.0856404264419364,-1.166785410299494,11653.05363406,40,402030
US65345N1063,0.0577337995131577,-0.9241073751431318,1.4412760289476885,1.3370718608443255,-0.3080903447030279,5.051395126839838,-0.3013461090517552,2219.1493541399996,45,451030
US3024921039,0.0175290970178641,0.6295459192381911,1.1467047154493448,1.2575792301263296,-0.0901488594704915,0.0469540413156257,0.2056283318983706,2230.6902856799998,40,402010
US6005441000,0.0419209234013921,2.602100891493338,-1.112879100711489,0.4935389403377823,3.998510118558135,4.1407083552545245,0.9804202674142148,1600.75657632,20,202010
US00164V1035,0.0337327135130072,2.526721496529076,2.116308168402849,1.469543976244002,2.061051014743577,-2.6544900658880985,-0.203645481377734,487.25255848,50,502010
US46266C1053,0.0075969821778185,0.4498965926740703,-0.1090988600258348,-1.077872180876582,-1.572323754999223,0.277946431162451,-2.268445717942954,38608.55016298,35,352030
US74766W1080,-0.0786996445873584,1.4394987124808802,2.580838333069541,3.4400181330666384,-0.7461225129745459,-1.617221312675882,-0.3618734832164882,1696.40335041,45,452020
US36116M1062,0.0723428650915695,1.7350132565309524,1.9831102367773887,-1.3854744339016292,2.698058964582486,1.366967263122362,0.7786599914501601,139.35525159999997,10,101020
US0231351067,-0.0077465839147925,1.9738897242571876,1.2116893639982294,1.6471715902999255,1.3330437588984,-1.557176747103476,-0.9606612176537188,2585502.69312,25,255030
US26210C1045,0.0017814294480786,1.3455009645164564,0.6959833457480176,0.2722017679276983,0.5967011804946164,-1.211936346858652,-1.162516988060466,7100.213019479999,45,451030
US3666511072,-0.0043793120829603,-0.5678262879348437,3.470404021368048,3.2068684358283823,0.2683333266211516,0.717686884350138,-3.0718179841778737,11093.69149272,45,451020
US98401F1057,0.1151794373130253,1.5525712095163278,4.528751185825027,-0.4299747546103467,1.8453260306191364,-4.767364157855294,-0.6601680479988823,1714.35427047,35,352010
US2041661024,0.0074497458952239,0.3406104954086905,4.3904536108643,4.591920794784524,2.1734959290526863,-0.392305393452443,0.3785617406245447,6054.28397486,45,451030
US29384C1080,0.035707197070009,0.9886077510440736,-3.9803658788796192,-3.1229213883258047,0.1836295921397904,1.1361036364101669,2.2973515756385794,247.21146478000003,35,352010
US3968791083,0.1797741551038939,0.2974644944541585,0.848666533239463,5.3761313471850976,4.0789313210534,14.477272210812558,-0.90502315370922,110.81286079,35,352010
US10948W1036,0.0505380816406802,1.773755643582804,0.2271439592768822,2.001891762732273,2.30324675366863,1.2285752310314622,-0.3726952963344843,3221.87970994,40,402030
US20563P1012,0.0255374642578571,0.1486162828311736,-0.1123853101863583,0.5020914342041644,0.5643840076072415,1.4677500727866746,-0.0552746510571491,47.42083469999999,20,202010
US0936711052,0.0276343225095343,-0.9012060177023816,3.1823965781848824,2.57791967885082,-0.7620600336578743,1.4850860969486164,-3.2351420683024177,6567.207255,25,253020
US3984331021,0.0232664693786346,2.319937684431354,-1.0886812601858908,0.2694091584151985,1.834485476691949,3.1340287426982085,2.080598023158333,3803.2798446000006,20,201020
US58450V1044,0.0537934527198881,0.1622896077425862,4.035539567600754,1.7720942753283135,2.47796781317015,-1.8397419918105855,0.3607119566462622,475.392402,50,502030
US75383L1026,0.0722470976829875,1.0249644061978016,3.912735713398433,2.3181000031131167,0.8914169939901678,-4.167168410243841,0.37093525215773,2105.3051962800005,35,352020
US74006W2070,0.3306714452884779,1.7417668242482278,11.919662384607689,-14.57346915557918,-8.890545339358411,-0.8947211202565133,-1.9808831752255116,9505.82840339,35,352010
US87969B1017,-0.045423116481336,-1.1336802200296603,0.25254393564929,2.4304738011374685,-1.7289930093403916,-0.2244413409241406,-1.176697739240666,246.0383055,45,451030
US44925C1036,0.0026402246776699,1.546390193357284,-1.1031008479827418,0.4619547186472301,1.5053731368187373,3.975555587561882,-0.6451429148994431,1560.9441829800003,20,202020
US7437131094,0.0485680093925001,1.2716571359549218,-0.3446068418365208,-1.0486041219077595,0.0004081373678366,2.2011594188446315,1.1609023305703086,2172.3121696,20,201060
US09203E1055,-0.0496361163239065,3.5295688258997338,0.5107927823595253,-0.1683619609759828,1.2607491926874506,-1.7678190797774431,1.550703060229702,114.50978658,35,352010
US13100M5094,0.0201247750627375,-0.0630577107960604,4.695127563476235,-0.6801063256307951,1.286014761347904,-0.1930125636761039,-0.3416123394898526,2238.137952,45,452010
US9168961038,-0.0168530792248476,0.7798917242693268,-3.7757654295478,-1.4163728748028637,-2.765828467567684,5.796077319674413,0.6150649601157996,5440.968783360001,10,101020
US5951121038,0.0927137503157564,0.3088196946747366,-5.920875321067693,-3.7251724705524234,-9.826249472457102,3.431530819743116,0.7919386292780737,1094085.163305,45,453010
US5303071071,0.0135082565411787,0.3100114144952834,1.3256827296297269,-0.1643744615435325,2.6390068001007085,2.32855336700159,0.0632694578234954,4713.853865,50,502010
US89531P1057,0.0179444635013143,1.0751837247913656,-0.1647462469328559,1.179087564072253,2.2743243631485144,5.487888754372316,1.939635908943642,5019.82206453,20,201020
IL0012165630,0.032733700900484,0.5992840786050642,3.578182289575952,3.1037288706136463,2.9850044659583315,-0.9164811317312058,-0.8848699439053436,504.0424316,50,502010
US3020811044,0.0030700125852343,0.6626062982652294,2.3059417564576883,2.8416441521853266,2.390356780845266,-0.5092025786605827,-2.758894443520754,5122.323842870001,20,202020
US4657411066,-0.0078929412845657,1.0626104089725152,-0.5463022070438464,1.1276426726726163,2.110202451215564,0.8984736547278612,-0.4725526991788531,4381.75614434,45,452030
US0926671043,0.0090109308607812,-0.0299876737154004,1.7897568875399952,2.922204860110662,-1.1963846270734404,0.7770220455312015,-1.2905661150912318,413.3990146,35,351020
US1420381089,-0.012212183084822,1.687463085196916,3.673882008520631,-1.5116111304333502,-0.0273291003948163,-2.988450847245767,1.3056749864686648,151.06081626999998,35,352010
US5367971034,0.0198301237962146,1.4148062413335842,1.8515367278578,1.571938774721225,2.106012232602561,-0.7408056352269266,-2.1652177295688206,8128.025185760001,25,255040
US52567D1072,-0.0350291387223553,-1.5766752913654751,-4.514533163540824,0.5883535989012947,-3.719264315932888,1.4258621745491844,-0.3102385459878629,3053.44439856,40,403010
US5303073051,0.0146682468743427,0.284066036678669,1.4459389183739706,-0.0849296577924169,2.690717410452895,2.345406081077753,0.0507336357400594,4731.239428999999,50,502010
US58039P3055,0.0246863653134563,3.484266392966165,-1.455845437396559,-2.8970082535654345,0.2360535919680724,1.79420628362973,1.8393324142698624,686.94921956,15,151040
US74265M2052,0.0395176950634721,-0.039167541659778,-0.0268621888259472,-0.895124346880348,-0.9338230413616858,1.917331878725898,-0.1891093702667353,137.04520283999997,35,351010
US4195961010,0.0121058082992986,0.6485523303617088,-1.866631074648688,-0.4607613490163733,-0.3442970451439021,2.9840767261973986,0.5053482958875439,402.38557118,25,255040
KYG290181018,0.0285348950107229,0.5996509575119273,3.3111561763743564,3.0439199128822123,3.569851841898657,-1.6563029226022037,-0.7461735322841101,2153.9725728900003,40,402010
US3580391056,0.0603222738924222,3.975863464864089,-2.0112274858419896,-2.9080502030940933,3.751252695669213,5.491826903692069,2.2965366379960908,3415.4891424999996,30,302020
US70339W1045,,,,,,,,1239.11511072,25,255030
US1272031071,0.0466124745078911,2.066238711949117,-1.2878590546444275,-0.3970802876080377,0.9495300350569318,3.298029752126056,-0.9303175211113204,5829.730035289999,10,101010
US00724F1012,-0.0056018161747518,1.139991875117781,3.636659989193216,2.091153873929594,1.8780823365760424,-0.8461961763876533,-2.678728737606286,104688.7836349,45,451030
US4595061015,0.0082718965245558,1.6539071394228242,-2.329781507432404,-3.7401868016545703,-0.6244637665548503,1.8210862336772915,0.7676142255825147,21461.61640476,15,151010
US8170705011,0.0483408332199706,-0.7669748952645532,-2.948554646736732,-2.869662608315368,-1.804037282860872,2.33405045030148,1.0799221248113369,1116.9970542,30,302020
US45769N1054,0.2344683004041733,1.4361811921477547,6.282792626879121,3.187902966117309,9.007463571668808,7.557512416874752,0.0736633999993936,314.76476448,20,201010
US62886E1082,-0.0328333108156183,1.0040926854447625,1.5064712234722295,2.8140658266486684,1.9404614063824328,0.7778220581617354,-0.6078699502862345,1120.0974036000002,45,451030
US14575E1055,-0.003879970947417,1.817255979372,1.7936571255828613,5.079377047837603,3.8772258576521335,-1.1733893619355968,-0.5855526407102776,599.29746078,50,502030
US68237F1084,,,,,,,,579.44970694,30,302020
US91678A1079,-0.0464606691505179,-2.041425705382662,0.6710529575033513,2.507327803523443,-4.502187081892233,0.8030933822697874,-3.768872238381772,269.47219531,35,352010
US34354P1057,0.0315835063627722,2.5788296236382577,-0.6981183538670479,-3.42205514451728,0.3959013974141701,1.4596728349146255,1.0594370850803454,10221.28349286,20,201060
US4771431016,-0.015572495613166,2.9357340988156397,-2.397836393322564,-0.7973861234388211,2.0679643239785253,0.4415788081737339,1.927211983950732,1912.24849267,20,203020
US1264021064,0.0497290382718907,1.87456799791308,2.2916733787840093,0.1980748883330262,3.1704865163863456,0.2291091791291067,-0.1958383292175928,5389.281689199999,20,201020
US00847J1051,0.0162756369113474,-1.1101147811007093,4.185891565427773,0.6083717964235356,-1.897650155157584,-1.964276932329068,-2.081984120204316,3059.4683890200004,45,451030
US4228061093,-0.0077219788140283,0.3343413411722907,-0.8119052779423245,-1.270327956863307,-2.385880956682779,1.2246811916880818,-1.118465275630295,33758.75229684,20,201010
US0453962070,0.0333187146072596,1.0557897939002947,1.206114524994132,-3.860924938289545,-1.4511602652970217,0.1448766726894268,0.3017003552627523,475.16216496,35,352010
US09180C1062,0.048584977114764,0.650338029915229,-0.643601078798973,-0.631627050487692,-0.7040607092452713,0.3189526896652191,-0.6930035779711343,1374.6530002499999,25,253010
US04206A1016,0.0337907856584507,2.1824171841277256,4.850198562858118,-0.73533551739779,3.6487403764104616,-1.273282686262838,0.2426361067047293,1460.4303839999998,45,452030
US0970231058,0.0025275803752928,1.9300552901845884,-0.193326261007795,1.4227545784058044,2.1940009792795707,2.7685350585895137,0.3986841801704925,182943.318285,20,201010
US71385M1071,-0.0012494130083154,2.0517431496544103,-0.2522048836733601,1.3515335853449035,0.5712018574438975,-1.0430895155038502,1.0084801565008754,5108.518614539999,15,151010
US35137L1052,0.026212032532528,-0.0680936529751751,2.070367087793899,2.516002331117486,0.2733095581528612,1.1932081709408826,-2.814625670909064,26972.504339200004,50,502010
US1567271093,-0.1058061796563448,1.6973496776620975,-3.0827480519418797,1.885110180868068,-4.02137728149339,-0.2019310078851593,-0.4756706271145117,376.36625214000003,45,451030
US42806J7000,-0.0760688815545958,0.2857232054331837,-0.4901491723226618,3.111193415210526,-0.9569065206332152,2.707919388919376,0.5791825958740819,772.74549915,20,203040
US03676C1009,0.1161144064812145,0.824443406942365,-2.6175839832166377,-1.856902118298804,0.1137049881352938,0.7211132677363907,2.5087822563438973,1757.681112,50,501010
US07373V1052,0.0047774087211172,0.860098058937007,0.3976854559380567,0.0443243827659798,-2.0182970946754155,-1.0818520206971174,1.4930528488228845,2725.64307294,35,352010
US4937321010,-0.0028741984693172,-0.2453917605360691,-3.9471645690408783,1.4515244873960569,-2.910042931989037,0.7380549680385253,-2.018349486137493,988.8934883000001,20,202020
US4037831033,-0.0004007508137406,1.7588845142634897,-1.8840345513350063,-2.0020761598856907,0.945442823831628,4.278622369023668,1.785591980564587,100.51981364999999,35,352010
US52603A2087,0.0107888779286763,0.9026762505245144,2.5380185222497698,2.6623068896320734,1.8354580183976044,-1.4640584828835057,0.1102726704599627,2186.4596608800002,40,402020
US16119P1084,0.0128081856477102,0.3040323790272986,1.4610866028394809,-0.1135007047941261,2.7314746182906298,2.3030843508194923,0.0964122929041992,11813.48906465,50,502010
US86800U3023,-0.0162657134547048,2.8652373991933238,1.843360124508824,-1.938391105831296,-3.3683585282141792,3.187983128543724,-0.6755977982908239,26425.531476540003,45,452020
US9467601053,-0.0059633368648996,1.1062873537572533,-1.120271412343992,1.950479522674624,1.2550267760820928,2.797339342197861,-1.0891863042078869,445.97068275,45,452030
US64073B1035,,,,,,,,3223.8533327799996,40,403010
US46620W2017,0.0258444818849584,0.8909113745197297,-2.352168130332577,-2.1260478868847223,0.9608923791859638,2.1698530225488293,0.9263026856730864,132.63203138,25,255040
US64082B1026,-0.013142244938706,0.9900327330001388,-0.4879564928695981,-0.4406130586486951,0.4870377533874903,-1.1462872479034223,0.3114185961177191,600.282376,40,402020
US0718131099,0.0169041735456056,2.309035422717992,-0.9988122936849751,0.1448605646942069,2.762227615709413,1.998855675758537,0.2961183823468702,13768.127132099999,35,351010
US2681501092,0.0073976139746504,-0.6011888548971651,2.7496240852002454,1.092750078757199,-0.6428055511541939,-0.1337776107257053,-1.3054874922555122,13894.7352962,45,451030
US68287N1000,-0.0172502483863961,0.6434961423027148,-0.5473885179102517,2.279424642733786,0.0815486900502338,-0.6669653069526802,-1.100375180252102,561.7767417599999,45,451030
US0008991046,-0.0379584632305777,3.7422474267962222,-1.4276739142105783,-1.3098947184590242,2.8932539658928618,2.5906823435410984,1.4092651786107468,2039.1759001900002,35,352010
US0126531013,0.0160879416799493,0.7538202753908024,-3.911792305948919,-2.698603341717037,-2.196107039538738,2.6447772527054587,0.3517326788572605,15999.800921279999,15,151010
US8902608392,-0.0398729858995,-0.6327366536087341,-1.6418774884190903,1.9384922172425003,0.1943199272837678,6.992095486438412,0.657898432699896,217.87119545000002,35,352010
US6402683063,0.1251253459551025,3.049461698959544,5.418172432494568,-1.945187079824204,4.244006852812506,-10.821572952244528,4.711962880854599,2460.3604032000003,35,352020
US7444302084,0.0145865386766805,1.4256712420902098,4.5720582944961246,0.3186852103174162,1.7008855407225747,-3.8151877816599984,-2.1485732485558158,165.84377120000002,20,202020
US5015751044,0.1334918236375324,0.8671245400379107,3.61678067140836,0.0701602224265103,2.609485536513158,-0.954704612030338,1.8379321536014168,9483.445738,35,352010
US75943R1023,0.1692111676036026,2.833139131914524,5.792445214604786,1.1577223839503603,4.144760271174029,-6.395025850588569,3.0505688003977305,3519.54453565,35,352010
US02128L1061,0.0015514640969092,3.392038961207205,-4.724358878890246,0.6462550169670478,3.5853899027894047,7.16849001778056,3.9611747751389896,140.64410063,20,201070
US3463751087,0.1567100494170377,3.135162813200043,1.9157120389140143,-2.040786562977237,2.170573147754196,0.274689145164575,4.334796904826564,10191.6493112,45,453010
US10316T1043,0.014684246264399,0.3474816810261776,3.535706060165303,1.995197236803212,1.360939652275406,-1.6575906788644468,-1.8569492432225796,4367.50022709,45,451030
US1630861011,0.0517714779148972,1.883021668715664,0.0794673884339413,-1.370590177340017,1.5368404321173574,-0.3734988288133567,0.3098991431465097,3942.5396382400004,30,301010
US76243J1051,0.0241266048490919,0.8563287988922258,1.5589807162400429,0.0918888322347444,0.4884473298360138,2.1478123710707067,0.6640037327978436,7151.57087904,35,352010
US4228062083,-0.0119357860736232,0.2882906240888325,-0.6418924878958114,-0.8249207472048262,-2.107981602896708,1.3079271010715716,-1.0350841785968845,39176.13700692,20,201010
US69318G1067,0.1218552706669109,-1.952209916277848,-1.06111876952753,-0.3795089779859864,-0.4567607140716363,-2.5489324452435405,-2.75435309229892,6097.67862711,10,101020
US26603R1068,-0.0326680968917157,-0.480704625466582,6.071927068749824,5.8659060230252695,2.739144690662366,-2.907140781947195,-1.8012682949236911,5987.39339823,25,253020
US2641471097,0.0692793450031249,0.7365086098023326,-1.6053423688063853,-0.0858904899722272,0.5048422757411983,2.948012976457563,1.1796503112707852,2867.30547725,20,201010
US78413P1012,0.0212006174259821,0.7701940288455358,-2.7910561030561905,-2.82391272424818,-0.9798507997790252,0.0553482538061425,-0.3968980480164189,217.56636472999998,10,101010
US5809071039,-0.0367850373713428,1.7143589313365772,-4.744527523328863,-2.332775442491918,-0.9960813024008977,0.4537476188196545,-1.269780588583015,2506.15,25,253020
US7473011093,0.0603463636407144,1.9615341995965196,1.7474922592585784,2.1985776384961877,4.869272702040321,-1.4776609250686934,0.3795252997518518,391.4832035,20,202010
US0116421050,-0.0006356586210398,1.4423541389866892,0.0800827792347407,-0.1036423897288564,1.5627359177731748,0.2276129566333299,-0.6923323033656293,2579.97107852,45,451030
US5898891040,0.0355887636394553,1.0179376860251867,2.001284836175061,-0.2016874730376473,2.132209710433368,1.0621681189561332,-0.7594336220955317,5294.335292090001,35,351010
US69370C1009,-0.0049594458804385,1.2947706559407144,2.6388633774498524,0.2174169379738759,1.6259328663630777,0.6397480399396408,-1.5614768275362425,16066.64459109,45,451030
US0536041041,0.0033217541263402,1.0015624494701307,2.9120637537458127,1.7104974963885833,1.9727345861033023,-0.3221114069558979,-1.7262694790157076,1854.3424547,45,451030
US9120081099,0.0442777596903596,0.984762704835314,-1.9245288946669208,-1.5102655790505894,1.5759014046366675,2.1441878872452858,1.814141010609964,,30,301010
CA29259W7008,-0.0805552844967109,1.3607460182115785,-4.192959227829816,-1.8332252784964784,-2.056292168790974,4.778072050579624,1.7412334572191703,229.16147328,10,101020
US18507C1036,0.0697801227497694,-0.1442992567855331,7.232570303419314,5.232680798819974,1.3850957432115043,-5.248673213403349,2.3780500108328395,431.20638567,35,351010
US0240611030,-0.0293385507977315,1.097845749495997,-4.687781608715395,-1.8305309858768408,-3.089401812399285,4.77862759348913,-0.8753214952554548,1525.4807439200001,25,251010
US8935291075,0.0477553927440146,1.1870669730116714,1.5235986342245835,-0.8033494255362944,2.079828012826569,2.491019456709403,1.8699737297584025,853.34651618,20,201070
US0197701065,0.0324741818965444,2.7046342421456893,-7.359801271513484,-7.452109771863098,-1.317363917323336,4.342110445978504,4.162926475534675,490.8723416799999,35,352010
US0476491081,0.021782497062144,1.3489680495756282,-0.2008786929723065,0.0821695237065669,-0.9043433881911956,2.71000839988144,0.2216069644526427,3128.51834666,20,201040
US9633201069,-0.0763323138374423,2.029193712685228,-4.208657674413308,-1.9671244079414143,0.0807103753755451,4.971891164449677,0.5431547031077637,2675.6973243,25,252010
US9258151029,0.1196413562434965,4.71316698378609,-1.5352030690175935,-5.219529361997775,-2.228302730015056,3.4080073193687825,4.216471657477846,7469.99931019,20,201040
US92243G1085,0.0489212117345955,1.81817933223832,-1.4556522130923126,-4.101829015518482,-0.5447701324603207,1.2295606342697465,2.027690070882988,8433.007265920001,35,352010
US3397501012,-0.0298751770175691,1.7555876792265697,-2.9027738667390945,-1.618384076102235,0.8691331256304792,3.224649617361222,1.488841785433794,6152.05192032,25,255040
US0042251084,0.0303169983878965,1.2968077725785354,0.7410458865834553,-0.7093419794940712,1.5118258660941433,1.978680773490809,0.0843879070417451,4819.839390599999,35,352010
US4592001014,-0.0514422237633034,-1.3552953123725335,-1.1880826776794509,-0.0110435242988651,-4.955908163604356,-0.0653178228019171,-1.101096810765523,220456.4707189,45,451020
US77311W1018,-0.0373228515512037,1.996205629197991,-2.2865311652761595,-0.9015010178293136,0.3890576909601368,1.396433820143661,1.5965896835934956,37502.498504940006,40,402010
US2199481068,0.0012815501979535,1.8320161673140447,-2.1528354456425345,-1.0296237020362151,0.0561611878097614,1.5844385534692524,-0.6970667218588094,,40,402010
BMG4690M1010,0.0077324265220153,-0.0711919438820343,2.378918957623194,3.633843052881475,0.1946907854024934,-1.9441883320207995,-2.2050280942997134,411.30371145000004,20,202020
US22266T1097,-0.0338926346688519,0.4117639084130723,3.388546688018619,2.3998365144150298,2.307185503042756,-2.786386960486832,0.8763980099078563,22283.788246099997,25,255030
US09260D1072,-0.0018240420255082,0.4867993003752136,1.668436370966135,3.7407705889541223,2.2472016069509264,0.6382503302373939,-1.30690835816825,176949.2816841,40,402030
US0464331083,0.0688160540592585,1.0633222154605635,-6.157170433217063,-3.767304836066968,-3.6926118052177896,7.062052174085787,2.325870405222358,3916.5231099,20,201010
US85916J4094,-0.0608345158742301,0.5573080955987773,1.4657131753685229,0.2800615169646723,-0.4229708753682031,1.2992951554320706,0.6454159924303975,90.91025008,35,351010
US50155Q1004,-0.0427597850142458,-0.2563954101652036,4.241464953547163,5.53292587666642,2.2282358189740017,-1.4760702729164574,-3.3389911806899626,2845.42672266,45,451020
US48251W1045,-0.0019620033482052,0.400113736021963,2.2668910749001103,4.089620235842414,2.3705576987974477,-0.1043232023134403,-1.743047294780288,77945.6782766,40,402030
US20848V1052,0.0652240021922347,1.6707567032591004,3.5195106583702462,-1.2849909240831254,1.4716900322048057,-0.0373081817356275,1.3580967163381297,701.7269373,45,451030
US19247G1076,0.0866666906517711,1.6859907522929916,-1.6579746259851191,-1.7023232252374214,-1.1045203344678702,1.3269439910818082,3.001660991883797,63023.11754598001,45,452030
CA25253X2077,-0.0083361114668807,0.4592328175163888,-2.151554055718163,-2.252684423529336,-1.518786814103379,0.0195808957639029,0.5491215727447478,219.76661980000003,35,352010
US2246332066,0.0369179115091068,0.825236157201104,1.4058848841740967,0.9592577979950796,1.6003609196662871,2.080647601444193,0.7753916530826193,329.29126494,40,403010
US86989Y1091,,,,,,,,93.92810625,20,201010
US70451X1046,0.0111715244451782,-1.5696675006046097,-1.3225092759509895,3.600133440369418,0.3035884930943322,1.375588005466466,-0.1623591096726802,2226.2324145000002,40,402010
CA67000B1040,0.0273821149772029,1.4673836396794289,0.02118031739086,-1.761559828790076,-1.2714102068532989,3.809092716581928,0.3108355202153302,6249.00537408,45,452030
US18914F1030,0.0325740011705843,0.0372429459128784,3.816369968906258,3.05339647880746,-2.1206408981761093,-1.7361848481655362,0.7878410165309111,2168.93027736,35,351020
US2067871036,-0.030491771997631,2.739932156295877,5.768460709089237,4.050617360920653,4.8341656962984505,-4.348211780354021,-0.9403628811442166,218.31869367,20,202020
US29452E1010,0.009868536043797,1.1262453342572425,1.5535323940943566,2.262718896619832,2.024800577079433,1.233989517404087,-0.5621478124269637,14398.32689866,40,402010
CA03879J1003,0.0363185265211694,0.0637260658117423,3.3165531260294463,-0.087961774745393,0.1828959494109208,-0.9573695414589534,0.036619715996472,721.3822780500001,35,352010
US3741631036,0.0607404039177467,1.940701803350046,1.676718344009452,-0.4875869867323494,3.987666938518512,3.452726667388072,1.5998557967781857,938.2916956,35,352010
US5494982029,-0.0747710841678555,-1.131878225649746,0.5067869914390735,0.5304128005465993,-0.6460839471930879,-1.4127820482549145,-2.1641380891280506,2413.6693375199998,25,251020
US75960P1049,0.0756637611294122,2.878676780201294,3.7784999656468266,1.9325363336274968,5.574860719203839,0.5336303036517073,2.1453891841793404,5200.5169348,40,402010
US7789203061,1.4816988749852644,33.45685346921204,5.666076512566354,-86.67563567444886,23.613462609100843,-18.20864423459522,56.77033015741237,2314.57775553,45,451020
US74019P2074,0.089750032689594,-2.308751898369992,7.538099858613098,1.6306711208201286,-0.6217671540336696,-5.096121890035184,-0.028140815916846,190.41719016000002,35,352010
US9427491025,0.0343853646502629,0.9463508316038328,-0.936017499595756,-1.091881940306997,0.6300459600589312,2.5249863325981066,1.2595674923022082,12691.8974007,20,201060
US1030021018,0.0398686064961572,1.0455894938292931,1.1315598733326553,0.1327913948988818,0.3897273904175435,7.44241464920487,0.2179016954099051,589.81609918,20,201030
US76155X1000,0.0845203450678446,2.6353508144624427,-3.27229634269156,-2.4454583543277977,-1.7830241281020518,-0.7946846676561354,1.4593025427875488,42541.077039820004,35,352010
US1200761047,-0.0238741075546902,1.1575905050198307,0.8584137547502293,2.8556672170866158,1.824754147090789,2.333185310762916,-1.5061577482493096,452.20046508,25,255040
US20603L1026,0.0347512884208719,1.306391002845402,-2.4118890731192093,-1.6366264246628848,0.44258552872963,3.346427145567275,1.0857078182438065,4068.3642775499998,35,351020
US2935941078,-0.070194719297079,-0.4898301832674612,4.609092040113267,3.3658019629908216,-1.866152387830268,-1.3195585156181986,-0.566791737605034,821.1022613199999,20,201040
US23355L1061,0.0191249997991363,0.921894813167614,3.334907097031436,2.215263824118267,3.4427746214539448,-0.1240352895903469,-2.097277798578088,1704.78384048,45,451020
US2893951051,,,,,,,,188.2897126,20,201060
US35137L2043,0.0213588425075515,-0.0507519014723033,1.5956637639358473,2.089709199617042,0.0339303872933797,1.6811628071511184,-2.4961051564801178,15293.34729755,50,502010
US67577R1023,0.1266561399172144,2.122809856767077,1.814227416158668,-4.259020045693507,1.9223279679532448,-4.137256862077874,4.684620781364128,266.46675378,35,352010
US45826J1051,0.0142184482912738,-0.7344620820021008,-3.2438277562773603,1.8421603864577247,-0.7300044651051714,5.122686996014823,3.516181504772188,1581.00350357,35,352010
US55826T1025,0.1011496895381546,1.3425131253021432,-0.4744877052839364,-1.7676712345742738,-0.2267862383429628,-0.3239793014970085,2.610239242804593,5668.6656318,50,502020
US30303M1027,-0.0397824846242587,2.451119534125991,-1.5109418471450908,1.3374703731174953,1.7025191086651852,1.765708964375872,0.4474789203062611,1500978.1724579998,50,502030
BMG0750C1082,0.0140410251264545,1.749012665665988,-1.059454793144978,-1.0099571077075564,0.9293410207572952,2.280728337308733,0.4433389358389324,7950.408782639999,15,151010
CA45245E1097,0.0535961730842555,1.6748310284607435,0.0830087135054611,-2.554779248454748,0.4273315233412217,-0.392809617665081,0.0640184284857737,2337.16479525,50,502020
US87583X1090,0.0929146119716844,-3.769596785712308,-4.898198050349714,4.848907681033031,-0.9941732628949906,-5.543844975006018,3.156184438226723,3940.8746914200005,35,352010
US0320371034,0.1740474977572584,5.185035912307849,-0.7925329502805756,-0.4756124762023335,6.126652417217253,5.476235388205748,3.3744445856271623,170.19719677999998,15,151040
US61218C1036,-0.0009394993881944,1.8376316356408855,2.8246077551842403,1.719324855453102,1.1816044460071362,1.6984911360643826,-1.8221997120688849,87.5151012,55,551050
US83085C1071,0.0104212598288084,0.4833930636456999,1.4168202272687391,2.2032542409035427,2.459265137486822,-1.0854785324625331,-0.2597747479667563,512.6477865599999,20,203050
US8308301055,0.02599977618917,2.3490513108382745,-1.9472588519914007,-2.2828893957787137,1.699670544505313,2.015687788399932,2.5494467291466227,5046.693405000001,25,252010
US35138V1026,0.0413972479255277,-0.548605294470749,3.491899794021741,4.266769597119923,3.081134550721596,4.497782266235673,-0.4148714835487364,879.3614512300001,25,251010
US0235861004,0.0035901324272296,0.8555412166430513,-1.664424532493055,0.7861171022636633,0.2014273721728888,1.5781341418527512,0.2245680760947851,5022.27551133,20,203040
US23834J2015,0.0660917290441039,2.9649770084216414,7.276004311823438,4.0666528871966126,6.141254793653374,-6.7606575091250525,1.6168540637965574,3508.6155615,40,402020
US52472M1018,0.0090072633287834,0.8090678006322033,-0.605093958551364,0.6602508100823113,0.9745672817327276,2.526545356819617,0.6274826290474755,246.05153507,25,252010
US9418481035,-0.0175202674958607,0.5981763413767198,-1.4510069145400066,-2.1630483068505955,-3.544809310193034,0.1572643129225539,-1.1652962367043396,40431.04952693,35,352030
US6687711084,-0.0238646120804338,1.1199051964903022,0.5291189297232864,-0.1886161258187229,-1.0900666509417385,-0.0427451534113194,-1.8354823233057127,15439.44821725,45,451030
US15102K1007,-0.0041395199330307,1.3759192911416376,-2.9277003016657988,-5.678168643820054,-5.184858964081615,-0.2585134413557622,0.0411436065096892,3624.5003835499992,35,352010
US75886F1075,0.0471268951429073,1.4880645631328446,0.6193503316373146,-1.7932507197859129,1.677307566043924,-0.4875900996034619,-0.3822642436319261,81315.46445352,35,352010
US3847471014,-0.0132786248161489,-0.4867401478106923,-0.5086323471210594,-3.9356882664880737,-9.758362193352443,-4.827606946647943,-2.975996445821681,2587.7763135,35,352010
US00091G1040,-0.0323082703730262,0.756452494077798,1.290736215784841,3.767566935942712,0.1743719644926327,1.866661916797483,-2.1402776938187253,1368.46920018,20,202010
US25787G1004,-0.0035680871909004,1.7528351822841004,-2.138583021072355,0.0183705727916225,2.526485790492032,2.03178275357295,0.3954465073478163,1146.5004138,40,402030
US29261A1007,0.0034725356245625,1.357693677888721,0.7382536364062704,-0.6956853266758367,1.0685464493342287,-0.4189858449467294,0.0733065218189756,12012.4857411,35,351020
US79466L3024,0.0145884560436124,0.5450039966425623,5.084778986207006,1.7316474659740586,1.6125193722559563,-0.4422823248899934,-2.6098993100569494,156538.21497929998,45,451030
US53222Q1031,0.0858739364998041,-1.2387030109395596,4.465219934783039,6.588205181572695,1.8063699166773008,-5.8887728861692175,-1.4984146512978258,118.21307574000001,25,252010
US35671D8570,0.0481930921280696,2.049050708692408,-1.091450874841447,-2.788853654120979,0.3887888142519429,4.1354174461571045,0.3941187095734783,94840.55157124999,15,151040
US00773J2024,0.1718560715887845,2.456477172102375,3.203480741113937,-1.5858377065310754,2.1525784175062883,-4.358241628066594,1.6413487865390737,7950.0749223,35,352010
US00650F1093,0.0333595382686247,1.5970877779602255,-2.496621128921614,-3.376205355246689,-1.8950342829121256,1.8182563160264624,0.7122162314719404,3825.3639076,35,352030
US21871X1090,0.0033100631410493,1.2788126338596264,0.8840402560993201,1.7978831155609205,1.5103891086472987,1.7993029478268237,-0.5939276716510182,13591.155336239999,40,402010
IE00BDB6Q211,0.0291105322044465,1.052076444103269,1.7351791704308934,1.4717873991320083,3.230887637487785,-0.6891706169095898,-0.959086715339267,30702.288662100003,40,403010
US75574U1016,-0.0624983836905785,1.2313606015904353,-0.5735966619004915,2.8113553659962824,1.5845365852822215,4.075917979870006,1.2877161023848929,301.8567056,40,402040
US68752L1008,0.0176948035721944,1.6808642761374035,-2.5550967204531925,-2.520770136331908,0.2468960873420063,4.209412895199943,1.2228320953619214,435.7582967999999,35,351010
US9780971035,0.0181908317454457,1.33963313512979,3.213593805300365,3.2989797309259474,4.449413806644275,2.35345495621077,-0.5659490783731623,1693.9079681999997,25,252030
US67066G1040,0.0303204037157323,1.1878174189618496,2.835885763285126,1.9272634896365644,1.454226597439046,0.5864907501279473,-0.5728084311335639,5213022.067636,45,453010
US7055731035,0.0087200500679104,-0.102233045854083,6.64420939864514,1.7678197691931754,1.8809252951209632,-1.633833867258046,-1.4727174537268186,2698.0183032,45,451030
US04335A1051,-0.012758593687209,2.267091853227894,-3.538384861025773,-4.759819637980947,-1.8410516121903957,2.56607843049525,0.4820180454397346,538.94110645,35,352020
US8545021011,0.0278985207334234,1.9046154758238023,-1.3486625965799115,-0.9946999047895952,1.4395191375149092,2.2608019888432445,1.1963734150960412,15362.894238090003,20,201060
US5341871094,0.0350492391945842,0.4100042690831175,3.4823677888783555,3.023764302540683,2.77996751748594,-1.0090737374586018,-2.023845462058077,8662.5734624,40,403010
US3746891072,0.0105640429524751,-0.1845125989273309,1.709198916076665,1.360940739900262,1.012609548154733,3.1843345879540936,0.0240345496561403,1410.94449492,20,201020
US04965B1008,0.0104253743640797,8.363603301723499,-3.459108631295045,0.4137016888627718,4.8685506563449295,-1.210512475219807,7.884008684487572,207.72893622,45,453010
US85220G1094,,,,,,,,838.85630918,35,352020
US89422G1076,0.1114813208802648,1.0783766163736364,7.268163666809459,3.5293412766432004,1.167286787491419,-5.775226238898402,0.3059725943034571,5756.48077212,35,352010
US95058W1009,-0.0142040495446881,0.7919194959360554,-0.2704538665833794,-0.2193037213269792,0.1205366641234089,2.681442221701567,0.109213259916743,1493.0970999900003,25,253010
US1295001044,-0.0221728502281328,1.918554740591576,0.1767655986987898,2.508621183255002,2.206645843821403,0.1573686729139762,0.3137911889863553,429.96864597999996,25,255040
US09290D1019,0.0022679664227582,1.478514434090235,0.2249592568017168,0.830156139056085,1.377607937968183,1.2665282987339856,-0.6449738963380036,,40,402030
US97785W1062,,,,,,,,1644.85592859,45,453010
US9119221029,0.0083827115000993,-0.1598559554057426,1.2513314449048467,2.513104055149934,1.879445028309568,-0.4933056304131752,-0.4125146810474034,1257.9354229,15,151020
US6177001095,-0.0167532276444244,2.0549372192324937,0.7835443488436573,0.9015448110223508,1.8639277382057104,0.6458859045155492,-1.763710207119308,4309.66418724,40,402030
US29357K1034,0.1028112903411013,0.827155884106472,2.286470889545127,4.473683284806343,4.3049637469917945,0.434343961099584,0.2307039218656946,6302.441249520001,40,402020
US30050B1017,0.015586080167841,1.5048612900632632,3.944474907653772,4.420287966263169,2.990870193764994,5.847555188199447,3.12783784786596,514.74433872,35,351030
US7802871084,0.0220579379393058,2.1006572070855007,-3.142547100363993,-1.932113462422064,0.949351229738046,4.146981116421306,1.3788979152543033,19473.1823256,15,151040
US25382K1007,-0.1145410047157356,0.6711217909543348,-0.0502904774201519,3.5873849918327383,-7.612599342599401,-4.332357720782178,-2.7849595527502,137.05630616000002,45,451030
US8585861003,0.0120313537135322,0.5745966641087834,-3.2517993576253783,0.1902869555587329,0.1444105226244368,2.863236971147721,-0.4406876024452547,1397.97786128,15,151010
AU0000185993,-0.0247550720017962,1.001508955050646,-1.6372355864795136,-0.6324928553310564,-6.3555710852352,0.6372567829413285,0.3863504676242184,15729.999456960002,45,451030
US11133T1034,-0.0239942170122652,1.2725505131489498,0.820433568061262,-0.2711704496056216,0.9133856760677674,1.1420162302766776,-1.225277708103854,19362.358411129997,20,202020
US85914M1071,-0.0244287305465668,-0.2062863507594339,-0.3416064134274569,3.8807526363246208,-0.0741171035910904,1.4697561716256562,-2.401193606260549,4976.590716799999,40,402030
US7631651079,0.0356414641984518,1.8470298639332137,-0.9722765685671284,-0.0987639497953583,-0.0849228513862836,1.473108061803662,0.5507240847381489,290.79367169999995,45,452030
US14280C1053,-0.0283885994971728,3.163616222315661,-3.6727881973591927,-5.136175170427411,-1.3023162904908905,0.9306355407454472,0.9569166398218748,226.38484861999999,35,351010
US6811161099,-0.0548522858740797,1.3707596874170356,-1.2664940236741802,-0.9714834259385908,0.2167221569942928,0.9555575308248856,0.1078944980700173,4611.12722807,25,255030
US90291W1080,-0.0080369501301416,1.1359697204555053,-2.2874494476188008,2.330312114797943,0.9198924641384164,3.5426028052024225,1.233905905325135,16.18482884,15,151040
US59516C1062,-0.0904917128960982,2.3242765622248798,4.96789137805286,0.1831653667692081,-0.657993604418633,-2.242128975240991,1.083639349561245,185.76514263,20,201060
US3030751057,-0.0183849692792984,1.256513413201758,1.0203361999022351,1.5913316218520812,1.3860063125590658,0.6778666762650409,-1.633353236334348,10056.78994891,40,402030
US88339P1012,0.0336289392273124,2.802380333479892,2.686427698745232,2.542073379315431,3.3669412206981724,-3.5976694008950454,1.299093148036083,1179.1339791,25,255040
US6512291062,0.0684177297098919,2.234348533790149,-2.691047485860813,1.7790803623573996,6.016959278201456,4.998394108145658,4.119753657483598,2645.84940102,25,252010
US6515871076,0.0024445594958479,0.2968536627627265,0.4021486604324189,1.3329078434276118,0.109462656016141,0.0313209764304021,-0.6096014599601124,6740.715938,15,151010
US80706P1030,-0.0081801844891116,0.332693286002729,-5.08527091106272,-0.4947179599153997,-1.7518555790498576,-0.3915390538975403,1.2166964225633516,6314.91597568,35,352010
IE00B4BNMY34,-0.0203451575342457,0.7510792078383391,0.8945356976428018,0.0314602312653489,-0.3708257155141923,1.393854250085394,-3.599550658359787,108205.712633,45,451020
US90400D1081,0.0096623453424591,1.1388935174751589,4.416697024320595,1.105292219882696,1.7529820650783343,-2.1928956037894176,1.4124353002432029,2493.63745488,35,352010
US52886X1072,0.0297688401697808,0.9856979245803388,6.4926382770948345,-1.0492307544460124,-0.5646355295392591,-2.515044112292837,-0.3117595833102234,378.1273562,35,352010
US8522341036,0.0080206973915913,2.022670953955445,2.614102054533288,1.247494849015668,2.488444253370202,-0.9660122063251192,0.4957183353956526,48774.55682504,40,402010
US2342641097,-0.016596630091699,1.9891268343763249,-4.604808110524349,-2.9682515773721474,-1.0808586153870892,3.2072614055169386,1.3454188916437175,881.2054368,45,452030
IE00B8KQN827,0.0211700788088109,1.3364390839187927,0.1375019095873648,0.0487724577935028,1.271759970743282,0.8720687358489314,1.000806312470626,174996.0261632,20,201040
US70450Y1038,0.0220619356676988,1.4597325154449166,3.974496984499777,2.566915777099895,3.602782480550593,-1.0130337448744489,-1.6144805834851437,52675.49838501,40,402010
CA31447P1009,-0.0053882046070214,1.8870709876488845,-1.7346831526326276,-2.1944964346951457,-2.259654703193119,2.798288510259781,0.962157498281007,340.44890936999997,35,352010
US82835W1080,-0.0568721722631016,-0.096719318286119,-0.6108719721226903,0.4468208877779298,-1.107487406917868,2.997246686018411,0.829380178322803,394.77239296000005,35,352010
US4131971040,-0.0055876903605637,0.9152684814222518,-1.556726478641458,0.5089130088764442,0.1397035107234464,1.6904652548962782,-0.4784118678359038,1684.6486541699999,35,352020
US25659T1079,-0.0047229337920258,1.8014498322239385,0.1378885959521071,0.116545913982339,2.298788166488891,0.6106156239154708,0.3146890746313217,5760.274843249999,45,451030
US46489V3024,0.0387260751224404,3.3104215897671434,-2.8686096174180573,-2.4244530181075503,3.316680879935157,6.528784612207176,2.7531977711373017,290.79604501,35,352010
US56400P7069,-0.0606027185245271,0.5060025446018552,-0.5557022908810796,2.085921850992563,-3.2377525038232458,0.3139502673756248,-1.6968203949391265,1217.55243427,35,352010
PR30040P1032,0.0149624396146516,0.7789571361036136,0.1586867017957619,2.1433503221318677,3.3214143268278526,1.1024399428478957,0.2517935357155493,1871.6572941,40,402010
US9100471096,0.0079951649518226,0.6716759982625939,-0.2122503724526474,-0.6526461215267498,-0.4912482404081133,0.8296369387978697,0.5445242488948827,40450.17383577,20,203020
US6936561009,-0.0416919067491952,2.9966977869897478,-0.0157195819524664,0.924075873806721,2.0455114358472297,-4.723775705463711,0.4580706260195871,3773.0984178000003,25,252030
US0905722072,0.0040757894200099,0.8663298760006806,0.4306471640661846,-1.237600013597676,-0.9344348895927952,0.3014738461512328,-0.8331768715352732,7948.890579920001,35,352030
US57638P1049,-0.0221797740865143,0.5650675872851642,-0.4131469929693041,1.8340989569170976,0.9036281953099328,3.3261528667477918,1.18009789811924,1834.2082656399998,20,201020
US8085131055,0.0352316485358245,0.0668942386083289,1.053897201858454,0.9783174415542736,1.192855530477398,1.421752329505548,-1.2707620675219853,185382.3091904,40,402030
US03076C1062,0.0240594455684399,0.9457751112581788,0.2435467519978726,1.6512543052614594,2.1841189941931445,1.5859537740869358,-1.1284656416034704,50211.428450399995,40,402030
US74587V1070,0.075077007794812,0.0323278379471375,2.2137037009206635,3.8995421670302575,2.649295754398797,1.39423737729829,0.0233393870872158,384.8150754,35,352010
US9011091082,0.0573179362110716,0.5393214397040048,-0.3113632371390307,1.1230537598233057,1.7149747722743514,2.088716484528223,0.7003184655312087,4247.17935066,20,201030
US8669661048,,,,,,,,34633.39831364,20,201070
US04649U1025,0.0089417987093089,1.4283357248125002,1.5495615263195408,0.7757133216784712,1.1407475678827526,1.7884801476691898,-0.5981111753896501,227.51273944000002,20,202020
US14316J1088,-0.0096810945633737,1.1050363456122043,0.5624009483683181,1.9888006156596496,2.178436003138242,1.541222645681968,-1.0764277763229466,12751.287212160001,40,402030
US2528281080,0.1042036213972942,-2.7214875401752114,-3.039886263791804,2.247108929347042,-2.723966654632924,-3.715752376337424,-0.1568219083475484,5975.13867225,35,352010
US0162551016,0.0306069338203473,1.969934355967836,-0.4579335140253919,-1.870095407760248,1.5150340203513015,1.8674486424159564,1.5251043432821163,12030.315143219997,35,351010
US5312297550,0.0113515019574724,1.1134030001132946,1.9256694261021796,0.6756874995156436,1.6440441092949372,-0.4950269057218299,-0.0494438878937852,24247.11479388,50,502020
US0235865062,0.0066613848214722,0.9181688069195568,-1.1155334774847003,0.7623031357834971,0.6101692385532935,1.3285184103021772,0.176196658301014,7346.0877844199995,20,203040
US34964C1062,-0.0121154640638417,2.4481765385276804,-1.6812263244062524,-1.5422158280502685,1.8737287418845463,2.3383011323423046,1.0898380696852232,5682.74171227,20,201020
US6668071029,0.0037625583034904,0.3227545954396822,-2.947206206182128,-2.6069688253403864,-1.1522365134689236,4.01080010454606,-0.3027549533407863,83037.67830096,20,201010
US53635B1070,0.0127321004141105,1.2564301566871925,-2.8575356924844826,0.1145176165457826,0.1969618085436975,0.8749384261658423,0.7000205085757781,1008.50728734,20,202010
US5312297717,0.010553914565601,1.118100262712102,1.7633965288073097,0.4769077212581155,1.4472181900855725,-0.4641441492935458,-0.0064178544593366,24364.263705870002,50,502020
US88160R1014,-0.0132843856999461,-0.3997585488025804,2.0755477695839417,1.195791572153845,-1.9184593230379547,-0.6462071054488396,-0.4836082665297213,1177438.195488,25,251020
US5904794089,0.0058127477541146,2.460827819388665,1.6952179458897985,-2.4198050898276744,0.9048352208137064,-1.6763852711484593,0.5272949979706327,834.2268422400001,20,203020
US00776X1090,0.0071044166721587,3.1291359424174057,3.8176100860854216,4.709847214862258,4.521109620180999,1.6526066832790298,1.0062453638763502,215.53152523999998,45,453010
US6294452064,0.0317203936138484,1.73637199171811,-0.0888687853567696,0.1454307552294902,0.2998549990692414,-0.2373171270012372,-0.5144953050957731,578.8677747,45,453010
US62878D1000,-0.0256815983706645,0.4476098538954868,5.5136054335705,5.6081398466805314,5.169422111764916,-5.663676898344001,-2.2938071855491806,244.86166152,45,451030
US5653941030,0.0288795509406569,0.7731084238058891,1.8928922555482268,2.580410298152552,3.0436064655940607,-0.8452679088477597,0.8858020536340769,9867.57941728,30,301010
US45676K1034,0.0443793444460598,0.4822264548097311,8.109162271266468,3.020362571612166,-1.1114978134091311,-0.931915669762538,-0.8721423662490928,,45,452020
US2854091087,-0.0053877764016889,-0.965967089713752,-2.331220187521244,0.7145972069656781,-3.835529276728292,0.0355112525533526,-1.405269145205652,282.1912769,35,351010
US4612021034,-0.0049754204076524,-0.2173499414015014,5.451839945814864,3.632009564881437,2.77335919925278,-1.626559955517641,-2.762635988161656,92129.02164025,45,451030
US83570H1086,0.0015897796137134,2.1849008127429155,2.378736921376104,-1.141526885259765,0.2782766738119667,-2.0649401952386266,-0.5885639400888375,1882.74098584,25,252010
US6304021057,0.0386961034005668,2.465903606816285,4.057032756131586,0.4160171209162021,4.415705575067572,-1.5018680118997176,1.7596730136456995,1308.1162654599998,45,452030
US49845K1016,0.0064082105937608,-0.2165235813727181,5.22769665917932,5.645459037976642,4.458464982799101,-2.9645774014020434,-2.523522181238224,5216.2861828,45,451030
US6979471090,0.1429173624534769,3.110148863843309,2.7092522724713786,-6.99941108908014,2.024677866255037,-3.1742577630962665,3.968515425274002,1527.37033764,35,352010
US88162G1031,0.0047513141002867,1.8160069115347897,-2.468713397910299,-1.3331150404976555,1.2478142924540103,3.448487744466455,0.2108105751611797,9298.0270143,20,202010
US46333X1081,-0.0014242570171242,2.32378997728331,-13.969763152295249,-6.854440104666093,-6.458394809972757,2.930426660650326,1.3540014990882718,754.2294494,35,352010
US7493604000,0.084797343400706,2.563905962365772,4.085654934490121,8.071142921509686,8.593158305921271,0.9152502381668244,2.5775050691882315,161.4711324,20,202020
US9222801022,-0.0321405314874972,-0.3104099557698289,-0.1359690414543718,4.674393326481828,-0.0576542589723154,0.787275621175201,-0.9926539383857552,5023.67901335,45,451030
US73642K1060,-0.0049974775872096,1.48629698165116,-2.635891263314785,1.655181337163337,3.426779023241648,3.8544354421491103,2.2441232293502003,343.62139812,25,253010
US2197981051,-0.0502087112898071,1.133237290558353,-0.4561265860207724,-1.9603973959975696,-0.5907282734902095,0.9169190277051592,-2.082910668293377,972.4711584000001,35,351010
US89142B1070,0.0539335112847707,-4.085792302123272,-0.2285299537928478,6.834039877480366,2.6739751707055994,-4.864720465092033,-0.8850908539916965,47.51786184,25,255040
US2960561049,0.0221018378120128,-0.9830929119424556,-2.07971680263251,1.205627694833356,-0.5442965358198045,-0.7653634867853112,-0.03731270589949,203.47912032000002,25,252020
US47233W1099,-0.0366370472317939,0.9382466317082808,-0.3637481256707821,3.539583943610061,0.8285686603493613,-0.2739892378753673,-1.726430961447586,7915.12998567,40,402030
US29786A1060,0.0319622619670579,1.6730972751327051,3.0103984278946303,2.87277102883524,2.739215613717303,-2.51851035380526,0.872250791313306,7254.75371416,25,255030
US15678C1027,0.0650858761104393,1.097851112616849,-2.184316201482756,0.4995755837948494,0.8681175617678689,3.34550467031292,0.4937350240708354,703.83891456,35,351010
US8292141053,0.0045024375670376,0.4037326790354399,2.907832088408613,3.2275783190565623,-0.1163349229331488,-1.98725951756748,-1.359534222248606,305.34423846,35,351030
US19240Q2012,-0.0068159646900765,2.229790283493903,-12.843013040919796,-9.68930287975017,-6.692807159634591,-4.866478425156759,1.099549614108604,6517.2062148,35,352010
US28036F1057,0.0623433263591026,0.0499470394325842,-4.186838260188512,-3.439693524600859,-3.0045781429939424,0.6081537952994198,1.171876676157121,3655.11901912,35,352020
US86150R1077,0.0531667822358587,0.8249480809706222,2.0272858611499838,-2.159426768056435,0.1489694428977709,-0.7160500552694495,1.3997998678643664,1922.9526280200002,35,352010
US89532M1018,0.0854855885576627,1.2788243729977795,4.064517680639832,-0.23735602994404,1.434804896935686,-5.083347358235874,1.383600903004253,2324.0799746999996,35,352020
US47103J1051,-0.0810471059732022,1.392777272046073,-4.002327543635691,-5.014708661496943,-3.9975787956399857,-2.971757539964031,1.2565794154482024,893.06048464,35,352010
US03980N1072,0.0599063864026548,1.06142187722915,7.1500118654643,2.3797540841214686,4.507306885870658,-0.936236208676865,0.2126504132678043,1183.92656018,35,351020
US4586653044,0.0101393241337108,1.591836220764149,-3.3361873248470038,-0.8340839064185994,0.167255389593159,2.950095755997232,1.4885438144681005,2143.5160175100004,20,202010
US26929N1028,0.0180020975465229,-1.391066541588912,4.2217011659247135,5.985158311969585,2.5487571813473764,2.8204803709045234,-1.840354265687312,82.67557792,20,201070
LU0974299876,-0.0413176916096023,0.9916923053932848,0.0749375254150244,-0.0400858909228301,0.0130170883597937,1.6246698751768478,-2.8552419824865263,1578.5667247999997,45,451020
US05366Y2019,0.0477039525791597,0.9961556049058328,1.8386173815581208,-0.8844835580387922,2.893463184838353,1.7623705901362623,1.6425634568569714,258.31958673,45,452010
US42226A1079,-0.0059099707770517,-0.4942716529534851,0.0418509359009703,0.6749562982294427,-1.0221238874594256,-2.2111335454974315,-1.340767711796838,8559.1031688,35,351020
US23284F1057,0.0138305985221284,0.6478682342541434,-4.513243594102206,-3.659288934892073,-3.190394928075333,2.6450938827020423,1.0226092257952173,696.5331032400001,35,352010
US45720N1037,0.1169860637696791,6.421067499770919,8.68657124159812,-1.9617453589608775,0.9960461569478825,-7.675431147150774,2.364507893290326,853.1402753999998,35,352010
SG9999014716,0.1954771065612273,3.9197438199113903,13.396818959862353,3.901837069500147,10.329656193973866,5.340968634603761,-2.639050682864666,1005.8755648,,
US76134H1014,0.000292545388532,1.0835424667836588,-11.776661063535531,-6.873407317578669,-5.495706532417212,-0.2448811109430195,-0.0020352826447902,513.6557455999999,20,202020
US38268T1034,-0.1116085854437599,5.918309369108627,6.598750460405192,8.962649657481542,6.365099771174395,-10.505678749922414,0.8904727155028823,107.7441299,25,252010
US05589G1022,0.0251432905915656,1.9065302454388289,-1.1524667458247384,0.8425761067529511,4.166050099691305,-0.0189944034720603,2.0348845998869924,4236.032547739999,40,403010
US75134P6007,7.73302983634299e-05,-2.652432626229128,3.4057283179828524,3.993659351418798,-1.7829654947762514,5.985063977699018,-1.322351010800583,587.8010650800001,15,151040
US8923561067,-0.019121595584104,0.458471859255126,-1.3148266265271171,-2.388969598014857,0.0312936743744005,4.06471471488194,0.2239975294660271,18615.140992139997,25,255040
US68243Q1067,-0.040155202263023,1.1574002642113257,-1.3128276185545962,2.649682134888163,0.1855469296630174,2.786287191473786,-2.0051019538629955,171.93475487999999,25,255040
US0527691069,-0.0068368270389519,1.0723043344552965,2.357385869207886,1.0346124120083449,1.6866881421513846,-1.128768509404497,-1.5817278227530038,52997.5541165,45,451030
US6311031081,-0.0004980024308262,1.38910007090947,0.4473927961457897,0.8320579999920009,1.1508666216789836,0.2524771218366892,-1.7185741852981402,38892.41022502,40,402030
US45768S1050,0.0016114902474741,0.6777720626880086,-1.0052453665324377,0.241791282036988,0.1728320350753844,2.3199244388857485,-0.4275480697621382,2282.4704718,15,151010
US3976242061,0.0479940189748794,0.8224726885664142,-2.611026813006616,-1.4236520690796148,0.9605038201656124,1.7129716945749651,0.152885760530261,972.9464427500001,15,151030
US05153U1079,-0.0035418386819008,0.6213466467158848,-0.3713232751703941,0.0664475907403211,-0.12199308187282,-1.1548864963046466,0.3557638665704972,781.30414296,35,352010
US25961D1054,-0.0552332206906589,2.201347156048696,-4.356540163029079,-0.1305550472570598,-0.0697812573616859,4.207836970897341,1.1599377960504325,146.04040304,60,602010
US4829311020,,,,,,,,1854.5008841699998,35,352010
US90337L1089,0.0443468735893645,0.7128857943218913,2.411754768325548,0.8876556778687573,2.853132222768602,1.7670782165040184,-0.4289251772023689,1188.7258281599998,35,351020
US36322Q2066,0.2278453544418051,1.8447600932339716,-1.106974378572561,-6.343504721503189,-2.7441660313697804,-4.980568950141902,-2.304421801287369,1586.15016198,,
US09062W2044,0.0339554559831311,2.173164770880244,2.011841420748097,-1.695948468014652,0.7097127436775179,0.0756603456116037,0.3046304180945175,1665.3723355200002,35,352030
US42222N1037,-0.0155704743645109,-0.2508206897540921,-0.5906715655905266,0.8816633356636709,-0.6988063790874959,-0.6391061102649652,-0.5191260330351107,670.7565078000001,35,351030
US02079K1079,-0.0172031020390634,1.8296858300508467,-1.7226636306480183,-0.9205121977233698,-1.58708124219297,-1.7419584683200835,-0.2837329579762054,3931776.6235350003,50,502030
US02079K3059,-0.0179720647211492,1.832646959235772,-1.8575327381635716,-0.9872525885528384,-1.7059565560811865,-1.6562806339599463,-0.2186677183361061,4204755.336178999,50,502030
US5184391044,-0.0185369218279512,3.0781649173904877,-0.9768049153326032,-2.216798129061801,-0.2694712932859711,3.223132519855728,-0.3632034267657344,31007.8705268,30,303020
US2910111044,0.0150164418543707,1.7976266571308854,-0.4858843464894693,-1.2607112488011134,0.5064871662449556,2.361637424813522,0.3759839714646324,90739.59179859,20,201040
US0079031078,0.051328063955848,1.8087543218934872,2.5715584265475626,1.2642718361404883,-2.9336065632312014,-2.598934379929924,-0.0918584924791415,834343.2217708001,45,453010
US2244411052,0.0007258895512088,1.0406552341960675,0.2446397809251455,0.553977599551017,2.057646546417867,0.4024206698515495,1.1959281827715258,2533.4945038,45,452030
US83422N1054,-0.0410628103353247,1.7676218051556438,2.399640845512694,-2.820566628204933,-2.5233762362678496,1.9816086147104837,-0.0185570645089219,433.71168500000005,25,251010
US45784A1043,0.1276639036003003,1.7511067663760844,-0.3347178737852458,-3.5613161307562087,3.1183425631882766,-2.1323663193780784,3.9171993002454455,212.65834608,35,351020
US92921W3007,0.0217993366826828,0.5756718219664274,4.423410819147368,-0.1876189929215079,-5.662986479409518,-0.1833444074169747,-2.6607751154224744,242.02181336,45,452030
US3131483063,0.009703370000184,1.9354376458291636,0.0872453173641303,1.3697061370056585,2.5722034113625507,0.1581228184950028,-0.3513269257053278,2418.3933708,40,402010
US49428J1097,-0.0202781443032914,0.5059320204936256,-0.0324507540459099,2.0144212549730254,0.6833617083601242,0.5030548706200941,-0.3879903496890311,608.08356726,45,452030
US0269481091,0.0675588550711831,0.9026521199551232,3.8987809336440935,0.6658535570389522,3.172898791597946,0.6965963285460888,0.5366312920988286,211.6625749,40,403010
US80004C2008,0.2252794317952764,0.5958209620566266,-13.738548630022374,-9.366373056084369,-14.737250093535073,8.651773227012129,4.553716098205382,192364.0795696,45,452020
US03769M1062,0.004881958840701,-0.0538624773881592,1.7731788808501854,3.948402522467502,1.1568089963088206,-0.1422252978718392,-1.7583278334966164,59526.75706353,40,402010
VGG2662B1031,0.0101423102167325,3.2099095971031137,-3.83470294637938,-4.88710786388586,-5.29789921417499,8.527316710743797,3.3784755336404277,319.32820104,15,151040
US19260Q1076,-0.0605142663750617,1.3374091632582157,4.128261277088931,2.055720702427988,1.3145042488344123,-2.6576318567976225,-0.4538583338515139,38328.14644246,40,402030
US6200763075,0.0289923425678867,1.3299237945284663,-0.1157741839479424,-0.8598194705228952,2.403963615249606,2.4213526936429437,0.929013519577356,76851.46130032,45,452010
US6031701013,-0.0069593433473454,-0.4311667495225667,3.9318684720571713,2.819516813175742,-4.112213672923617,-11.168087005464844,-0.38747743041943,2129.8949687500003,35,352010
US1570851014,0.0203455094229205,1.598000273854236,-5.801930821760353,-4.707233838764136,-5.8765202210033465,6.779550858614674,0.8554720342741524,565.00724928,35,351010
US1858991011,-0.0511724504812813,1.9200478043720617,-1.0740076924079651,0.090653885885017,-2.948217631291014,-0.5464394690362552,-2.7098412581402584,6667.83506664,15,151040
US8313491057,0.0649001364497665,0.7929119747946263,2.687934310125841,0.2464609505886906,1.7451712747530077,-0.396480411355985,0.0247872210583716,1456.5866180799997,40,403010
US01021M1045,,,,,,,,1339.9,35,352010
US6819191064,0.0423901561538772,1.3392504924162023,1.7449291058798928,-0.0630925497981792,2.4215858205703515,1.978631339480569,0.0469830981188174,23745.71407459,50,502010
US5019761049,0.0788783285790742,-0.1610961153497103,4.928608568444291,2.8699638869575583,0.6863874509027561,-3.840192270116752,0.26541941350259,493.84567133999997,35,352010
US1431301027,0.0150053053786613,0.0917544801876781,-2.194031022087094,-1.0008110251004003,-0.256016083780942,4.263913876417192,-0.228513496382942,8471.43109081,25,255040
US4923271013,-0.0394623386265316,1.1814265272192677,0.7552732164472316,1.4550614057812423,0.748570335553313,0.3176089509691078,-0.6714329051619793,190.39950225,35,352010
US20451Q1040,-0.0220901805845266,4.888780768218132,-7.847274106366247,-2.137337032622414,0.1968693633956659,2.992358367640464,3.80944635621354,843.31591875,40,402010
US0067391062,0.0054108288210585,0.9880205585230422,0.6353881975348624,-0.4797327486569442,1.1530852374835885,-0.8780396120225537,-0.5255325451485132,2111.3424364200005,35,351020
US55354G1004,-0.0184352660407594,1.0715014904223388,-0.0497919710537089,0.250051915425346,-0.1252527676829787,0.3109807415773238,-0.4869220203282145,40000.534529619996,40,402030
US3886891015,-0.0859047791367753,1.1406542583882318,-2.8130676690482472,-0.8596582048523569,-1.704089279472596,2.7587717360434496,-0.6237843688775463,3323.5692870000003,15,151030
US02157Q1094,0.4082557242880227,0.8523745297154812,17.667041175701193,-10.59366134322265,-2.8062677378712846,-4.973457708126627,-0.6484139435556499,1155.23782296,35,352020
US4525211078,-0.0158678335979947,0.8215991171130661,-0.801240238922245,0.4791866468731303,0.1670095493423536,-0.4476813413752379,-0.2491339517827385,223.68478806000002,45,452020
US4969042021,-0.0115975041674383,1.358239792645569,1.5159817330136036,1.9274062301218315,2.4676650212191777,2.246694898769481,1.168478295936393,190.21403921,40,403010
US14040H1059,0.0240391119289974,0.550944168032923,2.750514168947171,2.3055798530916265,2.1751961390366708,0.6146045274220271,-0.6297594500395929,135065.84738,40,402020
US7766961061,0.0054225969467088,0.4269030887528776,2.8758514089657305,2.315533288652964,2.9019726536473733,-1.3770362896388606,-1.0246439678357675,39351.15992848,45,451030
US8825081040,-0.017913521559767,2.682781380538603,-3.73219729761803,1.1983195564710387,0.9805182286495556,1.7180155773245505,1.4339818844464611,254713.7840574,45,453010
US5787841007,0.0438359290445628,0.2939998325605653,0.1577643943785045,-3.174808634509916,-3.3980215705765437,-1.7864189612313193,0.3242952329516655,1110.45127823,35,352020
LU2369833749,0.0386502019345876,1.3469992784394755,-1.550103008481833,-1.2079878804999964,1.080225801811626,3.061521789403862,1.0358598400659027,721.161948,15,151030
US30234F1012,,,,,,,,189.3191978,40,403010
US8693672011,0.1160424420860236,0.59640896878334,1.8154506869943503,1.198525225738298,3.1527022691018702,-0.938748123656484,3.677291492243557,296.77729931999994,35,352010
US3596941068,0.0037885729863641,0.8961872315548456,-0.5105281326002875,-0.977659442525306,0.1484266842023712,2.3022635640898814,1.020403204684629,3363.3098132399996,15,151010
US8740541094,0.0065232083974405,0.6225620357612633,2.772603679632231,1.6553451861969508,1.1649265530573882,-1.594305536911666,-0.3144227066444438,45493.46435608,50,502020
US2289031005,0.0288591116396544,1.4679281216988291,3.2888314953648705,1.0275066435122049,4.547654581538013,0.2627125205570806,0.0398316894178676,1251.73502432,35,351010
US92915B1061,-0.0003608305529603,-0.7650552087845173,2.0134342339533866,0.4407674391678879,-1.1617186408779665,-0.7554655912984246,0.4182217585808072,166.36183042000002,35,352010
US91879Q1094,-0.0017523398873998,0.3000686212897957,0.6242923816104177,-0.8333908789007696,-0.1084794602175063,0.4337933558604929,-0.6805689332711736,5062.95227825,25,253010
US6541061031,-0.0651668883979258,0.947983175609456,-2.42261110328372,-2.79961341864231,-1.2349102033094532,2.08130981346568,-0.2952959096039018,59333.0322954,25,252030
US8542311076,0.0378462536143504,0.4065658563436993,-1.0039438156317886,-1.8261658146731667,-0.6612405669642412,1.367791926547402,1.884478564201114,3948.16391124,20,201060
US57064P2065,0.0142715016806653,-2.445878766417346,-1.0877761338884655,1.7110295913933635,-1.2366529683821028,-0.5057058326117498,-1.5061594989007574,42.96872894999999,40,402030
US78397T2024,0.0267853113905911,0.1012086638417398,-2.9973203644125057,-6.607817311737271,-5.368449530888611,1.7297924354585363,-0.053346395591445,305.50280535,35,352010
US5950171042,0.01037711561119,2.372452181038565,-0.0274292399740443,2.61685485945224,2.210438752661484,2.8262950710032424,1.5084613540344725,42085.42783082,45,453010
US12763L1052,0.0055111709094157,2.3719550610016524,0.4791943129064656,-3.921945474106657,-0.9023819187165784,1.0516698126544326,-0.3097240100193237,1014.543981,20,201010
US76118Y1047,0.0337428479866935,2.085927001463544,5.348355686095324,2.7504522005614955,5.513579987688019,-3.0704539521652103,0.9709948591697452,3068.18786402,20,201020
US4316361090,0.0163793731076885,-0.1146039108563163,0.7957545098157455,1.991938975353749,1.80568505874204,2.3525681283626896,0.5465658668357707,1671.48649494,20,201060
US0003611052,0.0555705575207666,0.3939856721329635,-2.8110148763794887,-1.2514648677323736,0.016198200482844,2.8281762636881003,1.933041329350495,5711.8031126099995,20,201010
US6496048405,-0.0119255880156546,1.2222915004854698,-4.110138140400519,-2.2690550508719785,-1.9366217669015475,2.432942034374017,0.8085274052312585,843.7627911999999,40,402040
US51509F1057,-0.0314929668617916,0.183415260552644,-4.2699291161084965,-3.376342838768437,-2.950918506394798,4.040343087079597,-0.073323357858366,146.53013004999997,25,255040
US2825641036,,,,,,,,454.02709716,35,352010
US0373261058,0.3373421255860333,-14.764399387721298,12.444799696788792,21.01745137334413,2.7626641855741134,-15.460105857041286,-2.639413533357688,146.01528484,35,352020
VGG6375R1073,0.1286537537420454,1.9473984745246853,-3.332774577556463,-4.2325260734900585,-0.4502198764234868,6.291231083540206,2.5027614599984997,3296.6524825,10,101010
US92242T1016,0.0035489131840161,0.3901020313244843,-3.268327993155487,-2.707028832211658,-2.9470643502595357,1.4545832416392632,-1.7406907324145178,1400.0963373,20,201010
US00846U1016,-0.0174295292018143,0.547318322394974,-0.6618015250049599,-2.006511476407214,-2.697383387401982,0.0712560981081845,-0.7404929169352635,41813.45153348,35,352030
US4050241003,-0.0045586301397395,2.0103005660494797,-4.259740116263023,-3.489826576915521,-1.9704392888171056,-1.5615775226933426,-0.4347379769857584,4092.3139025200003,35,351010
US7655041058,-0.0769867836066233,0.3150693308201658,0.6516468607002378,1.4325427872705196,-4.506730082429455,2.287586651461769,-0.9391195727277716,389.47684392,20,201060
US5926881054,0.016111870735165,1.2504226894195831,0.7732385376721871,-1.5290766855603832,0.8423308017877572,-0.1265638369675901,-0.1573047093623658,28313.745824679998,35,352030
US20030N1019,0.010695384334603,0.8189547709591186,-0.4833914697430869,0.128460708055331,1.854265222490128,3.51505526147898,0.0911923237888581,92188.638201,50,501010
US98980G1022,-0.0029441004904577,0.0039992369420643,4.524852115546776,2.148407198280211,0.3060366795645686,1.0406729926836522,-2.464512713905292,18694.13757589,45,451030
US8243481061,0.0025793088450175,1.27061673360849,-1.5856804038448928,-1.2067024656255594,1.0018127798750742,2.460944178152408,1.319577698063985,80919.87975814,15,151010
US5839281061,0.006695508476633,1.7666242259438514,0.0163639718788765,0.4528802677152499,1.304781390782744,2.40439784791966,0.5689301141965881,183.19152653999998,40,402020
US2774614067,0.0741993869520766,-0.4219366121052821,3.786622608079934,5.419028954283013,3.523913752094044,-3.073717023317494,0.6536136827350096,760.8063539999999,45,452020
US3205511047,0.0383737137243675,-0.569815646172122,-2.68573924671022,-2.836372650021928,-2.930924847058278,-0.3647898494938117,0.6322459432503019,147.78061207,25,255030
US4500561067,-0.0211530984038705,0.5249874923660197,1.549298423560116,0.1553171512499818,0.2169733212578668,0.0310657475445817,-0.361303882245383,4110.173765760001,35,351010
US0326541051,0.0030646708104505,2.6536675133378798,-3.1480508746283515,-1.2441018742088334,0.6300998122097663,1.3612330756852078,1.7861358495678754,189197.5643368,45,453010
BMG2004J1036,0.0107084633125308,1.7429400524909089,1.562175662185557,0.7968620044636059,2.468063630848952,1.989758493536626,0.6190163562768598,35775.86802636,25,253010
US1374041093,0.0805651584884863,0.988785740402279,3.370167116879319,4.4881416814315855,2.4562984867223854,1.624336653689011,-0.5505317349805829,731.6471055999999,35,352010
US47248R1032,0.0573279555675537,1.2907119601451775,1.596863937551882,0.2853567920855168,2.595647771903033,2.209696814863844,0.1133938845025427,184.2804591,40,402020
US5500211090,-0.0208545249706001,1.825896684653427,1.2465260183254463,-1.0093831998621718,2.0240236662146867,0.8053218687958834,-0.1909784891765075,12932.74866156,25,252030
KYG694511059,-0.0095261353483462,1.0479721365380477,1.7524172342691684,1.6544595155067978,1.6661325206471365,-0.1824093893449162,-0.2171598838579777,1834.3414788,40,402030
US86627T1088,-0.0206975864190203,2.1050443483083603,3.689175519954807,2.905261727212926,4.8100588284456105,-2.428484544387703,1.2566593102744483,1670.8813054500001,35,352010
US21871N1019,0.0811593247377588,-1.4603975703908234,1.9777282059886767,3.937860718468018,2.3567699762144807,0.2458182743335839,0.8440824776373647,3163.3500811199997,20,202010
US6710441055,0.0372696775505445,1.197493109594984,2.9748108814691627,-0.5641553876790142,2.7691858558235527,-0.8673725319590381,1.0302556123869948,3547.62185635,45,452030
US1569441009,0.0736101628839472,-0.4343486297329496,-2.659864008093729,-1.560696658273852,-1.498845431425427,-0.0294090819530671,2.014851844729047,5757.87941544,35,352010
US63845R1077,0.0098149296459587,0.6014928602577898,0.8146518794570307,0.6746027223337348,2.931057849084995,-2.884576282606956,0.388118998869526,1493.38579608,25,255040
US46817M1071,0.0454433856960076,1.0304153883744616,0.5437762052633214,1.677660556975762,2.315518177137267,2.229686231844454,-0.4447175179973247,9109.674504999999,40,402010
US4881522084,0.014289172500138,0.730999741205159,-2.0269648588805778,1.0424730587196689,0.2858968873775629,4.512461852868708,-0.5329826277989466,553.76947593,20,202020
US72352L1061,-0.0009824967221513,-0.2219812855965576,5.008740945374004,4.682888540326658,2.751479034344465,-1.643949791450311,-1.875900949348955,13560.08773864,50,502030
US30779N1054,0.0273614911880551,0.3803597066591643,-0.1571225879961446,1.1649943602968165,1.0907684951305598,0.9763586848521064,-0.331031060978823,441.75226432,40,401010
US8261652015,0.3000526682646235,-1.3714500118307296,8.919686938659993,13.813754060754178,5.368530402337036,14.415974820547303,-4.063799579914965,263.13262458,20,201010
US2566771059,0.0371184111001922,2.1517666831886517,-0.5047031826720685,-1.1080716627376894,2.709350900878309,2.55388104178565,0.5819704757915432,27098.56088749,30,301010
US04280A1007,0.1046942753629223,1.0135574501671245,2.9917499711378994,1.876037153937792,0.1665154501456394,-3.5379599824800585,-0.9865123927140236,10623.475668840001,35,352010
US8835561023,0.0107409553545765,0.6320304661611512,0.2311476472810627,-1.7672487840387414,-1.0633532044073732,0.4910239755464208,-1.093501757452839,217074.64453740002,35,352030
US8292421067,-0.007918942546978,2.6880533732147027,-1.2044607865072745,-1.1527673721161404,1.982918245126282,0.3071537451949025,1.5829020027474074,905.5661062800001,50,502010
US2074101013,0.0252605802825482,3.5141159225559497,0.6697229737546189,-2.144679204067044,3.64350185064314,1.443590419658646,0.2151325365317595,1501.7306493600001,35,351010
BMG762791017,0.1091588051204216,0.8883075388908153,2.3542018936734816,-3.345253779291028,-0.4771672163820325,-1.6327580489482787,1.3157521074572818,16266.43916001,35,352010
US4335351015,0.0548523196469644,1.1008582018321047,-1.0986170525619197,0.3894191287679667,0.3117828668541653,5.319804706927072,0.1221967138293276,91.11302900000001,20,202020
US2925541029,0.0785402034361818,1.6022971149119996,-0.7739835848472052,-0.3150286036462033,2.2762345886977293,-0.70142463144869,1.7189213907524137,2120.65899372,40,402020
US4041111067,0.0438236826563184,0.4953267472016753,0.5506447688771513,1.1034185489325603,1.7701710824518535,0.8955184972067164,-0.2684167172385518,536.42774428,40,401010
US20459V1052,-0.0253512194682282,1.3515252413943668,-3.6286438646955097,-1.7353364404756235,0.8832291102689197,4.0610043600439205,2.501392123276681,1680.65204997,45,452020
US02376R1023,-9.609891449869484e-05,1.339731314339233,0.911939783372676,-0.9619336155747452,-0.3947489739918906,-0.286694796847748,0.7783470817564684,9679.80746824,20,203020
IE00BDVJJQ56,0.0293391316090137,0.7388929331550604,0.1224647165462646,-0.6277648573657477,-1.4429707900351472,0.2386294845047938,0.5281876925436623,27402.364133170002,20,201040
US60510V1089,0.0183383624484074,0.5685774810081868,-2.3045747440373225,-0.9729556990196035,1.3212303978632385,2.49260347677174,1.266676267459781,774.9059626000001,30,302020
US28617K1016,0.1004601065473259,0.0635387651730512,3.7812479024681114,-1.2482128995827906,-0.7162381193593964,2.552429065350598,1.632503930501433,127.78662648000001,35,352010
US45841N1072,0.0085976561854638,0.9621300050087536,-0.85744006060889,0.1873246304465812,-0.664385813269062,1.320952932476533,0.3830707549725029,152107.44958080002,40,402030
US1572101053,-0.0095440185093746,1.6821086246290555,2.188664001201148,3.498283395755408,-0.2209238348110371,-2.7717207696295194,1.6242962227476494,906.7274193100001,45,453010
US35953D4016,-0.1083628308705122,1.642595473528313,2.7170770423564674,4.827187502932422,1.8425347132842755,0.782272721441128,-0.4348777324121696,1062.8167653,50,502030
US8110544025,-0.0091993068317612,3.8442954639182174,-5.413165350821804,-3.9257929071530304,1.2721263334008106,-0.579131376555138,2.245428486219188,274.829181,50,502010
US7043261079,0.0062706102471002,0.0635499276476669,1.7465084823664538,1.5669789801546594,1.17800538088611,0.1301084868254693,-1.5966701824039005,38799.384454930005,20,202020
US08265T2087,-0.0053305249811195,0.694384516412425,2.774128476817925,0.352585497165925,1.875240645922279,-0.2970778870891647,-1.0191390267482756,5904.69560832,45,451030
US7547301090,0.0196135370257647,0.9611123201492258,0.9873657752349416,1.9197817068188547,2.494320854588974,0.4035548137581882,-0.6635302558454101,31217.6237215,40,402030
BMG4388N1065,0.0107454549129493,3.9549916497209487,3.2162001611569746,5.512050348015765,5.426627219804966,-2.91408061322555,1.5181462386300906,693.92714094,25,252010
US0530151036,-0.0079743417578866,0.2388398470404784,0.4293218820634275,1.0933937083970533,0.2812609692931519,0.3965233202565087,-1.823624077728521,108277.397904,20,202020
US4131601027,0.0085472046567294,0.3122302849067826,0.0628649713896684,-1.154375477976893,-3.165891310913361,2.038896416101231,0.5253559059806275,1483.9539626,45,452010
US98937L1052,0.1507407606406248,2.645399231828151,9.458429492942576,-4.524817237072096,2.952719118269898,-8.307685285939542,0.3950473836726784,1410.9865128000001,35,352010
US09061G1013,0.0238669791471304,0.9462143098913512,0.1416913231781329,-1.4223028590619669,0.3439756877209079,2.041223110076588,0.0031900414264366,12931.96139053,35,352010
US9252831030,,,,,,,,5518.09,50,502010
US7625441040,-0.0703769713985949,1.2537093468696452,2.296506896406513,3.775123725872443,1.267552306323234,-1.5656906842832286,-1.0234249255775358,308.921317,45,452010
JE00BV7DQ550,0.0001020050286813,1.766032967552213,-2.5228546477555485,-2.855036777183724,0.2699468901166592,2.325659827140611,1.0240618156129278,21237.120846539998,15,151030
US83601L1026,-0.0007078130098116,1.78012119381198,-0.7219961795220372,-0.1177663557964128,0.7270598387950871,1.421301692065959,0.3270966192756979,2922.6112231499997,35,352030
US7392761034,0.0137123013512038,1.2943350770350823,-0.6059112455058742,2.477928178832645,0.8598063963654634,1.8278218008375535,2.140215034169096,3452.87373965,45,453010
US4583341098,0.0165026096518886,0.9700762659036162,-1.2555496231553218,-0.077178113710395,1.8374513874394915,2.135573355490885,0.2256238053475998,2069.56623584,30,303020
US4435731009,-0.0046854970094368,0.8125785822827982,7.505821894078209,3.2533168375638266,3.819186304578664,-3.0536561329163825,-2.778102169415672,10766.21017446,45,451030
US3596161097,-0.0892561021678491,1.735150970811426,-1.2080944719380864,0.4830841734636657,-1.5930373995757332,-1.8312362482591769,-1.1922526255436416,278.83346205000004,35,352020
US75513E1010,0.0416038081069952,0.2785966026066683,-0.0173215676339857,-1.311351506452453,-0.1428655352893797,1.6843750740546173,-0.747395301218022,,20,201010
US6153942023,0.0489999514287262,1.0758409638819852,-4.151264923497315,-2.4879566506176616,-1.3809177371366483,4.148307182190172,1.6527523618534512,13612.871648100001,20,201010
US2546871060,0.0017158274782329,1.0373574647618158,1.0017276157450818,0.981487855145747,1.2512332622976712,2.285497157778364,-0.0753767075123128,184378.69129679998,50,502020
US81282V1008,-0.0100770067171363,0.4735406396914013,0.8547831849156223,1.7046937650418503,0.5305496432947987,1.6121808366233623,0.5059061639521292,990.3832057200001,25,253010
US6877931096,0.011519172841848,2.408827890961736,-0.1457704933068022,1.6884816538649927,0.4083597245454822,-2.553553133574596,1.316834220783761,9344.01657718,40,403010
US58844R1086,0.0331509812088405,1.0912946525012286,-2.6707932467563635,-0.0055361560203606,0.995935024793775,1.5820969839946093,0.7397794675540147,1393.94799036,40,402010
US3976241071,0.0400644904537413,1.0672556130574866,-0.900917663805596,-0.7311660837635516,1.7842267629599555,1.0409750583530997,0.0512871637186325,4344.3743272500005,15,151030
US50216C1080,0.0007269219926317,0.9370719942075404,-0.9664929794621296,0.8348357574598848,0.2976238377035456,3.180566835571295,1.4032035145493529,801.871862,20,201040
BMG9001E1286,0.0410844867833468,-0.0663140131424487,-1.0969160385269103,0.0318925484173145,0.903025067535161,-0.4432314250829538,0.5394421189718658,1329.56003136,50,501010
US74179A1079,0.0119946718057688,0.5036639927573323,-1.182806562011434,0.1322629262356112,0.215864670388596,0.9337271593028788,-0.4371135387519334,224.24096912000002,40,401010
US98980L1017,0.0052072280682964,0.2199730335752537,0.6669996332715724,2.4486618347654283,-0.3592539784518821,0.0965755910963772,-1.758744427111765,30994.58673346,45,451030
US05463X1063,0.076682666740585,0.8248990102108668,-0.7727651741952273,-0.408295979111787,-0.845796964813486,0.58553435379319,0.4174996068292804,2474.3120268000002,35,351010
US45073V1089,0.0257437758239595,1.7803087711180896,0.3581056962839823,-0.4510877138354837,1.762504858997945,0.8185533304834868,1.1651422220863594,19485.062138880003,20,201060
US68404L2016,-0.0038032290234705,1.736900865038216,-2.074875921417977,-0.8818754912010616,2.063851300261389,2.206467436794644,0.657425357126018,3563.5480976999997,35,351020
US5679081084,0.0809530863487165,1.4236301401306275,-1.1537152399331403,-0.9264525206160216,0.1347168461125076,7.43062106079506,1.2078401823257532,1010.0327534,25,255040
US5128073062,0.0747014282062269,0.4259819080233331,-2.329592159256282,-0.6266959467593463,-2.4738296226709355,3.006748120553305,2.030081815316411,414686.76461189997,45,453010
US10240L1026,0.0009319063597719,1.4882094290332657,-0.6023070540511974,-0.3398043979396994,0.9144884032955968,0.5491351444557175,0.2194282302180061,1056.80617776,40,403010
US67011P1003,0.0074189356547214,-0.6172284411507982,-0.8153238672723354,1.9969218034344864,-0.1778350783907684,3.063228185674562,-0.8611510614456022,2904.60080218,20,201070
US98379L1008,0.003487204328363,0.7470679749074556,-2.80061177885357,-0.2305787391527682,-0.7884858550148555,1.7878578174926627,0.1253934084719182,1183.99078542,25,251010
US09058V1035,0.0613921176252545,-0.1596956767394402,2.4144191459126123,-0.4759110779561268,2.0692384851155463,-0.1166712739818902,1.5745427310664284,2407.31606347,35,352010
US4581401001,0.0268574037669455,2.4690831793391865,-3.0796900693088523,2.732630343722946,-2.5273944816807488,-2.5445044272959074,3.587295752454884,541281.790644,45,453010
US49714P1084,0.0078380349283711,1.4985009677854704,0.329207302810345,0.1107872884043246,2.4700841716979216,2.2929784955451704,0.2736970925837874,8173.697052,40,403010
US53190C1027,0.0101982281756648,0.1422489077271889,-3.2675002273513143,-0.2542594650049969,-1.277995715568037,0.5868246156742686,-0.0620716741072805,5300.01699192,25,253010
US69354N1063,0.0854169270838003,1.101262340173866,3.946607024508232,3.281982471458932,6.3013671178035615,-1.6898793670264896,2.396697084751641,760.4259994499998,40,402020
US1920051067,-0.0163298753886316,-2.427252529953471,7.318659747822772,11.355412440497757,2.5058991178961127,-6.330105082098288,0.8268191496680757,166.64517749,35,352030
US2186831002,0.0452003607532962,-0.3798604751710183,3.1225267280278404,6.303614322930374,3.96214729040052,-2.6393492495114383,0.118644729018624,194.72051643999998,15,151010
US7841171033,0.016372474600274,1.453442691140722,0.3386016749389328,1.60421096440169,2.1123925989208243,0.4775810110480019,-0.6831955166840858,10651.1483172,40,402030
US48020Q1076,0.033960855715578,1.2119774701506398,0.5705994846314953,1.6692299456129829,2.758826093852943,0.933459623415228,-0.0973863779872097,17095.50913742,60,602010
US50101L1061,0.0038047164597708,2.261774090333838,2.3440173469410874,-0.548334990759654,2.541038926978742,-2.4845979993824856,1.5837060955829825,265.81757525,25,253010
KYG6683N1034,-0.0105735505451774,0.8434755303001127,-1.2453336504325945,0.0648996338007643,0.0716023511546071,1.0533411870943203,-0.4529534312448364,68636.58795305999,40,401010
US0258161092,0.0017725410253499,0.1103821010697769,1.5384232111356644,1.3293432898529276,0.414588278631388,-0.5817860282116691,-0.4080742726558239,180895.73021500002,40,402020
US4491721050,0.0124834289220943,1.825678178871094,1.277555584493448,1.4132224704151888,3.1720035833612155,1.630242454999481,1.7659600872028078,503.1881451999999,20,201060
CA92919F1036,0.0046918753863499,2.1592366714562727,-2.1772349002922966,-3.419106735999578,-1.344807113373669,1.9954520861934069,1.2951929526088362,308.7692727,15,151040
US68375N1037,-0.0343045477549648,0.0635014375404131,-1.140853149019045,0.2345434731010945,-1.7295347005915396,0.0482036170115974,0.5204139018515059,419.32364034000005,35,351020
US05988J1034,0.0228948936646669,-1.8435538543833987,-1.2448472155686074,1.3847755421757424,-11.82267198329498,-1.4620234535461596,-2.1860510839776426,1660.4815344,50,501010
US46982L1089,0.0260132652169189,0.6259589837395106,1.8867761166040464,0.0969720860668862,1.503417691957485,1.348418940310682,-0.0649139458822401,16726.7669292,20,202020
US2546041011,-0.0059993331575267,0.9098690531272452,0.3786799924442038,-1.490237814799249,-1.7621288601914005,-1.8456416837841896,-0.2238787726177569,2361.77027207,35,352010
US85423L1035,0.0018658020407623,0.718992384357781,0.1120261530072039,-1.3647588782487712,-0.8853681079142511,1.4880828186187078,-0.6497815603922555,4196.927328,20,201010
BMG9001E1021,0.0447921616351507,-0.1700513075107909,-1.277780312569034,-0.1125757699890922,0.7225236744263055,-0.2856476414149723,0.5596505284893414,1235.7897644399998,50,501010
US03843E1047,0.0813464867074768,-0.6960723560981266,9.968810694787136,1.6653550189630333,1.875856440925573,-7.552558480827998,1.15689164448898,499.95909681999996,35,352020
US8606301021,0.0242274151595071,0.962307322992802,1.802446761133229,1.4305416706072749,2.1467453704436705,-0.3700051140116978,-1.2081778027492005,12505.96369048,40,402030
US12514G1085,0.0005381529958243,0.8770104180875968,2.8160604610483317,2.2857462433345743,2.882358462491683,-2.1073596266286745,-0.0818634940411728,17362.16243216,45,452030
US55380K1097,0.0131814869240399,-1.952669587493804,-4.066431674185066,-1.754423699318436,-6.077687670401383,2.4901499810319514,-0.2530788155938592,325.7920745999999,45,452030
US78442P1066,-0.0121491903241741,-0.4200705283155329,-0.3681362655582209,3.304309580922629,0.7539172510783665,0.1501506637602035,-0.5659341720671729,5212.04947065,40,402020
US6033802058,0.147645746216498,2.7596647560001326,4.769572693403555,-9.461821131846534,0.1160556830159247,-0.0980303534368323,2.686062161032196,210.74169732000001,35,352010
US3695501086,0.0159857307126836,-0.0692307713286198,-0.2562929373846651,-1.3619155937249088,-1.080062334223375,0.768445998251265,-0.8712514013978969,106460.56502550001,20,201010
US04247X1028,0.0068479636179044,0.9437564065963472,1.3096590577877398,1.3008522606533122,2.1727347713820264,0.1265782095061018,-0.1300378766778518,7617.49648192,20,201020
US00181T1079,0.0414027334039974,3.230447321522705,-6.555084680856829,-3.174658213997051,0.4407120345703945,6.982330557176583,2.3855110381414955,953.5855732199999,25,255010
US9699041011,0.0214835036428704,0.7255046058025959,-0.4976266674442119,0.2049595742944046,0.5219785588625909,2.1555128380554214,0.9797684996933618,27346.921610580004,25,255040
US9553061055,0.0279108284912506,1.2077914345807856,3.1992397371037646,1.2595537052056185,1.7559404511689882,-3.00206559159338,0.8757058124219925,24444.818026920002,35,352030
US2265521078,-0.0820822341913906,-0.4721893916124128,-3.992863272444187,-0.4865527126541095,-5.8296065819162575,-1.3714365768353145,-1.5947352119068503,147.98312861999997,45,451020
US4523271090,0.0269311318134669,1.1846823386178136,-0.7349618980488515,-3.0405143013136,-2.613107021709133,-0.3501357646575791,-1.2402169563469865,28767.288883409998,35,352030
CA1366351098,-0.0351487946207112,1.3321141988750007,0.1398931714558364,-6.269445310169294,-7.5368017712025726,-5.147250027741954,-1.8001449358457562,722.11928488,45,453010
US26828M1062,0.0050762228929875,0.8719518981665102,-0.9346863366546704,-0.0216129133695344,0.5770287881811312,0.1888072033956227,0.2249203429155698,152.0022036,40,401010
US3021301094,0.0108145468483018,0.3469869326418488,-2.505165024708199,-0.6544710115164303,-1.3814504921712305,1.3959367570411734,-0.5702007145057313,24017.01715035,20,203010
US9682232064,0.0183232333749666,-0.9334741209385836,0.2757791937954101,2.129539620152918,0.7110058625775799,-2.3541149532241503,0.1853999204798855,2355.5673337900002,50,502010
US28176E1082,0.0078788155707895,0.8493890856722579,0.2564500072752009,-1.246076108553491,0.0267697105111346,0.4426427048240035,0.5894043757926472,52198.15834335,35,351010
US1314281049,0.1037947064162276,-0.5960415277430697,0.2390635792900311,-0.6720388152278496,-0.4507012435746763,-0.5356156129943568,-0.9046576382322128,3273.027073,10,101020
US8962391004,-0.0109266987622199,1.1831739087061588,2.5276938857824405,1.0827471041634458,2.54226950572001,-1.6491883834511392,-0.5960011192598548,13385.68209224,45,451030
US98985Y1082,0.0233973615091601,0.7257294399344496,-0.1902581698117316,-0.8805861216514763,-0.6438693078147592,-2.592932346990093,0.5543386995625191,1737.74849769,35,352010
US09739D1000,0.006462493325147,1.388209160743191,-2.1223385856761543,-0.2127495275686048,2.0974910523831043,2.8516970144291776,1.8760082119451664,2876.31549984,20,201070
US82846H4056,-0.0115602514082488,1.6504586127713914,-1.583155531742841,-0.8110852858372866,1.7110098274020549,3.8853089245851176,2.4192321240568413,15041.66078219,20,201070
US65249B2088,-0.0013166469007841,0.0213199780550325,0.1528192235435033,2.3813797110044463,0.970364804231062,0.7448961445720856,-0.8634272506917982,9732.062363469999,50,502010
US42704L1044,0.0501796162213193,2.304122429729127,2.9299614777635243,-0.0672000797307148,1.8319403902285745,2.441989472745088,0.1110830098714682,5731.725596589999,20,201070
US33748L1017,-0.0614078098185563,2.2425718847508014,-2.199340756256982,0.1846177803426112,0.8968232710085355,0.2288286079069417,0.7234349642217749,523.7457208200001,25,253010
US0538071038,0.0205217669376176,2.188090925131424,-3.4144718202944127,-0.0860013546457345,0.6370987749517625,3.0936312462856264,1.2755636091216322,7784.935236,45,452030
US3743964062,0.034158399838077,-3.764508871186978,3.17140666662792,1.3708432225519576,-2.851114446527148,-1.6088272107403196,-2.817195373063732,397.11022813,10,101020
US87650L1035,0.0406640085981897,0.8820537474503052,1.8167752513727569,-3.437272159716912,-0.2250678735650506,0.4188352486921305,0.4569583887943173,2941.6309473600004,35,352020
US55024U1097,0.1804490444314,3.2333117927919144,-2.439195711643555,-6.941706797533383,0.2273743114304252,-0.7601939651401499,4.063062348489531,82316.13500561,45,452010
US9581021055,0.0938243354806816,1.5170523053073015,-2.8482726478123226,-1.8080239534765643,-3.244867065670134,-1.6475559922222782,1.9107212631590704,182082.15071399996,45,452020
US73278L1052,-0.0251649955712416,0.9603662303597688,-0.972129108980637,1.9512544716045888,2.5472018763684083,2.638649678338834,1.944631848603478,6746.92698873,25,255010
US0554771032,0.0458903109942032,0.4081906364870485,0.7950045117614556,-0.9200056449747134,-0.3313015148711348,-4.001284825318286,1.0365663185201868,1474.4229224399999,35,352010
US48242W1062,-0.0203914573781326,0.9407767986987018,-1.519282660044179,-1.019339545959189,0.3207256617894709,2.611301403460722,-0.3285836058468699,4778.81520088,20,202020
US50189K1034,-0.004654586603741,1.025268194912634,-2.970951664432139,-1.911633945442486,-0.6117774295782878,3.598743020741814,-0.531481969285293,2487.3558966499995,25,251010
US3696043013,0.0270718914399596,0.84282721180991,0.6080340826179302,-1.484286216982552,-0.125486649106198,0.6489749945894911,0.667537519027683,381369.34247219993,20,201010
US68268W1036,0.0176479350354272,0.7020468616147074,1.5152361370602008,2.3893273385784117,2.1065949178304324,0.4840095951412788,-0.4376410760481051,7523.42198808,40,402020
US04965N1046,,,,,,,,213.51226364,35,352010
KYG0260P1028,-0.0385877175821011,2.287253765171657,-2.073056018422379,-1.1537506631588754,1.0442808484642565,-0.3769858969076873,0.5043402944512005,6280.097784840001,25,252030
US1696561059,-0.0209039291505327,1.8294502984626568,-1.4628275043081498,0.9940705434871064,2.6302192707936016,0.4817463294264417,0.190664122404479,42078.5235555,25,253010
US45256X1037,0.0696097662227439,3.342815671328033,-28.78799026067139,-15.494795385858811,-7.848373161956844,22.11429310814664,8.928863776907383,2963.08772496,35,352010
US36266G1076,0.0178050006726469,1.4551301160761485,0.3639683417071767,-1.540552919982951,1.367917761053583,1.58838811532312,0.418710737402484,33193.99245948,35,351010
US88642R1095,0.0589857799938844,1.663458594959661,-3.709576277892005,-2.184155958946328,1.7109545778163842,4.5743262832005085,1.6139434194558877,4612.94735414,10,101010
US08659B1026,0.0685538822270974,-0.4352903826227479,7.575632703527134,0.0630808464077881,-0.387778520491442,-1.5958965796926845,-0.1746914789904238,738.9756223200001,35,351010
US58502B1061,0.0012082463722971,0.7998931842091453,-3.460242652834979,-1.3384411660445918,-0.7205476632224626,-1.801973959515976,0.3487413551166314,2123.7134594500003,35,351020
US5237684064,0.0344293264270284,0.8785516074448829,-7.307706502088297,-5.768127139059791,-3.639710279466285,3.6191025662640537,3.5080366745955684,174.29624375,50,502010
KYG3323L1005,0.0496287495833623,1.4477117323223043,1.1357944208927808,-0.2811758860488015,0.2676646652274356,1.557637389120803,1.256758721123679,20350.6663725,45,452030
US87874R3084,-0.0432783326688386,1.8766570113936047,2.3152857422849413,6.435548042432064,4.173149185799532,-4.050920153727065,-1.171440429172844,265.55323688,50,502010
US10806X1028,0.0422016850339532,0.1290494065984941,0.6793630906759298,-0.1213568765518414,0.1285549831892053,-0.7785730013203866,-1.094994561154616,12849.326868659999,35,352010
US4464131063,0.0398675199951079,1.424689033355641,-0.8002615987270221,-2.4656046416470865,0.833466279950814,3.087053819538903,-0.2589368764187455,12800.934464,20,201010
US5309093087,,,,,,,,7453.7484598500005,50,502020
JE00BWK75100,,,,,,,,3272.59,25,251010
US1924221039,0.022471093510848,2.027387623143497,-1.2710735192474008,-2.58977646004497,0.369413171962071,0.0826606384187849,2.2193718395713207,11009.075530030002,45,452030
US70014A1043,0.0684637925216956,0.7325588908949716,-0.3833165444409587,1.2828410478208307,1.7934633824419484,1.8156954836357588,1.0785858037709175,752.0417736999999,20,201010
US6153691059,-0.0052837974856098,1.068186640346729,0.130383040875568,0.2345258175779736,0.8811073010295416,0.9005758801265412,-0.464088808115146,72369.39667566,40,402030
BMG4660A1036,0.0290813688017768,2.135829445956713,-4.803131524609006,-4.662134561691106,-0.840223383555152,0.6111262984859156,1.4964956984785895,532.6928723899999,20,203030
US87918A1051,-0.0274698791122284,-0.7195837105668246,3.1628344021110912,1.4669839584229156,-1.8331882907233217,-3.0510697717171054,0.0758414323210073,1224.75006487,35,351030
US36164V8000,0.0482518517427222,1.1857679007935082,2.350062629382512,0.4301452901581194,4.272481750770393,3.226911755844304,0.3270670475041322,1066.97,50,501010
US6837121036,-0.0527374301990389,0.1254109436430035,2.093963466081936,2.128684865178839,-1.1710141132265224,-7.796741074812951,1.38034196415333,3160.70649952,60,602010
US7416231022,0.014802153856645,1.6545863396353089,-0.3105094152387118,-1.4845198243488318,0.364742034688198,4.3370870898813685,1.432559248237983,7869.980339999999,30,302010
US29415C1018,-0.1095366563877929,0.7135197189276707,-2.20577033974352,0.8768664322961017,-7.632653194148207,-0.0882720532100691,0.1143899201284259,1408.4648310500002,20,201040
US23804L1035,-0.0312562262722199,-0.6200645397580659,-1.0112305600489324,-1.484535593171812,-7.738841228125436,-4.042704863227769,-3.041685634700378,89590.68071059999,45,451030
US63938C1080,-0.0151260980898301,0.6092718911151607,3.2160122037647563,2.4054185769874272,2.08160427415172,-0.7204503168567041,-0.488981529315633,837.2788,40,402020
US2189371006,0.0557546728398738,-3.9725843827206697,0.4672592829916461,2.743936177227348,-2.0866769441448763,1.70205451356044,-1.9882166605392828,4655.205141300001,10,101020
US00737L1035,0.0266138986855907,-2.1779827042281656,0.9763724499666524,4.821518541683428,1.1125067026775644,0.0052814060622186,-0.5556589918514785,4385.45519544,25,253020
US78467J1007,0.0035948307246613,1.275844166143633,1.4876592135139206,0.6047159797986983,1.5053362888661803,0.2687237973251355,-1.5889622958023255,16360.715846200002,20,202020
US65249B1098,-0.0014061441747084,0.2380595329327908,0.0806542328856385,2.1680034278140843,1.106857838430338,0.6913503609355639,-0.6426401832510141,16487.724117100002,50,502010
US5309091008,,,,,,,,7572.747134240001,50,502020
US49338L1035,0.0706250487648442,2.7244021265723823,-0.4291655373737157,-2.5570690226884203,1.9207732594231937,0.3850335775522734,2.619182478904354,60726.28798125,45,452030
US29251M1062,0.0537034378255496,1.5298074899587304,2.6395135013547155,-2.833221819177309,0.0187233456474672,-1.6540512177173796,0.3530040874407486,357.59577156,35,352010
US8051111016,0.0093253738307586,1.261473519857114,-2.518119839627779,-4.636315364324163,-2.2072754301694446,-2.484645058554388,0.977213855220516,989.9406323799999,35,352010
US98422E1038,0.0453546171156949,0.2118571914011859,4.057512839650775,2.2447906391739094,1.661303835949526,1.0460735879153482,-0.365316981580536,1498.3079328000001,35,352020
US0207641061,0.0586377256541851,-4.267441763170567,3.2000615199257627,4.626783237614583,-1.819459728458088,1.9196238503881085,-2.4189654221073256,1861.0034969600001,15,151040
US46120E6023,-0.0056410957261478,0.962078211299927,1.437437811036005,-1.389610335606421,0.0989806469910015,0.5844693919805108,0.4665544579583818,138459.7909669,35,351010
US68554V1089,-0.0178285013256378,-0.179564711918123,-3.107857946621762,-1.3873090890671536,-2.862883773132385,1.6999936340737798,0.6580625593603723,251.53735163999997,35,351010
US3205571017,0.0048240983753415,0.5642092303562541,-1.813703174338484,2.255453932555268,1.585781390718948,0.8050706870808744,0.0696980312018397,223.5399336,40,401010
US5132721045,-0.0235514402147239,1.8858796215438272,-2.080372832754568,-3.399907806640146,-0.5925463943444715,0.4428552736487365,0.599671395780309,7024.91239122,30,302020
US9139031002,0.0043794281611484,1.0699148576278017,1.0410707411111455,-1.5053547794571156,0.9470850159128704,-1.5777936921268028,-0.4506397602906589,9497.84144778,35,351020
US7473161070,0.0136244423698946,1.325788349737011,-0.6574757813729406,-0.3027366771014912,0.7828788463949191,2.4282620943961355,0.5359279066157475,2294.8577975,15,151010
US37892E1029,0.0303627440589264,0.865219666589651,-0.203285485053439,1.5912012685940824,3.2252355695717263,1.8559944632793977,1.247661196083507,692.7046014,20,201070
US33767U1079,0.0290106393174947,-0.069456675531855,0.8397186757137245,2.969508897940892,2.3202427265951435,1.4885413840652744,-0.016394355860244,812.42762,40,401010
US03168L1052,0.0470550278090786,1.0072664832378402,-1.5219102970270568,-1.8325214261947396,-0.0917513897408597,0.602780561311707,0.7614645075582267,2995.78570143,35,352020
US02081G2012,-0.0009585035846515,1.37037268961759,3.077193620073751,-1.5721505770534632,1.8849752261556163,-1.7816483137235322,0.1869820012942924,1151.75436016,35,351010
US21900C3088,-0.0001852974572938,0.2691086479030844,7.170994105930189,4.1876545117807655,3.1630231200858923,-1.7141959778978575,-1.8209867404398763,545.6130399000001,35,352020
US6876041087,0.2431640851354425,0.1785589488026293,6.364770591359152,1.92184173893222,2.6958495367928896,-3.5426629298480634,1.5514159189642196,6998.5867248,35,352010
US2660424076,-0.0490180961433699,-0.3657454893146168,-0.2947034145973604,-1.489352089276846,-7.67719446353443,-1.951793660293343,-1.1931959886434271,267.06843867000003,45,451030
US35952H7008,0.0978250255600437,1.1006683453510815,5.863288587399351,5.82461467817182,-2.917742254733977,-7.066561522523693,-0.4225045828237053,1782.01846809,20,201040
US0116591092,-0.0179798237459519,2.0869509447462167,-1.2886268508648049,0.2449827691483244,2.0006591768642656,2.997005723884711,1.3579979977283592,5099.08392864,20,203020
GI000A3DNK69,0.0068977149173594,0.7888650569466004,0.7044404160320835,0.5037624402235449,0.7160145620945945,-1.376213123873392,-0.2509461276229633,52.89756464,30,302020
US05338F3064,0.0761399307363505,1.2251675382463985,4.016782188114322,-5.611750786803558,-2.757426056594065,-2.441452123274421,-0.0153059907253049,1020.1517654899999,35,352010
US29415F1049,0.0476322420392987,2.0734270691207115,-0.6385094120238691,-1.9249648341042416,2.6754209584384325,1.8649446359755728,2.145673094305141,4471.10108384,35,351010
US0017441017,0.0087968392011717,-0.1686471267620329,-4.149304215682464,-1.3475713932007158,-3.6943700838252167,3.8494117820223863,-0.1909448571602463,1323.8711098400001,35,351020
US29355A1079,-0.0549292443616164,-0.3594760220928463,-5.203013222136496,-3.542463342341047,-8.090571704478283,3.3060162843146816,-1.0885623827655706,5178.115518150001,45,453010
US12520L1098,0.0407323210629697,1.1762838539411506,-1.130642902580961,-0.1971469306107569,1.669636558122471,1.856325269708814,0.3017345204084191,353.91730731999996,40,401010
US3943571071,0.0281012044370621,-0.2710090893259984,-0.8080596968646989,0.7474677705538405,-0.061552302765977,0.7880077739351387,0.2287119507055525,242.10056016000001,40,401010
US9470021018,,,,,,,,1163.16683092,40,402030
US78349D1072,-0.0141314881523418,2.2123198156421573,0.4722759061619555,0.5590520387529705,2.578214031177532,-0.6883216673063651,-0.3960901225476919,271.14308172,35,351010
US7818462092,0.0346473616812497,1.634407668373423,-2.023249548746434,-0.0617538668063661,2.268473819093154,2.0287406483849693,1.0555331533667258,6285.14120642,20,201070
US5012701026,0.0067593738245679,-0.4402936915889252,-2.377920620098409,-1.2758579934270686,-0.0644335152619556,7.7240295051392,1.2736574431296857,359.27653446,25,253010
US0382221051,0.0761399556769362,0.7496994174229591,-2.593921128898635,-1.415444450717921,-0.8249835597895161,0.4182145024763981,3.4628850786902063,401510.8166992,45,453010
US5327461043,-0.0173911692889594,-0.1182642401333787,-2.763669961018953,-1.2204129496156622,-1.0261282084458685,2.922529644955036,0.5538785072429998,228.99314163000003,30,302020
US5380341090,0.0328757356871088,0.8318552581561489,1.3199216455907654,0.6728636479492603,1.787495999923993,1.9491697390163525,0.6946223182617463,29562.060260550006,50,502020
US5562691080,-0.0104409181102772,0.8310696065188942,-2.07404433505522,0.3945984032019647,-1.6575908673267503,-1.1544002973987888,-0.8745398147676724,3253.80000336,25,252030
US89400J1079,-0.0066478346106065,1.820134307029292,0.8311037439343334,0.1345830364660998,1.8118417595330223,-0.1560030581381186,-0.3827748395705332,15366.74571804,20,202020
US67080N1019,0.0926474581321342,3.0735601543621063,4.845144806146177,-4.701028836991814,0.3960121824148674,-6.254588507002033,-0.5216941883441714,1767.3567796699997,35,352020
US90353W1036,0.0917318313514168,2.4293412592586843,6.803628850945612,1.532111774132272,6.664941141440935,-3.2615627458872427,2.5643493157915964,2406.8292803500003,45,452010
US00790R1041,0.0008616499923571,2.2778834541249533,-1.6984078113414358,-2.261576399254181,1.0694268070674744,2.1998601618727487,2.197208026835256,10958.60701439,20,201020
US26142V1052,-0.0467594764596719,0.7525347989979689,0.4479355857049856,2.709410806525118,1.609832820589317,0.8095697816189262,-0.1504147789970147,12602.904894999998,25,253010
US29272C3016,0.0041782666916665,3.722825980496921,-14.93406439526496,-3.090024023719735,-2.130486680657252,5.838933639684569,8.89036852862786,81.51991600000001,20,201040
US7475251036,-0.0575211845848235,0.0590263662283057,0.1949802489763857,-0.5071352767215441,-5.9117596549104405,-0.703586111325489,-1.4475157891483823,173866.3268144,45,453010
US1167941087,-0.0342807327972985,0.884295568884718,-2.9251877881649886,-4.263869017554355,-6.408844412572533,-2.262963528810166,-1.6719776089809557,5983.46285625,35,352030
US5322751042,0.0888532334913819,0.0712125041963931,4.644833272158177,4.448744456511477,2.332850521485296,-7.635399085842899,2.9131093622612134,1155.10927006,45,452030
US48251K1007,-0.032105569060041,0.0820820676045586,-1.4352119349705614,0.3985628748818899,-0.9216335305580268,2.2001941559203164,-0.5309272907550189,372.81594096,40,402040
US8122152007,0.0172871686478905,1.332509721811096,1.060833181824158,-1.5884500527696273,0.8027721030008599,0.1962682977488447,1.3646637627735392,345.80045385,60,602010
US2473617023,0.0191144282944584,-0.083312956271888,-0.1430303029102149,0.1051283235913347,-0.8011234107224263,-0.1989947133942183,-0.096914128004406,58521.79288229999,20,203020
US0758871091,0.0237720253517246,1.2746110587223587,-1.5238578811693602,-2.022208683085834,0.6879928307111902,2.4979343077439804,0.5688964424276616,49668.86431318,35,351010
US14808P1093,0.028607689817126,0.979535877282422,-0.7533572124653605,0.5453774655941751,1.701884368812597,0.9308453873021753,0.488272500359158,665.5194571999999,40,402010
US2372661015,0.0489596247410468,0.6953959805278102,-4.3865285430420204,-2.63347477609915,-0.7082693095613544,2.67869222883239,0.3016731662482905,10435.3935056,30,302020
US05969A1051,0.0197646214769608,0.2059086235424521,3.1952280176915147,4.227314403229117,3.400751109104614,-1.0434021909095337,-0.587884360373705,2662.8817953599996,40,401010
US2270461096,0.0230292766198167,1.964264360323488,1.0929887324547398,0.6803950143232027,1.5185626200263431,-0.9056103451354692,0.6525206846360068,6108.37959424,25,252030
US57636Q1040,0.0102095623341172,0.8302390391356161,1.613626328396801,0.9672859816043456,1.8705695128596445,-0.3643212489502782,-0.8862486358571744,496305.3257525,40,402010
US48123V1026,0.0685347810014034,-3.728018806678774,2.505297600290444,7.870394499200019,1.496841761100701,-1.8923100794277363,-1.6249364552029777,1858.97925479,50,502030
US81758H1068,-0.077400607494598,1.1254347479569955,0.7003737375471301,-0.7693376327475836,-1.521475799417955,1.5354739275917602,0.1668736994537616,355.55652391,25,253010
CA91688R1082,-0.0071941971359806,1.008919182441728,-0.7089579326496052,1.1416641386507935,0.1141394616353236,3.1052769944811205,0.915704736414254,529.5314805999999,10,101020
US0091581068,0.0006000854841098,0.3215318539756766,-2.37006108261387,-0.2207399531923868,0.5254452852288078,1.4102659376132565,0.3516656040913808,68537.82513072001,15,151010
US45866F1049,-0.0119165082395391,1.4649180523669043,-1.4248322919190093,0.1799603142727475,1.419485429897465,1.1868742898080336,-1.2261191961906492,86035.003452,40,402030
US69376K1060,-0.0368684512803412,1.0443065175894957,-0.6025771265818358,1.934890408417739,0.635769459119021,2.2261867103690167,-1.463258968303827,804.59934848,40,402030
US9288811014,0.0179454577800764,1.5597381895357598,1.324923253795315,0.3813902628183969,3.780333794182865,1.364213930034374,0.7535475590019607,4419.3763454400005,45,452030
US3610081057,0.0136246798537782,4.884802895682364,-3.086778634642326,-1.2176886886268292,1.496895177073818,2.1122742169101505,2.3355754634582397,217.18589412,25,252020
US64828T2015,-0.0189475131684669,1.1823975356830088,-0.4523070086771312,0.5695160700399122,1.2961722046357178,0.7570234759880188,-0.008634087336633,5762.56285954,40,402040
US2371941053,0.013826188064425,0.9422271360899814,-1.1740091335809428,-0.9092380536038926,0.6117518173449471,3.071106803156004,0.8826894367147037,25462.364787810002,25,253010
US7710491033,-0.0784697556309602,1.1789331120734703,1.9331120167341944,0.8149891487808603,1.9415054456962928,0.2660986734456096,2.0616502416754394,25469.21876466,50,502020
US8299331004,-0.0017541259565389,0.7224243753429664,0.2221477107411233,0.7028709036847783,0.5754943684313109,-1.7627361037153606,0.2223261212891929,5370.970385879999,50,502010
US8793601050,0.018671278054183,1.5411348940017349,-2.0957802221082407,-0.7012918890655339,1.2332351453091717,2.7329276363002672,1.1373947160708404,31188.17631225,45,452030
US2544231069,-0.0027968834271555,1.278526804684864,-2.6988100219729114,-1.0665562867692624,-0.993041770110431,0.3603191631058611,0.3474399719128663,431.20454815,25,253010
US40609P1057,-0.021740323212277,-1.0425007960131292,0.1357912448055591,-1.62185621650275,-4.092754024287228,0.6071079543756647,-0.2936703638336633,578.6967113600001,55,551050
US0565251081,-0.0008198010862543,-0.7023503283107443,2.265881015938484,-0.5204372504441231,0.2000251438911968,-0.9103577177861302,-0.0926257266362343,3772.67878134,45,452030
US00175J1079,0.039762111156669,1.4590682593411994,0.0559878964010241,-3.406641480557494,0.177331475167016,-0.8581728900497454,1.991291876171104,189.58010252999998,25,255040
US9295661071,0.0630204418958353,0.4474842810673434,-2.5679247373192924,1.224464449282758,3.714869023786436,3.942538525955252,3.641603443515024,491.8152669,20,201060
US5738741041,0.0876434938919361,0.2358998817329873,4.122586158918296,6.011291403497962,1.0048154730490326,-5.225731596992292,2.813535721841454,193488.5500744,45,453010
GB00BVG7F061,-0.0054553487509737,0.1421224331743152,1.6459170118750834,1.2754401367903447,1.2358954748459248,1.9323666076353248,0.3024598401144157,1183.60692472,25,253010
US0311621009,0.0280044710445637,1.3711872171983728,-1.8561682726511188,-3.446113711660499,-0.2675741749151705,1.338621306855529,0.6283555849609227,223971.4028774,35,352010
US4262811015,4.873999240348568e-05,0.7761321375114761,-0.4969276546674059,-0.1941944109767788,1.000256007504227,0.299522077908543,-0.9952847725196564,10824.14363742,40,402010
US7045511000,0.0572796363431836,-3.875772707017792,-0.0409801610769743,0.4065163696610046,-4.225217204787229,1.952952466531665,-1.6272057776914588,3087.5292405,10,101020
US8308791024,0.014146532390837,1.0825081683944413,0.2816786995973509,-1.4078708573484375,1.5398727330259545,1.3150462898142246,0.3446731295024403,4125.13195105,20,203020
US98954M1018,-0.0602706206829994,1.1882984794800446,1.3573741378306876,2.796597839505868,2.459766520377049,-0.3771545494648843,-1.2781851900798245,7596.98396628,60,602010
US5184151042,0.0312230691201394,1.787304195736834,0.2018353611529526,0.495992906823796,0.460218915353197,-0.6331459013330066,1.5416816715762038,18265.39466593,45,453010
US7140461093,-0.0244253357969144,0.839449571214716,-4.16447320134998,-3.226432856465709,-3.460049070242147,2.247797310876028,-0.0297463091703011,12995.31212375,35,352030
KYG9TY5A1016,0.1498038264624072,0.4129695823048389,1.7223580225935575,-4.269247397172727,0.1244613085223814,2.4834224202925905,1.2129913362099,400.86736756,35,352010
US78409V1044,-0.0181833426329368,0.8022145241990906,0.0141961747161517,0.9344981572846788,0.815823092798065,1.1920080435680944,-0.9245779039951552,123222.9302564,40,402030
US3773221029,0.0942082334837844,2.107797996559196,-0.2615090362238668,-0.5431640569452283,3.545951669826505,2.2683172922506127,1.0421256516449149,10523.267769,35,351010
US6348651091,0.0434797832709549,0.5270676231489451,-0.3803537522825118,0.283995395330281,1.4896491767033415,2.166015035549807,-0.0281009173284436,261.0141435,40,401010
US36828A1016,0.0646340141186668,2.108242527124242,0.2724128248594815,1.349052822275764,4.046259523948333,0.806153756237696,2.5532963482580167,283006.0775699,20,201040
US7006581075,0.0204805663576874,0.8525499476550347,-0.1492037174158865,0.7723868364902517,1.7179342997617306,0.3260628818279766,-0.0431945024804453,3655.5973592,40,401010
US6372151042,0.0612260331449782,-0.2197623629735354,0.5109074043377355,1.820123697854112,1.907612230773804,3.660884067241259,0.534884803457546,721.81224576,20,201010
US09352U1088,-0.0915641030656101,-1.4906896777291072,1.701111063848371,2.467274501619755,-1.9609339614963208,-3.5295243555800937,-2.5417056702631244,338.55561359999996,45,451030
US1086211034,0.0183995479121103,0.1728331837140339,-1.184930474646218,0.3787613094721219,-0.0604907215761699,1.6775438184905425,0.3169864064977252,464.29249608000003,40,401010
US2253101016,-0.019978023346917,1.3049734024904085,-2.507702510188539,-0.1582050173907729,-0.4089110232941846,1.7461071928326866,1.1413599936901329,3647.4539992000005,40,402020
KYG4740B1059,0.1586398256461119,3.177145825001996,-2.523071234456157,-2.550205474016592,2.816337984515125,3.4062255273656845,6.516019422680932,2619.0876095999997,45,453010
IE00BFRT3W74,0.0090752789982834,0.951912269122169,-0.2314225572352697,-0.0086766464382866,1.5831630152727807,1.193669577161209,0.0153148594823934,13974.2463808,20,201020
US7170811035,0.0016337333886782,0.6208959388865807,-1.2636976744914288,-1.543865464539649,-0.3727398799925793,1.4189810519650208,0.0864221406040256,152559.9817982,35,352020
US4128221086,-0.0100055401220489,-0.1716400492868219,1.1705683872241932,2.6563528839241477,0.5308007345106385,-0.576975434891084,0.0995866320161717,2863.93892235,25,251020
US00090Q1031,-0.0047277417439215,2.29358514908814,1.237866020695963,-0.0230696335487881,2.435242753952524,-0.1114451728344099,-0.3642098070167914,3428.3634324900004,25,253020
US2987361092,-0.0189267742147081,0.9615557276023468,0.659048795998795,2.0630623497537925,2.0274392411977287,0.1463919316907923,0.0644574911437096,2563.31144886,40,402010
US7496851038,-0.0085502426101085,1.2922670152211655,-0.8672169597592458,-0.7863415285705107,0.843361705579996,1.9297483086857896,1.0783634166327345,14356.59363354,15,151010
JE00BS44BN30,-0.0502352192158685,1.8549561813176405,-1.5410941624977583,-1.346663130678608,-0.143314884328523,0.2067754808381956,1.2236685139670775,1392.9725720899999,25,252030
LR0008862868,-0.0142582170425467,0.788780946488209,-2.142145676765725,-0.1627811576667817,0.5151896606385411,3.1846626470473423,0.5007932964318783,81277.09673712001,25,253010
US0239391016,-0.0471602179236681,1.5060902887539824,-5.913973948737927,-2.614673899032457,-1.4669894898514744,2.962702473220643,-0.5496962708515374,3325.4639358000004,20,202020
US0044981019,0.0195598397586993,0.0936750991608029,2.7073477296854804,3.0888856493206567,2.400843994072083,-2.6422820429866394,-0.9049298251911164,5345.0819296,45,451030
US0327241065,0.1406621157061949,1.770898465490546,4.905821511508023,0.9291329061280532,1.9591215662412744,-3.739240423191292,2.055575893682123,1625.63908299,35,352010
US69318J1007,0.0216538804379153,1.266384682066101,1.2225213389144232,0.6889280404779683,1.692524589761051,-0.8444834900671762,-0.467845747701043,893.0769405,45,452030
US66405S1006,0.0244077105139179,0.2008020880896274,-1.082026223387148,1.949720631405699,1.2161931619452422,2.992930661044986,0.3492547069445616,1049.21844417,40,401010
LU0038705702,0.0450812403601999,1.0468705826640663,-1.9931740483640616,-1.1724796242876478,0.7674231816591189,-0.2270281423361903,1.1435245088384869,9174.1615766,50,501020
US98421M1062,-0.0974232198059008,-0.1763649173929293,-2.116694193651102,-0.8843704456195141,-7.98168971391144,-0.0944918973841983,-2.182613898007121,376.33377257999996,45,452020
US6350171061,-0.0474801192086798,1.0397900894552237,-2.498692358815091,-1.7868497662571494,-0.8828336037997796,1.409538932705544,0.4800179507690706,741.38805852,30,302010
US29667J1016,0.0157730150126243,-0.4923739640619854,-0.6510318198418864,1.0562008862939498,0.042389291391289,-0.5995119145307838,-0.5819703961701209,1298.8666210899999,40,401010
US6098391054,0.0177177740262071,3.266868688183039,0.1644269188431353,1.6255536852318793,2.385905922985218,-1.0223815958004017,0.9914912844665624,66561.95685414,45,453010
US87612E1064,0.0651256370025703,0.2025809423048544,0.9196135878307814,0.5769868220093441,1.653771693804104,1.334859421693222,0.4707727612361802,69959.06423744,30,301010
US04316A1088,-0.008914754445016,1.2745748036947615,-0.5056839633255148,0.0167816098871613,0.6846811475734742,2.3796527510252474,-0.6171919647373008,3322.2856205999997,40,402030
US82024L1035,0.2688069541126077,-3.892576967828476,8.054775201656973,13.181914249091822,5.209207351867068,-8.297227721249655,-0.5080923456215947,637.5428829,35,352010
US30041R1086,-0.0241604876477995,-0.5226529112950524,-0.57133859272497,2.01905744907693,-1.3704198557645562,-2.216008935250211,-1.7709433821433,713.21093175,50,502030
US12479G1013,-0.0049838990659039,0.0788105122522727,-1.0453735565312687,0.1242757401479631,-0.2652617122184656,0.075302759045338,0.2776899805124873,165.09160514,40,401010
US21217B1008,0.0210194163069035,0.5758689634982144,-1.825689074574199,-1.2122032581445268,-0.1773543955917663,1.209131813005485,0.0952874446923305,483.94731360000003,35,352020
NL0015002SN0,-0.0167642342218792,1.4268847377620857,-3.453028828077468,-2.8901069146410494,-0.8319648330353663,3.971359771031989,0.4405230234999884,8824.81918608,35,352030
US00508Y1029,0.0182184265925465,0.2411734246673721,2.552500494101489,0.6345622011746572,0.5040469628096429,-0.524197784928525,0.4074920370479266,10693.9946574,20,201040
US7010941042,0.0371071260681838,1.507837555048284,-1.1216497623473474,-1.180971568591731,1.6434544361941417,1.8226409284552,1.396349499154327,132746.22177899998,20,201060
US6174464486,0.0091679297194617,0.6198929032921278,0.3066116115693694,1.4122418755942718,-0.0425577042979565,-0.4103676462530952,-0.2272617263718334,260400.29483529998,40,402030
BMG812761002,-0.025483047593525,1.34391455095855,-2.1135075542175,-2.174465778190749,-0.72664274156422,-0.0875808039042105,0.7177827586735608,3557.4265247999997,25,255040
US0536111091,0.0205730571980946,1.120843713336087,0.2366495486851551,-1.672455614919274,0.7715400748421354,2.183449462462074,0.3022723322164434,13453.89757163,15,151030
US4489475073,0.0130158138017576,1.1041030404050305,0.9698778965836116,1.5749120604298246,2.416744522775118,-0.3692960537020479,-0.3257766372529754,1420.8119148600001,50,501010
US4107091096,0.0075659978432346,0.1089886535058109,-0.3625456638522053,1.5326932653793786,0.4263600166612376,-0.2594053659989572,-1.0843892864007516,118.25952768000002,40,401010
US5339001068,0.0134906267078848,1.2867711311878047,-1.514717991773341,-1.5625319752762774,0.3583883056156808,2.7769950305130457,0.913943925537707,15370.99170529,20,201060
US9898171015,-0.0276781297742167,2.4802496138566497,-0.1037334143708688,-1.8021327227859991,-0.2584503194109685,-2.847861950165199,-0.4400201400901275,250.14103450000002,25,255040
US9742501029,-0.0286301193002556,-0.2373898338619574,-3.0488064527235625,-0.2025464498692515,-0.42914323073138,2.8484052768237005,1.7985041427931936,1051.0413381900003,25,255040
US4370761029,-0.0136171905929584,0.9935084778405257,-1.1895583868317616,-0.4287865039151154,0.9219705726389552,2.1531531886411828,1.230296456743552,337583.29777899996,25,255040
US07556Q8814,0.0031482971101485,2.911020807204103,-2.595938359418425,-2.6609170012413568,0.7524001929465114,1.2075831497362912,1.6376376957464651,808.0285521000001,25,252010
US7782961038,0.0319303589343966,0.9367776516135972,-0.4481421077076508,-0.8671132010462541,0.3350879326819469,-1.3085610436998325,-0.5156968184106742,76932.36496855,25,255040
US85208M1027,-0.0446570053400845,-0.1172708520278267,-1.3070398486294974,0.4236719782411313,0.3565374626862439,-0.6528042508308747,-0.4358846804644944,7648.595644409999,30,301010
US2358511028,0.0001865653845316,0.7263528265171046,0.0794163036050459,-2.050010134102341,-0.7264061107521188,1.231617032628139,-0.1928976557610419,126588.83671799999,35,352030
US3119001044,0.0150918786564854,0.2321677205497719,-0.7461212738150443,0.4444816295289154,1.215814106943881,1.9038485006347647,0.551618739858416,58438.289173319994,20,201070
US92532F1003,0.0277671507786823,0.710805466298205,-0.0732178010425119,-1.7121567104407756,-0.1783998063189039,1.7922200730113946,0.4792707837243672,127892.327121,35,352010
US36866J1051,,,,,,,,489.7426052,40,402030
US74365A3095,0.0479166265843217,1.7026456863757315,-0.6261297623098486,-3.0169854135953216,0.3469958881267158,2.1096527669886047,2.0350209176654426,152.79361592,35,352010
US98954M2008,-0.0642117948861374,1.0565894008479653,1.2831478959208389,2.696795469608923,2.213229147283811,-0.175011330442282,-1.1913188297548305,7289.45058108,60,602010
US17243V1026,0.0332099805174186,0.55571791274484,-0.9263824667877404,-1.3762398599065753,0.7363654258216885,-0.8354206562485478,1.432273760037687,3867.5780769599996,50,502020
US5049221055,0.0059012417450921,1.1146215698513375,-1.99672451717635,-1.326742296964298,0.5742248024700278,1.1322466800456166,0.2427061030420767,25693.129628850005,35,351020
US45258J1025,0.0939041230451739,1.24445133025652,3.095367027470368,-2.3123127701998323,-1.1546219350616722,-0.6409305078719569,0.2634028455581531,3492.50237551,35,352010
US71601V1052,-0.0402109303039109,0.2308212740006013,0.1294304990383169,1.2036610260811085,0.380552978940213,-1.077878799194941,-0.4966379995016728,293.87265236999997,25,255040
US4576422053,-0.0836962778969999,-1.9009203395527048,-2.180641874887034,-0.7596478294133112,-14.89211529388404,-5.068567076295087,-3.680020017232629,2094.4984931,20,202020
US90353T1007,-0.0149100087470897,0.3436472998356666,0.6080620654629841,0.8899382154780839,0.6774392460631418,0.9306859296386925,0.7548440068388473,154387.2990828,20,203040
US5053361078,-0.0207649428082976,1.1468597888427767,-2.8298296651886115,-1.0041925452230596,-0.5651944531303452,0.5581239062606653,0.6781621895965824,1663.22272492,25,252010
US8257041090,0.0067132555812536,1.7510740024384466,-0.651049931877822,-1.4809443297338285,0.4621337090822108,0.0894043152931305,0.0816064183009885,753.17552238,35,351010
US70805E1091,0.0344455641404874,1.3881638280987214,-0.3856885113617747,-2.2235962068436588,0.2547801408744431,-1.130524165867909,0.2442582467014142,1319.43773382,35,351020
US00847X1046,0.0399743996605155,-1.633685593576583,2.7590269862594727,-0.4744980183040368,-0.9843713501602852,2.3438655316664687,1.2356002023361397,1929.30289357,35,352010
US31609R1005,0.0253361290608999,0.2286329325805134,0.6858165563137664,1.0134443205683734,0.9350261032336618,0.3983659819360086,0.1886276518014814,263.50571859,40,401010
US12572Q1058,-0.0013668898242332,1.5609384446608057,-1.1333097212078065,-2.128378431696036,0.4233185171878073,0.3749488892961077,-0.7245626063352117,96558.30052432,40,402030
US53566P1093,0.004242501710562,1.4732485568016749,2.646747248703216,-2.138425770157505,0.6429999360624747,-2.7645246952591824,2.3995643249414504,260.88968880000004,35,352010
US1442851036,0.0844007803582113,0.7178028042327111,2.0735172320393103,-1.8466362610701887,0.3238246920596264,-0.916826555714832,2.05408746731961,25954.095004099996,20,201010
US6284641098,0.075432553330316,0.3984000448629163,-0.3147601642165301,-0.5450110995975738,1.2751268277252188,0.6622240951804957,1.203479245490997,1219.7859846000001,15,151030
US65342V1017,-0.0216075023645057,1.496476678838103,-2.684346079145456,-1.119249697786566,-0.435122440710836,0.648895575156858,-0.1596651765308936,297.04448388000003,40,402040
US75508B1044,0.0283843430176437,-0.3759968924531416,-3.3916126905976505,-2.5894155094350326,-1.5117816185109167,0.3601055829846679,0.7937149676180949,543.23835416,15,151010
US16359R1032,0.0072574514911844,1.3661542639668842,0.1981666087731099,0.9395530297022244,1.69674530497445,-0.4289759956081077,-0.1709834534408,6822.1772098500005,35,351020
US6834161019,0.0413969263324062,0.175082436906626,0.8258322240614744,2.2338966395819964,1.7769217773040795,-2.0139464783461887,-0.4606099397580493,521.0112951000001,45,451030
US20112C1062,,,,,,,,296.922408,40,401010
US0082521081,0.0321288077525872,0.9682529503117718,-1.2616735230318916,-0.4152106501013077,0.2588644989433786,0.9198996824540968,0.0524019039433061,9378.96260394,40,402030
US66979P3001,0.1495434842988719,-3.876334887008576,7.218112455143276,5.905548180426598,-3.613546806907036,-12.595523566126028,-0.6121635248910584,581.2562882999999,25,252010
US96924N1000,-0.038389822426116,-0.327361057266251,-3.851827866869403,-0.5034176159899957,-3.557089081383114,6.665406509703454,-1.1552653658337138,1243.56854625,20,202020
US90384S3031,0.0042416098063102,2.273232838943848,-0.7306815317220356,-0.6857120818454658,1.8419822707746225,1.542948524007528,0.6412027392659349,21892.30290777,25,255040
US3635761097,0.0039200283366786,0.5905441479776651,0.866154976884159,2.2680300304082737,2.6718646653271443,0.5073127158418287,-0.2700125038002405,63696.89755921,40,403010
US65340G2057,0.0408927714600619,0.7378051095642261,-0.7957652137417459,3.783393936861658,2.2709535990326124,4.915378662608262,0.0660200993988691,207.65224409000004,60,601010
US98585C1009,,,,,,,,1527.82385147,30,301010
US45166A1025,0.0386258009625325,0.000228985528456,1.1416658395927697,-0.9663959011057216,-0.1543375200267291,-1.2551152964367591,0.6436128658079194,3470.85422865,35,352010
US2944291051,-0.0126292088691569,1.4312077416803055,0.6874720207615944,0.3033906951678357,2.023892926516,0.7312117498336328,-0.2409058645502141,21125.67010062,20,202020
US5797802064,0.0024983831031344,1.944356850029418,0.1764554237872462,-2.4026843207763857,1.70038459812105,1.8989147039288976,1.0278213288185878,14690.35225848,30,302020
US00404A1097,0.1035683509164502,2.6999341481436043,3.6470491818646624,-1.2911075893563462,6.462460372324027,-2.425154383011422,4.323238285004709,2829.2005526400003,35,351020
US2582781009,-0.0300631578938852,0.6249098087610423,-1.095897088786847,0.3609542680694322,-0.049850870447156,0.8730750014202588,0.2230498046035178,3610.54478792,25,251010
US5006432000,0.0062382459796964,0.3143859216555341,-0.4996765728995261,1.16545840715529,0.5748637284140335,0.6321016334005971,-0.9278678556702632,4273.705669479999,20,202020
US91688F1049,-0.0678609950870878,0.6403144426638231,-1.7746004498932615,1.600333303112061,0.1695259934560245,-0.8766816245237267,-1.4360806499684426,979.5657214,20,202020
US44951W1062,0.0470301003511927,1.9553865215307984,0.6579164759609515,-0.7450736565475036,1.230852309050244,-3.045796852260575,1.6169996998867615,14790.2178216,20,201030
US34959E1091,0.0151751870994663,-0.5386801739945261,-0.2718418630063312,-0.1409607742087431,-4.055952261656444,-1.6464532113219108,-1.517916931940006,97581.57825060001,45,451030
US74251V1026,0.0185249333912021,1.1800766058019452,-0.28149947849357,0.1428827825942227,0.7471423672115897,0.3623181149892199,0.2381857048715221,24109.527330719997,40,403010
US03475V1017,0.0701934226889159,0.4675400957220983,4.192955173616781,0.1074490413005695,1.77663724100876,-1.9099893855317407,-0.3579664444343374,612.56864576,35,351010
US59356Q1085,-0.0036696199955428,2.4768392059497657,2.2204185243541046,0.498295563085588,1.7064213097705896,-3.695726085879645,-1.2202115150106725,3861.1069838699996,40,402030
NL0015000PB5,0.0196435412054651,2.6223383119687536,2.213896517602865,-2.0970443987328524,0.3924398320840411,-4.59774273577051,0.2596157451988967,879.11343655,25,252030
US21676P1030,-0.0153118404211721,2.792517696382077,-0.4179566472442094,-1.107330378658264,2.838349043394076,0.2662794234168195,1.3918454488461212,481.53855725999995,25,251010
US87164F1057,0.0079010146784888,-0.5022762778705014,-3.812228386841541,-1.4853324150516465,-0.8184863845737109,0.0563966084922993,0.9253083478327556,1749.3732728999998,35,352010
US59156R1086,0.0143099141936291,0.8441538473310727,1.3448769284985156,1.8548411934170297,1.401224235629857,-0.3053859915198595,-0.7296644430474264,51705.838879,40,403010
US74623V1035,-0.1268845025454034,0.916043318741545,-2.0248361466221017,2.398188039268199,-5.227601099532235,2.0121379717208443,-2.0704887111440025,1358.22573831,15,151010
US8713321029,-0.031851731851505,1.0240764038744443,-2.389878088927212,-1.0816607311052224,-0.1818055001923194,1.5797951678725828,0.375879570785589,1273.1458176,15,151050
US9170471026,-0.006747913832256,1.1605889619541088,-0.0019743906796015,1.871090056093992,1.3088557499342592,-1.1789917735660636,0.1361981809252921,4498.3335097,25,255040
US8574771031,0.0460089112503926,1.2555322273080365,1.454415476287492,1.982903474336298,2.2560558283512098,-0.4069949985413895,-0.0790813782255265,52407.34421592,40,402030
US12466Q1040,0.024479952451147,0.0024595461053999,-0.6279819759131559,0.4378474983655642,0.5871529653066765,1.8291216687383445,0.7115151523918759,266.3736705,40,401010
US87169M1053,0.2428596930243738,-0.1600598775396975,-7.070250942679829,-4.448383222476255,-4.270847700474374,17.00051275581452,3.8807451206134336,83.25468008,45,452030
US0708301041,-0.0009640405706824,1.8734759567644763,1.0593967261853316,1.4232758240642729,3.246490624720977,3.3880356056890704,1.905077352539128,3897.6075390200003,25,255040
US5534981064,0.0084906316270945,1.685814569627263,-1.6157196726188303,-1.4694449816591586,1.2340676679794793,1.4863605605647203,0.5536465881412611,6842.94648184,20,202010
US00187Y1001,0.0179793898029381,2.0291135365071926,-0.7009692928685904,-0.7718185732561554,1.7124651833015518,1.498708934772513,1.485248145915497,,20,201030
US56585A1025,0.0693137777772013,-1.465189182578336,-0.2445073624984191,-0.3539461130853261,-1.0794578658187457,-0.942200709543241,-1.0240860612006175,99546.09186080999,10,101020
US4663131039,0.0505459597133709,1.1620911151736515,1.7109555363189315,1.7895483826899383,1.609619545755948,0.4955746588398882,1.2527630073322045,37316.7614032,45,452030
US6291564077,-0.0039269863960177,0.6956463854273546,-1.6289163037426064,-1.0476583888704272,-0.348689909875804,3.277946260228206,0.4452379403444443,53.58477069,20,202010
US91347P1057,-0.0199061781064418,0.6421862608193988,2.2163293954887924,1.5492506560145558,1.284874513991767,1.6074318765297766,0.1834908168765089,3763.1393747499997,45,453010
US9290891004,0.0319292564268207,0.5544991061642158,1.6669494983100728,3.183761031801865,2.1893706635347154,-0.2324487362246124,-0.3290244606036901,9166.90600194,40,402010
US0080642061,0.0996904399853395,4.099469807628622,2.509119639971692,4.897681787500218,5.268889054354506,-1.2398509993045588,1.955404816215476,1570.14951903,35,352010
US0231931058,-0.018117815287154,1.6131879132487774,-1.2062901010557416,0.0978205852380673,-5.932691597459766,0.8189787442184757,-0.8239835161284395,1520.6996608,45,453010
US22266M1045,-0.0406708908752071,0.4064656829522742,0.8016464741724647,0.8584424020022688,1.363498236566303,0.550232558379518,0.6691629042405266,1415.8852280100002,25,253020
US1152361010,0.0022154302419248,1.0764465578244748,1.381833235218604,1.4090558180784805,3.4221515987104247,-0.0675477864767763,0.3275640214003641,19923.92162192,40,403010
US9022521051,-0.0244965207496726,0.6382863253907325,2.4573586392825097,1.5387525793111494,2.12622408353201,-0.6917656100784895,-0.6583266396834218,13404.487004649998,45,451030
KYG169101204,-0.0447520982447214,0.2518238158923194,4.644806843682323,4.19485000744082,2.8912900665188817,-2.815213266424553,-0.3438087914077418,378.8924934,40,402030
US90041L1052,-0.0209722963452344,2.120160912936761,-5.34819555593376,-5.148805838089283,-1.915960193220786,6.6599367363418605,1.6490035345108134,1745.57573583,30,302030
US82900L1026,-0.0511513289663691,0.0794200143312344,-1.2930466121193365,0.513276982811014,1.1004331648686945,4.065549092920188,1.2857152006325172,917.15418545,30,302020
US86771W1053,-0.0858106527054785,-1.3438237472252723,-0.1533716491947671,0.133452243388225,-5.760832550360476,-0.3800066387556183,-1.5597031916150117,2391.2421870499998,20,201040
US6703461052,0.0176512879605371,2.028448285342768,-0.9112550662011696,-0.113513532641708,0.0157735422046669,0.1073545465046001,-0.0331423049759349,60576.4234628,15,151040
US96208T1043,0.0321202627196609,1.098352343299027,0.8235704727414429,1.0086447370275244,2.524278724530891,0.1791363701289967,-1.7953629036555652,6461.78184923,40,402010
US2787681061,0.0556750281512865,-0.4689608044386906,1.8354584717019569,1.9642649204859333,-0.0809408341131314,2.142534086355937,-0.8756076703951405,23038.0828626,50,502010
US4441441098,-0.0094204559355926,1.6363272966953868,2.2332067130285678,1.6560880066471353,3.9513601311674416,1.2651693618263744,0.5019877814504243,209.10639088,20,201070
US45780R1014,0.0168385801316679,2.5765974994901555,-1.5130103299741098,-1.5731975842414043,3.209856035815071,2.757724557782284,2.5969889836531523,5347.55516544,25,252010
US4212981009,-0.0019410985114758,1.5434725890615997,0.1617780206593775,-0.8857497888243934,1.0903532428725533,1.016236709502367,1.5249696703291606,3146.44709715,20,201020
US0997241064,0.0209366080609461,0.6358168829095372,-1.2955530771747397,-2.0304235291309487,-1.6763194372076509,1.088981450412398,0.621968223407297,13829.6146212,25,251010
US2774321002,-0.0054976842639106,0.8860666985952854,-2.4761985635030044,-1.7962069340694875,-0.4840075897389507,2.515737770073602,0.4618590508472494,8399.76610026,15,151010
BMG3922B1072,-0.0188378413731821,0.9363964478788872,-0.1235271586950875,0.1341959227014153,1.0789930076076115,-0.3083608410642761,-2.0424337209730563,5225.45641024,20,202020
US86722A1034,0.0105785490719211,-2.488327940224866,0.8474308614826777,3.4618580461045347,-3.1233625881967946,1.373520081982063,-2.722193780952013,787.6574842499998,15,151040
US0223071020,0.1342487547002361,2.9147988830268066,-19.973485554917985,-10.661058173319711,-3.7152787362487207,13.79619277648693,4.031722472338372,1662.69117476,35,352020
US78435P1057,0.0248358969583869,1.0648217042138275,0.7003871357389981,1.9926659977093288,1.3932152105977864,-2.08887451360304,1.7666226286496016,2213.3114290699996,40,402010
US3703341046,-0.0142957623425341,0.9330481814878516,-0.8540180953864954,-1.0115702658414767,0.3351031916084692,2.506096357947893,0.2996741828282473,20891.453969500002,30,302020
US43785V1026,-0.0009309411677969,0.4056769576183408,-1.8278857451029635,-0.0681886674477284,0.0580011781179064,-0.3564592927875354,0.2574199756629314,3588.2669186,40,401010
US00081T1088,-0.0032532179790207,1.9577750842612127,-0.7393242440000433,-0.6817666806028655,0.3579474194413947,2.313668711738357,0.5041905415188914,383.91297581,20,202010
US9858171054,0.0182354202207786,-0.1385653373930835,4.92375530036868,5.025039022360981,3.9749212754932537,-2.7194622266703856,-0.8081346164469313,1271.26527066,50,502030
US9478901096,0.0242192605501061,0.8832885915531806,-0.4094261962398591,-0.3459091413647113,1.1319034343435357,0.9133098215424844,0.5429296734095399,12692.077772159999,40,401010
US09073M1045,0.0293956983697059,0.7308641904580035,-1.002109062159607,-1.6995240637698468,-0.0188121957435221,1.4167505705275094,1.1374663643493688,11162.287877760002,35,352030
US0994061002,-0.018306494488241,1.7276186086651448,-0.5585394416071019,-2.2413950775757066,-0.4014723476159461,1.5925169899712115,1.532494977358326,4913.1887330399995,25,255040
US9280311039,0.0024857834617123,0.3052609022869014,-0.0618856387303001,0.4538530461162658,0.1565767287503488,0.2342396556458976,-0.0533740413537605,221.28942204999998,40,401010
US2339121046,0.0147543298924841,0.3113676891185356,-2.4939327963972016,1.3875307002052475,0.7634195143057042,2.250945578247024,0.1079440071495213,751.81214976,45,451030
BMG6331P1041,-0.0134548674052752,2.951180252205993,2.785762406516157,7.923015980826029,4.740170944414699,-3.448418162718439,3.447890731917777,773.54359328,45,453010
US93403J1060,0.005743220599463,0.8902029165379184,-1.1303670211446262,2.393245486968563,2.16347659687239,2.0586070988162404,1.1595262136999724,2987.24988023,25,255040
US0396531008,0.0208583530788351,0.696672942702656,-0.2414556176714473,0.2399950400560491,0.1910686488498301,0.1884659131702168,0.3025020129109309,7020.98979082,20,201030
US53220K5048,0.0489907595073661,0.4205381440987837,0.7415711897767396,0.3078781505359289,0.7795651781753631,-1.2773769133280644,1.5298679029750009,5750.731945490001,35,352020
CA8559191066,0.0436047911271793,1.234675537975826,2.558069354747409,6.342551810093465,3.5864853648271677,-5.235806948749548,2.0082175282403454,445.23,50,502020
US81761L2016,-0.0391483290532647,0.8129326542721795,-2.806185477308188,-2.3656399607774574,-0.9265026135622918,4.196584167766398,0.9329719447449925,,60,601030
US44891N2080,0.0075603591884101,0.4639668329981686,0.8764078326430089,1.8121829925388564,1.622031710198364,-1.1717777018383932,0.4605913268639168,2932.0049382400002,50,502030
US3794631024,0.0124613528822121,1.2264538411998076,0.6864594818553449,-0.7839611963610983,0.9239850756991764,3.64305384616705,0.4703529804429673,111.93971864,55,551040
US2383371091,-0.1440269214963938,3.209818082067118,-7.768749891024353,-1.675723239505552,-1.4393701055082917,3.511978440311963,0.8309731182186201,283.78788499999996,25,253010
US31620M1062,-0.0280288228160334,0.8595495090835334,1.967614459930328,0.5375852191289323,1.5163327897364862,-1.496219126422618,-1.5829634050235215,22112.68633497,40,402010
US74164M1080,0.0134453651237948,0.8793438184005671,0.6891282662283079,1.6942552636051482,2.010817763494045,-0.7714772805600828,-0.1317938405236985,9597.877504740001,40,403010
US71377A1034,-0.017930582617331,1.1619193635157676,-1.5639117267079712,-0.6635507286451877,0.0769354193244413,-0.1044193946228202,0.7379770969867103,16465.067011889998,30,301010
US04013V1089,-0.0308838796337768,0.9995020322058288,-3.011739679579689,-0.8087051951737791,-0.7033668348419756,1.1658175163489404,0.5576317712851709,247.84581402,40,402040
US55405Y1001,0.0194263363787573,1.383566737537022,-6.120550510827917,-3.937117255137092,-4.423037696121347,4.4754128412766905,2.6541906538501383,20514.963340899998,45,453010
US3434121022,0.033935525500606,0.980701664454574,-0.387154574413836,-2.1715689699112075,0.3663143198715799,2.2111341308180354,1.938171042307232,6873.864296340001,20,201030
US4830077040,0.0674898633901119,2.8216948804138635,1.4661118134007514,1.902225403219017,2.599080153810045,0.6343951282354787,1.8573390441213085,2914.9212652,15,151040
US92537N1081,0.0787618926815163,1.8167009386373043,0.7261093979503048,-3.486961158549194,-0.4323761281609967,0.990820414054666,3.1289406539217786,112074.08280389999,20,201040
US1746151042,0.0298383187470385,0.1819987699903723,-0.8259748735897572,1.6403130269741422,1.280123854849092,1.3763037511051064,0.3066626530193092,369.60717877,40,401010
US86272C1036,-0.0010477399729852,-0.4696478056498407,-1.2016299474954506,0.0636039139666337,-0.4778797178652966,1.042070428011362,-0.4406954644148936,1765.3596857999999,25,253020
US45168D1046,-0.0482898457722257,1.3400036903215349,-2.87819173722841,-2.5541881514345475,-1.256426339517147,-0.0239990193400388,0.2329674442492407,43113.112802100004,35,351010
US01862Q1076,,,,,,,,4779.7042383200005,20,201060
US40412C1018,6.62458918241713e-05,0.862128746998602,-1.4374052433813778,-3.125963119704964,-0.3614730424487489,0.6554542080195873,0.6969994031886918,61880.365032500005,35,351020
US53216B1044,-0.0127193468628981,-2.6124416336209597,5.50677550227311,8.195214742352547,2.411698485352608,-3.872586583545131,0.0085392489110131,135.13756397999998,35,351030
US6409791000,0.0676010927588412,4.214070388671322,1.6556289983071284,-11.95577839596416,-0.2504399970823594,1.2231529904192309,3.8792619662063808,216.45991323,35,352020
US3686781085,0.0233280912973386,0.7116870920093535,-2.740904725365464,-1.7301322801654182,0.113297375963322,5.531899994766894,1.3939013291080973,218.39487919999996,20,201060
US05759B3050,-0.05221405725482,-0.2172733858891917,1.1221202608576768,-1.1054755279453712,-7.974408601438771,-2.8306527735464355,-0.3651352028078015,315.91467362,40,402030
US88822Q1031,-0.036058966776019,0.4593560741083122,-1.7053039792201816,-0.4458282374083959,-0.4278769692268435,0.9956995965522012,-0.1879548699195165,416.66018352000003,40,403010
US5370081045,0.007152131036208,1.5029854980854178,-4.112065752316468,-1.0563338122142123,-0.8457780007192535,2.0536721161473768,1.2538048971280322,11505.5643519,45,452030
US92764N1028,0.0266484913283552,1.8646983354276867,-3.7763732299174633,-2.71890273668612,-0.2624863071353243,1.6822799770016237,3.207519743197243,1155.95867072,35,352010
KYG1144A1058,-0.0550929269957734,0.3612651716184146,1.884259047064417,0.3577196077176662,-3.2957094180695914,1.981458500574636,0.795463661117896,556.06312566,45,451030
US68572M1062,0.0447100837661157,1.19159049910337,-0.0263802743672447,-7.920147779144845,-3.1830927549946315,-2.3651370712517217,1.1704796888762574,175.8461052,35,351010
US04650F1012,0.0989956609176222,1.9819540904851856,7.931547787724968,5.27095135929909,6.120016822541892,-3.0744506685489474,-0.9447701450940138,2606.53174254,35,352020
US50060P1066,0.0367377796324759,1.2092578872839097,-1.862600747778707,-2.516621287048737,0.72126533461889,-0.5424660174371272,1.7056495483743952,843.92098509,15,151010
US21044C1071,0.0196111091755434,1.6028565586296732,0.1979477783644089,-0.7611823874187352,1.73898625526604,2.582260631981253,2.245329888672007,6777.476259939999,20,201030
US3193901002,0.0291808366875558,0.392616736609796,-0.0039090033756256,0.823551176991383,0.9761884750619484,0.5675121495984421,-0.3183456580417049,565.82158397,40,401010
US8064071025,0.0129162279067778,1.5012085307425205,-1.871781668997189,-1.5979875333350615,0.715498008839548,0.9337525455215464,1.029046045949957,8916.22503735,35,351020
US5398301094,0.0319916898347301,0.1302331909588674,-3.3266724989238656,-2.5842206061757675,-1.3574300363210836,4.587058541022543,-0.4576876879140567,140367.6060392,20,201010
CA98420N1050,0.0584257123457099,-1.4003220486050827,2.3968934093800405,1.411223696257263,0.5962843108309605,-3.1027374053092536,-0.3216008764365588,5906.9150199999995,35,352010
IL0010827264,0.0201187589897671,0.0987025326114272,-1.3827242704055358,-2.812029389150005,-2.2420448806528155,4.579425102262969,0.6935723788989638,499.56677031,20,201010
US5486611073,-0.0152570091833673,1.0606435922691548,-1.9188944693261405,-0.3877247773004648,0.921268604791802,2.6128253576164857,1.2022427621118728,122354.7677984,25,255040
US5186132032,0.0391507239813161,-1.4598778624671431,0.5174801359131425,1.5133256345970236,0.016817817845146,-0.5068628345566608,-0.566729031648717,4415.49605206,25,253020
US3453708600,-0.0403606297657935,1.562774158842832,-2.179342329341303,-3.0484626993693653,-3.848963682309906,0.0823349213851403,-1.0273244706321325,57122.83710626,25,251020
US85209E2081,1.1200933793376575,-1.545203572671947,55.43913592626729,-72.5297948477869,-53.19666096963533,-23.267143756370864,-12.55376741955246,145.97442585000002,35,352010
BMG93A5A1010,0.0204041127190567,1.6272159983278467,-0.351676771670107,-0.334001828767476,0.9280183797084413,-0.8104460620838343,0.7966324491812131,43330.2687123,25,253010
US53947R1059,0.0185054591130995,0.4334447924881822,0.6924681960566891,-0.417115051705615,-0.2258506846065566,2.4875906667640884,1.2167764949043538,5638.2488806,20,201010
US26614N2018,0.0158667256181745,1.3235534827838211,-2.4821563758606757,-3.226220718700255,-1.1244223798045123,1.4699978570839527,0.6042668512393641,19709.46757164,20,201050
US8807701029,0.1240899110546166,2.487748720771498,0.387331033292956,-1.779216930258818,1.9116905293924216,1.2813343051716044,3.843186716334952,65311.7055519,45,453010
US04621X1081,0.0096381041017963,0.6911319197985435,-0.4093621952742279,0.1742819043900219,0.1543501409263159,0.0388494466134949,-0.2698427912857442,13839.77801052,40,403010
US92826C8394,0.0120100529610365,0.7294573436173233,1.8918724895801933,0.5966478787586692,1.2413204188516656,-0.5893027905897423,-0.6429761453401102,676015.09458,40,402010
US1524131000,0.0194689967067907,0.7901417789236593,-1.2418250250730951,-1.035273940977419,-0.6298760830327386,-0.783545441297495,-0.2781867053839886,2581.72101924,40,401010
US7185461040,0.059908256205384,-1.2380255400468363,-0.9455437848795504,-0.5232201048674914,-0.976813607687859,0.5493398423376092,-1.2558757395575473,92961.42487424999,10,101020
US4234521015,0.0562085352895326,0.5116790546760723,-2.359738455226565,-2.0908122665562443,-1.7379432489586362,3.95668256566244,0.0744501846683552,4243.567591,10,101010
US8826811098,-0.0053324161033605,0.8743514116054618,-2.3537025526020536,-2.206307413594589,-1.2116875445024489,1.3834855714658016,0.1498181408090886,13516.72929477,25,253010
US83089J1088,0.0351952306165372,0.5960206418808016,-7.434412573538896,0.0880507290855554,-3.262288814976686,5.310158151223813,1.4414245810427415,859.7076898800001,,
US87162W1009,0.0117485456921916,1.3794734264273516,0.699818482531166,3.285063179453884,1.2289374946119818,-2.366779133985637,0.9301014034063791,19363.44098252,45,452030
US1220171060,0.0454491574698225,0.5703726284373913,2.29553813183864,1.3339036273004132,2.5676952101654416,-0.1206045967729744,-0.6661894074143249,21779.996785680003,25,255040
US5502491062,,,,,,,,206.69314806,35,351020
US5147661046,-0.068987709764715,4.1200302846031045,-3.031058262679861,-1.2591925083611146,0.4623784362396657,3.648715000926401,1.4911310074875463,170.86873179,35,352030
US57686G1058,0.054137377778602,0.8882811546400522,-3.6329432620445417,-0.9592827318543566,-0.0754103604369744,4.021328821431565,0.6849806329666027,6357.454831360001,20,203030
US3994732069,-0.0208507433406332,2.241639346074856,4.306135068762693,4.389046656163083,3.048358623422966,-4.97879652682202,-1.3819232409899829,540.67661991,25,255030
US5717481023,0.00092393297735,0.9380734780260116,-0.4418517299422956,0.176938901227898,1.6876351363808837,0.7684697929961051,-0.1083430653783612,89543.07803175,40,403010
US8926721064,0.0118041304835166,1.2944508731385176,0.0949625835844654,-1.6417904400644088,1.8998119793578887,0.9439725043206568,0.5545914581059332,22398.127997599997,40,402030
US6658591044,0.0236633180521119,1.184435270560268,-0.2155556737641797,1.5090350345865533,1.4985573337243054,0.7093743074671653,0.2855609428239697,34724.885590440004,40,402030
US6200711009,0.0149632249249181,-1.78712819596493,2.854373400922525,3.807511768681483,1.1824769081233688,-1.178690730296848,1.0984021713051886,224.14304511,25,251010
US78440X8873,-0.006565281937077,0.1936798902473512,0.9568337023327442,3.5487974427641307,1.266954835512808,-0.0561932703061669,-0.141210642499502,3971.15642924,60,601040
US29084Q1004,0.0229235646897954,0.7549452426482144,-0.1106659532606801,0.9206996478428155,0.965367334287972,1.1317578702394064,0.6629780056407055,36381.93034021,20,201030
US38267D1090,0.0578314086727961,2.6163577201957686,3.887014431319149,2.9682825078440667,7.122729168435528,0.4296720551662951,-0.3038031363779174,2212.7146773,40,403010
US30214U1025,0.0046427211925753,1.2364760245217803,-0.0405009950239464,-0.7893460609294272,1.4825760353417654,0.7212194553798529,0.187302418212706,3151.1881475200003,20,202020
US1495681074,0.01408481666627,1.798990810581017,0.8473054528266329,-0.4947197198535349,1.7486957129891068,-0.6640053271036439,1.923631994309551,4375.68990723,25,252010
US03852U1060,0.0282866735814839,1.0249651405922475,-0.2404461394429737,-0.0994871849459304,0.2399157481104143,0.7789282374762819,0.5180991885643795,16335.20020176,25,253010
US5007541064,-0.0227085959910732,1.024678895706021,-1.249875927954836,-1.5405409029906845,-0.3685510050393333,0.2820723447161746,-0.2440752984950824,21897.835110449996,30,302020
US37045V1008,0.024894862462999,0.8797370857554722,0.8034884980022051,-0.1055721391110701,-0.0108853307614318,-0.5426913016169554,-1.2983912440429348,75940.61707632,25,251020
US00676P1075,0.1482643634588367,-0.7400220401452188,6.356915909275715,6.232811606083686,5.608483642744004,1.02757414050466,1.5130464212603434,3242.51259288,45,451030
US8060371072,-0.0071370023225267,0.2245972208548226,-0.8088167247295913,1.3243522510420742,-0.3560652137373791,-0.5116018982555821,-0.6334392579558029,991.50715172,45,452030
US0311001004,0.0319014580575526,1.4397646015209904,-0.0176156886884319,-0.8829668078145004,1.0696609325655109,1.6256205400095505,0.793930757986901,58175.834044719995,20,201040
US78397Q1094,-0.0890314208972408,1.0388200645107208,0.7057824260555601,-0.9142155592370792,-5.181336000729504,-0.3259660203442224,0.4699598094207262,182.65169328,20,201040
US25754A2015,-0.010590512752063,1.7711430800304062,0.1621363695431521,0.2100445190731177,2.631499566713126,0.3944768838046718,-0.3264919427082658,10609.31063277,25,253010
US8760301072,0.038911542243918,1.3194673192058222,1.9686517435821236,-0.2843339784393517,2.429312063245278,-1.7787779026077306,0.7073627795815907,25626.628496100002,25,252030
US74112D1019,0.0070620017763486,1.366056300071517,-0.0365501850547016,-0.7520033621066007,2.535862528917645,2.361327283705565,0.946493680514392,2400.6286908999996,35,352020
US33768G1076,0.0234392321297605,0.9415192017058668,-0.2601530785479469,-0.3995628771946433,0.5158675881301652,0.225483974554211,1.0718002665157502,8108.9398949000015,40,402020
US8910921084,0.0413410047073624,0.5914575323456753,-0.7405750570896976,-0.1581359564864141,1.494037395255851,3.798580003075589,1.1242299897191388,9334.63421688,20,201060
US3546131018,0.0046955979761172,1.6352745001302285,-1.6205033729203715,-0.1857742393823132,0.4083606599891742,1.7304999515881692,0.5152357639347178,9025.90900288,40,402030
US4824801009,0.0740492640466798,0.6084177351898228,0.6469834554326215,1.5462132082340216,0.9734637777462862,0.6781168567093028,3.0517189685495323,265873.88557439996,45,453010
US31488V1070,-0.0047618130782038,1.809913720419129,-1.7116181800091397,-2.0428493236825944,0.528013255837031,1.3405826132095755,1.6851925894719788,46093.054609889994,20,201070
US29414B1044,-0.0239308822486304,0.3830268475682696,0.1748263441451219,0.4298674905402936,0.4448056820536794,0.7832005866189391,-3.6350953304729794,5003.52019206,45,451020
IE00BY7QL619,0.0494308813141996,1.602280547874926,1.1856492341905884,-1.3346451702329074,1.997257771654485,0.1567631158415725,0.924275909852662,92812.4549865,20,201020
US74291D1046,-0.0041587603092287,2.169719271698108,6.759673155500627,0.8067444652765678,3.356194861452295,-2.584116085002304,1.3313426550079237,258.57807407999996,35,352010
US4204761039,-0.0147162682408819,0.0072456564890152,-3.4127986322121155,-0.806427260687206,-1.4994075690624038,1.2626508584993243,0.4457945270612827,257.95558308,40,401010
US68417L1070,0.0296515180915245,1.13054863576551,-1.5091346114439208,-0.3288374728829168,1.3309080293151163,1.0000985207964277,0.9282245481853514,,40,401010
US9831341071,-0.0261281015238698,1.1501318941053815,0.4780842369231012,0.3103747604189566,1.0894251477831634,-1.0152481156904636,0.3338919314609118,8270.70772506,25,253010
US78351F1075,-0.0289791463797779,1.3707469249601725,-0.1168706782201027,0.4161980739243986,1.398178706210287,-0.7149365721835982,-0.1484836289896344,8882.598325680001,40,403010
US41068X1000,-0.0016977143827639,1.0088314985642224,-3.2400777858740923,-0.7902165354467452,-0.5548068404629335,0.2123862025732719,1.0687779007779183,5262.9903544,40,402010
US7496071074,0.0241327368351146,0.5411235500301748,0.914804407786456,-0.0952545267351882,2.0105762720321034,0.7498975594897157,0.2167714528911039,5762.60820704,40,403010
US03675P1021,0.0794220241158631,0.2184526916456186,0.3568286121562982,-0.5206369911829798,-2.377331025841265,4.56307388875778,0.046090884611202,824.63824872,35,351010
US4333231029,0.0050333056723512,-0.0315568360804691,-0.2330539111213594,-0.3939136942508506,-0.7206176563750264,1.59621525318763,0.2309023139819145,614.9127704199999,40,401010
US1890541097,-0.0038956142265722,1.3954855851495096,-2.936001518063814,-2.5802823479360835,0.3788725161396519,3.939923350632326,1.7701883762102446,12758.036745599999,30,303010
US9818111026,-0.0167279161323011,1.2481733546359588,-1.3211432890074186,-1.2785794076048669,0.0567866707520581,2.0635725870164734,0.4330012536472197,1777.1172878400002,20,201060
NL0015002J37,0.0069478362680914,0.9970837666834406,-1.7970506851160086,-0.7360098922080911,2.386262039667038,1.0215314754896772,0.4455369520300567,6568.459910300001,30,302020
US1330341082,0.0328976376558603,0.3356644403953324,-0.5341075894571866,0.9695939217508034,1.0805062569163426,0.9014938578428392,-0.0595334268976994,974.32516816,40,401010
US95123P1066,0.0356617821703785,0.3603962331727175,-0.5529990744380213,-0.4756328410002922,0.3313441100352405,1.0329241766131465,0.4080488403742924,450.99169983,40,401010
US9291601097,-0.014091493439181,1.1598739129942452,-1.2745548772296384,-0.6032281434883895,0.3899254364662947,1.431839153563247,1.6747020539745578,36466.582869599995,15,151020
US7818463082,0.0532710289510398,1.2730403558078778,0.9546731482716012,2.1062006541182834,4.09072638478895,0.2024925357343769,1.6146727801747525,3260.3150976800002,20,201070
US4046091090,-0.0485264119684646,0.2152012741707233,0.8573459572918991,2.3728706872502787,1.2012403362068098,0.7119584154636868,-0.7476230678760776,237.8125308,45,451020
KYG237731073,-0.002652315558527,1.2450815802432638,-0.7647357954783331,-0.3959848123139237,1.0116031952670783,2.1850126003638666,0.5645748217119648,468.81949912,55,551040
US6866881021,-0.0204715313273627,-1.1928286470049063,-2.531487487776607,-0.7134498470442829,-4.740569320235121,2.285549205591606,-0.9140516915214932,7021.51728663,55,551050
US13462K1097,-0.1076513010667277,0.1156204183179405,-5.484052882162089,1.306576964099932,-1.6426988558565585,5.9498894114376215,0.7757309085509276,630.7187027900001,25,255040
GB0022569080,-0.0219571565897536,0.5590022976812681,1.1894378415753082,0.9204342420693408,0.5397111936445469,1.562647599079173,-1.4638637795927056,6262.78,45,451020
US06654A1034,0.0380080615059926,0.1216820112166937,0.0669183563879517,1.244577218388856,0.9469505606423202,-0.8205961653673328,-0.3190329229913375,479.71251181,40,401010
US8175651046,0.0208890676830354,1.0341341513635094,1.0771787238023207,0.4277762928429741,2.315271182080692,-0.4968997639626084,0.2028427630084333,11135.559598400001,25,253020
US92839U2069,-0.0316011923109847,2.029247249516183,0.5266442395210833,1.5071770404488585,1.7838608545699648,-1.2948616297165592,0.5712505038394594,2841.1644920199997,25,251010
US7593516047,0.0384631072509499,1.074232293483028,0.6210559198976964,0.2031641759470086,2.104729550850809,0.8766639868504714,0.1222335787975625,16218.8524385,40,403010
US34631F1021,,,,,,,,13265.912142209998,20,201040
US5002551043,-0.0206615462616483,2.135950646407375,-3.1410438356606862,-2.2058609728751675,-0.5051525656095137,-2.828519325942592,1.3748591247019792,2108.56364017,25,255030
US7509171069,-0.0241148634595,2.9476964411870985,-0.6610340263017727,4.649390677699341,1.4891205741837723,-1.2312265258969977,2.3646907172832585,10865.33651375,45,453010
US83418M1036,0.0534122562163522,-1.3944371067177077,-0.2090876803814603,1.1204895780338842,-2.61653786285168,1.635964716398309,1.998927516341043,4529.2764699,10,101010
US73245B1070,0.0255368843013084,-1.5016270608021978,-0.7942926534736923,2.543955447479798,0.4224421353549616,4.372334369242787,-0.8994860608789363,37.95104082,35,351020
US86384P1093,,,,,,,,2885.0385448099996,50,502020
MHY410531021,0.0584401731505559,2.2109348125594432,-2.620789884020587,-3.389864717134889,0.7898276565348977,0.8878074777256064,1.3299810134605417,3870.93132868,10,101020
US70959W1036,0.0261046636055596,1.0614931647236463,1.0726282674129055,0.8939474552692891,2.072029516223111,-0.3331132736527389,-0.6266753715267368,11382.409330499999,25,255040
IE00BFY8C754,-0.0230887150540406,1.1164456883129836,-2.323155224344937,-1.3355322991990135,-0.2113637014749514,0.9645417855203352,0.0995374459533747,22675.01614742,35,351010
US0605051046,0.0290891949857342,0.5749345627535153,1.739438213153245,1.4760695750288224,1.5740952078641226,-0.3446632691282806,-0.244735750714724,409682.5639449,40,401010
US8248891090,-0.0242015458274236,2.060696928943243,-0.2459658366351286,0.7653125308564515,2.2739484870587634,1.8172107884391884,1.0716067221638388,273.24622650000003,25,255040
US31942S1042,0.0176667433256756,-0.2852950741484235,-0.378385843901587,1.9911234550762853,-0.6402189207904536,-0.2969816265329387,-0.664411177283828,207.14276136,40,401010
US01748X1028,0.0036117633723509,1.1397644955068906,-3.702478587595082,-3.807707616254135,-1.5313456663981422,0.8013368076874721,2.094855663949544,1834.1591324099998,20,203020
US69343T1079,-0.0130144405040163,0.87223581972959,-0.3965573416971371,1.8123923353695812,1.077614398429797,0.3966173407933778,-0.7814774270194519,6379.42713569,40,402030
US57776J1007,0.0894033575990863,9.44146504872609,4.591001923788728,15.692371069046091,9.279191568862196,-9.269893846385033,5.8113430524869445,7179.4231387,45,453010
US65406E1029,0.0200209120591991,0.653461247108153,-3.5289067009918624,-1.0817789646851843,0.4943333683596528,2.9874155941771345,1.147995475996634,3320.8771033999997,40,401010
US0215131063,0.0603060232919569,-4.258488126769795,-8.23919687313435,2.18355178630825,-5.1007256281211255,-12.239335853687624,-1.0506697179998783,305.62570584,15,151010
US00123Q1040,-3.549080506021901e-05,1.4047390130415838,-0.9359847611766968,-0.2832072451083725,0.8421613893437518,1.1883648927072734,0.8084297509188172,12939.03750528,40,402040
US64110L1061,-0.0283176364778303,0.7146253216400089,0.7424716078819782,-0.8973429686204816,0.683540510424985,-0.3079073269301613,0.576429536814557,322997.9533425,50,502020
US91913Y1001,0.0801966403857744,-1.2373818842566826,-0.4410251517147661,0.1314930095395436,-0.2640725258034857,-0.8607855503978294,-0.4768877928386361,97820.89512228,10,101020
US04272N1028,-0.0080830812432032,2.192444394324127,-2.415041119326036,0.0397777063451103,0.6670293613440692,-1.476186832281341,2.2797752942591663,1018.92877327,35,352010
US92347M1009,-0.0487033357171079,1.1538939807606634,8.880181755721422,3.927027616441293,0.5074348232289801,-3.903264424895019,-1.284360908916975,99.44025242999999,45,451030
US15135B1017,0.0066796479441931,2.3498869981112103,-2.898103410024671,-1.732815988580692,-2.70530298856948,0.4095357293040074,0.8624682608869879,33178.422536879996,35,351020
US1010441053,0.0020619834523398,0.4787207532868279,0.4325606687628647,0.3081955221901797,0.6804731714545156,-0.2778620387539486,0.0086784494567969,403.56182187999997,50,502010
US5463471053,-0.020055332888772,0.961106717000494,-0.494592889640688,-0.990691082719198,0.2175516589991483,2.111528331504867,1.0840686399188937,4667.480576320001,20,201020
US6024961012,-0.0122226659963579,0.6113481068811069,4.023025296110364,-0.6613609050785088,0.4895739257319147,-0.4439834525074352,-1.160433572741191,610.6254368,35,352010
US2056842022,0.0275473118753154,-2.541440118339606,-0.3260130849694547,2.576474233315906,0.0428695893092909,-0.6100676596918695,0.8012330566863948,127.43410290000001,60,602010
US9180901012,0.0800859206654196,3.112084006867467,3.095079602623936,2.0172069235173664,6.250620538569844,0.7835102837067026,-3.931625260831132,1696.92816888,30,302020
US5873761044,0.0168997570076359,0.4932505573721327,-1.2953705448444204,-0.2541099709552198,0.3391631960973078,1.63522083900014,0.0202638214282586,1027.8856498799998,40,401010
US89679E3009,0.0311120401859781,0.5500384111552826,1.6186577087383278,2.46036045913354,1.6803703597796875,0.6845164402642377,-0.3295610641482538,,40,401010
US2435371073,-0.0429249896235221,1.9611599200309688,-4.114350412113414,-0.0209861595631206,0.720296899001303,3.4195529022391336,0.8985018901791401,12591.25681891,25,252030
US00258Y1047,0.0449057532799093,1.9138437239692656,-0.3095177260480231,-0.2963889620952673,3.498628833537536,-1.0818302154657262,0.996927357177796,336.67345711,40,403010
US45688C1071,0.0559435842823658,0.5303136906317206,0.3201348862144393,0.8518727851393236,2.6280607299338348,2.4168255360712605,1.3977238368101013,2616.5879768400005,15,151010
CH1134540470,-0.0717853722313549,2.672396146442942,-3.2687122645832205,-2.2057184667541327,-0.5334218207726491,0.0779711477019087,0.4676369072924276,16159.34252673,25,252030
US1265011056,0.0052709675718992,1.4240328176803616,-2.358476386798592,-1.10763233677119,-0.6105964302359126,1.5696293031574102,0.7139658039452745,1774.1119713200003,45,452030
US0640581007,0.0279496745279944,1.0310942065062272,0.2594441552439125,1.0191569594630518,1.1368342031159246,-0.2001005403769197,-0.0873153852885165,110478.23694739999,40,402030
US7443201022,0.0131160011721022,0.2629950274788269,0.3622697625103274,0.6407746020849776,0.350190637825998,0.4985435462444845,-1.160295890217058,43326.38944578,40,403010
US6757466064,-0.008067959156254,1.873111648673861,-1.703193675937359,1.0122662743911113,2.578801857083593,0.8670317611272983,1.3186620940324327,268.18512276,40,402010
US29977X1054,0.064076429572435,0.606255963628809,6.188167201607621,4.286642246391061,4.950984042941192,-1.0052076755516102,-2.755092722339267,1001.83683176,45,451030
US92538J1060,-0.0594251272769191,1.517500164834542,1.8046924804969624,1.9984020321137312,1.2093959424927945,0.3479470232830034,-1.8773802625043563,1871.17528544,45,451030
KYG4412G1010,-0.0153719030601348,3.8249674300893446,-10.2903556168761,-5.6746273553979165,0.1916694875144149,4.085531607693032,3.0492284159658736,1267.42952184,30,303020
US91529Y1064,0.0167577469966089,-0.4630207473627408,0.5247787771186405,1.7075269256866514,-0.1218403486384495,-0.2652368359849959,-0.0420644414105526,14631.513830079999,40,403010
US74736K1016,-0.0034207753836564,0.8094170303941268,1.8214493528818252,0.3499183313836492,-0.2177320624598769,-0.5519925711175571,-0.1536254950328078,8611.13021586,45,453010
US52661A1088,-0.0120651550602197,-0.4669733507550116,-3.281903612915418,-1.0189794760298485,-2.187207858874351,1.8773062344549376,-0.6627253336448959,3442.35750745,20,201010
US49456W1053,-0.0824763975152156,4.68554290014308,1.8733095139954816,5.386299556122572,5.473433995151176,-4.362595025647472,0.0509617041326144,81.2703843,25,253020
GB00BMT7GT62,0.0574169572982825,1.1070855890107514,-0.1230021094598279,1.6510130931062437,2.843051071632853,-0.5050988580323029,1.444000385449065,3269.8497569600004,,
US7595091023,0.0182221008804301,1.0247928323356612,-0.9079526122201448,0.6686191471581664,0.4750158937150242,1.543461886610029,-0.019503856605278,21687.82995434,15,151040
US9508101014,0.0242319182056063,0.3731223829085927,-0.8374035467687566,0.2367217288763831,0.7606106462665244,1.079745750838707,0.025805555759774,4005.48596994,40,401010
US8086251076,0.0440755526043602,-0.6870910713015372,1.962782623054003,2.3962290629257663,1.3933512041791047,2.27877994041161,-1.332357097751346,5325.3446801400005,20,202020
US2966501049,0.0538955798032106,1.2906083589235056,-1.4469830120451743,0.8234448122247016,3.089836246379475,3.6746737980986,2.384411279965068,147.59539886,20,201040
US4601461035,-0.0044106255450346,1.0709261846679134,-1.6857456220207865,-1.6333037945448383,0.9594791266646564,2.322093084998317,0.6692135925659696,21361.975229879998,15,151030
US38141G1040,0.0050111243682066,0.6490103628694925,-0.3096244672964825,1.1903833729993574,-0.1390094088083229,0.0391053798600579,-0.2779422233598505,300941.14735079993,40,402030
US2283681060,0.0385641990869815,1.1383780472834393,0.4005564412191419,-0.7288574691060798,2.037506431565281,1.315143310506268,0.780762126958602,12821.3171996,15,151030
US45167R1041,0.0249385686515027,1.2276865873351233,-1.1719234671433063,-1.2711360361503845,0.2501068312329936,1.740613533343949,0.7711680552549025,17579.33028148,20,201060
US4282911084,0.0309435452871432,1.9445305617561075,-1.2720604038989682,-2.451759184682352,0.3586184069295194,0.7420627870588457,0.997488596014966,7805.76807686,20,201010
US54948X1090,0.0096664123039607,1.4605225927804866,-0.9833389653330742,-4.365091569670664,-0.1777765169170396,5.232471879668144,2.152987376064897,38.24964478,35,351010
US33741H1077,0.0055577168374648,-0.3761460641231799,-0.9119693769946096,1.2683980108932231,0.0342462277489208,-0.1078183380089273,0.2289203989687087,263.03377072,40,401010
US8168501018,0.0122458553655067,2.924230707831943,-2.14996632767754,-1.0901828169297416,-1.9906495455205997,0.5511788997332787,2.0282792795938214,12976.56652005,45,453010
US31931U1025,0.0277679824992213,0.1645302429770627,0.9095152074794476,1.6110485507828118,1.8850295386827844,0.5197647564481689,-0.0694595074705959,404.66087825,40,401010
US92828Q1094,-0.0099537024409445,0.6255402338287956,0.3650852050056753,2.5442202775182623,1.7481197823613632,1.1362993994076285,-0.6924256727134659,1051.2466381299998,40,402030
US0367521038,-0.0121152594899065,1.1132508831115857,-0.7616889919779424,0.5085942701001525,-0.5356718500208393,0.3343061723888002,0.087413853827056,86670.7732539,35,351020
US9897011071,0.0250909246011335,0.3512636296791561,0.4016289427722456,1.9755870248046044,1.6274768989884858,0.7978164034957448,0.1338919884324252,10319.18056533,40,401010
US6005512040,0.0355404919880987,-0.3623496894459247,-0.3603117994565888,0.3566776396650423,0.192861318436477,1.9776131361120264,0.7076706009224969,615.05013636,20,201060
US9290421091,-0.0256710869092587,0.6306629101011327,0.159555885939668,1.6278382563528582,-0.1100651601796143,-1.3221631824513476,0.0726980012816944,6676.08903438,60,601040
US6802771005,0.0316958299473339,0.1558231732564166,0.2143672758417861,0.1399341798153534,0.3700407592244801,0.272878735192574,-0.4187221988214741,1252.8288670400002,40,401010
US17275R1023,-0.0040468459379726,0.3044719454510685,-0.9135896144452051,-1.0234354253998463,-2.750564167203384,-1.5548302412208568,-0.761004677453226,439908.2494896001,45,452010
US7602812049,0.010234949857964,0.2182263580241117,-1.0150850626070569,0.9375450423548816,0.4107462033699265,0.0157295749050123,-0.4091173424360267,912.78732694,40,401010
US91851C2017,0.0469812544273608,-1.3563346378666137,-4.639482215298759,0.2815712117095389,-0.6486184220346234,4.411750678128412,0.5482660340208917,595.3445436899999,10,101020
US05465C1009,0.0092374600776747,0.8096351027643476,-1.550457189614265,1.8701100899237764,1.897215146102241,1.726811223073657,0.3415899916906143,5228.057023049999,40,401010
US74955L1035,-0.0279352783221675,0.2566824203369252,-1.8525880004974935,-0.4369238032109926,-0.7769430447660495,-0.0049071898841888,0.7995751233340324,178.2266818,55,551020
US3755581036,0.0010257485446799,0.8753111902999843,-2.7631020768168995,-2.9104274796389373,-1.5012176200755505,2.636985650191722,0.2673628524045484,171312.88189590003,35,352010
US63942X1063,0.0525401067663352,4.006071422274797,4.143844907124626,-1.9978956385968425,-5.494413609949656,-1.8950969479861004,1.7989441159459942,2871.6299953999996,45,453010
US4523081093,0.0196934195926284,1.347744204058041,-0.5855850638953997,-0.7776303668592086,1.9330639879101437,1.0860025380343876,0.9082610985835858,82504.01134239,20,201060
IE00028FXN24,0.0239344020403488,1.2177946515743867,-1.3398954500772766,-0.9982869771742576,1.519225759673613,3.691263976426735,1.2828807972143843,25711.77523175,15,151030
US01446U1034,0.015154277482594,0.3273084094503696,-1.99481609594481,0.2461336310084072,-0.3989093109133516,1.0169665973582442,-0.0445586172089073,735.5058197100001,40,402010
US03212B1035,0.0094490469848202,-0.8734636072145254,-3.574239264914361,-0.5500021105052981,-1.2358011027540765,-0.1130612731442881,1.006199419154057,179.37918784000001,10,101020
US12047B1052,-0.019493797549655,0.4757078103921115,5.240870634494354,6.642099391583682,5.527615153767929,-1.8073852067396103,0.9329570602938886,330.58778350000006,50,502030
BMG8726X1065,0.0574193929895251,1.7565660694019796,-0.889721279480517,-3.161719853554734,0.6137144001596222,1.7473805582088562,0.7786208354603538,2355.2014707200005,10,101020
US68629Y1038,-0.0223682981494273,2.5449254643150034,-0.6125228253132582,-0.2416148991001629,0.7781841882175828,1.5396004450684857,1.4030978752891337,149.95409496,60,601040
US7403674044,0.0229078038105406,-0.0378211324229766,1.9185712627397475,1.1398184762864318,1.1701123957534578,-1.149064601659684,-0.0280914871147945,1187.9411969500002,40,401010
US31428X1063,0.036189410151159,1.7438321548393287,-1.570256028519282,-2.4102643536171877,-0.1545291892262437,1.575177013703225,1.2394880971638025,72590.44437774,20,203010
US09239B1098,-0.0246138025326179,-1.119749065811757,3.232322492129948,1.5017944693411909,-0.0921020648749604,-1.6802887207816306,-2.5311920385144453,1473.8164439999998,45,451030
US74144T1088,-0.0109519237960833,0.5884137700576345,-0.1388455886095325,0.988622516378411,0.3226061421872752,0.1962703562846012,-0.160871187035693,23150.958246000002,40,402030
US26817Q8868,-0.0091947383831077,1.5477850416646413,-0.5528951710952585,-1.2165993279294098,0.3518690031181887,0.5890464188123357,0.7416232766773736,4485.9701682800005,40,402040
US0357108390,-6.074877505883938e-05,1.1509847153836883,-0.610031237815755,-0.4854655691364137,0.7053194774127355,0.4926320210996492,0.633314340080941,17557.316587100002,40,402040
US87422Q1094,-0.0157745374240168,0.7788170684882112,0.5449588815330679,-0.0172764483009049,-0.0609086554712062,-0.0651327743099789,1.3107677466884005,17211.229089059998,55,551050
US8447411088,0.0109397845762349,1.311099184914421,-3.935449636370072,-1.8302303271496172,-0.3997437149143623,3.5676622691818416,1.7171310910818447,21421.600906049996,20,203020
US03064D1081,0.0173506503367344,1.456588059168466,1.8869125152587989,0.1060622075975921,0.8308966008395164,2.262146813597907,0.5112850669329587,4242.3087224,60,601025
US3845561063,0.1145267740195003,0.5036177279528115,3.8935688746871984,1.785394794630845,2.377892237547452,1.3598719295855837,1.9647284053035292,1261.4604214000003,20,201060
US3393821034,0.0356345226419019,1.1877876901768258,-2.4587920377511656,-1.2307186570363116,1.017958921599342,-0.0708712775827509,1.915164075963974,207.92351602000002,25,252010
US37611X2099,-0.0823644753099581,0.5777615846463201,0.3988331645708911,2.076028556074274,-1.1643052895887354,-0.7741134867790702,0.8790116484748758,416.34530901,35,352030
US43940T1097,0.0184914774015576,0.6063851552300201,-0.3894331602928562,1.305743738372831,1.0998641303858947,0.9737507747677582,0.1868104954492624,1756.09242081,40,401010
US3189101062,0.007053643347195,0.3584680925980402,-2.2576988212712745,0.0573452185509759,0.1272773594376892,2.111296984172382,0.602390625320327,2646.7460289900005,40,401010
US4039491000,0.0432890122373048,-1.3176855300531771,-1.2904395797383903,0.5313208815262576,-1.4871120044121702,-1.4534261663839827,-2.105944163534704,15173.240184409999,10,101020
US06652N1072,-0.0018167896848699,0.3324597850626662,-1.4401508182006877,1.379702644164512,0.8205514626301542,1.5588898032935226,0.3949162020864867,221.46717765,40,401010
US71363P1066,0.0211186077632642,-1.6850515871038063,0.4139728673464788,1.6565102695237095,0.2248858169666134,0.7790813810014933,0.138838688065799,1855.5123442499998,25,253020
US4435106079,0.0378658222202774,0.9133475376681666,1.0380421434162148,0.4209715149227774,2.010311315898875,1.9225671896990977,1.487045527619896,26911.0485616,20,201040
US69366J2006,-0.0161976246848302,-0.5841954052679942,-2.303265432831915,-1.7960105097287502,-3.8645194498447184,-1.4050641428091772,0.7687937624941493,5832.76519456,35,352010
US1397371006,0.0076312483778181,0.4056168722498683,-1.169636244616313,1.265048526649179,1.2092196534293973,1.2315974726675465,0.2152988605813701,425.32414416,40,401010
US3789735079,0.0689075206686633,1.0916918434627587,2.93196515889482,-1.5933886802806432,-1.4012587995177772,-4.109417986343222,-0.3372622962889496,4178.234854079999,50,501010
US88579Y1010,0.0102055988859472,1.2617300973420622,0.1713369763312364,-2.127071405396789,-0.023085692636131,-0.005356486093963,0.1812400592237827,94065.13150452,20,201050
US4432011082,0.0478578285183247,1.5929310924298337,0.8846227615507509,-2.080830927468136,0.8564847040849857,-0.4704209056226816,1.0250027558389352,114063.52589270001,20,201010
US53635D2027,0.0098305031094432,-1.3861637111869074,-7.143762590051612,-1.92783684830587,-7.130561682087375,0.1278232284639955,-1.811094752339654,5561.233042559999,35,352020
US03073E1055,0.0017347204298429,1.4514646781752507,-1.5491780222925329,-2.7875909882369747,0.0827698795552468,0.8246931031476832,0.577874127824779,56453.4874968,35,351020
US92686J1060,0.0578503238893828,0.0625678083431841,4.961827416218106,-2.652588584434685,-0.3833059279807548,-1.8850914352466872,0.980633380123488,3755.83746312,35,352010
US9282541013,0.0185548345571943,0.4094751373756463,-3.5365445005634317,-0.5130763258379332,-0.0895271032362545,2.604538117426722,1.52732966645787,8768.098795470001,40,402030
US37959E1029,0.025092165251322,0.8089505643854127,0.4128826953475809,1.270039398223061,1.962498108898503,-0.3017280057655373,0.8458991738242584,13820.88060725,40,403010
US0185811082,0.0592063120061417,0.5059765399248041,1.6643491874825826,1.913271144280058,2.015030086211957,-0.3034369218787701,0.2190132321700875,4314.98500384,40,402020
US0378331005,-0.0045248375248005,0.8513990509352642,0.5077147185308315,-0.5508664523536988,-0.9432755578899704,-1.9775764045142097,-0.7554428147491468,4371651.425848,45,452020
US2576511099,0.0083851029916994,0.8793979061291919,-1.6796430692317592,-0.4722613313412839,0.3408529311108915,1.659205912471195,0.1652602394552859,11057.07652038,20,201060
US55939A1079,-0.0472176851742958,3.303860361650776,-5.126148431311618,-2.6908455727977865,-0.0755262377143597,-0.9072924076879384,0.5503920476772115,398.75159677999994,15,151050
US1703861062,-0.0015718548921273,0.9764660872219116,0.005439508407993,0.376077216967892,0.8937274357906215,-0.6218405072623725,0.2125236092699556,483.04420487999994,40,401010
US40416E1038,0.0504087360306349,0.6556322981285196,4.8305847362133925,0.7965905592027497,2.4400087286592025,-0.8772578973948226,0.6479474462116516,1803.76261911,40,403010
US20602D1019,-0.0496153610806106,0.7608964373876302,1.4619134458639624,1.6152638453054644,1.124946369309244,1.6918412697923195,-1.1843197599178164,1262.2779640400001,20,202020
US0576652004,0.0190906390291973,0.9544307786940908,-1.1708578705787545,-1.1916788610661628,1.0338920849964168,2.44603774179706,1.1775660863402897,5655.91875464,15,151010
US9344231041,0.0823802043825066,-0.7154062983362477,3.5902430087732826,1.4389534011106655,-0.6381128708617606,-3.1613942573939395,-0.5076849938938861,63680.48721151999,50,502020
US9271074091,-0.0013606485004167,-0.0015955106686265,-1.1090744661122454,0.4175363520231723,-0.0739438093325975,-1.223565926899964,-0.1597897870437665,540.9664792,30,301010
US8610251048,0.0051167823191003,0.6635456439947377,-0.3112781128998277,1.221575893044016,1.4682388014037873,0.3213377068931092,-0.3058882016944112,2422.935757,40,401010
US26951R1041,0.0087563694301264,0.1955436276026319,0.8041919464288666,2.19999242379374,0.8449968426027412,0.0681009292174912,-0.2419067813017636,199.27271697,40,401010
US65336K1034,0.0229475203632897,1.884478551699484,0.1961547894359403,-2.008681770801336,2.3061927928755046,1.524657561937585,0.1811683951808819,5446.54810464,50,502010
US05369T1007,0.0394864686188888,0.4864569124877416,-0.1497697509273754,0.6927299566123474,1.6181067809803105,0.3569720390420312,-0.0129034651724114,392.94857412,40,401010
US1344291091,-0.0369577733819913,0.6594870884838653,-1.7521254847454757,-1.6553794161039943,-0.8556251977677477,2.0275960292651924,0.3865726720071722,4479.7427593600005,30,302020
US29605J1060,-0.0263011985512565,2.002782282524261,-1.2126304454895211,-1.896833700666508,0.808108668718266,2.4168278891664965,1.948894641271216,4939.547507,20,201060
US0079731008,0.0900504710968628,1.9554281424019224,-0.642931498203231,-2.307400215027678,1.9295854299980228,2.004750726231884,3.818676200996375,13080.4149237,45,452030
US74930B1052,0.028995076314527,0.6837186484070448,0.1302167521803584,0.6719357734129188,1.3472097663546625,0.413719077151464,0.7802215460846462,422.49669486,40,401010
US12504L1098,0.0010940055136131,1.1891363835760551,-0.4844705357322295,1.1463850993413345,2.045963039986876,1.3289339210836553,0.1832253552804938,44031.17187321,60,602010
US67577C1053,0.0908445148683128,-1.2596336289711871,4.058445887963465,0.8783053264447487,1.631640633671333,0.3038359489177229,1.8519345017082425,451.9648812,35,352010
US9497461015,0.022577063994715,0.0259980356725122,1.9500165790181037,1.652862337456572,1.2495327540809755,0.2328461631803057,-0.5908409774480426,268269.82726319996,40,401010
US8330341012,0.0180736908916215,0.7331587393766873,-0.1217719947923785,-0.0682023458448686,1.0065010920811543,0.1247895538448489,0.5418589395317789,20403.997375,20,201060
US33751L1052,0.020184170931421,0.2724889058540855,0.4252299902291349,0.3202097541431493,0.110089166831193,-0.1608866331764835,0.0934184591999595,262.0462669,40,401010
US5801351017,-0.0122565167359243,1.0139293637332685,-1.1231464329224652,-1.6734655771850464,0.4126620142795802,1.0862455694338706,0.5860973614603653,192602.9279718,25,253010
US1725731079,0.0068496346603706,-0.2427844636625167,6.2292575665352565,1.6009282291889375,1.31698202777143,-1.2427868856453297,0.0733097026683086,17728.8056376,45,451030
US9617651040,0.0143128897026118,-0.0703695942596409,-0.3157285019307162,0.7404069690739021,0.5701507648750852,1.398393225241103,0.4466393368915722,165.96652248,40,402030
US00857U2069,-0.0451088125409206,4.450372302190495,-5.901068275032788,6.58893004074673,-10.521426131425107,-3.6348648474566656,-0.660284705519556,1183.9700268999998,35,351020
US53566V1061,-0.0224793821986134,2.196506162420809,-0.9818805107419036,-2.153013979742435,-0.3625424396581826,0.943517321336294,1.078923575025389,2419.32287409,60,601025
US4461501045,0.0009024600061688,0.7263676232975842,-0.4474012218106803,1.0426601915445255,1.2273590651052118,1.3781208492067467,0.4679880209931742,35791.96653122999,40,401010
US6821891057,-0.0118538054275107,3.8000069748120326,-0.8015830717672776,1.7192671677119464,1.1208188033562707,-1.54595690566619,1.6050343363719095,32063.556063,45,453010
SG9999000020,0.0125648379579242,0.1434955662826382,0.172596784233034,1.4380745654139528,-4.025803633760607,-1.5148400184870572,0.0931491875675205,46245.635974439996,45,452030
US7751331015,0.0623210634004597,0.1004515557606219,1.1753263458230865,0.933922627083442,0.495289932877454,1.5766642372524036,1.8123842628885676,2531.5687412800003,45,452030
US30257X1046,0.0093518646298498,0.5712736689493252,-0.1373857140755116,0.5070576875746602,0.7813721397169278,0.3321344028812303,-0.2039368002008861,2300.8774629000004,40,401010
US7291321005,0.0279107072013076,0.5360805783068768,-3.466617337614317,1.0555033683454615,-0.3695150075464841,2.630754003869021,1.6670150127377992,6994.95188004,45,452030
US2686031079,0.038919975456505,-1.5365340210225429,1.101482102865861,1.0580790693163649,-0.0210020045272834,-2.957366561062047,0.2597920641302078,435.81114309000003,25,253010
US95082P1057,0.001664451365351,1.562943531876566,-2.1654976474706573,-2.3390910755105097,-2.0349427357679177,1.0830479667022592,0.462220719564162,17260.823643360003,20,201070
US8321561032,-0.0269201262371521,1.6031681461071714,-0.5253412277920162,-1.7035339391820574,0.9040143961517384,2.3827005409162245,1.0525459823483316,126.65499671999999,15,151020
US5207761058,0.024360573403885,1.85574708707552,0.3823831120066886,-0.4219559431032348,2.4464166938068272,0.7877698740848935,-0.5653417344163549,1599.02548761,20,201070
US98943L1070,-0.0018938076762922,5.400103981439117,-9.25076514557612,0.8107942983449394,2.37598699577768,2.1495290195294974,3.5554529184372776,284.5982241,35,352010
US85227J1060,0.0195604696433408,0.1645221268672798,-0.168583537086856,0.919592378743436,0.5740017466258011,0.1115593395930293,0.1185213533477701,133.38596543999998,40,401010
US7002153044,-0.0851597184304703,0.6247958284910426,1.4691349222885848,1.9541137514263065,-1.2446520898609192,-1.3550502084891063,-1.1251516518345708,118.64041482,45,451030
US01749D1054,0.0002552251348852,2.1139056086381083,-4.70532959227977,0.2113350631844941,-0.0626528541283706,4.7586907744651015,3.735142736968742,5536.728585179999,45,453010
CA76131D1033,0.0051226784389332,0.947470178980232,-0.1272151238034644,-0.2819361204144881,0.7428533394556472,-1.1823405780336984,0.8276230357202302,25877.356709749998,25,253010
US60786M1053,-0.0132031541838895,1.267543003573348,0.4968240181917989,3.398631029316435,2.137525946332654,0.2219977479345616,-0.4687103404182051,5720.63444568,40,402030
US87165B1035,0.0250791510940625,0.7015795342967867,2.946118946280033,2.502194492674857,2.64803357825198,-0.6821817149562422,0.1827682424965337,26265.169313600003,40,402020
US42226B5012,,,,,,,,822.5,60,601050
US2942681071,-0.0070623459198154,1.5682826639013965,-0.9180917971805846,-0.3664004948134103,0.6078657311743119,-1.800528220162376,-0.6338121754637991,2260.83114224,45,452030
US85237B1017,-0.0065597105397685,-3.591736394362408,3.692074684456414,1.6709413782164295,-1.1247507778195462,-0.998339964521162,-1.0015701604837204,76.40279654,25,252020
US6935061076,-0.0067488031731399,1.169064267592289,-2.662635007403036,-1.554074556043746,-0.0008616736117124,3.063392466538631,1.5175521319739982,25331.41572315,15,151010
US1729674242,0.0411445765222907,0.3376887427786064,1.954490427650371,2.927576681695078,2.101798159026312,-0.2189522617854151,0.4976574194962828,231126.0762949,40,401010
US2927651040,0.0092163907077169,0.9411531628884776,0.8178337500731986,-0.2223415917436052,1.4745854729454215,2.076034514201905,0.611974863369353,1870.0636843,20,201060
US72919P2020,0.0057277927987729,-1.168913629466074,4.40084084686274,6.066917149597793,-2.1993797115874147,-4.474378918835103,-0.9210229540973328,3036.5630021999996,20,201040
US1714841087,-0.0025625346521843,1.3184247984377142,1.70061483071984,1.55151518986809,2.3298569397476645,-0.4289118502914043,0.4207598834916246,5697.89630088,25,253010
US0048161048,0.0657481727098491,0.3486160500287687,0.8777751806468164,0.5741416897305285,2.370400481348966,1.7053773942932486,-0.1591412622623145,203.18255356,35,351010
US8354951027,0.0327625395620231,0.4856700217361643,-2.211308445099554,-2.2058263059991274,0.4656222593484591,2.698507355234412,1.1320237090453251,5704.440452249999,15,151030
US03820C1053,0.0291692449430885,1.1042015491799833,0.4709426254121344,0.0812988051346195,1.381786532372662,0.2477495246188971,0.750540854479441,13159.0588127,20,201070
US75686R2022,0.036995149431324,0.6165556420682625,-1.4311878829928206,-0.6184096856241139,0.6029609495491961,1.0854796868606833,0.249683748883201,465.27146282,40,401010
US9029733048,0.0319306344242081,0.682260822520789,0.1643748573837755,1.1958297069333783,1.6335296058590365,1.0084798851104286,0.1837433170582165,101759.0096565,40,401010
US6373722023,0.0095297238912631,-2.579190715434349,-2.9956965503117776,2.334393790572891,-3.1920073901194588,0.8953681371795397,-1.6512033546115883,260.94679314,35,351020
US1423391002,0.011950380016053,1.854939978985792,-0.7215977436405211,-1.5484306780373362,1.8767353403368807,2.4344455129821894,1.9448971580242285,14557.639994379999,20,201020
US7591EP1005,0.0118739606955624,0.9910858836053832,-0.6036201110527649,0.8027518232834803,1.3767093846309533,1.270129480145793,0.2457972977975571,27092.564491400004,40,401010
MHY2065G1219,0.0619466123474681,1.5439613754297297,-1.7279879997159306,-3.947742453900496,0.9578832217549682,1.901570680550567,2.299902940376436,2469.5068701600003,10,101020
US92262D1019,-0.0072009328022399,0.5216721444249388,-0.6631356161249616,0.5874838559535392,0.7389457285541934,1.1017442945098068,0.4661208208349836,414.22085540000006,40,402010
US5535301064,0.0143308511835771,0.7734486073141774,-0.3071516813520554,-0.363493357697269,0.3742836814440539,-0.9184656349928474,0.4961728050894982,5461.20033486,20,201070
US03969K1088,0.042284424856946,1.7332813502107172,1.35369275439276,-3.857795539518784,-0.5943813273820525,-2.695396475494704,1.1480425023783347,2970.29709531,35,352010
US3156161024,0.0090022991871421,-0.4500123908686912,-0.5067583165222007,2.399495010288572,-0.1576875125666295,0.1956022899851786,-0.4813194667724217,22646.6735916,45,452010
US7620931029,0.0489852216672451,1.6043119162424246,0.0800430986729346,-0.9318590080990906,3.17558733721704,0.1470786907862518,2.0432211765042885,76.04391973999999,,
US5538101024,-0.0011930681355763,0.7481238842835772,-1.908059015523076,-1.0225095915095936,-0.5838248259716952,0.7871983172965729,0.1954648365954204,349.8362939400001,40,401010
US35953C1062,0.0444328236805664,0.9613709102738236,0.2912288771208691,-0.6695097053533556,1.2791092659232706,6.787855885473976,2.126653380751951,526.318845,20,203040
US81725T1007,0.0132971493425733,3.2496634005769414,0.267926345619391,0.8546085812798647,3.62357182579946,0.3792760933930703,1.63509785387823,5590.11962322,15,151010
US3738651047,0.0161421872984465,0.3579757117931056,-0.6708524496475079,0.4043307228389923,0.7582317879562218,0.5807752589257408,0.0890841914967171,1847.3160695999998,40,401010
US2210061097,-0.0400854849938013,-0.6366106570170831,-1.0105662891831706,1.9351080273963857,-1.088181393841323,1.5316833339350713,-0.8348649898531603,1857.7851341,35,351020
US4101201097,0.01597333711633,0.5068198490394721,-1.0476282328987023,0.8881093813540086,0.8506317313838676,1.282787457765211,0.136586069396043,6323.61172665,40,401010
US4571871023,0.0005703995062707,0.5314733666262154,-0.0921717789530046,0.3010171380360127,1.3690281505409438,2.350193853543523,0.126444138141875,6574.0637462800005,30,302020
US3462321015,0.0026359645989892,1.3251915280121451,-1.3924425324658125,-1.098746242819518,0.8461352140553506,1.8694884089170904,2.184604264732529,563.96495256,60,602010
US3596641098,-0.0685320474918516,-1.2435543795907775,-4.289889324157297,0.5310562376382459,-4.520458632478024,0.6627627241039042,-0.7787534820083354,342.33331664,35,351020
BMG657731060,0.0894184357409168,1.239289879429917,-1.6765209137790205,-4.307355507702299,0.7606890022720318,1.5909237411192152,2.075659016654738,1374.5132397999998,10,101020
US1489291021,0.0734270855327295,2.045563903985092,2.080650356062574,1.6509342051801013,5.691036794746613,2.803279268607342,3.558275823431917,7971.18029916,25,253010
US0958251052,0.0172961554005618,-0.0258581084376365,1.501027831875362,1.1772593263890516,1.0192096345948258,-0.0210972996163835,0.2681507695302087,190.41142059999999,40,401010
US50050N1037,0.0127090319463003,0.2396095509101324,1.2533820647170617,0.3886877072086654,1.0674581951553603,-1.6288567427990093,1.148774568878582,4567.95052077,25,252030
US48282T1043,-0.0006746608168899,1.313606761270399,-2.003242095098785,-0.8821286906242698,0.5298524584499165,3.290697035469856,0.9927950304817096,3900.95403816,20,201060
US83088M1027,-0.018483058924663,1.0144340824333178,2.3205151929073664,0.8635461640167903,-0.234576132867498,-0.7003758724671243,0.0412659580102496,10430.55978561,45,453010
US8684591089,0.0555035320402434,0.5690869698534362,4.242438677224824,-0.0920327183844729,2.0213174513637666,1.015796299899319,0.4595153235430365,2669.29392808,35,352020
US9027881088,0.0069953613710413,0.5067986587944728,-1.3361323933526847,1.3067490899162637,0.4972688923355322,1.5650178578199658,0.1373599178345346,10909.60560416,40,401010
US9292361071,0.0157489475790078,1.316901952790308,-1.9287916177746764,-0.5368839173203965,1.7749182558643364,3.0200677401748943,2.150748541942048,3052.7813493,30,303010
US08986R3093,0.081230650222077,0.5784018083892619,3.0398973386907318,0.8226290951146287,3.1824040688594324,2.3622592999885343,1.2304912988566743,1216.74910722,25,253010
US31738L2060,-0.0353783001839507,1.879447871206438,-1.596086587123434,1.2334918725304265,1.7078125576063212,0.3552419537283091,1.3879819220979863,142.24912962,40,402010
US0291741090,0.0050141203157541,-0.9700558388361936,-2.069730315366738,-0.4680339741711083,-0.9728350753570516,2.180803002801061,2.615481824951968,21.70392696,60,602010
BMG2717C1064,-0.0142892697167936,1.2602785030062742,-0.2226306116845199,1.7410706669834002,1.5833500105598213,0.7816417055735503,0.4480255187121183,3362.8792036,60,602010
US04681Y1038,0.062862681900392,1.6465550554528097,3.4323961605217805,-0.0481158456881263,4.203115728144218,0.0842507140582052,1.3632039339420725,223.21307481999997,40,403010
US7611521078,-0.0111142993035617,1.1833048365877905,-1.711254639609756,-0.9029545623474378,1.1473658570913827,2.3768668976986165,0.5798015468232407,32129.97362631,35,351010
US74727A1043,0.0124137023903371,0.4948108602324564,-1.6383943768898348,-0.1154810158987238,-0.0833618413048795,1.0912039672479106,-0.0361296697773322,1683.7957662600002,40,401010
US6932821050,0.0765110986706487,0.3025335529187043,1.6102475735299284,2.7204102433063624,1.0124699482888109,-0.5736065933937874,2.9022064245342376,1732.30463368,45,453010
US3138551086,0.0205383655156816,0.9061219406102,1.2201368461422042,0.5558724031363391,2.4006375285189616,-0.0737521577698879,1.216379788579752,7473.20239581,20,201060
US37253A1034,0.0250354744937842,1.5727311107126625,2.5440257878518877,-0.01675980593432,1.2298102333447032,-0.1972221244935879,-0.9433598088173996,1321.25109012,25,251010
US05368J1034,0.016660650690467,0.4282476645081564,-0.4033243473129586,0.0787421800420826,0.2265260082990854,0.7131992396464306,0.3592986618953345,291.74658786,40,401010
US26154D1000,-0.0594811579297006,1.5502874736441157,-3.5991948790414723,-0.5859086241998446,-0.0708943472587186,4.9695874238849385,2.3671485744159897,1143.7807664,25,252010
US86881A1007,-0.0124780860366801,2.374812409185579,2.4939852205668536,0.9411364486508064,3.461939300480375,0.0801408431995889,1.7716227561999582,1172.0309895,35,351020
US24906P1093,0.0138019736468054,2.675092208336059,0.0438452552483015,-2.0741000695118563,3.339163313671992,1.0526315852300223,0.7881136466579922,2303.39593971,35,351010
US70614W1009,-0.0678841750621588,-0.7496529372703734,0.9088286134442324,4.344477659635255,-1.1664086286121826,-4.624458125988342,-2.1466678617719746,2446.94452625,25,252020
US94188P1012,0.0261788837395297,-0.4156008749262579,-1.32478628671559,0.262434488037332,-0.355878473762127,1.4505662248491755,0.156111783634209,309.32738745,40,402010
US61945C1036,-0.0410304656361943,0.4234304775194623,-2.240087577493809,0.0762866659121073,0.2320767706879273,2.2801385830031577,0.505822702542611,6816.4934094400005,15,151010
US58155Q1031,0.0256506241010018,1.5169788861194298,-0.5140700205009787,-3.029761923795384,0.6949663308440373,-0.2334973886856723,0.7345861597749564,101233.41347500001,35,351020
US31946M1036,0.0281744845012642,0.2398755450601469,1.5073526515367286,1.6869667193151083,1.3982042718224643,0.8085246725488903,-0.8631893926323746,19972.43532193,40,401010
US46121Y2019,0.045374916402646,-2.2654168860445667,-1.0570993981176502,0.6480077112036019,-0.8290284759792986,2.2375927607719057,-0.4145564539654429,374.71927481999995,15,151010
US0383361039,0.0009291173472409,1.6902513080645871,-1.646001721962362,-1.6494942241640342,1.7305559528106196,1.039040314742246,1.1981127184364724,8309.24885142,15,151030
US69320M1099,0.0200986578407343,0.2881916465216963,-0.1449675026802964,0.5054592320284984,0.6864940550892014,0.3307245012433639,0.5271465073291877,298.68569018,40,401010
US9604131022,0.0467050138915688,0.5803018075759058,-0.1735631735855667,-0.7363586438022546,2.932594212096218,3.123225207544177,1.870360753652771,2633.12971968,15,151010
US24665A1034,0.0936027902760371,-0.8235382156794776,1.3099820530608095,-2.732249611958496,-0.9681086171759544,-4.836405951377866,-1.1477433013352618,3915.7519676399997,10,101020
US29249E1091,0.0268140802789154,0.8313205377192734,-0.1640143103118229,0.6072043572852059,1.6567006424867872,0.173139062497297,0.567228096210322,1294.4337829,40,402010
US0298991011,0.0174332573086351,0.3578746388114787,0.0005682906681765,0.2701582344632265,0.8977694522985817,0.1420515848264263,0.2924725771692357,3496.7760399,55,551040
US6934751057,0.0226620860417953,0.4408587021230535,-0.4373973729253355,1.5080771204636076,1.4447584292772917,1.361384774379547,0.161255241373635,102071.988456,40,401010
US12662P1084,0.0269346696756485,-2.3403354245961934,3.1140830773446875,2.1059626272706304,-0.6504082859344278,-6.706276105873707,-2.436001968849593,3544.71,10,101020
US5745991068,-0.0024560429233024,2.0219519411851103,-0.8127702757922642,0.2504607534029304,2.1895055677785304,1.209928556056276,2.2495916151014046,14622.764696170001,20,201020
IE00BK9ZQ967,0.009533856917195,1.6730214600980398,-0.3442236785732372,-0.985377060324538,1.1122113333606087,1.0622206452506415,1.7338307702494131,105296.92921100001,20,201020
US29272W1099,0.0293519527029845,1.4412664810515836,1.3416774018095947,2.216813631547134,3.89769598307111,4.020404225561944,1.6999374477779483,1412.88078526,30,303010
US9113631090,0.0192180223220731,1.978490348876038,1.569697816296506,2.015330192862031,3.0377862183940803,-0.2135769547877402,1.5340256112774642,71442.076686,20,201070
US0130911037,-0.0413874878310745,0.4774568562651287,-1.077990138765681,-1.8611328570828083,-0.7221092969731575,1.3630022336184222,0.8104327920532733,4327.380851139999,30,301010
US3198291078,0.0107469565995608,0.4202892221541257,-1.1989271180239456,1.0342619858786717,0.9782711191641088,0.6874299684682208,0.1801789850512503,2137.46070077,40,401010
US8936411003,-0.0375809152798339,0.52297951552681,-3.0230803414411422,-1.7109788215933126,-1.8816844532898536,2.158735890626954,0.2655647906766951,68316.942531,20,201010
US9197941076,0.0216670355973583,0.6785608425863021,-0.4600464224019973,0.1376471669034549,0.348508687055177,0.7879134277164326,0.5970394524601446,8173.1504668,40,401010
US47805L1017,0.0066252717527569,-0.1824602074531935,-0.1366317415790505,1.3841914050159012,0.3994297367329303,-0.4821236427005111,-0.4107017819409879,287.05359569999996,40,401010
PR7331747001,0.0325939362675667,0.7598438764527577,-0.3741765111798207,1.6120832141605268,1.976520624031836,0.7222325121614397,0.4791500378894444,11096.45285912,40,401010
US2788651006,-0.0088322620241335,1.370304153245651,-2.4111856569378807,-1.9854192528988317,0.4835105200852916,1.4806669371001735,1.4840722171337704,77253.7405365,15,151010
US59540G1076,0.0285090733461276,0.5629499129554694,0.1572227443916934,0.8941429968545136,1.4942865084217591,0.6114580801980002,-0.2927645845981646,826.2341015599999,40,401010
US52110M1099,-0.0480936155542259,2.6924870312752502,-2.419677214896708,-0.5394862749451681,0.6747714550250197,2.145970928271961,0.1235406403977072,4226.901265209999,40,402030
US2290503075,-0.0226877793957442,0.9355884869362604,-1.0717558925945962,1.2517577445910812,-2.747272196408474,-1.9112722191139155,-0.412291072123658,746.3268656,35,352030
US92847W1036,-0.0996387575984777,2.1526225380330333,-0.6690035161096201,0.6164997164048835,3.152725509044858,1.593261331830429,-0.5034372237610548,358.79598300000004,30,302020
US03589W1027,0.0226511787428586,0.7064184483614517,-5.073642322489517,0.1673674434283576,-2.07008892739354,-0.8554133217307973,1.0395019727791817,929.50404228,35,352010
US4611471008,0.0529111386743352,0.0723424883627563,-1.357340761008649,0.6622673987720358,0.3767471776080535,0.0690218696357264,3.5465682938295733,170.9153225,45,453010
US40145W1018,0.0293716704005451,0.3011670678415097,0.577945394869978,-0.2226710846610475,0.4681566219653661,-1.0848748600169371,1.0076288457475258,1348.79012125,35,351020
US23204G1004,0.013811589685154,-0.0931174387794907,-0.1407723067157079,1.7919704192069317,0.4855386099535778,1.569723818896449,-0.2382842979920129,2612.17273325,40,401010
US1912161007,0.0080556900795798,0.9984902206201596,-1.878713605873276,-2.39389819931887,-0.462129987466971,0.8632985289596777,0.5306554167061869,340037.7369605,30,302010
US3175854047,0.0213251259604168,0.4191732367095046,-0.4552034229116678,0.2470728651380781,-0.0487716138081089,-0.1012698885959361,-0.2967267135359523,802.9810761599999,40,401010
US36237H1014,0.002833540586053,1.8044715036883847,0.0016441567660143,0.0525770964797676,1.4280896690171854,-1.4624711939292467,0.4534110763114101,1263.14413082,25,252030
US13765N1072,-0.0381997108571399,1.1275480988328055,1.6839749400282096,2.2889915132516943,0.6892290542467671,-0.9524513697641672,-0.5578029304834103,574.73177952,40,402010
US36164V6020,0.0477492347881265,1.0953347532576545,2.007851827721716,0.6752132305130711,4.435032741428032,3.4936280920588394,0.9791835438222692,1066.97,50,501010
US5138471033,-0.0334477819710928,0.7324627691491788,-2.3881469147162178,-1.4174538488813195,0.1041640252481339,3.544872884994174,0.7473467189930035,2290.7103116800004,30,302020
US64428N1090,0.2688667031578,-4.407094719307363,7.738718090453193,-6.108928413760417,-16.894694411980737,-11.834128600159858,-0.7265976723311212,457.01565868,10,101020
US0995021062,-0.0228877157671829,0.4084981924032121,-0.4823685001741675,1.030822372770387,0.3947471810796374,2.297595294050387,-1.55897553234415,9170.765246519999,20,202020
US68247W1099,-0.0411630224496012,0.1461389337414558,-10.04234630196268,-1.952234267316335,-8.934360486942548,4.908337408909912,-0.4365328000175085,299.90948624000004,45,452020
US08986R4083,0.0727487719407068,0.8163870145279091,2.415270383867134,0.8169749803003421,3.3271060934572354,2.284148743227272,1.1957444401776591,1217.18416414,25,253010
US2244081046,0.0255557939848616,1.4231227965231323,0.7796857938784139,-0.8481470554551062,1.4683538528737827,0.8581981527779048,1.3021981557958002,10777.54053948,20,201060
US05722G1004,0.009126266156412,1.490064430209904,-3.7883465729961374,-2.293407470081366,-0.2481956557330248,1.8477490667251089,1.2907231764502096,64241.66303096,10,101010
US6292093050,0.0388167560585583,1.05939881355272,1.7154464781574716,1.797079602001443,3.445580741341954,-0.1798357249542591,0.3349702026263464,3366.58864749,40,402010
US5966801087,0.0227719279917212,0.3897521762549374,1.367073345001915,0.0260696417110151,0.9363269826746634,0.5907501006658412,0.2025594966414475,1090.8465225,55,551040
US3841091040,0.0051688596664545,0.9719611678537704,-0.895295453104073,-1.2914162881626878,0.8939290989831044,1.7678380591659255,0.5397998805475346,13152.249934099998,20,201060
US5011471027,0.0490985094201409,0.4049594319148201,-0.966820092006778,-0.9190713459621463,-1.2973057629021287,0.3985956913072779,0.8006069967027509,8357.7015532,35,352010
US15673T1007,0.1974045252687058,1.0957873622972356,-3.4068431708235503,-0.4465009465686531,1.683894399424655,10.678414261322878,1.3755299072552298,250.97749230000002,35,352010
US3793782018,-0.0095195139912715,0.3776595215624783,-2.2986839842198634,-0.3186539572141531,-0.3776476319178034,1.17138064155269,0.4386907461644835,1728.67875936,60,601010
US50127T1097,0.00037588400565,1.124709649264101,0.964954523415062,-1.3838657252140494,-1.4779697125495304,-2.083570823268043,1.168818650406771,933.17047955,35,352010
US3202181000,0.020205329531715,0.3575311018614134,-1.311588637540937,0.577015888455304,0.5389770088225498,0.8087553118349184,0.1988658167780915,926.72668685,40,401010
US9103401082,0.0255984914310025,0.8280346604121478,-2.02543612824963,-1.3418993117866602,-0.4944558356032174,-0.0519180405542076,1.0487042663662285,1142.83180856,40,403010
US0235761014,0.0280834862936302,0.634604390851599,-1.790411167322558,0.9233205182603296,1.7050956989176478,0.7895399475843766,-0.1360685076933585,949.8839595700001,40,401010
US91359V1070,0.0584345243681729,1.4083510645760104,2.612517408006968,-0.4390215353790918,2.0057197022070143,-2.813941767905331,0.8627210916174876,1076.98814685,40,403010
US0138721065,0.0208503272513956,0.9917386562871796,-0.7477222266207915,-1.2662800041730222,-1.8066996573371,1.742272395681561,-0.2102581155617445,13133.55132414,15,151040
US47103N1063,-0.0170036317362393,1.6157491261878607,2.688990660031223,1.116941554503801,2.804287744976966,2.896460620811459,0.8077130167686658,666.79460757,20,201020
US9388241096,0.0046613837569541,0.3802584691595295,-0.4274157989231287,1.305927866179161,0.7239596634978136,-0.0949769873539113,0.3573290927472347,2762.05765728,40,401010
US92338C1036,0.0011921109959206,1.0518668251657912,0.0344837553611086,0.1008483404872503,1.5736348081891527,0.958613452262429,0.3104440008225769,22850.9313004,20,202010
US46625H1005,0.0268514751444095,0.633687611475441,1.7897694869954788,1.4030399322771283,1.8777191504932924,-0.5971217809950329,-0.0802491834157371,959819.0593809,40,401010
US0316521006,0.0506588373754828,2.614384465348908,-1.3071912147209392,3.2866360016150606,2.054046013525712,0.6442159245302954,4.151214721516574,6756.146404749999,45,453010
US83190L2088,0.0336453425944203,0.6006552008523274,-0.2950368815052437,0.9809976919499224,1.541302485592481,0.4281459983458485,0.2494439216810935,761.77821798,40,401010
US2058871029,-0.0112896085514448,1.151687814176087,-2.549171235097756,-2.644469662874324,0.0176152356242186,3.5686333530201577,0.6168558436585703,7456.732546499999,30,302020
US9204371002,0.0185315697145538,-0.1346646771670998,0.2241482808751129,1.0375731905141634,1.3150906073147457,1.6709106123422393,1.2649039830673714,29.084902539999998,40,402030
US0389231087,-0.0490836974213891,1.0173395637739753,0.6402206354501803,1.4053615996950364,2.9834875036156308,0.4249179627336214,1.4614774599464715,924.2793904800001,40,402040
US57667L1070,-0.0109862066851004,1.5874875637685792,0.2425597244118436,1.5497491830630117,2.250946107342936,-1.545163199399397,0.59479037333631,8662.632266699999,50,502030
US55261F1049,0.0212150858090831,0.6811670758410437,-0.8758119296308993,0.6558677811085301,1.1475987248884718,1.653971048671976,0.2703711109543706,36539.611418559994,40,401010
US7323441060,0.0126643656887864,0.1783812936015668,-0.8783025201332912,0.609794608304946,-0.0558805320034874,-0.2000215284673026,-0.1595113479354034,406.33821582,40,401010
US3193832041,0.0158084879377106,0.5130955186404793,-0.5762102850164497,0.2737286923605532,0.746993472667058,0.3112000554220503,0.2955075307315944,2447.21786048,40,401010
US1941621039,-0.0111888316009171,1.3060560889551889,-3.384243907605092,-2.83158117896488,-0.8497875607207198,2.582112054322023,0.9801763199025062,73198.113,30,303010
BMG667211046,0.0305144500887804,1.0454598159892792,2.405832702614859,0.7880571809617324,3.099074189969925,3.024167241602893,1.3945669965556813,8684.8158672,25,253010
US53803X1054,0.001773341708703,1.2490282166332447,-2.051656664907888,1.3402864738383389,1.4613714026452698,2.513906152198961,0.4023793045161379,1534.2107417500001,40,401010
US2976021046,-0.0089943551082267,0.1285736791004345,-0.128030314269908,1.3480367103241255,1.7285818861409048,0.7123381484298192,0.6087296219597658,523.8439827000001,25,252010
US8117078019,0.01210612192693,0.5110916812595391,-0.5109094790245912,0.4572547635641555,0.7477948162990044,1.0893764054270167,0.0914702236446076,3433.0033656,40,401010
US76009N1000,-0.0176465548048986,1.5673830954751824,-1.691808039704829,-0.2877055683992362,1.8841837157412131,2.199828673449641,1.864857277469172,1024.6852357099997,25,255040
US69888T2078,0.1053129034042261,-1.4115756236534267,0.9516054495193093,0.980332416079526,1.393616912993754,-6.300312675413668,-2.030937400657166,3907.460936,10,101020
US87615L1070,0.0628319585118085,-0.3110908635562794,3.5526802590828352,5.757055553596565,2.4304790897192734,-3.466267772909505,1.9097849440576384,557.31715853,25,253010
US0008681092,0.0178340092076974,0.5397055990554216,-0.9211024642544604,-0.6941630199733697,-0.3267890840618407,0.3273987188335803,-0.0874386591479272,636.41746971,40,401010
US9871841089,-0.0008735733462631,0.4311145320657978,-1.317416385548703,-1.199862447520228,-0.6236862412856778,1.8236090301359449,0.0225778379364512,534.4312870800001,55,551040
US0381692070,-0.0136183920292242,1.054871000954369,-2.688405362811469,-2.2277287090685616,-7.265046091914514,1.784545961426177,1.0354689005488662,7382.853166989999,45,451020
US0323325045,0.0741880349453189,1.4001115568571765,0.3736550661376263,8.289475100704742,2.55168838868656,1.6668741844031771,0.7460166495418268,264.35538888,45,453010
US7462283034,-0.0015717173011044,0.7019524633183273,-0.5601272117777647,1.0460791109419685,0.7375354166317898,0.6635903349026622,0.9300501506760898,250.52496591999997,55,551040
US76680V1089,0.0358046016672547,0.4269810610290885,-4.359933511833964,-1.3246848588390074,0.698947961300306,4.062149070067142,0.7713031831732946,269.11776851999997,10,101020
US55306N1046,0.0415851067566397,0.8178903828336385,-6.142868217899992,-2.556708580055484,-3.377730435786517,3.5243271886373257,2.939501951115427,20879.734629599996,45,453010
US6412881053,-0.0334703292259303,1.6618696534454236,-6.0878993930683,-2.248983829173108,-2.756478286036149,-0.9880951739536414,1.6867729561668248,366.55604001,35,351010
US6800331075,0.0042367180571226,0.7405506467589911,-1.4632281149218025,0.4840863711869825,0.5862634237889074,1.35300889407692,0.1742186316762131,10425.49581058,40,401010
US59100U1088,-0.0011103307368779,0.4588455443823654,-4.0247508451418845,-0.9252577047964736,0.0899794033160649,2.972725033981665,0.9584572150621272,1773.6684084800002,40,401010
US8941641024,0.0196841477718435,0.4917899995896022,-0.1278760751542598,-1.118532089237496,0.3824895823381652,0.2920895764413176,0.6373944001571055,4362.0668127,25,253010
US58506Q1094,0.0130399537276172,-1.065196763886558,0.1120935306466717,-0.2674140090234419,-2.064887370843199,0.07087732616453,-1.432131264915749,12929.573726830002,35,352030
US45687V1061,0.0136384455383293,1.531977008435563,-1.2347292078263592,-0.8700012988107177,2.076507675643171,1.327134676869633,1.5124785532192964,32263.654024620002,20,201060
US1729221069,0.0285251394205748,0.5509599735591186,-1.0651807943427412,0.2334981886185009,1.3475555467405376,1.391855445504356,0.421195032199866,445.73662305,40,401010
BMG0772R2087,0.0363144523057818,0.1759007260326732,0.7925587937922456,0.9693496976538862,0.881208969141813,0.5664149771433626,-0.0129615158638728,2521.88358093,40,401010
US7512121010,0.0008719095914474,1.0249747963167444,-1.3294850676870276,-0.8260465744159787,-0.0040257140328981,-0.3795049836916012,1.3186626007551612,22688.6999,25,252030
US5528481030,0.0311901901233074,0.7161426252275234,2.2579776799046622,2.1127490859044515,2.986506702639629,-0.9610262703565162,0.0799111691742309,6269.353053399999,40,402010
US74743L1008,,,,,,,,29753.450435520004,45,453010
US00751Y1064,-0.0538251557062931,0.9927587001738448,-5.918511777259621,-1.6879634069944724,-1.2649391985441514,1.1966811711213856,2.370048427330092,3377.6881385600004,25,255040
IE00BLP1HW54,-0.0032421442336319,0.6702758744829376,-0.0844615513473504,0.2156311105640711,0.9089865872657308,0.0286316517564698,-0.3629810642737621,73211.53888584,40,403010
US2017231034,-0.0115952999009111,2.012427849250215,-1.768119318942381,-0.6600075335458666,-0.3532112992697898,1.8014881262661968,0.0181668404390661,7852.5057195,15,151040
US21833P3010,0.0104919101576207,0.5174424554338479,0.9033708810756264,0.9366721802297416,1.3486900799334705,-1.8703733284191293,1.5078893718630928,175.64065935,35,352010
US8318652091,-0.0005569078924441,1.2169957103263414,-1.6028656446300924,-1.0386588271640298,1.3777744218165358,2.782507412147588,1.3239502756549943,8399.93156874,20,201020
US1746101054,0.0336456345813274,0.4669923026656186,-0.324308472234495,1.2884625707979684,1.3621571105667751,1.1055602931004902,0.3439888507146297,31241.880200320003,40,401010
US8946501009,-0.0204327628539996,2.492649479989858,-4.100132868784048,-0.8751334839040912,1.6258295545173804,2.1828816839345566,2.7452938642036857,210.98296359,15,151040
US8552441094,-0.00193335043297,1.636179562771091,-2.34834106186685,-1.3319450455333692,0.4359122504537266,1.2941660284266026,1.1489978044269982,122561.21147820001,25,253010
US38526M1062,-0.0036205700773463,-0.8024178382163575,1.617202798660306,3.082996965962669,1.6581344946026175,0.5552597946803493,-0.3800675791282339,3672.16272864,25,253020
US76171L1061,0.0094331651072096,0.7673268230207811,-0.9415000988217884,-2.0589598752692373,-0.2873614942700139,1.3197980613673204,1.4648073330467488,1428.8979958799998,30,303010
US98419M1009,-0.0021708610671189,0.530690672119297,1.0306720598449668,0.3187830788548735,1.0638812210564073,0.7704090644568977,0.2027388171860351,27870.6272245,20,201060
BMG611881019,-0.0269352191660374,0.7330189792956261,-1.5570099525169163,-1.966848882607671,-0.7545439431101308,0.1547831584573444,0.8403665032200706,3413.2175429999998,50,501010
US60784B1017,-0.0145840183275048,1.15712845849501,-1.5469776908252342,-0.5727763151848118,-0.6271722491751451,0.7212365570280859,0.3483621031143056,170.14779936000002,,
US0113111076,0.0104884636791195,1.5981750075951893,-1.0001475424036326,-0.908237377289828,2.403485952045272,4.35773178209981,1.753102117262639,1978.82136288,20,201060
US1564311082,0.0600375907852577,1.285576175762758,1.038579761326934,1.098689948422379,0.6125544657955957,0.1809371300915808,-0.07572447872708,2562.9493337599997,15,151040
US2166485019,0.0233884926413824,0.778914705713659,-0.7220657235140084,-1.91507056499396,0.3735595239708036,1.890726251144122,0.4172447728660774,14764.153425909999,35,351010
US90278Q1085,-0.0006198763374025,1.0878221541719673,-1.875023400355288,-0.9168789242412332,1.2001309828643427,3.0524335154266367,1.5134394150006176,4858.73828016,20,201020
US1778351056,0.0152204173722481,0.2750156533177927,0.1582682094320294,0.9996402633003986,1.1725288988719422,0.024747320643071,-0.1853362034230987,1983.5393615799999,40,401010
US4424874018,-0.0178802243971435,1.2933411714455203,-4.736792060460106,-2.9075150005592443,-0.293577535789792,2.6954244620266588,3.451125003504112,701.5043524,25,252010
US4618041069,-0.0089892825237466,0.8335193851187546,-1.3417196440210073,0.4972968489388518,0.4295382820678188,-0.5493539881016015,0.5362189885351996,405.4004808000001,40,403010
US74317M1045,0.0034381102570275,0.7164222728767746,0.798947815917,2.0384468624730725,3.00842715624324,0.4448802518645383,0.5669977330094541,132.82116366000002,20,203040
US1096961040,0.0017457083381144,1.7976833670368118,-0.0319432880133853,0.6570330813903095,1.896913791299152,0.2823242041714582,-1.234427523486602,4659.074358749999,20,202010
US87877F1030,-0.0261069032862104,0.2794549845100321,1.7929396242218811,2.4341802164829254,2.233464095793982,0.4437199390492251,0.1614098461743213,1062.2942875800002,20,201020
US3434981011,-0.0405230802220242,0.7255345962966784,-0.7395735550694218,0.7163611414792552,1.2836800715691965,3.955164359290055,0.7414083403301355,1470.45056639,30,302020
MHY2685T1313,0.01847856169514,1.331782179247695,-2.658636633518683,-1.8704569843947565,-0.0266273688617021,0.7569385516985643,0.7508488805746394,1038.06537681,20,203030
US8004221078,0.0133128240199417,0.7158866171046246,-3.342890321406858,-1.5140092627046156,-0.0544364063811965,2.1620533107851823,1.504156768002293,857.68620902,30,302020
MHY7388L1039,0.0314616191247702,1.891580416187013,-3.31139817704799,-2.9011150218470583,0.2056048061112415,0.3644631185109166,0.675109417444171,426.49303005,20,203030
US9293281021,0.0151295985636256,0.6693127386465572,-2.316854048641272,0.2431617292445327,0.5228799352709161,1.4086686153887722,0.5984578763794366,4120.05374085,40,401010
BMG3198U1027,0.0213336090367352,0.6331263376793517,1.051208465363834,1.6940230269660126,2.2030632297608554,0.1228266290818894,0.3002206693630116,5941.58140311,40,402010
US4378721041,0.0102122297441849,0.1693513641271128,0.0814388513184315,1.136123437165102,0.7183394618660099,-0.5897735471168393,-0.1560330734508764,751.7356691200001,40,401010
US74762E1029,0.0163331617562207,1.0748022136195616,-1.8009939838199327,-2.513244042483469,-1.617244514588433,-0.4205899199791634,1.1887174398694538,100065.2501052,20,201030
US7075691094,0.0043766804320122,1.7161891291624198,2.3837900817334923,1.739871903165398,3.421969143256514,-2.532978527477473,2.005898639120479,2486.7394365000005,25,253010
US12503M1080,-0.0017878995454591,2.3586057405366097,-0.6727187237297046,-1.806444141254179,0.2654299929119783,-1.4812084540083728,-1.1488671725777535,30864.770586659997,40,402030
US8326964058,-0.0003347367919918,1.3492002388886697,-1.901854777187863,-2.2042044918591484,-0.0221535901345739,1.687011258982032,0.968137236090907,12601.421952,30,302020
US14149Y1082,0.0380231080421627,0.4585261078233343,-0.8372393043195188,-3.222591799117093,-1.1678781850272302,0.6159737619578425,1.0010119447433434,54549.24716381,35,351020
US84472E1029,0.0105606828498229,0.7214863891302996,-1.039150028374622,0.7720921117644912,1.1664520925414088,2.2463057367711907,0.1885069792364993,10683.21262016,40,401010
US18270D1063,-0.0786216214244218,0.2963314079318291,-0.5013611336145541,1.223033678134732,-0.1665498671004703,-0.2049448495077373,1.0811666197438512,211.58130447,40,402040
US6287781024,0.010618367410706,0.2157814490885768,-0.761082261009754,0.3546466320170698,0.1688415759198495,0.8336884393235751,-0.2565857811343483,2697.37831818,40,401010
US4710241096,,,,,,,,3255.340567200001,60,601050
US0028241000,0.0116589857986239,0.5334998825421813,0.9515229513214672,-0.9017773572091348,1.3886068782434131,0.2413826944915532,-0.2520088107511807,191435.5416644,35,351010
US88422P1093,0.0134690297487932,0.475616932065442,-0.722702109160191,0.0830566967126827,0.5622503777224608,1.370942746741216,-0.2022477691930512,699.11470498,40,401010
IE00BWT6H894,-0.055412225660069,-0.6761614157329143,4.262946536414974,5.735206705061087,2.8260985247583603,-1.3641980960104847,-1.5545247735352168,17654.678335500004,25,253010
US8631111007,0.0011452427482249,1.2369337737544543,-2.436166832010055,-2.1293966154137087,-0.1098887314883747,-0.2453867890113897,0.3856179728587055,328.21571203,25,251010
US49926D1090,0.0177467896166464,0.9136763198226704,-1.4226664115957428,-0.6971785712723185,-1.14086849657715,0.4192694190051483,1.418398873798261,3215.56184705,45,452030
US4943681035,-0.0011394991242568,0.8403778565251037,0.0479894664524994,-1.3127843855468848,0.8858181719483693,0.9916092502433697,1.065252337994574,36621.49638483,30,303010
CA36168Q1046,0.0029098440348187,1.1823926239731006,-0.3863951480208281,-0.5032254081792438,2.221533379740606,0.6377823373331195,0.7911655172089322,14618.63793152,20,202010
PR67103X1020,0.0207873771067727,0.6032158990243339,0.7827561176669112,2.2206263161159328,2.2181018161853148,-0.5887559544162696,0.0170239416337501,2245.20038124,40,401010
US5915202007,0.0331352575876241,2.808418604634296,-6.10093999688037,-1.380878906135626,-1.0571952489759129,4.410732160704988,4.627000839561312,570.62819586,45,452030
US29270J1007,-0.0220466219766492,0.1398795194188779,2.076243632045763,3.050305240014348,2.021756064125737,0.0630138528303665,0.09043398753672,412.77190656000005,20,201060
US0929151076,-0.1105686843420374,-3.9632217365446847,7.458728769166994,7.822088293067927,0.5556480080135038,-9.447013908484788,0.8986570242124486,50.3024387,45,453010
US8147853092,0.0040603945587975,0.2884304969731782,-0.1666114976883889,0.9469231053753572,1.1105222582795755,-0.5642485743384981,0.3582793197486665,177.86685645,40,402010
US36120Q1013,0.0328061099860721,0.5167905756809238,-0.9933985900915572,0.4380660750952748,1.2331977440951878,1.4566169461182072,0.3416868743300195,282.67384311999996,40,401010
US2041491083,0.0166637891330424,0.5097602646698889,-1.428493631050604,0.7344127464763809,0.8142410423804138,0.5735347114509132,0.0306063241097557,1415.7938900499998,40,401010
US4791671088,0.0316367728267157,0.9285792393573796,0.5819973164137392,0.3797550119913476,2.1595805968182105,0.7427415926882366,0.9046328978336272,461.36100759,25,252020
US4967191051,0.065945455076493,1.9047096612835492,3.436553250751291,2.4926757861852087,4.973932068170379,-1.8336078418276456,0.9876758813746808,244.1338956,40,403010
US90385V1070,0.0998363756195024,1.741959691246339,-7.7641792953658255,-2.5754147987243665,0.0606121137249981,5.58329063406258,6.591050830217522,3766.77658742,45,453010
BMG611881274,-0.0336590476525613,0.6138094558585894,-1.7018793250485635,-1.7504546250378508,-0.966674739898511,0.1806909508731228,0.5841386970040287,3096.0959925,50,501010
US7110401053,0.0172311794861323,0.5114774780145305,-1.7712397468555503,0.0296249820690699,0.5633658536508274,0.6935145843650721,0.4894896139355309,657.0642188,40,401010
IE0001827041,-0.0128765780658969,1.2089382974877938,0.854063167169347,0.5036549587318538,1.2014322613647836,0.5097065570611715,1.1496422704843186,64321.95067886,15,151020
US7008851062,0.0355270098247684,0.2911714128614322,-1.1442115567890654,0.1969732515441771,0.506469975759978,1.2299120291453165,0.2593739501416715,341.75439976,40,401010
US11040G1031,0.0299477802261264,1.083060333207342,-1.1733084948926449,-1.2612721514149363,1.231568201450529,2.33752490583202,0.9172114005884388,1342.12603084,10,101010
CA24477V1058,0.1758792353429289,-0.5948504341899046,0.8320864074368601,1.0494861015993049,1.2052311140952583,0.3633787896758362,3.168237427123725,5663.73961426,35,352020
PR3186727065,0.027300002343328,0.5169997290138805,-0.0500430879888606,2.0755290663780546,1.7980291782785802,0.5186713271066372,-0.1120817023375495,4439.17131175,40,401010
US7097891011,0.0220231752790889,0.3899816250448621,-0.8209408195040171,0.584464032211638,0.8976107555503869,0.4490330139519002,0.1388176076950605,1430.92617087,40,401010
US27627N1054,0.0155939787638733,0.2266147820213111,-1.627785923543564,0.1828404952900627,0.0551171298577373,0.8032489270802362,0.3323448118202809,5331.79416682,40,401010
US0846801076,0.0247764597175365,0.671464528019633,-0.6136328834529855,-0.1829728778609781,1.281372905690533,1.0854384964636723,0.7656169369888306,2661.23997496,40,401010
US6777191064,-0.0067518118010737,0.4738106477669038,-1.609740789265356,-0.1203236164668438,-0.5113386571823061,0.4717529951637387,0.3608469616874368,174.86868519,40,401010
GB00BDSFG982,0.0606841031606434,0.7929274971338488,-3.025216908619193,-2.0119458128914296,0.0592502333810807,1.7858313134637194,0.9369007154258462,30532.2449562,10,101010
US8793691069,0.0401005605141938,1.5123790280675085,4.155505130083824,1.2546259991448605,3.702664467824501,-1.7929500488691308,0.560253135154432,5794.2311791,35,351010
US1475281036,0.0341208317336841,0.8883812997387652,-0.9833657273403688,0.0668030395966108,1.263881337335199,-1.5731515733149255,0.6506636974568334,31147.110414799998,30,301010
US87157D1090,-0.0290737460366773,1.8778020152060264,-2.4913942339124397,-0.3222405430244466,-2.790822179575928,0.6487167448997673,0.3056024188372827,4185.72036605,45,453010
US06211J1007,0.0132277320464636,0.5864552605542046,-1.1972628251051571,0.3470982887609486,0.7577841559567458,1.4814118206060969,0.3780234056694767,1588.50109066,40,401010
US19058X2071,0.0232889072855858,0.2600598784252914,0.4385488979041968,1.0769626670149304,1.1158978638666637,-0.2069601764331016,0.1365934328486306,282.33104898000005,40,401010
US06652V2088,0.0107694817903586,0.3353809990855932,0.6570184157621788,1.8000986645947927,1.4578088804342522,-0.1982127825512885,-0.1334402035725672,2461.0547373,40,401010
US52603B1070,-0.0519719542129407,-1.465505585998653,0.5381809366914387,5.23856469826697,1.004167860284742,0.3587464957821987,0.5621656065250765,372.92933035000004,40,402020
US9264001028,0.1595604561115952,2.4344989525097813,2.158034064013462,-1.5950599342731089,2.6656251126012185,0.3794407344469366,2.2789445816332767,6069.27924975,25,255040
US27579R1041,0.0178933529224274,0.8654740849319215,0.5176406487614107,1.9096623692924293,1.6347717244486009,-0.0389569184965626,0.2093502693548237,18517.975066779996,40,401010
US14057J1016,0.0151931566533304,0.7336603147771393,-0.9900640552372676,0.5800045213232841,0.9284518927157314,0.1344967693924757,0.327565683374083,1005.47217655,40,401010
US74834L1008,0.0133148527000232,1.119532097525108,-2.0126251369684662,-1.8692959895231371,0.4191335845098117,0.3981640462483305,0.7686452486934553,25747.01629388,35,351020
US7901481009,0.0176868942094765,1.9881092016096356,-1.979193973936101,-2.5854137582113097,0.2447732941137933,2.494947839608109,1.7309455543152743,3881.6958932000002,60,602010
US55277P1049,-0.0053946503636542,0.8068939752245863,-0.6121502236727125,-0.6052920785814738,0.6557297049321948,0.7686122004968534,0.766362118332031,3079.8162979199997,55,551010
US3202091092,0.0086874356783981,0.6417881644712676,-2.1810940017157137,0.5605898676407917,0.6316081246659994,1.422526354215678,0.7614558234535977,3565.55291064,40,401010
LU1778762911,-0.0115968577064188,1.1242949912708906,2.7770079213126064,1.565658479357234,2.3247686146526023,-1.4812793602764516,-0.3390246759406305,79763.46078339999,50,502020
KYG3730V1059,-0.0143434081735881,1.1876573004318665,-9.538016664058013,-6.172277141159391,-4.65622113903918,7.983565940453143,2.769012663914864,21977.651552900003,20,201010
US28035Q1022,0.0902759249144834,1.0513207364073316,0.146850271826097,0.1736694536183164,5.008966647873523,3.219486614586382,3.5358304936238163,1253.1230162,30,303020
US03969F1093,0.0523428111450261,0.6929530426662559,0.5880239192980736,-2.5287018018147043,-2.646575337785181,-4.532786556912718,1.0809626950004696,3555.72502444,35,352010
US12135Y1082,-0.0034926250389258,0.6280288241812787,-1.9637786462203035,-0.4719944003315189,0.1563279181918615,0.4294424228350455,0.5777775137144296,1313.8125327599998,40,401010
US25432X1028,0.0139722430769709,-0.0228489476506663,-1.758486083261092,1.355368262177176,0.3959611078412404,1.084355091864998,0.1570565786960865,1716.3509732000002,40,401010
US2039371073,0.0059564133456519,0.1811993714406636,-1.4636073444787736,-0.1292781888161391,-0.2132163607534355,1.124727663996283,0.8350025556745979,614.99444562,40,401010
US7509401086,-0.001183167028705,0.1893451697567755,-2.600727389347973,-0.6875536503953246,-3.4859373382465426,1.4903264703021666,-0.2241365530353113,7993.984960479999,45,452030
US03464Y1082,-0.0059399777282092,0.9214712996780408,-0.1760578956087504,1.0498071983535495,1.7507614149182,0.8370277641099748,0.9388450512491484,198.3894507,40,402040
US9746371007,0.0065806923644804,1.1230382832461463,-0.1264427744950895,-0.1258676534800633,1.0000839557263526,3.7402411132127584,0.1095311986033895,858.74933364,25,251020
US86183P1021,-0.0259355924244174,4.192248934026869,-2.513550499355458,-2.0281033850979755,1.5215158062013523,3.691575614141232,2.496438189251764,199.12529712000003,25,251010
US3846371041,-0.0099356825523603,0.1069127122632482,-1.5768171380912075,1.529551622820558,0.4491534408801478,-0.2291305941752243,0.0508781966911383,4711.0076889599995,25,253020
US12621E1038,0.0294976813390616,0.5849251706943723,0.9133242945263468,0.9251394819549218,1.171373241435848,-0.4723217811794585,0.1216494979765892,4992.42848586,40,403010
US0477263026,0.0150548772542338,1.3896553133893668,0.1546422813188931,0.2029015633813055,1.6399296220128314,0.5655683417320176,1.175045974426228,3088.0828916,50,502020
IE00BTN1Y115,-0.0112625388057986,0.7533062360571188,-3.1037559782759567,-1.8564591136537585,-0.3541413121753384,1.9720594140969852,0.4237727622325597,116505.3383212,35,351010
US00971T1016,-0.0209334138413672,-1.6469850784258018,-5.186805657962609,-3.460517494808428,-7.533851069979313,0.8038605676052366,-2.240307701293424,17599.31456244,45,451020
US3096271073,0.0058792255144777,0.5821573671901372,0.2647797187880564,1.2300680888961306,1.447381606092498,-0.4271391446518163,-0.1012370300998873,926.7897090600001,40,401010
US9099071071,0.0187557796165404,0.5144599625284878,-0.8449935563172234,0.5792199369356383,0.8589416457726339,1.0379965616925562,0.1313697833351864,6563.4767081,40,401010
US0423157058,-0.0066898405811845,1.46820179075766,-0.642556512718486,-1.565366434873836,0.0413473961446618,0.3526769571148349,0.7826641750889229,2361.4225103999997,40,402040
US06777U2006,0.0352191688387251,0.0286385373324564,1.9611261502178725,3.652415031774192,2.5825221153266265,-2.4544455810699057,1.6224498830272989,335.61444998,25,255040
US6937181088,0.0278501450671847,1.6168309239350416,-1.0084044349892425,-0.0379801612633432,2.269374026112993,1.0040122776076537,0.7841456097943399,67547.97422334,20,201060
US72348N1090,0.0051251524701477,1.1187475680179584,0.4232001352225488,1.7526232863472355,1.800649585883629,-0.0936591022122181,-0.1114665608695417,16064.783235870002,40,401010
US74319R1014,0.0089045252828666,1.2614636735472464,-1.911145270817116,-0.5934165437227623,0.6522393470754082,1.7632500466317755,1.5376928937233831,1667.16639482,40,402020
US29358P1012,0.0249659440763731,1.240782163096109,0.2770430049035454,-2.7217999157118875,1.268316522731391,-0.0948715233955771,0.7968170227813011,10217.958354,35,351020
US32106V1070,0.0227584899366358,0.4223016174910046,-0.7133915871393592,0.2882796448307709,0.8155877828126472,0.1458214512686345,0.3518253407824082,246.90288332,40,401010
BSP736841136,0.0511086097227227,-0.2753593087822188,3.356406424148323,1.447886290444924,2.0272149710159386,-0.3642955295275051,1.050717004186872,2494.7138548800003,25,253020
US4440974065,-0.0681984329092233,2.05763263011511,1.2550559028707726,2.695738220712226,-0.1435826127543273,-2.612466085244241,1.1112121256036456,731.97457334,60,601040
US74386T1051,0.0117101777467515,0.464547528293968,-1.213510792729236,0.8700213057210354,0.8219141403945756,0.951151567096101,0.1483848869582557,3109.9742911099997,40,401010
US42328H1095,0.0100532548477535,0.509882853310461,-2.965158781394946,-2.403805344192264,-2.2239887011323023,2.8647566992571454,1.3709919491940064,2639.42280636,20,201060
US8287302009,0.0022048864587305,0.8043210163749397,-1.6044205248537315,0.6429344961268668,0.9055022861389794,1.1095267840502894,0.3980034832193797,3425.78909469,40,401010
US6673401039,0.0079472542129052,0.1866128222618758,-0.8479512130177818,0.7544220762545435,0.2389367367511549,0.3655690662790226,-0.0030219321503488,2279.0999880599998,40,401010
US9030021037,0.0091562559695563,0.7014924182517176,0.2440061749383527,0.7159972477400955,1.151149455174076,1.2740211112685316,0.2186913973805752,1311.6890128100001,60,601060
US45784J3032,-0.0142885047892202,6.756083460701184,0.0735768366957625,8.719125314204542,5.440607038547552,-5.323989130385037,7.561047203390043,43.09578753,20,201030
US8428731017,0.0129264276482764,0.6487343205635568,-1.9200447953986128,-0.7641625900809796,-0.1853057457915322,0.6039523525734796,0.3398261201692166,571.5883093,40,401010
US78410G1040,-0.0194383205505196,2.905910360180043,0.3569415566414293,0.1061339436943078,2.4576285442350616,-0.4201721040310973,1.2791007873009943,19481.77352128,60,601080
US72814P1093,-0.0224249121216747,2.92939103150728,-2.7447533503335886,-2.8314468134923763,2.0147179973888183,-0.1325970556912464,2.9818329300234017,117.19900368,25,252030
US90355N1019,0.0316302412422162,0.4287186633079498,0.4515850010954384,0.5615109534282616,1.3635493707402984,0.3479795529214416,0.0779864919082452,217.96954912,40,401010
US1266001056,0.0047831383366389,0.2232374203269837,-0.9492480590426036,0.2951680711695197,0.2735504547947133,0.5563563275859751,0.3593580100688186,3840.9035729400002,40,401010
GB00BYMT0J19,-0.0028333572450969,1.059467488138004,-3.831311769330884,-2.96238984179832,-1.7762889811428466,1.1940531320473056,0.9924072897561966,4514.27093946,35,351010
US3205171057,0.0115321149547705,0.6648355437098744,0.0399812914649604,1.0881236197615602,1.1960865719392555,0.589385373526609,0.173336174670568,12299.52247758,40,401010
US28618M1062,0.0220096714741624,1.194513315238367,-1.6978997079815374,-1.5631593804158503,-0.1063523342112549,1.571539855553152,2.700037200165597,8736.8732556,15,151010
US8870981011,0.0218684594911364,-0.0956292401325783,-1.3583266736179382,0.6475944143761199,0.2966836140182898,0.9826311466811668,0.4146247736347774,331.39521728,40,401010
US1491501045,0.0092645085779058,0.4834846240100948,-0.8729133293260157,0.781051474835434,0.4341984351410058,0.3375868331734961,0.1831715803280905,4121.39851812,40,401010
US5732841060,-0.0125204817245302,1.068275538012499,-0.7918400035463758,-0.792315865811508,0.4959389904751532,1.7503767349101116,1.467993003763977,32651.833315130003,15,151020
US98419J2069,-0.0184673435840698,-0.4398850283870845,0.0009801641429996,2.7563296146815235,-0.3418109199474184,-3.780024832857469,0.7627096871595047,704.49933645,35,352010
US83192D4025,-0.0025248624930503,1.0324274441685957,0.0926588382007623,0.1050759602470576,1.4497904245080568,0.4511526154367915,0.9334698320606594,1888.9326781,60,601080
US4642141059,0.0331105032896462,-0.1747978319195183,0.6197177871201005,-0.0412094219608979,0.206693748457128,0.7239157340368594,-0.7537156718053017,291.95691880000004,40,401010
US8894781033,0.0029146516735095,1.4173459988593249,-1.3625745875466069,-1.093170088329574,1.067754744315493,1.4347967064132423,2.1385655209677306,13756.9382016,25,252010
US35243J1016,-0.0415310372623604,0.6487681399271606,-0.815211366235993,1.0513685658732963,0.4348347469442341,1.2616567387207516,0.2175206166597539,663.2838478,40,402040
US6556631025,0.0147121900852151,1.214989033535465,-1.93159823092648,-1.473406706931364,-0.0064435641302986,1.9954351282286007,1.010268333568631,16243.07932828,20,201060
US89832Q1094,0.0116778320919117,1.177817578897257,0.0681450392325806,0.980631838962509,1.7187428245219634,0.8377365285024845,0.2591519986530954,64723.3043694,40,401010
US12326C1053,0.0135051263864746,0.4323477675228664,-0.959067189844425,-0.0680441350144736,0.2252875940874676,0.687382944199598,0.1590919870789235,993.940122,40,401010
US75282U1043,0.0383029555613062,0.6964653213709808,-0.6100440701318968,-0.104375201067703,1.9928203756185223,2.015833851902986,1.1945414790924485,306.14990359999996,10,101010
US68902V1070,-0.0056582462962667,1.378588351202482,0.5362986836600391,-1.2145080098614454,1.2053173230887673,0.6659058010068561,0.9602666446361928,27612.095235009998,20,201060
GB00BJT16S69,0.0195634704501188,0.3056909257248281,-6.964083590841963,-1.540501434270293,0.0324003408067143,3.2286613390513503,2.821367484413429,708.8424131099999,15,151010
US3369011032,0.0253112214723261,0.3373779243256163,-0.6310794560686976,0.7260900334677876,1.045011507538642,0.0134949087987842,0.0851085067633518,1589.3366821500001,40,401010
US3719011096,-0.0161293228995982,0.4891845324840109,-0.2422034337114462,1.5711848339764465,1.296459964087696,0.5216164801447579,0.99614716670323,5015.788732710001,25,251010
US4108671052,0.0157043439188974,0.6903018610257915,0.0320114134492223,-0.0631162504823577,0.8095042917116025,-1.3134979357170948,0.1424869510401867,7778.195899200001,40,403010
US0226711010,0.0466735637854803,0.4300370976988903,-2.327352781795704,-0.1301554718245798,0.4027435826822743,2.606058437735665,0.4114537342992862,1150.5944016,40,401010
US44267T1025,-0.0450313399248186,0.429373678048457,-3.254935523820868,-1.430771140660429,-1.7893176832182214,1.2118707586562214,1.034417774078618,3922.46796528,60,602010
US1972361026,0.0100192648567728,0.5849154294436819,-0.5057263641426505,0.0541154890555306,0.2400937097595952,1.044233067851243,0.4259573677282067,9178.00662168,40,401010
US48716P1084,0.0283115741885114,0.3170624972783695,-0.4785607085332826,0.5315661999911576,0.6262730494750284,0.6229617183595109,0.0679653637188968,545.1187112199999,40,401010
US1273871087,-0.0246339792573437,1.0900755619706648,1.2117894574387322,1.367339997452704,0.7295980171652965,-1.3933942120738714,0.7485963916637657,89138.97060744,45,451030
US3377381088,-0.0473072325332083,1.6646028586202826,0.2290558690704396,3.913087506518144,4.4690488847961385,1.3146122874322743,-0.1456750015732245,28712.608085070002,40,402010
US12674W1099,0.0300238816681113,1.1200474359781163,1.3164311137741262,-5.390921160991571,-5.38953334067684,-2.1538423996175977,1.2775830236432428,446.82928875,35,352010
US3149111086,,,,,,,,1233.13605261,60,601080
US9406101082,0.0253130079713278,-0.0824394804538899,-2.284060148144959,-0.5622952625147166,-0.2644061512057925,2.682916728803744,0.0215559622334073,756.438717,40,401010
US8718291078,-0.003067120585709,0.6415111663434143,-2.89689836261252,-1.942422396225457,-0.1210663566546432,1.923706248575936,0.9769278396295036,39625.65787878,30,301010
US63001N1063,0.0281762036144575,1.0578997849737246,1.00206739836231,-0.4151129786456756,1.8337871612691088,-0.5657062762575268,0.3091608827832425,3417.60065454,40,402010
US9014761012,0.0907985242800188,1.1268229931341571,1.929091402101124,0.7324292957335354,2.842115279141014,0.9692222963893456,2.1670138800995127,277.62451902,20,201060
US2005251036,0.0012565692648324,0.4176977753005292,-0.4588853223655907,0.9373430403577876,0.995257831384853,0.7211876161055091,0.1597191315374465,8412.87073142,40,401010
US5977421057,0.0598793848071032,0.5676917420378216,-0.44380776152247,2.7171567442237823,2.224144044750685,1.2747371302794863,-0.2979841746715295,655.8100310100001,40,401010
US31847R1023,-0.0020676031597428,2.705698023067584,-0.8984936905590036,-0.939306776754664,2.1552440361652763,-0.3563965236744775,1.049265476380134,7190.740494,40,403010
US4403271046,0.0118441329137429,0.2676137811919367,0.5677801716674284,0.9883166528310892,0.9879570564960064,-0.3659601647858738,0.2596745802434717,2088.48319966,40,403010
US76156B1070,0.0539278037544538,1.5930431624571415,3.392967480509199,3.569779285364145,5.5947033518178655,-0.7229938154630013,0.5035775539962616,1673.33674462,25,255040
US23282W6057,0.0188359894771346,-0.7554262381966441,0.4083310391723465,-1.2045568402728355,-3.811027871028173,-4.0228762845075705,0.0462456262863907,10009.3433572,35,352010
US28852N1090,-0.0111335182170044,0.8977657433249218,0.637107718792385,0.575412967896696,0.5361459532764882,-0.449841379762385,0.0769351055012267,1701.0219861700002,40,402040
KYG687071012,-0.0368053786494337,1.0380554642941475,-3.3270464566462064,-0.961562319166485,-0.4772997421319058,-0.1277475780060917,0.4714285150698885,2428.9326880199997,40,402010
KYG008941083,0.0316397016798209,-0.8476579855701105,-1.0965596776802702,1.5911838502441638,-1.5655748793486524,6.7729495979937,-1.7981673285753503,2150.7565857,40,403010
US3709201004,,,,,,,,1698.06295527,35,352010
US02913V1035,0.0463811381625088,-2.0892698452605742,-0.299461609173892,2.525828942816193,0.6284108752669805,-1.9116501728709336,1.3726181719060428,788.2965495599999,25,253020
US0301112076,-0.01031526099606,0.8395569382760746,5.516828780104127,5.143820922316424,2.6115643596522458,-1.6854472569478507,1.750215991871383,1478.1861856300002,20,201040
US7835491082,0.0353618542134425,2.124958219557032,1.0172208600766182,1.4117722659956613,3.324446100441589,-0.191608588589208,1.4661601216150209,9827.498758040001,20,203040
US02005N1000,0.0135993947945311,0.4848044584668048,1.4668112600753886,2.333998628171084,1.843023830249167,-0.2643402911923591,0.440618448032068,12244.381901820001,40,402020
US1462291097,0.010180938515895,-0.456801850000393,-1.173251680502421,-0.036957548927873,-1.065693430834742,0.4390123267944652,0.9001514943462217,1378.9640318400002,25,252030
US3208661062,0.0171040441642175,0.5382473218761697,-1.009837579267457,0.6834401586491977,0.96868060047303,0.6176519105917543,0.0013132690959724,1180.00096788,40,401010
US03831W1080,-0.0651453661645271,-0.1293093361131531,5.240096862421445,3.8701017717409782,-1.3795540679703324,-7.552487172074014,-1.417151744166476,81612.9869994,50,502010
US9132901029,0.0023962203030081,0.3667563038880769,-1.7643633381410746,-0.1264353656097943,-0.1465034295150212,1.4099545566864595,0.204313937339556,445.34991718000003,40,401010
US3167731005,0.0226211212517695,0.906779221358474,-0.4469993228329639,1.010530504109887,1.5779884576039511,1.3624813703847294,0.5626356705651278,52402.68373184001,40,401010
US0454871056,0.0055422221904944,0.6157496212178687,-1.2470246241654594,0.2487892271408367,0.444818259754864,1.0908483879095852,0.6343399569745249,6047.12300787,40,401010
US51504L1070,-0.0015602193580255,1.3515291293139045,-1.4778787851365929,-0.6977034744873234,0.2398750309266901,0.1230210652323343,0.9464192513191408,152.43545826,40,401010
IE00B4Q5ZN47,0.0097225357152452,1.3655926217262002,-2.474393880803538,-3.453097750108456,-2.081192296404235,-2.279623892297348,-0.0309798697204104,15410.89374903,35,352020
US9216591084,0.014126736626331,1.6867010089686016,-2.8721766754088347,-1.8374192083535887,0.9002808200784056,3.1149971761703616,1.5577706181336404,301.17683909000004,35,352010
US1307881029,0.0032821088992493,0.2234114823340981,-0.7660754736951574,-0.0818857620963195,0.4561137224922948,0.2905336751035979,0.4870732716176106,3080.8449483100003,55,551040
US20786W1071,0.0159449813960094,0.3139739416867772,-0.0449129677706625,0.928394556594965,0.7246888749853099,-0.125760608818159,0.3348932161806376,1558.1645721099999,40,401010
US84863T1060,-0.0406950606763149,0.4919409584177328,-1.22843509412463,1.3164646906742496,1.147377261561748,1.9906035216754692,0.0329661422558433,223.48402355999997,50,501020
US74460D1090,-0.001322689585277,1.8209401037270148,-1.1991105214501174,-1.0230322393364315,1.1900078539869683,0.7887100059694188,1.5180757312305468,54686.177279359996,60,601080
US8309401029,0.0453993003805054,0.6913561887443013,1.993605754129204,1.1495538149621811,2.8491743480109584,-0.9734583553400362,1.0210941335421142,,40,403010
BMG9456A1009,0.0465767236430893,-1.391113814093758,0.6120866161898856,0.8999661256478938,0.6184210422982181,1.011547709254522,0.3250195241528182,5056.2191358,10,101020
US69380Q1076,0.0034684785594241,3.553542571934589,-15.120074551573062,-8.32390685989495,-5.258980436737023,-5.315352161867189,1.0635598617813833,1950.06917377,35,351020
US7292731020,0.0242060533720297,0.5392334362505046,-1.7413047301101776,0.0472319732468173,0.4670517084271539,1.4470068920432306,0.4938410432753371,386.67067523000003,40,401010
US05580M1080,-0.0237382755408125,-0.5442610790024005,-9.65638782236963,0.6582271987228423,-4.258405081053582,7.810296030014678,0.1499541772995367,159.30561927000002,40,402030
US4278661081,-0.0095111370908582,0.8926583427590409,-3.150333177846988,-3.436730501685651,-0.9592985764622064,1.8736199675816017,0.9982343195601894,36877.24878229,30,302020
US54738L1098,0.009812983363545,0.1477853134449843,1.6877248469380264,3.9115794357339393,3.0547666321983264,-0.5363307239807894,0.4711727803977358,226.91958909999997,25,252010
US6896481032,-0.0015479364657713,-0.0240157654769161,-1.936790656325243,0.1430195304370001,-0.2203804284138185,1.5341773298444603,0.3536409665665199,3823.2045919999996,55,551010
MHY7542C1306,0.0333610586116419,1.2228726568142276,-2.273931486958549,-3.0084930477353646,-0.1940790434525335,1.2835639888453592,1.5847892410080755,3425.8766297600005,10,101020
US6090271072,0.0011852485742858,0.8273774465277269,0.0304598063283157,1.8047861632508904,1.5431329095435178,-1.293597978399279,1.295273228340846,1536.61760574,25,253010
US84252A1060,0.0155467413949317,0.492895871949771,0.4993770929799176,-0.676041145173528,-0.0092164675239627,-0.7340242449016816,0.202170534985825,477.14643504000003,40,401010
US00402L1070,-0.0086141149572767,1.4964380199463985,-1.4007233196775015,-1.10405781178165,1.1032300221795213,2.016522317813246,0.9158522836775504,2877.15738785,25,255040
US3535141028,0.0077744060046735,0.9799185246035272,0.1946830076577154,0.5130235939947795,1.4025371228505226,0.5938304481909924,0.8052128950579063,4031.58758232,20,201060
US7235611065,0.0243521106257024,0.301562784859407,0.0666767911743094,0.3189772029501556,0.5701034910450953,0.4032418056054157,0.230885258229166,185.92760648,40,401010
US32055Y2019,0.0161455961079065,0.3479378367213145,0.1201691971723648,0.8170353460993731,0.8053741354566594,0.6402114679665292,0.1622287077448357,3143.5968033599997,40,401010
US46005L1017,0.0104982979461278,-0.1037540058654221,-0.3257200464803039,-0.5996967086444123,-0.574469367175045,3.0057262720218034,0.6999796771379163,402.60127676999997,40,402010
US8984021027,0.0094099082982089,0.4166299486480239,-1.1125019285406592,0.4342368837579415,0.6648512500893209,0.8028848346638345,0.3959634325691193,2588.9212206,40,401010
US21867A1051,0.0290811365818056,-0.0020630083282734,-0.0304349277497324,-0.6540542885188877,-0.6014258219606683,3.698219190262879,-0.3944906389958174,565.6530831,10,101010
US0846707026,-0.0092797375984871,0.6726345242169551,-0.820096881539401,-0.979775284177804,0.1529915520202291,-0.3114321377881162,0.3676141942971394,1074588.1824999999,40,402010
US78648T1007,0.048841769632036,1.589143783406498,0.4420723391583204,0.2234270944065183,2.8274620941051527,-0.2905657565110101,-1.2870246868544626,1484.63383068,40,403010
US74167B1098,0.0466394621424256,0.1569984646085756,0.5181331808263812,1.290541505270039,1.394295869100142,1.3964436033683358,0.4440134375472829,345.56568354999996,40,401010
US8251071051,0.0095266789061082,0.3617259547252425,-2.031064066744239,-0.042128693684837,-0.122995015471397,0.2486191220548712,0.1832930000301868,731.2360112499999,40,401010
US43300A2033,0.0001675774226503,1.1852739026540418,-1.25266673484827,-0.3671394501410854,0.6907643793977274,0.3926281571701598,0.906557651059867,72085.29209648001,25,253010
US3981823038,0.0086147807681885,1.5627975981774198,-0.7871536517121522,-2.2686237734323798,0.3946471326113253,-0.9169954648408372,0.5778881951594259,12443.701687200002,60,601050
US68062P1066,-0.1140256236287205,5.137357823078895,-21.713429802205678,-13.14817505915145,-10.456023982035015,-7.0119893492212615,1.6256173897748956,892.2774835,35,352010
US1713401024,0.0066689260543997,0.914503179194538,-1.9361250382134416,-1.961094133745848,-0.0320232402804602,2.649750661638001,0.9324135086335156,23983.64803625,30,303010
US03763A2078,0.0604385803804809,-1.009266940298278,5.931410287149552,6.831067377291274,2.767300867489618,-1.0166431340046371,0.624872860903621,1570.7053110999998,35,351020
US0038813079,0.023847047356626,-0.7464510405022597,-0.9967607988025649,-0.3108296593778968,-0.5470321713466537,0.1512617768901233,0.5524292609791613,442.49479296,40,402010
US38046C1099,-0.1322256194689656,0.6371691020354617,-0.8243411175273496,-1.6606380856328298,-1.7951211914454988,-4.199309072975829,-2.211984965418094,196.29510885000002,50,501020
US4277461020,-0.1210737886862876,5.579641813499556,-0.0967478712704389,1.5190371066133386,4.70637998414624,-2.7436160154136062,-0.0300536552067703,62.65911408,35,352010
US05587G2030,0.0252186745835755,2.110144702623299,2.5260274920194314,2.303141932982788,4.274451195757025,-0.7148127405939457,1.6428234297962812,222.65810394000002,45,452010
US26969P1084,-0.0319219112596705,1.6608719020321452,-1.3238859217975223,-1.0617908835197023,0.2047558354801972,0.1617062309476143,1.663748616278025,6321.23299327,15,151020
US8725901040,-0.0196080278885206,0.0258461833661989,-1.058910880793613,-1.178822264206612,-0.0807318385009782,1.5654287525086608,0.5773217737482589,78326.14789349999,50,501020
US4448591028,0.0294386285524057,0.7891118640882085,4.253386390360521,1.939919737902822,0.4372430999994081,-1.5660298061971036,-0.2465001787435121,46603.82733133,35,351020
US3909051076,0.0137183984259179,0.151024860074338,-0.4671250195436587,1.0438196609859742,0.6188842959117747,-0.2842140798664932,0.1832843446963621,650.92940561,40,401010
IE00BLS09M33,-0.0290254963054963,0.872247748879601,-0.0729025297676415,0.6563771780354201,1.7964553061728548,1.327574917521782,1.5148875171570275,10478.00237284,20,201060
US1910981026,0.043434741766108,2.1782454161556686,-1.0247277052516846,-4.0803287563859465,1.1059326437261088,-1.1034806810444728,2.167872391719037,8431.53559773,30,302010
US1565043007,0.0114927301312066,1.372044661611971,-2.789271630772155,-1.6861687526652709,1.2970813951899998,2.323658027251794,2.615783831865352,1742.65097898,25,252010
KYG2545C1042,0.0170428398010473,1.964017654385132,2.1804607608965454,2.754947705080367,3.506117183251076,-5.040586609026489,3.214877502801154,595.4377355500001,35,352010
US36162J1060,0.0462752061352678,-1.1441045261758336,1.2752248239661623,4.103388843531218,1.3712912765181922,-0.9596709314844538,0.2111035941214086,3884.697135,20,202010
US7580754023,-0.026261812336112,1.623572704731577,-1.151647915846426,-1.158489471846606,0.8338200187625949,1.3589151720544883,0.9053733071459348,596.1248670000001,40,402040
US0773473006,0.063749079104257,2.0474125602905016,-0.1791471908003639,0.5241071799454731,2.082086641109969,1.3853019239414135,2.4868937308571923,3974.6089960600007,45,452030
US2674751019,-0.0310200955308182,1.9634069580210944,-4.775203665624802,-3.636505836390813,-3.3750962873625,-0.2269886496725598,1.8490549331772343,12107.7315504,20,201030
US4312841087,-0.0199093704119105,0.8560852129420403,-0.4645899467483946,1.4871567156211494,0.6899145956788855,-0.8031488465081934,-0.1704739388753733,3410.21473375,60,601040
US82537J1088,0.0309094783487226,-0.8538657747680081,-2.614082880805359,-1.0684325683067777,-0.767806874702514,-0.928148560439518,0.8354900269910251,385.46524542,35,351010
US4932671088,0.0230457008549037,0.5873929555398675,0.162387033819191,1.5780444021880495,1.6742040200161723,1.2408641914771836,0.3687548120248441,24793.991654279995,40,401010
US31983A1034,0.0260498015017401,0.2167605733747035,-1.1151591066463196,0.0599124292561076,0.8420560595509576,0.9017233155059156,0.4172004488223758,787.9627558,40,401010
US8269191024,0.0643379968021078,1.2542139883253425,0.0288377568816954,-2.388086002574979,1.7159139015095803,0.2430064536599143,2.091559740906512,7155.27935157,45,453010
US00166B1052,0.0348441305180129,-1.1881285624392728,-3.5144403498204424,-1.621650293094255,-2.8124176636778144,1.2607105637868647,1.5506490387425031,216.03248117999996,35,352010
US63945M1071,0.0147527122571846,0.3556580208780558,-1.268091694266405,-0.7819199486701894,0.0316035471382074,1.120752620395491,-0.2623979849183167,889.1781349500001,40,401010
US3602711000,0.0231039173032991,0.4716735599280267,-0.3153848769759986,1.1388997866354436,1.3977900527665954,0.9471832464275562,0.3998344521210696,4653.92282051,40,401010
US29103W1045,0.030199832249036,-0.8548159623497925,2.0395672461712406,5.217806990581689,2.443957846952676,1.648895252889479,-0.913411633636974,68.6685884,,
US5962781010,0.0283667878265456,1.7448249128543778,1.4641289833687234,0.3374141460527555,2.6824303548205126,0.5986510489029184,1.0323898318459412,5262.56997984,20,201060
US0200021014,0.0222794528656825,0.8650760021649301,-0.3443816321965361,-0.0197939888844049,1.6159250835269687,-1.0381637077803414,0.6212054994336931,65696.689647,40,403010
US1011211018,-0.0193520326167947,0.7575900416979555,0.4013461162075947,1.2176284573470353,0.7067452772300722,-1.0988641072347929,-0.0516564581689823,10906.054318280001,60,601040
US6873801053,0.0125836469812777,0.3545529601677906,-0.6560962235369314,0.0745360743432405,0.4411253144707833,0.0917274349251,0.2438689526517144,805.7913753600001,40,401010
US6695491075,0.0101602044080455,0.3976845756090068,-1.396952969165374,-0.2248332444975915,0.0673175610122308,0.6710861057947111,0.163723804402057,344.73875234,40,401010
US3535251082,-0.0037245745168848,0.6971050195388317,-2.086299996931979,-0.4327541250905853,-0.3625242750122472,-0.7962219024902873,0.6792926837916697,274.82156328,40,401010
US04911A1079,0.0121413996242925,0.471555205316214,-1.0619381045537373,0.9626959821251077,0.9501890182624164,1.2681855208350843,0.3613443991680702,6075.7783938,40,401010
US8581191009,0.0202663683444799,2.264478474458037,-0.0860128220799545,-0.5132413948362953,0.0148393744564836,-1.3529512313050378,0.5217799856296389,34278.85980846,15,151040
US47012E4035,0.0362878310972841,1.7434584933770836,-0.5134852692857754,-0.4926903992614219,2.2520055943065005,0.3158409881453952,1.2975176207184638,218.42424603999999,25,252020
US10950A1060,0.0429105490435865,-0.3061674460333936,-0.5940582475737997,-1.1422841700890167,-3.104806074703258,-1.3700925250337166,0.669683884182079,4540.5582332,35,351020
US1396741050,0.0149569945780323,0.4173300105018114,-0.2776307341545799,0.7467302293763413,1.2607571436799208,-0.293926678945646,0.3867250252890633,721.7769628,40,401010
DK0060615755,0.0130051142770422,0.5627026123569046,-1.6802946570000463,-1.247026651911554,-0.1287543960587235,1.3265425681632723,1.3400853122419545,15739.3373536,35,352010
US1844961078,0.0317666812433769,1.3314408102808573,-1.3621321252675678,-0.2483190658522404,2.164460159736361,1.3268163135025184,1.273721252857731,16030.131965210001,20,202010
US8608971078,-0.0032905590264683,-0.7265761350801013,2.098175372188898,5.571534560358323,2.9669101486621257,-0.3753773634325706,-0.0201968248531868,450.309337,25,255040
US4219061086,0.031647996534325,1.9581370630872352,1.1448433577123098,-0.5137836962329666,2.417806763233952,-1.6532825115929854,2.038325645594552,1462.9959741,20,202010
US68277Q1058,0.0740857456373848,-2.3659483309488447,5.043188968976706,3.3321109269209623,0.920342471800281,-3.9389927626027976,0.7632077957279748,128.2306959,35,352010
US26210V1026,-0.0448948834078879,-1.5618917244858124,-1.3567547114761245,2.8696565171969257,-1.110420077756899,-0.3196009530600378,-1.449644730311168,764.9601384800001,25,253020
US1729081059,0.0016328014730586,2.018572116090777,-0.2461118025973902,-0.436709219928596,2.2013134581293965,0.5421020545871131,-0.1701671309131061,67783.2504975,20,202010
US2786421030,-0.0159621563628978,0.7080078471573021,-1.4878437376521865,0.592281897192154,0.0783035075592444,-0.7024984073615944,0.0139981365763013,45755.82458304,25,255030
US9837931008,0.0532768034009222,2.709394907938916,0.1900973675651416,-3.4329208462556897,1.7652098603356752,0.2473012861969377,2.3629689610107025,23994.50211785,20,203040
US1184401065,-0.0098565894111257,1.6640724737169514,1.6038334322098355,0.6221222070825688,2.9934566052941687,-1.836624531531776,1.07396157373199,1385.8574585400002,25,255040
US71367G1022,-0.0331754646097241,1.5200406728947091,-3.340837070176708,1.6244388540020516,1.7598913476198652,2.61712044342542,0.6592176612287661,1582.53897725,40,402030
US3843136074,-0.0564794836354679,0.9264981862641646,2.0350771420290714,7.047973780496032,-0.3696954379164623,-2.467041946302837,-2.1735452153292987,118.93029184000001,20,201040
US1244111092,0.0264346097933177,0.312231727027598,-0.842604436876501,0.8280959455379406,1.042982182040696,0.8680968166659011,0.323302275507532,1006.76862261,40,401010
US1011371077,-0.0371115642200655,0.387752766752818,-0.0944958419240769,-0.4489683664531818,0.491314025540742,2.604002810459034,-0.9486314048577908,74802.7554505,35,351010
US38068T1051,0.0256080617970671,2.7205479277452302,-5.472575620893624,1.2844179343410618,1.2747697631162844,1.1270517677369931,4.669698054056608,155.42936804999997,15,151040
GB00BFMBMT84,0.004016393511917,1.4164425755004206,-0.5581194320421892,-0.7151938901828833,-0.3825043639123371,-0.0812181276298427,0.3573175953507698,6661.13483728,20,201040
US68621T1025,0.019014031116889,0.984594931217742,-1.5600020630415772,0.4279577795779254,0.9350985157067072,1.2339485202324136,0.4086321487175807,1583.5203048500002,40,401010
US49177J1025,-0.0122295183633621,1.196381540590642,-3.4928586031580067,-2.2252336548225924,0.438840307403018,1.626880129913199,1.0889298474116162,36861.28567216,30,303020
US1270551013,0.0029707497677836,0.0586989037403381,-1.1976371956220202,0.3928791081577421,0.0573162782144682,1.7171100309366345,0.6743994454412126,4482.29672443,15,151010
US68622V1061,-0.0521080878978216,4.759415343359739,-4.857077503143194,4.7666403560319175,2.4393055225957023,-1.4824459998072357,2.285262314309564,3591.6937860000003,35,352020
GB00BNK03D49,-0.0115528905306364,-0.4913264449147605,-1.9523913986102133,1.542282109483434,-1.909245486214888,1.2485235435753226,-0.4198064340298518,487.94913951999996,20,201060
US75025X1000,0.0186104836552232,1.4026287315292758,-0.6175893371460501,0.1414807745496453,1.331314752424564,0.945637563185942,1.8510577321701016,284.037086,20,203010
GG00BMGYLN96,-0.1059530469987341,2.805753124606472,-3.8492999525753513,-2.803512736424504,-0.4881587153322438,5.463978032956627,0.526334553170777,880.94088776,40,402010
US4571521065,0.03581475416556,0.943102532452478,3.616094625460052,3.58290005115859,2.8018090569882097,-2.96409966427594,0.3002458112081977,568.0096436700001,45,452030
US12769G1004,0.0156237427994892,0.5955604076337215,0.5141295815041598,1.2580324330149155,2.258636850614709,-2.346900847608953,0.9689535422200336,6002.321712280001,25,253010
US2298991090,0.0337191739762117,0.4843208951833452,-0.3228842038589359,0.6404935888871521,1.5444119744017542,1.1243101635308892,0.4325479855158819,9754.246498260001,40,401010
US5319141090,-0.0163085068721934,3.326904897905269,0.8568182475320969,2.9306079146956097,5.27042210243788,-2.7618795598218275,2.417596669680396,130.47077934,30,302020
US45774W1080,0.0120973364350838,-0.2576609669021416,-1.411093505280898,-1.6761622854647735,-0.196950449354932,3.242547933473515,0.2702446033605074,600.31453314,20,201020
US9202531011,-0.0015633239124531,1.6259114200660458,-1.161493252342221,-0.4006924283506727,0.0253332222945823,0.6996082717386118,1.9539714310238936,9432.75962895,20,201030
US7005171050,0.0157973591286037,0.6248370139298651,-1.0613126167988922,0.1289435646304209,0.7710278994092358,0.4412403117270782,0.8379571889651808,2959.66034375,60,601030
US0147521092,0.0132577165337348,-0.3978983682274365,-1.282637439275817,0.8349208942701616,-0.0191017545087142,2.2041025590216394,0.7246223381313245,573.40008876,60,601070
US39304D1028,-0.0165050176597629,0.6341989261791978,-0.3506854258767332,1.8039180123316592,0.953087557718633,-0.3383037868898055,0.1274367758766555,744.78101081,40,402020
US8317541063,0.0674659802330024,-1.7000418994086888,1.918278736489748,2.77452266037611,0.724862074357555,-1.264677303901677,0.2372943481209596,633.41743685,25,252020
US3802371076,-0.022395481467736,0.392069640249274,2.786199707841024,2.18313145387818,1.288187544295616,0.2134052961644106,-0.8137594804908678,11933.3446614,45,451020
US19247A1007,0.0244946686142118,1.119028796730117,0.939363070813669,0.1066047132522841,1.624145259264623,0.9601384574271818,0.4680405971124912,2342.18703952,40,402030
US46134L1052,0.0239650564227004,0.3711881649237203,-0.3324342682957341,-0.015984918855019,0.3375734764736161,1.1707539131632438,0.0590866186662125,394.4025176,40,401010
US53815P1084,0.005849495769396,0.8329919893154678,1.6004276095257364,0.1446571307695965,-0.2908731272389424,-2.811909008971756,-0.2174095320233161,2233.7923218600004,45,451030
US74837P4054,0.0221264331829994,-0.7490423890883431,0.4652567303979873,0.3602129617208442,-5.1633091995927245,-3.0667222142221093,0.9726866193257538,215.37448191,45,453010
US7843051043,0.0311565418176371,-0.2357474694021183,-0.2371980508650704,0.8530934901289839,0.9765893438414373,0.9754158269369836,0.3339571283468208,2457.41624744,55,551040
US0477261046,0.0096775298159938,1.1747488962686663,-0.7334631528407802,-0.0781372722384448,1.1515883192353733,0.6954229031078778,1.3210834586101123,3331.4602921600003,50,502020
US97650W1080,0.0084503536543295,0.8605616341410621,-0.4400319075293876,0.5706501956151551,0.9031652912364154,0.916420459274393,0.4453744082907488,10786.3578988,40,401010
US89214P1093,-0.0005329043987449,0.5418790202922082,-0.9150720848107934,0.5732307505191745,1.037061124164118,0.5923601454761874,0.3104343674855333,3242.23128366,40,401010
US8960951064,0.0055340914239008,0.4926514259696659,-1.1038251250763926,-0.0488462167292156,0.0327010395773303,0.063346782065538,-0.1266725308668622,1690.10203968,40,401010
US58958P1049,0.022220003554248,0.1089173530520847,-1.8971317816913889,-0.0878085121353018,0.516932212474903,1.6674355608036031,0.6314710736554121,207.35636376000002,40,401010
US5588681057,-0.0058626583821354,-1.2198355592486438,-1.25276212988365,0.6287782889036083,-1.5428704337590131,-2.395968866235423,-0.5186764145877187,10699.59744603,35,352010
US4385162056,-0.0067197782990319,0.5141546291386846,-2.375807051059162,-2.3470195647255654,-1.406030864950344,2.2019672328101016,0.3201644349406996,74105.05377125001,20,201050
US01973R1014,0.0517254379020386,1.7895620281770996,-0.4232963842097792,0.1281024972310105,3.046564138777658,2.2252410029821164,1.842352851312084,10332.706099199999,20,201060
US05329W1027,-0.0018251943587377,0.5591354528909367,0.2097754501348207,1.147352987084155,1.586506983973898,-0.6731369209054,-0.3320870359778899,6351.2256425,25,255040
US4538386099,0.0003307508731896,0.7268661614989539,-1.8479801396755289,-0.7275005936535479,0.0083994951627311,1.091530109884504,0.1229587608863315,809.44215145,40,401010
US6494454001,0.0021016712563531,-0.0452335296468109,-1.0852159272326398,0.5309793471645438,0.1488792180806002,0.6905859541963988,0.5527597781466717,5367.642101639999,40,401010
US9741551033,-0.1020153590136891,3.706746645502387,-5.561193409559903,-2.867411251476028,1.0177546845180645,3.579220088530413,2.972529416662821,3412.48697098,25,253010
CA11285B1085,-0.0065630586221488,0.63846861913657,-0.4327869956406921,-2.4833286202523457,-1.6546677034168042,1.2502668535262025,0.79263588557025,12439.26232276,55,551050
US64110Y1082,0.0148983630960232,0.6160875148168796,1.8799948563585729,1.7007215806819231,2.152353972066295,-1.9838594839585688,0.2812419959876735,170.7918787,60,601040
US98983L1089,0.0151334150752542,1.8118699296077287,0.885334190781168,0.0598697592369659,2.438366610038971,-0.5015250877103701,1.4424349470135196,7461.715099440001,20,201020
US2855121099,0.012637026846485,-0.2103666832831584,0.6845626869081375,0.4141955310018125,-0.1036446454232709,-0.8943765211787528,-0.2026168232301034,52821.071939999994,50,502020
US4404071049,0.000921680816993,0.5500081192802573,-1.117596711540586,0.3187088338590309,0.2104341609709433,0.1299924233516992,0.2486316837647143,1029.50674624,40,401010
US6882392011,0.025756165057673,1.848698889021684,-2.0755430695976727,-2.013997455288948,2.017037602455799,3.3577662919757616,2.4516338929071795,9355.48326229,20,201060
US16115Q3083,-0.0004631235759752,0.0692242308355874,-0.2275943629604088,-0.0543693906784888,-0.0023723664737093,0.0284253171030999,0.0037393094564597,9987.90603008,20,201060
US43689E1073,0.0216784750468531,-0.0770973427265813,0.0252971468517114,0.9034326450087828,0.5976436233540895,0.1017613276568386,-0.0931450659308663,487.68659642,40,401010
US45337C1027,0.01867300628736,0.9898122585524896,-0.9194787507570688,-2.0108560269594493,-0.3668288268361052,0.0018912467115936,0.471482531663601,23820.42190464,35,352010
US8716071076,-0.016587038507852,1.4167388695239098,1.363183830767335,3.3716731821352903,2.861113545165328,1.9959712247513648,0.6739076988235772,80352.252681,45,451030
US0024741045,0.0221534697454346,1.356704312223314,-2.241855791579874,-0.1045095253632966,1.613704141690764,2.21943224715484,2.108469693399019,4457.083140629999,20,201020
US1547604090,0.0200380268120558,0.2974275164397904,0.0658368250737163,1.3515140183203342,1.351687015840478,-0.0018220952868371,0.0913007770903359,964.8730618999999,40,401010
US6820951043,-0.0090040510325936,2.011099107379348,-1.8121608591257783,-0.1305470707934777,2.605549886080995,2.737723736002386,1.968790425049774,100.7983094,20,201060
US2577012014,-0.0010457067661759,0.325177825090655,0.7180974014732635,1.0738880963512527,1.0277630772587192,-1.8421175686913809,-0.0543103666256048,711.21867906,40,403010
US8873991033,0.0110780613839461,0.7081408925964615,-0.4902006073929436,1.5111732460024982,0.2342948649916802,1.7989172645051053,-0.1463327715173524,778.05699873,15,151040
US00436Q1067,0.0204937763349692,0.5244511757052187,1.0398268914765594,2.2761751546591342,2.372689651981114,0.7192147194484646,0.9731329202642834,626.27621574,25,253010
US23285D1090,-0.0250604403380314,0.7192411425006817,-4.851774028865327,-3.793076741033744,-2.8513616025110258,1.1733810922349208,0.3079284015552291,554.5194963,35,352030
US05603E2081,0.005519691628486,0.2418952179376848,-1.756410429031631,-0.0972930582047224,-0.0597729673967092,0.5872207823698501,0.8854540319409512,144.07667484,40,401010
US98585X1046,-0.0261758581799517,1.3921375123417523,-2.7769916666065444,-1.3772044258776033,-1.5018031940961871,-0.3744986356082866,0.2288042788790029,3235.2562193000003,25,252020
US03076K1088,0.0011607132069099,0.4159774272468564,-1.3481934403406668,0.5951604862660319,0.2295410117752179,0.6003766004825835,0.7342755613430615,5700.2641314600005,40,401010
US55825T1034,0.05318748936196,0.7733896819887816,-0.9916994983473656,-0.7178828635366011,0.1370924020758184,0.7442217862647491,0.8132469185317872,8333.17204426,50,502020
US0584981064,0.0309477303260009,1.561051182038263,-1.2597755035179323,-1.49891816320492,2.315370350798646,1.3305831316232273,1.5595466007292274,16317.829996760001,15,151030
IE00BLNN3691,0.0190403691566482,1.912691922462364,-2.264378890295303,-1.949219391212474,-0.0199584207907412,2.2502304592584337,0.5840873397889084,6654.4166238,10,101010
US05561Q2012,0.0228356574011681,0.2444132186908315,-0.9666658494484524,0.9585526917305756,0.9630533945183612,1.1153909509306326,0.2997171907590483,3532.0214831999997,40,401010
US6793691089,0.0448587282209909,-1.4188209064947963,-2.071001151435629,2.7831113814183723,1.0397717647401692,1.223237149514552,0.0770527162310977,273.32808624,,
US58507V1070,,,,,,,,20369.7302233,35,351010
US6718071052,0.0126770478982348,0.2901345776416654,-0.6600974464387804,0.8150932805521944,0.8529550962011532,0.6513453719605975,0.3322425249235755,230.62563018,40,401010
US81768T1088,0.002223889671126,1.010649562382967,-2.138050857726448,0.3993997307252916,1.3837785410286547,2.4893284537299696,0.96114444114526,4658.9276022799995,40,401010
US4104952043,0.0132602195769655,0.5564449311446337,0.7890302919664645,0.9108029802678356,0.7943898386111203,-1.0567844682897238,0.4871410019030284,943.70700576,40,401010
US29664W1053,-0.0310387546163959,-0.809429716699976,-3.505183370827332,-6.077471042407007,-8.614004525209927,-1.722274198353698,-2.3225737316730264,809.3380300800001,,
US1156372096,-0.009172577617907,1.029320666627909,-1.825871667383776,-1.6127096126491645,0.5937365004075298,0.6745320693762253,1.0521476814236406,12889.419519760002,30,302010
US1535271068,0.010373459841641,0.8968952169439145,-2.4439030275307068,-1.818453824561321,0.4830224289870638,1.0059682142641386,1.782551949305246,2083.72666502,30,303010
US98956P1021,0.0185582302406679,1.1540212313654556,0.6003338467151452,-1.2715449774872294,1.7681335347926603,1.0884093767408003,1.2543383039338576,19166.74563375,35,351010
US30190A1043,-0.03528366495328,-0.026641823549295,0.4460452684800624,3.1008915254937035,0.753453162246702,-2.016740975947402,-1.1358411325805164,3516.71906528,40,403010
KYG367381053,5.32776772067809e-05,0.927821042623022,-1.2968404862869336,-1.241084352938396,1.3332094905049925,1.7795814315501246,0.8702757564913739,1114.5447536,30,302020
US6092071058,-0.0129924204261926,0.4513890652112123,-1.9663630545301405,-1.04578085447069,-0.6182997960934091,1.0327567010751102,0.3457705839947513,81024.7260282,30,302020
US68403P2039,0.0310963960369479,0.4851348421854564,-3.419084846984717,-0.542106681394402,-0.9053143127131712,1.6215427040036705,1.7427046065326603,177.71587775999998,35,352020
US9660842041,0.0196950127566154,0.760469082279783,-0.3642425433115527,0.6151294379042124,0.9681233303716804,-0.6772060011509493,0.6773510871806018,854.3846333700001,,
US19623P1012,0.0177569304288242,0.3652417463008173,-1.4645340939008262,0.1129544430741448,0.5742225941325727,0.951918105940589,0.1553142817477216,452.38535972999995,40,401010
BMG6964L2062,-0.0212442169298122,0.7655441601321213,5.993225309784931,6.757569888978778,5.8132127752804905,-4.061828344317327,-0.2926081604959722,187.34232153,40,402010
US87427V1035,0.0625670316330696,0.0919578275104231,-0.3240166186867863,-1.8753829353258944,-0.3487844045143466,0.1266561432589047,0.7707175121877398,839.6012133900001,35,351020
US2053061030,-0.0176488790414841,5.27824394992617,1.0725568218004131,3.48175642469907,4.639872536463002,-3.969504878832661,2.0682479561699214,357.92086484,,
US5835433013,0.1635965570205554,-2.511582665658005,20.504216199165626,17.482910871504387,-6.118246426423196,-32.656017053619266,-0.0566012796506509,311.88677359,45,451030
US03743Q1085,0.0720858075577488,-2.629778733566281,-0.6204441132811134,0.9580276259070332,-0.5257026559381754,-1.3613084597777472,-0.7383780944447353,13875.5080728,10,101020
US05350V1061,0.0168670186231123,4.072684180490393,-1.5345528596014664,3.417203333681358,3.7670772343141934,-2.1093133952060046,2.7518060238096163,1132.75503099,35,351010
US23331A1097,-0.0265491103180634,1.7850642188481896,-2.1864207911167286,-0.6320035558077335,1.1959390819587497,1.0473424000688314,2.484666475195729,37113.93299822,25,252010
US9621661043,-0.0025264175619815,0.2326784665619636,-0.7389836227488326,0.9187965680329802,0.8415767346933669,1.4873545779524358,0.2483670814827385,17643.24523694,60,601080
US25401T6038,0.0894159993034005,-0.3997611965624313,3.530654391300002,3.331746750317366,3.0204288920020854,2.662625430855688,-0.6311269796842143,2874.42851703,40,402030
US1710774076,-0.0910012248834114,1.6316530569367726,1.290837198066458,3.361447386117054,3.565899745953624,-1.0261211169696571,0.2055290834234572,156.54365184000002,30,303020
US31620R3030,-0.0274651098974653,1.8784321501920465,-0.8735472156071638,0.1976204357267501,1.7133596467478214,-0.648954292112683,0.2738533340486943,12535.2799425,40,403010
US1261281075,0.022582003578222,0.2532736535782872,-0.503674439131488,0.2986847654426218,0.6876896733668775,0.1898663507162818,0.3092691314567527,1009.4933348500001,40,401010
US9884981013,-0.0086763432439763,0.9547695700648986,-1.6063099491235593,-0.7300087928173753,0.8786376702810162,-0.0507528342021557,1.178145641212189,40348.767343139996,25,253010
US5582561032,0.0392702545384909,0.98862286780812,-2.706677638907784,-0.6651250711314538,-0.6252343027414085,2.3304287113812028,0.9975359809185272,3898.39473104,50,502020
US7496601060,0.0303228134130005,-1.2430542423498503,-1.4220303091785378,1.9733536909953335,-0.3009798494769975,1.9541907979539304,-0.0171248362012748,546.75779082,10,101010
US70975L1070,-0.0076376468742567,0.5363089065369309,-4.815261283562017,-1.5004551340664525,-0.8668281989435571,2.263729260783684,0.1810524078981253,12422.89668138,35,351010
US53115L1044,0.0544726521495615,0.2153099887140637,-2.7268069539637336,-3.671456003098661,-2.9285616550867197,4.070701446397514,2.6046229361919,3462.61996416,10,101010
US2600031080,0.0228665407892379,1.0353038883127892,0.277646874555831,-0.9422102175026522,1.1945293229030882,0.9208015210046612,1.4026790277672028,27513.21697119,20,201060
US5560991094,0.0833969703054637,-3.560597840526397,-0.1646676840189449,3.234931970850748,-2.0932922952190407,0.1844964664005686,0.918466200925986,247.18342907000002,35,352010
US2274831047,-0.0438794172993315,-0.9500743449909396,-2.9680506589605784,0.5241726792743537,-3.1250863959905586,0.0824895836533302,-0.0687524028007167,403.26077196,35,351020
US0304201033,0.0111848713071543,0.0307257666362471,0.0200453120891299,0.0266963453468819,1.1604521686086988,0.5858707252497533,0.4705107372290161,26961.53570304,55,551040
IE00B91XRN20,-0.008687689616077,-0.3126022922726932,1.429497224643478,0.8135905809504997,-0.8279349088809573,-2.031389836453343,1.024554328636473,367.60203755000003,35,352010
US30263Y1047,-0.0042529095987426,0.47357801489345,-0.4622625896897449,0.8334797407751117,0.7888693488400996,0.4004215604396688,0.2098211839274098,273.32732272,40,401010
US04271T1007,-0.0427278132932907,-0.8709467635604109,0.6247003688080324,3.5648810625569425,-1.2011570159637834,3.086378369699549,-1.2588845854383774,764.85829238,20,201040
US5770811025,-0.0496496363165532,1.1708305391601894,-2.652050580566144,-1.999441020173192,-1.84751948118166,1.12043428831092,-1.05991266427833,4260.33578608,25,252020
US56064Y1001,0.0170267687686727,0.4318257973451007,-0.6987372556853771,0.9947610510830966,1.5543137639741205,1.7671464079765065,1.0943477953834422,159.76780469999997,40,401010
US50181P1003,0.0123383123041317,0.8462376823663903,-0.7414700331252428,-0.2556831163779766,0.567203880362535,0.8715544880433544,0.0553990175263141,266.27158511999994,40,401010
US60649T1079,0.0373528767590041,1.5455469020831658,-2.650592221971726,-0.0966786973260922,0.7479201500765043,2.0325814312759256,2.314844541586344,299.69984592,20,202020
US4570301048,0.0015996456339481,0.3743392620918054,-2.251579157898925,-1.8865482812448235,-0.6078219015257169,-0.8069226865885195,1.0462506526619213,1642.88133363,30,301010
US1976411033,0.0124943790520454,0.6503813846815563,-1.004671306732272,-0.8667045388834764,-0.2467739418513804,-0.3120911382159463,0.4327506264727995,569.77501682,40,401010
US29670G1022,0.009585904268346,0.0856134241326573,-0.0304275861865476,-0.3684725317454512,0.5831673599466461,0.2446518950766227,0.2537879196018883,11436.82979166,55,551040
US9229671048,,,,,,,,4331.97304008,35,352020
US14888U1016,0.0074134999543806,0.5012295457694594,-0.421921517775115,0.2099311302521502,-0.8446457551493655,-0.9732755011456824,-0.2661619333417612,3613.03707,,
US9297401088,0.0422300342401444,1.5526854503881395,0.0768822053661042,-0.9749713250644222,1.5336359654201877,0.526829914723451,0.7411618706518213,49889.67790516,20,201060
JE00BJJN4441,-0.0854374219978626,-0.0787429141582238,0.6528392319644871,1.1116992616238122,-0.5900091289072731,-2.4538425977983462,-0.9771453842444624,655.5349390499999,20,202020
US0259321042,0.0050566767293199,0.4139113427637955,0.2640533259378445,0.6035273670941765,0.9132225350845962,-0.4015724420421724,0.2793564988251747,9564.42858448,40,403010
US90984P3038,0.0039174940175169,0.3632198290035076,-1.3495573676361992,0.7946838068421755,0.6374528201105597,1.712283516978936,0.272539796553082,4456.221716409999,40,401010
US31425A1097,0.0255523116300449,-0.0663796286684485,0.3942307350143607,0.6669627819072002,0.7141897294862937,-0.3809593264180931,0.2585852604912158,221.61940875000002,40,401010
US89417E1091,0.0304953397626759,1.2288243547229962,0.0606899634647651,-0.4416903945097493,1.7511070912133966,-0.7856789279804832,0.3394895000868809,76886.90823167999,40,403010
US46131B7047,-0.0121199318127637,0.8982249380863415,-0.7881870868841231,-0.2863394369439256,0.49391177017081,0.7145112418743176,0.5967030931262596,803.0155473499999,40,402040
US44980X1090,0.0037339081686026,1.997307808952279,-3.562696651176624,-4.860270020107982,-0.1390130416868218,2.922403502269063,3.834647162726536,2128.667484,45,452030
US68347P1030,0.0065848800412863,-0.3585460726672025,3.502949609363724,3.466709170464429,2.020039566889095,-3.292742529477916,-1.4662364637055034,247.65754501000004,10,101020
US29382R1077,-0.0119766413421808,-0.4974018499702577,-6.864709745110366,-2.38383169755652,-9.937015901435206,-4.391050563503472,-1.122012810186463,635.22556816,50,502010
US68571X3017,-0.0121414053949877,0.3681600018411421,-1.0877694199298258,-0.4728219622244538,-0.2714002541279098,1.6374618714537257,0.5138529330191915,1319.37958755,40,402040
US6951561090,0.0107854093345213,0.6101047684142036,-1.7348003045451703,-0.7011959627905594,0.3367620612196407,1.854239401620191,0.6092986051055019,22312.467408450004,15,151030
US1404752032,0.0090628668409884,1.817477957099572,-2.246153922453142,-1.5012584342507873,0.7409926086909894,-1.2905854269142387,1.3444447925599954,1460.8392036799999,35,351020
US1640241014,0.0236439967287317,1.1334824896412383,-0.8740604979102928,1.874184074694156,1.4504441260737098,0.6054200786765536,0.2297220146206361,355.79733694000004,40,401010
US8725401090,0.0040212474505994,0.5377097006432137,0.0443116131648519,-0.4954098312327132,0.5065559328741135,-1.058905711096049,0.3196475583798485,167860.66567980003,25,255040
US5894001008,0.002468839435745,0.849238585079293,-0.9646921633498778,0.0983265227940706,0.4386058274862023,-1.8495769507772968,0.6984166011028557,2799.2015019,40,403010
US2172041061,-0.0335485977432245,0.8858694111814391,-0.5994792391406092,-0.3062330428961649,0.1822983433100468,3.115888480987324,0.039343571039178,26730.120686500002,20,202010
US3722842081,-0.0035364329383659,0.2813358188570443,-0.1298328169027564,-0.5624123535030241,0.111169036666839,0.7694533985522536,0.7016931061502887,315.74965068,55,551010
US49271V1008,0.0049994117719128,1.4525497946941617,-0.3350816055717049,-1.5495119791996814,0.6691777255577644,0.7971528806016562,1.3395742287087675,38206.656331850005,30,302010
US6378701063,0.0112922413854411,0.6198131432923784,-2.1146828990483217,-0.0528121061108511,0.6136347779402409,0.5254747575753895,1.6700416427066596,3096.8425251399995,60,601080
US21037T1097,0.0193873898787874,1.1339369562613442,4.139837142001723,-0.7945600937904977,1.6016967514965093,-2.000633138181753,0.2751146000418392,99832.26196260001,55,551010
US28414H1032,0.0017541014356649,1.0766509469584793,-1.353421784345905,-3.0420345112108844,-1.0723495281562343,-0.6988125161216436,0.3722196980368207,11695.480518400002,35,352020
US0268747849,0.0228523481789821,0.8581781367329916,3.062360344610606,0.6887523307747738,2.3420320450798267,-0.7013331911874661,-0.1828309030072428,39956.179942439994,40,403010
US68386H1032,-0.031732498825248,1.198638544895946,2.13032095738326,3.1460671221942293,3.039711976718887,-4.065255972781646,0.4479898479340645,959.9905771499998,40,402020
US55272X6076,-0.0155112090841509,0.9137627483920292,-1.073741231984599,-0.3072013361087018,0.8727647700302135,0.5629914069698021,1.080126057829865,917.34829333,40,402040
US9174881089,0.0102502851017928,0.8303449689807159,-1.0117970453595315,-0.1082875042703092,1.096739404551187,1.170243679352617,1.4751661883390037,210.29273265,35,351010
GB00BD9G2S12,-0.0106310100473863,2.167723074743184,-2.3088629213798333,-1.7760210142898438,1.1304926937246484,1.2327321965791405,2.4651399334857524,6593.24273424,,
US9047081040,0.0438000319321889,0.4218896877730731,-1.2051866778833649,0.2909927206060003,1.208586683805792,0.4345899384112499,-0.0059258214466777,5147.30491486,20,202010
US7616241052,0.0452432690221888,-2.107027881562893,1.4344410799184346,1.9339303076930487,-0.1976978613556767,-1.8777739272899063,-0.4327147161120482,1251.93338635,10,101020
US32020R1095,-0.0141198517776035,0.7642652357697324,-1.2219600680508709,0.4671086531833441,0.7439467216708093,0.9387317125785856,0.5507280702296329,4863.6810915,40,401010
US75700L1089,-0.0088724490735159,0.2727468900176679,-1.772330619360142,0.1089265056819281,-0.0711165089034735,1.0914189735571564,0.4253343335028586,6157.9711136099995,25,253010
US25520W1071,0.0076258729947486,-2.0112255830643453,-0.4000256652671131,0.2243278334081557,-0.6096662553642,-1.38643974121853,-0.4856021220440965,,10,101020
KYG851581069,-0.0518969811299217,1.8040669894618588,-0.9804045090899484,-1.3268203750837475,0.3642097392046337,-1.1075066061205463,1.0579868611515597,2147.29380768,40,402010
US7105771072,0.0283000385639769,0.1023489722711474,-0.3714860832420528,0.2620802706656304,0.2594750178529244,0.5009207266084477,-0.0917869434506066,186.581691,40,401010
US55616P1049,0.0197532310728552,0.2217446572278205,1.1352886397104631,0.4500593134103517,-0.7775112069559091,-4.192447727713861,0.5885744294571305,6108.743890080001,25,255030
US3025201019,0.0110575126461558,0.4610964404271801,-0.2788612370972307,0.6618151551255321,0.8120958399719723,0.6668774929701408,0.3761943073556405,6779.512684349999,40,401010
US06652K1034,0.0082156444223439,0.2539627039262714,-1.2299011567724354,-0.7189135556002764,-0.5296404045725103,1.2839923803047606,0.4105933112079701,3411.42585651,40,401010
MHY2106R1100,0.0440334393460084,2.6111046745653983,-1.2063396428487294,-1.6220730925952835,2.163928683301829,1.609906938199459,0.190575022936454,1738.28014208,10,101020
US8536661056,-0.0177991850427415,0.6859856012839836,-1.696804553177146,0.043720938990958,0.0065636118334736,1.1340046879717034,0.8582349739700434,826.6709908899999,25,251010
US87043Q1085,-0.0912806411485271,1.949056344410599,-1.126198350714679,3.311964055710746,-0.5614147896802142,-1.650408570562378,1.09636805702785,730.5202244000001,25,253010
US70202L1026,-0.1035458706778149,1.2411592722400668,-5.354324211017429,-4.1742532405688495,-4.3521742740002765,2.6769404415340854,0.8257197054952201,5061.03471414,20,202020
US34959J1088,0.023838699950223,1.3398017899725014,0.7042405228068004,-0.4609926258008633,1.463812296633713,-0.2907428253756416,1.137653696795205,18530.47046619,20,201060
US5116561003,-0.0156293463225284,0.3480356340688626,-0.9905863657792152,0.8444069746709042,0.6601907040311052,0.5237604141461507,0.2578206064178237,1510.93969845,40,401010
US7549071030,-0.0268119276464314,0.3793294498456967,-1.5087774105274516,0.9558245774060028,0.6752641294269975,0.812380975305589,0.4458693727672024,6362.46414045,60,601080
US4368932004,0.0024723630824183,0.2150316006188418,-0.9074650617976244,0.2474358005471488,0.4222460928433644,0.7940591677434776,-0.140939998727091,5890.870973200001,40,401010
US5529531015,0.0064803500650445,0.3581273984718485,0.0442060831783456,0.4346620924272665,0.8061365760611914,-0.8067241639187438,0.9554298713949348,8407.9173958,25,253010
US37890B1008,-0.0396619366839419,-0.8263188469868337,-0.0182457978267313,1.1059110750302992,-4.452178794072537,-1.6942665623256967,-2.3908109399892816,2089.3098534,25,253010
US4990491049,0.0379696016607458,1.5141755215866493,0.0848484100406974,-1.424174016755474,0.0121752692460623,1.4095255860480274,0.9235108364952348,11417.87525979,20,203040
US83444M1018,-0.020895699005389,1.5901709607556251,-2.6445323129491323,-1.7918372647779106,-0.9281808336140658,-0.1059682077372187,-0.0538359112028312,12071.41693346,35,351010
US3830821043,0.050381924966468,1.2925583622354502,-0.7406003514177835,0.3819909984346685,1.946246026479992,-0.032340504973781,2.5709007164021944,1681.49283796,20,201060
US5805891091,0.0173484197573013,-0.0473864069666198,0.1039856538134048,1.4756079221618084,1.5603142990000038,1.6993402830034685,0.893755630380203,2932.6945291499997,20,201070
US00130H1059,0.002238677380552,1.889277243674352,-1.230001052498707,-3.0341653189194218,0.2275679864894699,1.3450333053169952,1.1687284966567169,10457.0988407,55,551050
US4180561072,0.0155355071448956,1.911796850186712,-1.7046909638438612,-1.9860608046795687,1.3035377721063757,1.544287249844728,0.7426044787369712,12835.540149,25,252020
US5290434084,0.0257229944914725,0.938137747939862,0.9697837337205368,0.3060569013667207,1.1789908539262632,-0.4348942415194639,-0.1273034823378515,3477.8180008,60,601025
US29460X1090,0.0148577341131206,0.2228011289596328,-0.4404026541699496,0.2534740711201808,0.2418933969867313,0.2842520933630149,0.0077063230054866,928.741658,40,401010
US7458671010,-0.0095507854333255,1.5836221065987592,-2.299353748061018,-1.2948979679990504,1.0529972119743731,1.5075064831743668,2.2095186665626616,24244.16298304,25,252010
US6247581084,0.0106902976114244,0.9974312445416004,-0.6858827918693828,-1.0198612759041348,1.3121670008973123,2.077671428407619,1.488157455682087,3923.0686323,20,201060
US2310211063,0.0058286260484958,1.692773042390038,-2.314877992974994,-0.4073785161877246,0.2486282624558917,0.3038739660515457,1.5553635331918498,86581.939934,20,201060
US74365U1079,-0.0725875598760015,1.815937871135087,-9.04654002354036,-6.762996703805371,-6.169997178431874,0.627916073301954,1.1772803820673134,169.5878385,35,352010
US3208171096,0.0013453420966169,0.3296517477031613,-1.1563139915300984,0.2805326978239708,0.5184489110931126,1.2724348295795949,0.3984883625460134,2701.2612510800004,40,401010
US22160N1090,-0.0725430782672985,-0.2166121093938805,-0.5190003521358628,1.6407870500489778,0.2203203330238244,2.851692609281146,-1.0169569415864317,12953.1604983,60,602010
US8851601018,-0.0414066393345622,0.7388948410637766,-1.931214346801664,-0.8147634596168563,-0.876469167947689,2.861548402059296,-0.0846563937199018,3925.7347748699995,25,251020
US78473E1038,0.0125854020821264,1.3105034168123653,0.8551921356990209,-1.8833479985784745,0.2480255704751577,-0.1418841543532967,1.1668737394945308,10486.999831559999,20,201060
US22002T1088,0.0005837356191882,0.6280169128103587,-2.598330908360568,-1.1552581553010015,-0.2193776090484314,0.1670366146349737,0.910653517891041,4178.47066477,60,601040
US8589271068,-0.0019191552668872,0.6192873568146681,-3.773363494729383,-1.4887811904785433,-0.7620543611295274,2.1983360690621696,0.974374710769034,1809.3921444,40,401010
IE00B56GVS15,0.0137068890944275,-0.4200260263045112,-2.773037082398908,-0.4109608459594116,-2.636860531281916,1.7680187617698704,0.967448607179461,8082.6239044,35,352010
US0427441029,0.010692381524318,0.2927573008153172,-1.5910435801979717,0.2924600485807391,0.2410232677623611,0.5842844310279932,0.7324221706318891,708.02847744,40,401010
US74275G1076,-0.0593505953519468,0.9387055884110672,-1.4519974827641071,-0.3130472277066483,-0.724430517111075,0.5761134612759373,1.0904447221139988,139.0993684,40,402010
US8631821019,-0.0042653297723298,0.5218925539847862,-0.924285828153186,0.0070814007778173,-0.1036813602697767,-0.3676030276346547,-0.1356421372368518,113.10015263999999,60,601050
US8290731053,0.0004250213220468,1.0795895510542564,-1.0812446942011071,-1.5453067948576322,0.1645672304857129,2.219171856159632,1.5356680660512851,7905.99298465,20,201020
US29280W1099,0.078381468957509,-2.587988310353963,5.411985319620733,7.628883273096978,-1.5132942590008378,0.0202005108529332,-1.7934020308812255,512.69236881,20,201040
US30225T1025,-0.0093269646225327,1.59634009714336,-1.4618478397592212,-1.251363287578843,0.649439889072826,1.1261151559300653,1.1541103272968207,30941.73903126,60,601080
US2193501051,0.0972647698185581,1.474556875425225,-0.5965111202649687,-2.1280867287711405,0.7054794188492277,2.454930217094258,5.051308174903015,129959.01765599998,45,452030
US7427181091,-0.0103252640999403,1.3362115527009468,-1.2666102912762955,-1.7197765000934608,0.5390631295076211,1.4545721867207204,1.2251282547312354,335753.87431359995,30,303010
US61174X1090,0.0037337135039136,1.3421437204398687,-2.0808832869598346,-1.8939525975089808,-0.8694673714481254,0.1570317328621738,0.717618099916756,65223.175202219994,30,302010
MHY0207T1001,0.0262385377147866,2.1306164470943485,-2.4058135093123445,-2.9698570262666086,0.7122857720748061,0.8058450667312136,1.4316260974882398,605.9088948,10,101020
US04914Y1029,0.0565180871001141,1.3567537090077946,4.932913887285855,6.215612443375505,5.252264716186317,-4.567406273064665,1.074004312777269,542.54976714,40,402020
US9570901036,0.0120142077975513,0.2149204718723519,-0.1420243831145482,0.8922161375106621,0.810393211709564,-0.0541111109358668,0.2701289003894069,1317.6859206000001,40,401010
US1156371007,-0.0108769440312782,1.2351671931069976,-2.0140441979302324,-1.7368296990391987,0.5493917800471454,1.0595770791524235,1.0884485161579367,3373.8195864800005,30,302010
US4576511079,0.0380380758716497,1.3527493973382343,-1.5969408778960632,-1.3753324229004382,0.0900170433765167,1.3149823231292623,0.2442762880997467,1208.2118784000002,10,101010
US0310011004,0.0335534936318568,-0.0477625416397474,-1.5578405772183292,-0.5660306932808226,-0.3948378165916775,1.4637034351909977,0.4523420375981619,275.62979431,40,401010
US33830T1034,0.027949218590026,0.303831007304407,-0.1216706082925842,0.1294639827788472,0.2074089996002365,0.8542538235651889,0.6037643317304663,822.88221785,40,401010
BMG7738W1064,0.0255671136373066,1.7708526360253474,-3.0578123103795334,-3.262597651376948,0.3318611035713408,0.8725751281142567,0.7620464966685887,1491.3086111999999,10,101020
US8983492047,0.0075419596139513,0.5272014503480523,-1.4930388394617524,-0.6135595399441534,-0.6910182212863212,-0.102910411063568,-0.0676132866228367,943.5876342399999,40,401010
US34965K1079,0.0233498552863281,-0.0793276276933732,-0.3320686964418384,0.4417490497513912,-3.77770336182073,-0.0001060066694589,-3.396407959295785,1649.93813294,35,352030
US09062X1037,0.0144919919837735,0.2946729073963801,-1.993777184528548,-2.669621964531137,-1.9382422511946984,-0.0271021857167758,0.7935052924727575,30830.284038840004,35,352010
US7189681007,,,,,,,,141.9424266,25,253020
US50187T1060,-0.0425663579444655,2.4472730476612745,-8.267795554499248,-3.284402407149207,-0.8767678892461288,4.349175623309841,3.627686335378224,1219.70664225,25,252010
US2933891028,0.0182329540967288,-0.1010616187485653,-1.6018683117138035,-0.4409773939436294,0.2321758884276151,1.1759412034046015,0.6099228029515931,525.9644765900001,20,202010
US3061211047,-0.006935144173056,-1.3012825077827324,2.4391631363899995,5.407313230986176,-1.317667735284248,-17.847211504777235,2.141651586107584,294.97290759,20,202020
US27616P3010,-0.0123520072128797,0.8625680209865918,-2.0030458162872677,-0.3385306697160458,-0.0284230140680799,1.3651577561080304,0.7909935254468387,1077.6788729,60,601040
US0634251021,0.0029373521290758,-0.1253192830279543,-0.2201708058353132,0.2974090663767132,-0.15873194156695,-0.723472207849535,-0.2779591434918417,411.0867313,40,401010
US15202L1070,-0.036973566547655,1.3623229087010371,-1.006581543253501,-0.4892444047629166,-0.4259876397132714,-0.6039907970989391,0.026998410266869,932.9222996,60,601060
US5324571083,-0.0030306100836683,0.9027459554490264,-2.585433206830296,-4.133788604870791,-3.679182407278396,0.0758352217130267,0.017989925026767,1108464.691662,35,352020
US5128161099,-0.0173937806128484,1.3058817694627,-2.3686993973188257,-1.9604132473828413,-0.9402050785139274,-0.2674611340303654,0.5186366549206376,15663.5111904,60,601080
US94724R1086,-0.0352046077116881,0.5812669899561937,2.687074962032153,2.3218808529192563,0.2558673328036439,-1.7190686198726386,-2.06603705551419,386.53250581,45,451030
US9078181081,0.0181415482824068,1.6750479149759243,-0.3061761254087592,-0.4105231860952653,1.6978137859970652,-0.4145153619359898,0.7461456312724356,174183.966096,20,203040
US5917741044,-0.0107769216562213,0.3158310593840227,-4.267836351687335,0.1955398185805466,-0.5129964672314182,2.711227574263022,0.9654140141454292,1012.9637063700002,40,401010
US69753M1053,0.029804651632497,0.8425894664685134,1.5147407163026545,1.1659881185320682,3.11419602555842,-0.7665292736143465,0.4912076303239983,3278.40686847,40,403010
US06417N1037,-0.0048881791739243,0.3536565886142401,-0.7521387465705556,1.030146085030108,0.8331203799413364,0.7336499953496691,0.4277345492823254,5364.209288100001,40,401010
US8636671013,-0.0128029494443782,1.2007753123560505,-1.972354036011276,-1.892320609313285,0.4230357069952606,2.2482150278928588,1.1246329363384744,122995.5953226,35,351010
US5024311095,0.0044975328520544,0.1448296444631579,-1.9116727963471003,-1.4888267410655354,-0.8213788143719329,3.0240223689201216,0.4473820469422657,54143.392591539996,20,201010
US84790A1051,0.0418457971148287,1.7851868492891332,-1.3030046620938565,-1.6660602127014652,1.8627271348227596,0.4780029661716884,1.9747070271534533,1985.8370292599998,30,303010
US5178341070,-0.0228531594916765,1.273699431760967,1.2253566758749277,-1.742270418603706,0.4127803429195388,-2.686194824375909,-0.1622204253864861,13538.677206900002,25,253010
US7838591011,0.0093984517980378,0.4244018900257272,-1.4375099147687502,-0.012015595096221,0.1838312409963659,0.3382637828079723,0.1092890021507723,1777.00311012,40,401010
US1101221083,0.042332433098066,1.1951229416693547,0.3749302213301287,-1.2773176654862275,1.5647915483194217,0.3041519669860081,-0.0785955433155018,130284.4378352,35,352020
US8962152091,0.0011019446744802,0.424900051151337,0.2463805410972562,-0.1820969218206475,0.4464343292596686,0.1641405030332153,1.0951069796418325,1127.5027139700003,15,151030
US7813863054,-0.0051375896861345,1.2277812210243533,-4.215509896854409,-2.5029881889260053,-1.6820470231511924,-2.4834016421010574,1.4213703839790657,224.1188352,25,255040
US82452J1097,-0.0715609187605005,-0.1873417319579483,-0.6050013384279879,1.88153013260016,0.3304468252869115,-2.224973189094675,-1.165215070711647,4450.627143250001,40,402010
US46266A1097,-0.0009021277512831,0.2777640197268459,-2.2252588613479123,-3.0389853806491063,-1.6702868337570604,0.1551536390998665,0.2956987030353812,702.5865017699999,35,351010
US1261171003,0.0179741609387995,0.9999404723553362,0.0910146705451926,0.5183817909750101,2.482237687564144,0.2177433085595526,0.5784523544038148,13736.480824639999,40,403010
US4538361084,0.0045305974427936,0.4264869615122088,-1.6219605332286813,0.0415805031228941,0.0753665099604803,1.3837821547183016,0.4026068787649385,4034.3188926,40,401010
US2480191012,0.0211015467362489,1.4193383705042966,-2.051200484038503,0.2751879863194642,2.4795259569476578,0.8485062791777456,0.913972825879962,1079.40465,20,202010
US56117J1007,-0.0243551110348719,0.2023781691214086,-2.7931782592760857,0.2876838289891017,-0.5827913870171427,3.121847240841821,0.1631511189464867,547.4646649,25,252020
US5663241090,-0.0075791544039111,0.4629272840646121,-0.3455926514916918,0.3948828802772911,0.6084842882444206,0.323062394866875,0.6164769792549447,1155.22569404,60,602010
US2358252052,0.0213423586668662,2.1174561999120067,-3.264580587742577,-1.9881415887735767,0.4443460416405711,2.9640393750723346,1.5421594400315797,3249.60799995,25,251010
LU1092234845,-0.0542746383802445,0.770654067711549,-3.860912219139146,2.881375986462821,1.617758756936738,2.3001923334039125,0.8721057771621791,354.35718282,15,151010
US3198351047,0.0137234835931209,0.1675459756804215,-0.2100955774514492,0.9398633690931956,0.7528781494349696,-0.5909070666972188,0.1847522648512546,308.87120544,40,401010
US3765361080,-0.0162877949558478,1.7414816211227715,-2.126695193444028,-0.9636817230505068,0.7721081311230871,2.046094884741643,1.1678088243510043,622.90090422,60,601010
US2105021008,0.0032216349920351,0.2707054620534507,1.2185790873353883,0.8303382618584262,-0.5058497008445053,-0.1408602816658362,-0.3603268731219508,84.73630632,40,402020
US88224Q1076,-0.0036076975241452,0.2623622211124383,-1.7841443934354777,0.1803875211308752,-0.2902397507440687,1.1807493550760666,0.391406267307364,4302.2096469,40,401010
US59165J1051,0.0056006685613333,0.3683198545047288,-1.3004488222730264,0.9200277781223096,0.6749866786629666,0.6374945803333227,0.6884388270628001,800.82174552,40,401010
US32043P1066,-0.0082880846946921,0.6873137233411575,-7.82127745616197,-0.7784610361774522,-0.4387588635705319,7.156357995286185,2.996456390874048,69.11568976,40,401010
US0668491006,0.0208675145974591,0.2438269189481618,-0.56085182791096,1.157322594682551,0.978731672192828,1.2060118890505198,0.2525452758313005,662.16974368,40,401010
US88146M1018,-0.0063468206712712,1.3735335323876572,-1.4791552914391175,-1.437921260495013,0.2594795231016159,-0.7300573433938556,0.4164983835941204,7291.19585815,60,601025
KYG982391099,-0.0426492010320122,2.50223168436807,-4.535162790185908,-3.201140047986847,0.2263222171470548,0.8758941540759215,1.8581187909846568,7615.745409090001,40,402030
US7134481081,-0.0075730304608322,1.209029833405597,-1.558032108225238,-2.262810217726352,0.2007445679097549,1.4943876630352708,1.0160110488486265,191806.153309,30,302010
US8163001071,0.0074879401607794,0.8723847543087052,-0.3569072081115271,0.4561513364586678,0.8170794675937787,0.3436950574390588,0.5705359193575117,5555.767981999999,40,403010
US1280302027,-0.0178566353107247,1.0917917225547855,-0.7312524874181516,-0.5938046092392841,1.6409901500624675,1.058997314527152,0.3284136481570552,3994.62428079,30,302020
US9576381092,-0.0237909577030167,1.4251545076379335,-1.3535447436346295,1.1351795680915322,1.07307902387078,1.3584483809811472,0.3861078188879822,8737.33198182,40,401010
US21874C1027,-0.0081464828879206,0.7184078665647918,0.4576408331356439,-0.0474355338434944,1.0882193075789952,2.8117782245494056,0.4694619805747488,8863.292968319998,20,201070
US4327053090,-0.0888482114660444,3.17529491863851,-15.213766648858575,-7.995167073439313,-3.2878421176489683,16.209828392703,4.74808883269438,130.50363168,35,352010
US8901101092,0.0217938696338435,0.3159048493497891,-1.496459983465276,0.7309349372212759,0.4675425910044948,0.9195807412812468,-0.0171432086135984,1342.9075058700003,40,401010
US4456581077,0.0536116707812999,1.9065919453083549,0.9179948112941418,-1.8881868808919045,0.2939633420065293,0.4206962319132667,0.7911888167160054,21085.44768344,20,203040
US57637H1032,0.0156233305698212,0.4889655754084704,-0.5051504359407454,1.3028154482813572,1.350487461245352,1.9509890677279795,1.0865957380741205,581.1709451400001,25,252020
US5018892084,-0.0048324019453612,0.9438384825049184,-0.4537557644263438,-0.5454673284112719,0.8658752164938348,3.7471446430764144,1.4455060460507003,6399.58434777,25,255010
FR0013467479,0.0267791545622209,1.83830741553114,-2.318152743678672,-0.0767103494466905,-0.0018051567399006,1.363411960808694,1.7133989593970995,3961.9522755000003,15,151040
US64115T1043,0.021208844508613,-0.7084301928218772,0.6979906385258342,0.1305104597008154,-1.740751077602181,-1.6002910194789737,-0.3963476174191256,2776.2454691000003,45,452010
US8433801060,0.0210165775602559,0.2122763249130607,-0.7053994782083071,0.6558313757925855,0.6945576463064255,0.3696629026592828,0.3203596667564786,711.46735044,40,401010
US45378A1060,-0.0140147098582826,1.0162917031093148,-0.6810451606081314,-0.428133374222871,0.4184644372771925,0.6809440369140205,0.2910136153387663,3990.05546942,60,601060
US55303J1060,-0.0264015902987954,0.2930700403350459,0.5358016653777553,2.4336960159827843,1.7117388673528346,1.7022369202604124,-0.8250762458458555,246.44788619999997,30,302010
US02665T3068,-0.0155838993879139,0.8486640010335457,-0.521363724812383,0.2303421566639496,0.3883565950249302,0.6252327254085581,0.3182002949473096,11310.969825959999,60,601060
US22948Q1013,0.0092974705647524,1.171471149850568,-0.7798358762801911,-1.5141946203203918,0.1970096729288426,-0.0551639948297452,0.7047118237277702,754.3801533999999,60,601010
US62944T1051,-0.0262354843161793,0.6555131082645214,-2.0282689034250696,-0.6342264616181489,0.2990199278516163,2.069681776383635,1.2616261333494525,15964.992823499999,25,252010
US7436061052,0.0048987519800384,0.7000798131796311,-0.1845993491924773,-0.2498978334852093,0.6865319428064603,0.2726439184864561,0.3937255454120212,8640.96573912,40,401010
US6824061039,-0.0123583193495628,1.2632905647472796,-2.250896041635518,-1.1868513119049775,0.4789286568526376,1.22482335089909,1.1370071552312004,443.7217567800001,60,601025
US5779331041,-0.0596491442167354,0.9487078697883784,-2.1192610512859744,-0.051373535287889,-0.2991512655810376,0.9870135400731056,-1.0570557991638638,2858.5254368400006,20,202020
US9043112062,-0.0133045902240589,2.5156819129685246,-5.9728423555810615,-3.7227417820834496,0.4776821966380499,2.9103641655483568,2.319621314329343,1497.0704153599997,25,252030
US83946P1075,0.0158966420904814,0.2310965642876985,-0.5923248543085315,0.8865445054804123,1.2853718578610331,0.9416103224251028,0.2924570371208689,671.4353135599999,40,401010
US36262G1013,0.0068272742063196,2.1664678192050904,0.7253273495413529,-0.7623838127449396,2.326014904725822,1.106297955451817,1.2809056425786274,5458.002417000001,20,203010
US91307C1027,0.0261140162540268,-0.2909667780982188,1.8688715502969735,1.3116297805510269,-0.100926843723392,-4.3618197317856815,0.4108680054521952,21043.858471839998,35,352010
US26942G1004,0.0307655771545987,0.5523863580871283,-0.6274130077987954,1.009779682655116,1.3157127734427814,1.9105134736428688,0.4516012048931519,172.67306208,40,401010
US1535272058,0.0033237646378458,1.023701198855016,-2.372039320870544,-1.467852109573449,0.662344934561598,0.7583380399266957,1.7007709843590315,2337.9758116,30,303010
US87357P1003,0.0104127126844772,0.6936520319725654,-5.741260444297362,-4.337144691683653,-2.562106276991869,-1.8691112023945,0.9971976522425168,,35,351010
US8641591081,0.0407164661440731,-0.9835379194317946,2.653077676293556,3.1462882077914287,1.6266029472004695,0.3130699756221253,0.4010380715560061,582.9570032,25,252020
US2441991054,0.0295053369387505,0.9980706876991888,-2.0176623595456635,-2.432512673056804,0.6005056048239279,2.5186356972140245,1.8320721061425207,163976.02140240002,20,201060
US68213N1090,-0.0088488593354934,1.189409985032096,-1.001798575607388,-0.1534304000514601,-1.371196814733473,2.846179447653883,-0.6773674522981074,1671.20749891,35,351010
BMG427061046,0.036383214146685,1.7486466239410836,-0.4109308843930689,-0.4800232789793384,2.370067860539752,-0.7708765947264564,1.2775109401350542,3194.5885280800003,40,403010
US32051X1081,-0.0020761718040637,0.1102873261886209,-0.3318915517369987,1.0762211423663155,0.3714965718736157,0.4331900172815077,0.4124430083765431,3345.4016206799997,40,401010
US1311931042,-0.0135917635533717,0.938033174366332,-7.292797270460618,-2.8191337602276514,-2.105102123837286,0.1331391578276091,2.0485700159986857,2108.3768254,25,252020
US8873891043,0.0274725943129532,1.1277366889204044,-1.5342109594800806,-1.963719288818637,-0.6354025418365807,0.540012759850939,1.109828690812235,8360.17217196,20,201060
GB00BMVP7Y09,0.0189911141760816,0.6410535188057981,-1.464444391910043,-1.8290843803887076,-1.0892863951806684,-0.1743828303993578,0.3325600117794514,30302.050352,35,352020
US18453H1068,0.0581103044908792,0.3039012490104316,2.3009430101256214,-1.1988630022356326,-0.0772583816493359,-2.615934780828084,0.1781872138309789,981.0408118800001,50,502010
US3004261034,0.0475217475940594,1.1327991618352036,0.1473030880768829,-2.3385092501940155,-0.1353009358812875,-0.1210176311159653,2.693479590055327,7185.871420199999,20,201030
US42722X1063,0.0030454690409456,0.5190123346700783,-1.814426187775596,-0.0618058602246773,0.2835603972082494,0.6491954408154915,0.6170330482290771,1195.5646789199998,40,401010
US7310681025,-0.0102169916792769,0.5615785852893684,0.1635936355572227,-0.6764630959148046,-1.6873599411652596,-0.2461674934907615,-0.0096101642261722,3703.55013154,25,252020
US4404521001,-0.0086598289646117,0.1306403809871036,-2.025986243261236,-0.9844767409771517,-0.3747011675622725,1.3951722488175484,0.7218565925929217,7132.50436328,30,302020
US0009571003,-0.0009155016292947,1.2878022529877249,-1.5473685898716545,-0.389704999847968,1.2223744984663067,2.119061988358435,0.706720875126958,2773.6154570000003,20,202010
US6802231042,0.0130031021324446,0.9465555665363428,0.8376582199387055,-0.2617538424921559,1.7515522245937911,-1.9433534637647123,0.527862946957014,9542.5348876,40,403010
US92346J1088,0.0189837540175051,1.988574373432619,-0.595548716053574,-1.4152212335692915,1.593178083612774,-0.318588431406771,1.8316134911935649,2240.07202092,35,352010
US29355X1072,0.0386117056905837,0.4833185864574318,-0.2696170214358997,0.2378877735170436,0.5376306381435159,1.3879501983009197,2.2158724644536614,7211.85764865,20,201060
US6752341080,0.005974098662667,0.4921782922469768,0.8360458128566035,0.8740886536552301,0.9255248511490592,-0.2009711793444187,0.0598722571791622,1847.85493092,40,401010
US05550J1016,0.0210554510357707,0.2139875320919108,0.7333806887245647,0.1990912518810221,1.9370636946536917,-0.1226777392680911,-0.0291459394329915,11821.373942299999,30,301010
US4433201062,-0.0036937985389562,2.021419946973053,-0.5700801525957275,0.4351423344722644,1.6983233615994522,0.227490305004903,0.2019657114553777,2418.8289354599997,20,203010
US12618T1051,0.0304698851558622,0.6375217742526472,3.5592066920380234,2.599393442038721,3.5131689186331334,-0.5578244584647035,-1.5049437213558772,1013.4662530999999,20,202020
US6359061008,0.0433852677983862,0.7586240619625556,-1.160957136309975,-0.6914223451178662,0.4565486978565072,-1.2181624581010355,0.6806593036726551,2842.2106700699997,35,351020
US31154R1095,-0.0117535922049892,1.853039241052986,-3.3001704196669626,-1.980495312799353,0.8624165276909768,3.8196915365031887,1.9210643197069304,386.03345645999997,60,601080
US3932221043,0.0434060844886265,-0.4921606550619309,-1.3598233623244962,-2.0466232425434514,-0.2588048574341366,-0.2445534479139383,0.2833495775983363,1060.77562416,10,101020
US3687361044,-0.010180687668939,1.521878420535453,-4.354801143279859,-4.38365828171254,-2.4902884309487257,4.032078919085407,3.3555971223075547,12715.760599760002,20,201040
US67103H1077,-0.030835936005748,0.4525335747495549,-2.621553068285792,-0.2976217109467989,-0.1647794969921135,0.8234805933930406,0.6243832835802023,73086.67155613,25,255040
US10922N1037,-0.0135606892422677,-0.1609258534399432,-0.9140815995568196,0.0290994732087929,-1.2589028565616645,-2.1613337117487856,-0.0478445665593214,3335.2512018600005,40,403010
US07272M1071,-0.0036770296878679,-0.1040565083401295,-0.5620480410568821,0.2789931325858885,-0.0788304372168096,0.3561327397669001,0.3937568703299953,313.91292587000004,40,401010
BMG9618E1075,0.0201810078239227,0.8570392396815976,0.2191808748511006,-1.2437985383694496,0.8088823660122288,0.1792408195225119,0.6295912090129527,4938.73185324,40,403010
US4327481010,-0.0059506485995293,0.5590448079530361,-2.202885082986011,-0.7050860535282935,-0.2834563852203521,1.334279506204984,0.5679969104318376,1589.67713646,40,401010
BE6360403164,-0.0054441167678094,1.2042012713552024,-1.917177606185751,-1.3400576562855615,0.1639505408526238,2.0556949684350063,2.111010342030619,393.66438474000006,15,151020
US2533931026,-0.0121017819511337,0.5643270676202149,1.027050832856251,1.6193570213846589,0.8709931140082725,-0.3371976397319203,1.3940369765039746,17326.98829524,25,255040
US2296631094,-0.0099992227681784,1.4689948356294034,-1.2884536786673144,-0.9268444933394856,0.7859734258801456,0.8010878619627543,1.101792661649502,9256.00866028,60,601080
US35922N1000,0.0078536443663377,1.2223800846915776,-2.178467856570695,-0.4190688870036294,0.4271577706532568,-0.1553461556575837,1.04890310114606,482.22599325,60,601070
US3715321028,-0.074953444508886,1.4807614064340662,-6.1078635747633285,-1.8692022782591549,-2.600437536200803,-2.083273897019418,0.7676475311307605,357.95723655,25,255040
US8603721015,-0.0249413864163926,2.2332228074980414,-1.147586220245555,-0.3563496400124508,1.6769509131802227,-0.7214303140895721,1.5194599626317244,2116.6001874599997,40,403010
US66661N8864,-0.0126987390524174,0.5315542733673755,-1.787641338063606,-0.3676211435547785,0.4171478241846266,0.4042735822393972,1.2742906377324354,359.53622764,40,401010
US6655313079,0.0229751485127593,-0.3902107137770102,-2.392443714076399,-0.2881753267120388,0.8854829076856443,3.166169143316623,0.1706862912744062,2413.4758848,10,101020
US64031N1081,0.003171558790402,0.6339208837761775,1.2023624249791234,1.190276524684768,1.690490766122842,-1.070124144024347,0.2671751402479906,2778.4740245000003,40,402020
US1653031088,-0.0117216466387767,1.0208708943122724,-1.80912096258818,-1.4335440815328804,-0.1042870374544474,-0.1491747457978905,0.6062454327793901,3196.8063963000004,55,551020
US66611T1088,0.0237639226934463,0.2599684523002469,-0.9571210812831288,0.568114578835548,1.073290985213966,0.646358308558344,0.506120258462672,556.1123954000001,,
US1788671071,0.009601478740068,0.8191667373505791,-0.9353564117921228,-0.3258445631821318,0.1475202075039041,0.1330491995462835,0.5049873358840549,576.09108432,40,401010
US12008R1077,-0.0517601760399891,1.3510228834963682,-2.909230917512861,-1.0504665462494414,0.4215585185685031,4.709768668809369,2.5058928184165303,7639.04282752,20,201020
US6641211007,0.0205681764364034,0.2701037689021197,-0.9498405960494292,0.1444936970470847,0.8931003451780065,1.2770260741023338,0.7804645962452949,323.8252344,40,401010
US0162301040,0.0136970086690462,0.0979942583437925,-1.260698134452058,-0.3919780501526154,-0.2381218472375853,2.4152020242194934,0.8521065508748135,205.50327026,30,302020
US29472R1086,0.0020397571448844,0.8186372440799888,-0.922674284566175,-1.4061092881333626,0.1521049746403991,0.6703839914831629,0.6349859771391785,12562.6637199,60,601060
US75970E1073,-0.0055554642887721,0.9194096381186972,-1.5002102490925404,0.3485479634535815,0.7079661525606563,0.6998536920273581,0.5961840533149787,3882.73974466,40,401010
US9113121068,0.0102022125533637,1.9161395722479704,-0.375546536167032,-2.0922163764054966,0.4078099113965017,1.327280887351589,1.0672805087818933,88929.19706677999,20,203010
US05945F1030,-0.0146924694414654,0.4384537528094036,-0.8716837020703319,1.0308682975152372,1.1476667087045505,0.6218838718105372,0.5910817714122694,2646.29625515,40,401010
US2315611010,0.013524720829274,0.624323550940021,-1.1540008837185587,-1.4502422598176254,-0.9784821668324172,0.5079353656433394,0.8684574958662978,25643.76456666,20,201010
US37637Q1058,-0.0079998628662929,0.3111736063937174,-2.0296694288191324,2.003334607648308,1.0101735172168618,1.8256985191524504,0.7149283020801225,6466.092444359999,40,401010
BMG8726T1053,0.0435293661999833,1.989218109287641,-0.8317756012859929,-3.2325425007448145,0.9734210032511688,1.0596399633984483,1.3834870201948797,675.47643614,10,101020
US1170431092,0.0191219731338486,0.7779066385437023,-0.1027882050517685,0.2539456904275452,0.3179557222070643,1.838205288612708,0.5641410981793493,5306.7192768,25,252020
US2937121059,-0.0039268744596697,0.7545502582209989,-1.3369589325058169,0.4899699639672032,0.800444304722918,0.7589584785708658,0.7111419234353704,2356.79528458,40,401010
US3429091081,0.023533488564168,1.380001601693927,-2.319445326474743,-1.1238554647085572,0.1531207207800871,3.525704917716345,1.1204138244890482,1559.1747107200001,10,101010
US31866P1021,0.0328266441082673,-0.0961609750444535,-0.1461081921811305,1.0799315791486803,1.270604384352325,0.55198477302199,0.7833626897870831,382.16658036,40,401010
US92343E1029,-0.0159965345138573,0.0409672124124303,-0.3990498872523286,2.021319160008324,0.3653684442502038,-1.7737529853957577,-1.0557873897456578,21795.40766355,45,451020
US65342T1060,-2.6410323898013597e-05,0.1218185187009912,-0.7626834100061124,0.214913727605026,-0.1501802281685562,0.3842421428554798,0.8097890293584743,100.43714241999999,40,403010
US9598021098,0.010829129559932,0.6118772184484178,0.995269471839088,-1.2762577238340007,0.0526523546056739,3.305789701972228,0.5987061021566591,2315.6628345,40,402010
US4026355028,-0.0070789226363399,-0.3788384737272895,-1.6508994797763548,-2.085163969625029,-1.3345340082772206,0.0395227044684182,-0.0304624946147467,2988.69513778,10,101020
US9311421039,0.00779259163823,0.7665149266635991,-1.4953168241165582,-0.7729227439285067,0.5263261707455953,0.7660445130476016,1.1075082400052532,500575.63528529997,30,301010
US1474481041,-0.0161347592562453,1.1944142491149772,-1.4811608946915151,-0.7488967293654032,0.1953213848430716,1.8521466875103916,0.5730590382598582,5735.370614199999,20,202010
US70509V1008,0.0324009676782635,0.7738884720398123,-0.6731157492788511,0.2117683979620737,1.1489413895503564,-1.2265048651704662,1.4602297690230746,2014.8335512200001,60,601030
US88023U1016,-0.0345956205893594,1.7012204393754553,-1.8577464050621229,-1.190513407540141,0.6865746123174711,0.8815494722706997,1.9002681139044997,12428.66059292,25,252010
US55305B1017,-0.011335589334689,1.3829290771951404,-2.846283942193611,-0.8643589795062905,0.760442314698913,1.5548456712984229,2.282679390709409,3754.4430210000005,25,252010
US80689H1023,0.029514496467321,1.473065455082308,0.3327553371526939,0.3415554050675728,1.0815523371259554,0.8248079038511793,0.1705757953229941,3106.37392032,20,203040
US7244791007,0.0203723520305251,1.5347549674432048,1.4076308244822302,4.0572863878383485,3.6957886682004353,-2.2867129092216976,1.434229233959035,2229.10857132,20,202010
US6323471002,-0.0006411737607567,-0.2951955393328777,0.2982047077982138,0.8522031323411432,0.33510319267804,0.8526797102850029,0.3194833070666638,253.46598885,25,253010
US5355551061,-0.01028007742916,0.2142574893477693,-2.468606469501088,-0.8189029492763009,0.2041571811333666,2.774011073260468,1.4481564691809028,1159.2618325600001,20,201060
US8807791038,0.0625176415231778,1.432130277701382,0.2970272629109316,0.2328230955437933,3.2429015039203124,2.752332824613001,2.5004319458663207,7536.035199,20,201060
US08160H1014,0.0207684799313432,1.1007050188500296,-2.640680595287244,-1.7829915714436635,-1.773624397696285,1.0003624692348252,1.778894180378674,2871.4487427999998,45,452030
US74276L1052,-0.040353427516162,-2.247617638179061,1.2691401953431682,2.8065706493927816,-1.6756445254806984,1.3445694970348667,-1.459905649131117,1176.45997657,35,351010
US3795772082,-0.0089441422687121,2.132768556342411,-5.537844052162392,-4.18337224610753,-1.1997228159246327,1.1180183854382866,1.752008293163864,13368.21886912,35,351010
US05875B3042,0.0270029984500266,1.7937845217485922,4.4589239087623325,-3.065409426917477,-2.1143435044865617,-2.2571238532116453,-0.3073552454450265,617.1771991400001,25,253010
US4485791028,-0.014910371781508,1.1899130457018958,-1.9838174051469484,-1.0029796493363798,-0.7390511069399479,-0.1704008818721835,1.1560604417352334,16349.52081224,25,253010
US00770K2024,0.0541771863656569,-9.344980164118644,2.149624118333268,8.605735306276264,-2.872524943880106,-4.281830512342336,-2.102774202903404,117.27630563999999,10,101020
US0545402085,0.0176132846021043,-0.4079092927422281,-0.4396417116852177,5.677657832634584,1.0922207435073403,-2.3094778686574777,2.2960008044871625,4279.08121152,45,453010
US20337X1090,-0.0242630148101318,-0.1079438784338454,-2.2532334941361825,-1.993054856406345,-4.0237230994500255,-1.5868603361651086,-0.2476714419367892,2588.4246356799995,45,452010
US6778641000,0.0180009417791223,1.0214557233451638,-3.598181118663791,-0.5685057186949891,0.7974397546185499,0.7141651690295465,2.792802659826372,1248.48628647,30,303010
US7415111092,0.020087982940984,0.5608494466992725,-2.387718234751171,-0.6196701074494477,-0.1630552403701584,-0.2560013387611936,1.415369086734119,5108.08606424,30,301010
US9107101027,0.0054211541695794,0.3546807908234938,2.4951490201787268,1.3963267083499382,2.1820733017622747,-2.262474751615355,0.6994801649437389,233.5480272,40,403010
US6011371027,0.0024439327508172,0.8390819200777841,0.4304205064651661,0.3745022472323729,1.7202026937148882,1.6549623595509724,1.3705810973165344,3904.5639378499995,60,601080
US6745991058,0.0286251151779391,-0.9421521623150132,-1.96652541176276,-0.6283438818010414,-0.2223504202294677,0.3330355668474816,-0.2414788738920512,41695.0606422,10,101020
US45782N1081,-0.0511327886709015,0.5949926806409777,-1.1956730160049636,0.9468944946618464,0.0864698559565828,0.3537734941314974,0.4574222209018562,152.86320915,25,253010
US1053682035,-0.053977193878931,2.5564020788255357,-2.1911799004091943,-0.6430261554362842,1.3041826502581233,0.063891520561359,2.3456584327503927,521.3471824000001,60,601040
US25402D1028,0.0675196559864498,-3.0705924865224388,-1.15798226966339,1.4050890467419317,-6.349659011059147,-2.4035305804770117,-1.240800932044417,10658.61212227,45,451020
US5057431042,-0.0215663953489755,0.4295181187093092,-0.5128042218759943,0.6784223743053526,0.3383440786167651,0.7695627152786242,0.3732998834786644,1148.6063383199998,40,402040
IE00BD845X29,-0.0141956677752795,2.005813383943851,-0.0444302971853279,-1.0889534165494827,1.3657456419669465,1.023663098357879,0.7277138526873411,1556.22208808,25,251010
US76119X1054,0.0157549960963688,0.7252113469699445,0.0177510906358856,-0.3972502382840494,0.9494099708370484,-1.223286237838664,0.9153638703011944,344.46806856,50,502020
US1248308785,0.0452203349016649,1.085999911936868,0.2606642644432966,0.8610519128817208,1.592711339823449,-1.1846799011882836,0.1249631651122911,1518.2969539199999,60,601070
US9043111072,-0.0104958906150837,2.56367289507148,-5.27436378657791,-3.512413497078392,0.7976470093632132,2.356683392257512,2.437538082951014,2275.72247552,25,252030
US46187W1071,-0.0175627686818314,0.7707422759145846,-0.4233935361532284,0.1127107786833573,0.1134358834918061,0.2332207732536514,0.3375058164613067,17817.94498078,60,601060
US30161Q1040,0.0063696085633356,0.5689543184997254,0.0750479109863935,-0.3226926428230966,-0.2302658764786,-2.0065589983655263,0.391979788711893,12405.4033689,35,352010
KYG8976D1079,-0.0425013820390398,1.6390368431866156,-2.726103825601829,-0.701138905260491,-4.055395926465718,2.3879838290309827,1.014690640671425,54.584724400000006,45,453010
US3927091013,-0.0165211352921142,1.381270357332331,-2.7678116945115123,-0.7686384545406844,0.7293217476882783,1.301586877160576,2.437585120072865,2881.59766596,25,252010
US1091941005,-0.005519592126104,-0.3950627686166901,2.760240673817004,3.16351179115615,2.864169391361196,-0.9714968944457066,-0.5011441852050491,3427.3352441399998,25,253020
US67109R1095,0.0120050572056332,0.2917067765462149,0.711924273791688,1.7276712171793631,1.5898970589764612,-0.0254860272615315,0.1515436906799003,183.9572442,40,401010
US4165151048,0.0015561926371236,0.7780082333353682,-0.6103820580763137,-0.3575277234592686,1.0629013041695936,-0.4313530357219095,0.318791612029897,37250.82482825,40,403010
US03770N1019,0.1580240242449733,-0.7292768251558241,3.889285487466098,-0.5878494939734424,0.9502863037580171,-4.073897530056881,1.1373433440277307,9294.609572880001,35,352010
IE00BKYC3F77,-0.0050071516424336,0.5801561388311431,-1.717222916078273,-0.6090567526332833,-1.9728732680690635,0.0176730712664288,-0.7173067784101741,1927.3981990500004,20,202010
US82620P1021,0.0116979812078345,0.8362654718451694,-1.6195600470116651,-0.4022535878393896,0.2290923477008284,1.16242351875446,0.6021778681609785,470.65436222000005,40,401010
US87724P1066,0.0088138505959227,1.3856341000333856,-1.328980159129964,-0.4173380499939301,1.9486646999185755,0.6796557375966192,1.7429574415246387,6468.78099117,25,252010
US6337071046,0.0005309483219697,0.6537109872769021,-0.915342046044186,0.955250254453903,1.06903030168992,0.577173689471148,0.8935930659414567,1895.3903500499998,40,401010
NL0009434992,0.0267419084540013,-1.7302152183587536,-2.1300316205056213,-0.7466234022692633,-0.8197724659901378,-0.4076361469198918,-0.2835630954143612,16388.67761343,15,151010
US6780261052,0.0858551140883114,1.7924835938203354,-2.9879229853442038,-4.870078560046629,1.9690220060670256,3.89319130192093,3.1314942658645,502.04329584,10,101010
US7046991078,0.0221846966143575,0.271954466441977,-2.3685338785576,0.4458404078312656,0.0780762586685541,0.9526957432509776,1.1018376104754242,738.27988052,40,401010
US85571B1052,-0.0193526654348583,0.5163805091850604,0.0119794306496382,0.9014348724815482,1.1106864172393154,0.2606961498035529,0.4994290907432377,5670.01744875,40,402040
US2505651081,0.1054270549842061,3.710206135799493,6.350720889299948,5.2240366542131405,7.436941500444266,-1.080077188135356,-0.1362698693396722,236.3165666,25,255040
US1999081045,0.0527084229199327,1.7381809430652289,-1.4311362063453572,-2.3699870436457617,-0.5313908810463588,-0.2256440026658199,2.286337402032407,61427.8606656,20,201030
US45781V1017,-0.001311464283938,0.5683183314121247,0.4836584795867371,0.6129531653254878,1.284345903812742,-0.8013252851459085,1.0830506898606829,,60,601025
US74967R1068,-0.0019684152167868,0.6478543966555177,-0.9054415446968468,-0.726884813887374,-0.7300772011655398,0.9536999986178368,0.8338524100325273,628.64926548,60,602010
US0434361046,-0.0023017640418796,0.7535285595036054,1.0224349281228473,1.0682745044263315,2.0385005638721823,-0.5468477956663399,-0.4638250713228243,3731.7514832499996,25,255040
US5150981018,0.021103523176206,0.591021656111915,-0.4255612310335916,-0.4791595468384085,-0.5839538036449072,1.5699988285841109,0.9816548224407112,6387.5272497999995,20,203040
US87256C1018,0.010420194632796,0.4913114890227713,0.118709729280639,-0.8597613287686803,-0.2146486178462288,1.8557248831676136,0.8711444841508457,31917.0344562,50,502020
CH0027352993,-0.0297404116293406,2.954129616770928,-3.6160156348440298,-1.136185280619285,0.4323793030628593,2.685952714615821,1.2146264514736096,986.34,20,201060
US03762U1051,-0.0208887599923256,0.3230011531914027,-2.118279725086041,-0.2611043266807247,-0.4695853771867428,1.43549098173761,0.736286935708333,870.1959209400002,40,402040
US1651677353,-0.0230941665111969,-0.6482715019694453,-2.677600817318246,-1.7496893026149656,-2.1434655911037765,-0.4440489355381505,-0.5893970445941066,20200.99144801,10,101020
US83001C1080,-0.0301067309714372,-0.5136318361578673,-0.6326417526653382,0.7805053849800226,-1.3283050525369513,2.4017147571526087,1.2342328701522485,1655.3237110799998,25,253010
US59001A1025,-0.0124681475251063,1.6541134627166616,-2.883351772060454,-1.6255323612537338,0.8549042194312326,2.1071016779792267,3.0815057598723947,4654.268268960001,25,252010
KYG594672027,-0.120278400198959,-0.0858426501472093,-3.683247570349177,1.0575784153942265,-9.62238027107947,-4.18828915434278,1.429629741078493,230.12666446000003,40,402030
US9488491047,-0.0206460880479367,-0.399422426047702,-2.285583235765696,0.5595934075887133,-0.5802134871073292,0.2626357346568662,0.4976334699375534,1063.90890723,30,301010
US9588921018,0.0042876518207821,0.0306086949094564,-1.3681563621847554,0.8573448741927978,0.4107085630677066,1.6263361054138694,0.8974561019876445,246.7524824,40,401010
US67018T1051,-0.0751623146414821,1.021148446572267,-1.0636033745796034,1.5145409707238793,1.671655373475771,1.6202539584451543,0.1644072504871242,226.38698975,30,303020
US74766Q1013,-0.0797731807635175,1.9642200256002256,-5.874340906927525,-5.984820634294236,-2.2776004048104963,-0.8655200224321058,3.175190126834215,105.40142010000001,35,352030
US1672391026,-0.0243502296176186,0.3655116443548787,0.3396945230750552,0.6212363040007134,0.7779601544076609,0.9206287641988056,0.7928490778904486,225.77280950000002,40,402040
US30041T1043,0.0212166430387584,1.1703710013654074,-2.9474394685423397,0.2986364500109464,-7.735363998827554,4.511130049360391,-0.0102403548776819,432.43491043999995,45,453010
US9821041012,-0.0261363812153771,3.662046073320428,-2.8756803937972686,-2.1200148698087844,-0.0728000171240463,2.7876191177453906,1.2840467425897768,1219.0244838800002,15,151040
US10949T1097,-0.0295980078005401,0.6814265176869769,-1.5914904029268542,0.3906792202008946,0.3385211427905203,0.6563099940410332,0.7238316473642993,617.71041184,40,402040
JE00BYSS4X48,-0.0017849936071019,1.5991426131526143,-0.0355526302096178,-1.4656695133002828,-1.7953422808489647,0.7684629177641613,-0.2571998066206513,1922.13235968,35,351010
US72703H1014,-0.0592814339315973,0.7913786515370778,-0.6011512685542488,0.0397683795451565,1.472641264195518,-1.9180590277376717,-0.2936707875078727,3788.7577744,25,253010
US88322Q1085,0.0516279096161721,-0.8359229386406144,1.9398474078213008,2.7230052308336816,1.4470763431141764,-3.352022750956209,1.9005411277765696,6722.370530159999,35,352010
US25960P1093,-0.0468431631618237,0.8322054332269857,-0.1487240195030497,1.7529900469112265,0.7989848088426601,-0.7011700159120867,0.2664473552745673,1869.3420883200001,60,601040
BMG6891L1054,-0.0364602577014314,3.2462206629559995,-8.708306416598807,-6.007258708828026,-2.440529981643057,2.55083709187134,0.866753059390325,220.23864288000001,20,203030
US18539C2044,-0.0257315740985734,0.2067648781898587,-3.63883538704486,-3.3179548147554123,-3.167928669266512,1.2286442688756014,0.881356650833153,4054.4200146,55,551050
US71742Q1067,0.0562450517588919,1.938624827175091,1.1167216151806707,-2.1998311671579223,4.549398923328809,-1.0508190640367627,2.3242780915120558,1386.90182124,35,352020
US6752321025,0.0653825163434865,0.9651989463411508,-3.127791916941764,-1.5360838298585926,0.6643129883674206,2.1811941827338024,0.5145868839380694,4772.72221075,10,101010
US25746U1097,-0.0112461207323869,0.4531474831085463,-1.6494863352290958,-1.1903409130757252,-0.8261828656367451,-0.2105093221742432,0.4953594287123435,60410.52298962,55,551030
US0921131092,-0.0123728587902833,0.8446090054694719,-2.771895461754914,-1.8349046177808608,-1.1547389256030387,0.6104296200559847,1.0156315538221157,5637.18991596,55,551030
US87240R1077,0.0017074285689958,0.5823530251672612,-0.9308423409869306,-0.4029633547986843,-0.102713340600188,-0.6229742339078643,0.1276603137119529,4921.156925740001,40,401010
US7201902068,-0.0224144769414837,1.8257326804426943,-1.398870732415693,1.0988965362199463,1.0802020919139632,-0.6757784803218458,0.8491037192737931,1170.78761082,60,601040
US5288723027,0.036244016992908,-1.0934955110980629,-0.1560621939494358,-1.113449496066927,-2.5774507345995503,-3.941047819930787,1.4338394150459584,1019.540772,35,352020
US7433151039,-0.0108545586801837,0.3264492839943871,-0.6989085831757295,0.3539681336322426,1.2347801959099676,-0.2102755138128861,1.088857793540725,121483.71886950001,40,403010
US1251411013,0.0469761778271154,-1.2988963401009788,-1.4198301044305768,1.3893874763421326,-1.73434086296331,3.748714447771018,1.010978990846786,3807.14151156,20,201060
US37247D1063,0.0246784678994897,0.6726319809283913,1.6847098740396884,1.7344794653837998,2.198651182055406,-0.8796761790480083,0.2606193061934391,3755.71809658,40,403010
US1940145022,0.0064061371125338,2.4587512261458104,3.368667665062389,-0.6878387214406833,3.327701894440208,-3.818692063799904,-0.3381093318569403,1485.18723158,35,351010
US3500601097,-0.0033077484129311,0.5501171098821172,-1.1573453867934111,-0.151555704524426,-1.509247117045193,-0.4310955699804929,0.6115597092472952,384.38642998000006,20,201060
US36317J2096,-0.0597882496573774,0.6597593171078262,-0.942951634092934,2.6275348005793133,-2.484126337689513,0.0154687285776025,1.4573953327826497,8280.424373769998,40,402030
US1255231003,-0.0216936602130646,1.1289104786477,-2.259741712405788,-0.836099039145606,0.4068797563617992,0.6873346372661937,0.7705663041402524,73470.99659375001,35,351020
US0375981091,0.0055076963336882,1.185550751196864,-0.5541404165497044,1.1983824383431685,2.1232582330578644,1.7449429045158735,2.556940041638028,870.9825339900001,20,201020
US69349H1077,-0.0070273518768972,0.2360525999992924,-0.2676338698037591,-0.2330557988415996,-0.101494803186321,-0.1669244475904878,-0.1111554073865392,5844.47706336,55,551010
US60871R2094,-0.010944755573572,0.9534355184918176,-1.762413369020393,-1.6084830614248091,0.4461026979158249,2.2249955019107985,0.5833656403385663,7022.452482919999,30,302010
BMG359472021,0.0129332458632572,-0.1645034628303751,-0.537488678162826,0.092049373019506,0.3479536662558152,0.1571642068226324,0.076237142954996,951.2245833,10,101020
US3647601083,-0.0226928750208741,1.3101076592569414,-3.009430718144741,-2.5004364931537304,-0.4139157029236711,1.4227108463817268,0.7042696875772536,4518.90878392,25,255040
US16208T1025,0.0272839138435019,0.1924449832848206,-1.6256409772588538,-0.0924985057564424,-0.4287854461393601,-0.1754483017675746,0.9549796211672256,568.2814523100001,60,601030
US6680743050,-0.0129984424750031,0.9601156167988076,-2.8882008071906293,-1.9174469813080992,-1.089261132962975,0.6161668259703729,1.1402048666339255,4387.431113070001,55,551030
US82455M1099,0.0444155306399717,4.120798389280607,-0.5000582182187978,6.1387426578512745,8.225478536929117,0.3703450100490371,3.9764365268211135,38.436310080000005,20,201030
US7739031091,-0.0134427894334281,1.3017358534064385,-1.7005796365867598,-1.1885742719184975,-0.9808154224852468,-0.2528924432210657,0.3182324046009792,49787.85418802,20,201040
US20825C1045,0.0436711852359626,-0.7587982079684389,-0.9350412948244547,0.3878159915491687,0.7668010478450408,1.286229495692374,-0.4198128178496507,152157.6113595,10,101020
US7141671039,0.0489988558164443,1.207602637946296,4.226399794317144,-0.0218196140634844,2.4591330667387368,2.196695328813984,0.19520840793014,204.34250036,20,201060
US6353092066,-0.0409445104625136,1.506796650388436,1.093595918014954,1.1561789071751123,2.73389960654156,-4.34997313629191,1.1755567838666945,254.18899200000004,50,502010
US8448951025,0.0104223914159952,0.5118014623906131,-0.7397845018085557,-0.7991751800043101,0.3807674339870094,0.5373450707391101,0.8309423187186985,6674.092331519999,55,551020
US2540671011,-0.0278217002765707,0.7894047001556983,-0.9396408612774818,-0.3355175533037194,-0.4255168513217157,-2.104664874059517,0.2553802722970842,5776.4331116799995,25,255030
US1717793095,0.1255938709442845,0.203639942038881,2.924415274525669,-0.4174563556510908,-1.2891707008318032,-3.833347646723096,1.850623780913749,60088.69658978999,45,452010
US92846Q1076,-0.0346743666246663,1.168215727405974,-4.911382658154658,-4.459138866591775,-5.681410661905167,-0.9917315679222424,0.245466104066598,3270.1981576499998,30,302010
US5021751020,-0.0030853261255153,0.9456214245709808,-1.84186710028653,-1.4631244270131465,0.1939387667395581,0.6007470724281427,0.7818048431797241,2123.2571140799996,60,601050
US2963151046,0.0385600299055294,0.8777752155138463,-1.0361213663857871,-1.209362178729811,1.1938259904903945,0.0724913806843885,2.654489128664677,7810.8547539,20,201060
US29430C1027,0.0403966841054667,1.672665391403515,-1.7288927888878314,-2.9639517876371766,-1.879048788943208,-3.0730809734914293,1.0801770545233225,1749.9025322100001,20,202010
IE000S9YS762,0.0032710292738644,0.439682639124375,-1.2830320594797264,-0.0783196120304035,0.9173142521709228,1.459061534416893,1.3926264437868223,222090.8808685,15,151010
US8270481091,0.0049617280467133,1.2913943324548065,-2.187607855610024,-1.7287520246368064,1.1021447112100662,3.655353302542758,2.285353934611331,3694.87272299,15,151030
US2772761019,0.003785272703804,0.9972576259470648,-0.3759644388809925,-0.9945799338835128,0.2990183020411999,-0.4666614440998555,0.6368596908538526,10814.953382919997,60,601025
US2922181043,0.0097485752753832,-0.0810760557130383,-0.5392498597734914,1.2521482382201718,0.7948598590418245,0.3340200156393812,0.2612135803538618,859.89227214,40,403010
US5764852050,0.0249274535626888,-1.3291928224878342,-1.7428183364721168,0.8448047845066636,0.6660519453267855,0.6333699236924615,0.5609555535430762,6231.5048649,10,101020
US1264081035,0.0387280983513988,1.3788996540783989,0.7859258431691523,-0.3433182882769157,1.5390702866903494,-0.4636346715253041,0.8251179134417413,92626.78114959,20,203040
US42330P1075,0.0394776753076297,0.079834644276096,-3.255235401286773,-1.7011101830518445,-0.4335226100037149,2.681237855988852,0.8897334813387723,1436.3873496,10,101010
US7240782091,-0.0175661199369965,0.5810173422929199,0.2588201310725601,2.853251804841798,1.583163086076252,-0.6614797729025759,-0.0599983339330307,5243.14661529,40,402030
US3359251036,0.0288963036593869,-0.7821679394758356,0.2062625597554201,-0.1901547610864914,-0.8160841922651773,-1.796013419253101,-0.1166628004146456,258.8696071,40,401010
US86614G1013,0.0554863687539434,-0.222711882365691,-1.2558590836347008,-0.2588395370580932,0.7815998401581704,2.339546879836168,0.2601931652249731,593.87428566,10,101020
US5260571048,-0.0646514652210715,1.6629773368278082,-3.799382151682577,-3.444915048350201,-1.2811256365049255,2.131563393229038,1.868097105345736,20482.606837,25,252010
US2527843013,0.0111783466100729,1.241115100183385,-1.783930667537875,-1.276865635267161,0.3766182154079953,-0.9306225550788302,0.7621899713766779,2495.9729842399997,60,601030
US87484T1088,0.037828884901943,-1.910540076983041,-1.7746610426282476,0.382631327384338,-1.2936902467231317,-1.3647638276303042,-1.0453251393986294,1745.39609155,10,101020
US03027X1000,-0.0294076636855522,1.243462203865103,-1.592756927364971,-1.2647368124134024,-0.0834758826998232,1.001969833244393,0.5474662019069156,81564.06883645,60,601080
US60855R1005,0.0203598082945405,0.8279174366288407,-0.5817868042905954,4.151664895445775,2.7354893224526817,2.3779496391058546,1.9068651825464815,10946.4038502,35,351020
US90187B8046,0.0014681616764508,-1.0494979196892391,-0.9831362728629472,0.8042172295004426,-1.469445379459351,0.4014251805749212,-0.7021917880508565,1254.38711376,40,402040
US6525262035,-0.0299722864743018,1.5938061720293195,-3.1962963311480705,0.7094935463462821,0.455844364171788,1.100623784550413,0.6956541847156376,349.3802004,40,402010
US5260573028,-0.0623002734510881,1.6274682884738327,-3.5923114106581053,-3.254840876065129,-1.209034475600962,1.9191413357190887,1.9265167947886104,6281.545382,25,252010
US9814751064,0.0227604632337096,0.7539150927268223,-0.4127760274690775,1.0193784153530765,1.0704779839842575,0.3439787217685726,-0.2825308441492798,1778.06200872,10,101020
US7365088472,-0.0041401953649185,0.3982282343734553,-2.392333484190569,-2.4387260116030136,-1.2826280282917062,0.775738470694367,1.0461947034688506,5935.706492380001,55,551010
US9224171002,0.0334880217017458,-0.4741649407748651,0.0709644015149455,4.508948752149779,0.244250082041312,-2.629441275451137,2.661949881374009,3123.22556484,45,453010
US9152711001,0.0167592775734908,0.410115900358183,-0.3480878556145512,0.8054039373779149,0.7992174303098617,-0.6719253297074503,0.5414679801886887,1172.90436129,40,401010
US2689481065,0.0081724587972503,0.2638239112416819,-4.996598101938655,0.3330750779895766,-0.5927508802046622,3.3954497359322677,0.9129152896855998,848.2261207,40,401010
US6795801009,0.0392531162425612,1.559843620881904,0.2056578685085222,-0.1451224647366278,1.944589423870416,1.423467240924139,1.1180802015911415,38262.6751231,20,203040
US6667621097,0.0203930882535282,0.3880719457791298,1.2726819722285758,0.9585836958276296,1.2882513194876632,-0.6072351775836489,0.3100477349536403,589.34332697,40,401010
US6558441084,0.0100170514250813,1.5264299197685762,0.0004407781613769,-0.0225797833500656,1.6855564484131964,-0.547008267920599,0.6776806763181347,75063.26906078,20,203040
US2036071064,-0.0040393023881533,0.5545081371344426,-1.2081959936783773,0.5709413535770524,0.3876452949015182,1.114302278038695,0.5837938367530555,3426.6777467999996,40,401010
US4781601046,0.0302228410207948,0.2099795353217687,-1.9890237558836388,-2.208529072418719,-0.5905195402269918,1.281598944415006,0.8590304929950519,627047.7512103001,35,352020
US11135E2037,0.0062469895572065,0.7739023524410814,-0.6490862491653375,-0.26959062220275,0.6149608282834031,0.6324782663754304,0.6796110298081464,4335.26299318,60,601010
US4579852082,-0.0276717724036384,1.068740401579751,-2.2084675684931625,-1.5967066220582888,-2.9941870095042926,0.7255941852423369,0.3354589214690253,1222.4789418,35,351010
US75955J4022,0.0575681250071931,-1.5333765805044277,-3.325432408750739,-2.9929011734887734,-5.510400350480642,-12.4995942238855,1.5215797783423393,471.98259609999997,35,352020
US68280L1017,-0.0467486036158598,2.2840084821346283,-2.638811701004996,0.4324307770390641,1.0180654199040793,3.0273902822035303,1.2285320710760073,136.74025175999998,25,255040
US12653C1080,0.0073117644211717,0.5560251110681209,-1.9852515110655455,-2.290856012326094,-0.4236970429886027,-0.1682291425216562,0.5262732268665076,5055.46576008,10,101020
NL0010556684,0.0231927731394384,0.8272995806843115,-2.227059590994942,-2.2113663872570277,0.4374762209870552,1.5937650142065891,0.8982172688548103,1739.2633791699998,,
US03784Y2000,0.0035526269479619,0.8885822552909854,-0.6641854885331984,0.220329396952561,0.6972678897604827,-0.5189306374395344,0.9749959679347218,3513.5527743,60,601030
US26884U1097,-0.0161229916084962,2.040603762275976,-2.8145701495096374,-1.140452441712029,0.6995959989170781,0.6986300575819815,1.3090288342275878,4592.6398372700005,60,601080
US05605H1005,0.0114854662599426,0.0865790276905106,0.2243188964056944,-0.11400285551004,-0.1113957084638224,1.4480483322340592,1.4559022281303378,15803.2299162,20,201010
BMG3398L1182,0.0181037715569578,0.4579401184049194,0.3907154777720981,0.6333886219577773,0.82361594441975,-1.4838228245125211,0.4439315783937192,1039.2679235199998,40,403010
US03209R1032,-0.0332042592113275,0.3028346819389608,-0.9551942837223368,1.8046881213232888,0.951682504186962,1.3622836864267571,0.416590940789493,685.48250808,35,352020
US3614481030,0.0140681971246704,1.302440328970739,-0.089589698828833,1.7706909317183523,2.9125535518368664,0.7297798292843767,1.2700131845985538,6306.49852272,20,201070
US7837541041,-0.0001866698484594,1.9691479953617352,-1.0015295983382737,0.7453268714899277,0.7716346463312813,1.7664473611940934,0.0962220311871662,1245.4559907,15,151040
US82982L1035,-0.0278269966507496,1.0392516041351854,-2.709220336591086,-0.8916532374382283,0.9884288234896746,3.00964477813034,2.420751876294561,4236.250900460001,20,201070
US8832031012,0.0091012513353709,0.7714883097441722,-0.1173622588360393,-1.012669309824557,0.2134924503450405,0.9467375673526406,0.6808824647579061,15218.78511384,20,201010
US7181721090,-0.0104674563249998,1.093356843194364,-3.403427706035852,-1.622144130500638,-0.5024013179911846,1.9739133929241903,0.3447913867295799,296246.4628968,30,302030
US1005571070,0.0184833702770227,0.2607369887040582,0.0995840835003436,0.7013531591742108,2.5846100731350994,1.5718893667505207,1.4990756199664432,1716.84471787,30,302010
BMG7496G1033,0.0429125206219716,0.508642346265223,0.9266494908434638,0.4441323780003103,1.9729834493400011,0.1381631163228031,0.9102078200281828,13168.758604679999,40,403010
CA05156V1022,0.0028557181656828,0.0212789905851008,-0.3103657102066182,0.6711291137644438,-0.1104946539309074,-1.834926212793516,0.995388291705824,1890.8387703,35,352010
US65158N1028,-0.0088772141079952,0.0060697497281541,0.7056425804651696,2.9574824213897672,1.6912781366191032,0.2363800658854075,0.1017129573710613,2327.02486016,60,602010
VGG1890L1076,-0.055840927694654,1.508530117421417,-1.4628511731097982,-0.5000875729215588,-0.0008022395540832,-1.0528566926209106,1.3340892574433447,1698.94012554,25,252030
IL0011754137,-0.0378506073377641,0.7406103511727582,0.5097598024726822,2.342303953612757,-1.0731396362381065,-4.7794913078024965,-1.471171064306677,662.2681359600001,50,502030
CH0044328745,0.0260838528531368,0.7495280084258744,0.0739622788068823,-0.5413941605420628,1.3020407429783465,-0.1700275512720297,0.7115290613548501,122784.65217280002,40,403010
US43283X1054,-0.0299022133605135,1.4514488959151337,-1.324156414298752,0.0640658437346384,-0.0128336254241805,0.8211235041434665,1.2393609335007227,2264.24002568,25,253010
US49427F1084,-0.0383693177559019,0.4489785940083469,0.418534197152029,1.1791840102747535,-0.1410355809877711,-2.469071390414376,-0.1321028496517762,4180.7792728,60,601040
US70931T1034,-0.0252844269563413,0.8946970685747849,-0.3023591907254795,-0.3333674757478797,0.9819863481162808,-0.1221198925195968,1.4007317921277336,816.1341909199999,40,402040
US8666741041,-0.0096205308672192,0.9989494739699172,-0.8625292155010023,-1.0974986151355317,0.4465452919944404,0.3349729122866889,0.6275291748722657,14836.75805472,60,601060
US59064R1095,0.0239716491303319,2.480067092405145,-0.6765826697079753,-2.808906763054085,0.5398634258702681,-0.0459931633818788,1.5032935321621892,559.29737094,35,352030
US87266M1071,-0.0373196009353608,0.9531877911241114,-1.7556706774306925,-0.667317290645379,-0.4297718344937526,0.8741750018946365,0.5230116931351028,512.988467,40,402040
US0240131047,-0.0141161503241402,0.9462724346327348,-0.4658539174658247,-0.0758842152042146,0.2521742222838343,-1.0789481108328671,1.096861873814851,1376.86049103,60,601010
MHY2001C1012,0.0067726099103516,2.512028058514442,-3.647025314579356,-3.6481392015598697,-0.347901492614029,-1.38910901328018,1.3598650057382518,157.24330369999998,20,203030
US04208T1088,-0.0374843613538612,1.44609937569042,-1.854491705106156,-0.0265369068653336,-0.378095463101764,1.1387420991340906,0.2858744756301026,499.18641420000006,60,601010
US30040W1080,0.0177929723075662,0.6831767799616144,0.6596042670393301,-0.9917462825336196,0.486363842824473,0.6152999746042225,0.9364723667068986,27202.3490445,55,551010
US75524B1044,0.0258005648426316,1.0405393400557184,-1.3195639951291631,-1.987787727760053,0.0929491533340929,1.2403190080980722,2.043627469743063,17450.72163112,20,201060
US92345Y1064,-0.036965431198049,0.788782512513782,-1.2137352426338082,-0.3987582122827698,0.6462475564980507,0.514912869307554,-0.1199111120301159,23589.06927104,20,202020
BMG3223R1088,0.0203054438392507,0.6563402792395707,0.9280138206561872,1.581101282138368,2.3811644949167388,-0.092170285326919,0.3388523781052546,13991.33382584,40,403010
US1461031064,0.0371731004162389,-0.8322415253898214,-1.236674616241004,1.8753555000923925,0.2641779860371211,-0.4706148145454526,0.2422686693188444,708.1321723200001,40,401010
US7607591002,-0.0044754226152338,0.3842141480318086,-1.197293903095802,-0.76748328967244,0.5463851578328954,1.0764450755341968,0.8711969654191041,65600.91604626,20,202010
US6361801011,0.0070852647952244,-0.2027922194357719,-0.90665053771177,0.2218058856200263,1.1703599890141518,0.0018694149370837,0.5204354018151085,7689.5424840000005,55,551020
US48666K1097,-0.0065374495053338,1.4985522994239973,-1.4290259151869158,-1.7739036908788284,1.22082912117909,1.204300267841716,2.6853099442513866,3313.46256802,25,252010
US3765491010,-0.0352561946515526,1.810057273433984,-5.425047367404948,-4.147857431429273,-1.5050288371304787,4.282065465368372,1.6256558830845536,333.35955541999994,60,601080
US02553E1064,0.0330178397752081,2.117182948986703,1.4252749801794944,0.6977706669349009,2.728536001867353,-1.5345019916297116,1.0474646884881451,2521.41450048,25,255040
US05508R1068,-0.0041053498038737,0.8751724687442402,-1.1958842247457315,-1.1893165111512545,1.8258933010655285,0.1376309031145564,2.3670336525130864,283.53804868000003,30,302020
US0625401098,0.0140592447100628,0.4474307513136804,-0.7108422082109281,0.1042712648545242,0.6600593991137934,1.277098428908073,0.6146513162179326,3097.21868287,40,401010
US1985161066,-0.0221526178199949,1.3853766996981534,-1.7314198916525656,-1.4426419870790672,-0.2235235848202306,0.1321701613030259,1.0688522595148289,1387.25765185,25,252030
US29275Y1029,0.0123964558715677,0.2105008941863395,-3.12308452443253,-0.2890546924136337,-2.4823814485613824,1.3734882176407397,0.8392341209581345,7221.245710979999,20,201040
US1844991018,0.0096896694141573,-1.4248506329426922,3.002385802693148,1.7530988432244443,1.129945075439459,-0.9396615157781788,-0.5236678548028861,313.60367262000005,10,101020
US26701L1008,-0.0179890543996716,1.508180158654391,1.555718683201873,1.0537464770500689,2.6194074735200337,-2.34657329547392,1.2518353802039075,8863.944389999999,25,253010
US46990A1025,0.009836993127456,1.4533762105470618,-1.170711511869582,-0.0515719442769526,3.7734734278062128,1.0208521208330514,1.7397558955469408,153.41954683999998,40,403010
JE00BTDN8H13,-0.0608874506076532,0.4143562324184987,-0.565357199165564,0.1370789998757754,-1.207812302497414,-1.5945154805245525,-0.043696213025958,10238.344275299998,25,251010
US64111Q1040,0.0060437011517755,0.3527298127902023,5.668640850860628,2.35759221180363,1.4048680657802644,-3.6542898255470337,-0.8056344881669883,619.81478559,45,452010
US6047491013,0.0041444871249014,-0.5019459431619568,-4.472205383563527,-0.5185239286340417,-1.9633780437847992,3.61481562102723,1.2672508092513668,5881.462904020001,35,352010
KYG8807B1068,-0.033577767312171,1.6871869817118277,-4.721478681335239,-3.30195526944236,-1.85139074162583,-0.0425563672661588,1.0598872988124266,838.9497372999999,35,352020
US7561091049,-0.0005550112028562,1.0588833572447354,-1.3250442751686875,-1.1036162295088632,0.6266632158731545,0.8462451311441639,1.0145309636379762,59303.544112100004,60,601070
US2227955026,-0.0136606715846703,0.8958613312415318,0.019936976577875,1.6110092379956222,1.1586062023957395,-0.8391562185615291,0.0727380623959027,4848.16262016,60,601040
US07831C1036,-0.0332257055835222,0.8783413007150196,2.5109918153553785,4.108698642916725,6.381145890530771,-0.840256969365294,0.8004493032276389,1233.7776297,30,303020
US5719032022,-0.0027672484119187,1.4635159839772571,-1.573176756904001,-0.89785905375535,0.3396614445189425,-0.9991298121097604,0.8949213554298208,76632.37794212,25,253010
US30161N1019,-0.0018443292169761,0.2786809190819844,-1.0463552263267617,-1.9162809393638875,-0.5416466032752573,0.1815006524518289,0.9390434781231698,47274.863434299994,55,551010
US5705351048,-0.000515150843891,0.7403772735354321,0.5793904047204987,-0.4088052482801716,0.8941858176744807,-0.125131482190568,0.3703904800052841,22425.48013475,40,403010
US78646V1070,-0.0073690829106465,2.187411917169868,-0.7825640992646905,-0.4699591875805603,2.449349607496324,0.3640412878974239,2.036761191239425,835.3650839,60,601080
US57142B2034,-0.0264615589352003,0.2037352522783606,1.2122167923675709,2.511394394196031,2.328359159473348,-1.720029837559536,-0.3257074066573299,1464.73730625,40,402010
US5012421013,0.044782481748217,1.464887851979699,-4.5306939513674935,-1.2639885825394033,-0.9336762339053184,2.1070442060498324,3.939207384251215,5004.51523473,45,453010
US5502411037,-0.0126089246261808,0.5528915597105424,1.8302885528564188,-2.0001229457065177,-5.778361569871549,-0.96178558445333,-0.6030790709730248,6370.317493840001,50,501010
US29670E1073,-0.0118729954086251,1.3960387068465463,-1.623526712534424,-2.2743112848888423,0.1768250009256174,0.4922093015469612,0.9168470821206772,6672.295587830001,60,601010
US29476L1070,-0.0121093516563542,0.60452890085157,-0.7850039057587945,0.0445041932712013,0.2788815608084523,0.2524456088381856,0.4522926276297027,24599.170680450003,60,601060
US6247561029,0.0060241888076489,1.3980947446269196,-1.163145292836908,1.331097776696102,0.9193924787477318,0.7487840525923146,0.2325371458418622,14212.80930405,20,201060
US3874321074,0.003468816551628,-0.7441276518544,-0.7242838646062764,0.8253153557040827,0.4582746351195025,0.5565002914947346,0.0577351018472086,580.56708528,10,101020
US88162F1057,0.0261745204450204,-1.1287602217583266,-2.098589838598433,0.9886394446027678,-3.259049954881199,2.623308307528905,0.5272051107748488,1189.72457072,10,101010
US8070661058,0.0268806411312174,-1.0010657210732383,-2.295288374830328,0.0640345165576923,-1.2798158941625148,1.0597097520743302,1.2333762643402404,649.8647324,50,502010
US84470P1093,0.0011513897944127,0.30532854979057,-0.7927337471245031,0.5157937921925435,0.4959133101859924,1.163084711020245,0.6165932901316207,931.9414922999999,40,401010
US63888U1088,-0.0362641395358482,0.1654213173620366,-0.8335587988017026,0.98029216204362,0.5206700797567341,-0.3598731467669764,0.6744105280334153,356.472965,30,301010
IE0003LFZ4U7,-0.0196379966627398,1.0600323638464102,-2.4618467199807834,-1.313918957600709,0.3883578205628146,1.0079316357905437,0.5614233831588001,865.3670785999999,30,302020
US5404241086,0.007579972710409,0.7704815163664294,-0.4239355065088711,-0.3427346035980528,0.9229603349392046,-0.708554178234347,0.7379930258055576,18725.3596517,40,403010
US1667641005,0.0315307254120316,-0.6998712250818748,-1.4448274530052667,-0.7491308026698833,-0.3802216677323299,1.5390526152623474,-0.6204837357208275,368043.0654922,10,101020
US92343V1044,0.0027243581532353,0.1052772947269599,-2.46904155326054,-1.7643474206605885,-0.6901768684961344,1.7637292639770965,0.5577239032283512,201317.2498682,50,501010
US3742971092,0.0043715339117643,0.8730346737962753,-1.6641814079192638,-1.5749875622792011,0.2369636982985315,0.6095491044490349,1.0520952344462793,1899.28138208,60,601070
US66765N1054,0.0161003445845174,0.4080105829589177,-0.5887910129085845,-1.3348958851056827,0.2880944863413714,-0.4041578139312877,1.2346494192651245,2121.61636176,55,551020
US16411R2085,0.0414156175625903,-1.571550852026651,-0.996900843958766,0.4235457027013649,0.8238258183073959,0.4125835437775804,0.4364034563706956,55407.7554407,10,101020
US8010561020,-0.0120663738369647,2.6490480531701146,-0.8762277974399777,-1.7388184334269328,-2.474263972405496,-1.2232435216758164,1.3261989307239297,10918.617456599997,45,452030
US92337R1014,0.0942356182011966,-1.4499184326514678,5.067992237421574,4.362089423906278,2.404290035697648,-1.1982366678239864,-0.0456982732147774,2132.46436544,35,352010
US1491231015,0.044651276764576,0.8087215511107764,-0.720660501102274,-1.7814259417255716,-1.067059264020087,0.6247190697121814,2.2425981790784046,392829.8208723,20,201060
US3379321074,-0.0003275301733976,0.3569298902212648,-1.355847802924213,-1.4025708969279531,-0.1116680433325919,0.0710919644497738,0.9065503638203758,26024.399551439998,55,551010
US82312B1061,0.0126332742353385,-0.346006922786443,0.2264488408965722,0.999099821665954,0.5884615375560773,1.5246358744617126,1.7659893414459238,668.70528703,50,501010
US05603J1088,-0.0024226658466206,0.517812875738677,-3.234320131690722,-2.197285713298047,-0.937924104510597,2.1458220030489947,0.8992337525576914,562.30710048,10,101020
US88076W1036,-0.0425723180238714,1.5710842644975345,-4.249179408192862,-3.623634425569685,-3.1679309812410965,-1.9136425350224209,0.3416340373478879,2543.3594169599996,45,451030
CA50043K4063,0.058433795341513,-3.857396367600403,2.970862090944668,6.390568501803792,1.7044788871132994,-2.363946408311334,-1.812366327301118,202.91102346,10,101020
US69331C1080,0.0262879283073169,1.0591819938707316,0.069416114759303,-2.7754817601698654,0.5558216047755833,0.5212066453589366,1.2093711029840486,37878.35559386,55,551010
US87305R1095,0.0434651752860883,1.712814527532665,-4.556860688885729,-0.6720222785027068,-2.710396255458416,3.001857680331936,3.962053077674657,14420.8257984,45,452030
US98423J1016,-0.0102263693092341,0.9734488283006264,1.8323043462032849,0.8705835142511416,0.2884949084371715,-2.759854029401299,0.6193916468487561,319.58618608000006,45,451030
US60471A1016,-0.0345281942038712,0.5782925564359325,0.3412160040043628,-0.8784363213588253,-1.5281096560897414,1.0687569615783103,0.9294889671260144,3782.0599281899995,45,452030
US0534841012,-0.0213765092071324,0.7396737555848247,-0.852073024255435,0.2135508532506511,0.2832990530440631,0.0134463948318329,0.4017184675069604,26186.19402378,60,601060
US3848021040,0.0229231580292058,0.8517600633533595,-0.0553879574593554,-0.238483699430961,0.8247308748579956,0.6035452448343314,0.5262514371677104,58489.70272008001,20,201070
US74340E1038,-0.0666552045430415,-0.1299456498357309,-4.893179379531942,-0.5082218997848837,-4.16292779452048,-3.009800565823224,-1.79807605800483,1702.66353408,35,351020
US9256521090,-0.0267856844207125,1.2457334823786577,-0.6116628334954549,-0.622438190155451,0.7935227765492513,0.7664878038160112,0.8329493441787047,28941.1580208,60,601080
US6914973093,-0.0563167422764615,2.8122550473304133,-2.656239091074496,-0.5832971857039853,0.9338210120587156,-0.4877216030264177,0.92673718034791,510.15078239999997,25,252030
BMG9460G1015,0.0666840343373822,1.3059283714737764,-2.573889080729716,-7.051541301050712,-0.9957074971672266,1.0801673152850717,2.451603082050364,5280.57752082,10,101010
US0773472016,0.0742595042317688,1.8335601644505808,0.2746482514284993,0.2139053120641845,1.930719461538727,2.3049637804621907,2.425410779955285,3085.79817722,45,452030
US92552R4065,0.012930210682591,-0.0082911592786985,0.1645988217479543,1.568988374922894,0.7238466744528507,-0.9553758346363476,1.2009828723438647,971.8100411300001,25,253010
US0427351004,0.0183838506490489,2.258301576941424,-1.989329449966985,0.1815066846675186,1.2157836101043245,0.7836999792222643,1.5807964241192314,10823.979823249998,45,452030
US10482B1017,-0.0315839946122445,2.525071781163419,0.4822982081773843,-0.8903081780383539,1.6191808754792798,-1.253589903041174,-0.6997758069698266,120.02347133999999,60,601030
US31813A1097,-0.02066458293486,0.0595151451427,0.4832239426709954,1.2314004337753677,1.1188456593893603,0.4310612422585518,0.955319637860862,132.16375872,40,401010
US76525P1003,0.0057788091664858,0.27991376341119,-0.0368815768377933,1.4552436892358658,1.2583033082311612,0.1633417714101935,0.6087524571198741,228.8618404,40,401010
US68235P1084,0.0032101915242542,0.6826481920252485,-0.8431571159737026,-1.0526975688030331,0.5879046383677642,0.2392515078191713,1.1995615358432814,5025.323387400001,55,551020
US94106L1098,0.0015155034369014,0.8646662633806137,-1.182113662350892,-0.6702914910470821,1.244740471907197,0.5424168829098641,0.9433978500084346,89506.568076,20,202010
US2971781057,-0.0078363480897869,0.4632755553387588,-0.5092728231080024,0.0519494733478813,0.0710654974126019,-0.123594367327307,0.5120530337310238,18267.399029879998,60,601060
US94845U1051,-0.0772275664082945,0.6564278625810945,1.8182082126100167,2.610872270064464,-0.2718758826973653,-2.9208165898070315,1.0918949143247014,145.19327120999998,50,502030
VGG7606H1082,0.0276903757578446,0.9549602254473496,3.5286561879888243,-3.905085028009331,-6.632996013031365,1.6052580712327338,-1.8784119234478107,62.98499802,45,451030
US2057683029,-0.0257699064095167,-2.651703523295561,-4.804655160799804,-1.172310734974467,-3.660451535738947,-0.5502199981252098,-0.275223923453632,,10,101020
US86333M1080,-0.0452446273426164,0.5872287487817193,-5.182770691944857,3.030400546134804,2.2584993297676945,4.636446913818201,1.6985509278366546,3361.0479443699996,25,253020
US59522J1034,-0.0167110998368295,0.6085963036670816,-1.0548403177406722,-0.1958139944713877,0.2557175224054496,0.7619625140073318,0.6736425749986354,15383.816087760002,60,601060
US96145W1036,-0.0257092432944351,1.4904023480509017,-4.090188283153215,0.3558425226149491,-2.3537852660213536,1.6501444227751538,1.2983760899455534,314.97856,30,302020
US81617J3014,0.0901771359128345,-1.1437547775959087,1.470330813170753,1.5817537571296332,-0.0381820886231671,0.0925687441558187,0.9139453106659026,2599.50542727,10,101010
US80007P8692,0.0001339201529476,0.4200823457249814,-3.555748832016999,-3.4352721394202907,-1.5717827470570018,1.5250093821007575,0.241834105415202,509.73278895,10,101020
US29444U7000,0.0428858838187659,0.9561112736823076,0.8116222600292113,-0.3130802256816665,1.442099392100478,1.1073073182838178,1.6418706058612689,108386.811962,60,601080
US20343A1016,0.0550198472406515,-0.0218754816037344,-1.511182442453187,1.4010360898958094,1.0131560125168568,1.6884359881450397,0.8109138050851192,207.89180335,40,401010
US30233Q1085,0.0400303615447253,-0.6225736724704781,-1.881123490865983,-1.0272426318629335,-0.429527646370047,1.7513898539768045,-0.4661901899474699,657531.2691438,10,101020
US69351T1060,-0.0013206193853271,0.5090763254796102,-0.8098071086362438,-0.8164024211590395,0.510531627110637,0.6343532739854862,1.1683125785777029,27070.03890234,55,551010
US2091151041,0.0049437730975618,0.0342371502998563,-1.4689131136137608,-0.875316898898013,-0.1430660477745396,0.8937571502777281,0.7993049030843552,40155.83910864,55,551030
US00810F1066,-0.0231378902558266,1.7310334495228754,-0.0102619192273722,0.5810198313501462,2.259113632436807,1.846347351345976,1.106322245516079,201.99564016000002,20,201010
US0394831020,-0.0032750937176875,-0.2817307001375754,-3.01171643905323,-1.7186905165086916,-2.312701718267569,1.559072206801697,-0.1561358720804608,38511.06490992,30,302020
CH0048265513,0.0381812067771275,0.4783054988663182,-4.450611810595564,-6.237151393840956,-3.3271529645846205,1.8001678571410968,0.886037250649394,5362.06503885,10,101010
US02083X1037,-0.0034549825311947,1.572106061121294,-3.230835698247183,-2.822876788413887,-0.2912553557881515,0.4664339691999164,1.634080659212917,305.05999784,60,601010
US1508701034,0.0202173065535094,-0.9247077570787186,-0.4972980562668663,1.0466245043518372,1.395138742561567,-0.1510607820435866,1.065932145466952,4991.31098085,15,151010
US4562371066,-0.0018347627491551,1.3623533984491445,-0.7534772791719779,0.9841107650274172,0.3814375283406899,-1.159056392694611,1.17934886265614,475.52440048000005,60,601025
US32054K1034,0.0088973231151955,1.2451951427268837,0.0156434399229321,-1.320937204117071,0.5598519566628792,-0.4942190644673162,0.5100450840243459,8049.03264602,60,601025
US65339F1012,0.0004076708303313,0.643961705009921,-1.743185512613323,-1.7009137980969118,-0.3771681797722505,0.1663478634056988,1.0845096342958735,179605.9350496,55,551010
US9024941034,-0.0165953735928417,0.453629795154349,-3.247749846085187,-1.2285303878879326,-0.6294711420471051,1.6148737182347297,0.4181214708799542,19941.49657734,30,302020
US7033431039,-0.021418198754166,0.2744068752527595,-3.0516648808102977,-2.2778700794044053,-1.0255882114969088,4.10401651165824,1.0147272917213432,2643.778727,25,251010
US37954A3032,-0.014312727934438,0.973276136599486,-1.9614464354663583,-0.2472757056780932,0.406580433719663,1.546288288085857,0.7902641985751606,462.3542616,60,601050
US88080T1043,-0.0202860430626244,1.5337314926263688,-2.903706170233158,-5.070432129361423,-5.26857747158129,-2.161822854437004,3.2060394894507587,6310.46588139,45,451030
US8754651060,0.0124311299457625,1.1651020005225128,0.2235943178227027,-0.4682213927133828,1.647033964635828,-0.8230924715235161,1.216970528203003,4308.37216383,60,601070
CA11276H1064,-0.0140875607233673,2.2679123532579424,-0.605615700127935,-2.361363257870517,0.1189985437896939,0.5076362563480161,0.1242104092642914,4973.78784826,55,551020
US4511071064,0.0046917807723299,0.3295810982495514,-1.012980158002165,-0.7438966729828935,0.1793431809278907,0.2073256475648396,1.331292010491542,8211.4497141,55,551010
US74340W1036,0.0050445911778358,1.4392611693596342,-0.2625966597199617,-1.47980242798005,0.2806430318765742,-0.4551323474272898,0.52331839535806,133663.899201,60,601025
US22160K1051,-0.0029767297392594,0.6606163065462007,-1.3713377832336833,-1.1358909763593212,0.2566858738042611,0.97737617439387,0.8264235173893131,425226.3913676,30,301010
US1727551004,-0.0139188824868723,0.7491792721364441,0.3270428001149563,0.756503840424571,0.3656820883771149,-1.4416567787122692,1.2531273476620446,6031.06746162,45,453010
US62955J1034,0.0322460905797703,0.8748766097054175,-2.24472392708862,-2.2183658071579053,-0.5612441136509716,2.353385815437401,0.5250174959987052,7477.17712595,10,101010
US35086T1097,-0.012420628437718,0.97793821910864,-1.3811454545908266,-0.695231630109081,0.5080159849740212,0.765118672066198,0.7640308224217829,2728.04824152,60,601080
US4569411030,0.024721727642448,-1.103326105869466,-2.133743885771163,0.16857212677352,0.6863987258498967,2.381876066630752,-0.0560162285171114,888.2918549999999,10,101020
US4884011002,-0.023909455147875,0.6182461519971296,1.7766845245599678,3.470398556153917,3.796234460937388,0.2880872253920898,0.0270410786011799,1539.4119916700001,40,403010
US0010551028,0.0033768170120319,0.788143932744573,-0.1928517132313915,0.2462230199574971,1.023879541823312,-0.7769633947853491,0.3716828761853791,54517.292135519994,40,403010
US09077V1008,0.111192312755452,0.5429799262676243,-5.172757934319227,-5.37617079990724,-3.15849560230592,8.573427855525873,4.727727297268021,,35,352020
US50066V3050,0.1501213753290129,2.067270665298524,-0.7711617338175376,-8.329547462682445,-0.1222338752582705,-0.7162950693942857,3.944237023043518,50.46316871,50,501020
US69047Q1022,0.0354518768764726,-0.8046431993646026,-2.64639329263158,-0.876063924318253,-0.4117009275602546,-0.2701677369482022,-0.1338904570819921,17352.45003506,10,101020
US95040Q1040,0.0081436572223986,1.0238997424660723,-1.6865402624395318,-1.980983803708837,-0.2240621292455225,-0.898438629066896,1.0566089326327777,169673.92183939996,60,601050
BMG0450A1053,0.0076407711583406,0.7861115599358467,-0.7396934956943632,-0.3671707632420624,1.202071456360645,0.1590399551443104,0.6573190365924338,32631.617039680004,40,403010
US00206R1023,-0.0125935489431792,-0.0943347570014297,-2.2706421781198456,-1.1423487854606873,-0.3397512198825758,1.767508265342154,0.1628744181336502,170390.1903182,50,501010
US8288061091,0.002039256797699,1.2910064796586986,-1.0217394316449722,-0.4424854598840444,0.8879476725380226,-0.3017342443573747,1.0308076823474135,70370.83236953,60,601070
US0537741052,0.0014972198919316,-2.442643589219453,3.6902480506776087,8.841788672443446,2.7333549891976103,-5.88218100787257,0.3843063212783755,4701.7639466,20,203040
US9132591077,0.0121750623576747,0.1556540095479847,-0.6253509719539475,-0.6432284143404592,0.1624638089574902,0.3862799317532933,0.5720103903480331,974.51410079,55,551030
US03674X1063,0.0078669270665427,-1.767653294683706,-2.6260533027256265,-0.3873072741632853,-1.5926973061554612,-0.3590349638612253,-0.2480289288940138,10731.808114049998,10,101020
US0012285013,-0.0277374658510812,0.7011399134843844,-1.2759366296758323,0.4864657365792,0.3470514000047444,0.0372134863794157,0.9289870739874236,199.72549501,40,402040
US6267551025,0.0447855631103926,-1.5107627759528128,0.7696935800492147,3.641120430042234,1.3954830503189588,-2.6919050938033258,-0.9871066487627198,9482.82261075,25,255040
US9255501051,0.101120402356092,0.7005294601083003,-1.8977400110771927,-2.1848434263801035,-1.9540966765315733,1.674155202204849,2.862010656784012,10574.83959444,45,452010
US88830R1014,-0.0515422519819312,3.070450150149494,-4.432433208386311,-3.147063245616939,-0.3994068788340821,1.3709545213461696,3.102476812647926,383.58310642,20,201070
US1331311027,-0.0141851554988766,0.6891834031211257,-1.3744619990209588,-0.3683962692248301,0.0735816144502969,0.8435527280511026,0.6165651191037795,10934.4130496,60,601060
US23128Q1013,0.0106208877829519,1.1549409595788471,-1.267006506149748,-1.675930410068399,0.1234567588693787,0.0581916549469225,1.4566250781089027,3178.94088875,60,601070
US0084921008,-0.0020448879093437,1.0039794833579263,-0.5258321311757872,-1.546991838953315,0.5292566276315619,-0.3357062397934519,0.9033143214563456,9130.908829189999,60,601070
US30034W1062,0.0026534469523303,0.2884358604782409,-1.2565246605418088,-1.6091128314060898,-0.7093119592594951,0.421101599013497,1.0450514538924427,19341.79761904,55,551010
US2605571031,0.0397734126520988,-1.374619267207435,-1.178859925343134,-0.0272366193283561,-0.075398368611017,0.4399849557137357,0.1302522763731245,22402.575264090003,15,151010
US6031581068,2.8194953909927226e-05,0.1321648828839479,-1.525371168470531,-0.2748140864823802,-0.0356971085968571,0.5909536925212758,0.6765824995052658,2245.9680356400004,15,151010
US8523123052,-0.0432861199641755,2.09952529101419,0.9641794936651836,1.32547163150219,0.478044418801665,-2.8303979192754216,1.5159048736547545,1306.89666702,35,351010
US76200L3096,-0.0714391962978203,-0.2420042551234056,-8.104798005359765,-4.490633645832659,-5.276874099201553,-1.1675532606987666,3.5579279875207868,399.74980648,35,352010
US91359E1055,-0.012379502739873,1.0285908168270532,-1.4629580307423524,-1.7065929965164257,0.0518601061866659,-0.1012090061880031,0.7827720288093609,527.6621448,60,601050
US23204X1037,0.0142390575367891,1.8151728841744157,-2.2272155037523707,-0.1852925736224731,0.6724468420704097,-0.1915837619351534,2.9883597216074747,608.9907066700001,20,201070
US52466B1035,-0.0516930483817459,2.0758219779224727,2.6651652868766877,2.804278675735061,3.248062163522119,-3.5856162754033307,-1.965409199329645,649.5883739,20,202020
US0094961002,-0.0540816112671165,-8.534434788803877,-1.765059902012287,2.248070486992754,-15.45733952858761,-5.700994406590083,-5.335869565085664,53.27912508,35,351020
US03937C1053,0.0660805754815934,2.0035432888683444,0.773756351350027,0.8053452382085584,2.309197316999918,1.668800088753592,1.3639363572118504,3140.38403244,20,203040
US92276F1003,0.0181442894374478,0.8102711107401923,-0.2423945718067326,-1.676289249903199,0.0890845010301902,-0.9373229804439868,0.4403067859295134,46683.863690030004,60,601050
US1033041013,-0.0071616066559054,0.2000814456862525,-0.5524559889726723,0.7510670808812412,0.6838200739277457,0.000741658261661,0.5693037900080216,4294.202399999999,25,253010
US2536512021,0.0144622558578291,1.263396757524318,-0.4746153916805145,-1.0931672160776027,1.096391303483392,0.2174928776091014,1.85460912424682,2437.7221655799995,45,452020
US03071H1005,-0.0541993709697049,-1.0692730451672048,-1.3804796929763044,0.5089068383142576,-1.2112603550086416,0.3002117253166043,0.2999756657731836,504.04343172,40,403010
US1699051066,-0.0100279464938183,1.230009694986749,-0.8345855725539569,1.6083060831322162,2.6208309703679524,0.5290363285255064,1.1884038671303916,2718.3395988,25,253010
US4778391049,-0.034668352607244,1.4603724978478914,-1.9650048507211,-0.8075995121675428,0.3827412970386917,0.2546630809843635,0.4026433413595353,6188.6699465500005,20,201060
US00972D1054,-0.0264001272549439,0.1786202375490561,5.741293932904088,5.715698857809331,6.954167407725379,-4.035250459653744,-0.1257314050390396,225.96762126000004,35,352010
US29977A1051,-0.0285647635895701,1.0709601733334808,-0.7364023892411827,2.564975831906033,1.2588855774787615,-0.5844184302005355,0.4329202973374359,12852.670315980002,40,402030
US02215L2097,0.0411268220820625,-0.4776856761838166,-0.7924873262888905,0.944036955079708,1.213349137781767,1.8888371227134304,0.9377493894745204,6291.4791338,10,101020
US7502361014,0.0094538220095448,0.770368694757215,1.2856760870510946,1.1802323707099776,2.073051339702664,-1.9029887821194984,0.4998394496995432,4874.1812658,40,402010
US58933Y1055,0.02942568148569,0.4729970759374083,-2.548059506658849,-3.5033231761733896,-1.5193628009157634,1.0440741832138487,0.4838558745190682,334742.45296719996,35,352020
GB00BMXNWH07,0.0325173086130506,0.8693025502132757,-3.939368034921957,-3.380011052655463,-0.6289219541539018,1.987992619542604,1.067775206483672,5652.72528376,10,101010
US6374171063,-0.0072558279553945,0.8871969608708523,-1.6512806251038905,-1.2156669147905566,0.1799830174139246,0.3714660334708046,1.0278831627523122,8749.5570168,60,601070
US4972661064,0.0253065529895978,0.9594194756507882,-0.9213038261765149,-2.2110174304486065,-0.2756858324854476,0.5815557058482884,0.9827619481708378,7265.963839680001,20,203030
US71424F1057,0.0320233766088118,-0.2639136324501225,-3.4713857039430147,-1.3735374519640977,-0.1731439643833712,0.5490819891905727,0.3007141226965112,17782.9087968,10,101020
US92852X1037,-0.054257691354231,0.3008309581620454,-2.743610546585878,-0.6933563909320923,-0.7269168786326585,2.5014793532707977,0.0635969974551715,523.8503345899999,10,101020
US21036P1084,-0.0050948627617515,0.5539874623045627,-2.544070466083052,-1.0832497784280883,0.4068273355865611,3.712977934365005,1.3102331505911446,20189.99396324,30,302010
US78573L1061,-0.0071744662381083,1.0284715597346863,-1.248804596796584,-1.2638940845519822,0.4446966374470016,-0.7244177367509612,0.319639493113969,5126.086545,60,601050
US8425871071,0.0007042256003296,0.1089113232934075,-0.37707711115253,-0.8646939673331937,0.0783920565768571,0.0685392468352188,0.8378304661945002,106621.5457968,55,551010
US7234841010,0.0058291858112249,0.2162304686677028,-1.2520327308695507,-1.0122984088161924,-0.0905188670655315,0.7213468509393798,1.1630824805121158,12258.95806933,55,551010
US53946R1068,-0.118057325599861,2.329882234597069,-1.884179082358041,-1.098870929452978,-0.8661300907635954,-1.9492504573408616,2.328637638857812,363.06272226999994,40,402010
US26441C2044,-0.0009882837704038,0.1238204056936227,-0.776446836518568,-1.0950203732146748,-0.0779778616938659,0.1999005094224065,0.8156241992094634,96477.72808823,55,551010
AN8068571086,0.0256895485247163,0.63510382706477,-3.2718126372934515,-1.347414954463525,-0.4769376749607772,3.536905969553041,0.2998437721006363,79610.06623521,10,101010
US75321W1036,-0.0282458148379671,1.0476811665759285,0.1010012833541968,-0.7844425766814913,-3.619621914134731,1.3291650339694006,0.3208642784978381,436.34246927,15,151030
US3029411093,0.0113314792433302,0.2962996893286969,1.6308673206214916,1.9140049456904649,2.396561891620146,-0.6155205021795315,-0.1823383500845397,4123.76006178,20,202020
US5165441032,0.0499523856500984,0.4013973059531674,0.7227126894027043,-0.567111079027194,-0.2357135574773414,0.0540785001322147,0.7837222974261657,6419.26396496,35,351010
US9814191048,0.0017833424446378,0.3339068629704116,-1.0620623174166626,1.5809921698919396,1.1540449075862953,-1.7152017630501402,2.1796753897250154,830.33153465,40,402020
US76169C1009,-0.0318873690628704,1.3733384283898251,-0.9125087235452516,-0.3805061806955232,0.2169657842791956,-0.0751774214502281,-0.2973361975301259,8070.756903419999,60,601025
US69404D1081,-0.0481318931970949,1.990825979736774,-2.8861336495803744,-6.986877836378058,-5.702445377347796,0.185201851367986,1.2718285907811746,324.25983012,35,352030
BMG7997W1029,0.0376327259746127,0.7236255577115575,-1.345437660672666,-1.2877671660260466,0.1522855616417758,1.8778918115963863,-0.1953365033925298,2876.99067738,10,101010
US91324P1021,0.0085392405955325,1.7655339717287275,2.8519063212113207,2.658341820411184,2.415855712848823,-3.4041446140092315,1.0843426555179605,359632.6105101,35,351020
GG00BMG42V42,0.0306491185903418,0.8485695260012482,3.844034735414388,3.6291954691726063,3.986015298429925,-3.933126479582835,0.7887334336130343,2102.27390652,25,253010
US74276R1023,-0.0052551204275502,1.4757445966319551,0.65569576615829,0.5338617834188925,2.084429211198079,-1.061548531369017,1.7781528910229287,2620.36089945,35,351020
US05990K1060,-0.00194153758756,0.5749795034157882,-0.8929931222953855,0.2498603137361741,-0.1112116014998372,0.9259348497913232,0.4590918774593935,2778.7724903999997,40,401010
US92556V1061,0.033429412235085,1.8231744147833373,-0.3111407187316206,-1.6219215904646824,0.8055236666312653,0.4281706722711151,0.3143480679029091,18545.969847779998,35,352020
US64125C1099,-0.027799777859518,-0.2439717091773692,-0.8316688920221492,-0.8368832084659156,-2.2874240989088954,-1.984150602943529,-0.4042093313130287,15193.06206726,35,352010
US71844V2016,0.0009486100973532,0.9220389753584964,-0.8254961071826195,-0.7654943129818925,0.5304139831474659,-0.3445877856012035,0.8087347647663822,5183.828020800001,60,601070
US9507551086,0.0095236915985587,1.4589643357997104,-1.6661993508385526,-0.4900779414840879,-0.450762097453885,3.276970041192929,0.8136302617701087,2231.14117317,20,203040
US84857L1017,0.0056823105136663,0.4160901884991028,-0.3103042474173678,-1.377972358123695,-0.020847797990816,0.0139014365296354,0.7103564760608168,4780.206873,55,551020
US16934Q8024,-0.0242425417091799,1.0250425392380933,-0.2397415602584914,-0.2817399071155806,0.881587988612534,-0.5286342251148224,1.206659212517117,966.0032052,40,402040
NL0010545661,0.0027240255500652,0.7522682240813929,-1.9113118317276077,-2.131770282681053,0.1831540852815711,3.364014500776652,1.5811642515360078,9310.717004400001,20,201060
US2538681030,0.0147105423760453,0.7681861189950929,-0.1042919391652729,0.3817746367822923,1.1040378021260575,0.7497261641188652,1.0699037017180704,,60,601080
US56600D1072,0.0099534483880856,1.786392428089045,-2.3670137295176428,-2.4052232520618144,-2.336465230163687,-3.333441386690553,1.0817451946268917,1239.34934466,35,352030
US6677461013,0.0480661651885967,-0.2995588918008242,-0.4007092285428117,-1.3605292342734656,-2.342835502442929,-0.5156013419584708,1.36244496851319,1083.81527414,20,201030
US00182C1036,-0.0237101038457851,-0.1272474550255716,0.3652039978508714,1.4895180321748511,0.3480892974618469,-0.3537267586140844,0.3305464515321532,1464.8591952199997,35,352020
US14174T1079,-0.0154714455692841,0.9544491865875404,-1.6949259226471078,-1.9085822989273808,-0.7230481388495417,-0.7432901514678456,0.4482496588150171,9111.188758319999,60,601050
US4869171078,-0.0144400966445141,0.0332949086353191,4.071838378682127,0.8876322028767807,-8.241462976058243,-12.654201815884168,1.1436831955708329,2064.518756,45,451030
US9026531049,-0.0212500014748681,0.7284248215649325,-2.1604426287542884,-0.8393812347094111,-0.2636162666159904,1.0897340689211197,0.7206335338445902,12130.6196148,60,601060
US6819361006,-0.0081779741040197,1.1550794758053495,-1.0361587189880666,-1.6306790558108937,0.2508897031892269,-1.1770932850114877,0.5797469667150772,14070.568644300001,60,601050
PAP169941328,-0.0034158178385364,0.5097762882953607,-1.856244830732129,0.4649639431301169,0.5934856565711466,-0.1718370681658563,1.4482287094103707,2054.36,40,402010
US64119V3033,0.0008313643801832,1.4025362793435874,-0.9931081236643924,-1.4205154840208254,0.6097022835030215,0.3501378261569505,1.1614407712637425,2090.09087155,60,601070
US98389B1008,-0.008786235205397,0.4994989356491368,-1.057326663270249,-1.667835456061482,-0.7713027230862276,-0.1889492321185007,1.0641832763121233,49358.8151908,55,551010
US0495601058,0.0049254190727963,0.5505891528885766,-0.0965021313745284,-1.072181020304095,0.7461769436564203,-0.5578996028517894,1.035834478542597,28560.55274376,55,551020
US77664L2079,-0.0644055229649799,1.80107310102048,1.2090665085661634,3.152660519133124,2.682294576684243,-2.42297259067171,0.6974080337070776,746.83646723,40,403010
US42250P1030,-0.0202643605892399,0.1373095684470293,-2.6042056880938147,-1.5820656865702234,-1.8738752401342664,-0.1560395538447813,0.5480842827459281,14293.8310986,60,601050
MHY621321089,-0.005793164545157,1.8527162678932096,-2.227582029219965,-2.5632697239830264,-0.3007398471967035,-0.4504160812772912,0.4433099880768446,576.1493035199999,10,101020
US00287Y1091,0.0098433512574915,0.1154486204102231,-0.4371519587559866,-1.0882485640331283,-0.5460528278558278,0.1377471848687977,0.3756907194129875,440340.19239,35,352010
US73757R1023,0.0083571087828182,1.638835774999813,-2.7212660205200656,-1.0683023336068362,0.4013009449642797,1.3817907212530365,1.950096315333281,654.26761096,60,601040
US98311A1051,-0.0007321252186594,0.4717316395561566,0.412783085508268,0.6712821830873655,1.900346864819407,0.034978895185423,1.7342292045511734,5342.5004776,25,253010
US6517185046,0.0217209353416668,-0.3764385411315024,-1.7377236050530884,-1.061790860251529,-1.3397765978153124,2.5853743534478597,1.6693948923031043,1099.4428442399999,20,201070
US5010441013,-0.0145948747360256,-0.2548985880985692,-0.904247004573558,-1.097409215743656,-0.2249154826601936,-0.4477376548121456,0.2618062835575557,31777.59638472,30,301010
US20451N1019,-0.0328105459326994,0.7513667291459639,-5.633275337064897,-1.6542223700281529,-2.815098216009553,1.4861272863534436,0.6946121874640313,911.6053724799999,15,151040
US0533321024,-0.0403893539520014,1.3452021007518893,-3.033164780911082,-0.9132239093530216,0.9734120153580692,1.2056342254382892,1.720054043533631,49184.45045696,25,255040
US98978V1035,-0.0190172375109133,1.5631773237481688,1.4477461731499195,-0.0221380921618445,3.677226936461876,1.020320625147025,1.105532124185677,30423.89531998,35,352020
US8269171067,-0.0761483857436981,0.3277102010755089,-0.0060966036594287,0.3755117318673143,-0.4081669173296149,1.7061177420343836,0.4897656007032509,122.32634940000001,35,352020
US8043951016,-0.003066348858574,0.5703994872161193,-1.200904077970407,-0.3521240174593449,0.5436247793707105,0.9513797672386608,1.327977794606844,431.73236736,60,601070
US69007J3041,-0.0041039869086851,2.0623959512389893,-3.811950979525773,-2.7475405973430505,-0.5337531859406588,-1.2028431976221774,1.6643918155599522,4409.093363360001,60,601080
US3024913036,-0.1019328824180207,-0.5857535604907589,-4.984634383367659,2.346150963702444,0.843224319373834,3.1110673550308565,0.7629680986442167,1259.60419475,15,151010
US3032501047,-0.0662539278564872,1.419058305051183,-0.5884819452207708,-3.048755030465177,-2.823397173909316,-0.8247411353518561,-0.6156453902627618,22843.32614393,45,451030
US9111631035,0.0216960432609339,-0.9813943136435888,-0.3835180666812163,-0.5128773532482735,-2.149271816919854,-2.452622684732715,-0.1250651166485926,2867.1227819,30,301010
US56146T1034,0.0956093256319861,-0.2977349952505344,-0.0558688013789532,-0.0403051272145238,1.3341139078458195,0.367326067646573,2.183762710136915,719.9566329600001,30,302020
US5730751089,0.0066270971762997,0.7519169294529991,-1.5057752575252827,-0.3053000607500393,-0.2924729531442751,1.7830185802291183,1.261464015579885,878.2639707899999,20,203040
US00766T1007,-0.0293537141368757,0.4831096652009714,2.0715313502881085,-0.1070268443647539,1.6167163065022296,-0.3329981133844613,0.4377703582073208,8081.9071718000005,20,201030
US04956D1072,0.0296621740848822,1.3352847358414168,-1.2958102858737763,-1.0249160457014606,2.357940293391656,1.3019749171849242,2.094438695656628,4154.43418302,20,201060
CH1300646267,0.0066104152770732,-0.0600850790628056,-4.027919293369321,-3.248377838623406,-2.701165365173828,3.097586584327491,0.6956906370550533,21603.2966121,30,302020
US9840171030,0.0096693775702904,0.4738623948518942,-1.5024740393709926,0.643093649197267,0.7310025952805812,-0.9014987969071372,0.9556367531533588,1749.1424017900001,60,601030
US4590441030,-0.0021666808846669,-0.0223549376657045,-0.1480842498999385,1.1061934880926836,0.6208244996959454,-0.1934202151646083,0.2763703461182598,3931.03889068,40,401010
US3825501014,-0.0547443410343453,1.941693445468251,-4.551173381394841,-1.0986680680453165,0.7220006869131238,1.0073779793553388,0.9902511402557136,1590.9378404999998,25,251010
US12541W2098,-0.0158119754816726,0.9563844835279482,-2.726442058946449,-1.770995897503497,-1.5909353610095756,2.3520661006361414,1.389944816749137,17208.511231599998,20,203010
US1720621010,0.0040167572570244,0.5441874017056727,-0.4866539488645841,-0.1018820683621881,0.7584307443982694,-0.5934010240213403,1.0684604012958905,26115.73512085,40,403010
US2921041065,-0.0739523963304914,1.144689576487433,-1.4495572180332204,-0.1129489617469727,-0.6767358312272761,0.1302528235162821,0.3122163435444776,821.7467674000001,60,601040
US72147K1088,-0.0216985064781215,0.7823945229301771,-1.89583332071659,-1.3614133556696502,0.8575321598856163,3.676764638201937,0.7439064161060924,1158.76357816,30,302020
US9807451037,0.0384783643634936,0.7993084685554787,-1.558925471952629,-2.4723324968565947,0.3024988980777361,0.9157582937605282,2.624195766344349,21830.308594560003,20,201010
US30212W1009,-0.0902899374624068,0.2830364652910988,-2.4907303430616974,0.4157689481948123,-0.4119058782913023,1.437531953886876,1.7512426500897555,401.93400312000006,60,602010
BMG8192H1060,0.0277144180985642,0.8283661892898915,0.9239424231113946,1.0343522242359675,2.226590885850693,-1.2307620140499922,0.7901316062220851,2435.86900575,40,403010
US83545G1022,-0.0086930213723589,0.207333164983692,0.5716476644642741,1.628608982906384,1.097909540377726,-2.3844850347630517,-0.3002579496863283,1707.4805356,25,255040
US25179M1036,0.0165184318330432,-0.8506781355072806,-2.878914287092547,-0.4073473408522265,-0.4263689667132684,0.1547820942262485,0.1661513091453204,48645.506119809994,10,101020
US65342K1051,-0.01129640120479,-3.4587550476861253,-1.4246736549228816,1.659798488653629,-1.8304545453704355,-0.2454078255951146,-0.4845530490010625,1115.2388431799998,10,101020
US8771631053,0.0584667086123471,-0.0446535935108481,-3.120124061882493,-2.92398288579533,0.5368404190636966,6.046581602631147,2.304510477502209,173.7975204,20,201060
US58463J3041,-0.0486246142590707,2.615197192116831,-2.0276136780070777,-3.326474222015583,-0.5747428246987112,-1.991794866227206,1.1544527515422505,2069.8895229,60,601050
US1252691001,0.0520931111554736,-2.13319784501056,-0.6350266638181984,1.7599927379423277,0.4799284632382586,-0.9009211193838564,-0.6937991460441127,17775.1660819,15,151010
US42226K1051,-0.0171564409396829,1.2577502336942472,-0.8339780930797228,-1.1335382482654477,0.0342293292758623,-1.6742968320297085,0.8347561696260382,6541.371485250001,60,601050
US30292L1070,-0.0271390733937315,0.2082982712101125,-1.8996986537986325,-1.0790105351562689,-0.9890178690579332,1.6280265038800616,1.0097111929987732,256.03609335,60,602010
US46284V1017,0.0178747165379248,1.245240281568485,-0.4832505119911084,-0.8225283326793876,0.0840532539117404,1.108813435565009,1.8018981297376149,38224.54397872,60,601080
US5543821012,0.024573580381279,1.2500901130520905,0.2916919096611045,0.4940575732660524,1.7421674122801505,-0.1858900828962379,0.9928043556806824,6962.383259,60,601070
US04010E1091,0.039794688959732,-0.7713680089355277,-3.3313810191782456,-2.6407240485972454,-2.8305366457222068,-3.686318765480741,3.389093810031494,7786.53350244,20,201030
US6951271005,0.0127247105169188,0.2095205178592067,2.9722246539610486,2.791317374931986,3.4667695126865343,-3.818594999313965,0.0217215689061666,884.48742588,35,352020
US48238T1097,0.0133046164720168,0.3235940871932016,1.4977616502285425,2.8165133000699454,1.1932819166907855,-0.9709008774922594,0.1385306776577436,4271.13859594,20,202010
US13057Q3056,-0.0030033400773569,-0.9360731178211864,-3.3982643929914502,-0.1578298049422394,-0.7873729593783856,0.8509646527274115,0.9398387255696662,4247.74108804,10,101020
US6501111073,0.0037999910400834,0.3377278529055701,-1.188300229957254,-0.765520341660805,0.6181052865246038,-1.1134640570028642,0.1563779398286857,10231.442033219999,50,502010
US92840M1027,-0.0316445201486191,0.801889273059929,-0.5026151834233678,-0.4969981242321769,0.3610429676251984,-0.2854891484277569,1.4666856243395638,49318.8747678,55,551050
US05464T1043,-0.0169567903441012,0.5652174489182633,-4.531603735857226,-1.8987369813355612,-3.91588282075906,1.2221205228678875,0.3940093466012268,9199.683238119998,35,352020
US75281A1097,0.0081471173669357,-0.8260846489049345,-2.013360237692348,-1.0642850146111171,-0.8478423970605982,-0.8516975130313098,0.1793506752067347,9270.436039279999,10,101020
US6708371033,-0.0048564205174561,0.3751829540537572,-1.4173878971788667,-1.547432979036596,-0.3369470550232578,0.1365806028381536,1.1439391487603774,9765.283781970002,55,551010
US9182041080,-0.0292353170702091,1.8883002024180453,-3.5639266320539766,-0.9163482303492616,0.414666893419745,1.6255656953075666,1.9572967202435356,5825.28562952,25,252030
CA1130061007,-0.0122995543434575,0.1344087008392052,1.0321979267892678,-0.2865232107879232,-0.3683165361393722,-0.4256744970996301,-0.0058702304904735,1689.0196573599999,20,201050
US14448C1045,-0.010373628181151,1.219414866618067,-1.972021656747294,-1.4868455829610985,0.024263107658814,2.7100885075006103,2.1765109337867243,48160.514485980006,20,201020
US2333311072,-0.004758359311252,0.2690848572438337,-1.2966472357024976,-1.053137133270479,-0.0487436930608319,0.3063107999336123,1.4430920912576115,29194.07247673,55,551030
US08975P1084,-0.0924784516996437,1.3274719585336214,2.741131386531369,2.6673245230983653,1.500740082658292,-7.252689197478423,-0.6156502595711191,151.55412178,45,451020
US7445731067,-0.0170886159409302,0.3440338384255422,-1.4571849244349682,-1.1270351734132855,-0.3146367483887908,0.6291571021214658,1.075255655535024,37847.7756061,55,551030
US81784E1010,-0.0244484259264386,-0.2921442226072718,0.2207945675515998,0.8642749582834305,0.0868698758156063,1.119645753871206,0.7389349738244735,169.59562036,40,402040
US74982T1034,0.013162524539327,1.6585160876928593,-0.3751931851648766,-0.7234843521827865,-1.479270125086658,2.907092615360368,2.1945244947931526,3799.69055334,20,203040
US45817G2012,-0.0641951082415056,2.163037084170981,-0.0811339009183158,5.451403360800402,5.204947626986101,-6.41373898965114,2.411895173720036,51.66510945,45,451030
US25278X1090,0.0212186059913248,-0.4340275074172496,-1.7821832790870744,-0.4624299013342254,-0.3467837822023532,-0.1543224235965758,-0.308120239141653,36487.313362320005,10,101020
US5768531056,-0.0166605443557301,-0.757734727770421,-0.7845151626662397,1.3162926397646977,-1.2403964304363813,3.4683658820463554,0.312362083872266,319.71943809,20,201030
US78377T1079,0.0005152710759351,1.031833973325544,-1.0178679287119667,-0.1809596205457921,0.4330085040301619,-0.8782255854937429,0.6760941059269537,8381.881895800001,60,601030
US8790801091,-0.0119828379188298,-0.1645886389594238,-0.8291590613078701,-0.3297695149269879,-0.0831339460045549,-0.476847879205111,1.0094420232260797,404.5257758,60,602010
US46124J2015,-0.0001828300652668,0.4967532241956655,-1.0785293438537715,-0.1941485470761872,0.4980592815254678,-0.2524528395046929,0.9376557552595212,2606.11172185,60,601070
US9026811052,-0.0222668659411943,0.3959510834682311,-2.8059705585644394,-1.2498757148070163,-0.8875744291900327,0.31752695221798,0.0957706986189436,7578.40533452,55,551020
US0556453035,-0.0199233509396945,0.7459415362884346,-0.7049234890401175,0.1177350598533804,0.545302430888498,0.2663594047888,0.7946317511917663,207.94994772,60,601060
US8660821005,-0.0227947301126879,0.3629755500675505,-0.4229346463815386,0.3926312166931089,-0.4121025299683469,-3.082895875546968,0.848655227065275,629.1256882299999,60,601030
US49446R1095,0.0010966016192542,0.8606118541882619,-0.937845914019952,-0.8029142990812341,0.7168748737424743,0.1247364779153379,1.175708749839259,16020.25950006,60,601070
US22052L1044,-0.0038192074365366,0.0921795203843635,-2.7351022911856546,-1.200569192546601,-0.0851822160370928,1.0574953539527447,1.1215119780029548,51113.993899500005,15,151010
BMG6359F1370,0.0752273539213337,-0.2919119828552974,-2.0563281872136208,-2.085184641528865,-1.678032020184942,1.8062441864686345,0.3667656056269838,1333.62000616,10,101010
US45174J5092,-0.0044678528138938,4.515351938628844,3.93065711366971,5.45390968370474,5.546483543828889,-9.93254782085901,2.955799027519326,425.78327361,50,502010
US85254J1025,-0.0124854189728835,1.008381558663562,-0.6197823592002434,-1.5022742371874975,-0.0188861812795111,-0.2520822184007847,0.8730578932029665,7075.78002,60,601025
US5596631094,0.0027261816633769,-1.0735801972552717,-3.142534825334079,-0.7111123379677842,-0.8801984803350198,1.4312265572927798,0.8943949702797602,6210.31302086,10,101020
US8678921011,-0.0105128313944438,0.4225697560988441,-0.7550052857495912,-0.0395131290273359,-0.1251784206151711,-1.6329386017239875,0.6409492867223687,1921.32413231,60,601030
US8794338298,-0.0176428123668961,0.7971420175840886,-2.270980742210857,-1.018746094214492,0.0420762865208863,2.5818694330312546,1.341259203356418,3705.4078000399995,50,501020
US1258961002,-0.0066461908030495,0.2121617753256595,-1.0995753307316298,-1.4210038736956654,-0.2490385870040365,0.08428400425529,1.387228938480333,22124.242132019997,55,551030
US5246601075,-0.0067899273456059,1.6945479892997048,-1.643041957598356,-0.8904568175442171,0.9817512472497638,1.7250342834908792,1.978025664304384,1286.59701445,25,252010
US52635N1037,-0.229344195535934,3.005590023689469,-5.193139081077906,-2.1201831752508835,-1.2181793063865411,-0.9607737027622494,1.3757992255010054,144.43322598,35,352020
US43114Q1058,-0.0185175825599429,-2.0799416457156026,-3.0611514355265284,-1.6226102440375345,-3.2660893345054047,-1.846044587469996,0.1450639281103256,134.35515954000002,10,101020
US9129321009,0.0082771571814326,1.374224802944948,-2.0051403717108967,4.035371989576004,1.9464951989683408,0.100155118936974,1.5771061657865992,2325.56578232,50,501010
US0188021085,-0.0039784073043811,0.2968078516285845,-1.0594187499293313,-1.2602475856929614,-0.3364098635288654,-0.1396899941428243,1.3078931891027827,18262.60023693,55,551010
US29364G1031,0.0128670011140695,0.0759555884023648,-0.4720177416497957,-0.8693876426726763,-0.0277956563962669,-0.4052731755376744,1.303366706481021,50196.33003336,55,551010
KYG393871085,-0.019018777681645,1.6088166246919078,-3.8562253870394336,-0.6507200262009558,-2.4565507199231016,1.3761012911439017,3.1896795651036887,29950.83,45,453010
US30069T1016,0.0111631536504594,1.4761691032886002,-5.788069002676229,-3.759686569890656,-1.033753504743652,3.4843141133383657,1.7202360958066596,4082.2078399,10,101020
US9713781048,-0.0172429655104,2.3285115770344484,-0.2909257639678342,-0.5068750030979212,0.8653964646288386,0.7862237594620831,2.120644337379145,4174.49509485,20,201030
US71880K1016,0.0090231301069013,0.4918282795882851,-2.7150898266077874,0.1939266190523327,0.124565458996845,2.7447650605781027,1.4148783927437432,2671.311596,25,251010
BMG0585R1060,-0.009279007809274,0.944330979394438,-0.1548756929050775,0.0034327490065428,1.4760801816534157,-1.4716243200444326,0.5531411650638974,3141.93616154,40,403010
US8101861065,0.0017431425075133,1.516548308087878,-2.2837969326639658,-1.0879268707876482,1.7897005848589909,1.5185921696634743,2.223988809879326,2688.85245222,15,151010
US4062161017,0.0352406474121986,-0.6288485628205515,-1.2497079445197177,-0.391649171975081,-0.9437799357470916,1.6544514988910386,0.4387079813896427,28524.47010336,10,101010
US92939U1060,-0.0054366426652046,0.0327224749721754,-1.174349819518096,-0.826299065312619,-0.391196841238366,0.4392591689173548,1.1517256772899398,35955.51148215999,55,551030
US5526901096,-0.0054529082753015,0.1778580034544756,-1.6968390135483409,-1.397063754872949,-1.4019310897789068,-0.2194409860094827,0.946292304260268,4300.5856471199995,55,551020
US26884L1098,-0.0088517096520332,-0.6400182177329286,-2.787887575223292,-2.118246230166585,-1.7013770560854091,0.0818340549702904,0.2972909584419043,33821.49482712,10,101020
US78709Y1055,0.0222112911887394,2.4908592961835936,0.617395255185335,0.0854776187826684,1.8179309464397555,1.624872657466664,2.055261306886594,10229.179750800002,20,203040
US45780L1044,-0.0132684910762166,0.1525851374607634,3.483524369665562,2.390956482547214,2.3616716714207127,-3.2467480112010447,0.9331439086464192,135.0703802,35,351010
US83443Q1031,,,,,,,,9950.06829384,15,151010
US22822V1017,-0.0488164975377132,1.2460966414404209,-1.3035373635391538,-0.9001576978531566,-0.4621752987949024,0.3082682956949442,0.6028550603831118,32262.763189690002,60,601080
US3137451015,0.0024392392302137,0.7171272250020706,-0.2321373785300676,-0.193661612958908,0.4149198681966004,-0.6325464764224498,0.551525882621601,10178.4902828,60,601070
US75902K1060,-0.0182667171239266,0.1422630148215629,1.531361479173511,3.604799417072144,1.8209514170517596,-0.0826598492290957,1.1275557832903127,283.3261191,40,402020
US4415931009,-0.0377085423261706,1.277236902048139,0.3196867469401103,1.3449686670033731,1.86470159764802,0.4991658438424277,0.9395251159001596,8982.68128936,40,402030
US6460251068,-0.0027882156325457,0.4100673151919042,-2.2918840529425104,-1.0445518152104198,-0.0794564803392138,-0.1119818605248113,0.9815700840919808,5612.97749526,55,551020
US91704F1049,-0.0033841531895123,0.8374536511946493,-0.4371182519676981,-0.3475614269652235,0.6744746656095952,-0.1738878123312668,0.9450383322309832,2758.6618290799997,60,601070
US63886Q1094,0.029119562634249,-0.5942677092390096,-1.1945933729047604,-0.2578557996105072,-0.3989468099644202,0.4207763915221739,1.5135655717225711,392.24371349999996,10,101010
US70932M1071,-0.026381726452801,0.08019372162843,2.928848760268945,1.6700690946525223,0.7778975364835503,-2.6442170686849327,0.1150021734805278,2620.3877146800005,40,402010
US7588491032,-0.0054505294512173,0.9406938157513588,-1.2819720408825106,-0.7320573067248852,0.7133936046612146,0.0330988053319476,1.199890259843352,13944.92064957,60,601070
US3632252025,0.0572805119057651,-2.223331871070201,2.8565337275089555,-2.1206837288845213,-1.7314962448738171,-0.7357001029825609,3.778041526062158,241.14825504000004,35,352010
US78475V1035,,,,,,,,2185.8912500700003,20,201030
US92936U1097,-0.0166137996497701,1.1692622694413777,-1.9081383940879504,-1.2247782015096806,-0.0971934393245663,0.4250123764172046,0.9075828564651428,16110.23759625,60,601010
US8283591092,-0.0160882505920657,0.6875708282567258,0.4637077772607844,0.6133214050919631,2.1905832620287256,1.551165336784193,1.0865922540954502,102.26929966,40,402030
US5335351004,0.0365731097344983,-1.1439931837548234,-0.9612860889216424,-0.0788543363975863,-0.4167606392692837,-3.731377821368859,2.043234155612108,873.0247515,25,253020
US90240B1061,0.0270181845130036,0.4644503424692324,-4.394577281480853,-3.2603152801370525,-1.710404145535156,-1.904185076048305,0.7579897584957644,1411.68544664,35,352010
US0050981085,0.0059719639762631,0.5571428793847442,-3.399177515335968,-1.5056770019409624,0.2819106134386893,1.205806184608362,2.8153906822988386,2356.3681808499996,25,252020
US0844231029,-0.0143978533226144,0.8405952770700875,-1.1939633218724497,-0.9617638008147807,0.4044540342615079,-0.7896096682476108,0.944413074557622,19795.4516165,40,403010
US74164F1030,-0.0264872421706656,1.3957848409142444,-0.0129351889622702,0.7175404918016015,1.5607629519762778,0.5977504106997453,1.2029471197698367,4429.8811324,20,201030
US1409351079,0.2890675981852711,-4.842955813469633,17.85264094462667,11.63841019990921,7.341241430484548,-5.617735630409277,-4.019970873074159,323.3,35,351010
US0236081024,-0.0017321934408468,0.4029102861811477,-1.41499489435986,-1.3663726511795176,-0.1946771389385803,0.2621583083577952,1.4225613796559369,30267.4497279,55,551030
US7194051022,0.1284768827398536,1.2906774319881915,5.697117629785428,5.643807816703671,7.675799303854871,1.1851417230746977,0.8238849913060565,1875.83351661,45,453010
US50012A1088,0.0630365495519369,0.0497098236971877,-1.286005637012153,-0.7066548448453405,0.4931238499689461,2.008651549602689,3.189058441054008,3972.2588179800005,10,101010
BMG0692U1099,0.0091912243854183,0.3360648672003939,0.0716378545117676,-0.053825150844915,1.058888813732803,-0.2025764881394558,0.6576840168264019,7106.36723544,40,403010
US05379B1070,-0.0251144054097654,0.244752079980988,-2.4593799614449425,-1.21515744471931,-1.364010534893134,-0.0999771490811911,0.5343580470208878,3248.0489681999998,55,551030
US49803T3005,0.003432893323651,0.9133128671404348,-0.1683051385341079,-0.74829584120793,0.5656709648709178,-0.9213637304096984,0.8424783749078688,5260.364178090001,60,601070
US36467J1088,-0.011320293602261,1.1840819619747047,-0.1844457926809072,-0.4368289341545949,1.043012330455602,0.3023922111118741,0.8156777890418052,12126.2191615,60,601080
US52476L1098,,,,,,,,4350.63172908,20,201030
US3873281071,0.0108310330651341,0.2804168772969804,-1.3050785536395255,-0.8306596360804643,-0.4555298521519217,1.9694003947762253,1.979986320459986,5577.1510318,20,201030
US82728C1027,0.0799250674005281,-6.94657709001777,5.759445595574999,13.2383597136786,1.184551387307981,-8.316537861229815,1.0242744475234833,67.87292895,45,451030
US6742152076,0.0334200852113886,-1.4161081358784746,-1.0078240916779542,1.2406193255912523,0.4682853304972263,-1.2006752899678927,-0.9492134270537602,7424.82236832,10,101020
US44952J1043,0.0175752253426896,-0.0532473454207741,-3.931149244154153,-1.8919308855344177,-0.3785858673827821,0.8960222934794932,0.5416208955293732,3704.22602676,10,101020
MHY1771G1026,-0.0056089852308093,0.9854952466612482,-3.0099627327879137,-1.9691507896440004,-0.533116395711634,-0.5996285703399332,0.1567532392185618,645.4521204299999,20,203030
US63633D1046,-0.0149694200968215,-0.0213358075602165,-2.1223095591669328,-1.0087073979823478,-0.3379346903646962,0.4925218534212072,0.6437875866536173,3503.3278098,60,601050
US6078281002,-0.0232054305880458,1.5410085177588075,-6.926348114473855,-5.091523133912966,-3.71360181130102,2.815933183291869,3.1195124407568997,10957.06550498,20,201020
US8969452015,-0.0448746065477515,-0.494765245078839,1.266353713579774,3.4394671707468207,1.269078305590583,-3.3463225283356177,-0.1885497159777785,1133.8549759999999,50,502030
US7757111049,-0.0579671906023541,1.2050028137493205,-1.982588934562986,-0.819812152100648,0.0705236298129049,0.627198078902889,1.1219410806087395,10065.30628956,20,202010
US5255582018,0.0149929388045896,1.4915159007588228,0.8438670284538413,-1.2183880758660164,3.139959750302002,-1.7262985233556154,1.647304440188813,1717.33850541,35,351010
US45579U1097,0.0205410465118564,0.8912159658776955,-0.0157920705933511,-0.9708774873423052,-0.8350494629053282,-0.6753479894759224,0.2468761106631451,4428.74600145,35,352020
US1049322076,0.4416970595803717,10.536166636043877,-278.6681436707816,-113.40440318917776,-90.92755350419128,215.6372490005356,53.07282632845465,185.29159679999998,45,451020
US7034811015,0.0753758415451185,-1.2546170359232025,-1.2081379888215031,-0.3146107890915046,-0.7644483877950194,1.5830395482348156,-0.1762800274706688,3906.9556132000002,10,101010
US9426222009,-0.0196126771780065,1.8541679489931056,-1.5217922696550956,0.4829211179574255,2.310202962314892,2.150032918348388,3.359385010261025,12949.98862896,20,201070
US89055F1030,-0.0486197093781841,2.5222808052720262,-2.662200525343461,-1.200915069199224,0.1984440709121042,1.3819752817354831,2.092420714767879,9884.4614019,25,252010
US44107P1049,0.0013154980644428,0.6723598284211364,-1.1553030454231412,0.1894384244412192,0.3146305662503574,-1.3773644821233788,0.6636380885139955,15473.36054556,60,601030
US03676B1026,0.0261878572395866,-0.3419211597066677,-1.5779670503264274,-1.0591534411457628,0.1017953759831681,0.59993703128679,1.4935727773404637,7448.993864599999,10,101020
US11120U1051,0.0017926953218295,0.8892407311457208,-0.571005904040442,-0.6221572272011369,0.9280984326577112,-0.137374977613867,1.225315558632384,9131.57257677,60,601070
US1439051079,-0.0108422963614076,1.3362477550177077,0.6721059968887426,0.654314214543317,2.541608426116361,-1.5784200405754107,1.0445728948630886,517.6010112499999,25,253020
US0552981039,-0.0118835325238615,-0.0233079969285151,0.7199602626620648,2.390631218003865,1.1241086613328306,-2.576597983573368,0.4470654191306504,145.47762188,40,401010
US26875P1012,0.0226267247022828,-1.0476323764533442,-1.197052800803542,-0.1137415198022629,0.0933620245459125,-0.4253650611886823,-0.2292617568716435,74588.59962698,10,101020
US74965L1017,0.0089824867531331,0.5087490905408212,-1.3582871711214248,-0.6018578275795323,-0.2917283904274177,-1.4539534669025755,0.7099473398166899,1619.5823154,60,601030
US02043Q1076,-0.0613398215721529,-0.5390979220134905,0.2930714195533049,-0.7636223655493889,-1.758233067982418,0.383169597201355,0.9903870609754096,29315.48934925,35,352010
US0021211018,0.0339257153112617,-0.6088191322976451,1.7783896213888863,2.919364339710276,1.2330346307668385,-3.1682544441493548,1.6199235695188683,1959.6953977599999,45,451030
US15189T1079,-0.0060094628700492,0.2365934898591335,-1.484132939858866,-1.2981725917827132,-0.4236059114424892,-0.0618280329509928,1.1947010502300386,26778.473670850002,55,551030
US1749031043,0.0142181440344698,-0.7498305499291607,-0.5317882150931494,1.6012711106336397,0.3866886292974431,-1.0804942009217509,0.6326435180444748,189.82621859999998,40,401010
US65341D1028,-0.0724018984472681,0.8325094993656227,-3.1175372465078954,-1.455689289780971,-1.8888316868466264,0.5909723693341753,0.5518612035980075,543.68686947,60,601060
US0953061068,-0.007717054139612,1.1641837082259063,-1.0454463857578236,0.2439856951992335,1.526665017080997,-1.999296878970542,2.069640678408497,2036.30366552,20,201060
US19249H1032,-0.0293445541189403,-0.3628866243105635,-5.990770361331689,-0.4714427206206606,-3.012900139398369,3.73382204490638,0.9950253688107424,178.0305354,35,352010
US68752M1080,-0.004296613688884,2.1086748141083915,2.302427098228178,-0.3910203297742661,3.559142922110853,-2.51079886238262,0.0185791895424691,409.82452254000003,35,351010
US0255371017,0.0061417696786918,0.5138965599731934,-0.8599868051169466,-1.8858579236682556,-0.1209343328502729,-0.0179337215922053,1.5498102130737683,68349.3097575,55,551010
US9694571004,0.0119233855230327,-0.0154441411762524,-2.797021644653794,-1.1637968894720978,-0.5884863176701368,1.6793690574373734,1.5439472015693507,91470.95298798,10,101020
US3534691098,-0.0259425080634969,-0.9075606441559874,-1.127397228712565,6.95231447938903,0.4087977754148055,-0.5538112585925052,0.1062347118713522,192.590557,20,202020
US44916K1060,-0.076532462994621,-1.0324604124889154,-2.468296794002724,2.573522327111316,-2.4384343884792887,-1.0748433881634007,1.639508242035449,90.13133932999999,35,351010
US6826801036,0.0251019663797151,-0.8540232358231085,-1.847018404809248,0.0058949349268606,-0.0017464205720453,1.0945829305862556,0.3282185546060582,59761.02838072999,10,101020
US0042391096,-0.0174704003367883,1.3098499921784943,-0.4180554023907907,-0.2455110287075933,0.5899759058296633,-1.4050509510985834,0.3159902427479596,2849.63713783,60,601070
US55262C1009,-0.0526861257245441,0.950887721370712,-1.4887694087680592,-0.6093656055235303,0.1631272110487832,0.1729473996819499,1.8953417218481183,236.45266625000002,40,403010
US1266501006,0.0035711667731321,1.0107486727041788,0.2623892418560866,-0.75622010628194,-0.1695956021384737,-1.7887935927962233,0.6377314840787685,122931.0912396,35,351020
US0889291045,0.0227999340760305,0.9581118481812132,1.345840995253062,1.907753382116098,2.8407053357198317,-0.636530813468978,1.0106313135292555,5044.3584246,40,402030
US8294011080,-0.1007557459032468,0.0089986747644755,0.0856156523506794,-1.0933498924481408,-2.715212240403711,-12.406974734079965,-0.9813582436377302,193.81882027999998,35,352010
VGG312491084,0.03095577626041,3.32152839317492,-1.896065059109567,-4.4911270099609535,0.146273470752267,-2.64237863330097,1.435916250440421,2123.88840736,35,351010
BMG1466R1732,0.0654331362903229,0.8146047421214204,-1.6758476490582492,-2.9637791686527737,0.6273025526166054,3.677392132702473,1.50949444676403,1258.4556343200002,10,101010
US0684631080,-0.0311359344651207,-0.9894373825719156,0.6093900777392911,3.624700244104581,0.6915542078703735,-0.8698164318015233,-1.2414670328341058,750.9107137000001,20,202020
US49456B1017,0.0142766585573849,-0.291147896978297,-2.32321260585072,-1.0981985190797618,-0.4469471505212783,1.5101157201965427,0.9561785205769148,63766.27109493,10,101020
US04124A1007,,,,,,,,911.91506882,25,255040
US04302A1043,0.0583905381141422,1.6929745221469754,2.342440729890489,0.5944907843985618,-0.9141880188972636,-4.525314430577407,2.6212611669508474,928.57564915,45,451030
US30226D1063,-0.0228162344144304,-1.1079079869010149,1.3059245030725803,2.350303786263553,-1.9603367229324264,-4.891173631179495,-0.4303047059310708,3091.92566265,45,452010
US21874A1060,-0.0253621344507429,0.9840928116292884,-0.6320621282804098,-0.2812715868448463,-3.238086595489302,-0.7123951995754587,1.595371134540411,6013.660596799999,45,451030
US92047W1018,-0.0090372244862821,0.7999755790747831,-1.988650435093323,-1.583769182495435,0.7498848384333673,0.9521686322555992,1.9538604632835708,4350.9691974,25,255040
US0152711091,-0.0636707827735297,0.6483555443525777,-3.6616710213348576,0.1766273205874109,0.1156461175881842,1.93050587945116,1.5002339450948308,8285.54724558,60,601050
US8168511090,-0.0005651620004751,-0.0208119974699816,-0.2370241703170335,-1.2552037286585476,-0.3156089549909517,-0.977943591590893,1.032819330514158,56441.911185000004,55,551030
US5218652049,-0.0019874065313118,1.2142062595039456,-0.4989575878561856,-1.3818211942057077,-0.0903351003194226,0.1886142929870325,0.5694080727135662,6125.92318419,25,251010
CA2943752097,0.0124533087282809,-1.0826640419542557,-0.1220153463105736,1.3104945514602762,0.7853633363373453,-0.1758475352400257,-0.1808910667615458,160.4617182,10,101020
US45781M1018,-0.010611813498482,0.73778737544266,-2.970021710365755,-2.2666961989828347,-0.0865085005217859,0.2029048473784169,2.077305456460551,1515.83451136,35,352020
US78454L1008,0.0563238233578707,-2.040876101366333,0.8702718568140018,2.363162934938684,1.1987140400447325,-1.367807670651486,-1.280023719663111,7904.75620657,10,101020
US3665051054,0.0153518409584954,0.8161251583784889,-0.7644944983174753,-2.751019231047397,-4.247876504266763,-1.546193760920397,0.4394446471092886,5382.42042003,25,251010
US72815L1070,-0.083541306313801,1.481814646796613,-0.4290067182710994,0.9402114694572524,-0.0500471802512961,-5.720793302243829,-0.1774380703269384,136.77419376,50,502020
US36472T1097,0.0445382943828425,-0.755688835970429,1.5674089730378282,0.5328077360375044,-0.4252027317505139,-2.8798400034327774,-0.2103221368551364,983.3990815999999,50,502010
US5261071071,-0.0300348336595416,1.6424836493167967,-1.5459064599986447,-1.923097314424904,0.2662824996124102,1.9269798872361608,2.79274340183744,13157.885567250001,20,201020
US96328L3042,-0.1687200009912945,0.6668840185098278,-0.4496473841900541,0.5998889090551692,0.7089246184510734,3.4633499185556085,1.5595228995249548,157.4679606,20,203020
US36467W1099,-0.0370760875367574,1.0559750091774052,-2.2775340233489243,0.7410386873110524,1.3060989071533164,-1.053309293606132,1.5443565588238697,7663.723106089999,25,255040
US6931491061,0.0192719139619477,0.9496300345318098,3.926577492032081,4.526178246120675,2.5365480445296877,-2.2549656214146534,-1.569727854144168,68.64587858,20,203040
CA17878Y2078,0.0068724785358241,0.9797828259962742,-2.2424926869129505,-0.3064308450494348,0.0128011958932734,1.2969367593151389,1.1193364923857154,316.93047165,20,202010
US1124631045,0.0043820671224196,0.6391628195118708,-7.072353636872006,-4.076023616719688,-2.404205851485808,2.3971011854817577,2.330699267007261,2895.6400125,35,351020
US8322482071,-0.0014578837278928,0.405933127416632,0.0469730924162585,1.3045218789210358,2.137428884274363,-0.9636318794122612,0.5715127049885795,503.24208527999997,30,302020
US64361Q1013,0.0091050161669278,0.2979831442514285,-0.9230402770421708,-0.2988353325016382,0.7730738792114368,0.5552381365689079,0.3644241518423227,15146.1780327,10,101020
US0003602069,-0.083874713517874,1.4937391841854235,-5.756385063587016,-4.381720070994756,-5.871476747031472,0.9893275539252095,2.310160419712009,5969.25752764,20,201020
US1638511089,-0.0033042370900018,0.2389613185327592,-2.879073277154756,1.0637557956590684,1.4597686138023256,0.1257991074554891,3.2769752552823617,2375.6632147399996,15,151010
US87612G1013,0.034065489208162,-0.1683742912002021,-2.7102591843443524,-1.2287308164411137,-0.4626832425577478,0.725286704375274,0.9851242193004384,58234.706547839996,10,101020
US09257W1009,-0.03315696660136,0.2636948936106859,-0.5577407565242108,0.1332092498157532,0.1823742665434448,0.1434710559718318,0.9859137936476836,2285.25939686,40,402040
US4622221004,-0.0122574077324685,-0.7666277143633834,-1.602106668534812,-1.6789567942379908,-4.326522310321672,-0.4791747172773792,1.818374330843313,9432.15299035,35,352010
IL0011316309,-0.0110990323454664,0.9210375843579248,1.2709735352907134,1.0443221256244382,1.794460021187125,-0.3606236513047275,0.8495519568970296,131.2801199,35,352020
CA92663R1055,0.019196306539196,0.0458267577162975,-0.9579766142162454,-0.1278288185680489,1.1231397269643806,-1.947756990647015,1.2789834118089851,304.9793435,35,351020
US30049A1079,-0.019200823979056,0.3861164949388758,-1.2656991215024458,-0.2857376809628188,0.967371502633912,1.2533968161168634,1.1797361888681306,121.3117464,10,101020
KYG4095J1094,0.0375435211037819,-0.4291827547884006,1.6553243114835847,3.2049806836823755,2.968250288224008,-2.430445565953019,0.6231024341793161,464.2447332,40,403010
US85529M1045,,,,,,,,120.72065630000002,20,201010
US7495521053,0.0250665852374867,0.107466100791657,-7.842048109909919,-0.8593481491321331,-2.9801609797495,6.272711835597717,5.109186217214845,112.0321848,45,452030
US18482P1030,-0.0617280970886353,0.1359666679794361,-0.645482559870263,-1.5057955247804018,-4.836694777651592,-0.5555947570985607,-0.2381193453817031,321.70397232,45,452010
US4198701009,-0.013816080777211,0.872365655465695,-3.831770041571597,-1.808253363005685,0.0953529571004092,3.037182607731082,1.4175953285007816,2022.2017835999998,55,551010
US3936571013,-0.002779015005159,0.738633472721361,-2.085334997839478,-1.408856236837388,0.6713743485168185,1.0102050924355854,1.2072205600333012,1359.8103803000001,20,201060
US05614L2097,0.0089947795176903,-4.447746562980339,-18.23811854938732,-6.42419633477574,-14.743743766826592,2.335322380627847,1.5281398687117989,1443.9508314,20,201040
US4988941047,-0.016123295410578,1.6686770404338231,-2.511641439170938,-1.9794426030260035,2.037696310387067,-1.2214815926646423,3.766833562615632,3757.50758643,15,151020
US4827381017,0.0482971839913229,-2.4894559901965883,3.384478486690071,5.587552602483643,1.5581992094071473,-4.803959746450069,-0.7459232750231961,107.58867196,45,452010
US8936172092,-0.0179723540424802,-1.2453086953450774,0.6419172139522833,3.7681694516024216,0.1965715523348594,-0.0871199350220026,-0.0476673302656993,68.10994218,60,602010
US76665T1025,0.0272165789296564,-1.763730026770054,-1.0947990180582814,1.372657640368076,-0.0636835707450449,-0.2012645811778064,0.0873612814397614,564.43937518,10,101020
US65473P1057,-0.0170544216035576,0.386976832510126,-1.9483460200178588,-1.1363584131018871,-0.3534862609514919,0.0632799416034851,1.4620142927059057,20328.3290013,55,551030
US65487K1007,0.0415765550412314,1.0582179505537694,-0.4801768283784342,-0.7298674189561364,1.026958290375895,-3.4343561802531544,0.5669553510359382,2903.4399449999996,45,452030
US25525P1075,0.0261883415643894,0.4976673961019953,-4.184235093702169,-1.8120308241602,-1.4806655937448423,-0.1370123926325612,2.0336998943411406,1823.7741974399999,60,601050
US08774B5084,-0.0225190270894983,0.4781462223900221,9.17036659569708,4.03819719668267,1.0984454089412814,-16.000615399042065,2.15300648413766,155.4975675,40,402010
US61225M1027,0.0492923394622838,0.5836038008623559,-1.0766681291693967,-3.091591605775749,-5.089400857644695,-3.2135796747503207,1.5905951897550483,1311.0194406399999,35,352010
US7587501039,0.007349131166356,2.627134792609243,-2.439628621805185,-3.25881296136018,1.7332197981321733,-0.127138905983851,3.3354051882619165,11606.4066264,20,201040
US30054Y1073,,,,,,,,364.77820447999994,35,352010
US2067041085,0.0776869031356527,-0.4260164220841052,3.7837193623639047,3.165920261747748,3.822109181426159,-2.034277407856516,2.4186904726869374,203.8116762,20,201030
US2810201077,0.0185165133605268,0.7267782692761411,-1.5217898704204602,-2.425027330748629,0.010508290325079,0.5581383930913071,1.3853202996872105,27424.738277800003,55,551010
US23918K1088,0.017683142693202,0.9502926129131504,-0.6918967396472824,-2.985994055270991,0.1173185654468425,-3.8674003418422593,1.351003123665563,5927.20965592,35,351020
US4891701009,0.0166738379297055,1.8087418206889705,-4.38560500334672,-3.297011931343655,0.4798183820810554,1.117888247068311,2.3915331283066825,2347.30030508,20,201060
US7599101026,-0.0620822887961941,0.3932844524957457,-3.974026656582505,-2.569510099733212,-2.4220815510873948,-2.3690289064161307,-0.0175274848592004,146.99795576,35,351010
US67098H1041,-0.0644527549494644,0.9431129028500674,-3.339103600352709,-0.1358861437422747,0.4292243897012979,2.2389893362069726,1.902183582355661,1023.9509934499998,15,151030
US71722W1071,0.0063959728775124,0.9043859482732466,2.660217228287,0.5432398038462762,1.6973795282326605,0.0192667347751637,0.7470927321720977,628.37029807,35,352020
US9282981086,-0.0107382894057097,1.1112682380355563,-4.258446408353018,0.9141063092682344,-5.747674998380525,1.958307696586076,1.9167632292280787,5212.7521676999995,45,452030
VGG1472N1252,,,,,,,,8.4287574,50,502030
US8115431079,-0.0378755077059419,0.4503972215303929,-6.830799592814357,-2.218081606312235,-1.7337795293441292,0.6989307745700696,1.293187130121267,1105.63439455,30,302020
US5006881065,0.0480307623481086,0.5708056187552859,-9.05468117240586,-4.855183838097837,-1.3059041823433473,5.504181109327442,2.502636988447989,1482.02299296,10,101020
US25960R1059,0.0163544236407077,1.2430691049412497,-2.9172884147575235,-1.8786062769268783,0.921604677324138,1.6848145413469942,3.2376724870044797,944.9576443999999,20,201060
US6151111019,0.0125611992200563,2.658946451355523,1.7865575661082749,-1.9782753241431292,5.140015884724852,-0.8302837433064434,2.54800655295472,572.64564666,20,202010
US4223471040,0.0156485414973643,1.0997115921701963,-1.3359183088917683,1.092685123773536,0.48383155009989,1.6156651865999854,1.8567318746373316,634.86275776,20,203040
US02209S1033,-0.0180819435293608,0.3774696659868892,-2.790298844368624,-1.1054387197571365,-0.2777293187630241,0.8463233328342552,1.4053826200826904,109566.1790981,30,302030
US9706461053,0.0167303654184274,1.6697504790455349,-4.048011752577584,-0.9958952105309232,2.0359560585378715,2.899109337254292,2.917426823612192,498.27921857999996,20,201070
US45784M1080,-0.2023924767273344,1.2215084457034922,-8.791630804404756,4.316799744231719,-0.3900199815361409,-14.586996918225797,3.646977736465115,74.2927788,40,402030
US82981J8514,-0.0687268422181019,1.6726993718311485,-0.7356117492207699,-0.7398199486623356,1.5473262991417505,0.9004729628543817,0.5292798520460101,146.95429574000002,60,601070
US8618961085,0.0178733645256225,1.6408087045106767,-1.1748016496273213,1.3319114988131426,2.1141936726885846,-0.4859980286787762,2.8491733867718434,7215.39395084,40,402030
US93148P1021,-0.0686802635680624,0.0707061209594195,0.6895599276460708,3.42237190818212,0.8695588524205432,-0.8373078655986632,0.3167498773387849,1401.0965976000002,40,402010
US5771281012,-0.0082723583920797,0.8799376498798533,0.5269568174288747,1.0690069232383843,1.8453713643105452,-1.913712782868791,0.4042498358634355,690.49274512,25,253020
US46571Y1073,-0.0122186910598917,-0.5371706359781969,4.971530637242796,3.036134006880156,2.9370737774750326,-3.13808453910534,-0.1769593864830519,419.793183,45,451030
US18467V1098,0.0147277449830214,2.182063728499001,-0.7237252087665677,-1.8671167442751289,2.544075758823637,-4.239175853100216,2.681759075901831,5630.1121017,45,451030
US6903701018,-0.0911759165181005,1.2139551619192526,-0.6732045477459006,2.523677276452828,0.6620932760689541,-0.51887658519927,1.6702276064930943,407.68754466,25,255040
US4470111075,-0.0545032982425962,1.2640114917724563,-5.7339851204653725,-3.7522002579022953,-2.7972341206539437,1.583167155014139,1.0837377685309717,1704.7249696,15,151010
US00183L2016,-0.0899808111697637,0.6152417761683604,0.6402079171315916,5.176429013325234,3.2480868960752747,0.9286696794492568,-0.3293203899801997,81.66001797,50,502030
US19046P2092,-0.0389175119842101,-1.1881949047205806,1.3033020798738268,3.769750572504238,0.1931355722137597,2.3180787087471315,1.3951023934850326,668.92798414,40,401010
US0010841023,-0.0129912401785321,1.417898986771733,-2.4668902747136148,-2.6264387935953053,0.1855929097606115,1.7902080013839252,2.2657071939087867,5889.057357560001,20,201060
US23345M1071,0.0026795005114784,0.0743393271369997,-2.113921261902707,-1.4417336106646037,-1.0413355536754525,-0.0147179474330204,1.189145283474962,13915.766420789998,10,101020
US0341641035,0.029844689959509,-0.2014341403118998,-1.887961727557641,-1.1383221553667628,-0.6438981356193454,-0.2920908281566098,0.6615272313277326,2117.7307795799998,30,301010
US74319N1000,0.1014781587586158,-2.39557598614182,1.418280188281921,1.335729544114011,-1.0979795941686816,6.398510571236889,1.344478815641426,74.23313399999999,10,101010
US5763231090,0.0355380675887972,0.0315522685422369,-1.1100515080639566,-0.0095229002779778,-0.2329020377819821,0.6530343063761476,3.1491548228072848,18759.102117650003,20,201030
US55405W1045,-0.0115042436428149,-0.0131341315085236,-2.783257844349986,-1.1290610855359169,-4.016504533471493,-0.4469987985371072,1.7636141705332808,5109.4844226000005,20,201030
US88830M1027,-0.0417678846218086,2.998958586417736,-4.891018978398568,-2.620972880457873,0.8360672958367985,3.691160632566925,2.6527094064787446,335.56101795999996,20,201060
CA53626N1024,0.0184514692594938,-0.2673455752179908,-0.8295125633939655,2.70664779271413,-0.6231976678075948,-1.883915044975347,0.776168151567631,435.58894433999995,50,502020
US0123481089,0.0088196459131969,0.7532724594116856,0.2423269390250186,-0.312356411873385,0.5675064591959289,0.9563011082930406,0.743920434461971,1820.49520729,20,201060
US7820111000,0.0150855115690187,-0.3034461059763627,0.0608493816311659,2.212717756552486,1.7161012693050683,-1.810660766301492,1.8475927801065684,5683.50739099,25,253010
US7374461041,-0.0330311053350975,1.4189865306340468,-0.5489144821763658,-0.54802488755652,1.474274109982366,-0.5847713806736197,0.7813437361922063,3169.8225975,30,302020
US3439281078,-0.0719918830588533,-3.141201910525935,4.616864693276236,7.071602269689282,-1.3609632193808436,-1.230592992825871,-1.3282328775883605,121.46576974000001,20,203020
US4202611095,0.0131333370050591,-0.0311188624007812,2.710483748665636,3.273879400598503,3.3209442717842377,-0.6688894224974591,1.8180683367230657,2520.80327872,15,151010
US75134P5017,-0.10819763573141,-0.6309238215830142,-4.860450329031064,-1.6674069259551936,-4.410061735941225,4.146737246063944,0.9330769236080976,419.94080901,15,151040
US7391281067,0.0531377274119306,1.1442282150127416,-0.8649254794923573,-0.8130609184225152,-1.2008052249524908,0.8321270701285228,2.858086273925439,6079.376673000001,20,201040
US92922P1066,0.065996121033742,-0.3570202141986969,-1.3524831755956863,0.385635651651915,0.4059705012365588,0.0770847623753068,1.1100781273122615,367.89646916,10,101020
US2026081057,0.0402761589080647,-5.224102171212808,0.5617900838719134,6.327519308993723,-1.633200346611864,-12.102259146128318,-0.3894726990255062,123.82758180000002,20,201060
US00486H1059,0.0106128828989901,-1.0167166642970296,3.1308601458292697,3.70786959270272,0.8654601332931717,-1.6235954988806245,1.93199844926608,674.7312186000001,45,452010
US8592411016,-0.0235279100544971,-0.2399416837059835,-3.224808076021739,-2.9805859454189965,-7.303872562971846,-1.9242069599223024,1.1061697677316418,17082.000634049997,20,201030
US5773451019,-0.0188442127939614,-0.4512060860741649,-0.312290371931181,1.6952439711535334,0.2341057941537243,-0.6907578789735107,0.8373538757195488,103.4752362,60,602010
US98422X1019,0.022743817919011,-3.2262565024007706,5.025793862805588,10.91392820746036,4.679559441854753,-4.249348325122343,-1.1203485937500974,186.42504504000001,25,253010
US6295791031,-0.0166897714380066,0.7870005020224626,-2.151388267004079,-2.38213582748976,-0.7520610518384727,-1.0934097637736029,1.4578393088742918,214.54405518000004,10,101020
US83191H1077,0.1101910393653306,-0.3821543071407892,-3.604055790943572,-1.16603507113348,0.3470194641638451,4.327276953068577,1.7479282902737243,111.10389576,10,101010
US45784P1012,-0.0562991335130974,0.9262372239876734,0.0593020227309395,-1.235119663040364,1.5569311467653164,-1.052856389230555,0.4930888843942919,9880.161024109999,35,351010
US9134561094,-0.0365387092422998,0.0516562617762264,-1.7994820576081452,0.4619982103317316,0.1304444169308465,-0.6918213498490458,0.4763844292149167,1077.43076694,30,302030
KYG114481008,-0.0949079132699692,-1.5222558158160098,-0.195094939983651,2.908049446430893,-6.403983436967039,-2.4774690488101485,0.3662357681846238,1163.9149077700001,45,451030
US8803451033,-0.0336590220385818,-0.559849784473433,1.182555600375074,3.9589235470724295,0.5731487873712244,-2.9293139388753557,-0.0092489449017459,1154.26964873,20,201060
US18452B2097,-0.0792544271236697,1.2797239780328669,-0.6723425348696915,-0.7792114017945637,-5.903470487124631,-5.400325537876471,0.476023661656467,3030.37708064,45,451030
US88032L6056,-0.0159814095420827,-1.995650526928262,1.102277765163038,3.4862490724011264,1.7983130939659642,-11.728165370098516,0.1134397335072885,63.60191824,35,352010
US88339J1051,-0.098229691541455,0.7956479147294564,4.343629795242793,2.7475921206013054,2.028147813565915,-3.29483985039431,-0.9943603496946908,6608.07899147,50,502010
US6988131024,-0.056673711173063,-0.2892377512207733,2.856231028558177,2.61755901921692,1.1193066055962713,-3.332597392117922,1.0270356175361608,789.35301496,25,253010
US10948C1071,-0.0262365805863537,1.0879054359367542,-1.878972721710328,-0.7710556940775566,0.707654475909127,0.9299665721737757,1.7435837103150864,676.2940906399999,20,202010
US8965221091,0.0061891646976713,0.6007378722824039,-0.8786237108152404,-1.4504556637808572,0.4250621889394245,0.7804930792532425,1.982934064868734,2335.17538488,20,201060
US20369C1062,-0.0274497226727014,1.0498764649123986,-2.0162248691097857,-0.4056880070731983,0.3128079095656485,-0.8233227426581144,0.8379433208965734,409.8999983,60,601050
US92337F1075,-0.0507467766281955,0.5290695624717857,-3.7441029941762,-2.788405160243215,-4.595797643825412,-3.20428457361006,1.5925022045026846,3291.24578388,35,352010
US3570231007,0.0613534913017519,2.198877728826891,2.2875916164810355,0.473901254411865,4.9157139788885225,2.9298525727883256,3.1542357060887456,228.59809119000002,20,201060
US22284P1057,0.0190351165735115,1.5429612677435345,-1.625235659120643,-0.0988805113243169,0.9161806517949778,1.3540285427864198,2.706810863163642,653.16331528,20,203040
US3989051095,-0.0460609348617418,0.0527988423589966,1.2984585947909044,1.924473692684384,1.3055280300094176,-1.7059429440448712,-0.1524924724941009,3026.4078164,25,255040
US05601U1051,-0.1159723175981924,-0.3038928347995848,2.6748383700599696,7.2012973184413775,-1.0449901483460642,-8.980030756704462,-0.8117017356184414,167.69616939999997,30,302020
US27923Q1094,-0.001643019356435,-0.1178158641256655,-1.3449765375734426,0.8264184336746925,0.61138519991301,-1.8396102473879383,0.4576790604418645,1033.15163418,15,151010
US7672921050,-0.053696632070902,1.7247401954977295,-2.3266709652613464,-1.0042566083529916,-4.117343183666611,-1.83639254179192,2.62163445478862,6637.70981205,45,451030
US6293775085,-0.0049833025553156,1.4621421594516777,0.7624905624585707,-1.0967628268951943,1.7787670900081711,-1.3193126030026303,2.321501185823182,25763.98430958,55,551010
US0396971071,-0.0815839782716575,1.1905552683967715,-5.68447070442083,-2.5320280983851315,-2.503362079595697,3.309109004761944,0.9240185017847616,987.0003561999999,35,352010
CA74935Q1072,-0.0429836728725971,0.4814026856198911,-1.213238236898902,1.5591140740160987,0.9056117972680346,-0.9457919550637468,0.6351919382924355,15586.676603550002,20,202010
US88262P1021,0.0471211604173791,0.9802315958613698,-2.1095377376994624,-4.569638353609733,1.1593396983473612,1.4082910234473085,2.725670739140869,24519.5201656,10,101020
US51655R2004,0.109878355418937,-6.199084810398216,10.91777023658186,17.119357678015973,8.773893097045505,-6.625407918013339,1.2132055085312063,78.82539192,20,202010
US29271Q1031,0.0612187786672777,2.327932424943058,-0.5665832572985507,-4.901875020468959,2.476893814307341,-0.1578221158252284,6.184389522695923,166.4734932,10,101010
US0231398845,-0.0781364551900412,-0.0809057577602907,0.3040878319899314,0.3033830305147382,-1.3288642673996036,-3.460470545080156,0.7795003157868466,206.59264025,40,403010
US01625V1044,-0.0134924027448443,0.5577853627723293,-4.14187879798011,1.2890640051666384,1.3446277261335773,1.9418213626982093,4.456616308873068,1819.0691650000003,35,351020
US03957W1062,0.0476829993820728,0.0046814867271682,-1.1759481952063022,-0.1782126410290051,1.5507043792751156,1.2278741353307614,2.883564758066358,5660.4167128,10,101010
US46590V1008,-0.0673284696270133,-0.1407310964101173,-0.3038347696080439,1.5475225756766728,0.468597564898804,-1.924434343165736,0.4970688448163497,856.2533843999998,60,601040
US74347M1080,0.0923205399551549,-0.9287889708415846,1.6442528050706682,-3.638202471507596,-3.891698522610116,-0.0299970652213972,1.429267911520972,1134.7680758400002,10,101010
US6102361010,-0.0548403184332935,1.9394936517002344,-2.957753055724204,-1.4385655407469982,0.3938244212459998,-0.3928159930783706,2.771957914298714,353.55901081,25,255040
US19459J1043,-0.0595893120620143,1.3711950365383463,-2.763581180277604,-2.519411007377734,-1.183354312528988,-1.2285332549695092,0.1164143970583347,905.0476160000001,35,352020
US00773T1016,0.0339851733026145,-2.084001600402796,4.679115140317617,3.912693807869711,2.5804874186888505,-3.619636532025104,-0.4283946113049383,443.6385422,15,151010
US19239V3024,-0.0264742097418093,1.3489009898892144,6.789117983088866,7.406896416441712,6.066045502784789,-0.750225888502853,-0.3876337631417729,521.12747575,50,501010
US9037311076,-0.0255157878778444,0.6297318116019324,-0.6034405158736541,-2.6983939510859325,-1.882560573441852,-5.150272666157461,1.1979573110329749,15441.014367780002,20,202020
US44812J1043,0.0325032692717614,1.4493352504639574,2.8382661626404566,0.6918680681771681,-4.06263386735537,-6.431772149186672,-0.0176269731362945,4933.36325535,45,451030
US6806652052,-0.0118172507788963,-0.7691036720429546,-0.9306734128698614,-0.5463429081413639,-0.342689839562785,-0.1125755459624546,1.115223184421945,2166.98145762,15,151010
US21077P1084,-0.0823884688453838,-0.3401035303495577,-19.45739971601411,-8.919313045188268,-12.479448175968898,10.925921611721852,-0.8037564621576001,47.38881779999999,35,352020
US40445M1009,,,,,,,,860.331768,10,101010
US00489Q1022,-0.0491998966408723,0.0787138805262431,1.3839465561175397,1.3730203955925646,0.3780740563832956,-3.7326443806179928,-0.1175238295674098,185.7040074,40,402040
US74158E1047,0.0366436338469015,-0.6736867864831488,-3.05804122206824,0.5236237536135949,1.2780141682751,-0.7504046871790213,0.9934715684772688,99.81609493,10,101020
US6390271012,-0.0582694166235558,2.690464659052825,-8.093679785816764,-3.346444422710047,0.2952722647486852,-0.7767204166506883,2.504535544058797,207.56760047999998,30,303020
US17253J1060,-0.0178520450591813,0.934059772150412,-0.6627314612226689,-4.022435897357052,-6.568709721492756,-7.557626761219313,1.260609725890618,5228.00862463,45,451030
US0462241011,0.0122635403108553,1.676418240763928,-0.3642925899522836,-1.1071135656024451,2.796165018839053,-0.1976156385046286,3.647806349673889,985.80826074,20,201060
US5021601043,0.0401461545866197,-1.9106564105077428,-0.5725433640425953,-0.6253097764306088,-0.267502217632971,-2.218058375405205,0.6289395520187204,544.65067746,15,151010
US29402E1029,-0.0027990746938078,-2.1315913364141346,-3.3674791814420457,-0.6487768862182938,-5.3834171333502265,-4.794803663197554,0.46886559147681,108.39959883,25,255040
US5657881067,-0.0830236163112374,1.3071836283281062,1.94416287995687,1.9989018695517675,-0.618963931407872,-3.737293179153062,1.7100282147804364,3528.4788403499997,45,451030
US36166F1003,-0.0565299074948937,0.1922096357024792,0.5585985755400951,1.7860895556899572,0.1686680539264535,0.8550842982948572,1.3935617796883195,200.08929600000002,40,401010
US28657F1030,-0.0878947235310703,3.82027891690721,-2.9519742315891726,-6.443274290142014,-0.6040893768977463,0.31137243910182,3.755315425535003,58.78670084999999,35,352010
US1747401008,-0.0651082721989911,1.2379676472490608,-3.176246892318852,-0.3612774040428836,-0.1196971275416858,-1.3434141897277705,3.3237488947086598,183.112319,40,403010
US34379V1035,-0.009174699916922,-2.6697042165962697,-4.732665896964015,-4.034660912568908,-12.367885906427109,1.9368760897447053,-1.2965830471606137,1763.69996453,20,201040
US6267171022,0.0307015802749498,-1.4372100624360975,0.7902634201050875,1.2279505827155348,0.3645663960866587,-5.10637818387063,-0.5587749190756648,4636.210811280001,10,101020
US6420451089,0.0360482107464387,-3.0709461193570573,1.3285881064384273,6.017878101362024,-0.418626560358919,2.4150061796272477,1.1155677691755015,965.1083428599999,10,101010
US68628V3087,0.0081296538627932,0.5982617885570551,-2.013688698857922,-3.047841654168165,-2.8034401573935863,2.330514744772778,3.336241102346497,378.73430928,20,201030
US14154A1025,,,,,,,,916.9740579200001,20,201030
US6907321029,-0.0852779362472553,2.799728383862388,6.03243177957794,6.592735409534354,7.949610773895149,-10.58651011464826,3.1270742867732166,70.46740983,35,351020
US1559231055,0.0019223153352359,1.4088978604984144,-1.0635060968661103,0.2877654377543668,2.070323822562916,-0.9824105236146896,1.7977506999603732,448.1469895,20,201030
US5786051079,0.0430705114475138,0.7118737375475059,0.7976416304563427,-1.2338580413452065,-0.939729637467276,0.2748594515395259,2.578213519350955,424.21039369999994,20,201060
US68621F1021,-0.1216236464204657,1.7528178941892971,-0.956053161396749,-1.749478487470961,-1.2660960435955966,-2.6600437967830217,-1.026644294267077,122.52381317000001,35,352010
US9139151040,0.0346139399181173,-0.6191760273957849,3.162846745814401,1.3234540420748997,2.304363625057248,-4.083229499996347,1.5570207734531958,1303.3953378,25,253020
US98878K1088,-0.1153357483674566,1.145984846658216,-2.753407477241389,3.518951548167065,1.8029316122090504,-5.010835699968158,6.210243725799764,205.45841563999997,35,352010
US92835K1034,-0.0309257679208356,0.214896927457568,-4.226875427010794,-0.4505605841525004,-8.478800900322863,-2.0525476373638,0.0975733834221069,920.5340652199999,45,452030
US12685J1051,-0.0344964990651264,0.3745385020319217,6.71070840113587,3.747061841060677,6.554377559427421,-3.942442871252,2.70358018194114,177.06887299999997,50,502010
US92333E1047,-0.150783450948052,3.001054335290986,4.173027210580785,0.3377127734876195,1.1298635216494273,-2.217782468238835,1.4214605510383762,86.0900319,25,253010
US91823B1098,-0.1601109066456391,1.9317607221116424,-4.416601183191183,-1.8468022653035407,-1.5096990269026127,-0.2493849970207344,1.3722028650149831,1881.6676954,40,402010
US0412421085,-0.0542545481337366,2.689472367843165,-4.091696893638759,-2.762308294037957,-0.1476011417263325,-3.2341814409985643,1.936713048089698,362.7982626,25,255040
US90328M1071,-0.0790270863280756,2.101702478158117,-2.3244281475925783,0.9019255677399622,2.9986243616546604,-1.5750125978675276,1.494455714292942,144.00020978,30,303020
US90466Y2028,-0.0238362609833672,1.3882508291592628,-4.267715822593609,-4.7430595718207735,-3.139608603775965,0.2448715645202861,2.4562305271854403,149.86078812,35,352010
US67080T1088,0.2500892081985733,-1.1858374976243058,3.4916852731692507,3.479740622423936,6.279192908517988,1.49844932057841,5.991447454048554,290.396862,35,352010
US92511U1025,-0.0216573290700302,2.1406508831279485,4.586616591970811,3.4297633195795942,7.970277185246494,-1.0576440200846988,0.2488510871841411,709.98410448,20,202020
US62855J1043,-0.0370850437381354,-1.5179655184610308,1.3411647426013196,2.540170346292004,-0.2092001502403759,-0.730041316895963,3.475836604027489,282.36901762,35,352010
US45782B3024,-0.079266037102858,1.378759874662267,3.3314878161078094,1.4948858472387587,1.5473105112010617,-4.871657538052277,2.470149468498864,74.36747886,45,452010
US04216R1023,0.0386896145767061,5.372357403077265,-2.7346187505148323,-8.647287593923288,-0.2604950982475189,-4.08094879498011,6.580121140079141,134.35023315,35,352010
US29089Q1058,-0.0650804501613464,-1.2386446857090554,3.3051107865906197,0.7896183633932762,-3.032878039427243,-5.037973093819734,-1.4847672751269387,230.13522056,35,352010
US8256901005,-0.1040595014973671,-1.033208842355856,-1.5612454172075936,-0.4328321858234354,-3.13762654604848,2.685925795751957,2.927893128268122,142.96039437,50,502030
US88675P1030,-0.0826266871495508,1.1796961433648283,-13.868842202273148,-3.5585717591468424,-4.720911710786868,0.9359124457112138,4.677218151458316,42.26089056,20,201040
US88556E1029,-0.1078559858722717,2.3328547117184977,1.0105365309623586,0.8919571990106565,2.3245350369639617,-5.397710446332807,3.104996571964965,383.316318,25,255040
US53263P1057,-0.0406950113737824,1.5066950196115418,1.6071228628006176,1.5846894846414492,4.123648353053984,-1.024331458599418,2.1689635006117856,485.57384063999996,20,201030
US9870841007,,,,,,,,1371.30268536,20,201010
US00791N2018,0.0147813017077636,-6.79703384451466,1.846499838517158,13.22533847742842,0.0415942068766903,-5.142173273207569,-1.335180756773841,135.97406779000002,50,502010
US70532Y4026,0.1048871058026253,-3.848741244979403,3.917559800891224,5.117747439771007,2.4692210937690326,2.870584906484164,1.3858933266624196,,10,101020
US02156K1034,0.138354195532158,-2.5637523185407027,3.7305680847128726,5.354997268757644,7.37273164291371,3.885959386599461,7.567086751241002,267.13548226,50,502010
US14070B3096,0.8722400066764434,-3.792582875692035,36.153199399596886,30.665382969980044,27.76247842528499,20.295372785485508,-4.427915573973924,321.63613716000003,35,352010
US63909J1088,-0.0227261969911296,-3.450072545384308,-5.881808126213139,-8.64809078154003,-11.109405844564993,-6.190165604270121,1.5951926566741357,66.20008215,35,352030
US8860292064,-0.1302244461482855,-1.2434439457923523,4.630874024362479,10.972970309228144,3.1764381119381144,-7.392034508800613,-1.7616769068145777,89.77714324,45,451030
US56565P1030,,,,,,,,252.55319068,35,352010
US78574H1041,0.1171459932762436,-10.405447921108188,10.152027003076224,17.95579034229293,4.682502061142171,-0.768149034812839,-4.175405416100618,602.14295964,10,101020
US00653Q1022,-0.0324625799786678,-0.6203173439368874,1.4072573109861668,3.5609252646546574,2.6428371915594115,-6.964019548810237,0.1387626198026489,628.5472736,35,351020
US48576U2050,-0.0190730062679388,3.91491578314352,0.5897742738412357,0.2688127981573114,3.533681709612465,2.2028356837094707,7.090344139410531,43.41023456,35,352010
US53838J1051,-0.0177490388443335,2.7570441445529,13.021606038319556,8.52604627795624,8.609054038685992,-11.261352659046969,-2.072730822025384,45.98226912,25,251020
US1266381052,-0.0550286582857614,-0.5341107236151224,1.231772369043206,-3.723831738926645,-0.5703508935787176,-6.126532322899527,2.0453961142286534,74.15795024,35,351010
US19200A3032,-0.1840334245589255,4.7103056035997,1.3154265173334032,3.258268821572464,5.819628886811379,-0.1616376449365064,2.732741966162056,7.5849291,50,502010
