,BM,HML,SMB,MOM,OP,INV,REV
2000-01-27,100.0,100.0,100.0,100.0,100.0,100.0,100.0
2000-01-28,100.00000000000003,100.0,100.0,100.0,100.0,100.0,100.0
2000-02-04,104.91472763727258,103.36170945083549,97.88329958371929,104.9003674964871,100.28382983324384,101.85086942235448,98.38435209974246
2000-02-11,103.07146210919528,104.08388279959411,99.2864582565445,109.34093248282959,99.27082433328899,103.51289056839681,92.04237354877363
2000-02-18,100.76668435238581,104.62717524875984,100.08138695750715,112.09346978711388,96.04761063096797,103.90682197901315,86.54366680891653
2000-02-25,100.88862307680385,105.70143065334169,98.67121101964618,119.4177081008899,92.65426255610924,106.36758164072974,85.24102070861989
2000-03-03,107.05300288591192,111.03480443925712,96.36178892690535,127.84198377634323,90.90666218985022,108.50995662854558,82.2880438666931
2000-03-10,105.99575453984764,112.79057459802206,96.82907304545665,131.3878453726743,89.4988058863872,109.47309078312882,79.99007949330296
2000-03-17,110.0981664529008,107.17723401874267,95.37052991113968,116.96926417375681,94.61594888577395,104.82149882921004,91.97404095873898
2000-03-24,114.25263282151361,107.12673421333642,93.48501933661785,118.4240489070791,96.11895266841793,104.86721963613356,92.28455418253063
2000-03-31,112.135633161621,102.06777082075862,94.04630359980489,110.97550638595138,97.3310399509085,101.47395347290134,98.7451164876016
2000-04-07,113.37834329164842,101.97304701287145,93.58947982531892,110.67206153661972,96.57478732661376,99.66662585422621,100.79973323832321
2000-04-14,99.61096358017394,90.93020041097327,96.52312601907583,92.58022675505559,98.1963541908987,89.05532084465823,88.47056408620402
2000-04-21,105.67036769416667,94.18056808115732,93.65446839441566,98.65190305586134,99.05574140249033,91.52662612611572,90.87536787716468
2000-04-28,108.36856725794196,93.97754559275778,91.3614897675346,104.06528495784718,97.45269474220412,93.24288392389107,92.10677067756828
2000-05-05,107.0312254961903,89.26820802901867,92.60780124754203,102.74752796416757,98.24358602366185,92.24526923200729,93.13545074908572
2000-05-12,105.88249528074199,87.17901169401458,90.83571699167422,97.52869441895054,98.88927078677378,88.2800616915316,88.60921909223788
2000-05-19,104.67306382655293,86.77263147916267,90.73957894314476,95.35562960715006,99.33617452658574,87.2288393748369,88.62970858744903
2000-05-26,102.55272665589942,85.35272951952605,89.15757170167802,91.08679468303487,101.27337416798062,84.65314996201418,83.97431927492495
2000-06-02,111.2321461044315,91.88137585801647,85.05303026271609,101.66645659075309,100.08148885149008,94.16779970863587,95.99636538091663
2000-06-09,109.97123236871077,92.26032263956213,87.07069486498251,104.73409174963017,96.1277612246376,96.84742952125998,100.06968562388339
2000-06-16,110.01881738953307,92.46769605847086,85.31415352768072,105.87719244782261,98.09676471047041,94.7946330601651,97.32774213378073
2000-06-23,108.76225347081404,92.7529894373477,86.31728515885638,106.8591098393438,97.30551051380847,94.70679363224374,99.17309062564125
2000-06-30,109.53626730733623,92.24193342198653,87.1217937147513,109.82909530865234,97.64616660205559,96.06762042891395,98.67234505226915
2000-07-07,111.65239828756296,91.20348007677863,87.19166044161057,107.87699245479187,97.71073438566333,95.1544399072077,102.5484430730434
2000-07-14,114.137200973241,91.92599058773644,86.23062702943903,109.22710371042524,96.26433561519259,98.54402061874886,104.79197166244596
2000-07-21,112.07478309054785,91.24182728337051,86.66086508483288,105.93005777579438,97.89994891484918,94.97658995132821,105.04773936852062
2000-07-28,107.31898954589167,85.69043123548333,86.16651725897091,97.62100455016527,100.12600153449122,88.08566290485615,107.57735460796474
2000-08-04,111.06728285976236,79.79473182756972,85.76932274523386,95.13567069271703,104.98381022642388,87.20480675894575,107.26122645957498
2000-08-11,111.87792908297074,78.2419815542843,85.34428077577492,94.50060832183175,106.49611364742246,86.3505411764857,107.09424357850477
2000-08-18,113.5396688016473,80.01672266872814,84.61141536682018,98.28209294951675,105.23031050586809,89.13708372017786,111.55972062356776
2000-08-25,115.23585338593693,81.45086955265438,84.68572208693068,103.08960281921027,104.94427407521574,91.95951312427164,115.61045854990878
2000-09-01,117.14608727578535,83.09764394506934,85.35797812856579,106.26593193094584,104.54495478062233,95.39119659712874,114.15646830281354
2000-09-08,115.01370867441885,80.87626003293215,85.66429289309075,101.80381120317435,104.0202706355365,91.39533377333795,117.3020298123032
2000-09-15,113.07772054595583,80.91482902880365,84.95343707994226,103.55413403423987,103.92335417326836,90.17185341652248,116.43644308735864
2000-09-22,112.06879389214448,82.55127616129938,83.61556700287805,106.9024104580492,105.43820593245913,89.99845142054224,114.08748959332596
2000-09-29,111.64733508847829,81.30595213664525,81.466253059719,108.46336830284864,103.52751040961988,87.95909643590682,112.13403019251037
2000-10-06,108.6017889209303,78.18210385541981,80.12460522931546,104.69248864749375,107.73498803790757,81.9023455711297,107.6757241069079
2000-10-13,105.83371496535244,78.96152921548163,78.98496997455197,106.03672995047795,108.0597100373672,80.76095660988372,105.73582733447965
2000-10-20,107.83407762708211,80.61493586764266,78.38797984433968,110.69001145190347,107.53517508506503,82.61255177650588,104.87989467978139
2000-10-27,106.71868720569812,76.50595372465642,78.76228115263321,105.02505286341365,110.17126345594026,78.52537975815038,104.32250100360676
2000-11-03,110.97645010575475,67.15056332227772,80.72751798613993,101.12349397666785,115.61319395566402,82.22365505862956,107.47489336272805
2000-11-10,105.42179768959768,64.32576418377046,80.24862481095022,98.76573003771007,116.93483201758669,73.87303018106887,99.68541695385701
2000-11-17,105.43758563103735,63.37627878832709,79.28275846530292,98.87941705394438,123.05103921385384,71.80172078297232,95.70664424774729
2000-11-24,103.3072879221466,62.462518570715694,78.13456778236336,97.09199139421995,125.32119033885942,67.92088779470136,93.01394467186321
2000-12-01,101.02753476580575,60.5468304596492,74.13852668050723,99.38800161248436,127.52408478576487,62.74152195505049,85.80596265083052
2000-12-08,106.12232342167084,62.55269995108703,70.6034950483356,104.8490083889206,126.33503835228008,66.81355599747901,88.32753335322865
2000-12-15,101.42270729784894,60.14263622839938,71.76184572018711,102.41689806524892,124.71139168615954,63.73776901974278,85.21967419717195
2000-12-22,100.85190743116283,57.98790790102052,67.37650830747877,104.95960302076327,127.88144949941105,56.98670351664871,77.85933926242824
2000-12-29,102.27307138939487,56.687875453799926,68.91117988945108,105.82799727261514,127.81083703260413,55.983157558429696,76.45995396403848
2001-01-05,99.96714709173288,51.69397186953759,75.69048360286227,91.48430907622893,126.38038872759824,53.547677345599524,84.56860742683772
2001-01-12,102.3238127299703,48.8760948602913,86.63961406104696,75.49472400989721,121.26728012432794,59.662380931288034,97.73185524983701
2001-01-19,104.02285170908092,48.708746646026135,94.02144175002478,66.06175359149267,119.2574037276049,62.61664670928975,107.42900609266488
2001-01-26,105.17608679762678,49.00463993970023,94.83155874516628,65.75394871592047,119.10456967005497,61.50084117763825,108.32335039506827
2001-02-02,104.6708142618017,47.364804988376406,95.956462033372,66.2765163546048,118.66884002936087,58.10055477635713,109.7147708304533
2001-02-09,102.14419054698224,45.97619000834573,93.6575844360559,71.1075121127276,121.06802850771166,54.276640113412064,117.63760869286023
2001-02-16,101.49079560052094,45.46547476732105,93.19351694422274,71.72800719684996,122.22280547695598,52.67601546204071,117.90791803843076
2001-02-23,97.19816590629996,43.71520642924201,91.96700621719057,73.17542802178869,123.4487120065009,49.94785216723761,120.97256913305324
2001-03-02,96.22201018835567,42.84394601355439,90.60035196725559,75.91814570977029,124.98836112791489,47.064324384809126,113.04170954176752
2001-03-09,95.82377121241656,41.86962965343675,88.33947365592587,79.06140593364414,126.35392685566283,44.65351818639047,106.45159806936505
2001-03-16,89.62707126951491,40.78866513640693,87.69823427415461,81.64858544513191,127.5808106680964,43.30196381467516,100.77840051536482
2001-03-23,88.950773387593,41.08047365376916,86.81775126666261,81.4510080237419,128.27070423322695,44.46728439724623,103.90243192262811
2001-03-30,90.28265519250637,39.95900481077672,86.75039527824538,83.78515462398657,126.25797608687483,42.931450785523914,98.20024150765047
2001-04-06,87.41526673557928,40.39701406827286,81.00235096907099,92.70387640055328,131.74164697694184,40.772890837570294,93.2331421330029
2001-04-13,92.20379815027484,40.34266875525616,83.45405063722902,85.095614746491,127.59966734869337,44.91572125685095,104.00810130661148
2001-04-20,97.23134098828668,40.41354785795033,87.0964879907186,76.06306516673601,126.35697555041722,48.70929250701703,116.5418303821782
2001-04-27,98.04135140178317,39.396944942586856,89.17759687357483,79.0773272902438,126.61513001459656,46.53293694207418,113.82387429132278
2001-05-04,99.5995878089904,37.678615476754,94.77904822801025,72.34837123762424,122.06568707298106,47.06726584165356,116.1414590256767
2001-05-11,97.87872903002821,37.35725455158455,94.23651081533227,75.06834646108808,121.28565315015933,46.44385190314581,117.90928660647084
2001-05-18,101.5647958677185,37.993089384316086,90.81640718763984,76.14528227983574,119.2575050117496,47.24065221317006,115.83941905297445
2001-05-25,100.89827412893888,37.53148796464763,96.69746201222144,70.87177155332091,114.87763760293033,47.57807071250683,116.33583321110031
2001-06-01,99.36955835512181,37.11104911289397,94.4716651843377,75.16790460690497,115.7193119214362,46.60545554718126,119.20432691005963
2001-06-08,99.96672094953793,36.55993698577807,97.77399651966918,73.15441116474301,113.38524527023556,46.101960063504045,118.34703614166031
2001-06-15,95.86544932949505,35.76735511783431,98.15866562064,75.9903744061745,114.60471495108592,44.96727071377781,123.16800562031379
2001-06-22,96.64335734243461,35.831111870741644,94.93716549186328,78.29169856841216,115.70649372345918,44.82797271397948,123.57294849251305
2001-06-29,97.14252648069407,34.62883060088576,98.94312840861737,75.6131807669647,110.17204386661794,46.29609877833439,117.89071337551665
2001-07-06,94.2802218486981,34.571644982399604,96.29953429303922,80.67055617607706,113.07174831685819,44.43936512205954,123.4534441239865
2001-07-13,96.00137981269846,34.09320023286511,96.74752701370116,80.91950335122355,113.7458888562698,44.598058060670716,121.08847988724612
2001-07-20,95.71339322334245,34.061831207105314,97.65126767180567,83.41082127902533,116.1490469737083,43.781386950250095,121.02602819107138
2001-07-27,95.50297085936596,33.904720854177185,96.34972981119897,82.5274753278926,115.92080203447335,44.10640673251363,122.8626000014548
2001-08-03,96.43375491243381,32.66194485725302,95.66410232669645,80.78757978969533,114.91948928459185,43.420766517239755,124.04690644043646
2001-08-10,94.52016528715411,32.16233860748843,95.5432373608447,84.58265088887072,115.86366767106144,42.464856677690484,120.39908986332834
2001-08-17,92.51004064387232,31.833412638925985,96.39880660714492,88.1173622122228,117.75288759262439,41.9790399395517,117.55640175189308
2001-08-24,94.27770239137978,31.862205474298904,94.90490369396433,87.7339560432585,116.97835266881106,42.10089730574586,117.56027217722634
2001-08-31,90.56399432820429,31.416464304639884,95.70620467530172,89.06165150687755,116.67100243416995,41.580336480792106,117.1204242437188
2001-09-07,86.71873283245063,31.49485246878101,94.89529951494558,93.60721119789989,119.1191797928599,41.500069184929835,111.72965832739388
2001-09-14,87.13362644016459,31.71800994549008,94.07889089005648,93.57352536729779,119.85262353224458,41.30323253715555,111.91997548874863
2001-09-21,77.0552679917379,31.827345954555476,92.78385607897633,97.59064009653905,124.76807606480016,41.21919183620091,108.56094270944816
2001-09-28,82.87291740335206,31.714129831265364,91.53716081693446,102.58082869406256,126.04775932906279,40.76773390642524,104.68326277162753
2001-10-05,85.2838224129946,31.219610102758274,93.06111143324691,96.82916820505041,123.11116918154498,41.8003594119145,115.86239342773206
2001-10-12,87.19720618582313,30.508118389829317,95.88273359425571,86.37888772475749,118.1015326999781,42.14155928624927,128.6762207712088
2001-10-19,85.91837914548981,30.225605494311328,97.70515196820224,86.5546334203965,118.35119453338906,41.728353705614076,126.32534038350374
2001-10-26,88.62304828611538,29.58142049087809,98.14147007885697,81.04485162446109,115.44272425146,41.87195650365346,133.6574977598131
2001-11-02,87.47559772459572,28.886609568725408,99.30669797721511,82.81901305279368,114.81909993201556,41.67329550012599,136.76087299811127
2001-11-09,89.82774655523643,28.766995589605823,99.34957242450695,78.14209627667114,115.66567751882718,41.17767993018941,133.63724371887318
2001-11-16,91.48689890169395,28.02513940686522,102.41773117179402,73.07135410314956,112.294498371563,39.539959413961235,131.7288270034749
2001-11-23,92.45554824666478,27.979288864707833,104.1825434281752,72.09605868836005,112.16486566338281,39.21455209476172,132.88681426999645
2001-11-30,91.79758384451962,27.921967730152463,105.5007477142458,72.46480557231396,112.0703497121462,38.971643375852175,131.399763135983
2001-12-07,93.60705622476267,27.469136977010834,106.54695202582589,69.88417829933572,109.57392898863749,38.25819890453846,127.80664928123241
2001-12-14,90.90849370509223,27.0692763405257,108.45829230963479,71.78168531185328,110.19106695969127,38.128357790230325,130.29982965603125
2001-12-21,92.69756226419547,26.83062216999282,109.93617745717408,72.20475568215943,110.85895936554428,39.043691098312124,130.52387123430253
2001-12-28,94.03844238434579,26.78018140582573,111.05648166295718,69.89498795570549,110.50993641274152,38.94386857046761,130.2432261620313
2002-01-04,95.03973778665805,26.345096436363676,113.47801461758286,67.47506547811517,106.6816896877565,37.689930248476585,132.47510181794127
2002-01-11,93.03828444466473,26.302130486704602,114.40610289908902,68.67547479754043,107.83522955271889,37.6295919523484,132.71083224076307
2002-01-18,91.51672382609544,26.620600529018137,111.53354035223686,72.07669942924852,111.39209349392537,38.405142425740024,133.10768527069777
2002-01-25,92.12594990772072,26.462131563275282,109.79567043225667,72.54733222586158,113.39519256944493,38.608058074643054,133.82870941188887
2002-02-01,91.52492643281997,26.28316673423555,108.85421336101678,75.49808944939197,114.69282068065245,38.53902197792737,132.06454659195208
2002-02-08,89.5719531404816,25.74955666966991,106.95065283089144,78.70243364292743,118.129492632149,39.104508901249524,129.77500299005317
2002-02-15,90.20609379205668,25.439566916352206,105.2755746362471,79.79570540171198,119.61417821257672,39.21343779856988,129.46737466080847
2002-02-22,88.9923890966775,24.93126472165833,105.08179936003249,82.31122741584569,123.72777394071119,39.798223497420395,128.10861748563255
2002-03-01,92.40473419534086,24.864203815389203,102.63618552096432,82.39199444494963,122.65200657398549,39.7471990895923,129.4592553527696
2002-03-08,95.3681121927044,23.870445647013383,105.36430575435642,76.53488024052342,114.48783501625226,38.40595436274728,142.48349122281948
2002-03-15,95.43318111602298,23.850510020319703,106.15329892883167,77.56140985825154,117.03001378769835,39.276734936046616,136.62349514132762
2002-03-22,94.29383678847846,23.454017326828627,107.73955057673047,78.09040214665427,116.391595335644,39.38732188679328,135.94339793156308
2002-03-29,94.24654505260126,23.360727965741056,107.66823110999718,79.11220427527182,115.21339032454303,39.513551819831875,133.06149080304962
2002-04-05,92.3007265471378,23.174974212957,106.24739065002119,81.27081148562034,118.4791278515695,40.0226333113931,133.06285819552107
2002-04-12,91.75222253961167,22.840331591778646,107.71728731297807,83.69836874366732,118.97786993887576,40.1285325968021,133.0009677751553
2002-04-19,92.93455789324865,22.748023761972274,108.05926514789913,81.68728759023935,118.00287282211445,40.37539259133625,131.34578373589167
2002-04-26,89.31504655600888,22.55415792725412,106.40251788657667,85.09983098265133,124.09632327180377,41.423438320323434,130.8001683836733
2002-05-03,89.27940100292152,22.113957102221637,108.21631234987753,88.20846229638886,126.51295781874609,42.10992196405238,123.21384703946826
2002-05-10,87.71304499611284,22.401219639801255,104.2169144895072,89.68481205555722,128.03926462037157,42.1879213486678,122.52825456960713
2002-05-17,91.87722255072106,22.181251092495778,102.98405456006084,88.86711755819209,126.91205409989173,42.030030547493375,128.5526438585349
2002-05-24,89.9228624562258,22.04843250019875,100.11317230784802,89.6387312014634,128.84233882787504,42.26055115879644,126.16262182753545
2002-05-31,88.59183239882339,22.24944960088438,99.8980415857491,90.42600003263294,130.9146401223565,42.29623623192863,124.60074047296823
2002-06-07,85.39461054431091,22.186031333777983,97.66300272174288,95.50403796048752,135.5986160032483,42.86848409054571,122.30747381295753
2002-06-14,83.59905870478744,22.254794584872844,96.98479907318304,98.19769838040165,138.1973425612888,43.33879712000015,121.23457856062575
2002-06-21,82.14100665686094,22.256215207142276,98.65704091250699,101.70937463872222,140.3609325322353,43.52462088350314,122.99669808046625
2002-06-28,82.17385227905102,21.984695102931216,98.98099501503131,103.65781251658271,139.47311428634916,43.63195806619473,122.84866087420616
2002-07-05,81.6582133073635,22.121934926716825,96.66135762668108,106.037786419437,143.76935998966115,43.5227353968807,124.68176799128983
2002-07-12,76.34857682077346,22.23596803754765,98.43943048035214,106.95086503703811,143.28964359009163,43.38013396467077,125.21651668494998
2002-07-19,70.8772619610589,22.097157372328184,99.44329378429035,104.650783330951,141.23791989080834,43.40080343535801,127.02354068559745
2002-07-26,71.33737148927143,22.81206985847164,98.11668821927694,109.80988925454893,150.94657585588575,43.9493729367791,121.32022501956115
2002-08-02,72.45531167354157,22.348386213788928,94.13422999631764,111.56339679748042,149.9985546953944,44.21370012526484,122.66201465104974
2002-08-09,76.09595158106414,22.336624755224005,90.96468294110436,112.39222464710869,151.11232141307258,44.28995510666186,122.77038588504573
2002-08-16,77.90200440186432,22.350287724693036,88.9653168716683,112.83061294722599,151.92693544215777,44.57374730654253,124.56889381824098
2002-08-23,78.93158205671017,21.64649091115073,91.3195306295918,107.74955024675873,149.535324285103,44.5976633797595,129.9541184596477
2002-08-30,76.91398830887279,21.940090504891327,91.27417821541351,110.77533044763811,151.7560185665602,44.86159001655242,127.99974851459547
2002-09-06,75.28513684176026,21.729783232616352,92.72391107926148,111.59211267149811,153.1604559880158,44.807492084034436,128.1885754037951
2002-09-13,74.83955880136308,21.96802856251613,92.73370601876779,112.43892659798388,154.32930487898275,45.000307678243146,127.8479462300207
2002-09-20,71.07416934294291,22.40112331656466,91.40525887522409,118.1913548056063,159.72869946266894,45.581411350348255,127.91664330793742
2002-09-27,69.68034379318618,22.63817427575538,89.34136525591964,122.42379672433387,163.41850781970803,46.669207024318354,126.2525636367805
2002-10-04,67.29082006371132,23.23426332360968,89.78223443726665,126.67097668329221,168.03225283019415,46.96309685296611,120.46909377415808
2002-10-11,69.89643219382492,23.62019219059785,85.61808058793902,128.45664456479534,173.54647286074047,47.18847079062756,122.60193549611488
2002-10-18,74.09955785009001,23.613504613623526,86.06138405534956,126.76690567587893,172.4206798234772,47.441979217918615,127.3521713531547
2002-10-25,75.42067654535313,22.35593536787368,89.80466603572548,118.31103671425645,166.54785749497086,45.99951666986878,137.05852617650592
2002-11-01,76.10367570032912,21.042081133946564,93.69863077247861,111.03404780510138,159.88577582349905,44.84740356850351,136.95407948143315
2002-11-08,75.55320102024261,20.50575467876841,97.54224700319965,105.75268835843382,154.78118897125867,44.08019690592681,141.05645412717192
2002-11-15,76.79815957749165,19.949863498189597,97.11572247316174,102.68248957012811,153.22494594582983,43.4178796055912,137.83604108230926
2002-11-22,78.6840810723504,18.144467348435608,101.11425871477863,88.7863282525217,140.55889282924844,41.29116875153755,135.33064674217476
2002-11-29,79.2525980655972,17.108785196590848,106.7298432670643,82.02466711402225,131.37806800094853,39.68900206231651,139.13519888557997
2002-12-06,77.31314047787217,17.23873780600897,106.60012938479097,86.7108496052244,135.54857415574793,40.816183367602605,148.8019788279033
2002-12-13,75.4802931314286,17.306810217755007,105.16913985585974,89.60843313303803,136.86762140704485,41.27918379340044,152.62951835606458
2002-12-20,75.92967758484056,17.48967631571061,103.59374688590754,91.81981641738793,138.80438644229375,41.45611774251386,154.83262337585296
2002-12-27,74.37060541402923,17.477500604482852,105.08261277015849,91.32842453240627,137.8360922471712,41.46948152531696,154.98794971478512
2003-01-03,76.99695952462037,17.29827858638951,103.03615223815143,89.81213125161369,137.21488746845984,41.2025134282734,158.51290609450496
2003-01-10,78.58720111182743,16.55587564422989,103.25729344426729,86.01266637125484,133.34728221921083,40.4871374654989,166.4209647565636
2003-01-17,76.45727825462377,16.78474762411488,103.80171403987923,88.09339844757413,134.9855629435566,40.656004931778135,161.84188781730478
2003-01-24,73.34039180361388,17.022748335238152,103.70737029995844,90.31201728103726,137.11973305622607,41.35193974569089,158.2533150454857
2003-01-31,73.0546425472263,17.282131730545245,102.97004438915268,92.52757105674468,139.0705021869019,41.53094551428907,155.84755872191707
2003-02-07,70.97489170763706,17.378045594536495,101.13688091604504,94.99364779885389,140.71748807849755,41.95847139354472,155.11611796443648
2003-02-14,71.30871745566587,17.23689366050281,100.46953730652292,95.29320955711928,142.16295319847765,41.69994295164431,155.5421339758739
2003-02-21,72.56893844165907,17.08270093098168,100.2145981719361,95.02642347111109,140.72625505832303,41.5109074361502,156.06378830171528
2003-02-28,72.02503744950926,17.070647838466932,99.11240254424519,95.89167777928176,140.9550048608523,41.78953956194517,155.16085978042224
2003-03-07,71.04247030018514,17.216615760526462,98.41942878855686,98.14168429380143,142.83694564794996,41.98503755378025,154.07091512234132
2003-03-14,71.36589091466075,17.194553155746085,98.85329535749892,97.88722536778482,142.48419546817084,42.30382280300341,154.04481039525345
2003-03-21,76.5456797271613,16.697420277558304,98.51801320307837,93.49123028490563,138.61575020981266,41.36689734396217,158.32231044214825
2003-03-28,74.01442557356661,17.041145285466815,99.47755905275842,95.60295687906404,138.66087932874456,42.091186568851235,156.8100991358445
2003-04-04,75.27722001477274,16.82275976123214,100.64244196994133,93.86239911902813,137.05541212534894,41.43695773491212,158.48393816382924
2003-04-11,74.39226396554824,16.74552044740484,101.28526819830128,94.47517202341346,138.26523208211748,41.653619463262054,159.13654866678723
2003-04-18,76.7046970275122,16.384390145045757,101.62921788681041,91.79565908312438,135.7596073717987,40.924162706390725,161.7409228100096
2003-04-25,77.53847828123263,16.269023555842054,103.31585201242072,88.9761473023106,135.7973126238286,40.92957055604843,162.4510481440853
2003-05-02,80.45382163459446,15.398530631220313,107.70079760352307,83.24122609236191,129.71175690311563,39.1141334290492,161.39260808824383
2003-05-09,81.060712531651,14.962012056578086,110.2184980550443,79.93494421757049,126.75870330605214,38.42025671580831,161.30552179076705
2003-05-16,81.94967935180354,14.832314874620591,111.82146777319022,75.77489387355224,123.69162869592786,36.95872919174447,162.08260983872623
2003-05-23,81.29089589924115,14.768336547393998,112.8805635138572,75.21405224874078,122.32984395330102,36.894231680935704,161.50564351364852
2003-05-30,84.06313134166665,14.02207352535526,118.44894695943967,69.34040489951015,116.22205965582329,34.80372081236544,160.15896419171165
2003-06-06,86.2259067563585,13.695074070562317,122.07307586875646,66.99252621851096,113.95715021290903,33.87704394276386,157.69534427251602
2003-06-13,86.18793320064863,13.79408444752696,121.48723113087851,68.61629990500734,115.81474803468163,34.463031720823345,160.09215306893623
2003-06-20,86.66275892349807,13.638590163892033,122.54373503884113,67.40848409345347,115.88351010210908,34.701479141923684,161.43710936916767
2003-06-27,85.22830364468271,13.6576170641842,124.95641053613276,67.85047810743026,115.81518099754501,34.86965501749085,161.5258104401412
2003-07-04,86.17524271022762,13.46975667605386,127.79744590525807,68.21054761504965,113.89043706723452,34.47248458123259,161.64860190203447
2003-07-11,87.41176267183789,13.235915644607612,131.10560807194088,67.46405682204657,110.12451149624025,33.61916400148876,161.91870775116357
2003-07-18,87.00604493497036,13.325382218095081,130.37550075274362,66.60418482382352,111.7887052827851,34.01532995503419,163.09553165991673
2003-07-25,87.6262310715839,13.023605324884793,130.0161341291578,66.77744945557266,110.4989404248206,33.68636505851296,162.70187134935074
2003-08-01,86.33209368191707,12.727526471877537,131.8933580894217,66.29143204070286,108.90400981222147,33.49365191654885,161.13144736858465
2003-08-08,85.9660014648034,12.755912437113198,128.49378908058804,64.96013889096973,113.31072687574695,34.210166987494965,165.74210258741286
2003-08-15,87.27791597625769,12.64272800536713,130.55695914122023,65.27807233273387,110.95341551311913,33.918180676263646,162.903726270266
2003-08-22,87.72212760077367,12.39549224437212,131.90348979764738,65.17184215964336,106.68231821820709,33.266426834319695,160.4687488561302
2003-08-29,89.13229282050034,12.370712053251877,132.6591039639352,65.36519717586116,104.73006063244966,32.93592402289293,158.9022939186325
2003-09-05,90.42129269122132,12.19342041968774,134.55334523268505,66.17860514374894,103.38507930702478,32.204737985282264,160.5213388279026
2003-09-12,90.21637824571131,12.072852416702613,137.42809503904786,66.18755796211816,103.50821754123461,31.880886879243953,162.23744192881065
2003-09-19,91.84028421146128,12.04786260379377,138.27665228605625,67.967580732759,103.49474448416828,31.464952330245023,161.58195822087964
2003-09-26,88.15870791817399,12.268679602453243,135.6794541715507,66.14506493844756,107.69159857821425,32.27044522167207,165.03167317722145
2003-10-03,91.2803367851048,12.246028598418043,136.75556167912393,67.98061675562799,106.31994293866201,32.055965929663884,167.7748850142059
2003-10-10,92.04159556138428,12.185646583624353,136.59837594051405,69.40900571638603,105.35923400622852,31.73810077328225,166.73425985814148
2003-10-17,92.2460456260648,12.09087609530884,138.59711339572354,69.16235287553623,105.78809674262935,31.43185877996989,166.90276562731103
2003-10-24,91.38523405690367,12.18870687800673,135.69687821067004,67.39440866627136,108.34255873783552,31.944059717867255,167.05893734322598
2003-10-31,93.66808296716488,11.807124409845454,137.41604670245266,68.80190617694443,105.81977087250607,31.56182460488573,168.49348447525242
2003-11-07,94.33793547100717,11.785779778649136,139.95533656553866,69.8320702211525,104.0236088841446,31.109338068885997,165.81225906227252
2003-11-14,94.08935155760224,11.860767486158787,138.51965271164514,68.25710039721284,105.89350623419641,31.627049110249658,166.63509036078867
2003-11-21,92.76518323998917,11.655742378947695,139.65650431035922,67.45235757853173,106.96945489854295,31.596763835358928,166.25972243768882
2003-11-28,95.04160446779528,11.507642492797585,141.00283988095504,69.3566812494236,105.14749223585554,31.390592265478972,165.5270333144353
2003-12-05,95.0424727075658,11.435749414917366,140.06087820813204,67.6513731593994,104.90936137352881,31.43490740702895,166.5927956709322
2003-12-12,96.08388559649933,11.244646272894382,142.1172659230521,66.29953430447102,104.22834727077083,31.017500262117014,166.28431563167112
2003-12-19,97.14445493201252,11.17829414332998,139.59957828891766,65.8077190576112,103.79741875530922,30.998425833284287,167.2400696668184
2003-12-26,97.83422493061818,11.09557194735071,140.6773683217319,65.49323619116463,102.14486226773306,30.848738226933634,167.38274547165435
2004-01-02,98.88381928065048,11.003071369417826,141.71850393196482,65.95181378634719,101.26056770053364,30.66922329442195,169.0711098072014
2004-01-09,100.18749182013116,10.941053181542092,143.17577740628747,68.19124218724646,97.93173357908,29.777528567837525,172.67944374742189
2004-01-16,101.91825311245766,10.734231333809822,144.04426329601193,70.15967443077939,95.94552836672841,29.313682109886436,176.92379709014952
2004-01-23,102.29567103370663,10.755931029794496,145.67108542700595,69.53235985533912,95.51705278347798,29.58576729027635,174.79135939593567
2004-01-30,101.52201896944877,10.872257930084137,143.81519783199235,68.38915098301749,97.38566808502016,29.652503917149,174.99268249369433
2004-02-06,102.77659945109916,10.79343231324055,141.70040193229272,68.18844052990798,98.44594039946651,29.793742011887446,176.03160621970073
2004-02-13,103.1773696075017,10.73832284237948,141.1034978807576,67.7373732069833,98.77305448637826,29.94342762686789,177.54640624855682
2004-02-20,102.88432104937621,10.697676854277475,140.96053236418498,66.66155829221547,98.7546244453309,29.8668892679438,178.32630652448688
2004-02-27,103.15959432206742,10.686931305533607,141.63787452731074,66.61162793220356,99.72659079001252,29.868890402539588,179.37513196947245
2004-03-05,104.50145517370335,10.675229143504652,142.0568484745628,66.94179099877478,99.27990658297901,29.9645031152288,179.04652855282933
2004-03-12,101.3112282809469,10.663271374043907,143.66425173764202,65.60809503257657,100.74727517332067,30.051697540312897,177.86482578912614
2004-03-19,100.22284012465269,10.686756365139853,140.61702898832934,65.27008845418626,102.31057491294722,30.291936787061335,176.04342404546182
2004-03-26,100.08470064201903,10.666588535451613,141.40218127838392,66.00106019405617,102.56071621667316,30.136088890409127,177.58544172814763
2004-04-02,103.39995886383437,10.57499865373714,143.16750670238804,67.80941525020323,99.69512102294169,29.964946674799087,181.67220800189767
2004-04-09,103.04153813683263,10.45495600183741,143.33213226183727,67.8903838200681,100.17553964633204,30.202338730525813,182.99180002796558
2004-04-16,102.37018177515039,10.472780029505158,141.49256106315556,66.17439354691719,102.53218002766073,30.21583788247396,180.54091548963967
2004-04-23,103.04725041074363,10.336015161284703,141.45709895122923,66.85341391538272,102.10758668523371,30.304181370812888,182.50543204676705
2004-04-30,100.23921336214278,10.433541027039947,138.63922902334207,63.639478467066034,106.46239568577603,30.516687337689692,178.13073223214425
2004-05-07,99.56132014486153,10.378945135845544,135.5219547621692,64.34844562382182,106.70415421175879,30.60399708939977,178.77937038756235
2004-05-14,99.1855529394687,10.344192031881269,134.01295252346202,64.07375775543147,107.75978358554192,30.616712492296255,178.23628659791186
2004-05-21,99.10468275464974,10.236976258505242,133.1075472230779,64.54803762383094,106.7941102264768,30.648517745627633,180.7370687012309
2004-05-28,101.84569207117136,10.210433767591581,132.78832525370473,65.5258883504245,106.44458004575165,30.74424512094154,185.4739850515027
2004-06-04,101.93402465034963,10.203674103935999,134.4468883473412,65.21061358110906,106.31981560366816,30.82976234868109,187.6665479380278
2004-06-11,102.95011525384055,10.134737053410273,134.4188593214629,65.40325934197047,106.8539137113144,30.479137505110458,187.66213776569558
2004-06-18,102.82145507623831,10.11938081836166,132.11975724018606,66.52926270834654,107.17715741978364,30.589879339167084,187.84957110376973
2004-06-25,103.16324418007554,10.029838333411941,133.13132772958735,67.8606764820956,105.60134664997736,30.660884132471644,185.65762057858737
2004-07-02,102.35157759289113,10.066125988896397,134.82354310169725,67.58363699587404,106.17786030359387,30.600123271984124,185.24060769245833
2004-07-09,101.04891324102682,10.133256352899556,133.2975866036134,67.27114982219857,107.41076918056991,30.415542071218933,184.41278615666332
2004-07-16,100.1848879614681,10.165446752449487,132.294536044612,67.37981328169467,108.8700263522985,30.219770431574375,181.5948042475113
2004-07-23,98.66272604032636,10.141703896664842,131.944930645154,66.86546944538841,110.41378466220898,30.059078022783666,182.8378898475627
2004-07-30,100.25775529778491,9.96424613845511,132.17260966601927,67.293366443008,109.66864687561876,30.150048800115922,180.71929239031417
2004-08-06,96.93023307124005,9.992529883114225,128.0594072430584,65.98864902650463,112.87344301366338,29.760750113812428,172.15231819037274
2004-08-13,96.94213003401137,10.016061565103794,127.63214347024504,66.65873434909004,113.2439200882547,29.628694595200855,169.57850293705607
2004-08-20,100.29280315287566,9.950290335080172,130.7750281387051,66.2144725338295,110.55906348635749,29.880862704238396,176.3265048210579
2004-08-27,101.17058884896782,9.999445517999979,131.09925865261027,66.09067041063724,110.02620515820534,29.915263968168293,177.1425393796236
2004-09-03,101.7336080091783,10.100802109640384,131.25709154209446,67.22078192566114,110.6208131146803,29.963454229717193,175.80833823806418
2004-09-10,102.81903437037985,9.942564410407078,133.83050346377433,67.0228463412803,109.87149220627167,30.266102636904364,179.37617112052882
2004-09-17,103.26899757300106,9.869124736556428,134.30212596534017,67.05148284507109,110.83940121785292,30.571484700866733,182.11433239173968
2004-09-24,101.6850986356566,9.98719740286806,133.0930420488423,68.42658491019924,112.4430842516238,30.787866586995904,182.661335459476
2004-10-01,103.6600491060715,9.856040832590814,134.58388804487436,68.27943755697869,111.81946285611609,30.759832140762597,182.23878593839495
2004-10-08,102.76473337149497,9.869405842263717,133.57870497734783,68.96298451468127,111.7039792957444,30.528385946686612,182.2492292718918
2004-10-15,101.70447442512274,9.898005792505776,133.61213011252298,69.10453780159006,112.01372716262671,30.466225050686912,182.98035614897128
2004-10-22,100.79477116050764,9.89540968813688,133.5709257977164,68.787314041652,112.06179602848589,30.63237847645112,182.72385251081326
2004-10-29,104.21115076266742,9.764126745296002,133.08731984115045,67.66701933544715,112.79698542187637,30.895653063363124,183.2670585727213
2004-11-05,107.64120792573777,9.686835942612559,132.75223939416182,67.40649856872614,113.60932210726685,30.819485087673677,186.8743691226383
2004-11-12,109.5216218771038,9.627083098825851,134.34937679995267,67.85084189637999,113.30098106926461,30.97485333309898,188.64489875792415
2004-11-19,108.02562836328835,9.444315762893037,135.19034566255354,66.99790043673909,112.19260222048366,30.838520192352238,191.34848150464344
2004-11-26,109.4145049293598,9.427042189367043,137.1589692002133,68.31061576651238,111.29889379120392,30.93018479976716,192.5686038761101
2004-12-03,110.42593035850261,9.283488013077708,138.64626831873514,66.99591065660282,110.62485080227707,31.11457518516086,194.71940013967765
2004-12-10,110.04785181931913,9.359816725989422,138.24801767963888,66.63439875904336,111.61822804122819,31.078965253547448,196.77299137711506
2004-12-17,110.84466216927946,9.317584042527066,139.40599983255845,67.0280724866411,111.0959617359043,31.355092756636193,195.48816757983474
2004-12-24,112.20248714072301,9.34662349207676,139.8524992065909,67.04205642712972,110.87093861051983,31.179803996009532,195.45827413229202
2004-12-31,112.47800537396054,9.324838603496495,139.90451483051487,66.32353827568505,110.57390273806729,31.183741290568435,195.17338652979308
2005-01-07,109.54805508901653,9.375073457869282,136.84490055199467,67.49651531977176,112.55677132006319,31.162489421244803,195.46469441801497
2005-01-14,109.55652691565619,9.375818931188302,135.96656311822812,68.90139925250743,113.26012736251607,31.137135832751955,194.06941072314896
2005-01-21,108.18494697066878,9.471386287368373,135.56262132500456,69.45179411606092,112.86774577669215,31.12705140317739,193.84023076812224
2005-01-28,108.60387357883741,9.427126222619396,135.53526530894632,69.92873093271764,113.88926266719757,31.037854745430412,193.7072809920747
2005-02-04,116.36842840473608,9.380094008035465,134.54369457789872,71.28357506119225,115.53561207335812,31.090934581561086,192.69906835748807
2005-02-11,116.67370667111604,9.282873591044156,133.15726887223585,71.17561455322627,115.51025841181598,31.07970163685519,191.86546153451516
2005-02-18,116.36684142538238,9.270794952553826,131.75815921975632,72.11229459901399,115.4915382625341,31.12197038226639,190.26136980183261
2005-02-25,117.38131354084024,9.300710130843845,130.79429065044522,73.2121756940261,116.57609842498687,31.32252134740672,187.50163803800845
2005-03-04,118.48265562996974,9.34479180258052,129.91861375771384,74.34699186773862,117.87488730386916,31.134740119169017,187.062470130686
2005-03-11,116.36396517723101,9.294187767172708,127.79515450465195,74.21597951723666,118.01558956732676,30.82899468616773,187.6877553958093
2005-03-18,115.4318385953798,9.28068002047011,127.07333126851965,74.84256946137107,117.14783175851626,30.716949047040277,186.27712195055656
2005-03-25,113.82668126973125,9.20511358804131,127.54072087619983,74.21513847564434,117.03929194889788,30.657012944388107,187.1842705714378
2005-04-01,113.88341554726824,9.284717011181073,125.42062112237389,75.84643357671818,117.27330985699213,30.698894909377337,184.78082843918193
2005-04-08,114.56584027268995,9.284735440356146,123.94155481108005,76.05681217441423,117.16637463841937,30.637063451279577,182.71116161477556
2005-04-15,110.77865694049378,9.275828688133627,123.11769634247354,75.66638131813643,116.2479984232504,30.478938205462768,181.47402555638433
2005-04-22,111.82466004782029,9.228535260735306,122.61689032275359,76.41124458376318,116.59177992153796,30.836640320890904,183.18692034459866
2005-04-29,112.52510354184965,9.154696904228029,119.28685445656036,76.859728365515,118.70876586820619,30.732498610334037,180.14255478041517
2005-05-06,114.54391531775634,9.06034240493361,120.98446144631359,77.1572651890799,118.60370995655641,30.874793591900445,181.91929059546092
2005-05-13,112.88001267373272,8.963281678965359,119.80876106631993,75.15133151433105,117.76545025491413,30.609086937304433,178.497313145614
2005-05-20,116.57521580024962,8.918917796072286,120.3466255515902,75.32037979319908,117.80744643729764,30.686050968674323,181.96193480674674
2005-05-27,117.55523848191447,8.928071599310753,120.49887136191404,76.28243196990988,118.76250916126658,30.74323894881617,184.6203362134753
2005-06-03,117.48622456989547,8.92883205596169,120.76219863123453,76.60498083584314,118.30910981733884,30.857926923162417,186.14383545140672
2005-06-10,117.73615502883804,8.894245787375993,121.40871288586939,76.40658217714527,117.88326234202029,30.986969726611907,185.3838612221679
2005-06-17,119.6962077957615,8.875615662749404,122.23267972478513,76.36126545593737,117.51791018354741,31.140718245702743,185.4742035927871
2005-06-24,117.25163743053807,8.871467621616185,123.01638955087466,75.9439088510201,116.06926259865712,31.277089061655293,187.14952305522155
2005-07-01,117.95878575977676,8.89840969530027,123.99575670905905,76.62751217231568,116.39022779072339,31.29952032406037,187.26223196611036
2005-07-08,119.87999617158714,8.81373115621248,125.38145183964482,76.43479675980606,115.5680401503252,31.22159004777113,187.3649252183076
2005-07-15,121.28205738185038,8.775830479213683,125.32285536130746,74.81048914407286,115.90434431207116,31.043674343000394,188.92472469801953
2005-07-22,122.14100085826821,8.666587622337982,127.1693248753825,74.6889991420175,115.19013476599635,31.088016668189123,189.1928197447408
2005-07-29,122.79701105559468,8.65413258624322,126.60858579051408,75.42793536766823,115.69898282255454,31.226185165712778,188.7807037462258
2005-08-05,121.99131285242657,8.557919788117294,124.73799334936035,75.63718087172185,115.80020288616073,31.11052715765533,190.50229606628747
2005-08-12,122.27121618646522,8.49622592704253,122.70321657939849,76.44568942087926,116.24609528499742,31.17640544986017,189.58369359206876
2005-08-19,121.23451296015394,8.408129307850963,122.0951687223207,75.59080647483255,115.021420344797,30.968481303429517,190.87374162203795
2005-08-26,119.97468990758476,8.398150812199543,122.75271974225647,75.79373508026136,114.16440259809643,30.987284222768906,191.18155987025457
2005-09-02,121.47420832241752,8.441215237109574,124.07838277154836,76.72149775006613,114.43295211059574,31.09534763202154,192.20701861944852
2005-09-09,123.78331313660888,8.436992640188128,123.85715032347122,77.5985996607001,114.54417598626242,31.075038586966723,191.17088946985177
2005-09-16,123.35823836610523,8.471638559914158,123.55311001906743,77.235917449798,114.28805987101154,30.9897306317362,189.40477984081892
2005-09-23,121.065979097412,8.478639264841116,122.74607926606318,78.3112729893042,114.52990344021018,31.048434484316886,187.33146430812687
2005-09-30,122.67228163256071,8.53216445417966,121.99466052157763,79.32211868884622,114.9033776312459,31.1990415065394,185.7843988829177
2005-10-07,119.34844779713124,8.432672351548241,121.77869937656219,78.77748289738513,115.35775065773086,31.051265754307437,187.01733614669885
2005-10-14,118.19059786851375,8.387324934583608,121.49305360732714,78.60887981146628,116.00632759108683,31.026168162372002,186.92905490796093
2005-10-21,117.83711237007337,8.387889110601323,121.61464855259172,78.83150562336749,116.52090457775728,31.12716965628876,187.89168541231194
2005-10-28,119.68008244393813,8.380279235087697,119.6693123909505,79.08059621414043,117.6441060707451,31.287559234789104,184.4147758885031
2005-11-04,122.59418815135369,8.199950202998485,121.25151062623381,78.93753443763465,117.73296635593735,31.38409742172689,186.50134277828818
2005-11-11,124.1223606585392,8.142242794391597,121.66211896124388,78.00736044143255,116.66075713519794,31.398681487614915,184.14428756779768
2005-11-18,125.42717985201044,8.138872043584678,120.36488483428127,78.84439584182577,117.27558750718657,31.521942288145553,185.66028857989755
2005-11-25,127.5578895002758,8.16758161126471,120.54746580981958,78.60520633885828,118.40658723588977,31.80149842856623,187.86172732377173
2005-12-02,127.35031569077573,8.092119887502717,121.55812683231693,78.47635651917122,117.47670556420432,31.63733998270662,188.10702958546273
2005-12-09,126.79922485865718,8.047118555747218,122.23460417810696,78.55376529854813,117.09044515363586,31.745517478584794,188.87792802959407
2005-12-16,127.32104870615927,8.040868775428809,120.92345083378319,78.70805113688692,118.66762256075158,31.90491681098988,190.57418707084787
2005-12-23,127.5985038961153,8.022585029139789,120.6063212558481,78.70090117072584,118.55245762774621,31.825325919437645,189.5642845034297
2005-12-30,125.6059299426231,7.995198426803021,120.30265537528129,78.74164832836728,118.32060163076481,31.750329234926337,190.19654239951825
2006-01-06,129.3907010699215,8.000217601181449,120.3188107383801,79.85455501979793,117.43833401861643,31.924528783797268,192.74780545748473
2006-01-13,129.86848640604518,7.943110753930588,121.69227251854379,79.17857817248814,116.0594047917225,31.917359658844973,194.41894996058747
2006-01-20,127.35278225375141,7.93942909003377,122.44631079393407,79.85322067815684,114.61894711928656,31.870727076171065,193.99817523733964
2006-01-27,129.91444791345114,7.8143947956367725,125.23271273453148,79.73659133993115,114.14201587553436,31.934777413613688,196.14643915427794
2006-02-03,128.49773309788168,7.809753059260752,124.76095131809069,80.33954972497705,114.49627703664335,31.883794745268624,198.70233134810582
2006-02-10,128.65827690945946,7.637016431650431,124.4218975108951,79.23663897257121,113.48810374212626,31.361207062302174,201.5389981911174
2006-02-17,130.8423904474299,7.604218258194246,125.2668303025584,79.30136886357135,113.08469052559443,31.258759538430173,201.80364043076352
2006-02-24,131.24715098104045,7.6065867141038925,124.92069810921126,79.80626457610619,112.73392957471184,31.353136598322966,200.43364158418564
2006-03-03,131.19593965511766,7.596228124940715,123.9883987570548,81.24370611884372,113.54987265990238,31.13795535391883,199.82249587806984
2006-03-10,130.30836685898882,7.56901811022251,123.27467273883461,79.9071476464681,113.00372923427959,30.638543992492558,197.6327524588866
2006-03-17,133.02275728236145,7.553813421348459,122.7082787966533,80.82346749006366,113.01299195050869,30.779979791088675,196.90721984644847
2006-03-24,132.83077514470358,7.538984485615265,124.2252618788308,80.83317896704199,112.54909363972816,30.78564137339471,197.63930685901175
2006-03-31,132.555655854158,7.54767987179297,126.7531503462356,81.32204450290472,111.6854361579609,30.98455845097313,197.85423689462914
2006-04-07,132.3884545576788,7.563013824193345,124.31387292101,81.9313643895797,113.79275773867506,30.864864949307194,198.72974841751056
2006-04-14,131.67290880155062,7.559190469738693,124.54772539169842,82.1863552109522,113.858661106036,30.849820366451087,198.66912583282598
2006-04-21,134.05490679876584,7.645157195973661,124.69274018796789,83.02104177603188,114.02004624776788,31.130963152265746,197.48589643545205
2006-04-28,134.13201713374843,7.544164923356005,124.24293287292112,81.74220754528332,112.47717941946055,30.86987484079736,197.86497993686552
2006-05-05,136.13722938244567,7.490261138731045,123.66207288639727,83.35169530299204,112.73210816407352,30.834700881636977,194.5450161960713
2006-05-12,132.39573614116276,7.5238712857614285,120.26855928818442,80.829831156517,114.10866873939749,30.660755411651447,193.37900244669893
2006-05-19,129.90483570038177,7.390848912416813,121.31615529346044,78.3013769705007,113.45359301888757,30.44109982083661,196.23578348580958
2006-05-26,131.12506795374745,7.416977513329719,122.25428143264787,78.33559193581105,113.31932570285751,30.323750193733254,196.85588528341626
2006-06-02,132.16920851153674,7.412069884025624,121.9787757336092,79.13891470011527,112.87257001587085,30.347559116000035,197.37377182315356
2006-06-09,128.37363059805492,7.380133334751727,120.40544179980988,76.51197224603202,112.7058107789094,29.903711633035474,192.83086199189893
2006-06-16,128.05225210989673,7.404646579327851,119.23911157251155,76.61498380035374,114.62324540515678,29.954966392756177,192.29024654100195
2006-06-23,127.43710430095928,7.4249488522634675,117.69831350364782,78.58895189498588,115.51620847331982,30.25956558256867,191.12212790828616
2006-06-30,130.35457487631734,7.451165858916238,121.79522239104028,79.6902345085831,115.28847754875551,30.314580446128186,193.20932372754558
2006-07-07,129.61571854871997,7.48008618332581,120.97766636755964,78.79618694993147,115.52684058248995,30.06992939020589,193.04965981560048
2006-07-14,126.26595684441851,7.468545431153148,119.39285953725603,78.2309295078861,115.19401381429411,29.894349749871,192.50918612390447
2006-07-21,126.69771859261589,7.434727894484792,117.95711866570231,77.61985982402537,115.22371901865222,29.689842582876796,191.07468155724058
2006-07-28,131.0913460139221,7.372236142309956,117.16811617270773,79.09199569508759,114.82830260178036,29.700457729582297,192.82258195128603
2006-08-04,131.53208252446242,7.363855540964811,116.1483206933487,79.35590119743452,115.86082688754438,29.808905156406155,193.4780021124918
2006-08-11,129.9567007173278,7.30891055784802,114.41775609720459,79.17207233541926,114.58906711515169,29.50418556802497,190.00366501120388
2006-08-18,133.89199249246218,7.172537698655918,115.21787928269548,78.96395337584076,113.2175337951566,29.6575845792665,196.02285915958583
2006-08-25,132.95861308072608,7.204070010185738,115.51603987769444,78.04791971077128,112.38251179567895,29.429219072892558,193.95498728214403
2006-09-01,135.00805514034758,7.126299857368061,117.9401480127687,77.03087644346418,111.56098357329634,29.399213673527818,196.5147661599627
2006-09-08,133.68336980578695,7.099192637928525,117.33206012883409,76.52238496567249,111.61253871515261,29.141790946123084,197.2691601524561
2006-09-15,136.06518916055165,6.96348087318954,118.59734613121249,75.29182967753312,111.60083758848263,29.381160521245405,201.03835363009094
2006-09-22,135.46785157000713,6.97210349041771,118.0546619490923,75.38655061979993,112.33850477679715,29.25419131970939,201.3588079052632
2006-09-29,137.4447486244864,6.979945834667372,116.97387554078048,76.0013262937477,112.36082940956658,29.32080725335401,203.00479416875257
2006-10-06,139.0643906285954,6.955421802777031,117.21428723965869,76.22280199310141,111.50806044134,29.214605749933405,201.0251234864994
2006-10-13,141.13108808731005,6.93369210226968,118.88712692466244,76.10167359767614,111.20014650161892,29.44430482911086,204.04456806092892
2006-10-20,141.4121155645619,6.939318759196032,120.22619465860691,75.6724781625519,111.10314819388985,29.400418675442793,206.98719860023618
2006-10-27,142.56032044252436,6.967510641463987,119.44250820380987,75.1044611277162,112.13456865463841,29.50089045475581,206.79911903492328
2006-11-03,141.38306987748444,6.925849184283547,118.45061910413055,74.61753581993491,111.88558503730516,29.470878908483982,206.81797422383548
2006-11-10,143.43170754940172,6.858445090974941,118.76276231650596,74.68466463217338,111.34021919532084,29.31338312163501,205.4082261524363
2006-11-17,145.81418193777503,6.841400264333115,120.52722919142363,74.17794399959959,110.65096767110637,29.257913178602976,205.56744598236114
2006-11-24,146.082731201666,6.8850920721785975,119.84705089903255,74.57824097284912,110.61298595205244,29.435288081217497,205.34170302974178
2006-12-01,145.50279960180072,6.88826336542716,118.53271913799239,74.6401963055027,111.60660269308883,29.64373130407619,205.96085250719284
2006-12-08,146.98145856620627,6.8407896684954554,119.2127523578145,75.35996950065099,111.41450467838334,29.700059245953053,205.88945193944286
2006-12-15,148.44301635314557,6.810655557124007,118.95408408013829,75.35769278493228,110.89500832224154,29.399276323119814,206.52912488023696
2006-12-22,146.69723299813228,6.773070615921101,119.46604937527086,75.2522057675455,110.32300189773576,29.08192744778217,207.62262146409944
2006-12-29,147.5432861382608,6.752863234399734,120.4869525649861,75.469995774385,109.89478367726592,29.231955039072336,207.39790195047618
2007-01-05,146.72506836722025,6.72745826329095,118.30914849636584,75.64289302291105,109.50571208613069,29.061531923136094,207.0741737387358
2007-01-12,149.25521165677011,6.743561756829228,117.44599921119037,76.85120374322206,109.13119220801966,28.97941008977489,207.83764387935085
2007-01-19,149.06964639105752,6.78224284356712,115.72215150145773,76.65204819477147,109.63182990064433,28.936668493373386,207.48640881478624
2007-01-26,148.67079443463214,6.794551812579132,115.59057176904223,76.798442789302,109.68654970348261,29.17815026672655,208.57716435963886
2007-02-02,151.9728215050585,6.7206423202264665,116.18076737237061,76.68855562426478,110.56679433101445,29.265772554124514,208.9822040038119
2007-02-09,151.31543692509985,6.790855231453963,115.61737564702696,76.8882618157569,109.74463284173095,29.16898643695895,207.25202644187294
2007-02-16,153.20491966507876,6.706647719500316,114.87986377433329,76.29485377164146,110.0553088266672,29.072780827426353,205.26977879046524
2007-02-23,153.10131416188196,6.703272719542371,116.22749022813134,75.3524735109235,109.77813583338576,29.316904045739783,206.18411364808884
2007-03-02,146.19642967616744,6.71205569841577,113.85102247254763,75.89315112369485,110.76917867053169,28.90843804566043,206.85663838514157
2007-03-09,147.82769427749034,6.733761746657422,113.24143004048099,77.22462810345993,110.68366211953173,28.98709259273525,203.19683810407673
2007-03-16,146.2103928074035,6.7279928404164355,113.31174087993017,77.40853190788035,110.64201545472233,28.915663925617043,202.75424240497912
2007-03-23,151.35605263890952,6.73627975834889,113.74601351994215,77.60233968455134,110.34314596697932,29.23253432163716,201.7407798472178
2007-03-30,149.72644328607294,6.75408274040724,114.5015437142859,77.57142650972399,110.21735964973469,29.167902558708906,200.38199382008156
2007-04-06,152.08747726364902,6.795032648060649,114.13655028594162,78.06144546631694,110.26481266107365,29.12914301972853,199.21702757874576
2007-04-13,152.97607124803466,6.760757053985198,114.36687749142783,77.78982477743996,110.54123609641199,29.126418834735166,198.57905330718182
2007-04-20,156.21085939099152,6.691838624266735,114.07708926297126,76.92264061912506,111.56071582153115,28.879022642609993,202.64412178920446
2007-04-27,157.3155126809847,6.652291779531973,111.698890581528,77.36661787082912,111.92569374634327,29.02158967557884,200.1224819816486
2007-05-04,158.78793606299683,6.594630026259543,111.24430307369903,77.56662131107983,112.87260104570026,29.043596827197025,200.80539755472188
2007-05-11,158.8595769836868,6.559573104881078,109.79812730860401,78.12730961088148,114.06842225476612,29.06528680566308,200.8571718348584
2007-05-18,160.19012727498716,6.5189977730209385,108.01900854653589,77.79293998541957,114.75813742266162,28.920215600949206,198.97019990067102
2007-05-25,159.78740545729855,6.503472124146824,110.16170411910464,76.8620058984541,113.90002873442825,28.92273898252058,199.21850861916974
2007-06-01,162.42921560403477,6.5132279520779095,110.7625342878873,76.98420426801223,113.65467251131959,29.071688664572797,200.64196844828922
2007-06-08,159.27489994718053,6.494779943474606,111.14383370395593,76.63110852437148,113.69098704490195,29.070496569706567,200.2115544444924
2007-06-15,161.72259292531922,6.528252874384939,111.01525778225546,77.16765010747149,113.96692607992544,29.142917268000208,198.0816590418802
2007-06-22,158.5221865254165,6.505950638302239,111.93622412751687,76.78779282283297,113.22887439437415,29.341704484028792,197.2093877492728
2007-06-29,158.6778943154935,6.5003532593038695,112.02977757221423,77.73533787745906,113.64568408233798,29.435617725384088,196.4829057131345
2007-07-06,161.71062218571151,6.536808901273721,111.26461363646698,78.55797550568087,113.49768364488072,29.640661513683696,196.46606897671674
2007-07-13,163.82962701714644,6.5686156827526565,109.75199798476382,79.46707150574566,114.29874388924834,29.775548778955574,193.93359230817217
2007-07-20,161.87826606867375,6.590533135458878,109.01748362025698,79.59873733893579,114.89686060842445,30.04714705032732,191.31441611451683
2007-07-27,154.04858305123645,6.592316794816689,109.06609754200623,78.88866078458997,116.51615625541058,30.12854796869912,189.18629654829923
2007-08-03,151.60865675293272,6.634224506122378,106.50069007760133,81.3057507075947,115.98519219294634,30.396478375010084,180.90027624780336
2007-08-10,154.06820095707727,6.560412239275362,111.40635395153872,77.13993697375972,111.56232738402731,31.268311427045735,187.96573101218786
2007-08-17,153.02701983803732,6.445192295278357,113.45400646298081,75.6175594270192,111.18131688802836,30.754194355080724,192.61600164085243
2007-08-24,156.8896512113303,6.527800820967912,110.4373845436194,78.70593708622553,113.18277115341431,30.85037311233811,189.7640575801024
2007-08-31,156.43380801262376,6.552107019248713,109.58170248718183,79.7658997364173,114.0591527535405,31.03965074146642,186.7528213685805
2007-09-07,154.32947074728406,6.625742080858559,108.44598713470131,80.51858990137382,113.84850635599278,31.28088203499464,188.1170110516763
2007-09-14,157.30476353193612,6.709424528559987,107.1403141116757,81.04777866928431,114.14448781359957,31.653521018780058,186.80408619326127
2007-09-21,161.6869660876988,6.738192599005126,109.16516027365995,81.71885309178319,113.78751436766335,31.770135136105694,186.32033665027853
2007-09-28,161.83084487505639,6.87383636516048,106.71862882053377,84.65799246915498,116.27120018112889,32.326702343201184,187.9080176836483
2007-10-05,165.70319460604946,6.814477746282601,109.52929880975177,83.3353742651271,113.53843465147658,32.44880974246288,191.89926855075004
2007-10-12,166.1617435566487,6.857851349104747,108.245461695131,85.84526424397755,113.78712781918315,32.80184878910185,186.8932975384511
2007-10-19,160.06498920366155,6.90402905469259,105.54067491946046,89.05924478485339,115.88044062885655,33.077715093460014,182.79742680245096
2007-10-26,163.89693271447211,6.861922929099993,105.90466884502628,89.74742183655658,115.45009661008005,32.87547332422648,181.16835624682125
2007-11-02,161.5143761011871,6.837657793084997,101.58917176786503,92.54878863239487,117.99939281466045,33.15230315227791,176.5088915641462
2007-11-09,155.82995463778695,6.684130516931215,101.19319151177956,91.14547261661274,117.39525104873647,32.870131464839254,176.5339648317876
2007-11-16,156.1020397061101,6.636273316632841,101.13965799914867,90.47659420635743,117.74574395202265,32.84235781208303,177.28799100073283
2007-11-23,154.03865012725424,6.705316423528212,101.15592898158748,90.88430846898314,119.13279418985354,32.739974864720665,177.27191529763638
2007-11-30,158.40757809024524,6.706970200320835,97.8809053520875,92.69343070434752,120.51215479117216,32.96186369547133,176.49206294268654
2007-12-07,161.0936340896144,6.625785028658712,99.11778903017273,92.4370446960611,120.35772586385595,32.8145223962255,179.0737220401217
2007-12-14,156.89012899099032,6.680118702624511,97.93618261185334,94.87374908052873,122.07456938801967,32.754636021797566,178.89774570407081
2007-12-21,158.98368134671125,6.622651504054304,102.31797853723123,94.11926902978699,119.95320180103039,32.53186855515368,178.01942179959417
2007-12-28,158.21637748568745,6.690387095235017,99.76591611336538,96.73812578503673,121.71280121047955,32.91302189342817,178.35151796811215
2008-01-04,150.8177001102977,6.7814722742584,96.6730559192444,100.29963454192527,123.20480924526645,33.13316107455979,176.94848799021034
2008-01-11,149.25293177509445,6.810808652662497,95.33476691294281,99.98167326441126,122.7027254212186,32.838437158216635,177.9140803703325
2008-01-18,141.33305616360286,6.631065184626292,97.44746455284401,97.63274024352938,122.59966274795093,32.228870310882435,179.60673965083498
2008-01-25,142.55582130414103,6.410572376047947,99.28474772992514,92.37839062502889,121.32252865331395,31.675246098431355,186.1557231781593
2008-02-01,150.11596588233513,6.092798997146542,101.51441575540008,85.67053166945001,118.7537890794477,30.896219999974885,188.93607970210428
2008-02-08,143.90532736578723,6.237382497568779,100.20048018553324,89.28469857152925,121.37429983629315,31.140778079716085,188.28085827217026
2008-02-15,145.8498930299817,6.312899793891473,98.66889739956635,91.51036441660737,122.03994121937983,31.3453873932242,190.88125068676268
2008-02-22,146.0525328133343,6.255410574566335,97.3435476986136,91.6368494608118,122.08024949566294,30.82251332676643,188.96112145859425
2008-02-29,143.8511011824052,6.242591170051694,97.33413737553829,94.0470157241891,121.28154040343813,31.168407607106797,191.05890292851214
2008-03-07,139.56069963955883,6.2359339941774605,94.40660274372647,97.69486435336887,124.36667912797739,31.041925704210364,184.84022205466752
2008-03-14,139.03194745978686,6.312451961328945,95.73334813572538,98.30748804368281,124.28089141674437,30.656461809435065,183.60248919972167
2008-03-21,143.11454468996652,6.110700255717146,98.444802356574,94.45935608791837,121.40930469332487,29.87081630607254,192.6924030899663
2008-03-28,141.81054111612454,6.239097831577662,99.97533041268062,95.8593085727323,121.31953103263281,30.26843096672091,187.3351510254985
2008-04-04,147.95305807768452,6.181320567109554,97.95046452585741,94.99859981698961,120.39802341563973,30.23230292113398,190.1286419947025
2008-04-11,143.84704032048035,6.291641034808616,95.03732973184857,99.20997638868266,122.1358180937869,30.371630096871176,191.7775155393088
2008-04-18,150.09862034003788,6.317946730461291,95.45757338448524,99.68506549637449,121.97019894174191,30.46699918565683,189.9063182645964
2008-04-25,151.2094834854885,6.243517544382556,94.37875160461513,99.25867500670854,122.43553960966572,30.585986959565172,190.87173380277846
2008-05-02,153.4052887958463,6.065741284047251,93.82810774861579,96.58790998972366,121.94718904458459,30.62721911935588,191.68972718060814
2008-05-09,151.253025054115,6.12135014116753,92.21563249295414,99.1048242658494,123.6726491035312,30.872200642521463,187.05997033515595
2008-05-16,155.50679919479632,6.0728937065731134,91.00016895000446,98.46587306790528,123.75607622744164,30.961936102648746,184.93887807714128
2008-05-23,150.46257806400243,6.07514860673857,92.39810648386816,99.63151587412595,123.39919815544262,31.1704479730386,185.55439196656076
2008-05-30,153.57315990120344,6.0891816855606775,93.4663303338618,98.74173651815198,124.25354234635053,31.157452345523545,182.98809881601153
2008-06-06,149.7045820231375,6.177560824306528,93.80014993244768,100.40588894094685,124.99922464467754,31.29064635504625,178.05040883797426
2008-06-13,149.28775235438357,6.3125755904338625,93.06321346514446,101.9396876700392,126.937808022323,31.440098774267547,174.6310879906688
2008-06-20,145.12340931496155,6.3997785258417945,92.9662673607519,104.54787121117177,127.63663509836093,31.697522606692246,170.03590469760033
2008-06-27,140.54715866756584,6.499123842985752,91.01115914629257,107.65858225404003,129.98011471217865,31.916859148466795,167.50053216263652
2008-07-04,137.95511522788536,6.546357740987678,88.74517981446269,109.85810864908322,132.65840730400396,31.927470139848264,164.20017353923564
2008-07-11,135.61804524652084,6.624245534419274,90.36611053151086,113.57491001690173,131.68770569474708,31.88095563635777,159.767972280785
2008-07-18,138.3964337831845,6.268569230482804,92.12952515265366,107.23775886258309,128.87506117739352,31.18286927928986,171.81413040094446
2008-07-25,138.81223352040277,6.091458977525334,97.88833991634155,103.3903510401728,124.74758001261051,30.86521322784238,176.84054681912798
2008-08-01,139.74995879466584,5.882638900936848,97.42419536610012,101.64529227548773,124.89818425907531,30.567696810403504,174.73748391630252
2008-08-08,143.73984605476923,5.4872526474335785,97.40733670373444,95.33797496614727,124.42792577817207,29.82451715919226,170.5377865598003
2008-08-15,144.47826685552596,5.315624077310508,99.98183610103925,91.84288598372804,122.71997401528903,29.63810091008112,170.20471644981174
2008-08-22,143.58650118103606,5.450416686684415,98.90624021127289,95.87064823812746,124.65239035120113,29.944775674295315,173.70260734002196
2008-08-29,142.96264577121738,5.4124480616323725,99.42407321119872,94.62474705543852,121.95653664134979,29.823499919476046,173.5586204846618
2008-09-05,138.34310480790825,5.224754804589497,100.68959874832593,90.26555113399098,119.70582148990843,28.84574642277764,171.76785186674388
2008-09-12,139.28899898016746,5.206304607223061,100.35414452457373,90.09142545392218,119.44991689826273,28.237541946973273,168.6085566271694
2008-09-19,140.2714408356361,5.067632255355869,106.49232634046638,85.4034195529737,115.50925669098105,28.133472801226663,169.17499098984877
2008-09-26,134.79076356368512,5.1874735094968,105.0815312019818,89.37643274405023,117.06091274683466,28.456666714800377,168.94378027063732
2008-10-03,121.19593116152427,5.1250689264377804,104.37205699308886,91.39882655625536,117.24122735512556,27.81724919148671,158.07786220357673
2008-10-10,99.64285499220605,5.214425141936181,105.43044886484239,94.85524972691354,121.030898172797,27.801501634067574,148.95979504070937
2008-10-17,104.00322226119854,5.200784259453026,103.01041380700012,96.47829329862853,121.32175237552129,28.24200109645567,150.11025459573756
2008-10-24,96.62191174245535,5.286310591119704,101.48666587029565,99.24906074171456,124.43137220882254,28.271474996379393,149.25929523066915
2008-10-31,107.79040734697439,5.250734849886834,102.66265343665076,97.28118315377948,124.44343894426288,28.47038753107782,149.62135439657882
2008-11-07,103.8417017484098,4.963821464800976,101.33063715544657,95.87653345345305,124.06675504367456,28.29016472521876,158.20645499167446
2008-11-14,97.22415025322033,5.296461138914967,93.89683924223243,102.28465393448364,129.31404322125826,28.713908823669275,144.71954562685843
2008-11-21,88.94217331323797,5.502150622710603,90.39664852019892,105.49571974732,132.58773809961946,28.84636650971948,134.85431887632015
2008-11-28,100.00634008551835,5.165716520730578,93.28236786863506,100.33124327391096,128.01719199091124,28.817814162625567,143.36973223720466
2008-12-05,97.77218923156633,4.867310751759886,92.14273290022959,101.44539624949446,124.22476862384221,27.706555223874513,147.25383824085097
2008-12-12,98.48673536077617,4.69591256662649,96.44721873802466,96.82735091185722,124.3634450890173,28.418583249823403,155.66618705092773
2008-12-19,99.78005087454878,4.528774330924865,98.14811098833131,94.74578632486694,121.69612520693926,28.100723256432122,159.87946569407822
2008-12-26,98.24393242397505,4.634915977826619,96.63070535425258,96.95451665797954,122.77188764355493,28.246691051519587,156.17863928164684
2009-01-02,104.81183897863046,4.425828695027486,98.13874360966231,92.3856868915962,123.10625785393214,28.55562486959751,163.64551308754477
2009-01-09,100.51438755376915,4.195829588980643,103.9302392752222,85.65438386951273,119.87896747126702,28.059209896879516,174.38507389629086
2009-01-16,96.39975965316137,4.505341892304528,98.08274098121122,92.21047830715008,123.88402377005468,28.159304913514536,168.16068038434722
2009-01-23,94.19241512657445,4.649953681725643,93.126765796084,94.83742416271123,127.55330908158577,28.771887584150736,165.72806813915233
2009-01-30,94.42930859063098,4.678708759589177,93.78445469280976,95.94135450899793,128.8489338862652,29.0100301656507,165.8284276080086
2009-02-06,100.2947470263063,4.493853110638626,97.24149434556796,91.72213460211523,127.75641841926448,28.62782603104246,168.7050498432873
2009-02-13,96.0184097983507,4.55532544679579,95.13930998265663,92.12451375043958,131.22087059458184,28.908796306830574,159.32690472126075
2009-02-20,89.63708318072605,4.836123997284516,90.94807894903738,96.84521354970033,136.09207445592233,29.270849279867388,152.81192691576487
2009-02-27,85.78279394182495,4.7084175723841275,89.40059367334217,97.90318808013156,131.83187480423464,28.92968575336372,155.91240481115233
2009-03-06,79.72895099217979,4.985245498080091,85.64621358798983,102.74777528058078,140.86854894817844,29.25844530548916,143.07080904091552
2009-03-13,88.3055399299038,4.406159605677186,91.00566123917031,95.79880189829998,132.02902975378004,28.47692714265,155.86019943496134
2009-03-20,89.61807290037612,4.036725521943235,99.13017030913143,89.34743736874941,126.57222813157733,28.066615940124855,163.52680779101792
2009-03-27,95.27367105461585,3.559627014722718,106.09678037111644,80.23218925883542,119.57483447894414,26.656051562541624,177.5856062050567
2009-04-03,98.83451940100433,3.3799199033510554,112.08474103012772,75.7301196278081,116.76227607458306,25.96608576189179,179.33542008002584
2009-04-10,100.61357738759065,3.123756682310022,116.60956350988593,70.09842541913704,113.00059695983835,25.35231503947164,180.0514508905571
2009-04-17,102.36274335316315,2.796172042656986,124.08717462760761,60.793466901743464,105.51448177896938,24.77771705640102,175.56937799614204
2009-04-24,102.66475435239826,2.6389327369503484,123.49688319876307,58.071612303978426,106.18749300139088,24.23260695414735,171.56369549078087
2009-05-01,105.38740667842275,2.46866609409272,128.21175584394544,54.31617286194157,101.95830782755183,23.65661425557218,168.48689034256125
2009-05-08,111.68558041962491,2.0672322218507206,140.24432718424544,44.51789209866991,93.73696107303688,22.713061964828597,162.67110517442677
2009-05-15,106.3597927827165,2.288314444153015,132.60983945732136,52.23143186623401,100.75887421805751,23.48582072400374,176.83558032082487
2009-05-22,107.02603631447757,2.2350834385222766,134.35036570007355,49.88162397555623,99.59078447514986,23.04815570823646,172.40863642072804
2009-05-29,111.00412681869739,2.2104344829662335,136.42560481327763,47.75919556972284,98.64377897869599,22.994859924511072,167.38744534594903
2009-06-05,113.9493207272875,2.1768596842107844,146.97838555359357,45.76240921485372,96.19232933628902,22.328148709542614,172.3366654522995
2009-06-12,114.46106751377712,2.1807719969146753,147.86700303499015,44.82957590787495,96.2747234836965,22.146671070044547,172.62080381261922
2009-06-19,111.40628291707816,2.2045054026245263,146.25716322174156,47.510845273732905,98.35417181534679,22.343089632364784,173.77944782209505
2009-06-26,111.34371134402346,2.225513736284293,143.55353558410266,49.11278209894771,99.2198698558347,22.465455957077737,171.72095240186846
2009-07-03,108.74101935543275,2.223279527116775,143.8841702234965,49.42349348826625,99.38086953341886,22.28083645775197,176.13623994984508
2009-07-10,106.38591643132972,2.243694554618621,140.3289183432819,51.37861848410894,101.21303886755089,22.514558013062256,175.5975414315787
2009-07-17,113.79898122497374,2.179625782362426,141.7679683339697,49.84699150716824,98.20475708890687,22.031476437589966,178.92709014360233
2009-07-24,119.53187844590751,2.074255999874212,144.88009066679558,47.20100461009908,94.56333840538831,20.945770644861575,183.9212439306677
2009-07-31,121.4094310196688,1.9426241335408074,150.10454432339748,45.68262832610066,89.23791626283649,20.23288925409873,187.207391687642
2009-08-07,124.78264339348796,1.8106845032782342,147.85651651224714,41.93713125751256,85.1605552285435,19.561442826743633,183.1113319314209
2009-08-14,123.97843145533533,1.8010853051223417,147.30298266833225,41.27485072166321,85.26720622554848,19.46214320655566,184.34516345780852
2009-08-21,126.70979171821791,1.7481188735569866,151.58104635774993,40.40624621596768,83.36015987760723,18.978231583478625,182.86864703249375
2009-08-28,127.15803044916098,1.707084541037258,149.70463256978147,39.488280788614354,81.56119005622921,18.615148800569298,180.42815959716143
2009-09-04,125.6351130073874,1.7241965819626186,148.3958606184107,40.080520262447905,82.67074263355431,18.725959496427194,184.17239374613027
2009-09-11,129.21488276215362,1.7086927236187288,147.52536970527996,38.394597902845796,82.00026408481553,18.350478650944105,180.94850087306946
2009-09-18,132.64069241432594,1.6875142373433367,149.7767282478245,36.8496755398659,80.84676293281993,18.09827288664135,179.00849142162988
2009-09-25,129.50669902536913,1.7046885669266878,151.7432785013356,37.433147513011164,82.22484491453275,18.331917232936352,183.77665551563555
2009-10-02,126.97772296577222,1.726449215281451,148.93917579189343,38.194121141535305,83.66870298217908,18.561497417474666,185.13435691825282
2009-10-09,133.02517176193206,1.7283819998368126,149.68762030049646,37.442594553936836,81.88113153056345,18.16541213876932,181.83090998402406
2009-10-16,134.88397755286533,1.7506968921961756,146.32069061705235,37.39895122847651,82.4922356659967,18.302685672644202,180.97348955522241
2009-10-23,133.83474438791754,1.7661357730284053,142.5618715322319,37.60959491315303,84.01330522307151,18.44742482967899,182.06101020085558
2009-10-30,128.73743039272603,1.7647350282214602,141.74312404248298,37.923555753282784,87.26243091298427,18.856632497551793,187.00816264331118
2009-11-06,133.23962675881728,1.7527907405917302,138.5064753382805,38.98396404274911,86.91819002857193,18.721231751237838,186.7414709450639
2009-11-13,136.26283294857885,1.745018887390974,133.31536499510284,39.552010409345826,86.75762261657121,18.83184780187054,184.90958556165225
2009-11-20,135.8725385039191,1.737018005748311,135.204446682221,39.21503339889536,87.67953349131527,19.02329306388588,185.76136624230705
2009-11-27,135.7644684462195,1.748233371499904,132.43522856814872,39.281451463358216,89.16549086323509,19.223797691840055,184.49825701739337
2009-12-04,138.13683653312808,1.7103447179055828,135.70188570497822,39.314392325240036,86.30829289716159,18.905443476141325,184.1442363686141
2009-12-11,138.14842891712982,1.7147947605574596,133.42533641542224,39.065365952307864,87.01806953075717,19.002572383667605,182.07242527555587
2009-12-18,138.15592012474775,1.6917312120575627,134.11781451874353,39.107071351988374,86.11077782631516,18.806116597331233,183.65124918928146
2009-12-25,141.3983415224639,1.6827337682448382,133.62486928591795,39.41826517276966,84.25778919140667,18.578419669109685,183.2522941147449
2010-01-01,139.9122282095156,1.6812459891886309,136.6920095823062,38.978536491664286,84.64600059631277,18.667999521059322,187.48023610554455
2010-01-08,143.75672904050725,1.6543667266795645,137.31246162115556,39.685428568351576,82.52962860696847,18.29156849649316,186.90884899143674
2010-01-15,142.54230971355864,1.6343159625940644,137.82856129256606,38.89294009704136,83.4970726159731,18.292429017527144,189.92942397889
2010-01-22,137.31993719907416,1.6064784324666816,138.2602427761257,37.65679852564142,84.46038964278927,18.459527733173648,192.38097926272135
2010-01-29,135.14424160774675,1.587212899650212,138.05265394011434,37.22608826820831,85.99989935860738,18.56174261778511,193.06233632993278
2010-02-05,134.88361081257653,1.5776132416948487,136.44571693585533,37.41034761814813,85.86341373632752,18.476792839092468,195.3858955969339
2010-02-12,136.8246606611509,1.5836997793352023,137.4509132059868,38.478880138656216,84.01419701926656,18.259676255378672,198.3636731599821
2010-02-19,141.39005878309862,1.5434304052843815,137.17511834138966,38.68183323008009,85.01008306696103,17.993812227796425,198.46462472898457
2010-02-26,140.84887143137038,1.5333610743727333,137.14941648733796,38.56578401173777,86.08059968448711,18.104095571334067,197.13763170366838
2010-03-05,145.76263809267013,1.5126153385361882,141.19642319279862,39.24513765027029,84.69167074133348,17.613262708140446,198.14742046781816
2010-03-12,147.56375676590915,1.496955434492945,140.9508576670888,39.34798072961215,83.60867293176574,17.574914325336803,198.4313649385211
2010-03-19,148.52354640056677,1.4767314508267857,139.9176290653146,38.06022551057679,84.23717729361307,17.689222318964838,201.73775967778062
2010-03-26,149.61209072348268,1.461673991145405,139.8243691715375,39.235394687514805,82.79884032364562,17.70878240628226,198.40297279446457
2010-04-02,151.11661445876157,1.457508391879951,138.5239224315595,39.60752538893402,82.54101069057538,17.576084473328734,199.3185193073999
2010-04-09,153.55439968849487,1.429630421534916,141.0585435494936,39.897797676566675,80.27603492075019,17.18295771701569,197.3042311169165
2010-04-16,153.59973748992908,1.4119272724823924,144.4874258191736,39.57271072647797,79.08402831502192,16.834765894345715,197.079156999041
2010-04-23,157.38117403659112,1.3699793715961937,146.7465178896109,40.20159592645104,76.46429895750012,16.21284137454748,193.7579726556267
2010-04-30,154.01551178613374,1.3779268606974393,146.76241873070757,39.88699902913865,78.0801817930461,16.517441787658225,196.2067496416063
2010-05-07,143.85432266805805,1.385229163994348,143.575594339676,39.342408235626344,80.60982755574905,16.792322944516524,201.47903001032302
2010-05-14,147.90083303212182,1.3758784962203323,147.15763604421986,39.90933562124016,79.58334177742928,16.62999005290423,197.30248877978198
2010-05-21,141.28273428872023,1.3755841055488698,143.35008480548137,39.387539757525985,81.93413226666456,16.90917414105366,200.78355268025678
2010-05-28,142.23682164263857,1.3714994047659632,142.71414456007872,40.21460183059755,81.94750387885294,16.88537241094633,198.6714305061884
2010-06-04,138.70137571305452,1.3897133942315663,139.85432215476453,39.93172022026219,83.80763224704329,17.183393339829884,195.38577330583198
2010-06-11,142.11800649174378,1.4054740279965785,137.22485281072758,40.46957858157541,85.0519289226888,17.21977320737976,194.25508693479702
2010-06-18,145.4376788190139,1.4043850387707841,137.0277907939529,40.88295393928332,84.88812638098784,17.234173434844916,195.06344573405497
2010-06-25,140.12936572746682,1.41026025947691,138.47413787298444,40.540070323143425,84.79209533266975,17.360752007414142,190.92105775647553
2010-07-02,132.77061953998137,1.430988442794192,138.57521647476239,39.2784740317833,87.16641902525288,17.62340064635787,190.21687089157845
2010-07-09,139.95847506731496,1.4157822554533142,135.3890706879787,40.3651017966861,86.55280868120462,17.602582054975095,191.83283210852125
2010-07-16,138.0731001523752,1.4230257577174796,134.81908991263333,39.89905916270032,87.25729187023461,17.668012395144995,192.83552220024305
2010-07-23,143.67684868657847,1.4146726448920801,136.17012263996753,40.57093634189637,85.06079210460157,17.318449019715697,196.89911420442021
2010-07-30,144.43309168177078,1.4001967648895401,138.04842360476263,40.48062165879199,83.9433269332084,17.15241122593016,197.02806260608332
2010-08-06,147.27895199890528,1.3838553361006374,134.62811059745545,40.506808838824156,84.42527985006006,17.23265783386074,196.4883198929871
2010-08-13,141.4994261455927,1.3959556318798476,129.6936205624767,40.47927618989854,86.40777931412025,17.419166534838258,200.76048336229022
2010-08-20,140.81117207179463,1.3945426094067885,129.00941249915724,40.56288824364948,86.6693863080112,17.58282684211769,199.59961407422895
2010-08-27,140.26315809755127,1.3908813195018892,130.75633699984877,40.534526891164596,86.46568635075165,17.594072321109188,199.72267523843882
2010-09-03,145.66069873911587,1.3817584697565453,129.77338338709782,40.94201905423004,86.01060490208921,17.473076734616136,202.44306750545078
2010-09-10,146.0322851853923,1.3907352481528386,128.48847451931593,40.77004995491903,86.04556390323437,17.521060088304285,200.3776353299914
2010-09-17,148.33923161163327,1.3990905188490865,129.45675470398166,41.05702565308884,87.48839942856341,17.616234023052606,202.30651322488447
2010-09-24,151.4703601956984,1.3949651725537733,131.41230011349234,41.1171118502645,87.3538763200569,17.611940032398667,204.95063945556726
2010-10-01,151.49784780566654,1.3883152110136108,133.87844780686856,40.76916818357871,86.6743482190384,17.586216792273106,206.56230899266959
2010-10-08,153.92941882648205,1.384548077760184,135.71290749019707,40.605065806707,85.50216891356989,17.46551354195851,205.0376965998264
2010-10-15,155.47371093646308,1.3953102836246123,136.73462371463876,40.57505259689026,85.8050279743911,17.466550117475936,204.64041232201131
2010-10-22,156.45549930915226,1.391957077020286,134.93907429114307,40.774406673427784,86.55259968564656,17.540901522758215,204.21811886419619
2010-10-29,157.24923588714404,1.3907329198072462,133.3286284269164,41.0917383685919,87.46446131413023,17.739136286719393,202.6809063988358
2010-11-05,163.5880844251317,1.3630056337785645,134.32022412553522,41.12137869869763,86.04987884430656,17.560661630371516,203.39651121976314
2010-11-12,160.16414988991275,1.3699203859275242,133.45709181340442,41.01366743560882,86.91992547739079,17.46218265826805,204.5733974633895
2010-11-19,160.41434717771241,1.3799362969667102,133.9887235211221,41.52064628759977,87.75594734101782,17.62172646921128,202.77613795982128
2010-11-26,159.70433751775775,1.3943481025079445,134.79241742632857,42.34915511870854,87.84485180212312,17.73982644466219,200.97007052734597
2010-12-03,164.42555519145802,1.369809811467073,133.50228219001653,42.34317624905125,87.02582558149373,17.727780439964445,200.82435945793068
2010-12-10,166.68640601905628,1.3378834708193696,137.84228210734733,41.77099768767534,84.80821539868394,17.610221435510404,201.55218968455245
2010-12-17,167.1396947096358,1.3385164279183377,139.59368532486445,40.866299755200494,84.14556099121602,17.420991329954855,202.36977218170517
2010-12-24,168.8987010406267,1.3186088080095155,140.37076476446788,40.37250068308225,82.73368380977169,17.36156701315619,203.24941409166533
2010-12-31,168.92128886416455,1.3144731553262656,139.82566375038712,40.15264210773652,81.87130326980645,17.388327136624593,204.75486809433528
2011-01-07,170.72434898527143,1.2986882824512038,139.81074738504836,40.13841367947968,81.3738676103873,17.382805555362797,205.21825931687
2011-01-14,173.76135859451688,1.2862232385184649,141.3697443736997,40.2266147464177,80.95576736818585,17.456786814222657,204.11997724453713
2011-01-21,171.68706639155218,1.2849999901668538,135.11723928682926,40.177324364985374,83.20630188935444,17.40275479894439,206.6661332318926
2011-01-28,171.29508427713677,1.2747360872782267,134.1140587246043,40.599306300834634,83.4550215921488,17.5468299897629,207.01775880980648
2011-02-04,176.83883216470454,1.2805932317619881,132.71521929700782,41.42554969814508,84.65872196190382,17.665483367565688,205.9636161953379
2011-02-11,179.9708053873699,1.2756386661818249,133.47057915057866,41.728970891691624,83.72914777076402,17.590392216690695,205.9557062162791
2011-02-18,181.96903302955727,1.2672651165576245,133.186287923488,41.56693464613639,83.7385540792677,17.54855892259698,205.1472757214842
2011-02-25,178.80366913462433,1.2756100431395287,134.389360392025,41.546512602282604,84.13037177975065,17.575128687315306,205.1069293761239
2011-03-04,179.1572641034825,1.2832344257416262,133.17364706817526,42.425648928283145,84.47789726345924,17.660528070275674,204.3533349607747
2011-03-11,176.69181427593,1.2716429828385751,131.15645947366514,41.85737630714515,84.4128612668764,17.487101183045002,206.98629848288112
2011-03-18,173.41476801775534,1.2689776785644162,132.06410173967583,42.076685950299975,84.0299889276238,17.546646017826497,206.5812200680515
2011-03-25,178.25554611240344,1.2717750502611567,133.59036206918455,42.77622941345157,84.07685128701952,17.574130324782743,204.5463388661057
2011-04-01,181.15934162123784,1.2713719631887435,134.72349809130458,43.11821095570475,83.86306541673672,17.542201931848883,203.5931492798245
2011-04-08,180.43400314237667,1.2708239404705304,134.9679443523037,42.69506809568345,84.46895906998608,17.540250918655257,204.76261949173374
2011-04-15,179.36104262423765,1.280212603974409,133.71519962414797,42.67777306037455,85.44213506790535,17.44184307455083,203.96680344189775
2011-04-22,181.77513420446556,1.2926771798550052,132.07642227966124,43.54037681846451,86.06444540922357,17.6270435300476,203.33856271444765
2011-04-29,186.0092813078189,1.2779430789012742,132.74501970552828,43.15367746206421,86.27970252540241,17.581909796213782,203.5103949303168
2011-05-06,183.7325940592487,1.2504451104937022,127.82333311147075,42.89188694670996,87.73065067062706,17.547276661647352,202.2944836089646
2011-05-13,183.72569481711108,1.251631524662851,128.15791539122776,42.82191374486755,89.09503968146112,17.627466234151875,200.03407988913958
2011-05-20,183.05377520924972,1.2552597702923463,125.73318248890074,43.28943939076012,89.48451337732436,17.719015483892914,198.45562763571306
2011-05-27,183.1612278328029,1.2634443524267573,126.79685344560356,43.751465604012566,88.38369338487892,17.712722815805712,197.76004904595843
2011-06-03,178.78161550435294,1.2647280972614097,125.98134085508697,43.84342252049615,89.35703976605394,17.77473476793363,196.62581949350448
2011-06-10,174.47171441038006,1.2644174307667704,124.26763655200861,44.151151488923404,90.88432258055491,17.927041884717813,193.4190235288316
2011-06-17,174.48279661523893,1.2506104094121677,126.26831118047352,43.352386050135124,90.76508095513067,17.75934588753401,194.1936186255281
2011-06-24,174.7159559046806,1.2635541515379483,128.57511970533275,44.24005209832345,90.91404006090835,17.879183343393393,194.38545208079304
2011-07-01,184.42373512020026,1.267269072820464,125.70249005515957,45.405766522639496,92.21405192617236,18.080639227906282,198.16439494351965
2011-07-08,185.30805092726334,1.2849783737111438,127.84926762072047,45.95416873838186,91.69169520659081,18.076090787728866,197.5300107161605
2011-07-15,181.37950066234183,1.2998933503155654,129.42641356316344,45.36315089812542,91.27170664667841,17.951854565922176,194.89103212798392
2011-07-22,185.17129606615475,1.3042210747781307,128.24113681479594,45.83112712457418,91.52185207126766,18.052500318257458,195.57821810371723
2011-07-29,178.65849421433472,1.2847370428673237,127.71357899536589,45.15672433373116,91.67505521394537,18.004175351486097,193.3967628231326
2011-08-05,165.39835842062328,1.2620481005340238,128.48087354953017,44.10925371424435,94.58018947454764,17.909478572702724,191.12262871763812
2011-08-12,162.94207418104526,1.2968674630526733,122.48031256599538,45.8675047403148,97.31850796107406,18.393436706811688,191.45608707026867
2011-08-19,154.72155179745397,1.2728571813701826,123.31303280072119,44.541768132904544,96.70974635456852,18.099917840386134,189.4186994816998
2011-08-26,162.49944438584666,1.2780074281645015,122.73260180579571,45.41079191825701,97.47490737953368,18.210492886537146,190.57083711258022
2011-09-02,162.1234214663731,1.2955613302860394,118.894384549835,45.89286394758332,98.11631977182222,18.3066488975533,192.07451411994572
2011-09-09,159.5786247706176,1.2934506090412148,118.46975966766239,46.17652070299148,98.31294759192724,18.3787290022944,190.3774372310768
2011-09-16,168.15294425054543,1.2837198640704415,119.86798956391875,46.04518479440538,97.82496812676177,18.406353802811005,195.71849321320988
2011-09-23,156.8673770924189,1.2899623024403637,118.13967024970658,45.23164205496237,99.90474001433627,18.240998177536028,182.49546680495536
2011-09-30,155.9347884587297,1.2641192161416561,118.86652679946431,44.43273597108265,99.64832311560973,17.955806334415318,180.09840237102082
2011-10-07,159.21058695001076,1.2867008824883566,116.61220045899479,45.1394640091902,102.36241956908242,18.218811173251932,182.75293869478998
2011-10-14,169.30032323862883,1.2694581993434795,122.14480025525744,44.642799434738436,99.59241492984023,18.302850103588508,192.98364371781238
2011-10-21,170.95806418635956,1.2530274662409693,118.1064862586708,44.735181424252694,99.08005267933788,18.109490696434005,191.72061702793445
2011-10-28,179.07266086520028,1.2058706992300299,122.83121808731234,44.16740246309918,96.0285926796008,18.300914089436397,204.70173132980403
2011-11-04,175.66582350479726,1.2052068378479157,120.31477846299664,45.084360658666824,97.35435341159305,18.309029336675618,206.5720821678851
2011-11-11,176.9546633612297,1.1901872006549294,119.33390104899341,45.39677727068179,98.56673392072818,18.135410521849742,208.93642737441274
2011-11-18,170.43919860501396,1.1868494448355993,120.22352569781332,46.48052408338741,97.7616110587342,18.06938081994243,211.4499191079707
2011-11-25,162.3844574654353,1.2010809018585542,115.6606134931705,47.99265833603073,99.54547046637688,18.053994602192606,217.48775389274033
2011-12-02,174.85922948015644,1.1822661335396696,118.87738998640107,47.51404548607381,97.21041213689097,18.270794776955356,229.57834009016008
2011-12-09,176.32706676035355,1.1633882018855985,121.57496588652762,47.035878062624946,96.42061817654385,18.078857576856983,229.30606969535697
2011-12-16,171.27054432993486,1.1555030033071378,122.87319912756867,47.74419680951924,96.70191577994306,17.85298077137313,222.39430365944477
2011-12-23,177.63224561289118,1.1424321949084097,122.36927676341914,47.44722748774082,95.59043250661492,17.778259818245992,225.81726812352298
2011-12-30,176.54271485503253,1.1471046916982393,121.74779626702667,47.45305624919955,95.47642716600276,17.790131952876372,224.10165931389935
2012-01-06,179.3055051714977,1.1335888077642329,121.63198781878798,46.51301361631049,95.37860781551154,17.863918782107977,228.9346325880291
2012-01-13,181.29321603665718,1.103596643037278,122.39707105077575,45.58879484593474,94.38776495255205,17.818519590337427,232.1398759922322
2012-01-20,185.08729960050945,1.0822265547264325,124.43507706962635,44.131502945698024,93.78948113978196,17.741873707174673,235.82015802375201
2012-01-27,186.41781538007993,1.0873826432145177,127.54677415175297,43.03953046506264,93.167507738161,17.812283444674936,238.6535866800647
2012-02-03,191.4006793906437,1.0700998546187377,131.02086229828336,41.93606072902218,91.80116089675151,17.661151186849306,234.77176533827347
2012-02-10,191.18479144865236,1.0749163094271135,128.09626448454972,42.46672922186844,92.91934308217017,17.612021892648805,239.63465147513583
2012-02-17,194.27776288097866,1.0651704113499822,128.20578806598732,42.02154107994545,92.47095583002037,17.581609297007038,238.8869286473334
2012-02-24,194.97601704670342,1.0788158285266325,126.60445649528576,42.86170361363363,93.36917615647451,17.730883166659336,241.70251338287198
2012-03-02,195.06268271206716,1.0816658468409361,120.31144784302845,43.74605503178724,95.45396984606755,17.761547769949395,239.75548664698505
2012-03-09,195.62607238737064,1.0712623305368407,123.58987549014941,44.173822878336566,94.4816585084865,17.699724660194196,240.7428341805975
2012-03-16,200.1057739322323,1.0460418976523638,123.64314226234333,43.21476297378498,93.05495504836082,17.4387148989775,240.51651554227533
2012-03-23,199.27873125783898,1.0471187294479702,126.32590386589624,43.68158161087674,93.53834462234236,17.471213087668037,240.90629454464553
2012-03-30,200.70278554114483,1.0491312079914963,124.68836901370825,44.20724687123028,94.1028221754242,17.45345724740511,241.46777339776395
2012-04-06,199.16242170776437,1.0646785415618274,123.02182283723404,45.53527572221677,95.2012218224304,17.56135369450196,240.02182241767792
2012-04-13,195.1665285023487,1.0708887653586232,120.99086047904538,46.13270178556439,96.5530798639336,17.635993670670103,240.62461242419715
2012-04-20,196.49867976522975,1.0711853089101728,121.7822616699856,46.28959901760043,97.23097264929142,17.620212930909187,237.00136189092598
2012-04-27,201.04156982647586,1.0650001133519045,122.55430468053463,46.32658852673527,96.37797913439516,17.631958359598332,236.66189848787607
2012-05-04,196.55405985608436,1.0724270671579996,118.5402238450734,47.264799059955195,96.80063239343322,17.543451685410524,233.06980510674737
2012-05-11,194.89750150743993,1.0592627594855306,119.14610822405406,48.10752821691578,95.48700762944245,17.50698917076951,230.63494116898997
2012-05-18,186.16676595215839,1.064410781795578,119.15772607012157,49.168688438199844,96.49072526964827,17.484171080346147,228.5722635314885
2012-05-25,189.84337265948616,1.0622929040823443,118.51528290576486,49.075782574565515,96.62784514732995,17.51677697658703,228.97931831904214
2012-06-01,183.9258871832759,1.0677919457125167,119.07636748810043,49.12405322259875,95.9631719230391,17.48385198933434,226.58192318027767
2012-06-08,190.6772702887593,1.052760788330138,120.60776249946234,48.85103688730907,95.41152898917596,17.433143588459597,229.87126036615302
2012-06-15,192.57063478793674,1.045645044344588,121.0721625284701,48.84995225446565,94.581077267781,17.441640162858146,227.26254713519677
2012-06-22,191.76026146581322,1.0413594307545888,123.28195757634721,48.462214922508416,93.487466039979,17.269057222577526,224.41071330779516
2012-06-29,195.86753306142236,1.033983031026169,123.10221472234001,48.68789017389212,92.90795021789124,17.367731345345348,226.89772733371896
2012-07-06,195.29234018524758,1.0351222610992874,125.80986742849578,48.64281591533505,92.00651744508654,17.265423236117144,226.9141497317182
2012-07-13,195.2935609023916,1.0404706572365314,127.00752412966251,49.78034110141686,92.74955157436915,17.319000219538527,228.9963191073523
2012-07-20,195.89026093173123,1.0499464251809445,123.64546918945001,49.802545573448555,94.17307156332161,17.456524138480724,232.084108075711
2012-07-27,199.77444269397162,1.0348040479891771,121.60840788876405,50.17054916131681,94.84762845695178,17.43551430705,232.642799536515
2012-08-03,201.00755869956316,1.0182048909586772,119.93054264390246,50.55774699080954,96.00765359068114,17.263276228436872,233.98992454818176
2012-08-10,203.56508168047623,0.9828735104032242,118.15889082520728,48.817445598916194,96.01771828956366,17.270090007447596,239.80382870802808
2012-08-17,205.76153446923698,0.9706356578441709,120.6781444178805,48.67974172946487,95.29450911557203,17.23477978313886,241.21204458769918
2012-08-24,204.76532759538387,0.9739584650044236,119.40656298532416,49.080435082585254,94.95189005983073,17.305137266106918,239.80071102423398
2012-08-31,204.38873062560197,0.9764228411056338,120.04192481269575,49.57926774705123,94.43403711393658,17.393091317838625,239.59308516735166
2012-09-07,209.36393411268412,0.968238297914679,120.18837095769065,48.71863351322629,93.1895058295491,17.22557423742713,238.8661164215308
2012-09-14,213.51601256052732,0.9486754579197471,122.05342845715805,47.398703841475225,91.6436341288421,17.04768642563477,238.0519631942488
2012-09-21,212.35830201070308,0.9561099635490105,124.38868493512771,48.10419988124901,90.9325752949485,17.054149758918065,239.47503445230709
2012-09-28,209.42736575355477,0.9580571065716608,124.30079737357383,48.97347406709862,91.67521175839777,17.163594986238397,240.43644525710909
2012-10-05,212.25226257594545,0.9525285930057881,122.92485386982375,49.91459305386898,92.11100453150364,17.1240443045657,240.55225357936706
2012-10-12,207.53437648796157,0.9577213956275745,122.4701467688226,49.78815557535463,92.35480540219086,17.16490454956157,240.8695065804283
2012-10-19,208.335019969899,0.9549392837100216,118.34175074940228,50.453104063288635,92.87014129556341,17.13610563308882,242.77249130540082
2012-10-26,206.1755917480856,0.9444690160960939,119.87556405903268,50.754408570860555,93.40072200718927,17.08547635040702,242.8957587947939
2012-11-02,207.48283740204954,0.919618044510257,118.46449346282235,50.429728092735594,93.70305263172803,16.999773596512036,240.84286878937547
2012-11-09,202.83366460802645,0.9018381013425744,116.74616205724209,50.62804195656252,95.8406703654465,17.015592466944845,239.74466030154665
2012-11-16,199.88023558881181,0.908805834729306,113.58861802651201,51.31936977296461,97.37487026147971,17.222369043650414,237.52145526851265
2012-11-23,207.2353145336431,0.8993134017738112,114.77054182854248,51.180850307631,96.72886438961437,17.137737243002352,238.92980552574977
2012-11-30,208.65469950021094,0.8859852325043704,117.70982247449737,50.49163866731033,95.54641364436118,17.004808408152876,243.26285131327444
2012-12-07,208.82602221895627,0.8730471124624407,116.35434480058593,49.63113398898623,94.29572427693718,16.82704681688351,248.13728010519006
2012-12-14,208.23039415299908,0.8603091758033484,118.13523445249588,48.54459791940566,92.37484325013092,16.602798581812998,249.29514525379426
2012-12-21,211.0316648252083,0.847850508109122,120.71928773376706,48.19083792424322,91.41163450323275,16.54902915426592,251.60684338401117
2012-12-28,207.10623008566418,0.8472791581527174,120.20590936049793,48.79380291793217,91.77640342368205,16.55053079466737,250.72416091748173
2013-01-04,216.8533792193659,0.839759379718406,122.45470645980495,48.03296805632258,90.47765521464737,16.54037046387895,251.8867984289164
2013-01-11,217.77703192973323,0.8477608813084113,121.67917135029155,48.75696154090873,90.46338760842298,16.689771772879833,254.7183267872225
2013-01-18,219.7557849544699,0.8473236633994128,119.86281945249443,49.38882269791256,90.87484844897489,16.675706740014196,254.5161368304234
2013-01-25,222.97482644977453,0.8407883690827597,117.65383795250824,49.384672985387986,91.41937591645801,16.70056793302021,253.43901593870902
2013-02-01,225.1845498706232,0.8297614611420514,120.28076011798305,49.14680947321066,90.87791497029467,16.523520264310235,256.28822094997554
2013-02-08,226.76007438325973,0.8230227434719758,118.7383156546904,48.749662336376105,91.17388964001178,16.53900576528467,255.5729623635876
2013-02-15,227.65215586433385,0.8028996842256795,119.09851189395658,48.931998819424344,89.9054118078194,16.391611832007484,253.7213555752087
2013-02-22,227.1412075800546,0.8011315022902955,119.06330907296714,49.182925259517724,90.29289259862409,16.443717609470553,255.4523636203498
2013-03-01,227.61399728020817,0.8058989263253398,117.125952176408,50.47832375129386,91.53006440399764,16.601896431248537,252.9412376736767
2013-03-08,233.10234201810528,0.799821695610192,117.94860971501983,50.522750544598445,90.63949532194955,16.519398730211165,254.3313097729287
2013-03-15,234.61373816870466,0.7983232476771377,118.96304033749598,49.77626265389467,90.83952241853419,16.38075100805713,253.14882319630794
2013-03-22,234.38799645791673,0.7995536428185456,119.63222945251611,50.49427323701919,91.0638523925082,16.408433719338845,250.75888725249368
2013-03-29,236.2581747505499,0.8043511288500512,118.11917075549096,51.04004385164518,91.40870898087412,16.500987640573282,250.09553556818787
2013-04-05,233.23354601425473,0.8026115661267391,116.54132980697186,51.28902754610873,92.20152303171642,16.514177876244,250.72648656505308
2013-04-12,238.52326206626506,0.8030544325577009,115.64619960502209,51.294264559575915,92.0782298795928,16.422065562510685,248.74755516479604
2013-04-19,233.39744565507002,0.8090988106468043,114.63604250889863,52.245667501971866,92.9349415533538,16.465559320422187,247.35960450961642
2013-04-26,238.48806304986763,0.7974811427973854,114.95021574870634,51.55854021256579,92.6759971675941,16.4301941611589,246.51289581896398
2013-05-03,243.91689421872803,0.7928385050429191,114.44465293183971,51.41728121780912,92.17235145340986,16.372815650397545,248.8769643435203
2013-05-10,247.54194006313494,0.7856495798873114,114.41120216610014,51.05984838706833,92.15671443871163,16.338084847970357,250.57212362112878
2013-05-17,252.60173128731455,0.7861027078938738,114.59840213418711,51.089019411625394,92.11251185740649,16.27205792125257,249.0513527131159
2013-05-24,249.7061696362497,0.7793157275179377,116.67988256376078,50.24323440010647,91.39324255152275,16.146723211227286,249.6657816566088
2013-05-31,247.41952263092276,0.768214024893986,118.27952565722242,49.96210047821575,90.88996611901625,16.10639651413038,253.3172175613507
2013-06-07,248.95487586507468,0.7662441589550332,118.31586771196409,50.140911745375355,91.64041420661825,16.102360871220213,252.62866325471282
2013-06-14,246.7353264567901,0.7693859953339839,118.0620863672969,50.54507725740313,91.73614377322794,16.20751080377382,253.03106182492172
2013-06-21,241.4811361130668,0.7603582957090371,120.53971370488293,50.0778145577734,91.2487774316221,16.200667605034504,250.43667966424118
2013-06-28,244.07993627798902,0.7575814616950174,120.57041592474727,50.260159307820416,90.60216800194472,16.09713687655306,251.17244844609579
2013-07-05,248.34975148224575,0.7546589991632424,122.71360506783421,50.744128525461655,90.1828354487428,15.983500041811144,249.39480443783373
2013-07-12,255.5922989368219,0.755190704632933,122.29169604391686,50.927919691297284,89.93953119286896,16.01602319945235,254.34059637234068
2013-07-19,257.50707463340353,0.7449429834512968,123.99751551830386,50.29999377977129,89.43370827398286,15.904797703841732,255.20073716074972
2013-07-26,258.53246643100897,0.7408007571321359,125.0294826352992,49.94118929219577,89.94524473621938,15.777221750978391,255.0743685961092
2013-08-02,262.34370629065313,0.7420143144361776,122.14085694980064,50.89067190062611,91.6085206198522,15.846147549647277,254.72659423200102
2013-08-09,260.03928576020377,0.7422391964433257,121.12285725599295,50.764586900010855,91.58406141807457,15.91577887455467,256.2499474709765
2013-08-16,254.53814604618316,0.7331042185273446,122.00044758209685,50.498390950746234,90.94485243500688,15.78888759132249,257.2724698908408
2013-08-23,256.29248091228055,0.7349568806821098,123.38253564158619,50.5500634083504,90.53436241826508,15.92730671823227,256.90228212187316
2013-08-30,251.56797058338282,0.7418903688311678,122.45290363295,50.44583967338531,90.62242169852927,16.07490253803409,258.2662627780078
2013-09-06,255.18385376415557,0.7383628333764969,122.71208699270748,50.69504003210903,90.22485873942095,16.019110518103467,258.5506930957056
2013-09-13,260.5262720331084,0.7383640708752973,122.60819804506954,50.667005697919336,90.48654598204863,16.037520260475567,260.6753066019754
2013-09-20,264.0795435153272,0.7373409231416443,123.24468316884462,50.71181690473406,90.48149702792713,16.058665863529658,261.657312316556
2013-09-27,261.8809353016412,0.7401456796715665,125.0377563695547,51.13051058182531,91.02200537305306,16.14588921744209,259.51962971563813
2013-10-04,262.01191188701387,0.7429016966621446,123.96524026416289,51.60268698272519,91.54536212052311,16.13307495361025,258.42180798140686
2013-10-11,263.58156977167124,0.7361379146980606,125.26574377513677,51.1175298801457,91.61405804372298,16.01067627051469,258.43160132946707
2013-10-18,270.2324794363558,0.7368520827332776,125.43401686416226,51.67033855295758,91.13565676328722,16.07900979740731,255.68269092878182
2013-10-25,272.9348556039301,0.7292438343608048,125.41928766799221,51.08103971768754,91.26548181709889,15.925835110114836,256.8326937654101
2013-11-01,273.409723620477,0.7286552146259094,121.3883262776778,51.204088004456636,92.88864338276207,15.885010385581872,255.86341582905118
2013-11-08,274.82231091938536,0.7192732419670516,122.54244687182381,51.07841257620857,93.24164690846295,15.791397386942045,255.64564148659983
2013-11-15,279.5082494198205,0.7245114615902482,120.6196956278937,51.36564776966314,93.79414008670078,15.908951867648659,257.0537439211901
2013-11-22,280.49396135116365,0.7196324149947628,122.32087548573942,51.12184166867067,94.93091729605743,15.867127672450232,258.0896493715183
2013-11-29,281.1207913548663,0.7142249088430527,126.72675656450336,51.46328916959811,93.64573615518384,15.743678222766556,261.2831447907334
2013-12-06,280.82686890496433,0.7156509782111163,124.2090690643764,51.96562368961413,93.91202564436315,15.854668951006117,263.4069898267674
2013-12-13,276.3977761519792,0.7130559825650223,123.46344215836785,51.79489087027229,94.06121518591151,15.833822657339681,263.88778735499005
2013-12-20,283.33604602676735,0.7105653581815154,125.41016418837273,52.03658137888238,93.19511684216592,15.84451489785287,263.10895752970936
2013-12-27,286.93831320939546,0.708586159735938,126.55648527499307,51.68807459919757,92.73117469639753,15.799051662560647,262.7057891960749
2014-01-03,285.58084427298246,0.7076014800649216,127.60534446001381,51.312924890468814,91.81556686009597,15.78249084358774,264.90918536232203
2014-01-10,287.733993105823,0.7093894306736029,125.53064186358365,52.842942996007444,91.09552754195379,16.200712533227108,262.65649859551485
2014-01-17,287.4178158316252,0.7057078062846102,127.45300762292415,52.50127159018431,89.26280407004413,16.209907044580977,263.58991332719313
2014-01-24,280.3613430716471,0.7028255409225113,129.0320672599326,51.756458068322125,88.66669337391374,16.337561849588727,267.0773263300079
2014-01-31,280.02227522097047,0.7028953019208074,125.76929314283927,52.275415649398255,89.3118148023273,16.42201036381548,264.22003199395016
2014-02-07,282.43302087230944,0.6999819059737921,121.77439725498266,51.9197402093428,90.31461869754516,16.412878058790493,262.72252415152445
2014-02-14,289.57061243322966,0.6970177069473099,122.09375990139121,51.859107861405505,89.88059546399498,16.33155450423035,260.83763619515224
2014-02-21,289.98350838496594,0.7004196032717864,122.97523105843598,52.62222183758863,89.17885953367319,16.441672938200803,256.56008573589617
2014-02-28,293.84114981565693,0.6935293895405551,123.23736127470342,52.648591231416205,89.62547128386991,16.368133934766075,259.7665404962041
2014-03-07,297.0504837662531,0.6849444980278613,125.2863549177566,52.73590932989106,89.4460831216348,16.239944479916964,261.55539113802615
2014-03-14,291.46955721713175,0.6808279316741725,125.05616524614697,52.4602972365543,89.3144954083668,16.28482895341628,261.35526363084944
2014-03-21,295.097998405065,0.6720559847594123,125.20304326160583,52.14579575847399,89.23073002512072,16.086143018112576,261.00821616846406
2014-03-28,292.3039727244417,0.6716076957017557,121.60103419613031,51.22875722352364,91.0849218812563,16.03167639075925,261.5507532947442
2014-04-04,293.2062398609484,0.6650443429612547,120.63183152426875,50.81103354646332,92.40981519958196,15.868155933727236,260.1347729350532
2014-04-11,285.0339249896782,0.6614176568416347,121.2916359929718,49.718112328496446,93.16578048447589,15.782966814230967,256.607506680109
2014-04-18,292.5863327273633,0.6645535764763396,119.39745658513043,50.305177591267515,93.87512321082241,15.823616628834726,254.44091394729503
2014-04-25,292.2458409658644,0.6606742769069522,117.75925576803094,49.89360120285158,94.23648745552123,15.8064797463267,252.21627588669799
2014-05-02,296.0605581740114,0.6558084681574751,114.5790875132205,50.08736301492987,95.16352169827636,15.898312105882471,251.53408379161178
2014-05-09,295.5069514928953,0.6509678035155654,112.17807817135672,49.55693834207372,96.90578038855712,15.68410821335262,247.38611691771536
2014-05-16,295.6119212174724,0.6505455995724443,111.6610799216958,49.08185698516638,96.50483343930182,15.655164374634909,247.97340240543818
2014-05-23,299.76637820005556,0.6460212453717461,112.34419456187017,49.91706439132384,95.88390471857174,15.756220893642892,250.49602659819166
2014-05-30,303.2643417136569,0.6462402074733025,112.04893354923544,50.153691494829964,95.42031383510876,15.791468989115849,250.05311469618653
2014-06-06,307.7971770057405,0.6460677648938271,111.57778144786366,50.50200776891838,95.35783812637929,15.853497756761161,250.68523697187138
2014-06-13,305.8174527554793,0.6453371356205342,112.8670462259295,50.11626288838827,93.55284838253903,15.967633633433781,251.4787846428773
2014-06-20,310.3547568959979,0.6467773904142549,113.13570095645183,50.73801440516519,92.35717132724055,16.171469023059302,251.95426866123043
2014-06-27,310.36077119173495,0.647615489547479,113.86637533264758,50.5838235245521,92.1828840039846,16.220144836396965,251.47216987418037
2014-07-04,314.34574094440774,0.6457677036268097,115.91752262092992,50.471091236370434,91.63226233475643,16.21915999415573,252.9564344444588
2014-07-11,310.3843294630167,0.6444566528500049,112.66582808608985,50.89311562250147,93.3804671806495,16.037819728258377,257.19178676865124
2014-07-18,311.6978668996404,0.6390136896187153,111.79362119282993,50.94754281726019,93.76927549357264,15.953464856090966,259.0735403283311
2014-07-25,312.14994972823433,0.6499383788542814,110.50592262453137,51.33547848966383,93.52612508218546,16.184529217167803,257.98758624175014
2014-08-01,305.0387716950299,0.6406212180761298,110.51368116506231,50.327790628777805,92.93145480318958,16.14234789628329,258.6964727272446
2014-08-08,306.9431653083519,0.6375262782770095,111.96983063741281,50.38114258276422,92.26878245640943,16.14961187555271,261.40246392664454
2014-08-15,311.0568997426287,0.6311573797478828,110.69047482679899,51.04931571635704,91.74134754327872,16.253011781939104,260.8209115683047
2014-08-22,316.41152237966133,0.6257897021376522,110.33319098755454,50.80119957031688,92.14791210458516,16.209729801181627,260.94738533264376
2014-08-29,319.0107458510141,0.6286455304716202,110.78137664266144,51.15370417196666,91.54881983361999,16.30682172531514,262.3544464446309
2014-09-05,319.71182319324475,0.6272335533042301,109.16748576708919,51.64477004934129,92.3409035736524,16.26232415898259,261.07253342207815
2014-09-12,316.33883033730575,0.6247640489446412,110.4090497226222,51.3826807160625,91.68072582022806,16.392304398521514,261.6837443889679
2014-09-19,319.3163176918167,0.6216744666759125,107.77005749683573,52.064450420746454,92.70120424855023,16.306504741154573,260.9774214334845
2014-09-26,314.4701047072143,0.6263956655881631,106.81269979834386,52.57163487799281,93.28165190344892,16.44799756253348,258.8625581053358
2014-10-03,312.0330788259087,0.6267399734270689,106.9673253596563,52.514641070913214,94.09180766630693,16.510021729953074,253.0525573264774
2014-10-10,301.45996844669173,0.6227673652221479,105.76160445270763,52.36472726641494,95.54866158824981,16.318287632926083,248.04339764085188
2014-10-17,299.9093274719859,0.6180043021237891,110.40581250888317,51.07925258203983,94.00104243147555,16.43175768456863,253.9806287255295
2014-10-24,312.52388901444783,0.6219993437096565,107.41447561271852,51.90976312157727,94.31828766026466,16.47556683724843,249.60940267350813
2014-10-31,322.42051121859987,0.6154798944328631,109.98773149907736,51.72427697695292,93.6953437664349,16.601776631396362,249.03174495292032
2014-11-07,324.84900093596343,0.6106302241210966,108.47696340932482,51.488746128962724,94.579853333994,16.329366569640552,249.94418363728926
2014-11-14,326.1879182003986,0.6125798300209787,107.57668251684069,51.94857222635138,95.24024398802403,16.431167846763582,249.70436313982734
2014-11-21,329.6071938928029,0.6165373122400185,104.79276005469006,52.226129268507215,95.631034835634,16.39484322270571,253.9335025854806
2014-11-28,330.7086197388715,0.6186050899046586,102.88775631377543,53.56691077142209,96.11128691353072,16.472362872213957,243.71787590229965
2014-12-05,331.829234680851,0.6119564838233156,103.12728450370746,54.41200030729242,96.4278485164851,16.34409927388587,239.93634269381846
2014-12-12,320.3817291975363,0.6155170200575855,103.69564113498089,54.93047308450752,95.63369119585037,16.40920714994513,232.69700673783578
2014-12-19,331.3246391549295,0.6113164461210389,105.26293801431197,53.56497153991073,94.7195706014191,16.526740163514834,242.45760294879935
2014-12-26,334.61659345042625,0.6087479128641217,105.78352632411465,53.68613228541514,94.45073913610877,16.35813788350947,239.64897174732005
2015-01-02,329.9367722257085,0.6042651810641643,106.69441513212438,53.119872463551616,93.73669824910323,16.369508853241367,242.15784287751202
2015-01-09,327.7480436524035,0.6167378084301992,104.63334941483191,55.19615888829427,94.11390590067468,16.480443680835723,239.01912069617572
2015-01-16,324.0052827646742,0.6233772254129066,104.07575019679271,56.36019839580207,95.13907001784536,16.348525682302604,235.86302528473018
2015-01-23,329.2393509516413,0.6260253453726424,101.71058570410183,57.383657042182854,96.08992621992937,16.418204201670658,235.21569476319712
2015-01-30,321.86525295971785,0.6206384427129158,100.87783808486888,57.40679972682254,95.60536162321004,16.35066223024157,236.1565877215497
2015-02-06,332.6097066550954,0.5947360807151567,103.63891410416828,54.51092291863468,95.55612049979196,16.18814589944971,250.80270359302463
2015-02-13,339.44440309061446,0.5933171565800787,103.11314335662972,53.876211689266036,95.61511164543177,16.20890329325225,252.9624304935564
2015-02-20,342.0568606074889,0.5955101625595199,101.64116398361747,54.233553315328464,96.10057968565829,16.35011181689203,251.05680767546937
2015-02-27,341.30145099306986,0.5945373272504529,102.14535234922033,54.33907890855022,95.88222906720391,16.446742271602822,250.50387070722348
2015-03-06,336.5798967539257,0.5961417801138409,101.96399918449539,54.290025067327,95.74171194793671,16.68650256189476,246.8795385905625
2015-03-13,334.64030531007677,0.5937011124172356,102.4438901731252,55.97140125066227,95.29261783529437,16.82905790266331,250.7785315098923
2015-03-20,343.6817987469892,0.5977956913405248,101.24635804742437,56.78811362244781,95.45649736813566,16.898167455211567,252.15240423993544
2015-03-27,336.38507911995987,0.5916137622277687,102.00899212737018,56.44610285421903,96.29579479603379,16.872579175426143,251.9888146023657
2015-04-03,337.73608147778003,0.5868396882108654,103.15232214657627,55.87687989842607,96.11555528036484,16.81531218181098,250.75794041665907
2015-04-10,342.83809526520616,0.5902851674774049,102.78638865193666,55.30556659374824,95.93418753096077,16.869836197226554,253.90477941540865
2015-04-17,339.34395519894764,0.5843763598999786,104.43374959976718,53.62833039948876,95.9913146723669,16.86925065704912,257.6201467636143
2015-04-24,345.4123740996196,0.5881654736293257,104.2208343132476,54.330742811389605,95.79186062290687,16.81864801146276,256.04242847902435
2015-05-01,343.40695832336814,0.5767398276728836,101.47385110853507,52.8373156246515,97.12370377389472,16.641553044662025,254.25993898179163
2015-05-08,345.51907181417477,0.5746914165872398,100.38261775139911,53.45396333425975,97.37818003883005,16.657103141387157,255.8818941589652
2015-05-15,347.01502616231994,0.5719344925472132,100.48314207613022,53.667220735463054,96.89613126257105,16.67876834498274,254.60779093387725
2015-05-22,348.0887571466379,0.5709517161562176,99.10456491936782,54.55275315063868,96.69726693383528,16.813839320083023,254.93908485804485
2015-05-29,345.27373569920314,0.573458410304104,99.25220183502628,55.72691858975043,96.39221134205575,16.89835883862246,253.99246348078722
2015-06-05,344.10650450905587,0.5707837392842201,101.9166328360699,54.95053457542303,95.68136900885101,16.963430110021992,252.3289657776295
2015-06-12,344.4287465985214,0.565854042398716,102.22028574656409,55.15824948334917,96.2113400463726,17.02895902031857,250.5499181859751
2015-06-19,347.4217420408072,0.5729621579860915,102.1745476296524,56.51066771816717,96.27868790427394,17.377060243730995,245.58496972756222
2015-06-26,345.99090666396734,0.567107562388651,102.62612379107298,56.55479994427549,96.46422012366682,17.32586969271305,244.532392569941
2015-07-03,341.7171759625757,0.5714398609342572,100.93276362036862,58.13556740557331,97.20375127384317,17.459177849522135,244.9015091558959
2015-07-10,341.87401129072043,0.5763794779167604,100.56481979079871,59.67841544411796,97.93194726775316,17.643594908515357,242.4595810937845
2015-07-17,350.8470106969933,0.5838781268327674,99.97736871120836,61.22777505265861,97.35980888022509,17.963649079923385,239.53065649391345
2015-07-24,343.3687893599222,0.5856493017197119,97.66381718210113,62.92895669198516,98.40695640103512,17.99999808817394,238.40035624534042
2015-07-31,348.46191891639836,0.5842137176092198,96.50542293906743,62.85090435074557,99.71564296771179,17.93008798212103,239.7434898641962
2015-08-07,344.4043161743652,0.5773967260249006,94.5280404644397,63.74892825356524,101.69452001289147,17.681984940487073,235.51127829179384
2015-08-14,347.1691183982598,0.5708732334536585,93.47492405101944,63.26317963695881,102.83868363943728,17.64333147949823,237.1814099225343
2015-08-21,327.86360789636126,0.5684667717258797,94.3784378900828,63.81290648973511,102.00713031393002,17.651349584651324,234.49806339680845
2015-08-28,330.88282039368073,0.5693660659197642,95.30161371413249,62.974315227958506,100.94462681562293,17.612502774878052,241.13368265446636
2015-09-04,320.26016120776603,0.5669884916394932,96.73459102855908,63.30516085803363,101.17359029969062,17.594231309951194,238.00040081245552
2015-09-11,326.80399504357644,0.5750578130990343,95.99179543354191,65.44349916499732,101.40726184726215,17.840777811296512,239.6683524313541
2015-09-18,326.7481745328941,0.5818881238343835,96.88251510713748,66.48738231984292,99.41236121048819,18.167463417910632,241.55251642982438
2015-09-25,321.5234813661858,0.5677835882761576,93.41197665950865,66.33500052824863,103.52444997166585,17.711541961048763,233.36455006804806
2015-10-02,324.2162809630387,0.5659311854585948,91.9856974499357,65.71100768703788,104.16819543913492,17.442113630360257,235.2246594702321
2015-10-09,334.80430060875693,0.5403872643158689,96.94649165136009,59.03990120839741,102.31787535486174,16.947446100481034,246.7278062717169
2015-10-16,337.33968994549855,0.5461615817488452,95.9201952650369,61.27487889583248,102.45994121643072,17.152098458876097,242.13268489137863
2015-10-23,343.6211556505489,0.5390116161064995,95.25420863391423,62.073347293374695,105.28821991531397,16.93738507219174,234.7174622542838
2015-10-30,345.36762200746006,0.5453900448057379,92.93250110366112,63.832384981657334,106.18269234158679,17.15293578928193,233.38624646809205
2015-11-06,350.27848898184305,0.5412218851204833,96.15952034534519,62.833333731714205,102.52739026298359,17.11012170570206,234.88299156404966
2015-11-13,338.0664702312947,0.5456624236495295,92.83020923296444,65.51387086320318,103.35751372278635,17.317848419485742,233.63121259864005
2015-11-20,348.8055516417458,0.549521396576916,90.69158906260375,66.64841635781983,104.03643912386191,17.34265498348575,231.95616939223194
2015-11-27,349.83837871196147,0.5533226039005906,93.67892028383737,66.42624628938643,101.9680566638885,17.424739167767278,234.561511612062
2015-12-04,349.2931153694136,0.5537496032068265,91.78949670930565,68.2798467789408,103.5022229624956,17.53476326094194,233.17185394035937
2015-12-11,335.69806517619367,0.56218404116721,90.32360538855222,68.48537538974522,104.58060492382113,17.62584523672932,235.45532122038148
2015-12-18,334.7320805289991,0.56417996507005,91.91386098690735,68.58066962301186,102.92456998570384,18.05328634207195,234.1914658419716
2015-12-25,343.6497354190677,0.5515207208487355,93.04680495693947,66.46384877856032,101.95313191010985,17.79961842356998,236.71853553750063
2016-01-01,340.8555214242814,0.5576567931495209,91.22171322126768,67.88889758860387,102.69871729771242,18.000649451397162,235.72569780172086
2016-01-08,320.2482498030449,0.5631702958012742,87.36795180710324,69.61059447327801,105.60725135159369,17.97181162121419,230.37743307209442
2016-01-15,312.52958966394596,0.5703026075038841,84.59790427778029,71.52998625854241,108.31955886348783,17.88022756462203,225.47558622554973
2016-01-22,316.9388239714024,0.5712781199394381,85.95232674956596,70.80608311227067,108.14100154919045,17.89055026100115,227.4721871774641
2016-01-29,322.5281549610381,0.5529554980153768,86.00263306397586,69.73834652513193,109.22380327364624,17.40123942793464,229.4383184224485
2016-02-05,312.7062630561279,0.5420589439199043,83.97393335889967,67.57805650558859,110.18728734575176,17.035629278458664,224.18553481627964
2016-02-12,310.4691928191499,0.5472871732986484,83.29780403040225,70.22140399996252,112.77641326070889,17.042466976138325,217.85861048759622
2016-02-19,319.9683517851754,0.5476373185325167,84.04285900318753,69.0559080542395,111.22181275657259,17.23468795019357,226.07376936152218
2016-02-26,325.7246331679715,0.5398650651549372,83.67907238492361,68.92204133555897,112.26613548647701,17.06694010490393,228.84796639236936
2016-03-04,335.20184447885435,0.5031836993180958,90.60837717854854,61.401118198172064,107.6327803432223,15.799735997789044,243.41145374640107
2016-03-11,338.6802256393347,0.4971234087617384,90.69487587752404,60.96262291975589,107.59015425356317,15.54005709136286,245.58327683344712
2016-03-18,343.2506730319777,0.48645800656279065,89.76828719352258,60.043736039206834,107.52959255225548,15.212066671813277,243.48861268994585
2016-03-25,340.67010332800726,0.49712186288266275,86.6709137636738,62.65425477024981,108.74372045670806,15.508243603161404,240.5882390939676
2016-04-01,347.5099882396862,0.5036435246208836,87.98569844609173,62.67322445739368,106.79589625800767,15.78329402016696,244.61344352816892
2016-04-08,343.13767295296407,0.5093962565136069,88.6066571613211,61.70620335966012,104.75181580012766,15.772850908597443,245.18083205204866
2016-04-15,349.3415480441436,0.4925179239964849,91.34125703262048,59.27790001258337,102.71846083651045,15.591284307239007,242.49857597091588
2016-04-22,351.12635094967146,0.47754442234379385,93.14806022906457,56.34196758324774,99.59100671647597,15.429690020809092,240.56140495033628
2016-04-29,347.7773662384782,0.46937465227645636,92.5503818957599,57.010460126737165,99.87960650674918,15.123632278237793,234.90477729120963
2016-05-06,347.23318835825324,0.47146634099552126,88.62268571761288,60.54743191351311,104.03106916634772,15.150171747524604,240.99582880156763
2016-05-13,345.72661930244925,0.47161754548204765,86.93259966974797,61.9414236750966,104.4909166539238,15.343546926243032,241.70364281688495
2016-05-20,347.2109879187987,0.4672006341977111,87.4573936781382,60.55283783763773,103.350681779232,15.439056131232817,239.2857012777787
2016-05-27,355.53349503682426,0.4640331784643165,89.56585631770595,59.264324966127035,102.74183628662095,15.446452654480723,239.28671024328307
2016-06-03,356.1384254508711,0.4644862579755151,90.62202927464722,58.2821876986075,100.93936041799019,15.336996436814784,238.98966802147962
2016-06-10,355.43480137656303,0.46176314388957634,91.24896920393275,58.98532356752811,101.85768003055546,15.017248865827145,239.48969157023808
2016-06-17,350.9323539523546,0.4595019598148404,91.19816109837046,59.05164821693154,101.55377465254361,14.873443111248546,240.45261873307692
2016-06-24,345.24575046081156,0.46048582820629586,91.5856223096228,59.79829852891992,101.85874713429118,14.846965497037774,238.9947667272221
2016-07-01,356.05647900392813,0.4618924523445689,90.49798241135905,60.0367420134374,102.15000603617752,14.8939316357275,237.57091319548636
2016-07-08,360.80746553278345,0.46386258459482693,90.46018171241383,60.339091554197246,102.52379507673164,15.001758398349581,239.5788179946062
2016-07-15,366.4114919876816,0.4518732613071201,90.99316674698152,59.25571822549061,101.97378507866534,14.904861157979596,243.31280082627836
2016-07-22,369.0982908436581,0.4530416346689186,89.86006710166824,59.26433044371544,102.70234488105001,15.030076907484954,244.64016620246764
2016-07-29,370.5416797797568,0.4506190529727446,89.36149170885494,59.48133734051232,101.81556103464862,15.006687451717161,244.93302728472173
2016-08-05,373.24659478943727,0.44256045565431523,90.03737119707476,57.98179240085438,100.12107313366636,14.955944018008516,245.04591878403514
2016-08-12,373.73104381131395,0.4394846496687541,90.45766584372878,57.52813767515158,98.75884527224312,14.849617300698196,246.45936985428764
2016-08-19,373.69351365804306,0.4318641031239036,90.56302587835572,56.97730174675126,97.85253126507742,14.660119032667717,246.42644552896425
2016-08-26,371.76571088821316,0.4258000795476107,91.37866736846466,57.03969934979126,98.07167645023988,14.717993947324908,245.29363811475648
2016-09-02,374.1063024039898,0.4202025126548544,91.89333592712408,57.13785643297523,98.09898356067583,14.822209314739688,244.56446560705456
2016-09-09,365.2808507598047,0.4207036146775311,93.16218192127357,56.06953937616702,97.03295283640053,14.872209666618117,245.81331335294237
2016-09-16,367.11208600971327,0.42565830457025466,94.35690563115801,55.886192092996055,96.9146894839032,15.02932816326077,244.65015325960823
2016-09-23,372.1633313327428,0.4237648795947791,96.40970107964912,55.004365024413296,95.33116828371548,14.827759865142154,243.4555810479327
2016-09-30,372.45841382879075,0.41851179094295177,96.47696878343011,54.30680118243382,93.87090943517228,14.540269001410822,239.71832803266608
2016-10-07,369.6921809549116,0.4140274214117154,96.65670353480019,53.94930596388075,94.1446475664954,14.521661846139875,238.9678920090336
2016-10-14,366.07091587175415,0.41066842945490045,96.11890614819576,54.680050224388744,95.7916871538011,14.52499630648834,243.48007200769965
2016-10-21,367.85301308652805,0.40854367661375085,96.08812624524309,54.577498867487726,95.05774671822603,14.476135297579743,242.56506836560067
2016-10-28,365.5361546740454,0.4063556707333732,93.51143824793492,55.26306896520074,97.55717256109482,14.620344669966673,246.54991602804776
2016-11-04,359.2671264439509,0.39787430741994856,91.23819678874118,56.036177643265205,98.51226550016762,14.652477277253679,241.3897547494178
2016-11-11,374.5760606426174,0.3745511250252402,100.31920484836866,53.488787231410434,94.56204034994823,14.475806431544036,251.2774609259219
2016-11-18,378.681115193284,0.3686866920606233,101.40895819522886,54.16745435467722,93.91901748265273,14.46713937966928,250.824858152547
2016-11-25,384.592893857089,0.3616610763162051,102.46439329816688,54.490709052085926,93.78995023657055,14.371080386721065,250.6662588130125
2016-12-02,380.0539336554999,0.35594723329898365,100.40346408140546,55.37847431576269,95.35262055365786,14.299355932860392,248.23843680315318
2016-12-09,392.8335469936368,0.3481822624771699,103.68384472397416,53.978851810070346,95.71308557072355,14.311648232692704,245.0543295462242
2016-12-16,391.73427128404086,0.34964824368692493,103.31015482976507,54.30082593252846,96.36712413171372,14.456419971140258,247.1074067435673
2016-12-23,392.75938258595033,0.34727037686723733,104.39442253339023,54.54691213886351,96.22639410395804,14.477587001023352,244.5193155166638
2016-12-30,388.45742497554005,0.34806576928201827,103.71764779458937,54.83853170698674,97.16391550790283,14.583637890344127,247.00361618286692
2017-01-06,395.2997248484759,0.34751196193567735,103.29810264716275,53.35042129927377,95.2261954719882,14.465234601282855,252.78956768928865
2017-01-13,395.4305810567099,0.3457684258225013,102.88136831791113,53.698008792701316,95.1530896037427,14.561878685093037,254.7210168489457
2017-01-20,394.3704630150933,0.34557340330536807,100.12711854721724,54.1802682954506,96.14457665762433,14.591755633653726,253.523981370168
2017-01-27,399.11095770549906,0.3418557504000635,100.18432764728531,55.151468036004175,96.11316943772734,14.695738482753146,252.543490513727
2017-02-03,400.43485561372717,0.33973133071302997,99.1141405386399,54.88903464712336,95.76832270735893,14.761256249195485,251.37653013972573
2017-02-10,404.60943295717306,0.33738303992215424,98.37266617425223,54.23998663333157,96.15361188147067,14.871702470535405,252.17865770547814
2017-02-17,410.6744764733921,0.3383288698818189,97.8156699416193,53.97763812944822,95.7282942305122,15.012387177449485,253.2579999275067
2017-02-24,413.1142852687677,0.33923981292678834,95.86287067089326,53.61955497525301,96.96738342864397,15.09418403429973,252.22873860426031
2017-03-03,415.58752491328283,0.3384493314236997,95.76578212100611,53.87150911405648,97.22404144877568,15.068862668534049,250.45065958658464
2017-03-10,413.24718688372303,0.3387694663511983,94.27175927620125,53.11774516422902,98.18861984267699,15.224251933064,245.0085327479246
2017-03-17,415.21323176803327,0.3376958718367026,96.29670389333883,53.569202503878074,97.86542993266116,15.137336895833528,246.101224381245
2017-03-24,408.37608582870934,0.3423114281859086,94.79094941996401,53.28740227492115,98.41835347344183,15.272307821155586,244.1395782707271
2017-03-31,412.4218102011277,0.33569925386982885,97.50864582779731,52.829879131562805,96.17170889171584,15.129603181810168,248.70510120664073
2017-04-07,410.56868994121396,0.33670642719532695,95.73819334517857,53.560122201920095,96.14960070151464,15.12565607361047,247.47604244401438
2017-04-14,406.0479818155235,0.33875409464118245,95.28235954077857,52.790340663406326,96.30660969212434,15.112605201133245,245.1015175117751
2017-04-21,410.51147710543455,0.33909866086754875,95.99505947954778,53.27154169861937,97.85197122591671,15.223155679857301,243.2349729913229
2017-04-28,417.7766217566474,0.3401601960241041,96.74039121365193,53.62385336062345,97.18113104701578,15.238453187149583,241.77759450909602
2017-05-05,421.3465603857275,0.3397557089749927,93.95688136058891,54.415979665435415,98.2975821138984,15.443339846203862,236.02736888303522
2017-05-12,419.91262458732194,0.3409725965798164,94.20658078626631,54.48772951667192,97.27389010878419,15.412637181836503,236.35396703981223
2017-05-19,418.2825845194789,0.3420381250966371,93.09734950388675,54.24886445999576,97.16810799521858,15.351781286187332,238.11266769414738
2017-05-26,424.52351493188394,0.34401086839607503,92.61586860627696,54.99883364448914,97.78728530810415,15.622472842249481,232.7504326933549
2017-06-02,429.0930116469743,0.34577285906870614,93.48808635025328,54.997178511443806,97.70465562596208,15.62198969320895,232.34795236174503
2017-06-09,427.85280234681886,0.33847149992401254,95.56274064366085,56.08426589313935,97.69465522538856,15.744017949987324,239.63898654816418
2017-06-16,427.7837499460121,0.337784378664091,95.03280231277567,55.58046936528565,97.70303933846827,15.719341782358642,240.08033491063267
2017-06-23,429.1047592151369,0.3425651875463437,96.90284427111372,55.39062668683137,95.41581979974968,15.719297392885819,239.61189876828206
2017-06-30,426.37873303480717,0.3342616503530215,97.56282282842773,54.86565574998135,95.62477062015348,15.588692740555352,244.57190226552737
2017-07-07,426.6280121708028,0.3345119943981508,97.56121002350541,56.519416083276006,96.40940993078989,15.695068919117992,244.46497998913011
2017-07-14,432.78067773438664,0.3344600647106484,96.81696818588819,56.57902845346237,95.86654465903138,15.665284792223472,247.44876715377546
2017-07-21,435.5712940980762,0.33296387240975617,95.6545522531598,56.23882290619748,95.90689497673203,15.702410821755084,248.4842581246452
2017-07-28,435.897334390763,0.3304671654910811,94.69953871666927,55.93378555240675,96.15132500816671,15.634259904713717,248.57774741914812
2017-08-04,437.0924458055474,0.33071416465266384,93.1303202165,56.73978737542933,97.54145774640301,15.69294064645204,249.4132984303809
2017-08-11,430.7881867355008,0.3319408614850421,91.26369932803492,56.77251538307416,98.07485966645076,15.807980693783836,247.39457341387404
2017-08-18,428.02797948242426,0.33445115232761446,90.90400866030426,57.73873606467145,98.45805475083787,15.88790862587249,246.29215339245383
2017-08-25,431.6373425329786,0.33245342354272905,92.06836675320365,57.27873974495796,96.5628803789531,15.732885201392206,247.05954279307176
2017-09-01,438.2175786300853,0.3336498238997087,93.73660188615605,57.885489882386956,94.88914898172052,15.792041917551826,248.5197417161042
2017-09-08,435.2562848163224,0.33576567689530673,94.28099269641038,57.2436225425707,93.74631808346615,15.573286041850528,249.1169587584152
2017-09-15,441.87112817716616,0.3301226402065332,95.63968473658701,56.16454971419972,92.92195912029447,15.48953602143993,254.18038403674512
2017-09-22,442.9003421623094,0.32360279507097534,97.25621521340726,57.0035820003953,92.86220868538534,15.601027161182982,255.0136478458422
2017-09-29,446.850400702639,0.3194614939029124,99.99750701446767,57.292990394339064,92.05106247666558,15.510694364471169,257.47092274464177
2017-10-06,452.3078423220863,0.31986216909081305,100.5503138863936,57.7393677040697,92.09663919887889,15.56595709066089,260.439701768638
2017-10-13,453.108569726021,0.31935991821853776,99.3563895236249,58.70703082579437,93.3187497208633,15.645172476044856,259.28889021820174
2017-10-20,456.7470427032031,0.31821586561550713,97.9855915513709,59.27599618912547,94.70825057912833,15.717787458763265,259.17743520194864
2017-10-27,458.3253325386373,0.3162700247550883,97.41828321680656,60.46034156476984,95.21503063093957,15.796373273218602,254.69220538189967
2017-11-03,460.3301834541993,0.3151821128356253,95.71335523910214,61.23984428815218,94.42978419715728,15.907448935839852,252.87878500264213
2017-11-10,459.5831901560214,0.3130594889647537,94.61659655477608,59.74305618780798,94.68387109549666,15.867514999594727,255.06335960297284
2017-11-17,459.96024502582844,0.3104568611020958,95.73823449232107,59.26097601937369,95.6033249207742,15.84910003810287,254.38156639887646
2017-11-24,464.753525022963,0.3113911260713429,97.13837259582526,59.79676319286077,95.10307142052511,15.873445046113636,252.3403279235943
2017-12-01,471.0149868796773,0.30776147359592,96.81836334530617,58.21745759963107,95.95518372277327,15.854060398955518,255.31865355908076
2017-12-08,472.4569873388339,0.30763930930086986,94.175107745264,58.37163399273778,97.50896041199432,15.825912025544657,256.0564500890251
2017-12-15,476.5174688154901,0.30810517403210963,95.23105115796855,58.42955919184367,97.21477782845619,15.872736210909682,258.2282787773054
2017-12-22,478.17318452147515,0.30694936150647883,95.7157439781579,57.65858534011778,96.53682704827331,15.812261382123902,258.63404104215596
2017-12-29,476.449620601144,0.3078580402516736,95.84424220193144,57.44753721524455,96.69800348599038,15.773584832560566,258.1947894821424
2018-01-05,488.4993974316337,0.30592458787818155,95.80250513732373,57.01542842804719,95.68978903094784,15.751019275272974,259.5315637488022
2018-01-12,496.236732102172,0.30186648310215086,95.95425642237888,57.01149349330893,95.02006198703168,15.654171443129027,258.1222981847387
2018-01-19,500.23828079571706,0.3042268707009362,95.08458627841162,58.101268224035906,96.87286165806456,15.785813600006104,258.64522039742394
2018-01-26,510.76065359188306,0.30929803796924826,92.54977327376288,59.01337043431366,95.90326003713193,15.762612851910927,257.53322600164205
2018-02-02,491.9865022114678,0.3093865909067987,91.63758633886796,60.10833128048189,96.23729658112926,15.947431136912664,257.24434664957107
2018-02-09,467.7525166387837,0.3059033082598569,92.7536022418331,60.0188603355662,96.30780747082325,15.907542447985515,261.90917776820066
2018-02-16,488.29745015309675,0.30475139594253997,91.93732054107346,59.91525914980102,95.43709455203168,15.906415485306182,256.43756791541864
2018-02-23,491.26182468776835,0.3061700686389676,91.3778382361991,60.55680994857185,95.01582387027094,15.915617841791686,254.84686132281476
2018-03-02,482.0573922243859,0.3053062525709418,92.96253245070147,60.342420642878956,93.52491370036107,16.004256365670493,251.85415980798643
2018-03-09,499.79124652294826,0.3049813763383119,93.86896306414766,60.56766014660018,92.43043312872167,16.190718011447412,252.46819226936864
2018-03-16,494.2231630810519,0.30064688427936803,95.12368619281993,59.980250505114114,92.19860155250082,16.128425911045703,254.00559855866263
2018-03-23,465.44997567582925,0.30086877406152274,95.77006169958945,60.89680786048218,91.38906654353866,16.033858021621125,250.0989852078419
2018-03-30,474.2693130187571,0.29996308472310046,93.9452654245649,60.830086396555146,93.36849633095892,16.028610071838923,250.7517356155541
2018-04-06,467.7824454822255,0.2957774138703235,94.69472335676986,60.268133340765296,93.7218373887038,15.919055660669898,250.94855654484857
2018-04-13,477.0600947487996,0.29714849609823685,95.20100793939909,60.45699246801203,91.59230852735263,15.957891069517386,255.42751963960282
2018-04-20,480.8100376917547,0.2962067438605779,95.92158975343037,61.11149571850604,91.16130280433624,16.03094390328642,255.43988636258112
2018-04-27,480.2861881502936,0.29469771610279927,95.11182217683363,60.05309058771566,91.06874801156992,15.929055017874246,255.36403842888913
2018-05-04,481.54186681815776,0.291139648408065,96.10027586428835,60.60802855499379,89.53931611608624,16.07770254685406,256.71056595440814
2018-05-11,494.0598988358665,0.2908074549688053,95.5568515471666,61.479054213266885,88.2812390435293,16.1863917468494,256.5695589866601
2018-05-18,492.0072814878165,0.2905584286562377,97.7046742728898,61.27726339826127,87.93217849296306,16.053548127423856,254.2880910974309
2018-05-25,493.7209949608848,0.2902241631152902,97.54481531305515,61.411191671229396,88.62552673620382,16.043814308920687,258.66685557701675
2018-06-01,497.1959307599034,0.2926231496141322,98.12109265655243,62.13903176641036,87.08743877002703,16.151694269285525,253.66839070903558
2018-06-08,505.4305993944713,0.2919850819434858,97.53400557038687,61.88094268814087,87.37289726636972,15.925596368150778,254.65907668239822
2018-06-15,506.6358811038896,0.29612773786149543,98.2860861401627,61.182693250762355,86.43467438594203,16.000889202970676,255.0244550686621
2018-06-22,503.1537057806203,0.29261191025251704,100.16312273656206,60.61172095034313,85.8566727684196,15.87184207455778,254.25131691164327
2018-06-29,495.5823645658634,0.29291567646817834,98.16325388202405,60.98083901396159,86.75725196113727,15.854103880225814,255.84407191574286
2018-07-06,504.0464984786113,0.29460893531333016,99.49185917212775,60.74495313848007,85.45391979937405,16.04525075079652,255.2555784182347
2018-07-13,510.8820268141666,0.29580191860253535,97.4680923524871,61.32111799818578,85.77584020863544,16.117117932739685,257.4538150821151
2018-07-20,511.3768078356681,0.2967524218288399,96.6672207200614,62.66595301666859,86.2695162501777,16.250757816968665,258.9586776365077
2018-07-27,513.4493800551877,0.29322196605150125,93.79364937964078,62.36359167033033,87.68210041043422,16.18733880929125,260.55796646098014
2018-08-03,518.3155528089918,0.29080532022225525,93.05600915108111,62.18935122065199,87.99319527709261,16.074272047255057,259.66903413283046
2018-08-10,518.7199590104639,0.2923495976375999,94.61334643569654,62.98138673128309,87.26736035370405,16.127558655934862,260.92324439553744
2018-08-17,521.0180161536475,0.2934158485743377,93.08640822150173,62.24790096816655,88.3880980990216,16.12904000536487,258.77533778298965
2018-08-24,526.6133687423329,0.2968983420611414,93.91465976605257,63.38098296791585,87.19556198206926,16.248979202209416,259.1447430244673
2018-08-31,531.4073469361649,0.30082241627138356,94.26911084012964,63.847371227207326,86.2019715555779,16.42331983627368,259.73491819534627
2018-09-07,525.147692670162,0.3007436137517064,93.01075721813851,63.811354996500945,87.69141398305551,16.406422076375545,259.5486983542814
2018-09-14,531.0722006523439,0.299507769508563,90.8611872349684,64.09264483074496,88.18080322086061,16.50159684480073,257.6462164511006
2018-09-21,533.9175939466627,0.2943795300261914,91.09504961724119,62.45428305700094,87.67588520436067,16.24299905468809,262.6163953399192
2018-09-28,531.6657009833796,0.2984724864607326,91.83496631328588,63.906047878469565,86.58046775487755,16.194501929280868,257.9788946782401
2018-10-05,524.351655157641,0.29239749852307656,90.58788292598882,62.83205986623832,87.24568884336519,15.96764499217232,256.39647976203184
2018-10-12,502.3731498004712,0.29067821273170547,90.90686247086664,62.77040472505196,87.20582220046951,15.856610612714213,258.57012722464276
2018-10-19,502.28630125527627,0.29003502871718834,90.30748511071107,62.7393032320037,87.51335697945458,15.717219715351652,256.8650099042011
2018-10-26,483.30623352302985,0.2891756012187233,90.64719180733833,63.55523634999004,87.6320983960826,15.61650796488091,257.9554333806127
2018-11-02,496.98507153151246,0.2876520082125598,90.60911515485,63.05043352864211,87.40714650578755,15.693647330305815,270.745889590499
2018-11-09,506.84561877770847,0.2839905640153404,88.14380170101416,63.88553081884345,88.24248264331098,15.385815629591434,263.0537114641477
2018-11-16,499.4434807445696,0.2834093989150756,86.97240705247481,62.84555506388514,89.46078810210015,15.353248469020091,260.895606737207
2018-11-23,481.8691769150118,0.2810910373245908,88.34642945119744,61.446835996681926,89.12525277544812,15.326316164166863,257.7141172509601
2018-11-30,504.98002389731334,0.2847101213337124,85.38931015136748,62.7172752355086,89.25404544362449,15.589622966762835,260.83405371034326
2018-12-07,481.7671153568872,0.285872776492078,84.59255364966138,63.54904920818018,88.33007975349305,15.525807732525795,258.053601203064
2018-12-14,475.2543600933547,0.2899858757663203,82.51029193202153,65.19043612412914,89.1457628420185,15.60832947466716,251.29029876546673
2018-12-21,441.57578667510364,0.2854099183674524,81.17815863980702,65.08256795048544,92.16141699579474,15.473179750666276,245.76689740314063
2018-12-28,454.94237433479157,0.28828950235830275,81.59476687374429,65.64991350689796,91.48073453639736,15.683437636627737,248.10438965240914
2019-01-04,464.03753446512997,0.278266636836025,86.03504651037073,62.145607208670256,89.75945450532905,15.63862602572905,265.2829991150731
2019-01-11,476.7434741448128,0.27493925357924676,86.86546991787222,60.259413157159045,88.51845615255586,15.557147570683373,278.9354274487494
2019-01-18,490.1912428590816,0.2739248362178563,84.80609463107022,60.30757103215485,90.00009178096688,15.675283873748308,281.31721269877363
2019-01-25,489.6879774746182,0.27386614023395545,84.0227517797275,60.25877667396282,90.2875513857858,15.603878577852651,278.975179289621
2019-02-01,498.2880459011861,0.27383279414513007,83.12415992425494,59.90264315226562,90.54131141498382,15.724182182224004,278.95313873571484
2019-02-08,500.3853894794534,0.27703932604155496,82.99859269220525,61.01695567480216,90.8789640610939,15.678866384742461,283.34502602340103
2019-02-15,513.6018889270592,0.2724166736236685,84.72772849087679,59.36334987381295,89.91722243097031,15.705290423286126,278.2335647603737
2019-02-22,517.2918232435679,0.2714855403835834,85.96717438939937,58.898496201494524,90.01272451140215,15.707172773344157,276.9078512312208
2019-03-01,519.8092022369912,0.2750856213053899,85.83456772978597,58.92620053735989,88.88059668505585,15.948771216891801,277.97128006484155
2019-03-08,508.11269133114,0.27530342029383364,83.73847580661287,60.12144371228772,89.58192847327773,15.96793688321308,278.27689584641746
2019-03-15,522.2702955127137,0.27368394338465746,84.17309011972107,59.73909922362856,87.60402697145109,16.03539456380689,279.2660367775895
2019-03-22,517.4080050617038,0.27504079948561094,82.01020965881484,60.80183094228909,87.5068921658723,16.067860703756242,279.6143024395008
2019-03-29,523.5278579127723,0.27482631905284827,80.9194987811724,61.12109549496787,88.56454317550549,16.1383296525584,278.6625886198412
2019-04-05,534.5388256035552,0.26980935943519363,81.98339849601415,59.27613184881193,88.76744756252297,15.978580223876518,286.24204954570314
2019-04-12,537.5055259411679,0.26840949655986374,80.56896876067847,59.48240004465746,89.77711450376222,15.991394648014262,285.33668590943137
2019-04-19,536.4281339964197,0.26288851779808975,79.93257579793287,59.20549007125078,91.71111549339204,15.981155580506053,284.7485250018062
2019-04-26,544.1145101076104,0.26647882472370604,79.7202925165855,60.692137236821615,91.03338008331,16.127415812506886,282.04836206356936
2019-05-03,545.815652801372,0.26552761982000994,80.43442268357958,61.00757536767993,90.75542425819545,16.149204803419956,281.84299284095175
2019-05-10,534.9960836041336,0.2640731503473083,80.35488051635892,62.227404633955594,89.96679521021034,16.17068337915486,283.77760347696574
2019-05-17,530.7008565975926,0.2664350188984555,78.34094184399306,64.0480571632182,90.03021561705776,16.36883852674869,283.0609294903818
2019-05-24,524.1808627082479,0.2689657735110233,77.38614826464726,65.6897826040367,89.87488215896053,16.441965561532594,282.66546927649307
2019-05-31,510.6301137585158,0.2717015425602794,75.77711245119163,67.51370152118768,90.4557787725022,16.4803262062184,281.1256741248418
2019-06-07,531.4374959284381,0.2697166346299066,73.73621173775666,68.78250408386734,92.4501782897501,16.611479782026358,283.1655828616525
2019-06-14,534.1278916924376,0.2699670800618321,73.29228995448838,69.3683180259207,92.44323052107377,16.790166497998374,280.73286619698774
2019-06-21,545.6891047548121,0.2698415588806295,73.36076603836818,68.47737667093888,91.60526115706024,16.713744740434976,288.2170529145242
2019-06-28,544.2541764555807,0.2621043365068294,74.83044569500107,67.38373727929844,91.45840231213951,16.626410554890924,292.94600285826925
2019-07-05,553.6068861911432,0.2623477577259999,74.46238348361,68.29525608903072,91.5757979360207,16.60166971815677,297.8932106252884
2019-07-12,557.534753899694,0.26355825084493056,73.38146192293456,68.80059448158408,91.82755467355487,16.71031879280776,297.83045223662856
2019-07-19,550.8171918702437,0.26538250253581525,72.40817559044167,70.27490052701943,92.60644603846534,16.69226337456135,294.63075393558256
2019-07-26,562.3315914981755,0.26461273001456415,71.12450371062798,70.96280102653458,92.94025453807667,16.597485621009163,287.88010669186275
2019-08-02,545.0935051960478,0.2633609602451333,71.43407911575069,71.36388883632948,92.48787916807498,16.46733570257777,287.55799091383284
2019-08-09,543.8070832652061,0.2649362598469838,69.56515089631503,73.34803464899109,93.70943139424288,16.4510774766847,285.32336199833344
2019-08-16,538.1291641200011,0.26512457518252563,69.44112278821339,74.72617255309942,94.84004756752886,16.490834943058147,283.508005236122
2019-08-23,530.3664320243181,0.26386186479148016,69.44278961370625,74.56456085725017,95.08539709971959,16.560187924911272,281.65238556400226
2019-08-30,544.5758893104864,0.2626532397433135,69.66833563246222,73.90389455399436,95.76559738750593,16.657622646802352,281.71980534865736
2019-09-06,553.5100912967836,0.25684768811050324,70.43618686627957,71.0688245029621,95.17179559744199,16.325671245693904,284.8049129264784
2019-09-13,559.7787637770674,0.23618947053185793,77.68023769541837,62.01255235691039,91.72605325606241,15.957987623760843,302.60165538698516
2019-09-20,557.1176234449755,0.23988465120833596,76.37126898496557,64.21505921409027,92.64012703070165,16.17904617414971,298.8656056927896
2019-09-27,550.6155041888346,0.23621909485711748,74.02980601825031,66.14123316418117,94.92943329427456,16.11704266231811,290.9964203757019
2019-10-04,548.7261729623685,0.24187426137019485,72.70662909636836,68.98262297141162,95.55563765356736,16.316056854551807,299.2386135421366
2019-10-11,552.0358720599555,0.2397672114948429,72.57686977427949,68.95880975338694,95.53986769689416,16.275859183501712,297.59476087929517
2019-10-18,555.2427452037022,0.23812845874096128,72.93368880703781,68.78881806201393,95.08504753766566,16.238900050494852,295.22913081709004
2019-10-25,562.5517186856905,0.2348850046683035,73.05582939383021,66.65439160502507,95.19732705362918,16.28728386796905,289.43549731343205
2019-11-01,571.8355547397571,0.2349266952140066,73.2663284757843,66.90130968540625,94.03781781547423,16.24764734664506,290.8816472858847
2019-11-08,577.6467909214746,0.22841561471492763,73.50640719496013,64.80076671525204,93.77416963289407,16.15019445044196,292.4544128465852
2019-11-15,583.1890503840531,0.2334113583172605,71.2926197066761,67.61152784270061,93.6354416235847,16.408620559484266,289.9418060303989
2019-11-22,581.3632635540841,0.23608159380057106,71.41717252480478,68.3063561141204,92.94079220032621,16.648747063644553,292.2664890484994
2019-11-29,587.7668954734892,0.2386565042567296,73.60043253477745,67.2963679295842,91.6799252445725,16.83813211299115,290.22602293259
2019-12-06,588.9619216089794,0.23586255058285174,73.81788175275425,66.68061839224212,91.82046715059064,16.73644803087836,292.0916257734092
2019-12-13,592.4415139632661,0.23149093851985927,75.02146303041879,65.13212797313237,91.3549888475824,16.63894381414883,293.19554609240123
2019-12-20,602.4173350942694,0.23011380946178367,74.8827075439621,64.56837904103892,90.49941033029366,16.75229639966046,297.33319182169333
2019-12-27,605.4208691209595,0.22843454700410054,75.47167924353599,63.432146806440706,89.28967643950104,16.598444276392804,297.291824616465
2020-01-03,604.649372493552,0.22641039236426624,75.34666965518743,63.090247989051356,89.09715749441668,16.58614596859483,297.06036351928117
2020-01-10,610.6249596930429,0.23123158430052643,74.5202572143214,63.97107379332445,88.88850536853808,16.896651172009566,299.5170275486823
2020-01-17,623.1229231350067,0.23341346239386634,74.80069416731686,63.75450921728614,88.2612099871389,16.98146525303611,302.68697914397535
2020-01-24,616.6299460505369,0.23583718666666037,73.53300936089737,65.53630618047413,89.60539468687927,17.17819126925451,309.478383522502
2020-01-31,603.8687188131183,0.23805422960538952,71.82466790414287,67.08956167850494,89.683248200782,17.36142084712099,313.36954502630607
2020-02-07,623.6354264315626,0.2399846286389498,70.83698065144029,66.80131194912886,88.63122458489087,17.459303586213103,310.167550115886
2020-02-14,635.041249673641,0.24140375987699633,69.65612821335581,68.14598376616905,88.61543615529003,17.60594563179557,305.91175367059463
2020-02-21,628.2419705866905,0.23977983131614466,70.86798334906196,66.91900347720721,87.53309096959609,17.70118686599337,303.04790592636726
2020-02-28,556.3675838710493,0.24193427887042798,71.05004032626222,68.38594375705422,88.24892306539581,17.697586016282166,301.92192963562456
2020-03-06,557.3446724920971,0.2539919510252337,68.03710080153094,72.80206085111762,91.7936366067625,17.949692773921065,286.59464174055495
2020-03-13,503.10173451393536,0.25979543768747215,64.60605965271061,74.99672181378216,95.205967402857,17.930842872104808,277.2206271980377
2020-03-20,426.8896304774551,0.2618018353045815,69.38158570826063,70.82539258718072,91.49700487267027,17.446647013711004,268.4803436397441
2020-03-27,471.44004465103865,0.2680177160594869,65.55603649924893,74.30005072319331,92.32818751958759,17.94007605756556,268.74282320721824
2020-04-03,459.4869295914406,0.2914772499270479,61.39218489615624,75.44306286424343,93.91575535607431,17.802845475483576,232.69682030564948
2020-04-10,516.7346291381118,0.2609141319334433,64.66377989618712,74.25176329186426,93.67495830074776,18.016744467056988,286.17270589476124
2020-04-17,532.4239376289969,0.283418435658728,61.85413553001884,75.16652738572822,90.88312163649276,18.456266791503154,263.6800697725461
2020-04-24,527.2003469221477,0.27909193403220695,63.585223923640164,73.40373267088539,87.13731551628427,18.205570446286735,265.598790986211
2020-05-01,529.1718088943339,0.25103982424344284,69.30325887211919,66.25755963082035,87.02544846546228,18.053386948377874,286.78942680146855
2020-05-08,552.0386847519442,0.25642598504024905,67.78269916283847,65.52349284465926,84.95410441360863,18.615389140197735,273.33338799609794
2020-05-15,539.4955009501931,0.27613967246969745,64.82913670088978,69.94847838502497,84.37578740621151,18.89170765102946,254.06606521765056
2020-05-22,559.5532453441568,0.2526949397547037,68.41273862485808,64.12328597716849,83.40069215908666,18.72849994641635,266.26082188000413
2020-05-29,576.3695311840214,0.24263178821288647,68.4022259071897,63.19150835731179,85.76359737745217,18.96640333072639,279.7471186410247
2020-06-05,604.6976814499859,0.2015071164621593,75.93744129775227,49.19163096053196,81.68352884290628,17.66632774718192,303.51028489599577
2020-06-12,575.8712676024799,0.2161603615136825,74.6868591984958,53.272840886169035,82.48039940323282,18.067030907202415,299.7816109856244
2020-06-19,587.3133095833216,0.22855176177862016,73.22989390522271,56.9861538140983,82.0467319306094,18.45800642203095,288.1106835173525
2020-06-26,570.4401281037663,0.24129052100016876,72.22925278817878,60.78601980025017,82.90608513150819,18.830100183302402,280.0328314114739
2020-07-03,594.2544183417355,0.24310783536249067,71.47918848954366,61.2462063644604,83.69546838654894,18.908753469938468,286.6370011849955
2020-07-10,605.1560756186625,0.24861746171267882,69.4927108067117,63.7284609327169,84.02505751967567,19.033868444439673,284.04919663498737
2020-07-17,612.7516585542628,0.24272781085882317,69.68968672039021,62.6465593753754,84.32564988663067,18.760379948963315,286.76370778272826
2020-07-24,611.7194084484211,0.23516054975273587,69.3584811837496,61.7861443777347,84.24767554236824,18.579134785730727,289.29487844266055
2020-07-31,621.894329688399,0.24063482423163277,68.03247049887763,63.640339031598316,85.31115521277786,18.742954059247367,284.3388265448448
2020-08-07,639.435152903305,0.231054986371598,71.48053367234813,61.0597966511783,82.61128701918256,18.326158000726153,290.91358808287043
2020-08-14,643.8313724175773,0.2209146459806417,73.07387782314312,58.01174841129356,83.00835372311624,18.11977381626129,296.392561275085
2020-08-21,649.3906846049723,0.23769176875388037,71.2039386713101,62.5135367693205,83.41273241220529,18.568240301108055,289.6896610460324
2020-08-28,670.9332068664871,0.22916664124413566,70.34866604901912,58.968399693972216,82.4684146442026,18.502577776424413,294.66602102654855
2020-09-04,654.7350555297089,0.22135963781480056,70.56592347114055,56.28895147318461,83.79473463010642,18.37197679640163,290.49085586736777
2020-09-11,638.071342826039,0.2279533597690739,70.8662039826389,58.6181661731325,84.32664079643156,18.759092154916683,292.86903601549983
2020-09-18,636.8007172592527,0.2258402296367418,74.33744723946242,58.77979011520444,80.93118449527758,18.718277608252897,294.34869341909564
2020-09-25,631.9563219248851,0.2396001119411806,69.58267691902198,62.05960436970735,83.91904458702003,19.38201259119116,296.4367437819606
2020-10-02,643.8835104912686,0.23396480472610653,70.71053501755702,61.10199093640944,84.51620882482881,19.37117431501631,299.2756490983477
2020-10-09,670.0456882885065,0.23440810883235705,72.3711046246251,62.3955944730965,82.4065765526774,19.449569816643002,302.31195650414924
2020-10-16,671.7585225495272,0.23514368477817363,71.89828863104044,63.61718757251353,82.99335481162275,19.608099596245907,300.73531747584406
2020-10-23,669.9236011710876,0.2250229970756517,72.54143181168764,60.163673830516586,82.06691886748153,19.44641612107279,306.4255653057067
2020-10-30,633.0960183653941,0.22514902108992807,71.43936730497805,60.675673112923434,83.18558633187281,19.809075095581395,299.85296091517404
2020-11-06,682.3773050807702,0.23381799623176433,69.35187401242308,63.980670470071054,82.42196675401601,20.11734326940094,305.84675911464944
2020-11-13,696.7131113436087,0.207280044392625,74.43460843345169,53.8830518312477,77.29378370787552,18.77192259032845,314.5463231375094
2020-11-20,696.1914140344036,0.19993557657850777,77.30736575928316,51.114873565841336,73.26051466252397,18.065817951898122,321.3766487951272
2020-11-27,714.6816380642235,0.18997570886083018,79.69512382957814,47.800667712694285,68.5467023102538,17.311545837356157,326.7833072544836
2020-12-04,726.744261435858,0.1882419290453033,79.78172404073771,46.6772459018691,66.87858179674957,17.048114035618855,315.9844600877167
2020-12-11,721.7088012717693,0.19093132492559092,81.18590240220178,47.850594137577076,64.93401692346102,17.208004859320045,319.7118460800099
2020-12-18,733.3838436983104,0.19939088575975794,81.55180180283219,49.925489389481804,64.72791900780814,17.766739064658772,327.47433571644245
2020-12-25,733.8206671988553,0.20313984509389113,81.01958311515268,50.81013168098842,63.34544409586461,17.935405784792614,326.08065636094256
2021-01-01,739.937307071825,0.19769596644399645,80.41600233924856,49.288735129383404,64.15894269748414,17.614402628912064,329.19646707029
2021-01-08,756.7286301940885,0.1935138435662448,82.6575996000547,49.4440160399906,62.03436492522487,17.336938177793648,327.7564551976624
2021-01-15,747.5002225651527,0.1889795148791141,85.35490795066882,48.93332536121295,60.16877414508205,16.986935816502836,330.1468752013203
2021-01-22,763.8482593993403,0.19518368425289198,87.77519592869989,50.03918097932173,59.69012788954621,16.880779996597433,323.7696814218125
2021-01-29,737.6312240046434,0.19755667995077517,88.39701790895838,51.11786073201443,58.398798690157626,16.516507396167583,328.53033760185156
2021-02-05,779.4351981445376,0.19801444338644006,92.1614751600825,51.549334339183105,56.08979743339154,16.637291569741652,327.2344855873701
2021-02-12,792.3937069701254,0.19701861154265282,93.04751384252417,51.93896624480458,55.72699216656837,16.675907927768396,321.6673383593047
2021-02-19,786.8083903718575,0.19199038750059033,93.33186823700234,50.29836554987137,54.94592567782578,16.5237501938603,328.129348605899
2021-02-26,764.8247747250989,0.17715930528302765,93.31507853056517,46.660196010866876,54.62951342856907,15.590026458356908,342.72106208049087
2021-03-05,768.0872168778219,0.1577955357953138,96.43397760487649,42.76598770661189,55.265228516495384,14.62427549205333,328.9436803901388
2021-03-12,791.6184632890026,0.15774996866765045,100.25098954617583,43.771434640603445,53.926043575242105,14.530736190746085,330.5606847940114
2021-03-19,783.4906820715787,0.1586377515808751,98.50014120838357,44.00320335946836,54.773186019421,14.676237786033155,335.76022929097417
2021-03-26,789.9858083811852,0.1542898094570838,93.37460328742723,43.23264326630622,57.36206730707088,14.582737910229582,339.3198893878267
2021-04-02,801.3357579667182,0.15699238861476453,93.73937926211156,43.82761298040541,56.68662316746936,14.754696585577605,350.4763330171758
2021-04-09,822.1568173363852,0.1589043059814691,90.55928052827832,44.17399816689148,58.23354628152467,14.843123807964673,345.1070242322965
2021-04-16,833.8666388465127,0.15954598515443952,87.88897713916917,44.136962995956324,58.94652388592334,14.929282782497456,342.15130842626434
2021-04-23,834.0620667555613,0.16043851943163648,87.78718591077131,44.15250504811843,58.91135376344544,15.041633191474265,343.3753018695099
2021-04-30,834.9940869606795,0.1579884955320707,88.03980325781272,44.31598470263168,58.26815464191252,14.940220732051106,342.09794514070035
2021-05-07,841.6239941072278,0.14709046769178802,87.14821445054577,45.28968552752383,59.60170720455326,14.086839183659201,339.9679246110431
2021-05-14,829.1273848915716,0.14103862116981308,88.77536434618202,43.890008764753276,60.13994550951778,13.869281095127343,344.23055971247584
2021-05-21,827.0663497690507,0.14198885666989555,90.78432107239259,43.404222147492185,59.62946884919754,14.032878123030727,349.3756283896504
2021-05-28,839.1134832802181,0.1449044705474561,90.00738343351158,44.96151190219576,58.92977799954341,13.997077263869699,347.90820072083017
2021-06-04,843.873571583786,0.14234257289069308,91.35246673999181,44.9343730464547,58.36012725526323,13.659450277981026,338.8918841819827
2021-06-11,850.7987091395529,0.14668263251274044,92.5226433754976,44.40429492004427,56.34165517495623,13.869273876976186,349.8847620398227
2021-06-18,834.7132057304034,0.15112230441146804,91.16416018888386,43.68116249012867,55.75817334508605,14.345318908439548,359.17495651795264
2021-06-25,858.9474002973252,0.15213558758291926,91.40422459083906,44.59876383249577,55.36601737653951,14.269081708694689,358.2556708539704
2021-07-02,870.2663789752797,0.15481907366307812,89.49034026673006,45.10440004853533,56.47083638871317,14.361250889991958,360.8720874307985
2021-07-09,872.8570421615061,0.15594787571197521,88.53153693107522,44.71862255508275,57.21955987744225,14.357070006379828,360.21519906928756
2021-07-16,861.3640600112731,0.15315274655702274,88.38575829027451,43.005529749015075,59.38677069707136,14.385466933557176,369.887983677401
2021-07-23,881.2101703344011,0.15686000568122904,87.41864833289131,43.96396967583395,59.71683618852421,14.649694165542604,363.82479694552234
2021-07-30,878.4766952361321,0.1537221208228654,87.47223341719395,44.449758988381255,60.30053790337767,14.508714839598646,370.3426424276979
2021-08-06,887.5821904695746,0.15294279866563568,88.398929083497,44.937680330691556,60.38893290392394,14.849397887859146,371.24483256823754
2021-08-13,892.5721572827698,0.1495293765506332,87.09320194101348,44.939555912650974,61.29194499073146,14.748091259780116,363.34752250582676
2021-08-20,885.1129989215503,0.15043709861537327,85.37947734614728,43.505963019136196,62.04635992984063,14.809172016334411,350.08731080575205
2021-08-27,903.7510426923723,0.15093712159484485,88.69856097179142,45.17576016820404,58.89382499143655,15.006230796972922,370.84841755290194
2021-09-03,908.9036924324528,0.15397374146667078,88.89705221736389,44.65196905646936,57.97366572355785,15.248752813815555,369.98457485010306
2021-09-10,892.2699613629403,0.15391846435978424,87.5337051212587,44.60406015410637,58.18739000810937,15.304686972993434,369.74390271544905
2021-09-17,888.3959861829051,0.15326512246809293,88.00823747814296,44.81719015876797,57.77643206988361,15.213824503603988,371.5069782208866
2021-09-24,892.5704354683593,0.15082262976483624,88.34813479307029,45.68607076526401,57.928132787613116,14.976699335873022,368.58897250339146
2021-10-01,873.048914691183,0.14156740426321335,90.625742777984,46.348809624171174,57.33049061967591,14.386010991817324,369.1827749554754
2021-10-08,879.3648009732102,0.137540522147562,89.16741259061071,46.931461826291695,58.55148039031499,14.25504947542671,367.3517656546402
2021-10-15,896.1441063733789,0.13999387838535787,88.26729675075305,46.65956558358046,58.113929284197596,14.475005836688554,368.84312218466124
2021-10-22,909.8833738589003,0.13957248419773444,86.72374048081296,47.221171243035904,58.882555793122066,14.578629883266636,368.4190998877787
2021-10-29,921.8718143714284,0.14333623808729837,87.31139167387485,47.763619113474135,58.96503239616074,15.000303926434736,367.0039049140282
2021-11-05,942.6127090881349,0.14132023999344298,91.506954153079,49.106977976178996,57.894640481311704,14.64847236856176,377.2445059286266
2021-11-12,940.2873403545178,0.14069939434466408,90.39465754526555,49.70687732776156,59.33229661230772,14.673021648399233,369.4673316810311
2021-11-19,938.691228042729,0.14103904551754518,86.69252431113946,49.71170804712017,61.940466855158476,14.635843974457451,356.3544013101937
2021-11-26,915.3628861062159,0.13799807883026277,85.06428654752236,49.501386904790465,63.14701835047144,14.444734818922436,354.99013386613296
2021-12-03,898.7449176754005,0.13284633411840452,82.38378045154514,49.67015171800814,65.1334651365496,14.0747676155344,344.82940621493054
2021-12-10,931.1777001717243,0.1312684665823505,81.82604106410048,49.847044144714054,64.9774422825727,14.046084700544558,346.38396715338445
2021-12-17,912.6748100232036,0.13202099243982293,82.1402672938744,47.90214546418828,64.5910051620228,14.089854524902659,352.6096378134702
2021-12-24,935.1514119707228,0.13254197089496034,82.31256738683786,48.460358349377934,63.6880190733156,14.032677760894364,352.63444227898924
2021-12-31,940.6101597826006,0.130956349021713,80.28067282290401,49.649355020696,66.05266814946832,13.884154439786528,340.5020956009155
2022-01-07,917.9645258149654,0.11707640999743373,80.63882269550521,50.40399702781634,67.06919994732607,13.111043201617418,342.2507528436964
2022-01-14,914.8630398604345,0.11236486818177006,79.18466833179293,51.4033414202036,67.52565131824959,12.84576000850649,338.1067660603986
2022-01-21,860.0403101179816,0.1113899560524561,76.81209792468069,51.56082519936709,69.06021980421879,12.508666354790526,331.77587645144854
2022-01-28,866.1185086312089,0.1090913943754309,76.15288814598614,52.78030863683906,69.90748156496231,12.404043466188087,328.123062764544
2022-02-04,883.8100612432094,0.11032836640009479,76.02262973448553,52.97541159164894,68.56410569892144,12.655247372005757,336.38350116082455
2022-02-11,870.316090719462,0.10953966419093157,76.35314492626725,53.182580066602675,67.35976988418942,12.578055722655428,336.8348925839792
2022-02-18,855.5751928996203,0.1053523503027055,76.4938665513241,54.514971259688195,69.2929162913599,12.147612378808155,322.71785892837
2022-02-25,864.7055525822148,0.10574095137537569,76.29152105193069,54.46269269903838,68.66707233240301,12.263904468416406,328.9382980950401
2022-03-04,851.3968139902494,0.10070268347526057,75.41516797349334,58.15574446302852,69.29731760932371,11.821647634983893,321.9814045586211
2022-03-11,828.0627054371982,0.0978275955066259,77.73331723770897,57.85766278279763,67.43451588968202,11.753854043481796,323.66106851623
2022-03-18,879.7931699781949,0.10187724808802444,78.74981920411997,54.52111982784922,66.91617464994707,12.245744244325072,332.7392712335552
2022-03-25,893.5625680074983,0.1004025417381847,76.23957349120023,56.20472238766414,66.71233532185082,12.05125757377115,321.5750529806032
2022-04-01,895.3458642083356,0.10261942702201042,76.06762223177152,55.01343681469006,64.91783583903972,12.16831041603483,322.7431888482317
2022-04-08,878.4630122573999,0.10183686931879643,73.18214962620338,56.949047728251365,66.33663321384294,11.909621775655392,315.24514234121574
2022-04-15,861.9379497544047,0.10003868485237118,72.53849752000156,58.894579843088785,67.10344687890566,11.866095313457427,310.91703545457284
2022-04-22,835.7237739580635,0.09685608888413423,70.51545718105815,61.45800268161663,69.84320037860108,11.58561161981801,316.32251167218635
2022-04-29,808.680176150684,0.09579550930927092,69.54613631931485,62.6205458541369,71.1839642258799,11.51732379590408,316.70472448373
2022-05-06,804.926113972607,0.0917590063109094,68.80974751945399,64.04324766362419,74.30212810592954,11.452656929041357,308.19588872121494
2022-05-13,787.1262681180461,0.09118675233958624,67.00273266196264,64.81482941928392,75.91234859021425,11.438764165064686,298.6849288256642
2022-05-20,763.261233573605,0.08955387222098841,67.95444320612351,64.58776702228651,74.03602807903223,11.578741427420868,305.19136783300496
2022-05-27,812.2193757931286,0.08836639890606247,67.027328410139,66.19254216030768,75.56278867329648,11.715886933556977,300.567810301953
2022-06-03,804.3686057741614,0.08730072904366115,69.18162901057072,66.43283033955153,74.4629443122477,11.573641241471037,303.65260737748645
2022-06-10,764.7207000106376,0.0858020020884488,72.23771257244864,64.99017274161528,74.04504241327282,11.376347117958163,300.3765415555479
2022-06-17,719.8921741321967,0.08657107647888701,72.2760808208975,64.2516509999103,72.89508850068101,11.265719510089385,309.4548586217991
2022-06-24,768.0160692024714,0.08715480864934776,74.46026928475771,60.01075598080425,69.30131030707665,11.13733578528394,324.1993626678303
2022-07-01,749.2988060150421,0.08636287579479852,73.71421953936479,62.56578051906658,70.30902738948348,11.070805274734093,324.6503976250245
2022-07-08,766.1852930336122,0.08857777632779949,76.31038341859649,57.99598849985857,66.98301167780059,11.11187733268432,310.22850904975496
2022-07-15,756.5853466485107,0.0866630337570255,76.87249101209915,59.17505202771995,67.90012256870885,11.038050663852191,310.71430421060353
2022-07-22,775.7060831523063,0.08595324525234788,75.93885713312604,59.30598519116317,68.5888703392987,11.262972374985626,322.1301195416844
2022-07-29,809.1602457839974,0.08544212301710398,73.96028582022154,62.83916661793857,70.65721213637381,11.586243192215319,335.8981126828082
2022-08-05,816.9012403765531,0.08731627156841892,77.03986587155988,56.85675005720671,65.22951403387405,11.658254540143327,335.11680633156726
2022-08-12,845.4761026897424,0.08494074505695991,78.85744432351503,55.12715404543474,63.58211605971866,11.56891775391882,332.9303573684909
2022-08-19,831.8069597114591,0.08404973478262023,76.08871214822715,62.15825533883491,67.84250019305664,11.426327496958004,339.588596619192
2022-08-26,799.5929052967645,0.08389545362975054,76.19711686770512,64.01830031425906,67.43812632750954,11.578513285471669,337.9420031056501
2022-09-02,772.2823354237173,0.08372144266933057,74.68755630564351,64.94781791195082,67.0909760045307,11.413697506192511,334.20624773788603
2022-09-09,801.998638139601,0.0846142248755491,73.8572742876658,61.93841849745159,65.34678931426019,11.47856279694471,334.73800057744273
2022-09-16,762.6477628250639,0.08320794571513092,73.92083724508038,64.19761295048059,65.78584523207799,11.365763030203603,330.29749265689986
2022-09-23,725.0246735302748,0.08285464983849258,72.74942923606159,66.32425952339723,67.67311120853084,11.402783483577096,333.2110233599409
2022-09-30,705.9332829116046,0.08416928921546571,73.38604760458045,66.49683719002904,67.04530054810789,11.506326354907749,328.3857691490989
2022-10-07,717.9124503814215,0.08229602908498113,72.18688137334699,68.10757897935851,68.75898256608929,11.504644605931606,327.26252034577925
2022-10-14,705.4800525186312,0.08009481175253204,72.82485230736275,70.73749928899657,70.98806607349346,11.394271373196117,323.10843046197095
2022-10-21,737.714354269133,0.07908569589691967,72.83409669414131,71.33955042764157,70.82378226361185,11.383467323003178,326.4840765241586
2022-10-28,766.1040150164953,0.07685635141196102,74.06618581398808,69.57233891204005,69.92257445203194,11.33827288470342,333.04585758559983
2022-11-04,738.6785016785569,0.07345270242364185,74.21118093906104,72.43468672590954,72.2112187549851,11.095956218338682,320.3304867991231
2022-11-11,785.0804136385319,0.07263624246300347,73.05249390546973,66.62864227934554,71.02155810988467,10.907951478630725,335.36698856127
2022-11-18,778.0236870668671,0.07301746440124159,71.1250443333541,71.82397868524299,73.49954804686509,10.893441782154845,326.1384292992173
2022-11-25,789.2479247389042,0.07251705652528863,69.8788439968501,72.41540789681463,74.51112801128251,10.889387145571925,327.05836421394156
2022-12-02,799.6094877619759,0.07239108149171908,69.93020009450515,70.63300358806524,72.88766745896775,10.69993692950797,327.0430286877473
2022-12-09,769.7259154739513,0.07203778499091523,68.24308362608463,72.07747213574905,74.73855447705078,10.626418667945291,320.11284427871647
2022-12-16,754.0517342486813,0.07154356656108635,68.26683756259334,73.13154407998364,73.91977881374815,10.595971809653001,320.7535244021039
2022-12-23,752.2056430515237,0.07122382119907562,66.04856742880017,77.02110722849775,75.77535792962095,10.628929798576053,315.8643579543936
2022-12-30,751.2682914511713,0.07091452220970294,67.09192735450023,75.83201816285157,74.14699631095576,10.586968451120033,320.6210959704553
2023-01-06,761.7828708155342,0.06890517141838216,68.2589219723461,73.4194734383593,74.65479096539097,10.391231479099616,329.7342982479717
2023-01-13,785.926001102516,0.06759478398113646,73.89605432494436,65.92333213432666,70.1419718962057,10.387785637747768,362.25445470901957
2023-01-20,783.19450710923,0.06716499275362135,73.09969050652067,65.51118291481863,70.15007853545863,10.456847348274767,358.32781665168733
2023-01-27,803.1445372220223,0.06539236721254073,74.08123499386379,61.24793396796578,68.41706231417213,10.389642883881088,371.2755055426236
2023-02-03,820.1877552310364,0.06389177749091725,77.11399306680217,57.85174785855839,67.46191967652393,10.292905332853868,362.9739216329102
2023-02-10,806.7862104227403,0.0637510204643061,72.66749753873319,62.990439245644254,69.51336105506608,10.396156205671954,381.14310623938195
2023-02-17,807.1432443429898,0.0636861169935701,73.36317782017622,62.06775087278386,68.54704871298652,10.384636528345252,376.82634816123476
2023-02-24,784.8679488382835,0.06309756365083238,71.525535007718,64.94242223789095,70.54342093448825,10.491982387942375,387.6087542542226
2023-03-03,801.5967735161757,0.06356424077720392,70.81855888230338,65.79575887929879,70.0455716041286,10.56283376547448,389.1368256462633
2023-03-10,760.9697889949648,0.0641818473791185,67.26876687146317,69.3988160599881,72.64207316803491,10.584028846662989,374.50494139988683
2023-03-17,771.5900651108477,0.06667319169517648,65.38740151440176,68.95469284357837,71.1825107502449,10.570010379424106,376.0679308302672
2023-03-24,781.9817671331905,0.06655076325474889,63.85630365358549,70.49357131738715,72.19374303508941,10.584632910627795,369.7788583246152
2023-03-31,808.9526198009436,0.06604067946172447,63.20350148752132,69.55875393320473,71.70039534297833,10.551364731688727,371.592431125079
2023-04-07,806.7359157259131,0.06585443343545705,61.88913231486258,69.30034665370475,71.80074977952955,10.479041814529017,364.23517924787444
2023-04-14,813.8580895838016,0.06624751087010983,61.50851363256652,69.94313887981791,72.45679817446637,10.531377486291268,359.6471367512139
2023-04-21,812.7601145007793,0.06635695343398931,61.314753679994105,71.3245581120762,71.50522258589064,10.452058569498359,360.8141613191073
2023-04-28,818.8989331436806,0.06567063147678293,60.309636804343704,71.45799350334723,72.74849610399514,10.510008740472973,359.1412615453671
2023-05-05,813.6804624710126,0.06690356947340147,60.72289677287672,72.04279416378508,70.37423604791043,10.40694916318326,348.55361934461155
2023-05-12,814.8302771993233,0.06684058697289914,60.87050428852495,72.92998920099252,68.63642298063444,10.515796857119266,350.91978005984436
2023-05-19,829.1988870068858,0.06478398804457872,62.980944410784964,71.26653143738244,66.78352419238652,10.519907676447538,362.405815442415
2023-05-26,831.7862251204648,0.06320629621353616,63.92206295239804,70.92763655679016,65.75228880258244,10.608949344622658,377.7163063186068
2023-06-02,848.6731022968788,0.062419425364144736,64.39719618091797,70.19202208271176,64.82175657484177,10.6076695705591,378.0618449136628
2023-06-09,851.9207276015477,0.06053228884684873,65.26602512380674,70.04035179429981,65.33306633098968,10.678336306379924,381.8416775658792
2023-06-16,872.6313327771143,0.06028562818942981,65.11737383635327,68.5750905153383,65.20855863148877,10.686838016489633,387.47415212293214
2023-06-23,859.0562335905046,0.060696650193028064,64.60673049591595,70.94283470854788,66.18631627819146,10.772486334005345,383.5172947004917
2023-06-30,879.5146575411561,0.06038337206800718,63.33690959348229,69.97897276508809,66.90100688712768,10.71532115482259,376.8708536755312
2023-07-07,869.8626363940123,0.058496917887753574,63.652050851775606,68.01714004579519,67.40876290525117,10.689327450756956,377.4860453237277
2023-07-14,893.5302853720871,0.05866445478284012,63.078186795932666,67.74803078141879,66.32445193730612,10.570371111132424,376.00299999887903
2023-07-21,898.7772687786247,0.05625126446241733,63.66699347316649,66.19619467611045,67.11775795335151,10.65918636544247,380.3073936660663
2023-07-28,911.3561280685975,0.0538808931626356,64.07399051288367,65.1015408848393,68.26220806078062,10.609453659815973,376.6897578216738
2023-08-04,892.5906846124312,0.05184304977964013,64.50753373003069,65.00574546794006,69.1093789869423,10.646534155125098,374.7866483494938
2023-08-11,890.0449182993591,0.05060724963719656,63.61119281899158,65.6157211720699,70.92260345098752,10.805794219337054,377.58066761882236
2023-08-18,870.1664803137077,0.05076861277834752,62.75176156780019,66.53712775098379,72.3261232918108,10.849875497210073,382.82614272111863
2023-08-25,876.8454095260395,0.05131705008817842,61.72960712461,67.9053633543817,72.07041613335774,10.912713551120016,388.5039717333515
2023-09-01,901.190119026428,0.05092965475233666,61.58492361613193,68.53261140694353,71.78551862397354,10.853376293838076,393.6889088025918
2023-09-08,889.2794827632162,0.05126965912326226,59.6483026844289,69.51925211031845,72.4405771336912,10.93734970194976,382.5739098912718
2023-09-15,888.2066253075897,0.05044078529722763,65.12137084208834,68.81407857771231,72.74481637714949,10.93293505516214,415.4379965950179
2023-09-22,860.4273345149155,0.05014811050435789,58.932397630964985,69.60322813271546,74.95047675430652,10.976591943114217,367.3444338181838
2023-09-29,855.9346444618882,0.050153842001640796,59.072835952597536,70.12185316994056,75.16838816342683,10.976754285921599,366.8268293970751
2023-10-06,859.2574571974379,0.050582375679716095,58.319571205889694,71.62448427263897,75.96674076092613,11.090302753750816,358.16797519295716
2023-10-13,861.3434056931748,0.04991937927973055,56.54236951159982,71.83043202914386,78.64971847503239,11.184704702271894,344.38044171995824
2023-10-20,841.5596007542441,0.0497101678804911,56.64721906198886,71.70270017831275,79.2185353462632,11.178714089305876,340.78109269612344
2023-10-27,817.9451111747201,0.04918238221075684,56.55092329460542,72.57484875668004,80.40383016232447,11.23850417811231,333.29627111621767
2023-11-03,868.3208419396394,0.04603014420044925,59.05241577537129,70.06041209552683,75.58189399578087,10.942782450296809,356.3917708805009
2023-11-10,877.6244610172877,0.04677229705376555,55.26171739060072,75.15369692896373,79.44738100569477,11.12853977274922,337.8956379641116
2023-11-17,899.8612907896458,0.044630803689607756,57.82966377861316,72.04965052631673,75.87408678025481,10.93772509276808,359.25461554433997
2023-11-24,909.0190700679266,0.045134821237897374,57.70020021567835,72.83839620740113,75.49689038560248,10.994039327929695,358.29984155063426
2023-12-01,917.9884390964918,0.044174508461097745,58.03526374579259,71.41112074954088,73.23012595238691,10.855279147033505,353.95984661374354
2023-12-08,921.3685616122664,0.042811032726298714,60.668196279099256,69.45161577063013,70.777327649507,10.51160578038201,347.5571517316481
2023-12-15,945.8430192563752,0.041806330527392736,60.968906969244564,67.27597608397734,68.81853923532834,10.463982312284584,337.92604241980143
2023-12-22,956.3384075071388,0.04102613297412218,63.82822183933767,66.96046380580454,66.52642600102297,10.195116969491167,334.45178916712433
2023-12-29,958.0757476357353,0.04067248300417256,63.915009072322704,66.16288688520227,66.15792828890744,10.13795282539803,333.4610379530431
2024-01-05,940.8367757274809,0.040107378476220916,62.70877714924075,65.97711389712785,67.39098540078233,10.138414430189052,339.0813438773394
2024-01-12,957.7399693432598,0.04112824973471676,61.56982963370505,67.86830082151715,67.07225954096934,10.126908659894182,340.3732793374583
2024-01-19,967.9306680896347,0.04111079524226599,59.92428809824244,70.40299262771347,68.7790208802664,10.201774054923165,341.77706138150194
2024-01-26,979.7637836416238,0.040399001751275226,61.60517909484584,68.98951219188599,67.3344228986401,10.065003982829971,338.61165951313046
2024-02-02,989.8839705780448,0.04158012356560227,59.63185695638603,71.37968130032515,67.16885119621095,10.12919063546085,331.77967173167156
2024-02-09,1006.9105915368477,0.04242728642161202,60.45350840249192,72.54954521017483,65.41521761654995,10.179529563058303,335.8202658454256
2024-02-16,1003.5987438564,0.04178147696518766,62.13036659245057,70.88308469857847,64.1718719635247,10.090619495878796,337.7671234822827
2024-02-23,1017.982520561844,0.04145752402796704,59.73112503181469,72.18674712529166,66.75598011538567,10.182335275692392,332.1354234331457
2024-03-01,1027.4798840471342,0.04154176414085362,61.22521209100249,71.49506298149649,64.34013898226519,10.119707739793515,323.3993418114899
2024-03-08,1024.5140748206,0.040534249820002206,60.461143161317,71.36208543258803,64.87710531032563,10.107476791536286,328.385350248847
2024-03-15,1022.707935073124,0.040389533914051264,59.27229048556875,72.37116165145845,67.27019457811508,10.241862366879092,323.08544162742186
2024-03-22,1046.983123947306,0.0400436703340338,58.429147066683264,74.85560702831863,68.05944798516913,10.280149827769364,319.4655271258156
2024-03-29,1052.9860749507616,0.03901844695235203,59.71904368179362,73.12081274643553,66.47807882998856,10.22229208766345,323.17888685221675
2024-04-05,1042.6911994475274,0.039368828336232564,58.83549046292046,74.9166345273389,67.80997339065082,10.318547753608211,315.36263095633126
2024-04-12,1027.0842427327482,0.039418453058518925,58.315519295901645,74.77318261213362,67.96043110026189,10.378334452101594,315.0403734723768
2024-04-19,995.9215539067287,0.0380245021688247,57.91362355918234,74.08968912450626,69.69958040071961,10.450743050054951,307.98000963469065
2024-04-26,1026.0100222337464,0.03829181813621089,57.212156702601064,75.55954930032736,69.46592914670737,10.433214028223743,304.963855808208
2024-05-03,1032.3154063371117,0.03731411740673632,59.60925597403206,73.56096853422144,66.44922002065198,10.187137152486574,315.9151207260039
2024-05-10,1051.114595710908,0.03618675191639723,58.331110928377875,74.32126814931497,68.23239205188072,10.282742533357878,310.2524660570783
2024-05-17,1068.428952818213,0.03559825052309294,59.82613051892611,71.7544660385037,66.60128727383265,10.146903226257368,316.69519468552903
2024-05-24,1065.5208171178692,0.036217829261403434,59.2068276464456,73.42435192618835,67.87211143509651,10.3294075869849,311.91273189904194
2024-05-31,1059.342117221123,0.03519778838566346,60.1801835028923,71.93215175669182,68.00930749202217,10.175055413068682,314.71778764907293
2024-06-07,1069.5453165978838,0.035336701907973604,59.28560954906163,71.36822342169201,67.48778437307365,10.154724337113688,314.1283151883062
2024-06-14,1083.3770616532436,0.03601138768073262,58.44727856435011,72.6993315615994,67.66630799317117,10.39861470799353,314.43635506066585
2024-06-21,1090.6561772113873,0.03555066768776461,57.62854197572787,72.92090123024036,68.89218281286631,10.409764754616003,314.98827688687277
2024-06-28,1092.1955846318856,0.03455643647587684,59.100721915507805,73.57014631885181,68.57563296628746,10.503995731402087,316.25485868326865
2024-07-05,1111.3350878624522,0.03510813905485609,57.10830452368649,74.97851867259615,68.68219212315236,10.637156785594252,313.06508613955157
2024-07-12,1123.0025857648964,0.033488628674683135,61.30116025339534,71.96458849596664,65.09671083838944,10.453169353004588,322.95506151846746
2024-07-19,1104.5758665884644,0.03180589172818911,62.1170123188521,72.47079625333693,65.64534362618348,10.417521191388825,319.6038854421458
2024-07-26,1097.274991860559,0.030273243818323425,65.58607407396522,70.58048937738522,63.674695066960595,10.1491519581615,326.5975202408965
2024-08-02,1071.9933908507085,0.030447811222559445,60.923650245041564,72.18873583930618,66.76257931807939,10.311828009196626,337.004199708984
2024-08-09,1072.3991439531094,0.030547191715313633,57.86598588260815,76.10920160085185,68.34178347641432,10.534180009019607,344.17842982336305
2024-08-16,1112.5757006193844,0.030234020500476445,58.40631462915233,76.23013801866902,67.71694775490391,10.428092171360943,340.5380660648667
2024-08-23,1131.2526065387594,0.029767774720490536,59.78769286990541,75.19961748779419,67.02996281386308,10.398675467850548,332.08881832115776
2024-08-30,1132.685096922474,0.029654379395414963,58.88487047161656,76.10138497363884,67.54383452133828,10.44797055104562,331.8025454860933
2024-09-06,1081.8485458031485,0.02964374196590096,57.584549565500765,76.23434230803291,68.14507385929996,10.416939970101984,334.6459192337629
2024-09-13,1125.6622777670273,0.029806630487829236,59.16429127261767,75.84692734688294,66.12493424703209,10.319583752129182,331.21446010688294
2024-09-20,1143.6237046652661,0.029667642075850875,58.48417465812987,77.14060771002693,67.18954569299994,10.4695834919114,325.44973935096033
2024-09-27,1150.100603056223,0.029550542098356516,57.97256865515023,75.8663160690326,67.99738535421982,10.41341243054093,329.1983855070097
2024-10-04,1153.1525868822825,0.029727476031682513,57.307820286797586,76.5717766797554,68.45911769562015,10.495621373722491,328.1425511414781
2024-10-11,1164.7211517992127,0.029723863842233796,57.48315693947496,77.3125794864327,68.2065815156882,10.570248327244009,330.7866090031741
2024-10-18,1176.0734168278314,0.029362209976634315,58.368958630672964,77.49081331000906,67.00097544805783,10.552046887003977,328.4633431577928
2024-10-25,1163.1378482811149,0.02936624887450784,57.64033907132917,77.29875150685484,67.94717931405845,10.654739149161626,326.9585026905032
2024-11-01,1152.71435678769,0.02884517943204213,58.224412322709405,77.43149366199077,67.32230033698771,10.555495466660725,329.55233150060656
2024-11-08,1211.2268655551484,0.028405242520726317,60.47018663100723,79.728474995887,66.87512393434062,10.817677656860553,318.8612613787524
2024-11-15,1185.7721705254362,0.02766279169309521,58.02604101519465,79.36245631830825,70.71276054085314,10.956180748852459,313.5390824753964
2024-11-22,1208.064717774215,0.02744456828879266,59.261331877131816,80.28297879026121,69.90465037547915,10.96446295678459,310.2126481693582
2024-11-29,1221.3431050100037,0.027012431128148634,60.935194811144584,79.31997353530289,67.40854577236624,10.752735038502859,317.5878619693388
2024-12-06,1233.4529938129797,0.026990163592295023,60.77866370421839,79.39254818414804,67.55166239743345,10.67138383231125,311.55937696291903
2024-12-13,1226.3263578390267,0.026545085825799328,60.38732296207256,78.10427738034124,68.41993152504887,10.600377729472749,308.29981351745846
2024-12-20,1199.4636792262202,0.026834723067355307,59.91924139074082,78.9363450447036,68.20001307241323,10.579497161592716,308.93623402037673
2024-12-27,1206.3312152109124,0.026512453205753597,61.405935196578966,76.60269502856954,67.6212874650353,10.450845960610991,309.0355068573664
2025-01-03,1202.5829731955907,0.02611674149960004,63.657032412604586,74.79731292180884,65.57928821196778,10.358771177040401,314.4301763761096
2025-01-10,1179.228061969416,0.02665336191050788,60.642602884952986,74.24767884695913,67.38382378654183,10.457181188708866,312.7813643747082
2025-01-17,1215.5448383572004,0.02658328010674463,60.14890622674488,76.31048893364783,68.92151962514778,10.577547932667876,320.0703109998898
2025-01-24,1237.388434379093,0.02689742943997825,60.41398498154203,76.17652704415693,67.43538235069157,10.523635114152908,318.1876685371143
2025-01-31,1229.0729308566583,0.026876220055764424,59.535029064647844,76.53842849869524,67.8382251892977,10.548790274038959,316.2854403457133
2025-02-07,1223.0412793791565,0.026736827732238837,59.54990493758623,78.55233343140682,67.38493854694079,10.571398726246613,314.75938547304986
2025-02-14,1239.4315871109939,0.026455435484069444,59.96568205687086,77.89848760722265,67.21226784345593,10.52963946300896,315.88992376316133
2025-02-21,1213.6525236918503,0.026071003528515574,58.71931526630247,75.73035829179027,67.9620017781228,10.439679337803184,322.157104201302
2025-02-28,1199.6535200661267,0.025972296486861467,56.931794939060815,77.68665433018056,70.52658954101253,10.53800787640828,313.5508026290427
2025-03-07,1162.3120037577619,0.025909170662845808,56.204862636426874,74.32537966197681,71.43618028509508,10.421013175169769,311.9418563101266
2025-03-14,1134.6347244415063,0.02593214400391289,56.49463578204644,75.87904162660827,71.63653542227202,10.5175710065602,307.18075670938
2025-03-21,1141.091021983883,0.025981184039366233,56.590991067622745,76.28955949668263,71.82655373804837,10.570021091020594,307.4545078013657
2025-03-28,1121.1959851832476,0.02601412698257844,55.010244898001496,77.92578026180539,73.49254054155507,10.738934826699762,298.73725445319513
2025-04-04,1019.6873674018758,0.026578588753240085,53.722038083125874,79.52662091330473,77.08740903759181,10.776322153749762,281.8592537931812
2025-04-11,1075.0267847445475,0.027765445884496177,52.47716223859789,81.24630661090285,77.28532865586031,11.095634954793258,285.7903871837949
2025-04-18,1061.469657128728,0.027597631435979948,52.67010722902016,81.63451631168184,76.55991067286747,11.172474819920852,283.9518491066563
2025-04-25,1112.1866792275714,0.02758978033449182,53.55816939209823,80.59540369233441,74.46182601990093,11.126611423713284,298.37472966825595
2025-05-02,1145.445388704192,0.02733468363952429,54.45391995254691,80.12640589277619,73.63531757079042,11.210468598877888,303.089805725433
2025-05-09,1140.28035257903,0.027584120651189502,52.9498270995442,82.31534805865478,76.8755791460341,11.191487500885973,301.57164253054304
2025-05-16,1201.5887165318109,0.027538723121841868,54.2199643410338,80.18971953899543,76.17116562137683,11.108371567357384,304.7195883042688
2025-05-23,1171.1150510179227,0.02800770701667652,54.199859912528765,81.86466869859264,75.66636419553099,11.17395549456303,293.83936887398414
2025-05-30,1192.470753091167,0.027735420151029675,55.21323012549615,80.96771306142521,75.46771100266959,11.0774679147085,294.9684755109669
2025-06-06,1212.1989523830887,0.026930560518423578,58.642330199684466,76.7646521541082,72.36641946347277,10.936003465186186,300.87455867848024
2025-06-13,1205.387474047956,0.026628648290088177,57.73148583124558,75.8251567465154,73.08202383544138,10.971461266117686,302.1713019760072
2025-06-20,1202.6175640012223,0.02666722025276607,57.79455121738846,76.62614910969585,73.58591757539294,10.983315423515787,298.2533451793461
2025-06-27,1245.065991710392,0.026925509166343734,57.681242470666014,78.5068053824301,73.89224043166638,11.129766546933832,294.8908253337658
2025-07-04,1267.3965694580013,0.026154096905650886,59.913323563135755,74.75364245634505,72.44625220635407,10.927002463559235,292.9349383402382
2025-07-11,1262.7318664491086,0.025755232259728592,60.325456727582726,72.19022678820046,71.32264074052034,10.818867234837168,290.7601229188653
2025-07-18,1271.720089619652,0.02624656475459418,60.670880896751754,73.8758120792879,69.71036268726589,10.863783573701204,288.99460083579635
2025-07-25,1291.3246253647633,0.025424431091310703,62.697684730743816,69.04490179575089,68.60571037412535,10.537934296280298,290.6481438517415
2025-08-01,1259.9406184420118,0.02609075932764469,59.842735777418746,73.20003424344085,70.46252226908398,10.845479229783622,303.49681913324963
2025-08-08,1291.940029839201,0.025930879912813887,60.46651457142641,73.75576769459279,70.19747219154756,10.721334749144114,303.76241713857615
2025-08-15,1306.8004544616365,0.025264622336349067,62.58347869231075,70.92968876776398,68.25740424735226,10.48122993127222,299.60906925669195
2025-08-22,1313.6116525594628,0.02461087405910132,64.4510041733102,69.52202648956968,67.69274789503457,10.448666259062048,300.3905504449634
2025-08-29,1314.9037210233673,0.02457935078427516,64.63943834973527,69.91094840291433,67.48400571003106,10.460676914390524,298.642352856563
2025-09-05,1325.7819080275383,0.024463776808301425,64.89159244986887,69.13492210917231,66.76911645569737,10.299746623678365,293.7589578443192
2025-09-12,1345.9018384125252,0.024626790699593594,64.90867846091183,71.14522261858848,66.89192126511978,10.355722857417542,291.28235383425437
2025-09-19,1365.559802004517,0.024992964629253087,65.75746546538696,72.30956614855809,65.37218642422175,10.37655525996515,290.94599415863945
2025-09-26,1357.4026928663627,0.024745487794131157,66.41106284518865,71.62566292513597,64.25566806709655,10.306848482601623,293.11099669425187
2025-10-03,1370.7600305919102,0.024898593242833573,65.77311698381396,70.25415432361379,62.50136562468185,10.211836637076317,286.01126737345373
2025-10-10,1335.6214810992262,0.025614560361057997,64.8528766458493,72.32436266491463,62.25902263599514,10.45745628753233,281.0761582471718
2025-10-17,1361.380772917159,0.02565326717806692,65.10786996852806,71.74961764894195,61.9020006093925,10.309493218782565,276.29385151001344
2025-10-24,1388.571502393094,0.025213060982016654,66.48638507537672,71.05261907173033,61.141096171097,10.142736033724358,277.1946522444024
2025-10-31,1400.4365154988895,0.025730202710264775,64.92981617428656,72.39748806606673,61.02893638970352,10.2806625628834,266.19595160846137
2025-11-07,1379.4179171523222,0.02501993783594803,63.441258833410686,72.50554048145825,63.683741896229336,10.197592518492725,267.33606561144467
2025-11-14,1377.9828646062558,0.02480779864804501,63.13295827497927,70.9983929718302,63.900191827755876,10.062332681367986,264.73238279777905
2025-11-21,1359.54311423077,0.024484120708959452,63.656405015452286,69.65243413006417,63.130839722114175,9.93197074405571,266.32519130094255
2025-11-28,1415.209707078279,0.02455190542259719,64.40352660219054,70.25351252355416,61.506999077602465,9.991214386070975,262.394268747924
2025-12-05,1420.5061276363301,0.024680339716636326,65.20070824291797,69.505838592033,60.78865073873609,10.156299767967866,269.69808919002935
2025-12-12,1410.9748960631425,0.024084458461032784,67.29231936929638,67.75966254418891,61.04816117358788,10.021827412971943,266.9074101410579
2025-12-19,1410.8195387272888,0.024326876899051764,66.28116168394422,68.74982275068629,61.46002921023528,10.100532822901963,261.584835944523
2025-12-26,1429.339929279489,0.024599410264260088,65.4225188041567,69.01463145610293,61.73857793644649,10.117398126898847,261.97821597738016
2026-01-02,1415.725722924098,0.02453884042359814,64.2642995143769,69.2538191237665,61.619760146212336,10.187901752703013,265.5482681641897
2026-01-09,1442.7695854796414,0.024369152691860962,65.23290468775465,68.03926478751474,61.26248240815484,10.251250669334407,265.72189277335474
2026-01-16,1438.9012442797523,0.024171858904916826,66.13209284952919,68.96887857885616,61.04369407356765,10.35613084828141,269.7598173376972
2026-01-23,1433.7931205270218,0.02413587085219054,67.16026976442433,68.93583986553489,59.66652191701208,10.325043295763175,269.8372468828253
2026-01-30,1435.4002400447087,0.023592878132878532,66.41662262806855,69.56729904310853,61.49395166266101,10.236774671139212,268.06393927453155
2026-02-06,1433.7453671038472,0.023132903969152293,65.59085416792387,70.87645730876427,62.99010753701623,10.174378360660494,255.34899269069143
2026-02-13,1411.7832935197307,0.023148201363885727,63.82674281607329,72.44285202205153,64.0375607174971,10.203611715066485,248.33814438408942
2026-02-20,1428.1530413546263,0.023255138278842537,63.83355179620179,72.03322241042412,63.95913133146463,10.15942246044567,247.0147685462973
2026-02-27,1421.6251045970573,0.023732897615042048,63.396319335162886,73.0286620286169,63.03514329627973,10.086250739064234,251.52488365341736
2026-03-06,1389.3514432806098,0.023252618715837264,64.68132746454366,69.27635262611474,62.86129414542977,9.935090077737469,264.17220053570526
2026-03-13,1367.6155325725354,0.023572766108373666,64.5745804092262,70.91107642045718,62.68698959420517,9.974959130525448,260.22058569371404
2026-03-20,1342.9542821124242,0.023704162437719306,63.46074174467501,71.75043608730017,63.35002213619652,10.005934104844556,259.78833176036846
2026-03-27,1312.431223814238,0.02316985707556722,63.95492700864398,72.86128617595554,63.868107181512926,9.866316850883209,251.3121214352339
2026-04-03,1359.8958156722422,0.023396477630989787,64.99979584434168,73.11167094783187,62.16053473583774,9.675287616935357,256.4324708340928
2026-04-10,1408.6735336076376,0.023400994938622653,65.40590500554919,77.06911127816139,63.59670562201376,10.180707630426985,263.0723027252616
2026-04-17,1477.4996720802906,0.02311425328325987,68.81277598440631,74.93379264710885,60.145924825338,9.864001996135244,276.2640356952288
2026-04-24,1484.3571327260697,0.0231335357277047,68.75991236817968,76.46967045712826,60.19832382524146,9.754390891031866,274.9082225050759
2026-05-01,1506.678322567508,0.022837666128456422,69.72400867815367,75.78040524682314,59.34948773183767,9.804593034327967,274.2074587937592
2026-05-08,1543.044227679217,0.022898196229482384,70.83576014133376,76.12742831553582,57.919709845480355,9.749551541907412,262.8814601050968
2026-05-15,1540.3670816659778,0.023467176901357002,68.69685181548219,79.11057357366352,58.46664588600033,9.811733472906932,268.64061570597454
2026-05-22,1553.1725906584047,0.023359868442193874,69.26332123771232,77.45278991409693,57.71358485439703,9.550897976412003,265.1373931247701
2026-05-29,1575.7551742311928,0.023348147679710246,70.95826114661217,75.8501436014452,55.25099195613905,9.720785317820063,254.3331500180924
2026-06-05,1535.1365723092858,0.02296983040820845,69.15349672610962,75.6714527837353,57.57947300315057,9.53752051132702,257.9918581281488
2026-06-12,1545.401363812623,0.022893091917052716,69.80715498792334,78.23465027911551,57.52234796660236,9.573497480164363,256.7928433192368
2026-06-19,1560.2942288713416,0.02367265689807481,70.02014664520537,80.43652593862303,56.85175881748507,9.820471983971442,252.06425888344867
2026-06-26,1529.9814220553862,0.023202581026154783,70.89328920681815,79.01311453876893,55.890435573186494,9.69310829914955,254.512672346806
2026-07-03,1560.1569907145283,0.02335385423882213,70.64171040739409,75.39467817725506,55.68367860489807,9.6998319648304,259.16065328601564
2026-07-10,1574.0320438982153,0.023335831284706388,69.84324309829232,76.18916289166157,56.43602846732482,9.709912869323848,260.7399580532871
2026-07-17,1549.3986337371994,0.022679976259874182,69.9544706244774,72.71800267106525,57.25955136566149,9.51661583600488,258.57431016875
2026-07-24,1530.7411027239773,0.022477743142830412,68.83615953491339,74.01096248623041,58.057960249813426,9.57651332308233,257.46503194187727
2026-07-31,1555.6915119925486,0.02243711468938987,69.1927858039757,70.58893543042024,58.77437318833287,9.495655790268327,262.5796445039178
2026-08-07,1611.2901204392838,0.022779167099914163,71.4831160145773,70.58620578390604,56.714023497176036,9.663875629067437,280.02038916735864
2026-08-14,1616.4675797267223,0.02292869001065149,70.69250687879038,71.21786623149491,56.29232787193385,9.84898137140415,281.48457397793675
