date,201020_ER,201020_MKT,403010_ER,403010_MKT,401010_ER,401010_MKT,453010_ER,453010_MKT,201060_ER,201060_MKT,101020_ER,101020_MKT,452030_ER,452030_MKT,451020_ER,451020_MKT,255040_ER,255040_MKT,502010_ER,502010_MKT,203040_ER,203040_MKT,551020_ER,551020_MKT,452020_ER,452020_MKT,402010_ER,402010_MKT,501010_ER,501010_MKT,551010_ER,551010_MKT,451030_ER,451030_MKT,252010_ER,252010_MKT,251010_ER,251010_MKT,352020_ER,352020_MKT,302020_ER,302020_MKT,203020_ER,203020_MKT,253010_ER,253010_MKT,402020_ER,402020_MKT,201040_ER,201040_MKT,252030_ER,252030_MKT,151040_ER,151040_MKT,151010_ER,151010_MKT,601010_ER,601010_MKT,251020_ER,251020_MKT,301010_ER,301010_MKT,151050_ER,151050_MKT,201010_ER,201010_MKT,601080_ER,601080_MKT,452010_ER,452010_MKT,151030_ER,151030_MKT,202010_ER,202010_MKT,352030_ER,352030_MKT,601050_ER,601050_MKT,351020_ER,351020_MKT,101010_ER,101010_MKT,601060_ER,601060_MKT,201030_ER,201030_MKT,551030_ER,551030_MKT,303010_ER,303010_MKT,151020_ER,151020_MKT,601040_ER,601040_MKT,202020_ER,202020_MKT,351010_ER,351010_MKT,352010_ER,352010_MKT,255030_ER,255030_MKT,501020_ER,501020_MKT,402030_ER,402030_MKT,201070_ER,201070_MKT,302030_ER,302030_MKT,551040_ER,551040_MKT,252020_ER,252020_MKT,502020_ER,502020_MKT,253020_ER,253020_MKT,203030_ER,203030_MKT,201050_ER,201050_MKT,602010_ER,602010_MKT,601070_ER,601070_MKT,302010_ER,302010_MKT,551050_ER,551050_MKT,601025_ER,601025_MKT,303020_ER,303020_MKT,601030_ER,601030_MKT,255010_ER,255010_MKT,203010_ER,203010_MKT,402040_ER,402040_MKT,351030_ER,351030_MKT,502030_ER,502030_MKT,203050_ER,203050_MKT
2001-03-30,-0.015667388176056733,22028.234482270003,-0.05257629778341724,415970.69557449006,-0.030267379844510105,936333.4608407603,-0.05473380985560268,604267.13953635,-0.011368209511893606,114343.09467486003,-0.021896367205036522,549422.50733066,-0.0936532103048843,92640.43523007998,0.01823274900358151,264204.2425249799,0.0174177908508678,258115.62732117,-0.002923731023509285,247593.02208733003,0.05467792651274114,59084.871237579995,-0.019984995753333606,58346.19617231001,-0.014350880231462308,286074.75198187,-0.02101509825990039,274242.90942071,0.023237554100669838,587703.7879797,-0.020968652444877146,212404.30418902004,0.023130249147200237,494584.2254505999,-0.004254118983602951,73633.10169153001,0.0031708962182931785,21567.08228992,-0.051143109687480204,994682.3073697899,-0.009167110089693759,124192.22270639002,-0.0517876209381248,25919.48363245,-0.005476945070448382,102128.4096385,-0.07259312417169747,67340.87767572,-0.05361422279987507,50475.466344780005,-0.023102226410601907,29406.46720424,-0.02118714824119591,23120.16753826,-0.03814664291392544,136684.40289695002,-0.01315611036822088,49163.59268036001,0.03488547387786261,75254.89297832,-2.7409860036641236e-05,308591.806282,-0.009610525038860803,15670.30671806,-0.046176777547956675,510236.15740411996,-0.04048821233548587,30396.271637489997,-0.14363420876610541,318192.6136584699,-0.02586967188546011,39109.131412149996,-0.026324697364880047,82609.17973862,-0.10422455566256239,40100.44166609,0.051178017302408,5014.10857001,-0.018260835065734716,185919.15932922004,-0.017313623419385592,75326.02936925001,-0.025454659292592836,26759.76800926,0.023528499637355392,9363.65856803,-0.012752551800905088,74473.82795515,-0.04571325990313824,157104.92535238003,-0.015033232442431202,9647.87425553,-0.023033241884480575,12965.97571486,-0.03757571913789571,65277.08832593002,-0.026105231163023115,258067.06545300002,-0.04314968399572365,116363.31742879,0.018023204664050663,64712.20107245,-0.04239623043309898,80287.63266965002,-0.07723288925993464,349599.94221174996,-0.0014466787327023127,20747.680886399998,-0.0003175118833307992,111426.43477092001,0.012061618227024003,4300.6237424,0.07339343047892426,15802.152806929998,0.055004582978087004,248018.42742956997,0.022432445268296807,33065.40086717,-0.053063331946448085,2043.80513343,-0.05916318948353497,73730.3126341,-0.0067671671467604555,9128.44909219,0.005887570104622788,11790.41373002,-0.047602063936442264,242197.45961676998,-0.034876842638313796,22522.433573489998,-0.03164205521414422,8762.716832549999,-0.0456174966694265,5271.29541697,0.0022394014642351523,4821.55452233,-0.019068240404715633,4870.615317850001,0.00921996658835456,40775.59697976,0.0,0.0,-0.10678373684144149,141.6258341,0.0,0.0,0.0,0.0
2001-04-27,0.009180256371658351,23066.143761,0.0011559789305741802,432734.1860334,-0.009547403937837717,992833.13073083,-0.058989547641628434,637227.2222528801,-0.002382974002643311,120133.82151293001,0.0038752518355482544,599072.06494992,-0.05496626258780554,97214.64619604999,-0.02691509251990973,303388.52061661996,0.005189090626602634,281914.82789523003,-0.005151532722259712,280548.4527854,0.024677304818356893,62993.65330283999,0.0313240050172641,64671.68800631999,-0.05395580175640649,315267.38228217,0.0230279494583285,283841.47786402,-0.023019358597822105,594416.5199897299,0.023608282490315543,220650.02640719997,-0.024885792978399414,589830.59151884,0.010442012470995002,68538.93736809,-0.019684689652912642,23227.553703610003,0.0009102413116193889,1038515.4352286399,0.007184990430194953,119023.33163758999,-0.00027217781593014893,27366.66366977001,0.001403738867112152,106385.82382051002,-0.004862482073612675,72976.4448727,-0.015385191383038581,52152.52848846001,0.006970743666520494,29474.723420989998,-0.005201731178049872,24186.783707590002,-0.0008216557239813651,143140.52739645,-0.0005607984944626236,48891.38740578,-0.018113863683823363,78920.72483352998,0.01184992025241013,316858.76514927,0.00379450914214108,16163.239865409998,-0.0032095826018957384,585566.2693789299,-0.023465313963479242,31500.294243900003,-0.11873610489588092,304411.6097367,-0.004184682127552556,41202.01177823001,0.005605925186558043,83517.02258614001,-0.007335333871705506,42475.284946700005,0.027708535088170026,5073.876206180001,0.036543455736118925,188160.08376789,0.011656124063417104,74554.65946083,0.0075546781975439035,26700.47368425,0.03544468487238343,9964.52017828,0.03087722696679727,82050.38274315,-0.007658998134695849,151153.30371285003,0.002566415209348638,9323.20558945,-0.0027566205219609406,12265.34535377,-0.00967920775088674,64330.17893356,0.00909514060898889,272223.84089037,0.017738868340860216,125309.66091487999,-0.004637304693278435,66710.28509316,-0.04202992775470237,80321.38590811001,-0.009381141197337985,379634.41879246006,0.008218424954478295,21001.800234780003,0.059002008863925474,117715.79238873,0.04935735836080011,4403.672187810001,0.03296915110104783,14848.835973489999,-0.03827532157215403,270424.18692782003,0.0429415770081773,31834.02127632,-0.01757594470481783,2131.7559898599998,-0.01754823075663481,84532.05736243,0.009199976089606205,8622.37079747,-0.005935470311043872,12026.098028139999,-0.015929830376535756,241987.1786144,-0.006392990798191653,23925.86344018,-0.007877621815917215,8680.81324143,-0.004598403239820277,8019.266495440001,-0.0036088431114310758,4766.279225419999,0.012918353707940276,5056.64540913,-0.004791164180169183,83429.93707018999,0.0,0.0,-0.07632834315338978,92.1050488,0.0,0.0,0.0,0.0
2001-05-25,0.005783839661746345,23838.233958420005,0.015051622598325261,472337.0278465801,0.01741993131650791,1028789.66994121,0.02095961000755158,719708.4245114799,0.019200362173791116,134599.04911107998,0.010030327315145712,613707.0752871301,0.057987283378898885,112422.72902952,0.03595841323851786,329857.3907033699,0.029284712986665545,322469.6004765,0.028443313264626964,302763.27540465,0.023902089491344758,72738.61667865,0.018138999164049464,63872.77606284001,0.034012349132369064,317174.39618250006,0.030034853157109583,294624.72664825,-0.005729244013031254,623274.6892560299,0.020217981001567575,228181.77653512,0.06282417760213378,635619.1326399301,0.012800237408417103,73827.7800801,0.012237235274289085,25463.65683217,0.009696369345923257,1112460.3201285102,-0.0003811722062366376,125542.11398772,0.027694252398860374,27975.734451620003,0.015045135123835793,116338.89277349999,0.017136452093740737,78921.08942449,0.019960944525468694,58083.80972772001,0.02649759182528825,33526.38779025,0.018939427747188882,29772.13885485,-0.0006175097761611457,159027.53549727998,0.009931438846746826,50860.37950704001,0.0022928867532776816,75480.85846646,0.005816278117169685,324421.49400462996,0.011283062724375023,18289.705332999998,0.024341633092811763,662213.2521053402,0.01811913228113185,33388.382068110004,0.0032943654775001493,366894.3439654,0.0008755700613955169,44987.24992641,0.03140007274051445,95809.43530224002,0.04962575295163775,46116.156877659996,0.026205796603143414,5330.12154338,0.04197671142585221,193737.34306305996,0.026502356700318058,84666.74981988002,0.010065296125043687,27439.95748179,0.04257443809290373,11502.93813978,0.023286368192085787,83795.63552041,-0.006227171179322973,162418.85466263004,-0.0009945938265252048,11023.29410364,0.006295337442416607,12717.733089469999,0.015585366549059754,72117.87537039,0.02613832761770858,298754.38841738,0.0730042033715412,148184.50836986004,0.023837111321811467,74550.85097401,0.01354485092032156,88826.45273912001,0.05425806143203862,416139.34790082,0.013502742923903997,23298.922658339998,0.054403661059413154,122774.35516090001,0.014135635008699451,4602.46740468,0.015988862954259875,16347.907552519999,0.04349079564408678,319015.47479079006,0.05785059156577022,36338.98218785001,0.008631256648561784,2362.8515890599997,0.015733135330886418,93359.49365843,0.018628495786396755,8766.35644266,0.0015982343792881304,12302.6301976,-0.00204975500756885,251640.79770708998,0.01794199862642081,24692.689400409996,0.004321554857528746,8908.2532023,0.01141995308893501,8181.40560984,0.02524774048107836,5109.30683715,0.00723304403880683,5169.0670501800005,0.007149816195074961,89978.09998279999,0.0,0.0,-0.10460891189666875,80.0062996,0.0,0.0,0.0,0.0
2001-06-29,3.035502054919031e-05,24129.58773132,0.021725229975005828,475961.44491280004,0.04781558494573407,1047498.04432109,0.03677121797357232,586372.8763376799,0.02743659268890484,127194.29631146,0.019826694826593654,571356.57700866,0.07331546580266804,82260.85332127,0.07088065113179678,311192.19654116,0.04668103063535872,310668.55166435003,0.03503625166536289,279751.05190098,0.023556946560375238,67346.51264555,0.005252138932084339,51438.9081764,0.04267335279106667,255626.01061010003,0.050271380174641764,314246.63658413,0.008907701812225112,566191.6179944501,0.03125967032962774,213533.69148150002,0.0927402773714937,605312.38173873,0.021954989012653695,74133.07716849,0.05217645172455297,24011.18959137,-0.004034817418347533,1047599.8804497301,-0.012646480962598551,124152.83730634002,0.013186669431297982,25115.537630270002,0.01678809821018057,110282.49355060999,0.013918483989098479,72359.35919058,0.0245141279229016,50949.828438660006,0.02531469877903592,32250.49222408,0.040631008763804044,25818.029733589996,0.007779913973864729,144557.03042933997,0.01045201388634958,54824.28755173,0.02695632956110456,72581.93569256998,-0.016154850276388723,309112.63080055,0.01293208467481413,17243.22607253,0.0478929564827605,622943.77047279,0.027077694158692166,30355.862797029997,0.0021810138886894127,276322.26980057,-0.001309818034113259,40322.2657644,0.031991810638713016,93236.51955136,0.04349026016752708,37044.58157979,0.034208336621394476,5750.77198529,0.030175399563873103,205023.74225136,0.022205709930582837,64393.44127324001,0.0008571488797753327,28525.21987932,0.03290141237700627,8937.23267727,0.026378502781034444,74975.46737053999,-0.01055401146358419,158165.3763187,0.022760115931812295,10700.29520496,0.0061563966321176045,13569.5383066,0.018918760523943028,66114.33635874,0.019772122508727556,300831.37481648003,0.06071095098266239,145393.07362024003,0.05571413258312994,71349.28844395,0.023876900110906013,80044.25578548,0.06052350778782331,380557.01297803,0.027658653581530697,22460.56470369,0.07144911558610212,118322.92980967998,0.009986761613692559,4829.00790587,0.027927018665105153,16835.749572819997,0.09771128345355456,293046.1157019,0.07331148525818645,36253.93481131,0.025269513101770266,2325.17358629,0.033415195085772585,76416.85820514,0.016111275329567232,8438.041405640002,0.008553143890782697,13217.14565227,-0.019281439219276365,239503.87009441003,0.019154469674484115,22461.851909759996,0.008037028800074524,9191.94224524,-0.001172750640902242,8295.29766762,0.020703342455518914,4956.67616883,0.03227217124967534,5432.60303508,-0.0026381062399329852,82568.22232146,0.05421110414989955,845.6412877600001,-0.005475498280056974,92.11470848,0.0,0.0,0.0,0.0
2001-07-27,-0.013081854099780587,24806.133083599994,0.003701371719145711,452302.39185688,0.016299064681101542,1040692.0274613,-0.027190721992933414,586465.59577431,-0.00510389535607452,128259.92178782,-0.003210698951870807,547044.6494729001,-0.009279249157302981,81243.66986394,0.0027030122479705988,292602.29188994004,0.02404055212544308,311681.00207629,-0.004639644523192398,254427.93400069998,0.013915686083763956,72487.38677695,-0.019188585787357357,50341.40315774,-0.02569538587586498,232185.59551401003,0.040060223509952524,315770.82241198997,0.01844996342984836,583879.3725844899,0.010336329773309923,204660.25961008,0.019833160262286875,573305.6902727298,0.0083137881336932,79126.05107861,0.037950745322344694,28829.50367131,-0.013195856882959139,1033971.5937284797,-0.004091836587778798,129485.67417533,-0.011692806713969587,28211.31875608,-0.0024838245871493863,111389.38888048999,0.003302266312709243,71408.03316292999,-0.020214624751485548,45718.04666203,-0.006021673171901879,33126.426881290005,-0.004729727232918668,24852.890337760004,-0.018716247432418134,144212.63502082997,0.0018029410219622905,57381.67803017,0.018011645934128982,74481.52192288001,-0.010356351208291958,319033.4774929501,-0.01035917567018131,17808.09383881,-0.001323474974185341,575023.0556863699,-0.011011775962798913,30799.854930120004,-0.07665317443598901,270104.3871036199,-0.007829015437319285,42446.619442819996,0.0014318876215727507,97247.52916677999,-0.03229271558234213,36543.39390191,0.03715256725811309,5999.12752962,0.024360374940563433,216362.56180829,-0.03808347523879438,52908.13225847999,-0.0030554963639683897,28848.16581567,-0.003071634738603425,8534.30228081,0.007421899352461635,70940.06502683,-0.0004464347864325908,163025.80411276998,-0.002081192596466851,11024.16529648,-0.00656557994136508,13336.36263286,-0.004012287997837027,65401.11630407,0.010852858483638136,298265.08267494995,-0.004346616487051591,133297.68778589,0.014610534270847814,72225.34605275,-0.010016316433748533,105404.11338290999,-0.005815315163723473,355751.44158628996,0.005151081177388619,23010.038166559996,0.016042077960374906,112416.40187919997,0.012204029167512766,4906.079916709999,0.03378945199280791,17663.96351652,0.01945818847783113,247802.51351114997,0.052787381501587884,38599.01678896,-0.010102996971028216,2360.04654412,-0.011091133170163048,74828.5250123,0.010117810587827349,8027.98834647,0.006685378287683496,13362.649680149998,-0.02095735545519831,241240.78129269998,-0.023114792427153072,19491.87597017,-0.0027843773801155733,9365.542626139999,-0.0208609515669598,7902.48105658,-0.002398363492936776,5057.0316463,0.024029648367853387,6025.14993981,-0.01148160857298307,81519.47221698,0.04694607536022592,863.0044336,-0.027313162853087013,152.55575055,0.0,0.0,0.0,0.0
2001-08-31,-0.0030949980344891306,25274.35206744,-0.003719815767667018,439683.3178707901,-0.0019068322965238192,1032273.7586143599,-0.07894285921679466,623557.0056658199,-0.012774639633824442,131907.12950244,-0.019249243241636144,540023.6244402198,-0.09524893935420653,84574.09227731999,-0.04502056702743275,290250.63659691997,0.01087979037901655,305009.63163931994,-0.042394841409684955,255964.82711038005,0.00800202190559168,69010.92788556,-0.02945134336831293,51766.22647598,-0.09217846995450982,220126.86992184,0.020226680651911234,302736.18293333007,-0.007998945224142122,560405.44045155,0.010158237299901248,211833.19768743002,-0.066058852873673,530674.00087319,0.0012131676864248575,79376.26112766001,0.0031915806520607525,26727.2423771,-0.022243774088183885,1077009.3538254998,0.004680436679909598,137659.30354002002,-0.037354698935444706,26548.565353129998,-0.014218056120938944,113275.45466274998,-0.009654549437495615,70573.68923049,-0.05005410853293427,45397.59730244,-0.017350938400988582,32333.909105849994,-0.007941460293656985,25754.892309069997,-0.011397817468982186,145214.06129739003,0.010755524263057897,60645.30003258,-0.020053260391760523,63249.56826129,-0.011503229128696236,311762.46544086013,-0.016506041630719052,18271.20562661,-0.029463759877069794,539311.9234733401,-0.022222066544890135,30436.68738393,-0.15328624130980828,257374.33301458997,-0.0018533073390437388,44407.40435507999,-0.005620570626065115,97872.49420124001,-0.08137275681929401,38658.96158689,0.04533377096915858,6248.99093771,0.02091643626895352,220176.50952971002,-0.08665744039692146,48644.87666198001,0.014541957152691284,30088.782896670004,-0.038943053124414415,7753.02738514,0.007600328101183122,76549.1158326,-0.0013126017952815334,178216.27503805,0.004798500749279947,10712.95679501,0.005158323405547758,14040.65144379,-0.0287839286443504,66471.73359571998,-0.004266055373989814,304579.53330387,-0.03367996694112905,144412.12342070002,-0.012620893651637873,68344.89125241,-0.058845257881236276,95058.85735857,-0.05043757675901694,348004.97345255996,0.0032146817647185928,23452.62011275,0.0033761952222970204,117076.48319435,0.04708167240034987,5409.3175859699995,0.030934558395846745,17717.21589994,-0.05385689383032099,242590.64860289,0.03189427062763752,37919.07508432001,-0.016565219982983055,2417.91564427,-0.04872558863221447,76734.608415,0.011754186793618756,8254.466211530002,0.019585366638393692,13838.795956150001,-0.01385719404491885,269818.47600902,-0.05629537800643063,19626.57157775,0.0044612922993572625,9620.449228480002,-0.03225124907675683,7408.38250744,-0.009923763645632109,5682.45498296,0.028545197416055417,5737.37799561,-0.027256251857876578,83522.4227278,0.035889790966947395,804.17427168,0.01834436759505237,134.67328624,0.0,0.0,0.0,0.0
2001-09-28,-0.0666621999100521,19829.616424969998,-0.008140470706904034,401799.86083751,-0.0330158509868055,882683.8104574099,-0.12945441824379636,428974.48104522,-0.056206248786076336,108971.22839444,-0.043185352766956966,451892.29628815,-0.12379871159521284,62390.745573550004,-0.07708666677454495,249215.51033785997,-0.04977335636697616,236773.08376930997,-0.06296774307769715,201205.33424739997,-0.04023884922495626,54680.63860163001,-0.06193892294028281,45490.12074453999,-0.13642509225076963,161011.03611982,0.0022980948913082022,272956.51575086,0.020032208045671417,562405.17593438,-0.02211510995239781,202133.85338064,-0.08100680368021573,423797.13083284994,-0.035371902183195386,67979.6948257,-0.03593064566293667,20647.76035118,-0.0033423378158561035,966259.0140917999,-0.003281752051898667,126235.35516332,-0.10214282573199257,16898.20006475,-0.05682391313555642,90486.99200321999,-0.04983149874477143,54619.51768541,-0.0696323193063798,39016.76720014,-0.055375127284712965,27777.00904048,-0.04762135832150322,20389.27878919,-0.02983332126575182,123624.95277468,-0.011346972013062756,53053.41945108,-0.05938132846404369,51580.14502724999,-0.0230392247410953,282441.8823634501,-0.04862013769172432,14700.75741379,-0.04952180615115165,454292.71294824,-0.037794957777575626,25987.178371760005,-0.1583544793660036,191202.33629133,-0.018365332863827764,36906.1515955,-0.048143158655624164,83533.29176987,-0.10005523485971227,32546.300603560005,0.02736630621930418,6083.77076385,0.0063375969464158155,195512.15339728,-0.13654986301267244,35878.44771552001,-0.0024098948469759027,28058.46442914,-0.06955455143521327,6054.7373218600005,-0.03038373994331101,70031.69192752,0.02336219852643588,163886.05181727,-0.03412988686425346,8992.52555241,-0.015741091204842343,12881.35775584,-0.05918979924760365,54430.19049762,-0.004466743621635837,267416.2258778501,-0.06139490796309709,119441.96297497,-0.078239379061301,53001.72987628,-0.05244847048890522,89060.64114420999,-0.07932642477826728,280386.68644657,-0.028559609163867038,20213.396408210003,0.027369487680451613,115850.73038133999,0.03556910351816393,5624.09335729,-0.0395602532897808,14603.0782727,-0.09941624244547907,183675.48348684,-0.010774504000673554,30389.67639964,-0.06687046724253623,2028.62217846,-0.04879063732759257,60092.39060253999,-0.01552506789614697,6974.21778045,-0.00807661356577509,12340.25709428,-0.005455390001245975,251266.03863959003,-0.2360611610096679,14307.33347934,-0.01938297790812813,8606.67112275,-0.04273042718863248,6431.83042217,-0.11004996385834842,3716.92902976,0.02619409021831608,5393.09777214,-0.03768937710502925,73788.50982954,0.0381153077406154,874.91440704,-0.11897556911525697,84.11563003,0.0,0.0,0.0,0.0
2001-10-26,-0.030835042571917774,21931.90131669,0.0036300554329865113,472963.72062668996,-0.01522320287126453,933218.2791346901,-0.05240190644893973,486964.9696825399,-0.01622465313790115,116806.00177782998,-0.015114170838434814,546869.83950018,-0.052891802609234914,68561.5781776,-0.0032134231471416114,272778.05847459,-0.02107501343745493,268226.68209565,-0.0426021863239278,218729.45123327003,-0.030995385150679733,59827.36720761,-0.013986988311601329,51786.10471942,-0.05608800853288969,186600.02008329,-0.009676637154315113,272155.90006144997,-0.0026633297941796334,545051.1125577901,-0.013449840681072772,205728.11409964005,-0.020916108483025934,500399.77925197,-0.006875426721877139,77069.64369001,-0.032439689417693034,22797.12509936,0.012267747393860863,1093863.9537063302,0.008304577550918455,129932.01279342001,-0.06445426000726433,19217.535265690003,-0.012963193148058378,101192.38003816002,-0.05031213775258815,59696.13290595999,-0.022313407993580833,41056.949733329995,-0.010182104441446297,30483.56076151,-0.024563422605924763,20862.010520959997,-0.013305534158318442,140382.04608429,-0.022268405707207284,52817.00612794999,-0.07046141200183562,54674.7773062,0.009990741332356761,309186.95712042,-0.02057402215560796,17978.610064689998,-0.03487460303794676,482616.1486034599,-0.026007677782672475,27340.740420599996,0.006935938888763015,243480.66315148,-0.007368307208200458,40754.48629417,-0.00853461460405397,97525.87714390003,-0.0015451962540248346,36482.7778377,0.012885939278312015,6705.805748940001,-0.005423870142639835,208542.92069655,0.005436314738216498,43982.37757854001,-0.01611993944545821,27546.8791925,-0.019221059152838026,6752.73608482,-0.021221155972753838,71254.43500902998,0.007198226427695065,169466.14419184,-0.01255363867016375,10242.968482330001,-0.01958175362949578,13045.784982779998,-0.014176497544788898,59463.95396862999,0.013070742945953282,301941.63849033,0.0011066860758192115,141098.88643431998,-0.02496628403485531,59748.242457060005,-0.06130870598646786,77095.97238184001,-0.03109675325159196,313066.48868588,-0.017139299346139197,21471.13925955,0.007689848643683773,124361.03813002998,0.033876215692978204,4913.1973397500005,-0.002660343817093194,17373.30898977,-0.07194876110776151,184463.48169001,-0.014990625670222883,33212.78893168,-0.030756455980799183,2217.9766416,-0.024327653483634807,66311.19171072,-0.02423974215892897,7508.23020116,-0.012050321529042105,13047.058452979998,0.006649038672437053,257747.34818192996,-0.17735012222408159,8817.054960380001,-0.03100840322033091,8683.73527551,-0.05802581311808608,8107.305459370001,-0.09370402044982742,3811.66625523,0.03432728250486716,6237.610747,-0.02851963080521423,75203.02973739001,0.04551625211733155,832.6061411999999,-0.19648263374940964,84.72280989000001,0.0,0.0,0.0,0.0
2001-11-30,-0.009349201456484735,22754.861376769997,0.014092192228378481,468618.57920784,0.008513817815254215,1013482.7580636101,0.028874461294120947,606751.65070715,0.010942666591254358,126638.6937415,-0.01168018275338963,503554.67225734,0.02582823860917689,78222.58302348,0.04211737929055255,302286.19446936,0.021970202111851477,303439.10564207,0.00438349450519947,249112.85552966,-0.008066911993312626,68323.79651937999,-0.0075399756434062215,49650.46827847,0.030899010141005993,219661.87500563002,-0.005091349095792247,281153.48036789,-0.007355591579314192,545035.2518233001,-0.014822415176694444,205064.96514924002,0.04337669004355779,546614.5963043601,0.01567288768056966,82439.13173477,0.010542761377454416,26164.738776770002,0.024078780763966957,1098112.16377732,0.006996799593022823,136042.74551497,-0.019022209257149713,23013.939928990003,0.0023498666657119365,105088.9597916,-0.01813321744023494,67320.64263535001,0.009567873511830447,43094.482151259996,0.025904233539970845,33949.51970833,0.0065631949835975945,24990.433456600003,0.011576294904151073,150907.18293482,-0.017239781286295344,55534.68328364,-0.03632885364862899,60272.07021265,0.021053998401520294,325883.09500822,-0.006249815318201759,18930.99294619,-0.017906219510317727,521052.7364572599,0.00025817152212225837,27828.045280289996,0.10699105231145488,282138.25467164,0.019168126268438782,44934.742421300005,0.011493899218044201,103740.37174324,0.04711282022468659,39308.18736538,0.011341783456288671,6957.519529499999,-0.011620937834062732,204810.91301919997,0.0633518976834035,42963.51720944,-0.015742846091651785,32472.87078645,0.008473859862999627,6920.432298689999,-0.020229004381922648,70079.55427231001,0.011323854605276957,178805.55308800004,0.0022626740804810386,10289.89267443,-0.016902193116939572,13329.52126712,0.01159974978847045,66735.2259923,0.025713755335708532,306069.4340699001,0.04622830028096005,159146.60482546999,0.036294435783132566,72188.11362972,-0.03735291919751884,78962.46753556,0.023957474379900527,354596.48396454,-0.006358893155531647,22218.48405174,0.010701757985413299,113477.10801743,0.02678268215033487,5055.414265810001,0.01944366523476662,17837.097151190002,-0.022509068771648436,216723.83515161998,0.0032459163911171987,35126.712019180006,-0.013382298376374661,2190.81280626,0.017293463218261227,74603.61097105,-0.011003129510746173,8308.549081120002,-0.005646077373042094,13665.14080276,0.012284298688847211,258837.48592578998,-0.11810597910632678,10560.734201660001,-0.017069910991105705,9150.97720915,-0.03833946401580511,8361.74923988,-0.054361619429955446,4409.9258817400005,0.044540574322240616,6293.778111039999,-0.010475684965729044,82695.45656207,0.042846917872637,1104.81632064,-0.2759743436713169,79.54644001,0.0,0.0,0.0,0.0
2001-12-28,0.049366072896860146,24943.360990809993,0.012054053706346268,465067.88057234,0.02963703667961746,1009120.94722709,0.15094195865872959,577946.92681069,0.07563793087318735,134295.07087241998,0.026570145850127982,518722.4150795799,0.11532688506281161,75522.26420112,0.11237784302741402,316205.23015461,0.09175577078014108,325134.41334137,0.06525559014083435,246721.4679663,0.0674944847550391,71180.67815401,0.024722622402221995,48294.95563977,0.14187048962608595,218229.79363417,-0.0018641321529434464,280944.49087901,-0.02609299201861499,537429.02215589,0.005588805496444889,211084.56762271,0.14004195192397248,563973.9292897601,0.05997816814149987,90505.25604980999,0.08565090484037721,26866.257955749996,0.01281238867801456,1051616.00201789,0.008916421497236239,143120.57802862,0.0702397833360295,23002.275560150003,0.06476877313670988,108728.72285027,0.028063557820012373,64967.49783921999,0.05556989471366485,44538.11974935,0.06751481916416936,34972.878437249994,0.05452894225155113,25898.252239049998,0.0453233670418962,146501.2598531,-0.0018352269536942231,56784.58047641999,0.03335363180808087,55253.35615249,0.027866188060837772,324063.6375693501,0.03507190561317163,18548.09433442,0.03491753881033148,520524.11381072,0.04031668985370345,28095.170518109997,0.16927562108420993,247645.36650045,0.059363929279039745,44938.10533647,0.054333999782744245,109527.52707820002,0.09857403664941133,42251.91922417001,0.013911848491574471,6948.64702251,-0.009761918928996286,204298.39468196,0.13291499066295745,44578.43293260001,-0.014097968818142344,32642.0033771,0.07303309843538615,9847.255524699998,0.003654332485595661,70579.36022584002,0.0012951120039095417,181643.71020018,0.03659383871152862,10848.77238151,-0.0035209841159649065,13725.81277724,0.05925338569618492,69036.79877832999,0.032533411814801,323799.64814277,0.0894550433966673,148440.42529941,0.11079765995805739,71843.53183513001,0.0019390764472604926,73403.69595385,0.06876488616793215,350828.74169789,0.041182394046564985,23293.051455650002,0.007782878321172193,114026.18555358998,0.007965397210520529,5053.5579899,0.09035507634412339,18070.63202766,0.05662824383927666,192701.13498717998,0.05238985453770393,38204.82549466,0.04585218451284489,2550.79665631,0.07488955539884734,75477.02073585999,0.02323896249162507,8507.99827756,0.011982419168294981,13998.850353359998,0.009422925682782793,263452.74415843,0.03761559087162159,8979.2413347,-0.005605803047088733,9263.42903524,0.008133506758825177,8045.860398479999,0.050879828765267615,4757.910860080001,0.04061687918167575,6770.010750199999,0.019853171471304387,85448.86149068,0.02762943265989379,1223.8962812,-0.14094384342579255,60.481795440000006,0.0,0.0,0.0,0.0
2002-01-25,0.01926985272279499,24541.62305765,0.00843195600775096,463796.9184519,0.012694911404264044,1005549.84678123,0.03811059134645149,589647.97082034,0.028367711393987374,129698.55670879,-0.0059553710189291795,503332.34470969,0.02516575305988136,75001.18939165,0.0342740410428764,301234.39106914005,0.04496280368149703,282781.43076706,0.019163201040346304,245347.90617594996,0.02280990421828968,70846.94251282001,-0.02781324333175043,45442.53836368999,0.030839010858879405,221359.73284392,0.011982350928317897,295499.52427076997,-0.0004799899966917488,525151.44682697,-0.002847201636138362,207278.15940136998,0.05254653434724302,561403.4382031899,0.02889510218979332,89960.35719699001,0.037535013669893806,25774.39171346,0.0026758299796125337,1010441.3735263998,0.009465875671050823,126748.5304922,0.0187194666407776,23747.894776099998,0.03017359271912734,113589.17855051001,0.005659520370484528,69772.72379786,0.013031936758157827,42873.66285613,0.03529827315216544,35723.3196828,0.024553284933997527,24701.435398169997,0.008968577176447265,130966.01649307998,0.012473660700904127,54696.587593280005,-0.013681131517334898,53138.07965073,0.010987353885723508,321679.94772304,0.011048704137755801,18221.160645390002,0.004343930944551284,500567.42402542004,0.016412716034344795,27946.03168552,0.060001712898036734,251303.41185986,0.02255598366215623,43342.840018350005,0.035971242286977734,105103.36232168,0.035167332169324175,39944.679564189995,0.011882639781718654,7147.82173881,0.010760700203831033,206318.43063338,-0.018656685559145122,35096.795362770004,0.007107528202068527,32313.06023437,0.0013376887947526214,9486.40257449,-0.011043724083190931,71337.47137783999,0.017369380077603642,180582.97086934999,0.023311530281317938,10647.796685010002,0.010278617089107999,13815.19428906,0.023489363148706168,67760.48969833,0.02332405833060352,309934.48131754994,0.04256336917652383,134350.57125908998,0.043042252303919566,72252.28407707,-0.037024049669929296,65370.90675733,0.02521691714262985,353366.32704505004,0.027426034315592162,23206.386751010003,-0.002526460110760668,119182.16721083001,0.010734088608675333,4944.32101944,0.020522844925406156,17999.829644150002,-0.004828566591801985,180503.34453721,0.046281739627048096,38191.15663086999,0.025364157210337888,2378.3145512399997,0.00802653855205884,67499.07287599001,0.02326794041613713,8782.61161689,0.014175620043392652,13916.030466240001,0.0043406891485039765,255339.65595311,-0.05635717881185675,9481.62716013,0.01022308781954691,9196.43414367,0.0011909126995708502,8433.93249838,0.015085509032011009,4876.8818406400005,0.034445107339263814,6305.27093511,0.017603062077050424,59477.6020787,0.048013291287750705,1247.59455748,0.00836695995441361,75.33166213,0.0,0.0,0.0,0.0
2002-02-22,0.0121304312471867,26173.259238870003,-0.009182963729781892,462101.78232129,-0.006971492132329782,966337.04373201,-0.0269425740293195,572196.8439228899,0.01425682491326687,136911.07343785994,0.0017220323742330654,502672.19876626,-0.033389586694537864,68811.36357558002,-0.014656877783898289,271816.18003606,0.020568680506890657,288777.3095559099,-0.010630287277911578,246128.58184023,0.004785019899875531,68933.98458892,-0.026153521058504506,43304.73862393,-0.04744858492612136,200192.68750526,0.004755270425921408,284452.09005022,0.003185893184231428,478406.6006209501,-0.0021023942644762686,204894.69379888,-0.014397836521577919,512648.6740084401,0.012157504414243738,93566.94369741998,0.03463613273898093,29092.129796949994,-0.002404039243424959,1012267.7235632499,0.005740167134157917,127654.27815671002,-0.0015043993128980966,25823.800553769997,0.007964526019799373,116022.28360488001,-0.01330615666504106,64918.527588579986,-0.008956922324241681,46088.09158591,0.002104111835013744,37016.18143008,0.027006463839053252,27509.59554421,0.002999185700268826,145199.87520029,0.00680316527807686,54345.28694372,-0.01246567221107815,54281.21732604,0.012482741207412702,342230.52465695003,-0.001430146677749125,19603.10157791,-0.0011994394886027107,500653.55603768997,0.0023598160733944587,29692.46893901,-0.07121492907248572,219599.17002353998,0.0203469240234521,49533.225183020004,0.0008722866583751286,103646.63283240002,-0.012847774096533279,38959.07931811,0.024540076079733186,7202.601278510001,0.01463993512748654,209250.40311272998,-0.04143269811330252,41161.80773364,0.006753044144752038,32251.316613940002,-0.0020909192394740488,9861.52785939,-0.008519647170163167,68880.5640872,0.007662008738045258,188978.94966853003,0.006239846888457102,10867.75835731,0.008468447964372787,14585.598872469998,-0.011874361633671353,65475.72884610001,0.003007729635259999,311499.12709528004,-0.021153932844339297,136488.04506711997,-0.007736798959955831,73543.89006268998,-0.04625100886256525,49926.63861226,-0.01978676414427339,326076.75606829,0.019274040285254115,24183.20026751,0.008194801920541468,125040.48550390001,0.010482307500899674,4972.07720536,-0.0120853614722627,17696.24383908,-0.03352846114410949,171689.00560118997,0.027272935787881425,39992.266919869995,0.0012488547002464864,2419.9341403999997,0.002141834090128841,74002.50960008001,0.016974782757634428,8931.84137967,0.01192684393753461,14373.187097340004,-0.0006286124010966413,263689.21208122,-0.1354619303124596,5294.519879879999,0.006040946257535289,9453.402448150002,-0.023466926554445853,7678.03702209,-0.0021595848068631214,5171.83077184,0.021317515704503638,6458.60869614,-0.0017905916534209842,64862.82958562,0.03656275735726114,1251.5033206599999,0.006116729524379083,107.11056194,0.0,0.0,0.0,0.0
2002-03-29,0.016791130858186756,18047.489605829996,-0.011083571844163191,456609.4827571,0.005500674337483883,1053695.25748183,0.016408372121891373,567434.6386125999,0.0381458473816799,144827.15397433,0.02778000326137089,553989.31598527,-0.0024762419005811987,69529.98888621999,-0.004154904646195267,281145.62879904,0.009453422139327306,287152.98740219,-0.0024589714585978167,272879.55245342996,0.01385851590903615,74727.91141422,0.013614968810645757,51369.83574327001,-0.03165052772192738,194503.94682011,-0.0010558244503202307,294389.10593966005,-0.017072712493904716,479613.86577957,0.010490717847012375,222664.96201239,-0.011347123233790786,497848.73129346996,0.026275060907537656,97487.49233418,0.05809164132822044,30728.08109927,0.005623070799205917,1017406.95737143,0.009252428828402697,128105.39357453001,0.007621996269200397,24140.937067539995,0.025007581797213446,123887.3211861,0.02224835051010506,76776.86040171,0.0026024835167161634,45962.93516802,0.013810962220697765,38434.628339209994,0.05692540483247982,31465.116584760002,0.024569398418277367,150306.46138449997,0.0027876796402439667,58741.411810699996,0.017890611210837955,57629.541428569995,0.017528765369544477,347733.25820372,0.017594289270556753,14704.008220450001,0.005420266267808918,503729.9616564399,0.01494989500356703,30854.678958189998,-0.04209845226843229,211231.13301455998,0.041510107346259525,54956.07143999,-0.006244121752579909,106718.96019139,0.014791091624789348,40392.46361711,0.028064656658904185,7648.84435344,0.023658090154822235,216618.5484656,0.04242267570507868,48593.62577402,0.0057112333209592085,34065.46028983001,0.026843418029064977,11430.12250873,0.004719826553735092,74745.88339516,0.022716695027653912,197396.30189550002,-0.006884610521888297,10875.81040371,0.007064115416711744,15228.271459860001,0.005698148498850462,68680.70009250999,-0.005425250132270954,299327.7311830199,-0.005759990305769512,140478.59406722,0.005023102699428758,74297.68142254,-0.06145388774292544,49349.4430438,-0.0027198100112697183,347183.19211437,0.023177081309887253,25515.146197989998,0.026135205036602223,126043.58050337998,0.009247259759722926,5085.11097702,0.028065231173222804,20028.303158839994,-0.04299636468197436,164413.52567646,0.01279291296027793,41189.80007519,0.02061143608271252,2611.32555575,0.028883566521410615,77775.27642061,0.019604240608823157,9507.24135047,0.015650980253509448,15220.265926709999,0.02549017606130337,282949.94142084,-0.02336780303876935,6215.07768903,0.00546381073961898,9861.701952930001,-0.008329620766471611,8604.0010317,0.02240559461782183,5756.75316672,0.021853560941232465,6729.795971369999,0.0037420286821736462,68579.66625574,0.0059236447737538766,1706.6356411400002,0.12584594322536352,156.39232101,0.0,0.0,0.0,0.0
2002-04-26,0.03423783057147996,19318.595532379997,-0.011716045067049137,471405.11354026996,0.007013462630266501,1059510.95265551,-0.007791988160805057,567323.13051371,0.03163386018223878,146474.30339774,0.014882245254312542,549859.4384935399,-0.030298277549069212,71669.13266732001,-0.03433581785748079,245460.12196939,0.005754123457234461,298500.7429374299,-0.003314203978219647,265074.56047262,0.007967502403875958,72568.39577012,0.007142318408724942,51669.562122290015,-0.05558841079948998,195084.01881949,0.004410688240422279,306039.6215477901,-0.024889288393594697,415696.40041367005,0.011684834058867163,227771.70386995998,-0.04788279381011183,460810.63925675006,0.03204801969298501,101885.47562278,0.055342991939507466,31885.94599434,-0.006251636317552105,959983.3888042602,0.016005814773265053,129903.09881185999,0.0027841747748732198,23494.94314126,0.026551655131844445,131154.80954229,0.029418653947331546,80708.79534491,-0.006573627497692021,44353.68681335999,0.013491361339713346,39709.2389417,0.04359291389911556,32295.623491409995,0.014338565104122711,150812.31952559,0.010146844946607883,57748.85787118001,0.013463282239504784,58781.357734859994,0.012893496298940842,338969.17120617,0.0229140328055257,15662.458720069999,-0.018478776644625248,464030.19972927996,0.008972419334629986,31055.720432950002,-0.05742825168889107,204179.65707925,0.03556804445408177,55133.94354493,-0.00533807030466657,105188.59795383,-0.005633517222891609,38541.0753989,0.02429158315450502,7737.6681524,0.03189192715379236,238915.40883867996,0.02872262758068537,54106.981748590006,0.015030225153400086,33335.83439421,0.014246324777936817,11938.65967218,0.003215988943920473,77458.54336734,0.035594915252016926,197162.22339996,-0.0033518530106189546,11078.74352414,0.010402684822215671,15119.410876450003,0.006816016277077032,66281.40861475999,-0.004813803682104983,302597.43868893996,-0.01969769058977805,128308.11139418998,0.0009922960953926533,79384.07920398,-0.08092213807903671,46842.778889459994,-0.02102894680862402,330235.86355355004,0.020417963271279115,26520.460208369997,0.012315440739576725,130914.61609879001,0.013914625661126428,5076.80143838,0.03923929289638449,20580.32682393,-0.06274079590413491,150778.8050536,0.023566686554231255,41305.576931699994,0.026028096609247084,2634.8040351699997,0.008827625733873138,81243.12957141998,0.027236813587281448,10294.3774806,0.019950412076423136,15527.24622096,0.031545998795491,284182.55692575,0.019155858620803306,5568.68399343,0.012615034847559348,9901.80711394,-0.008226435214877622,8863.15156808,0.04027691573631764,5700.21173031,0.02368375922689421,6662.388007320001,0.010743365969407899,68309.21723378,0.008014764502960693,1678.4431305499998,0.20854047781075596,111.86352905,0.0,0.0,0.0,0.0
2002-05-31,0.007431330770000044,18951.507764870003,-0.010908590546907472,459804.67184998,0.012974968678097616,1080648.86532488,0.007054917693040322,516350.0786434201,0.022596954579818425,147717.16134269,0.014025618873158063,536517.96161757,-0.0033425220403860757,68704.46647118,-0.021142420056731035,231869.74493698994,0.00581254967431052,301084.71359645,0.0066407040184673985,260197.13955357,0.013653551562858425,72337.00885388,-0.024787909630468747,47107.3983137,-0.007875954047531995,205342.44940752,0.007609280656744636,306369.5697935699,-0.008372596466872785,432206.71488314995,-0.005046669076034581,220527.53971792004,-0.020646480755810548,428479.58026977,0.02251716195955965,104790.10493082,0.04204621730621201,32842.59681462,-0.006945212214928458,908446.6798606901,0.01369922946015658,127363.7625092,-0.006630811877383375,21935.770950559996,0.023727938123108534,130633.31440429001,0.031740792017619715,79884.68831133,0.015409166465426193,45196.80850623,0.013929413653428967,38985.29568526999,0.05594525263025933,34293.96167762,0.020938954087508913,154650.25298696,0.004793645618186145,58025.5208222,0.01733058374316479,61720.671660449996,0.011150750462865311,326542.64331008,0.008519717141777742,15522.424299209999,-0.00845013446891687,467434.20379873004,0.01718305807645978,31695.28748889,0.029033057502877893,216632.01696787,0.038948352345074384,59808.70680078,-0.0035533233050709244,103779.28599396998,0.009689951780984292,35674.99655728,0.01881352357702122,7969.88229303,0.01287295464771664,234106.32867204,0.05309238012033778,55200.068035920005,0.0016532385605729167,33516.31129456,0.011688782248583034,11428.95265387,-0.00039173207236617994,76602.34519407,0.021656141474836167,198026.95117728002,-0.0019171750820346691,11171.54605349,0.005233016866654563,15294.785058820002,0.011788744054704967,66240.96478559,-0.005650285757094828,284199.52134528995,-0.023867861441679825,115942.36399674,0.0274573811225707,83866.65454019001,-0.0754095879874289,45885.402317019994,-0.005045083527202038,313718.40647091996,0.010834181129482305,26293.596448840002,0.014757850979036114,132376.66988249004,-0.00873613840551388,4816.0610207400005,0.03090543304073827,20173.05053434,-0.04145696741573058,145537.74272474003,0.011758751853230777,41837.22106173,0.0145423324153383,2690.19574719,0.02340715380820989,82749.14388075999,0.013365276312442774,10356.126281439998,0.011313253066040849,15613.526571769997,0.025610747854512457,280482.43222918,0.0007779442419583761,5141.84744437,0.01067997547854134,9994.98427289,0.010476378738182999,9311.06570954,0.023154812669004245,5782.014517379999,0.024201749080700503,6796.42067272,0.0119730609369901,67262.66755345,0.04946722754927032,1956.15003849,-0.008097476786187885,82.7006635,0.0,0.0,0.0,0.0
2002-06-28,-0.025544444486619883,18881.35814081,-0.02028099919787809,450951.53053625004,-0.028855387917731304,1020236.21495488,-0.11827649207688268,382842.00150254,-0.035908352084314,138142.36481337,-0.025585023834476184,519767.25008539,-0.08779929547288984,53530.44241789001,-0.0855816252922802,197337.81205321,-0.04382243593126669,268994.44816378003,-0.06666925021264355,223635.8041795,-0.041177750451069,74509.20161574999,-0.05822533939675211,38189.908210530004,-0.08720191788258896,165209.4192569,-0.008815540031794007,297022.60570498,-0.019639925684327587,378308.752965,-0.028964796612864975,202898.82934287,-0.07155832230677384,410570.16807683,-0.01425208034096056,101331.61059615998,-0.02244458816839018,30908.159455000005,-0.024012803441728646,822109.1034492201,0.010852118545961959,162225.45920042,-0.07278563322831406,20167.449446119997,-0.026539209529136368,126663.16489289,-0.044356685458555034,73639.31041422999,-0.03872645411416122,41687.73989502998,-0.028572364533354502,37575.19356361999,-0.003334881151287377,34257.683840720005,-0.023119326654775032,148050.25502861995,-0.007845572564320424,59969.969714360006,-0.05239141687628875,55397.99245215,-0.010435427505137786,310806.55686442,-0.04479217744211717,14869.85560525,-0.04168495504254903,445024.97758287,-0.021989529545015353,30586.346855560005,-0.08278464006580859,174806.78883194004,-0.009296902622061695,58171.65906733,-0.041168008699218286,96327.48271974002,-0.05893140400874354,32535.189883329997,0.01919818166990824,8757.02977583,0.007619729265856594,233706.92546446997,-0.06690272031912395,39959.7837021,-0.009846419644697874,33416.67834979,-0.039430701350481545,11984.410026729998,-0.027567316568832097,74692.69220848,0.006766594457197727,197426.24025499003,-0.037440423000200306,10236.151117009998,-0.006685663474883802,15687.575237140001,-0.0548348184978786,57986.99791878,-0.026200919711026532,249719.58234048,-0.07201083636061592,96382.42336176,-0.04081985863487448,79509.4970497,-0.12251974165539517,34106.475502689995,-0.06629290107208831,285412.31887058995,-0.02024440912703933,25773.17900317,-0.010919468400533906,117408.66768622,0.008059386035097009,4907.999448760001,-0.04140779667892321,20471.836685799997,-0.1059980672506172,120473.71298681002,-0.019533568067017504,40281.04318375,-0.04701531445599715,2407.79602877,-0.030447961940067398,79974.98595105999,-0.007621753844347744,7486.18274431,0.003684958992120525,16823.43281305,0.0022024773354847654,282059.88704243,-0.17055226728219258,4071.9434277599994,-0.002108974621171597,10405.85377709,-0.026723048115790078,9297.586659280001,-0.06023317287131856,5732.55770271,-0.007228984007056445,6650.46400084,-0.017008263485220686,70571.62847314999,0.04247788707398938,2314.95053196,-0.13090254760600595,65.42870884999999,0.10519179593312383,28.19513172,0.0,0.0
2002-07-26,-0.06276451402017268,15502.758926840002,-0.04999281205373332,373199.51608108997,-0.05852532403096168,856873.1613233802,-0.13964217523471734,351283.7182648999,-0.0768519662108052,116466.49746307,-0.06327494368998793,404895.19056508,-0.1330043117539797,45214.6463896,-0.0980991323974902,176424.51314811004,-0.09566572660356845,209665.11841765,-0.10040199207334324,181806.66604447,-0.06475427719178807,63896.04838645,-0.11423909103721706,29184.63569747,-0.09976050379001786,146408.66843343,-0.021490888100606887,254269.10032951,-0.06737890538757617,300338.74793478,-0.07672346442874668,157849.2688873,-0.08559524640376814,356859.3266947,-0.05803718102712367,80721.77827683,-0.058414094978939235,26664.100327620003,-0.05064535746216917,655518.29907623,-0.02372273376841008,140134.02514401,-0.14771834422455357,14222.783354189998,-0.06748935231365878,101079.44235897998,-0.0889009886610331,56042.30227877999,-0.06232871728366187,35520.92455304,-0.061431034856408696,32449.711168409995,-0.053680177168782095,28701.645170480002,-0.048500261030506926,124715.08963722,-0.04186507601301132,51756.77976975999,-0.09560100782973971,44150.090430000004,-0.04376510005215376,257785.92925303004,-0.08691814243194003,12092.34077515,-0.051046027251534926,375387.25544443,-0.054392989332100856,25385.14410696,-0.11003163519952205,162895.73147614,-0.05243784347206907,48119.49394959,-0.07308933095345053,81392.26558625,-0.10457366271219923,27190.962124320005,-0.0038188909023293676,7878.18544299,-0.029824546685072065,194605.34702786995,-0.10097807057781057,29678.092915579997,-0.04279151897207623,30051.623984880003,-0.08629452413829641,9290.584942689999,-0.06796331024577477,63180.907522719994,-0.020356668649392548,167260.63592623998,-0.06091822907078486,8351.55673175,-0.03487655002598633,13161.37432153,-0.10180131510477776,44534.76451354999,-0.04681196685570693,205597.87030421998,-0.07892928018075472,92540.19384824,-0.06448878524565868,65691.72954427,-0.16335827175530496,30892.92818581,-0.08249918504952339,249804.60217438,-0.05783716961697671,21444.01701489,0.006371071170881287,100677.68586952999,-0.016159882921924797,4405.67203705,-0.08571882680308217,16770.52234241,-0.13439892312799157,97587.46084427001,-0.05318759533701065,31877.35660733,-0.08160576637478886,2122.57941474,-0.049497701842086815,68855.70170770002,-0.047086080147558614,6546.654689630001,-0.020962610439629076,15144.949415760002,-0.04314001475613982,222992.50467589,-0.21310303913721385,3511.1168865600002,-0.02099319480692909,9787.32566851,-0.053765931735246256,7397.8096554799995,-0.0997082316095179,4893.84649655,-0.04971165237525958,5324.5060162,-0.02081351623708778,70325.01451971,0.027252949970834186,2205.2389259,-0.12584997517748128,61.3744968,0.13562067430797342,31.55435393,0.0,0.0
2002-08-30,-0.0380578310312983,18038.13740626,-0.02541063111241549,430068.79116551,-0.020670748692552122,961395.54281675,-0.11782314339152776,340754.83044756,-0.05226061554815786,128581.29439815001,-0.03698424798356462,481865.96356401005,-0.09523026208331158,45193.74312588,-0.052459006484525,204933.82055591003,-0.06922578134678925,237423.04732098,-0.05615554630035581,212628.94453659997,-0.03573171987537468,72303.54313178,-0.056567075639594275,36728.456047579995,-0.058374456514213253,167869.83274100997,0.0003914238294961597,295249.65295197,-0.02813515063236334,342249.63879213005,-0.03826326420254025,193360.17649873,-0.04989082780893804,397920.63083374,-0.037299569302235984,93052.73712157001,-0.03961413699522776,30984.124410139993,-0.025400306378291257,835743.8871893501,-0.012177452009200567,157201.38235017,-0.10193703274673097,16943.357263309998,-0.04639764489470294,108024.53263354,-0.03899678471484188,69017.14704305,-0.045968598933991765,37434.244283340005,-0.04813866758805507,35710.25062327,-0.024088710887720202,29158.507029390003,-0.03634407299652209,142001.25122794998,-0.015517087274858102,57738.259660129996,-0.07792424738978374,45413.93961565999,-0.023889712142371476,297833.58974816,-0.07647432626168038,12214.08162355,-0.029040172567241524,445697.79517848004,-0.038310578003601374,26904.36056461,-0.06487682684741307,172013.45356929998,-0.03774711855360715,50582.77753135,-0.038607036949100976,90287.64676950999,-0.07129592951144235,28427.938300859998,0.005620226068703207,8606.220614590002,-0.0110197149287903,227717.86729778998,-0.0756436635014564,36808.800642019996,-0.01645914474953669,33511.447906919995,-0.06974273709346823,9226.2491635,-0.027399666864410293,73766.68617101,-0.007224957406765822,191969.6668289,-0.04201956615511268,9554.59474374,-0.01596552067711469,13865.55497882,-0.06884919093069682,49960.99384522001,-0.024901752146204093,259705.43886648995,-0.057692151066630955,112243.84983626001,-0.04727847330540707,74902.75185699,-0.08997638304248487,32702.758825570003,-0.04021067507881229,287320.0628034901,-0.037164662931620934,23299.55127718,0.012050373145942584,112993.81610340999,-0.006520004670551392,4760.58393399,-0.051147888061790665,19057.22132676,-0.09338169292977985,104241.12600935,-0.021347475157949103,38772.01402229,-0.05920363624342269,2238.1271969100003,-0.04219571553936463,76752.12801652002,-0.019405167897717197,7169.35028655,-0.0039028050451443597,16876.25502264,-0.02570916216991544,260504.20857175998,-0.08186305337005906,4028.5649831500004,-0.00344374656247987,10497.61502289,-0.020278971410682512,8280.19804266,-0.06458774895783402,5309.35179183,-0.015314720213519449,5950.99735095,-0.009574878644680315,76747.76613398001,0.04676232052729231,2532.4482663999997,-0.1410361478809152,53.7510873,0.11336423884840435,31.302021959999998,0.0,0.0
2002-09-27,-0.06567349902900867,15246.63039218,-0.05151394180377469,379425.294168,-0.03664318779858772,839923.3745890501,-0.0869570979189048,251011.59307917,-0.05851053448117365,114142.4583288,-0.05064644751488426,433670.41641941003,-0.10011048495215057,34210.344829689995,-0.0741157223636994,157476.83350314005,-0.06654449992841303,221234.94221511,-0.03179925379958227,199514.56202856,-0.037978778186974115,64656.43348346,-0.06616224663532083,28579.529045630003,-0.03286588813673489,141280.44632336003,-0.03213879563721846,255221.49339417001,-0.06588844375536722,304675.61008688,-0.06506977920590289,161079.28306485998,-0.047387384685356304,335821.06368392997,-0.04866247147428386,84742.2982707,-0.03976218229258448,27389.810956109995,-0.04150733070283798,735364.5812497601,-0.025598079983338948,148309.79193772,-0.10708701641479745,13802.93223454,-0.048703368693539695,93764.78355513001,-0.04240716655033455,60608.23256136999,-0.04940389434402485,32975.46600029,-0.038656003922915835,32409.72506593,-0.039953414945780044,26878.101984309997,-0.050087990646772045,129654.03889611001,-0.03222468938636028,56630.69318318,-0.0851425742417113,39207.54486422,-0.03695758739957787,279806.84501293,-0.10602595644461826,10135.282929699999,-0.04739815768505736,391535.34016706,-0.05657832175232218,24705.28611871,-0.039254005805687706,137369.93336149995,-0.047451642301670045,46238.424791360005,-0.04418418479336302,81366.03129612,-0.05653094730417732,25339.30201171,-0.011069009065382182,8319.09965393,-0.0176477111418223,210966.78698442,-0.05703112900531081,31478.50635553,-0.05037929457427034,32198.43216515,-0.09511898171657134,8213.13123075,-0.050212102575073955,63213.65033801999,-0.01641019308811981,191821.92736721,-0.055082004113996594,8740.23883043,-0.02830490850356249,14125.4276699,-0.06559691330946515,45119.03586128,-0.020508617197976784,249072.62175504,-0.04260583871616152,97623.43931824,-0.0331324340222248,69584.77432382999,-0.1129186049210675,26525.87098524,-0.047743530104486516,244765.1704665,-0.053672601244659585,20445.11931229,-0.026437819243749328,102157.11486456999,-0.020524003509880016,4655.39765747,-0.047908182342863585,16910.83146271,-0.060410403372513743,98603.55610728,-0.033665997688197585,36759.703900689994,-0.045886189176421475,2067.2285241,-0.05664287697188147,66693.31435453998,-0.042345199797927814,6553.742865780001,-0.007879043927487363,16980.814058000004,-0.04345114952839768,234433.74395851002,-0.045260349639041506,3496.1564505899996,-0.014163461949794223,10378.95094544,0.004461576878928177,8415.727545450001,-0.048665502984032945,5020.7200778,-0.03560486078214176,5646.20547356,-0.005071210009464253,74316.77301872,0.005311794572884737,2311.6436400000002,-0.13393879502734007,43.7075478,0.08671464307797883,34.37982911,0.0,0.0
2002-10-25,-0.009929436125434826,15295.471610100001,0.03423025268239538,421215.12488697,0.044106232056635594,913544.8648779299,0.0034825623248681296,291652.59415059,0.006717777126627729,124191.27502978,0.01781711520414827,478526.95318338,-0.010285121465147616,34610.053740890005,0.0506517641811075,178799.46346009,0.003907332797929138,226825.78590601,0.034591678859616615,214775.17944471,0.014523312144359066,64691.499048540005,0.02182546162940826,29346.07656316,0.07186654904448474,156110.63238839002,0.03089248404189642,272854.9414234801,0.07965879287343541,343674.3629838501,0.0002046065556894545,155747.76304731003,0.06259590740830043,389576.22069351,-0.0014335730109683762,89828.81089997999,-0.01670568579088595,26862.397538449997,0.02187033391217661,811878.8397884399,0.011825915374809908,159448.03830996001,0.04757359909095066,15166.700386479999,-0.01035574882967002,95659.18737233,0.03918719823914171,65482.24134292001,0.013946491204130659,37409.90539882,0.008139807278362693,32880.043864399995,-4.148189734158521e-05,25332.11379209,0.002572584449023352,138125.52190214,-0.00761085210676583,51717.08400802001,-0.03394728949578867,40598.30022143,0.029171741031575174,295030.32271206996,-0.06381395981144528,9192.65905385,0.00015218132030612514,385984.3528942599,-0.0005515929028531608,24457.357119649998,0.02516956432530079,125563.48848854,0.007288847091781633,48743.77560006,0.008669303143656423,83597.95615198,0.0010818379765890236,27013.49576839,0.008693225370086623,8144.17089423,0.02575705210091039,223664.13976870006,0.022263658633407016,36544.75601843999,-0.021026023664270116,30408.30088804,-0.03795682368716987,7895.259685249998,0.0010693904318706416,59430.581308149995,-0.0014913321228340983,196276.64404328,-0.018904729710096328,8571.122079769999,-0.011539722330001908,13128.243195750001,0.046968156340463155,51748.56135689,0.018642589270535553,262165.02685627993,0.025307334738193625,100688.43861035,-0.01725563750018864,63177.403240559994,0.1695883413775025,30165.783462620002,0.03931008010116432,266004.99984975,0.00013248365720425225,21729.81045787,0.015622624582059418,100286.69367626001,-0.0023508984195264528,4856.46800467,0.00582732317589671,16717.062561030005,0.04615985533664559,109175.98649857001,0.02412788579861761,39498.240548969996,0.005619038571466114,2253.51840308,0.002546853432730864,72279.50371517,0.006520141618830207,6640.85253234,0.006242519067536203,16302.508903819999,0.017617685899260146,256223.67765109998,0.08753444590602463,3572.9884909,-0.01206867696319367,9880.08171772,0.008345647098452097,7918.39789579,-0.026808383298339945,4564.6935948499995,0.013266264842693255,5863.70371954,0.009911969392232193,77701.05510885,0.016772555900575654,2193.3628905200003,-0.05009413770707341,57.68414504999999,0.18228281441772212,59.640029350000006,0.0,0.0
2002-11-29,0.02576951641241397,15210.3937114,7.249016273467954e-05,427702.5861673,0.02458929182002794,944293.4679705398,0.08260343747157234,377541.06334899,0.03748955091643309,131178.57600789,-0.0006222278731298292,459049.41475009,0.09930168539546733,47709.38802379,0.06256446667595618,206085.01399808997,0.007594668623154544,223432.69349184996,0.0008699947873934169,255735.65372424,0.012052901799283755,63035.84994396,-0.0076392803031541745,32474.99069587,0.06772039148222987,186244.61143579,0.01268115010656663,270234.40832129,0.04192910195792608,362860.36569266004,-0.0012164873832514285,167586.33238257005,0.053801156177646296,448238.50259827997,0.01594361546729471,88853.57809553,-0.006989815397267977,26499.69822668,-0.000999102123168865,844749.28517499,-0.0030243325105776798,158976.72757063,0.008321011281716676,17174.89106226,0.009051065585598992,97112.49920262,0.05250291868005843,71385.24246016,0.02736538603150119,39496.27031792999,0.021132964851199046,34796.22811435,0.010043212218335878,26579.696567779996,0.009779996535523684,138917.20910094,-0.00807373839096211,54575.73844761,0.006185166943067768,42674.79583175,-0.009422024906240948,280998.62927634997,0.057547853706696316,11158.484646410001,-0.006630355353489192,388362.60848364996,0.03003967516727051,26423.807126579995,0.0617263031323479,174712.02695455003,0.044891107414231385,50931.284649530004,0.02235765292412696,85500.46352466,0.04318189060058074,31648.96945371,0.0046541472324519535,8372.682759989999,-0.028227962170036976,183648.97896308,0.04981803090072934,37713.51771874,-0.001923003984701213,31521.37091973,0.022456559952031302,8936.652982130001,0.007589857073161591,65770.99762169001,-0.012800026597910684,181649.08108171,0.01677971769978692,9071.73801211,-0.006685096133002903,13380.084978840001,0.02586427818285435,53703.853245020015,0.010205185222115746,271272.7247948399,0.0038453605997391194,99953.21584038001,0.02065007294590631,69867.59475142999,0.12545691422850233,41225.298684,0.04014266837908209,290277.65914945997,0.030087227851487087,23203.92407558,-0.025320510282699896,88237.31205706,-0.007038715888333944,4836.47935753,0.02370400453697325,17823.6319743,0.014785734757656835,127534.68342176001,0.007169203760618688,39187.13099579,0.025383149950214123,2258.88431073,0.009909182213265312,72542.57101707999,0.019647170318005166,6690.415645159999,-0.001488662688523891,16653.068382760004,-0.013100444138997344,236948.23101807002,0.14763536072148634,4259.11807287,-0.01020445949028505,9758.31784686,-0.0028970024712351656,7942.887466669999,0.01664036996304477,5017.96245078,0.0038846425312139186,6005.905120259999,0.016932469881116116,77769.87039699001,0.017878618442379684,2342.9112869100004,0.0008808509533708153,54.50140345999999,0.09426109072886653,48.05677512,0.0,0.0
2002-12-27,0.026308677226638988,16245.346819570002,0.018934487288542766,427028.66980908,0.04074457377216954,930908.39354781,0.09545835226782723,312063.28354545997,0.04124195580667137,127213.01613766,0.012024070604752177,472572.9029042,0.11579848139131456,40402.4484486,0.09435069169876249,210158.07794309998,0.004784638233625568,209342.99299983,0.0009572355619177395,242171.33039169,0.022804280590528782,63244.50965870001,0.012684561923555526,30533.303895880003,0.09280201053684232,175357.70418812,0.021014087987995846,268937.60889656,0.07211561543820556,350087.24067621,0.012574009087273085,170080.95434394001,0.07804783862692173,414442.16200866,0.012257301887055731,87953.95132793002,-0.010046701893219144,26258.270868120006,0.011117283946866957,807944.84028957,0.002061274249098874,160616.27904514997,0.03569445915058346,15352.47232093,0.007119139171625423,92803.53187436,0.06554770156779487,68550.77164409,0.02900294315342228,38986.76972443,0.02473439763538997,33408.84547456,0.032245877219640534,29328.32335971,0.027083889599181225,138081.84983330002,-0.003482461410183056,55280.431292789995,0.022864571727968738,38828.4835664,-0.007458556950188405,262021.30122495,0.07226344281452479,10709.788318179999,-0.012155100248056093,380722.6117797,0.04053887382346644,26136.53897528,0.08035538389293391,155187.94196540004,0.06296548651944331,50459.71562176,0.021269017782998254,84217.75499321001,0.051577216530000206,30672.31045825,0.004705920284227942,7893.9056833899995,-0.017509778955941552,190149.76093577,0.06732477660243905,40592.81760594001,0.00508226892104067,31189.492029740002,0.04319108530952279,8679.330722859999,0.02045747880350086,68881.96198289,-0.010651712771093601,183011.02710850004,0.01277878000318752,8964.5056835,-0.007166232163131259,13559.74794624,0.04181696618576529,49982.510633239996,0.002496943040465768,261169.57425870997,0.02907712634440844,102487.08579844999,0.008166492256176291,62876.11571294,0.1783367199876714,39952.25499744,0.053416076510603275,266449.82815628994,0.04187341354659148,23717.23427763,-0.01760591576905944,96764.77243986001,0.0026591498293364467,4872.55899233,0.041230556184042866,16636.52783997,0.02045805452108282,105902.78696905,0.011646147124620913,39099.15523679001,0.025661401755196492,2420.43676445,0.008407650124059396,69114.81182624999,0.028555910300854064,6714.5886069100015,0.006643554744197921,16868.05613262,-3.201692435917877e-05,234007.32728225004,0.2153539834867774,4494.56733996,-0.007684587351227549,9939.317074650002,-0.0001439649327227481,7371.5197408,0.014568787558909911,5115.78722744,-0.004452420147622398,5897.12748454,0.024395637435812294,79674.4568355,-0.0020641725011380572,2382.11569,0.03919085627699073,39.518635239999995,0.14560449215986987,41.31407444,0.0,0.0
2003-01-31,-0.012757410319527714,14580.38305977,-0.020849266069290776,407409.62367564,-0.004832438196751298,866941.41906896,0.04475433876443139,292649.40870048,0.010104452462219153,115078.14443885999,-0.02064448310364759,431434.23140610004,0.08650817253474236,39403.439959799995,0.0427719363739294,203119.66449119,-0.021906319093109455,193643.7633312,-0.01594214134217792,233017.71522817004,-0.01369570156904819,60153.46923223,-0.02314945913986562,29827.278111540003,0.03336295197194738,168302.70665012999,-0.01447200384695965,254691.08866297,0.0058560657253799945,310829.27985432,-0.01887801428127633,159892.83189377,0.016607271139586717,394674.30918162,-0.006453415750691722,84270.61920838,-0.008182056279962071,19116.099734449996,-0.008634793295645503,764487.3990355099,-0.01175864204649765,146198.30534537998,-0.03291472501510332,13590.92822018,-0.017206503728794308,88297.52663731998,0.017986456954734453,63962.229539709995,0.006066105848922934,36977.396950739996,-0.00415952469637288,32082.412113450002,0.008916141402148492,29194.05656348,0.0057201014058273145,125207.17641762001,-0.012688561145619916,52386.507068340004,0.0058799740932067605,36656.57866162,-0.037390143253447736,252040.17092973998,0.06393540006467183,10016.37530202,-0.029957205600447408,342908.2162627301,0.022459075994086468,25833.48224229,0.05089619544437662,157735.76113444002,0.044059762881967536,49976.39420621999,-0.0025628719801451478,79276.19961958,0.021730804447775514,27995.3607795,-0.007177495113164222,7595.460938689999,-0.043846056978602055,186416.12966755,0.03661481155805181,35707.67061295001,-0.0036400035869849066,30361.32986453,0.020011298064879463,8083.02353764,-0.0013699058432143595,65655.8349219,-0.017314360236575482,175552.36066193,-0.004244941991264111,7945.48776898,-0.013324571913640927,13320.221715950001,-0.018263738964511732,44760.77361594001,-0.0067580610780354,251466.30009145,-0.004088877176262317,103768.66429519,0.008408651938045231,63767.95744808001,0.05296742782455708,35865.586001519994,0.0006559211319178591,251399.47891282997,0.009374116730594292,21852.473994170003,-0.04351735791171035,90446.04575274998,-0.0069816415300559265,4851.48838758,0.012605278952690094,16433.18597689,-0.013632098587509476,106537.58980498,-0.01581104838806028,38052.53726291,0.0013550235838516562,2330.60584436,0.002409871835346739,69271.05591469,-0.0018332128118015625,6197.166015459999,-0.003636650689763147,15988.928659700001,-0.028247204145474485,225862.4597124,0.12816761869557497,4314.50775487,-0.004952557112501548,9766.7990926,-0.006356767174656685,7799.961361010001,-0.0004871820367177008,4874.864948959999,-0.016163474471603677,5586.11686251,0.0034147347265212286,79961.08809665,0.0017428904308908594,2344.4417289099997,-0.021361290074475597,37.48108227,0.0752838338311837,145.29418385999998,0.0,0.0
2003-02-28,-0.03728874323241226,14606.383690819997,-0.03035739062499175,378929.8254744001,-0.01677093320988151,842015.1630666001,-0.05684317907800523,302531.8954636801,-0.03549285899693778,114127.59875681,-0.02243832379264984,459211.15414058004,-0.06949051983716409,39950.39278084,-0.04051186576053469,201859.96757781,-0.03519889716469519,196764.38432610003,-0.017633760427613346,229595.63385006,-0.022649548901750603,59558.73157807,-0.029177577218735266,27800.278966529997,-0.02419899837914091,174261.54843762002,-0.014209599969411266,246992.20494564,-0.04754387889975026,290488.33298012,-0.035370880142139356,154282.79388517997,-0.03440545380513747,387753.47976873,-0.025111036179724128,83302.06883011,-0.02935664552199575,18203.64266085,-0.02902284048301155,751399.77597599,-0.019300620068301733,138872.55858400997,-0.06937960598918673,12424.047185010002,-0.03429194868178166,82959.99480622001,-0.020621105647673207,63681.32156262999,-0.02757004302124376,36864.88689478,-0.020125361167185322,31602.010464690004,-0.01535823711453366,28244.162466460002,-0.03257614944295541,120178.14771589998,-0.018247283620732566,52906.93358999999,-0.06426220817883724,33942.19298765,-0.02559205081582443,248995.99613413,-0.07286843670770324,9872.603606269999,-0.04271620203136051,339437.75169909006,-0.030156206701285267,26304.279606769996,-0.0446711561185645,157262.8563907,-0.03692352124579458,48191.27370418001,-0.034257175333822776,74021.96204625,-0.05008869458264788,26007.2976556,-0.013967336838020806,7850.72461258,-0.0001997067678328146,183048.75820986996,-0.01271578106946409,40977.64626449,-0.028940717610404915,30461.85179224,-0.048237732438841434,7991.01898008,-0.029217535679943975,66253.20133691,-0.0090807100011742,176772.08779571,-0.04665443877735843,7561.698546630001,-0.02020970583667469,13465.73602729,-0.03954029892073307,42641.54981486999,-0.013718169294249499,249677.46159516997,-0.0038695253285356297,104956.47785155002,-0.026297890223796614,59911.99342863,-0.04758794057645404,32652.40540991,-0.03783272371346755,237239.49581891,-0.030812216635077567,21504.984993780003,-0.007916408954105409,86435.177822,-0.004361853365875089,4886.62631662,-0.02480019220468771,16538.33716532,-0.04653224263825695,92738.74022273,-0.0037384530223944154,37852.89031498001,-0.021163144704846436,2207.15394022,-0.015443506212910218,70791.3815505,-0.018008159678317145,6194.2573582899995,-0.00046833958345172244,17461.15051351,-0.020698914195979513,214839.63654352,0.007347051938599096,4634.74771308,-0.006863492061256955,9932.23252025,-0.008896536966078486,7546.75086702,-0.0410695915231966,4498.07582406,-0.03288174004820948,5370.733570140001,-0.005812552323472737,77749.9552826,-0.005290075517940086,2370.62813422,-0.05801780019313689,39.17206872,0.1610819323370457,188.11470965,0.0,0.0
2003-03-28,-0.03260836475248331,14381.790117139997,-0.007886031911976208,392209.84523662995,0.0029741636020244972,859044.86261164,0.0032454006653382366,325383.02382249,-0.016170851100487788,117566.32870757004,-0.008782608857117211,466131.49225799006,-0.008652238122997988,43195.08923364,0.02623436689979357,212389.13480851,-0.008502336271689531,212017.63523359998,0.017849759053323585,237992.43334296,-0.008511080108746459,63914.702449920005,-0.006799583497264574,29842.899442350004,0.023931682828822198,173429.00341702002,0.007077711268785204,254534.44548020005,0.006044492216294733,295860.57484611997,-0.01911417010049415,162152.91443802,0.00012951785047081806,393461.25203362,-0.014408363634140539,84473.34749783,-0.02390389241405543,17207.5218003,0.01126003127614199,791076.70841233,-0.01505069234760659,137787.78477332002,0.004388424223141444,14236.953200650003,-0.012129070993444306,90362.21398083001,0.0015593657006679612,68097.87758614,-0.006432064678776177,37588.55792184,0.0023968256423357536,35034.06371248,-0.016582529552766734,26420.041669919992,-0.011256733596529366,127776.61702696001,-0.012998434848050732,55352.993118110004,-0.05277434797529809,32387.17137203,0.002169828072867243,265082.17148477,-0.05270354632508252,10092.73275689,-0.01036380346064482,370683.5279329799,-0.010222634111366327,27586.46574914,0.0023148804967242638,151343.95696108,-0.015359637208876698,50610.608493550004,-0.010687004283935146,75332.4910389,-0.027601756567410915,26688.126260260004,-0.020672706770564143,7772.24260788,0.006560998189730816,188800.32557931,0.009019165508808795,38235.19639320001,-0.020875805873124383,30790.47064666,-0.0313518308277028,8753.226031780001,-0.015228974633232903,68785.57892284999,0.002505006376987907,185281.29242598003,-0.030758819969097885,7553.9918672700005,-0.015096533768991324,13963.96232346,-0.011166529613595187,43266.65339240999,0.0171150940600376,261380.99473545,0.041635283523066675,114449.22385220998,0.004967356340890758,67442.92053405,0.0870622877713388,32660.37822638,-0.005143395190697851,251542.10254286,-0.02328479069793012,21596.497485750002,-0.0009563921548533613,77338.12122242,-0.0023627258494486798,4955.795781319999,-0.004446831677074317,17596.0889792,0.008918084343820815,99280.00670346999,0.008315129257819891,40495.49164639,-0.012410164574978321,2196.35911697,0.008955668071269678,72508.88061114999,-0.012257607768355216,6481.604124230001,-0.0019695959387571135,18321.94201493,-0.010136896444551855,217829.87623728,0.05936481479228638,5224.052898259999,-0.008352271677646435,10315.76832316,-0.005018522261382969,8020.291123520002,-0.040086891747320136,4549.84095901,-0.007450859280730283,5664.1499067,-0.004540990437236384,80935.08166583,-0.003402467513279013,2355.99425487,-0.016279459422501755,47.102550099999995,0.15690714959910942,236.61615257,0.0,0.0
2003-04-25,0.0017456579280004582,16018.551119950002,0.022755547898874417,417921.65350405994,0.025312261430986548,902547.8913815999,0.030251630025209402,337445.2566609199,0.00951002887402903,121398.40049049002,0.001286920391308411,466107.26204413,0.02267180044298836,43732.868997879996,0.05895038738262831,226387.28570854,0.021895281337281844,229096.44728572998,0.03460910130977015,256532.96328616998,0.012697504928107053,66048.38652105001,0.022608450752870317,31784.874300670002,0.050873555176590236,181586.06317050997,0.02874008367333209,272657.93959004,0.04310939924573608,284383.65084452997,0.0048445240891501545,168514.25162215,0.031695395706883595,398180.30119182,0.006098472194689579,85471.69631577001,-0.0008432693414569793,18638.38712744,0.02404221165817451,861090.7599296598,-0.0022880737605989986,140155.11692329,0.06081606476844565,17366.895127580003,0.004542100874337996,94736.25348257,0.02520590269544835,70237.38613717002,0.01747770927589065,38428.97166766,0.019504092133605613,36510.73665795001,-0.004571153502427521,28484.952827920006,0.010756017819289067,130896.64198105998,-0.0028070302734129328,56182.536057000005,-0.004116001885825043,38158.01169904,0.02233198787479305,278382.60746031004,-0.02410736325429517,10007.091891790002,0.016747785052374918,386269.04586853005,0.004320825162884397,44414.765453479995,0.019844013983722923,155554.53427881002,0.0029873936063875674,48165.59051717,0.003938812966500043,75852.77843234,0.0003379933888366664,27406.72661919,-0.002427101052362175,8363.41522825,0.006633738421940716,177311.26333475002,0.022116340195724855,39741.39334148,-0.003916464485116527,32566.79139012,-0.0033692304394723855,8840.95625388,0.00371267323193758,71897.29986895,0.009998506171045269,190327.31553929998,-0.01041303735226572,7759.52991748,-0.004635412361958258,15005.06176856,0.022729732145125994,44563.41776498,0.026511602407758482,262869.84164352,0.06489783092057817,119286.52234834,0.014889467268435767,70902.39388282,0.13082641625358707,32953.58249539,0.028227647386425348,271334.28212888,0.0008547094312181232,22520.583976089998,-0.009345078962970474,75298.79459186998,0.007417709851112087,2839.4012524199998,0.009426322893817844,17965.794634269998,0.041008207872589,110987.21158264,0.02206272130355337,43667.35088317,0.005344793168851622,2212.3458155999997,0.012963137780515417,72153.68818507,0.0037830071249936497,7020.04351379,0.0060287716388092724,18492.32769831,0.00611463548637022,219819.66736649,0.11156111745741878,6152.39808719,-0.008485510237673103,10617.936277460001,-0.005442743969271356,7935.72041964,-0.022794855528605634,4658.07979809,0.006610199588541775,5886.73294426,0.00970601486756547,89594.75853477,-0.00019836631881971602,2497.7469382100003,0.029498624094637417,50.22975399,0.1345607255263388,230.968001,0.0,0.0
2003-05-30,0.05870632817514288,17494.19026975,0.056186960837842394,430632.63120884,0.05060826482506932,942419.1804704501,0.10820638476134029,347253.26346252,0.044465475121084876,124980.09301477003,0.02534649265861507,496351.85468775,0.11049498895563577,46164.28082683,0.10409907095949984,238433.61436951996,0.06368935556963051,236661.12843440002,0.045922316596150196,270191.35968110006,0.04920496707634155,71124.08308311,0.05348074470997414,34705.65117575,0.11090805620606121,199425.29697924998,0.053625487766153966,279175.64576941,0.10084585054175148,332395.51235917,0.04931894041211679,194650.92159572997,0.06747432019600336,409141.92685269995,0.05307733185420724,90935.01089995001,0.02766170957464928,19459.125791699997,0.03535412485507251,875649.6898701201,0.03001586181248338,146027.59279726003,0.12669364246996304,18697.177927009998,0.054086672966584745,98927.59325487,0.06892704709673533,75968.57273594,0.051331113776302305,38814.78494249,0.05560103899000783,37529.22423292001,0.039368067767090835,31317.957952490004,0.03893607238358651,133100.63244115002,0.011601503369290386,60990.79189125,0.03887917654267492,37467.9809699,0.03536795328077248,275138.33407373005,0.043569049509444124,11105.24429091,0.027057511048707128,389706.10747394,0.032916550047387756,45921.69523837,0.07651734302750751,177694.43836322002,0.03776035895702887,51294.80835628,0.05831006801979148,83283.06660202,0.073929050581661,30156.96898013,0.010795952511690457,26610.55354536,0.03783438993799499,198440.84162874002,0.06581885298701537,45580.49741597001,-6.71459264605706e-05,33440.107871789995,0.062202557770395,9600.262079390002,0.03241536996667147,79295.12888033,0.020846287474267235,193684.11285203995,0.06350534866846733,8978.27734694,0.016183381112523154,16018.54863965,0.06865823530338526,46559.17018734999,0.052633211735131115,286219.40281626995,0.0929135984946912,128522.78540986001,0.049129699637747784,74017.39576781,0.20422781550691016,38899.79166259999,0.06622006107126512,278595.88848818996,0.04453423240961177,23637.55227792,0.07508459860316473,95961.33036540999,0.02043648103867343,2971.31793534,0.02152856307235558,18359.699304110003,0.08970138052067841,120687.9348516,0.050415119521325116,46076.419330519995,0.03898466813455414,2265.9096358399997,0.03842397920412242,71573.15580517,0.038632399949824175,7350.20618112,0.0058966708196298255,20064.29272097,0.04068574482104757,235803.88777753,0.15432973797912705,7418.46306916,-0.006309706735826439,10986.1106378,0.016086871386850648,8666.91818411,0.026696250744184302,5069.027256269999,0.022099051929497546,6166.79509851,0.027815219889989883,95994.3310324,0.01020939406631501,2886.4234689600003,0.0725173197496859,205.31399141000003,0.18390171611191422,296.42305,0.0,0.0
2003-06-27,0.053719878237167944,17916.16177228,0.046293554426829725,444510.83933448006,0.04759283689659695,997100.23636915,0.0975630986168459,370195.61849757994,0.052650927850216855,134743.94098908,0.023379397301139825,510840.5654387401,0.12270495569712007,50647.53071207001,0.08688201982014337,242382.06388537993,0.061069948097466915,253594.24940452,0.031407185825643356,277102.71344282,0.041141082170618584,71972.61773518,0.04974075744974176,38463.522195509984,0.1019350754690551,215681.70526221,0.03465729472986565,276876.78550724,0.09580370332959501,347627.10711952,0.05048660148835092,201098.58832485002,0.06743155235507844,433583.91671483003,0.051326929832984446,94504.92163440998,0.031728255714267704,21064.680788920003,0.042500756705785264,953955.9242145001,0.03126612651592853,151851.96415265,0.15373529234588645,21403.36919013,0.06714189539089675,110224.16565934001,0.06423850488972348,80079.10780771,0.04476477340506319,41344.21099071999,0.04634689405974905,39539.58454632999,0.05423072658187572,33927.44502263,0.036659415159785866,135480.58575608997,0.01546019028480268,60534.95416750001,0.049233768589162466,41682.35495997,0.029378654943255936,285949.37403032,0.07307617075476318,11737.756650270001,0.02545991362064008,419982.17363413004,0.040278136670858625,46394.13107034999,0.0764889543448766,189109.75928088,0.04563974005523422,50993.294169119996,0.0549419789707092,86425.16838272,0.08654933591102773,32395.05109824,0.011718464464464912,26257.71499753,0.03621592202177021,206793.64587875,0.0476065512024133,43123.431345180004,0.0023866340194694316,32619.08589341,0.08257157216387051,10230.52785947,0.029296197052916507,79181.74858986,0.01086284285749912,198452.89564005,0.07575876244129667,9311.43930219,0.023795438229536593,16071.61609254,0.06037371288139963,49316.54282196,0.04370388834090483,295496.2872537001,0.07315933198121079,133013.74996939,0.05253738480649339,78664.44415406999,0.1942778191221535,40691.891473,0.06045526479013358,298860.74064262,0.05380936897634706,24754.456230369997,0.07870513184348588,99572.45828335,0.025079767375217558,3106.35717321,0.01644525263113743,18742.35789406,0.07990898074975918,129934.43250108999,0.050790783933964787,49637.77264725999,0.0332363820917521,2304.1794495599997,0.03674980039551295,76350.87120863,0.04231684724129648,7612.08695025,0.011588955330354768,19584.428622999996,0.03461667304027906,241591.10784788,0.11189349966090953,6844.01425611,0.002360608556205415,10765.35513629,0.016297638631464002,8741.63054595,0.031155658380312215,5088.98950992,0.018277597401973978,6078.26930783,0.02536491457098966,98535.51890941999,0.02571487879656964,3067.26565588,0.05506573822397325,194.74544958,0.1891073452365492,368.71041900000006,0.0,0.0
2003-07-25,0.05850251783973021,17835.480377350003,0.046474579357684065,456125.58026793995,0.048192596443854076,1036651.43152705,0.09264678047186659,403833.09892791,0.0637055727786567,139770.1874818,0.014925176429557976,489892.79475557007,0.11405818672191238,58232.613152549995,0.06887288515562223,245667.46709848,0.04901700287555363,258067.63416958,0.018460379622246753,274913.04805365,0.04024495499976808,73559.4117919,0.03723569590499973,37714.27646151001,0.08698704475129553,222743.76311152996,0.03324250452140761,283592.13593291,0.061775575929357465,316922.44111002004,0.038512256895750205,185634.79896729003,0.060469964171343225,436652.44715772,0.041606100306812756,94431.23013306,0.0501763076126654,21779.718704259998,0.028163315145814508,858795.49128023,0.03106005510006532,144277.2733867,0.12705123726280682,22565.512520529996,0.05458894485864816,111119.2721654,0.06396440786208554,84093.74333846,0.045913396316655204,41035.154563469994,0.03624371947921814,40345.07563601,0.0840273779814322,34694.800370540004,0.04789074462098362,137719.19475219998,0.023330323208514844,63072.019239240006,0.04795127711929954,41265.16823247999,0.02050538000259849,294439.00248063006,0.08205679619226725,12569.62610669,0.022073980473722787,396122.32350498,0.04460779846807695,48035.853903020005,0.0788892488373953,193135.61413608998,0.03604034822332205,49792.69754696,0.059093656449578244,87456.15736493,0.09253895605311876,35348.46483738,0.01665863934010166,27323.4626458,0.03558415338008352,212496.67675945998,0.017754986149592426,41687.138030279995,0.014642355856073855,31371.001704020004,0.0699266535434361,10771.8045601,0.024619486744199687,74713.76083081,0.00674955149848269,192986.51183347998,0.07186533243577407,9175.542601349998,0.026406833895861806,16362.546009830001,0.061304180314187086,50437.30754863,0.03402134466883058,299401.80387040996,0.06573982746356608,144415.63746579006,0.05511774442501451,84028.69575577999,0.17093185621780493,42089.78438333001,0.06157604368474194,317523.76746439,0.06249731445600437,26209.881337669995,0.07606370546118611,91783.8420475,0.012443728032513968,3069.8564660399998,0.02798279694279064,19006.994189939993,0.046709594001037635,136595.42440165003,0.05322445380584362,52408.515648,0.036000298208342565,2423.34706345,0.04222406618927583,80001.14184192,0.04473324237653604,7879.7931109,0.023427405533111453,20719.588645550004,0.03133515089663999,242966.64757116,0.10793586279991088,5798.93940961,0.0033450470153228154,10937.17044692,0.019578679319776148,9460.732247420001,0.046709736182686284,5294.25600828,0.014230050694808177,6076.33585532,0.028791712157554324,101027.83391037,0.03065947922874222,3184.4367756899996,0.009783268400188727,278.9712887,0.16444148709031173,456.31378341000004,0.0,0.0
2003-08-29,0.03985067217911682,18968.28356574,0.016020462025980474,462108.35463847005,0.02275366969533154,1017740.89795524,0.06332127324876446,459113.85840786004,0.05175640975240838,153256.79621639004,0.012410226653004251,504560.3165289699,0.0661484858662626,65420.27855207,0.018677205210009706,248452.5887175,0.0345639393440378,277284.29400545993,0.002848076035499738,278978.81585289,0.019144606667650464,73044.57298136999,0.007512638768207031,37523.75499305,0.04236647882876752,223364.47480913,0.019119533190225056,282250.96946669,0.01081892516500859,319706.40320824005,0.00949794498730361,189564.12127148,0.03351407025276291,458295.62933917006,0.01850859759128585,96225.09837420999,0.038071497910512175,23183.95053495,-0.005472310629450992,796258.4208720499,0.010288552290553771,145100.21877565,0.05978642380797516,23324.663762469998,0.02389995289475448,115757.54099943,0.02758818467405384,84554.62761584,0.036730503664491515,44458.38767117001,0.022784459859970477,42244.81284379,0.0819873419837423,39165.0719565,0.027969111596253565,145598.42703386003,0.016006772050404246,63426.96637453,0.021308829652552465,44624.023144490006,0.016606238025561264,308602.77372741996,0.035178205535891106,13349.78087383,0.014384965318725846,428400.97269298014,0.031245989093161397,49371.78828709001,0.036687107183205864,209691.92322174,0.014440140885939506,52522.71768539,0.032763293711838753,92170.66169637002,0.056796584383625254,38596.75729646,0.011187751804088845,9662.79091586,0.018862332064830876,209663.54864976,0.0051637482021610216,41945.96490118,0.015513525704834025,32183.762264209996,0.037525226985440356,11538.443860669999,0.006534491207539697,76741.9424087,-0.0016105253937897504,188302.44645865003,0.039431650279261696,10284.80705252,0.01469236344300843,16738.450599519998,0.044758327674347065,56128.57046169001,0.014785782852931712,306259.10251628,0.04095850006791939,139643.02372743,0.034895407768182014,92079.27993789999,0.0856662294256397,43432.15894612,0.02704737460031822,320144.65156478,0.044484066757944495,27812.588147590002,0.041313019248161754,91083.41095236002,0.0007886925852712539,3078.30717098,0.01671580508712681,20661.925035760003,0.0026883075596654156,138564.7274084,0.04116541153512749,53986.41773041,0.03101068581947137,2565.86720987,0.024922737364670433,83471.61620168,0.02742289371174511,8223.053224819998,0.02655854894259047,21199.658008780003,0.007065830011823924,235546.20887033,0.05685651821295482,6005.59940091,0.0030736513858448927,10983.376161899998,0.0020632337243602413,9524.12884658,0.016630463625945016,5259.1029586,0.003712557281268151,6234.800347169999,0.014792898291272276,100918.83475737002,0.01326936913703617,3124.73488206,0.03629277885191225,320.75338103999997,0.14188115712397012,527.84508952,0.0,0.0
2003-09-26,0.024449093966408847,18819.693378760003,0.004412648511323256,466147.52415451995,0.013801659508616143,1050970.3183974898,0.05327826232096654,478406.7492141201,0.03790542457106408,153000.08431709997,0.007590753041237394,504510.43476314,0.05956918004468921,73257.72672554001,0.013870307254079473,267852.23223272,0.02481355021322244,281991.09115179995,-0.0007853573222105568,278454.83581605996,0.0107332135425319,76650.6841915,-0.0024419291239798635,38816.21006487001,0.0326315174415353,237375.82964335993,0.01169831742114441,295310.37133973,-0.003278132103101139,323413.36606805003,0.0008792398311051594,199869.43619056,0.02684689700250215,494396.51152625005,0.010243860638379801,97516.76711597,0.023960565607050836,23723.314282720006,-0.010833430073932202,826308.6409709901,0.0015698155026940806,147758.11934257997,0.03952710123939368,25652.427405940005,0.01169831012680537,121638.42667387001,0.01657035508145345,88027.00169894,0.027712267627759687,45797.74006320999,0.01871039898895912,44182.71905451,0.06518201990349096,42201.64843243001,0.015465844906441447,141063.31068788999,0.011014022494573852,66124.23436011,0.00872574548625624,45326.92754163999,0.009658074558097085,304877.93251673004,0.02431919086646131,14194.70380752,0.006975196365244246,442009.2979857,0.027976220072254854,49822.886042189995,0.03033527272950708,230016.32274164996,0.009703177744484755,53059.879891820005,0.01895174755151958,95331.20153445001,0.03855374714120466,38717.39961748,0.006479834115624293,10163.609250399999,0.007969941985734141,213008.17454991004,0.004265372024086814,41429.78893208001,0.012570927480568947,33136.19148728,0.023223339521750912,11975.90776899,0.0011135703520611397,77828.7216801,-0.002897937260763763,197080.08162981,0.02146766780017497,10368.64794338,0.009001384813754383,17355.193567,0.030232767683022275,55352.72968101999,0.010792690274266246,319678.14337288,0.03231942662936733,144788.668037,0.02599132481984344,90489.31935425999,0.06244783940425547,46522.11884832,0.016454419401765695,338668.56585546,0.031143537381471856,28311.45935214,0.019442849038574773,101117.34403934999,-0.00029815224223894796,3180.1136619500003,0.011787478822604287,21165.72578323,-0.004565392534936751,138965.86866722003,0.031029245722722556,57393.71060040001,0.021017770733174068,2575.67320485,0.016600029988358227,82096.98905962,0.01816748644396381,8517.226375369999,0.023542745160611386,21728.41426757,-0.0014184303229689086,237155.6958607,0.05587716044126523,6755.419859830001,0.00453597522611823,11750.506918609999,0.0011086381277065761,9507.05986478,0.006176625142545885,5801.1721036399995,-0.0006055081333726847,6526.633346979999,0.008360672719114417,101843.04037771001,0.0016099041429420116,2748.7156482,0.03072848010189972,369.85899642999993,0.1319582902499173,630.7170132900001,0.0,0.0
2003-10-31,0.06176028446228156,20548.455196439998,0.0121756821536987,479667.53758935997,0.02735748385250351,1081128.23273526,0.08504114572484485,510726.65142943,0.04678105035976308,156305.68977034997,0.01005745215827737,516523.39377926,0.06105550351949651,73572.27227649,0.011016033919301699,263108.30210664,0.05374065639303334,304518.59956925997,0.02431008865497514,286592.0272385,0.029351488481851484,76587.39946676,0.0011454106120074386,38665.56500478,0.04425048619257959,248252.91622165,0.03257195102501054,313394.7369389,-0.004086386781935025,316874.61742838996,0.008020583087850265,204055.39759769995,0.010029155048594274,475636.52291943005,0.04110483114983265,104211.24262297002,0.0458020029785124,24449.413684419997,-0.005967661982569105,804940.5006415102,0.0065620079130538425,150777.35420161,0.04715444205346843,26465.359495610002,0.02736764081506833,120938.68790306001,0.02274487564162047,88531.03890956,0.04035299248832762,46618.24129935,0.048192000923675406,45433.7399003,0.09379118446090132,45460.44808128999,0.02747143138430493,143474.08692359005,0.01829747692089538,66742.94002626001,0.0217275575112517,45956.86907128001,0.018428752536831444,309576.9620331299,0.050780823977706044,14758.659119319997,0.007013613404987443,410369.0004705,0.03758860220070265,50606.812556959994,0.04046645277170746,227635.36768632,0.014894766675985917,51864.782469770005,0.026417579457106703,94911.68654184,0.04741124147103733,38421.75854521,0.025056285454643185,10702.53571828,0.027233843101512174,218600.0463464,-0.0006525993470781821,40193.263987880004,0.012494054950610274,33518.120171819995,0.036925175000880175,12640.546873070001,0.0060277711021393355,78326.04704556,0.015701589911611247,201262.99810844,0.04866387642757302,11063.67781187,0.022991813377878513,16268.513682369998,0.03609604704311745,56011.881303500006,0.01688876883983793,318405.78889111005,0.007160507003266079,130478.47838307999,0.05048632027983102,94739.54651808,-0.02886147296578124,42539.673553329994,0.031044188658131588,329210.33954867,0.03613918766701658,28824.00812354,0.022470872781767834,102966.12419879003,0.006075762990072326,3129.6200092100003,0.029391650235372324,21534.80545862,0.013249147130571964,140699.33242541,0.046608597231123795,57583.00495743,0.0339275465776561,2678.86019801,0.04028668809539524,87241.09521454001,0.026114491220855438,9829.09034833,0.03154939402893256,22527.903591500002,0.011670798380429427,244163.46348593,0.08814493994120691,7123.26380835,0.007566591410232137,11738.612897729998,0.0414581518173844,9965.496087700001,0.016394313882210788,6575.20024149,0.01547608589441471,6614.69665906,0.04427437180746488,108055.85238889999,0.025784491448787028,2989.4696471,0.056112519778853745,345.09033107000005,0.0151120770243649,485.68461382000004,0.0,0.0
2003-11-28,0.054028544330045274,20851.71897782,0.01529482132720161,479719.58641292,0.02883962947976857,1106256.29341712,0.058617794175921924,560276.9284489199,0.04291202083174179,163696.29504989,0.005167679779356185,506984.07973302994,0.04225460613372065,78813.44096742,0.011323267311024891,268272.3543779301,0.04571723667972273,312400.75290110003,0.014228907349347664,282779.70837441,0.029346477450254396,81768.177455,0.00788006487833515,38940.01992557,0.027905813490098977,251935.57176453996,0.03313094183186141,312116.76169644,-0.001893907909503694,314549.50864484,0.015309856732491318,203988.3302247,0.008923813697773605,474520.15645467,0.039473596005554744,111023.53768352998,0.044228747410107315,25977.986390269998,0.006166919390713469,825263.1219673799,0.014983222364744368,158008.04524383,0.05832632395973341,25809.63909029,0.03643931774919994,126273.51993087,0.015229283315335825,86211.66122309999,0.03733263683006158,50581.26882168001,0.045776559901571034,47220.383959529994,0.09688934921942141,49623.08713906001,0.030403369277819565,146917.78071677,0.022010132250113598,69963.87746768,0.02183112842495987,46474.34465902,0.01593287621325208,311529.71463945997,0.041858288932548594,15201.862825929999,0.00788841204720213,421288.1569348099,0.03154695209464468,51607.252585910006,0.02918427503743974,251438.88526874,0.00582201651790591,52641.22946816,0.02929098859576669,101276.94275718002,0.046869879959279694,41069.91587617,0.0304368730870358,11143.80571433,0.03466177779918412,233234.89389475997,-0.022289222508329175,39507.428230210004,0.01073937896293034,26167.65835439,0.04315546250203793,13336.2230922,0.007953954788042145,78225.25894963999,0.01938443733119943,203542.86792027002,0.043536201754914156,11387.35648587,0.030048641231096997,17212.85396085,0.031493111222981256,58240.11434805001,0.016875943537676137,329781.12582582,0.003535375085098078,137111.33844228997,0.04444581976398305,95717.35212503,-0.016726122167590517,42818.619751649996,0.028160376247649672,335872.575305,0.03992378172734721,30632.21385094,0.030382712603782846,115025.03926785,0.01726604227392907,3390.28350877,0.027139410032917553,21966.77102793,0.007912338558307528,143571.61334982998,0.049336219303016085,60919.07061068,0.0323410249587326,2710.1697039600003,0.03293571421979682,90947.88168768,0.029065490649506955,10114.43957162,0.03523215479683813,23932.70558143,0.016277596029087196,251133.57324723998,0.0728485160183759,7328.20613911,0.012908578262757361,11281.053709930002,0.04160578871513566,10760.73340823,0.03323171470647327,6858.59577832,0.016546084491324768,6608.89424369,0.045963335171803746,112125.73415892001,0.02809890917578566,3218.1478096000005,0.016128792971493153,352.07413356,0.00708872183371624,485.8626887800001,0.0,0.0
2003-12-26,0.06969758996715643,21220.7661627,0.030422184177026242,510456.5678600199,0.03502737571838621,1137127.2929031102,0.09950396898616666,532090.2230930801,0.06157447890842742,178089.34498283,0.025191562314913048,568221.7415276801,0.07230054837901359,79755.17848725,0.028562376870820208,277495.52217773994,0.06518792291323243,295073.26260804007,0.04396199407727694,300119.73483239,0.046565635104596784,89351.16779831,0.012325169808205843,41113.89164013,0.047716276862173765,248395.58435602998,0.04182600262830118,314446.38793342,0.012681827013018563,334644.96678392997,0.013838792707261238,216158.63475163,0.021402251991304945,497881.85288266995,0.052789116325623,114280.40255256998,0.05655049402288036,27861.88293515,0.009000938530701172,845427.64366094,0.008864932730641234,161033.25562564,0.04425985967035885,22903.548977299997,0.03146762682514832,128110.00816045998,0.030537150774036938,88719.83882346,0.05463673329707911,53654.11981002999,0.06236585642806588,47836.891116440005,0.08819845532151753,54691.15069941,0.050852213743794235,163130.10979597998,0.023373139178259575,72571.22817981002,0.06160556391127772,55538.955075679994,0.027502893945628975,300267.9335913301,0.06375812190981135,16863.47636248,0.02978795069424284,453151.31941345,0.04311767516108733,52639.14507698,0.0482366825777722,257049.00399887998,0.03232801845958347,57650.677634600004,0.033953996758748675,103738.82786147,0.05356716929940933,43069.220904530004,0.03980245383684984,11943.70265102,0.032498524092550704,237390.86883726,0.021789105806524846,45514.50776921,0.017879555184013945,26982.7615074,0.05479218048536999,13962.056147109999,0.011448125097823787,82188.59953777,0.022402767740054962,206054.86948935,0.057660646779600054,12363.567143389999,0.02991240047201939,18053.053950819998,0.048505562345407156,58619.07601674001,0.027620609322702938,341039.7205702699,0.019828517049839588,139224.97926592996,0.0647052123480997,93247.69339988001,-0.018347239894778992,43807.686759970005,0.046538239375544646,352727.73019651,0.04351083695910274,32026.198448880004,0.00133937267955344,123271.54609109001,0.016533231742773775,3557.03247774,0.041037632850461886,21859.82946709,0.047371799457033376,155132.96791261,0.044099603985257654,59465.37510587,0.043398132967010256,2931.07762636,0.05261311972739019,98354.30005332001,0.03505673539329649,10370.45044117,0.03503188636766344,24136.21934348,0.0208510020750344,258412.18983655,0.08383044397555539,7592.6749193000005,0.011143061499364847,11948.05076165,0.052686742268724836,10844.347830120001,0.02358397146014235,7332.756271529999,0.026444147402757315,6774.51326793,0.04832806275816715,113305.84796755,0.03597160063245816,3301.1137242900004,0.07089721244635676,374.49429516000004,-0.01307208117094912,428.87128179,0.0,0.0
2004-01-30,0.03453440417091018,22135.77428637,0.024580440553478865,544586.41324446,0.024593958391804394,1180025.85422706,0.05789487524014228,588715.07749415,0.03450309744157271,181295.60410084,0.020680435605407513,599493.8172453201,0.06359416857787818,93012.13689063,0.02843006674127165,297997.3892458399,0.04052343425912013,308287.38347041997,0.021942111003650813,306595.72964063,0.0271064870359387,90419.66215569999,0.010473291794730138,42386.66672093001,0.030775362874128673,276872.22081572993,0.03183409263295768,342902.50104804005,0.007303784677142109,363618.83373612,0.018946132456553223,221335.19359298,0.02464421126344978,536772.7888841301,0.02921164615674896,115473.50305912999,0.037925720260678114,31190.72903428,0.017213952658295405,898418.0117045501,0.005614455561432197,163584.82688449998,0.04508245060214539,23257.808290960005,0.032804905066252964,132851.22043991002,0.030130776329153924,94542.65783232001,0.03180348558070239,56384.547008320005,0.037985898230429437,49105.87011995,0.04454818082380505,53241.036712140005,0.02667354739222361,157260.28192277002,0.024504313625521315,74775.55496416999,0.03665128051910649,56180.37114911,0.018406825823476147,304638.21181479,0.04342667440649801,17916.03820468,0.03419351012287117,493271.9630621099,0.03485606721734866,54906.799058330005,0.05238684260701006,317403.49866456003,0.017421816122714612,57444.10542318,0.022179839182781748,107524.10186169,0.04737873513558991,48171.55363332,0.04205367639973854,12747.38311797,0.024753915037990883,251840.64736025,0.019724780553494622,49216.27278943,0.014203502644423084,26334.183908559993,0.03706309238443016,14265.46639342,0.013418561396144656,83854.12689898,0.01812019872859608,210411.90145674,0.03575834671226582,13615.97523203,0.02839972287670755,18518.88584077,0.030023900034744564,63386.38541073001,0.027821966583210272,362356.52722897,0.02914590569658688,145430.41207549997,0.04640362189368809,103353.35356666,0.05243396783333666,53291.29529629999,0.03505058174037842,375574.81824586994,0.03315997536629741,35174.10511011,0.0048457696714170285,123963.9594969,0.01941551535529818,3678.92168912,0.026654065661893406,22950.15766606,0.03193364523626198,161520.90456975,0.03937630397322922,65177.61420415,0.018090192356968897,2973.50504483,0.02686138051774302,99522.43840859998,0.03255971597804338,9797.80268849,0.036140504373914306,25602.148919900003,0.011224659114955217,264843.70104494,0.06669486209168238,8852.04320036,0.021193928412573095,12123.61879022,0.03719939331028868,11091.125056240002,0.02315202081868097,7670.71548856,0.016782472815144295,6873.135679829999,0.020209071732328943,110657.35242363,0.023330865268470325,3853.2831093000004,0.06194824337884892,476.94665776,0.043092448810468156,416.45299804,0.0,0.0
2004-02-27,0.04032181779342121,21322.46080111,0.038362227565014874,565464.7065974199,0.02293355714448316,1167465.1783147901,0.03411340033289249,544616.62731397,0.03933140047350678,172809.88003024005,0.039003753045355506,601314.1351483201,0.031090202334515094,86178.15886451,0.01684888513123475,279682.64292161004,0.03935073382497882,311014.30153635,0.02003919720714653,287092.86459093995,0.02737827957888127,85803.83301763001,0.022140967368876767,40829.7234051,0.012463656556669053,253788.35895484994,0.03056273637085749,340519.27302504994,0.013019243132238777,342018.26941773994,0.027137750926699837,224824.33083929002,0.017030058512585104,499241.23249133,0.043060513265326554,114664.68521165001,0.04152887547240854,29308.141451890002,0.016016105902868498,898867.30998555,0.015965833610323724,168868.26538411004,0.01251624965660482,21525.27136709,0.03339363176221144,138094.33506684,0.030214096002090754,97147.47015699,0.030760049871635012,53011.947096610005,0.05115458209616194,51733.665484799996,0.06686413667978673,55653.48976172,0.045503104643046986,162289.78503122999,0.021660996294876746,76239.43686178,0.0558510946563796,52867.135733259995,0.034083169149976306,325156.65226564993,0.06126295140092674,18177.29420237,0.03728268839505746,483608.3698871901,0.03452880064893425,56010.99362003001,0.015080895470068665,271487.52165514,0.043649710361370615,59288.76353807999,0.022832650995790144,105385.08077721998,0.029990855523711273,47527.52773868,0.03418255210820051,13013.397483860002,0.017126544032461586,252092.28868652997,0.044334933556440206,49160.13946818999,0.019780709937639,27033.14130071,0.05584690865195257,13962.033165200002,0.0213451254540082,85322.52466476,0.028245501347034983,221258.54790035004,0.044077351133280276,12808.162366089999,0.024651439478578473,19403.72398346,0.020082080892637955,60050.75707805,0.019490711434914383,358446.4424277,0.03152027286330248,142731.53593022996,0.04731043164878239,99882.17470958,0.05310726079191178,58758.499684379996,0.03872668181887243,377567.79132679006,0.033995384940946935,35496.9592523,-0.014811438829798226,128161.46834609,0.01432388337231336,3651.1803349399997,0.026948644861374677,22682.68119104,0.041127237921799106,159129.67681966,0.017562405102080705,64939.80743341999,0.041124683514077824,2904.90511134,0.025119455108711608,96625.95840919,0.033980461715091025,9997.58234127,0.02847888520482812,27232.276213429996,0.020162341353509264,276688.67254189,0.04309171763312751,7621.23385054,0.02115978029423595,12330.04689448,0.042884565733461735,11472.990057140001,0.027061436941434695,7947.64944526,0.03740721457987503,7111.09556868,0.022167030506439953,107870.43133615999,0.027050181380920062,4122.7938893499995,0.0724210321997003,433.79930018,-0.02815936545720566,396.58871933,0.0,0.0
2004-03-26,0.010087625473034477,21923.76692845,0.017562630004852284,548234.3977193198,0.012596676569458481,1148365.27776295,-0.011599784948915023,503430.16313700005,0.016637602130969986,168489.52968721,0.008644717056214833,595479.7037136299,-0.002586980687261235,78888.40970627,-0.0014187846394062306,267770.46148933,0.012813748275620405,305281.56578968,-0.005612674175230171,280672.0138636399,0.004449724695920907,84483.84837264998,0.0019386775938275724,41075.48431606,-0.006662905248565365,246009.43252738006,0.008348283487254114,329825.04506643,-0.009377985479868066,335802.87258803,0.014570658177238675,227807.79191796004,0.0043233974933823,462367.75657515007,0.02001671923584131,117819.63938451001,0.022778010100058907,27863.594009340006,0.0036836384947067312,831382.30489743,0.009232393092990851,167134.68259242998,0.009627679627803915,19365.268959250003,0.022930037942584473,139358.0969716,0.009026001738540032,94657.82904415,0.006870446775870582,50577.800843680016,0.02044687738777374,54012.84488810001,0.04146644582370686,58000.22506028,0.006487997787110812,150111.10026319994,0.019263545803483058,81480.56863922998,0.03230956547551282,48916.39618348,0.010899385130792966,313081.71098994993,0.03955273419630419,17883.128758209998,0.010535591026213062,435560.3608741201,0.02516573729974308,55555.00787474,0.012950443465523443,260336.74617784997,0.011721490205103616,56284.04062165,0.0009489154116090288,104990.60819013999,0.005679802521606086,45895.35737981,0.042022995185487244,13857.2365297,0.0011769977522968205,251386.43261175,-0.004992982964675841,48375.422669880005,0.012944928752992758,27899.99493742,0.013027586271153567,13792.452632970002,0.004570233650353423,85745.92280265,0.013171797476666417,218792.15464532,0.005450746819562777,12390.189208749998,0.02439361046632298,20729.53564131,0.005435717585861808,60140.7407167,0.006387650153440994,345303.22745957,-0.0023584559430536146,139499.64650369,0.006223985504482088,95617.55783823998,0.051347303261065985,57593.76929283001,0.016565255370122645,366376.97532962,0.01984062923291162,34986.73762629,-0.007517001585021963,120046.96018718004,0.005224809596653401,3449.33045349,0.009308869763123962,22110.1387033,0.0139222256803473,151817.27129504,0.016166411442989918,63036.197724569996,0.0008024122630811443,2805.16739411,0.006055699080404174,93334.56049005999,0.014829670296690025,10218.158921369999,0.03144766654596886,29000.35523064,0.004637897884241921,267600.0117702,-0.006530678444329657,7275.503593179999,0.029346966971937533,13057.62739315,0.018651727886539307,11465.74089414,0.024144364701763454,8039.173558660001,0.0072552518395126815,6842.5196725900005,0.004865465267530833,106825.84038429,0.013017386367691794,4172.94605598,0.009732455622761205,438.01337796999996,-0.02527150431927409,375.048857,0.0,0.0
2004-04-30,-0.005287954014383233,22279.55493708,0.006366222914376827,576166.94014649,-0.012106823272831425,1167933.8451025202,-0.06112654887085621,517249.2325369,0.01469711702867453,187383.58194555002,0.03835677307622752,633621.24649211,-0.043842770944083946,87224.29208554,-0.025877134024817526,254078.56292948005,-0.013403111544991169,316761.55115232,-0.013683785536280043,295247.98384043993,0.0031536152912567425,89792.13282561999,-0.0007742380280789652,40815.19882667,-0.03935037591309182,251042.08277188995,-0.026946593881637615,316176.49420923,-0.008407534096180086,351360.79857037,0.006409834275737144,225905.36749376004,-0.005678732872275923,507997.32945459,0.0067966863444784715,118125.21930483998,-0.002095855054427688,30104.008950030002,0.010374964879121623,898089.8228344301,0.020658051116169338,177646.44800527,-0.03864793597622128,21536.835654939998,0.013439482954126948,145501.9600754,-0.019146213558603405,92263.31591992,-0.0015260766733651652,54028.871096899995,0.010862010011401782,55829.63254419,-0.004481130393172633,54223.732029319995,0.009190981684352367,166632.48173904,-0.022959536208115614,72742.78189175,0.04191290461065767,56545.06294368001,0.0001518546132009567,316357.8723661399,0.04094914418130947,20295.42915095,-0.0020116050822946833,464204.13125711004,-0.00873268953526571,50863.64637953,-0.043794285649986435,278051.09593893995,0.015157841546371172,59630.81999342999,0.0041969856001492604,112286.83498218,-0.022755723483835467,47566.498865949994,-0.024632845451827288,11775.927960489998,0.002201007944153786,262786.72662426,0.023349365571444264,50920.25276554,-0.011951070371705341,25919.62468215,-0.00024019354316362056,13623.821532279999,-0.0020521659291146094,84676.13546296001,0.019745842567555374,225127.59999469004,-0.000905844956508999,13700.28964973,-0.019960499263095628,18387.688602090002,-0.006253514489843681,65189.853832699984,0.008666187666704623,372259.5299766101,0.006469936633587033,148082.64301362998,0.0006462166747855688,103594.02202971,0.03992237855009585,73187.68971127,-0.022619912574843908,354807.13307392993,0.020281062002457145,38976.04275131,0.00012294868044664483,125835.74326828998,-0.0051884749546749894,3527.9769880400004,-0.015864697591855378,22710.31568982,-0.00254561991047125,155755.69036326002,0.0008326684345483645,70212.42451835002,0.009165451391654346,3003.311417,0.01881065611971739,102098.53331741999,-0.014163303108450688,9841.82060179,-0.024839352617442356,24668.31931222,0.01492086198103171,281622.14405343,-0.04603896855055764,7370.77458307,-0.014071236058474884,11309.54347775,0.015440758404851963,12870.82658756,0.001279797585385587,7663.151116410001,0.03243130508863465,7557.98500047,-0.005883928056098395,111369.99671579,-0.045010898059580653,3645.84549192,0.008433261784246141,502.60705359,0.01645828646713801,431.99185303999997,0.0,0.0
2004-05-28,0.007730158417361812,21628.805561819998,-0.006588792988787935,557570.5539285099,-0.011535045230234825,1153328.74225542,-0.008251161505006275,504240.30789538997,-0.00039014731205584647,177639.11047171996,0.015748902831383676,627710.53998604,-0.005764303271575958,82841.48289319,-0.009343951374587255,243399.08735658997,-0.0021178835605450306,302593.45978711,-0.02624501047685184,280159.45803228003,0.0016011311816957233,86040.75803861998,-0.0019615003869678654,40179.20670185,-0.010184714960502429,240269.14237175998,-0.004467491540243123,317862.36902415,-0.02690024655938979,334551.06658564997,0.007085406311150145,217786.91965487003,-0.004871842139555306,477750.79911628,0.010969981088981793,114765.24415863003,-0.026036104380785983,26824.328343420002,-0.013369890485115037,859939.1040315,0.006498623181852004,170349.46533433,-0.014098211023741772,21383.39022411,0.004735797323283393,137929.78674431,-0.011273256935896052,91077.49639188,-0.004345175757774615,50709.64098395,0.012828067698953224,53482.52158152,-0.0026729782605747574,52094.352482860006,-0.010593304744266459,156462.67234738998,0.0011219132412271292,74187.76040714001,0.006483086362582047,52327.29804369,-0.005959715781022624,303252.91728290997,0.0200819293091918,18812.009580700003,-0.004920204015836626,464112.2475289,0.003894849965955343,49721.745819020005,-0.004389403580580146,256317.74862641003,0.002301334401236659,57392.3398715,0.008449810369283732,107131.87970044,-0.017152550800409453,44448.581522889996,-0.019625706267048976,11389.52257677,-0.001035149656315548,252141.9621292,-0.0026944845272759573,47501.01333752999,0.010198785273722144,26219.480003580004,-0.00614422864963327,12804.665166599998,-0.0007178866040695097,81172.36120192,0.02202966599456926,226717.79758112002,-0.013469817942888537,12937.153297989998,0.004460077094360908,18922.321767190002,0.004245661309010871,63207.34369211,0.004215819141077886,351753.00759185,-0.005636008719497666,138580.54881098,0.014480232189359678,100729.67799488001,0.01263885258438209,71676.48257509002,-0.02307245520609373,338651.58578776004,0.009626912074193441,36683.48280386,-0.03887688912655691,104323.03593929998,-0.022238008539446574,3283.28930908,-0.014711597470285293,21432.29186061,-0.010748116220207521,150484.70934918,0.011153816701847692,65549.09611102,-0.004622478567264134,2822.1686528500004,-0.005806320998765787,96679.55289021,-0.002212181157272082,9748.280421070001,0.00015571670243641304,24778.010184900002,0.00809721650170488,277169.52079683,0.010751855510131934,7674.97480084,0.0140187507133234,11436.07266969,0.011330916920520968,12556.887225879998,0.013011452901877999,7736.950379190001,0.029766048928093987,7556.608887029999,0.002891058157096043,109538.60346871,-0.03863487797225476,3858.9340108499996,0.03272935143054123,445.89127351,0.03608840305478038,462.02574109999995,0.0,0.0
2004-06-25,0.03438897404632908,22610.52138799,-0.00014745362174577883,570718.8187237001,0.00045985164703491095,1179454.19663135,0.03241574804892201,493721.25095632,0.023511850144859275,187417.17061006997,0.025826696072735907,659727.1510388,0.02458041613802023,82328.0774564,-0.0013093060500243966,249213.05681227,0.02369187567119246,313717.66630025,-0.014993324300904864,274995.50934707996,0.012230085685313663,90603.34638583001,0.005347234766737205,41739.11019122001,0.01551567409068773,245542.4416564,0.012209683225913348,328567.36683122,-0.012171557958971176,331197.28304476,0.008241765899732807,225984.86530130001,0.009106936115232077,500258.45887296996,0.020862914003192717,115785.78183896001,-0.0036027793189382755,28900.318023480002,-0.005743919774590815,873299.39036318,0.002845959680257212,173372.78505374,0.03720700493339931,22069.666969709997,0.015276239246159484,145374.45925594002,0.006916747616709438,94490.14888802,0.016353691099114578,53023.90842033001,0.025502506994796132,54860.53769798,0.03712392268820053,55310.70132927001,0.007123197666535966,164234.77824993,0.01363117628881106,78644.38727431002,0.022921548808633663,57364.43743547,0.003361780603206753,313760.96116372,0.03650619185612521,19837.83761698,0.01874031351009279,494387.6254413099,0.022617452730353677,51692.59018313,0.016777200090986835,261493.39516271,0.021144573152754982,60672.23880207,0.017885204332698017,111096.03308117,0.015253452877031245,46490.43402870999,-0.00760772030366404,12156.28157163,0.009603880980121118,257755.14760308,0.015049857558493803,50374.283207609995,0.0222530434529454,27727.09371201,0.028010266376999306,14320.20595693,-3.52004131520681e-05,84125.74139691,0.019180542519410076,235811.31925901998,0.02061031200116139,13882.71086854,0.01911219176624246,20386.474893159997,0.01780823720795006,64044.43009133,0.010037573454239232,369695.97621061996,-0.004476613454078642,137136.53228361,0.040280914852654684,106226.37268223,0.011044016715413076,72482.20040416,-0.009095355369190025,333869.25831491995,0.022544392704236627,38878.476139289996,-0.037972894203811884,110983.47559815,-0.017387383179942803,3318.5666528700003,0.0022803931957526536,21862.14992548,0.011001201654895322,159586.94602423,0.010745530218945327,66968.35789417,0.020434682207894163,3023.53649916,0.012050589434625916,103323.01785921001,0.016496422992160316,10362.899722549999,0.014578714355835656,26796.79487722,0.009961476814491629,285671.35656591,0.025211867331385647,8582.6216986,0.022362869575931837,12222.68086665,0.02267039449005323,12930.31573922,0.009139256888106179,8084.51297335,0.0458448313743267,8099.92511584,0.026424506765200334,116778.23641978999,-0.0006670140932654436,3878.95564312,0.05888041697415561,467.81599828000003,0.031233359390125774,485.7129668399999,0.0,0.0
2004-07-30,0.02342934486470486,22882.341631350002,-0.010939065997284962,530188.05675104,-0.00016895505505764782,1159798.8638156801,0.013485374943879228,436348.69051473,0.004191006682623726,181288.23614274999,0.008800533774692138,667493.6034704001,0.01614445926008353,77598.95983144,-0.005992737560995917,232217.08759399998,0.010272488495740842,287950.36841679,-0.030675737111061915,258588.22527397002,0.002643371290753324,91652.74211182,-0.0005552193091659781,40914.49447961999,0.013751875228712946,237965.61868476,0.012964853332555488,326233.59023955,-0.01318494496584437,336223.4510968,0.003212216488682775,224563.21925447002,-0.0002290669822046054,475282.81195852003,-0.00047125759724585975,109820.88441918998,-0.008982405439810926,28435.55986408,-0.024204801562538448,805876.4115629599,-0.008678346124977946,168934.75425963997,0.020035824492997352,18975.04375122,0.01416188157416526,145074.05252066997,0.0025568622754860624,89740.21118715001,0.0054740828483961414,53224.545141890005,0.010965190408130146,52636.7532047,0.033164316997892074,56226.25548394,-0.0074811302303884235,159528.82341818,0.01465582206047615,78742.78937513,-0.010869667740793811,54187.03235271001,-0.005333840513444919,297475.5469649,0.00883223548157596,19093.96126855,0.012569867675564082,500577.91375856,0.01957303829012485,50912.19011904999,0.006243282950878361,238778.3346916,0.0032763870858130324,59601.394397619995,0.004648343203918589,107665.81334815,-0.004173917000376925,43802.81460635,0.002553522208805671,12334.93042045,-0.004737541894423351,245237.33317518,-0.003954670942258758,51674.20308281001,0.023318054832693526,27377.86386635,0.01035844271195929,14198.64610227,-0.0054057994327584,83503.95084472,0.004614125094678421,224308.42491948002,0.004245940701529503,13488.191660710001,0.02778245287691527,20920.01145074,0.002936842159305723,59128.953374799996,-0.0035851517702575014,344092.56505001994,-0.012495852331584685,133339.73595248,0.028882574211670894,99440.18751444,0.014513827206558185,54806.51717081999,-0.017829916724791138,313836.24614617,0.01262144084621966,38423.709943459995,-0.048196319507241764,109643.81262893003,-0.024998435184752872,3156.88042647,6.29563545291328e-05,20956.797611550002,-0.00853773664665816,149968.4744654,-0.0007214077462232415,61424.62992189999,0.000844953672609971,2871.43798819,-0.004128605290478373,98878.83099506,0.01874563127006674,10390.16970389,0.0239554226949376,26003.176991729997,-0.014321640257757505,257623.09861662,0.02575241784402957,8352.5657914,0.028826601794867922,12194.63385908,0.001203838308663455,12180.67620428,0.007846245611451908,7958.1253541999995,0.019299965320010354,7688.303027279999,0.019318413674927284,114382.60709313999,-0.0033740625152120325,3862.14771092,0.005441118974091866,497.46327945,0.15133050554845584,610.17181837,0.0,0.0
2004-08-27,0.008953159369804843,23593.387530519998,-0.004660081286964376,532434.82191711,0.008102173241799997,1200526.46324895,-0.035188208495770916,432661.98841923,-0.014039393890889738,180462.97331639,-0.004121633606906924,656191.4725496701,-0.019758862453042737,75899.72391968001,-0.011269242574501723,233610.9939152,-0.0009712674504706154,296278.29082369996,-0.025135164231427275,263289.15824834007,-0.004742536859497797,91020.66601472998,0.0020120985888683225,42546.47229779,-0.007429185593121773,233111.36452804,0.008061101702943182,334869.6567139,-0.00507254070385484,341640.42037164996,0.014245427278774873,233448.18402091,-0.011088147457025166,468407.77716058,0.009783963911816464,117452.92604297001,-0.013111208529473851,27938.552566560003,-0.009376342909269357,817286.93197293,0.004101678457907918,170901.93479237,-0.004749998208195131,19738.889744690005,0.012793217032342888,142272.58117507002,0.0019302770309960902,92367.45776331001,-0.010767587070028221,54322.10459113,0.01121105686786484,54642.411059039994,0.012277383911374938,61065.42933754999,-0.011371591011866446,163969.07849356998,0.027051327012946155,84547.74975661999,-0.025622739167637663,52644.637583979995,-0.0017782929356151926,298324.23250817,0.009894765700270829,19927.703496199996,-0.004447553999976544,507699.32835135004,0.015008772216941609,53901.40035015,-0.0077623732488233356,230734.34791638,-0.0071950397609249,60175.16024898,-0.002652761798390192,107444.30297240999,-0.014870352745613005,43098.33587481,0.01848454226945612,13012.59599563,-0.003467914667192028,252111.44881609,-0.012463312246200346,50407.62065649,0.021689002995313837,29126.35270173,-0.00035748056678515405,14888.41188492,0.0038667878570047888,86196.72081373,0.018835491902038443,227704.10017918996,-0.0036975474357629325,14349.53738432,0.027640573510028844,22401.492908739998,-0.019074965366747795,58512.40253749,0.0005032083784478479,352101.38177830994,0.005766798604627714,141026.16611801,0.00894244322352915,105684.80597003001,0.03900977837535035,53848.67990372999,-0.001613250350884113,330471.54122429003,0.002356294567152163,41328.93045403001,-0.0015940505293535532,118598.2876768,-0.0006577566558243977,3403.17149153,-0.009789401097322924,21247.40144034,-0.014124910546264826,148593.47975226,-0.00817871654690836,55857.13903597,-0.023375608603154244,2797.553816,-0.015589198296417322,96785.95756241,0.02489999549845947,11164.083879849999,0.03328680642561368,28327.01428813,-0.009378610686508568,255883.52446349,0.011574757980629551,8819.97309188,0.03378387198756259,13002.169237139997,0.006062489957112886,12098.39683892,0.016976361556567655,8050.4499516,0.007106001349332302,7896.27215344,-0.00042748642454003294,115722.20561611,0.003937269262265019,4338.79848316,0.0006008950566385495,502.29021839,0.06751889728305106,643.20725021,0.0,0.0
2004-09-24,0.01714923841828307,25158.10379917,-0.006827847827482989,549292.1579624399,0.0023403652724735425,1214834.80970634,-0.05128160859532288,441507.0744957101,-0.01065918321841261,188121.57550038,0.0107099183618987,715108.1533077199,-0.032153963403266865,78366.94409471999,-0.01934603482813049,239709.48823694,0.005294391188469174,309445.0616958399,-0.018705155761755906,259755.21470990003,-0.0006442970517897351,95189.50433085999,0.008372638167778137,44425.70856312,-0.012864686559665899,242795.26770077998,-0.004241408018176532,347087.84089195996,0.0062993883191478275,351321.96230444004,0.011119752628275772,238685.28045123,-0.016382956023351842,485584.07339548,0.01348305125207934,120406.35479233,-0.022201544678449082,27890.71921684,-0.01728255799953541,825555.73562937,-0.002592457897009289,170619.2925969,-0.036890627642186334,19341.468669359998,0.015042028879918394,149094.07675631,0.006687855978993999,96471.95950495,-0.014045462246467506,55681.302111670004,0.015360813487554088,56844.81159885,0.008683485768165878,63509.10709758,-0.008737726071288018,170563.15355169002,0.02169442573460778,106966.41143706,-0.03231817259769404,52972.88401786001,-0.0019370465643796238,295126.25777975,0.010411481191290792,20866.70446139,-0.004835370563200975,533620.2827801601,0.011484588833734932,54460.14159921,-0.02777683460937896,234852.68490706,-0.01742069843696597,59510.03923153,-0.005062348270867553,109757.63637361,-0.016601753125059973,45034.79922045,0.01594107765659479,13521.55173444,0.0021908755885193705,261632.9503232,0.017776489087414263,55811.28636127001,0.011221118391516936,29102.559336050006,0.003398233418285555,15509.10705363,0.0019935806303142513,87287.27066489,0.003642870302765518,223899.39749953002,-0.0019582081491259155,14834.51718251,0.024904970095768607,22856.08233966,-0.009279776703822707,61714.50632013001,0.0039702911448093745,364807.02469848003,0.006554722501804073,144536.00237191,0.010771260049260593,113461.48237233,0.04911488531077104,55605.20970726999,-0.003238535178903562,336248.28047373,0.005328313611824762,42318.102202270005,-0.016371898331748045,114796.23574411999,0.012574690172011066,3613.39948195,0.004220172173548319,23001.392641860002,-0.014419808559690097,151693.83339763997,-0.013895763309064203,58463.5024126,-0.010504944732595813,3038.6750013100004,-0.027748520411816118,98163.75197920999,0.02380661680631141,11551.72426905,0.0287682205410476,29141.2707886,-0.026074180725954046,243916.45594751,-0.012246900017749038,9151.4172824,0.021128833177381793,13074.045164239998,0.000948496992660775,12437.51594236,0.01348331575365269,8292.6980508,-0.009171944323001056,7805.63395064,-0.0065745880939678016,122617.43133363998,0.02077972348394395,4446.47398203,0.025700783233819198,519.84495486,0.12651292281304974,867.09455494,0.0,0.0
2004-10-29,0.028055925488654973,25435.539539999998,0.00835986041462626,478732.71486533,0.017346924307558402,1144969.32240756,-0.010678403944061986,444779.96315967996,0.002859110189966567,185504.30278722002,0.016710965501385462,736468.4620341,-0.002824493504222126,78298.72466839002,0.0034258936139770885,246492.02185871004,0.02529292731015191,313343.44048043,0.003539965964857709,261863.73437351998,0.010860441684094448,98582.84813812,0.018606264547176093,44818.948318489995,0.005445844793453303,245375.59639420002,0.01576587029145425,312885.89953188,0.012463757502793396,341773.51541286,0.025481083878032933,250330.68186637998,0.0014334091606766266,499587.79907817,0.03468820986138023,115573.72493234999,-0.0037236043667283423,26754.090263699996,0.002347105377452603,730640.07235427,0.01152530893356538,167829.27918369003,-0.007842656502012825,19153.75489927,0.024248213701502555,155611.11369664996,0.028739251155512482,95791.78705176001,0.0014245406118590053,55959.87589909001,0.03154503578823617,57991.817542199984,0.023497977921159905,65504.391679030006,0.011805136945932625,172099.32470716,0.03723211806279367,108358.13800297,-0.019306034663062598,48429.48480084001,0.014195553781222923,294660.28131096007,0.032597288418753825,19964.95234322,0.007218435349426932,513825.51197141,0.026263971723805166,54297.30898099999,0.00785004702897561,227328.79730041,0.001283658777013811,58584.59194413,0.01047348740839034,108087.01331320999,0.016927546205815432,45643.86246062,0.033567288309985815,14158.99112241,0.018301050939210268,247678.40062660998,0.02701259901602612,59318.06245781001,0.023956138484635396,30267.932703799997,0.02223488042694185,15879.066854839997,0.010864381757029815,86764.35931669999,0.013876991193443525,212742.80044219,0.021620767611393938,15121.57273027,0.033064760491216726,24128.79458857,0.004474070720420292,63412.92575305999,0.01703418858222702,348378.8661973,0.021382222167446296,134933.86755877,0.03596318240879434,112160.33030587,0.07626490802528987,55573.74972089,0.02987604123093551,337191.63110511005,0.01175898164878491,41361.90242661999,0.00899836219228908,108633.63344687,0.025993960859750864,3606.4463768399996,0.016584047831803193,22188.59829714,0.00663804447175647,151268.52468215005,-0.008276037661416201,53028.36990442,0.026744124452247428,4583.32761533,-0.016151195224280407,89764.72888550999,0.0398239759279596,12266.443669809998,0.04527836779727606,31380.778120680006,-0.0032193762597473347,237599.10386017,0.013975859502812691,9509.00135533,0.031506638688403615,13286.54934318,0.0250210332471216,12698.196785920001,0.023753772780575867,9046.93040301,0.013083200696639246,8166.080887350001,0.008950794345011026,125058.42643394003,0.04174048511441011,4413.6788966,0.0636023029434651,588.22823273,0.10336726115744792,844.52501164,0.0,0.0
2004-11-26,0.030314613117987194,27809.8531648,0.0259500718008241,524694.372584,0.012806702110435473,1225176.73426068,0.01172029026740411,485868.37647304,0.03567693046856456,205750.21953426997,0.0478817956018307,767189.2130705599,0.04034913506997178,86577.24463457,0.03510305792747467,263722.3464494,0.024761710939471063,341041.8874115801,0.010329234765778269,274020.21428652003,0.027862729846772665,107004.42805027001,0.03593372381293471,47477.31113567999,0.043200615420633796,282352.90195717,0.023806699982667656,333067.13101360004,0.029040210437066255,362746.58541637,0.03793119479867726,265303.80076375,0.023627578639764082,512203.84250470006,0.027147020386108976,129053.19132659,0.041240577247930205,30312.269720640004,-0.003707485808721303,745780.5434275198,0.018895827654223072,180466.92018383002,-0.005666205254014236,20807.35337669,0.04515221869381913,166751.65888914003,0.04930853460541107,105614.00645806998,0.027868663426223274,61022.20529396999,0.029608126565129386,61604.208374539994,0.04714387503141681,74526.23465248999,0.03075261512446634,192331.42629099998,0.023638758633389812,112560.10642496,0.020856171152134145,52403.58809492999,0.0146454895161601,317955.1093506099,0.0324764363328575,21982.29949224,0.03809573879982097,566248.58487294,0.02663538901933163,56852.04554651999,0.04725044188966346,245120.59043373002,0.02421503101463183,62655.27508236001,0.029384014731923046,117992.05756829,0.04826633031481335,48721.88718396,0.03708584947871743,14225.80492825,0.048539918103970334,290915.41285478004,0.0721215866822467,62294.60563856999,0.014169626244049998,31561.200537949997,0.047353089891885754,17427.820329770002,0.023858963833587543,91647.93672953002,0.007765539388611245,219465.08416614003,0.0506789041168976,16527.37301933,0.0304983166140093,25519.591864759997,0.03007279650060482,67631.08513467001,0.02286934133707768,362114.54123394005,0.019921484320299544,145895.63565286002,0.058539946581221546,127457.99498563002,0.09257716587942336,57351.783341949995,0.029952689649504715,367111.01765915996,0.03917899976077249,44937.34383875,0.05617840690586321,133880.87067449998,0.03331494040237854,3959.9257696199998,0.03528268270703262,23959.74277539,0.02866805741446836,164839.1734518,0.02955983202760815,56374.46189507,0.08246953598464964,5234.16185604,0.012472588916679558,97038.12457797,0.04552410393647671,13398.687603359998,0.03970018857004828,32815.28393122,-0.0025926571427621055,247201.65003867002,0.056604006024966486,10705.31636579,0.03258746635676826,14069.15902058,0.030365685886308755,13365.21909346,0.03830515835389123,9580.16389973,0.02709377823317302,9036.09251769,0.018756443813457372,135821.62678612,0.03422382614022972,4818.044474380001,0.0987352737514938,615.64022752,0.08368366700341522,1017.13400669,0.0,0.0
2004-12-31,0.029248754867899115,27820.503611840002,0.03155839721596694,544502.0831761,0.017139953715942482,1231039.3291018,0.020125984022287553,479405.40164635994,0.04572740570703155,210992.13413137998,0.029545461723527115,751950.9089011599,0.029753479561676753,85916.16187578,0.045257637800540304,272479.07315982,0.03334229333251748,337460.9488958199,0.023139554733298612,292108.46528144006,0.03825522844619812,110869.95739692,0.029669033249487078,47897.26226960999,0.0528930953703059,295106.73102701,0.030047394395055167,347413.36646513996,0.028082310543876148,364659.20877002,0.03528278359256203,269274.43694036995,0.02301775386274188,529054.4500809801,0.047660366716845814,137786.36086549002,0.05528144444988169,31464.494904699997,0.01867915400476139,784406.4854094798,0.04935848335175568,188763.6894588,0.0409123490320168,21944.255482670003,0.06557549873822023,180638.37001247,0.042122467363476246,109563.77991897002,0.04616970666725124,63782.9394542,0.046044552369555174,66157.71138191,0.022735029473193065,76486.40704036002,0.040907343846624346,203363.23339663,0.009312910707274295,111088.17477791,0.03733853034909299,54732.765661800004,0.031133784705099494,313727.54852251004,0.03404559884777285,22839.03311322,0.02744368246542587,571056.3526809,0.020767071463281772,57811.59748922,0.028907453474410632,244276.09000665002,0.037954497724257664,65673.02821519002,0.04969236394532674,122741.17028538,0.04091292282701228,49779.03638477001,0.008282096436137814,14747.82333933,0.0736486319796362,307821.48137364,0.040843742849071385,61231.34059301,0.02395118631740034,33826.637869310005,0.06623162269236149,15579.11570578,0.022507398138249413,92879.0735649,0.027056961414504546,229674.70091678,0.06313697213799363,17674.946777700003,0.01755707765237887,27328.030823320005,0.033705688016689314,68735.65845640001,0.03211513737410685,381486.42637671,0.044107589401702944,153316.33035127,0.07325338120613592,132078.23123819998,0.07134908195525225,18175.98498352,0.03893831870372937,386971.4638092899,0.04951689444755916,47161.59065897,0.11026979733131152,136222.99779969003,0.04356363353501754,4119.4628669700005,0.035350860068840105,24706.535875399997,0.04936550467273809,179644.87979503002,0.04769652164836823,56560.265910149996,0.04734871470848361,4876.098197130001,0.021185305144128575,98290.61775308,0.05016753638973991,14192.68060373,0.029502029387457926,36334.56746743,0.02660459574956118,252217.78582252,0.07545623659879695,11198.85710883,0.016476356232912093,14857.85728134,0.046812898490051484,14168.11154089,0.042797527703009805,10361.68340469,0.06013878976394898,9179.83488699,0.030853273151152005,139043.69473924002,0.006601785132640833,4946.0636803200005,0.08319308389253821,666.12386069,0.0247344292864651,1218.4182201200001,0.0,0.0
2005-01-28,0.036625632254805064,27085.43750915,0.007549850919653636,538154.5208360599,0.00705631153491211,1194190.33717901,-0.00198261806832842,428536.91154317,0.026087143608407807,196635.03547262,0.030466871850970006,765583.6376106399,0.004632256189711341,78887.37750395,0.016914377812755566,254017.05706968997,0.022463638758556104,328260.1832818701,0.0008054419492343297,298785.09958611,0.027824904564912753,105083.54265532,0.025544031530524938,47745.551755889996,0.03865466221732166,280177.7620491,0.011460416821666413,332442.38480249996,0.006195102573934154,339741.86253834004,0.025342829826173287,268084.6385260099,0.010777965055980946,495402.16193175,0.039688387112648583,137918.52888908001,0.014101376100242554,29688.02738591,-0.01527193600283257,740836.36914246,0.010946593948400536,189710.71898537,0.003905946474484991,18384.92515471,0.03636953319809285,175183.98605731002,0.026597679536515626,102825.85694784002,0.022322572061719108,60577.98913953001,0.03281084790478606,63254.563425279994,0.0515046647799278,73944.59137038,0.022674644089646912,192603.50877806,0.02080134718010907,106728.99561988,0.0032158788682059517,50051.328890619996,0.006508455966115599,311679.8676075799,0.020528242060131187,20479.31186651,0.01666193665981603,545070.24461323,0.01931627770471176,56016.74515460999,0.000660530441440671,220337.99460061002,0.013369397942304444,61225.12842444,0.020679570423376,118707.81309106002,0.01270741998358455,47216.28085681,0.012212134450048985,13673.60057704,0.038842643368906714,312756.13418731,0.04134122322176669,64543.97471656,0.018758289937690343,31476.267454440003,0.038529762749092936,14357.19875884,0.01411353785881532,93193.26936548001,0.005222230240347139,225331.93019085997,0.0425318480588765,17256.66363026,0.028061934608566708,25866.172085750004,0.011475723752768561,65661.70661503001,0.013548436323004957,377892.77198645007,0.005498848533397006,146056.27522424003,0.03620241781267087,114702.50417306999,0.0354176488485291,18681.8545623,0.018068116602249554,369959.33038369997,0.02563245189869591,45857.35252547,0.02820673033557397,138989.86814838,0.023394871749927312,4071.02426124,0.02876798756107277,23470.05837338,0.026242246343919383,176009.74071736002,0.004021259248389923,54944.753444429996,0.06321238830231221,4937.20349937,0.003951043451268109,97149.03500428,0.03693517816177805,13958.33717976,0.028682492419150173,34399.6337771,-0.005911409886632305,253229.26638846996,0.046041260990224556,11395.745766530003,0.02689066321996615,14220.42945764,0.019075835760634756,14183.234153809999,0.036161642562105564,10034.71683161,0.019649972210672568,8803.048371089999,0.020939760943256717,124518.54190089999,0.026261808907481636,4775.7645032400005,0.05512333228781563,662.56962355,0.09628014527227599,927.43473193,0.0,0.0
2005-02-25,0.006893754251216047,27988.355430799995,0.009711114616896482,560335.98954517,0.004273168395264109,1190705.90214669,0.008032314054094542,462855.7031788801,0.00876463062874053,203684.38631682994,0.06647709591393221,884614.98936567,-0.006231401750927144,82212.65494001999,-0.0040051782674117775,254765.27333286,0.010785881628068051,341644.7883380001,-0.0020013063364726002,296794.01603161,0.019607243153647938,110218.94614818,0.020659061862937846,51430.18489878,0.01416941355034713,293996.25991731,-0.0053912869602406165,323108.62674763,-0.009501121046930077,332615.73616067,0.01716486268178149,278043.3650731,-0.00729457833631435,501395.3240420701,0.045603477222806464,148459.81450533002,-0.015449343767757523,31515.78062732,0.007700209307188934,773822.44827781,-0.0016703835526159102,189940.02980378,-0.015217927460850385,19009.760946620005,0.012692495741227855,181115.81628636,0.004086866597539447,103717.33773222001,0.013859007605125066,63906.85351704,0.02037830168676688,65730.31796143,0.05214527091445702,80549.44900260001,0.03271973678001547,209192.16072167997,0.022226734974900856,107607.74549113,-0.018995607225984548,50608.475083779995,-0.005554473096651084,315034.91022279,0.024224519523475967,21700.529586200002,0.004490075766290479,564992.10902613,0.01742511074325509,57268.26742991,-0.025050895791396542,215154.52040834,0.015339981531474749,65355.537062220006,0.014927190570855496,122005.46111114002,0.0019656689913161943,49144.886258729995,0.005265120125967676,13873.82323017,0.02894875235948496,329902.9561687099,0.04874772948733058,74430.38502860999,0.014650401423243968,31941.19642682,0.03749639198031057,15956.98141734,0.016653524991849238,97579.10299887,0.00760837987894759,224735.10571491,0.03262052864808141,18391.90135855,0.02106207985420396,26200.56856254,-0.0047890905445614005,65058.19358326,0.016472676157575226,390186.78724942997,0.010611335148373832,149118.07086183998,0.0027105744390675977,119246.49255714999,0.008314879335797963,18671.024733849998,0.014577419441020771,380812.7846660899,0.01441535750762213,47599.80201914001,0.004664031185399248,145163.33009239,0.011947446619699388,4278.50216014,0.02428707287035993,25187.52935252,-0.001413584424562389,178812.91589336,-0.014673119906618792,55153.12688493001,0.0432953869212927,5441.84132293,0.0018949538381601639,101926.25327614999,0.04016697388000398,14905.73142465,0.025399769872205092,35565.18737067999,-0.0014136623523709935,261310.77735559997,0.06548187425372337,13032.17690847,0.024902015561341195,14437.346215980002,0.014512956594404144,14474.07928657,0.01531174956136891,9931.96797975,0.010454540265800607,9421.02290676,0.007252926460121504,128492.08668999998,0.015125399826544837,4798.19915537,0.09858867323899251,848.6623580199998,0.11075978508302103,1107.08769717,0.0,0.0
2005-03-25,-0.004399047508858229,26495.38874016,-0.012903600581438825,523725.88528609,-0.014562469789092322,1158300.85008648,-0.007760357204526157,454095.41264985007,-0.012498406013225593,208532.18333178002,0.055995982307273276,917376.36350357,-0.01372683482724481,79716.35440091002,-0.0259600957845987,239875.13996955004,-0.004837089083041749,329026.54193204,-0.02142626164792039,292430.69729044,0.001987116862383649,113739.30016675,0.011031095883700394,51411.22389548,-0.008702467374557307,283546.12037365,-0.023918911175223344,314599.93458575,-0.031664979297313094,327524.46637852996,0.008287309474280033,277018.83919890004,-0.017355450538303265,482877.4163488101,0.013805661418287204,145778.66138625,-0.03758616617482942,30103.229780259997,-0.010822399205561186,760486.5428397999,-0.019095994394734528,183908.24671585998,-0.039364019121928356,19351.92529692,-0.005256104983580543,182952.1896543,-0.01820393448409134,101992.95888112999,-0.0050131666601183405,64437.84399428,-0.006928578943911895,65714.38328315,0.03688584604651995,81867.45643056,0.010058867729334198,207337.11526238,-0.00233242637214279,106787.59210415001,-0.0409735057575772,46091.12354247,-0.009348098969732144,309684.60809141,-0.006166201120142893,21839.762344860006,0.006969230711067354,571132.33826152,0.0015752495017540022,47408.29532429,-0.031364877749443826,214283.95245341002,-0.0002579442283480492,66957.63157741,-0.005005121468312431,124268.16564994001,-0.009359648171196736,48359.723596669995,-0.02215685843209432,13519.02702207,0.006597983484761687,334655.69562755,0.045541571664224255,78376.86886172,-0.015668041724218217,30989.76524317,-0.0027065581427657,15693.529524159998,0.005366069742406679,99413.43685973,-0.006766966018919898,220633.51027408,0.007784718720229107,18394.5678243,-0.005534502102334563,26184.104636260003,-0.014429255240113001,67049.00354143999,-0.003917931907946957,382162.15226683,-0.02336608347685901,135850.18658319,-0.014395569968710928,120471.54460896002,0.0021979445229955786,18346.137397450002,-0.014107767194775337,383077.74448173,0.0035869972214958783,49202.633716209995,-0.03085117937884344,142900.45808213,-0.02071304883554824,4154.8904552,0.0014241628316522302,25114.12159541,-0.02102358497908784,182784.47102223002,-0.027666165636177766,55551.23770211,0.04730799402408694,5375.55271342,-0.00010387064440467528,102029.74147063,0.01086108895260724,14693.325495989997,-0.008162287502083735,34310.0068866,-0.009983904305314468,254201.12475536996,0.039191561688872466,13379.47474274,-0.0056381024827009,14165.51003004,0.0048393221388548235,14531.947715929999,-0.017160457086375785,9941.34752825,-0.002742626683596156,9058.8949968,-0.019553901877655246,125451.48996784,-0.006297658526310961,4543.9307,0.06820320077996397,959.1466603700001,0.08080003804030177,1081.32090022,0.0,0.0
2005-04-29,-0.025199091260626204,25347.392849879998,-0.00852830153646307,503843.05358758,0.002746048422845405,1143928.99595372,0.015232971022246784,432631.15328831,-0.014187345453302202,194869.93948125004,0.03266379033796634,888518.70110326,0.00878463135659287,77318.06577,-0.030166642888189692,210987.98121537,-0.010118682146068179,312551.72696081,-0.017610057909273984,283496.79589259,-0.012071135941396792,106720.69785848001,0.007374481296749413,51019.67883654,-0.007907171546876474,275503.25679708,-0.008816525443307818,303639.24253379,-0.015521472078322085,325382.05581077,0.02308417012992583,284807.48235341994,-0.008914816842962515,469154.63035970007,0.008153542155683053,143690.46829001998,-0.032760799454769604,28733.016227739994,0.012857920866391606,808746.17332562,-0.010530015783697975,182207.21047871004,0.012741037863811061,19906.643814259998,-0.01476418606172641,175270.24760901002,-0.0024126141458503275,98596.11837301,-0.02060064640965238,60468.730319990005,-0.014876129480628754,61776.67446072001,0.003448709592818761,74150.05830337,-0.0007148758879676363,189969.36767118,0.02551674192041014,106729.3744334,-0.0780573412063533,37831.24096034,-0.016131269723500558,295055.03487994,-0.0013776143428831846,20417.744341969996,0.011938545103816634,575856.0159123801,0.012989932985843581,45773.92324759,-0.013008043252381586,211892.1912478,-0.005756662866571675,60395.06043995,0.003900648224160369,121201.67663250997,-0.01421199230833503,46140.17370365,0.015644375571251208,13882.317771040001,0.016814643533691474,340987.45037163,0.006403031185087803,77064.38697257002,0.03290212258939326,32079.550153399996,0.002469818340265244,15816.12642012,0.018201745182853314,100291.72217261,0.0002838264418948233,222522.05045954,-0.00033872852616374013,18018.58715597,0.03776239328978704,26970.125427479998,-0.015763912815337955,65619.41446867,0.006191381654695201,389230.79107735003,-0.008677992355671859,136557.66322631,0.005563232651868998,113068.55297062,-0.0111912974137313,17931.707362010005,-0.0058025236670265585,357515.12309908995,-0.006306036176770574,46987.146888300005,-0.012847888451300075,147436.52907403,0.007575518115249635,4396.6318994700005,-0.024934283995111654,22709.79957078,-0.020842185140742632,165893.882847,-0.019487816650328553,54914.37729255,0.012808645057528219,5120.47221757,-0.02151774439071346,93792.43077986999,0.019890504848769558,15079.05193335,0.03907941248846706,35354.90506969,0.012737552743863633,256129.95097144,0.04141078371768338,14144.6355271,0.032328309220739294,14306.808916990001,-0.02092574435499823,13437.74438096,0.0031887695216090647,10072.972252200001,0.019051905838855618,9094.85664172,-0.007771799252788535,115384.32790601,0.0011183910617639798,4985.00210286,0.06485193709954093,1085.2289218300002,0.034617751305788924,866.79825794,0.0,0.0
2005-05-27,-0.022705700357529956,25128.45956311,-0.020709004017135005,528484.02865498,-0.002596249387920248,1175651.53407169,-0.007817585066958465,473998.32963318005,-0.010878148800461234,200028.67131754,-0.0036670492975340472,840718.7339487899,-0.00407179109456688,83797.10253467,-0.022930113972589972,218746.21187590004,-0.010068003896364825,335758.61043394,-0.012289037177887076,281688.92675914,-0.008077388856136587,110833.48713299999,0.00589223387657906,50320.552769480004,-0.003133250314193377,291914.79424231005,-0.006431835930962858,318723.02263563,0.001469024641871159,331652.48490955,0.027038432059276342,283794.86859579,-0.002681737442478493,494436.91987839004,-0.010776861159570099,152847.38135245003,-0.008015051006380025,30705.7731077,0.0002920623517711756,819478.64473815,0.00023812892080423353,185550.264959,0.018368336006903636,20781.88346091001,0.002722728340071757,182996.99115557,-0.007918097889011542,102396.88230197,-0.013455733397536692,61400.08325432,-0.01664312208123872,63785.46438114001,-0.02597038126487075,68961.63822626001,-0.01556766878560381,190024.95757319,0.01082364256517714,113100.94902644001,-0.07797796179171834,40081.98659101,-0.005128266820196769,311366.60266663,-0.024970814454737204,20566.119881050003,0.013602777764998759,592173.735419,0.0051382115485638594,47746.831291639995,-0.005195222843468256,232598.52931564,-0.016541953829979493,57909.299541750006,0.003950064966897199,124875.58087852,-0.012104096221206534,48494.76058787,0.018734514692803062,14719.85684801,0.012897993210572237,361003.20657379,-0.005851263245790642,72182.20830562,0.02646460164193587,34748.84133275,-0.006023564332891617,16874.04262651,0.013822716622846017,99677.11542350998,-0.010348657362980712,228391.62891503,0.009918009223946825,19274.4954723,0.03222568789685777,28975.73311043,-0.010448873553347273,65714.33793693,-0.005721358650039026,401569.45895289,-0.012624898952346947,144239.53112056,0.007515325995016162,124071.86670897999,-0.008418278782230457,18052.586041680002,-0.013661522448374404,364104.12831825006,-0.0022178171669541037,47025.49608728001,0.02971310821206402,151608.16554934002,0.01448531732976987,4551.72365333,-0.03960687549278702,23120.36422789,-0.009766907202067347,170035.69575662003,-0.018618555111490857,54527.69475696,-0.010796355323423937,5113.39234038,-0.022025396692320533,95472.00805784,0.01740436896076948,15790.43389399,0.030926243227614458,38321.11639789001,0.005500349354804296,262953.76714738004,0.004541523775606388,12636.98885736,0.018847475826306626,15318.85882909,-0.029954602155944712,13727.67845462,0.007884564360166652,10443.05063704,0.013838117026205746,9329.0916386,-0.009329029542785383,124114.07114081,-0.0171780191192551,5002.97250974,0.05489528647227855,1204.70666454,-0.045656434671197885,874.49774747,0.0,0.0
2005-06-24,-0.004873107083771227,25716.606050029997,-0.0044909410291541895,554538.46341721,0.002545382052579303,1176448.6395331798,0.0003685681457601792,477873.19132878,0.002845957714076435,204697.02500886,0.01527336370461883,946139.38391016,0.004300193655033321,89878.45514027,-0.005500999593015294,221389.29929850006,0.005819131788749597,350028.84371149994,-0.0017762626250313542,279160.74916446,0.006740560504142035,111713.63268628,0.016432099503399033,53626.992595949996,0.014387985976537296,294167.41867813,0.0016457881744028234,327142.71797475003,0.005612425089037184,338279.60095732,0.026059979206508686,295896.3621616099,-0.0004091380767953729,486534.81134956994,0.014264002027859239,159567.01323105002,0.0034087145051056042,31280.298960250002,0.000627981857868805,822421.78933166,0.004919733326951584,182640.54932671002,0.006803546959453739,20760.328802590004,0.01652068613041338,190573.94013631,0.004074575518804757,105178.48176342002,0.0017560914492419798,60098.7860906,0.006383159748276453,68347.14485622001,-0.0001050284092667937,73390.27844322,0.0006009324419158574,190774.05652068,0.015259932468050439,117127.67759273,-0.04082272018086414,42106.79749196999,0.0029446570838336183,318231.30315128,-0.006792179196312619,20700.98831216,0.010477951201562936,586169.6907415001,0.0106707864187106,49867.396576169995,-0.0013279546684446344,236913.13010135,-0.005887161331901506,58307.54152806,0.013551948759808875,128645.87231692999,-0.004290368842317916,49335.878302619996,0.01745070525343964,15364.355204409998,0.026631427106106217,377634.64017884,0.015858283751039374,82157.56499535001,0.02443349900800789,36093.738302469996,0.015095385954277915,17448.073973690003,0.014691136052901373,102847.20086186002,-0.00628756927416539,221171.44347196002,0.02657853388709188,21037.165191289998,0.028728551056103037,29563.071394090002,-0.001572319475754157,65401.873007450005,0.0016268733847760385,396865.32851384004,0.00416105843053084,144187.47665528,0.019314540535052806,132044.76810917,0.016352574081266974,20784.8178551,0.003910626267536241,372885.31649259006,0.011979818531334289,49435.249307390004,0.03167191743858081,149720.33850503998,0.023286767420891245,4877.64305735,-0.010334506390494574,23059.61823146,0.0015058204894024957,167777.11861511003,-0.005849437691495762,57509.37933950001,0.011947208737579,5230.96580851,-0.01459368787260042,95010.99084146,0.03522728732704364,19607.186493859997,0.030090526550614793,39904.024864240004,-0.0009402883940805844,260689.36855081,0.024491526667590257,14494.568614159998,0.019575029704549503,15637.131806840001,-0.008463457310702823,13810.92317072,0.018800742988085067,10538.02953658,0.011102839962620433,9316.07096562,-0.0019101341799121225,118709.44969221001,-0.0036432474229770727,5020.377849779999,0.05551332921642267,1157.65654768,0.011389308363931613,859.5346129,0.0,0.0
2005-07-29,0.04432292025702818,25969.396187209997,0.024816351433595934,576967.5318268801,0.00837594436375553,1175015.0826771,0.04137564088934332,503912.44628758007,0.050664595280131994,214407.17354805,0.029411216983051113,959293.31009697,0.04620981345731533,96539.49355228999,0.0645626326840203,233086.59951752,0.05112311258739891,378434.2584703201,0.01891208648848882,287856.93556206,0.048080094073708377,113431.51042398001,0.0365235060051559,55378.8785708,0.05866089092685609,302860.49270305,0.02665641377803477,335056.65769524,0.016770710644468948,337162.02523815,0.029999880750601487,305217.99777898996,0.02632752233122808,514336.50821562996,0.05528870763680186,167153.0834837,0.047709103801993724,32584.89363518,-0.0022155715402822,795239.08238952,0.01767431480445067,179075.29802175,0.04484140343122304,21776.03658461,0.05247391109832898,185488.26814153002,0.033991073710714706,108301.06986528997,0.043488661604763085,62050.91070502001,0.0465795161891497,70956.90319435002,0.04969616985629046,74266.52191481002,0.0268261591008172,190655.81395217002,0.03381193374603054,120357.30892944998,0.03713181425451014,42643.98843515,0.030525493867135822,324315.42119651,0.029938195861881643,20946.08582211,0.012986923647493072,570164.8940271902,0.03577649692532948,48716.2659775,0.038678736855376504,236486.92977316998,0.023049609138570924,57512.02385413,0.0422264938823647,135063.43999184002,0.037939744983579084,51588.98170204,0.02942288647477795,15837.57596514,0.04577574311231768,367919.73962104996,0.05935858143274847,91443.52003818999,0.04339653328986023,37444.02132287001,0.0676453804851286,18347.33150159,0.01928587015736035,106115.43291614,0.0068372018106884844,219384.46619159996,0.07821370302645696,22695.635027610002,0.04429265548779055,30915.90534631,0.044959806575562686,71238.04782566,0.01698368745399315,396859.52235513,0.05805461647923812,171546.68731904,0.07471842791290433,138915.88046315,0.06315765347741868,22582.78768935,0.039704100443583454,397787.7741856099,0.04995142714672553,51021.55945158001,0.045423166392414366,148122.63545538,0.05304147020854373,5158.71403925,0.0404737233327091,23503.75947412,0.03170075949284837,163313.95928016998,0.031130483806944463,58625.85683663999,0.053452490329701535,5861.87966459,0.007183247591022198,92477.18744593,0.06525698066589147,20837.65131712,0.048139503790583967,41908.47303396,-9.037683557794318e-05,257676.00068223,0.05977666566819838,14715.40592071,0.04106364570114155,16134.66420782,0.0277466992636146,14046.297745979999,0.047834455289805,11111.064291800001,0.03851019784966125,9801.26925147,0.031101599234598355,120759.63768344,0.0074017903352410945,4816.28971986,0.08160093821043518,1261.25054719,0.08242049347688711,954.3916561,0.0,0.0
2005-08-26,0.00921765256689153,24654.538262439997,0.0017217630024299803,578635.8215721201,-0.006139655417154938,1158596.04577004,0.013414371936944823,500918.4551233599,0.02062824199803544,212483.87369383997,0.00430374214401145,973783.1144568701,0.02394461316851738,96342.41039574999,0.03624882976191155,235990.45917005002,0.015028931689123615,356735.624381,0.010154113076211493,292624.00823075004,0.02156015519379999,114477.18698792999,0.015549094864404705,54807.257739320004,0.03420233963310486,295991.24221302,0.003945158356187324,321212.22409157,0.00037832427490173135,373916.95523170003,0.02197558172917532,305543.24029154,0.017576346433449644,515854.10620887013,0.013177068793065908,159739.95215122995,0.027874700411242025,32721.53379823,-0.014310232767682738,784675.52729592,0.004952750864808005,179209.55015981,0.021827468146647547,21206.381854329997,0.027987093149736887,182926.71448634999,0.016024292008926667,110787.10219509999,0.018326453652879916,62739.53228269,0.021038481560012954,67244.88040559,0.012605308396072991,77353.43733027,-0.008143947645056002,184323.53626055,0.0039982310670679,116937.89447344003,-0.0056063360123133985,40043.01418133,0.009019998692851338,314107.06012973,-0.012882104540268441,19960.050532039997,0.003094371394765082,564261.65405987,0.018946633612825912,53068.10291007,0.019773311014507553,230116.60593922006,-0.000623472513096284,56861.74448524,0.01878909676851842,133050.61760946002,0.02718922211149297,53434.0374311,0.004303245141839087,15633.28241511,0.03184902810852656,378431.33363146003,0.03305781812507097,94515.75579007,0.009005221291368442,35456.776633229994,0.023673964487790182,18638.76215775,0.010005502856546342,103256.34126743,-0.0056747515957420456,217704.82957472006,0.04123766466327662,22495.019623,0.017141132564301418,30236.880842929997,0.024824482334986613,70762.16356208001,0.001858516648599406,404357.82229972,0.02479311810882789,171235.58040674002,0.03720432244823663,134173.34897752,0.047320731928322354,24784.70684545,0.019945004440217292,397405.59069529996,0.02286165657477404,50748.42221019,0.03597558008606119,154909.41678772998,0.03400639934655726,5335.704605680001,0.003116547587189401,22392.891030810002,0.023958522430915605,169999.19313243002,0.01517127634106327,58415.44995674,0.022805631675262623,5881.4280960900005,-0.010887352564108662,90825.84580665,0.024423160214355196,21007.84168313,0.014873026084993697,41259.37874278,-0.004179403548820818,256292.16476770997,0.022536547329796364,14295.72506719,0.007185680938700432,15716.989670980001,0.013170079588511538,14030.938760430001,0.018153979173000392,10822.06447988,0.01429839083063525,9588.51023644,0.004441310395864534,121367.06424432002,-0.017939037217477166,4499.7940192099995,0.05268421575221804,1341.7323966600002,0.09678105100402991,73526.47732238001,0.0,0.0
2005-09-30,0.01196442133477833,25019.626579900003,0.010965160880535823,584887.0790059299,-0.005358720023479894,1121533.71962227,0.014639123366187905,494810.50642232003,0.020989539322126688,212058.54241263997,0.03978907969352173,1060849.6196029198,0.02176881303140088,94489.98972937997,0.014782663461472705,215384.39642427998,0.010224096695356961,331768.81888284,0.0003433424347965618,279055.29202965,0.019443758505214605,113854.37816343002,0.029136316057114458,58140.21496113,0.031935034823230166,297975.89250504004,-0.0056279588436954926,306459.90949251,-0.0033480913629483824,362378.30334291,0.027968364836860982,316569.85431193997,0.0027588570020996707,495234.42123631004,0.028086739900018552,163587.58653219996,0.015334615482569688,31906.422666239996,-0.007945300026119142,778126.5178843201,0.006761055906068477,175397.9224053,0.0060438141010303115,20782.327965609995,0.016259386816268803,174634.64080152003,0.010723834263989264,110682.14850372999,0.017300565526016925,63737.77073851001,0.013884887453479577,66512.94512704,0.04079757227870014,87708.59609531001,0.0033819036786064197,172014.8505195,0.006879647665562093,115524.67184746999,-0.012598855760360688,38182.3862745,0.007764416964730541,294163.76390357007,0.0022097970914212372,21219.12283264,0.004333810207530469,549310.28126056,0.019523695833481316,54989.51952604,0.00886804977274648,236526.46673402004,-0.0015491589956129603,54387.74345215999,0.017604987032707332,127438.01258202997,0.015543078213496483,51728.74704437,0.0034245483554639303,16055.581305290001,0.039958042901825745,390231.32091595995,0.061352399509670016,108339.69985307001,0.009597626000717703,36166.95785023,0.04244864909349027,20465.764194889995,0.02209601040299278,107515.58589488,0.0035450444216088587,215896.80151651998,0.05287637604134332,23873.084324739997,0.01430196472061518,30779.14051261,0.017632839545936033,69774.38657336,0.003217004277953962,396727.35705568,0.02447573866938557,178392.28604931996,0.02007086980801594,122829.2813925,0.042598082907910007,23845.3639478,0.019000480608577463,405334.32288974,0.03251876849925484,54223.89016676,0.045483512039993894,160339.33872886002,0.03892787551716765,5907.52369686,0.00036981972685556246,21247.82945058,0.009241476557508054,164239.72371396,0.013096824258039905,56349.13393938,0.039743909381890014,6101.361481880001,0.0010304104470422828,90570.78603898999,0.02622234824172339,16517.32648013,0.014576968447901654,40214.676543060006,0.002607068124279217,246558.54254507,0.04920853435239875,14767.15954485,0.010520476030193938,18484.290946060002,0.0007233589627554876,12679.004748309999,0.010341352454711598,10641.57795245,0.012752503855218745,9238.26865049,-0.004183623045419125,117084.75254224,-0.017974366665716023,4445.51176559,0.07011198891518491,1371.1207116599999,0.06588794754239029,85271.23168658999,0.0,0.0
2005-10-28,-0.02676688158218654,24510.4260128,-0.006607054787689653,599029.6272999301,-0.00949596334456816,1134445.6581220902,-0.03126945988172462,481092.90025704005,-0.022063455252621465,203520.14165676996,-0.008567975685918388,936603.5874045499,-0.011012238779757225,94064.84354169999,-0.020553056089409008,223231.63383857,-0.021441367936129548,334243.75927445,-0.01807478017560557,262996.48169801995,-0.016009039727685647,113540.36578711998,-0.011532606511461999,53925.64596978,-0.007373538733318296,296743.84202988003,-0.0185147281092785,313411.0814242499,-0.020403066334405924,350400.91283255996,0.0024620312720578337,298697.2683939601,-0.011959028776493026,502268.0290252799,-0.007589791985145641,160011.60296336,-0.011987707786391204,33107.09598973,-0.011397237599849435,739828.1222934499,-0.010372565643863355,177930.14922819,-0.007496144478528931,22799.007767590003,-0.010535057559066767,179974.69727435,-0.010990642398893824,102336.85928283,-0.01973383896617592,63201.910810949994,-0.013261627247369378,65221.251741019994,-0.018612366373170746,84766.62717317001,-0.021539227610144276,175275.77849483,-0.013261637395327788,113535.14858737001,-0.06446645451621419,34190.91546037,-0.010068023975547926,310175.12469112,-0.0356441552086167,20396.363415100004,-0.006042338498738153,558914.0607841499,-0.00770342467922529,53690.662889490006,-0.021207213575693145,226506.07388101,-0.0263845510581898,52273.02250784999,-0.011099331042174185,125929.31079770002,-0.013475480523195407,49873.648278040004,-0.019863583186522055,15749.23868391,0.019041659674990902,392122.04373658,0.007144765867755403,100356.11195714,-0.01261156578358797,36012.21742776,-0.013554961292515823,20332.2296586,0.0006011604298625484,102692.84260202,-0.009608639985647975,257807.45098833003,-0.00555875386931234,23106.497805720002,-0.011498723748254456,30150.028448229998,-0.0038381227644852,72697.90132719002,-0.005631505178182725,390611.70369446,-0.011254221765067515,169791.74525171,-0.030281190642624932,124461.79365166,0.009528438447018528,24037.093310220003,0.0007983160494556647,418709.37071749,-0.0037383545811074128,54300.786389869994,0.018478930380452587,163448.64340653998,0.0012774034329480722,5279.49570235,-0.03936173284188088,19919.08140584,-0.005858067848846325,164171.39639069,-0.009328687791598496,55321.815345560004,-0.006536912558306383,5893.521432559999,-0.017827118968565366,88631.78771616999,-0.004721917028949349,16490.535729689997,-0.01333496630799265,39179.78910067,-0.00041135426125778456,249695.85510698002,-0.008512690105867436,14795.776599699999,-0.019971822927496913,18123.48907383,-0.023526516112845064,11451.631350549998,-0.013703933253015856,11531.41672391,-0.010184554203532311,9370.45004946,-0.025224184891818463,125422.8940445,-0.038129593302945027,4114.57214147,0.026540502450092644,1408.6195477800002,0.059445928816845316,94526.76267254,0.0,0.0
2005-11-25,0.013895926681998207,26037.69775617,0.02335682600112016,647508.84404324,0.005035685455018277,1197407.7908592303,0.0212823401091537,508803.53900432994,0.016107424843303908,217830.71577304,0.03345070551558895,966597.8719356299,0.024040434890391517,100546.08956931,0.026209287840936655,233935.07387862998,0.014354605305017573,359363.69081131,-0.003478084583027251,314840.41239818,0.02320753965660071,123446.05615569,0.01315442450518793,53433.26528348,0.026121677582948536,306257.86793531,0.006021359538252742,333111.13101669,0.001972958284139024,386827.37022309,0.01449026780372264,299852.42332817,0.005580619659938251,527244.50716429,0.03370165724646794,166367.64835197,0.009098972188956996,33954.87274262,0.011206123414188082,754991.8890845301,0.0033885889345702134,176175.51731097998,0.01976032959594264,24652.663163139998,0.016044946835063016,187418.5050601,0.010561485218472895,106458.49130366,0.01678188197900013,66941.10778353999,0.02015354104691925,68971.02088471,0.02945592330797642,91361.86921806,0.002017208889338272,181175.65645635998,0.017431722159572467,117691.77578727998,-0.008329275532518651,35217.3049387,0.005751022025511864,320345.5100099,0.030385901146880546,25244.28302848,0.00526225836408365,582417.0538081299,0.023255543745746572,57588.66073488001,0.013823321912401845,234155.64167942,0.0014855152850635025,57484.402428049994,0.020826068648241245,136009.18592611002,0.014617035764654285,54085.16209789,0.013162452442169311,16010.454533180002,0.03715629911760422,403250.35416355,0.05303512465071012,107896.16024496,0.023924054530798013,37739.37319056,0.05106658966960992,22634.148684080003,0.01667441016836806,103292.95197263,0.007645489422066055,266844.17567824,0.04695113348976399,22623.11002354,0.024084865756161845,31877.238704379997,0.01687868923558313,78012.77533868,0.012628605791677293,401213.49878729996,0.03718618325773814,190209.58560596,0.01801471887198052,134323.03211542,0.04547409456683855,27328.92193492,0.026957803444188275,450809.3406307699,0.03342386661051423,58811.61736583,0.018627731415199317,158875.71261366,0.03743416060778955,5769.31602058,0.0004492589419073993,20595.33023329,0.006691020361643238,172441.57233367002,0.013263874370162868,58522.15599713,0.020045353637897754,6574.56191674,0.003237247696637288,93755.93388139,0.03928842064172897,17896.502159729996,0.024084375274603997,42544.90909259999,0.007324782672868129,252882.10836056998,0.04707969318541845,15539.141775279999,0.020447067629179128,18766.62468085,-0.0123772224263173,11549.17365698,0.021997895774728993,12037.83423337,0.011020715055771416,9909.18249168,0.0067905439974778135,135931.13343081,-0.018327909357083984,4258.86119254,0.07551547207234989,1494.43252885,0.0864585201504332,117350.25168773,0.0,0.0
2005-12-30,-0.005397187271759271,25803.1226361,0.013707362254315061,644147.46984429,0.0044890371489452715,1214622.87016189,0.014226084537008877,525650.1510515001,0.010406941870822575,223322.90224737005,-0.013973266761755069,968117.9104660199,0.03030280091961138,102302.12793268,0.006486724217831527,231081.71938003,0.02048155010737714,356258.02003714,-0.007153298592856949,315016.40511446004,0.014298338887206783,126627.26145817,-0.012645105750529179,54863.203653740005,0.017646570497413496,319703.6001044101,0.012013697184169607,339215.71343676,-0.002534783612813463,380039.62354195,-0.0029442105050913434,307029.76514608995,0.012657501762579756,522166.05423082,0.0009612139198742408,167057.35574152003,0.023328579258856307,34974.85132904,-0.0007466351758214886,791229.34864403,-0.013154365496473423,174390.40533766997,0.047591704979582435,25883.939068899996,0.016313054626070356,203918.92386154996,0.007913782001039205,110447.51660314,0.005325600833686203,69706.03780621999,0.016592619841786175,69310.42746784001,0.00222250234561961,98018.18868145999,-0.005573410373402943,183066.84280602002,0.003973322564009507,119039.24030342,-0.023930077998712572,33794.207694879995,0.011338599216605759,316235.78653592005,0.014282922158837884,25337.97164986,0.0024204748505638955,581278.9284662401,0.015146799263538355,58698.191424590004,0.014334056780989196,234684.94442181,0.004015153430143702,59813.42944946999,0.011964558985018824,138780.15603744998,0.019445122302056042,54064.09580226999,0.0008288937723597626,15641.45446725,0.014184241305505045,426392.11173350003,0.012677477627600575,111868.64465746,0.013400046521828779,37724.61052822,0.015897070705527785,22724.409935629996,-0.007417710631407822,105741.14222657,-0.007946505751154397,273182.58301095,0.005055538026036354,23220.367093710003,0.014504607876654946,32132.798307929996,0.017647572031115465,76704.78684227001,0.002984947482306934,405536.9480495599,0.029200058169729065,186798.19349811994,0.028889287875687644,132432.08118354,0.03310292554653884,28796.746197400003,0.017289133188843092,455069.88485098,0.014895273948017334,60272.28202016,0.001374518092425375,168873.91793050998,0.01601588373036177,5875.66969083,-0.005496106951978066,20933.01073557,-0.0018416513744411302,164585.96237629,0.009036965122323751,56357.743245729995,-0.00746201787882715,6678.72273841,-0.00923685712621809,94421.52262987,0.016697304871208223,18525.659739870003,0.01650912428858969,43208.12054559,-0.002618972726803505,253062.66999114997,-0.008980359452199384,15718.797706509999,0.011117991374605724,19933.20407183,-0.008147488398793349,11777.15174275,0.010548624343989028,12461.46182946,0.014266450534684817,9775.97012677,0.013842900117503618,135890.62132773,-0.03386483334536836,3907.9121101500004,0.049718545377659136,1462.76367673,0.09002568557465554,123377.93647249999,0.0,0.0
2006-01-27,0.027896016575683004,26066.44632899,0.01944781924942256,640115.96218606,-0.004294152384415726,1154344.7808898198,0.05223459444222054,518037.28095571,0.055439062200159255,226507.86737574002,0.049658301469814654,1052445.2896122804,0.072767597509594,110022.61337935,0.028367265265075593,229458.03485565004,0.03336605155346848,349190.72952587006,0.009693832126789035,289544.16999684,0.0526460282747605,129285.28259922,0.022707821418530453,56775.90237671,0.046700176292382184,334355.4774210399,0.02078592469018696,334728.20906242,0.009639540785060933,367045.02924255,0.011279189224119161,316295.18508081004,0.027925409378265494,514923.26391396,0.03600455893267926,111124.98304581999,0.02906225287269845,35017.33229515,0.009933061690958186,793565.5555947098,-3.112503305479411e-05,174510.22859411006,0.016356527381612924,24621.48204155,0.040627110574462506,205336.75422169,0.017316413162004007,109157.49430731001,0.04482461626509582,69816.14920377998,0.02587716531061027,66344.89006656001,0.09104499201363801,105621.18018507998,0.013799331762790747,181155.97527944,0.016186266604015537,119931.53809781,0.03628193858297564,34787.99452906001,0.009072915391089826,301867.28143151,0.02417768092672929,12915.06268003,-0.004543949515068042,555227.5446760799,0.036321830634973684,60728.468644759996,0.028918387281266184,238189.05602427,0.024702676680466586,59590.83753951,0.03358791455519288,139601.51732101996,0.04439687056022029,52827.24251703,0.01422278340588351,16128.50183758,0.012853045596910966,401893.46120779996,0.09862872515908826,131276.80872523,0.030509659604550744,38986.58247557,0.07593200240647681,23685.037015359994,0.007071308171825266,107234.98251524,0.00945319662386561,261996.85032520004,0.06880080831240508,23626.1480727,0.03296967057357397,34240.47385306,0.025808297998009697,75069.71905951,0.020164369961802233,410313.08523486013,0.043329126932061514,182105.99701366006,0.04489356562092793,129347.95228569001,0.06309736047051867,29148.805236450004,0.034104548379021715,462423.76595219004,0.06016170760945324,62933.26972457999,0.009194332932668702,166118.92855194,0.039424493622457445,5961.14438521,0.014987350779080961,20408.26894109,0.004651478160763338,163831.90252147,0.013128560312090858,54182.61393818,0.024775978897984406,6496.913229010001,-0.00287066002680216,90533.68265874,0.039999569807080027,19016.619892489998,0.03640651741620692,45043.88176742,-0.0027171534867589326,247115.86327028,0.052859404892647344,17620.264834389996,0.03433409902898472,20503.81718215,0.033837123604532546,13081.225836990001,0.02642415517269943,12928.4775819,0.02617811145705171,9626.61992921,0.0204937741597698,130491.55779182001,0.002132011926372392,4269.25102219,0.10397163309655535,1558.46019553,0.03410330746092841,126507.90874656998,0.0,0.0
2006-02-24,0.014608479271792802,27357.42858411,-0.006452135674533086,644510.69245871,-0.014822593301052626,1186633.3133385,0.01671768709010554,529660.25516441,0.04245556710904971,244909.18063401003,0.023948705605545965,996395.4687170604,0.05079097524437516,114910.22739953,0.006860818418135306,233124.50256287004,-0.000359323650368302,366519.3525187499,0.0017429233083308573,284141.71591145993,0.037635526610732745,136484.57009819,0.014936820009052547,56963.99824146001,0.023032849161627927,337983.22009633004,0.004670202835692947,346374.05430764996,0.006822237249736881,407415.56640511,0.006531314014202535,314470.49979339004,0.01304568468924422,516348.67651114997,-0.009038805682200527,106929.08227678,0.007195986778637755,34278.34193366,0.007499124460790283,805049.05478245,-0.0002063180625559388,176387.81108355,0.006613860972857498,27542.86069533,0.01970242341925322,217014.61852958996,0.009072185160784747,114588.32198536998,0.03696232613861558,74732.51174717999,9.438167648466889e-05,69158.31603709,0.07220398883023024,107796.09651773999,-0.003718365709431313,190913.61293847003,0.0009955899720619139,122241.78044244001,0.0019136743163679357,34966.97092677,-0.01580823511908449,310166.34872675996,3.783819773204504e-05,12878.3679548,-0.011575465781577657,571589.11791598,0.026369501428880084,63577.18705608,0.013540422968596337,250599.19661873,0.006869695405744794,60287.33198414,0.018856302665505524,145401.02214810002,0.03128266661824727,55983.59410903,0.0010873416900074777,16411.660656040003,0.0015363658095793394,415064.69988583,0.0611497768484083,113697.65592054001,0.020871201296404705,41953.62904477,0.046562129419465303,24370.57045796,0.002328759704622348,105670.7940411,0.009796529297875521,272411.58192575997,0.07065772093839259,27586.555489749997,0.021539315100173935,35860.82314319,0.007190681116261388,78420.25100325998,0.01081673038049813,415041.66550514,0.013721313200110793,190166.55113402999,-0.003869095867613378,127444.05934417999,0.043695124770425586,31240.286804320003,0.024140257805653594,494052.27225634997,0.03940080494506918,63910.881193949994,0.00324474737567943,161844.92646079,0.02877215661524092,6141.68936947,-0.006908524820939299,21676.20382315,0.0015261002354938682,165315.31287489,-0.011235527149416676,55799.0604063,0.0007500554153450512,6499.136265520001,-0.012733561654380714,93478.86621084002,0.020756357713068944,20280.855268479998,0.017178835827039548,45717.331299670004,-0.007364115991724767,251870.30194540002,0.04983626839923773,18870.88718444,0.022428556958717722,21419.779865290002,0.03305031352426145,13745.7003625,0.012349591545446882,13608.12155457,0.01342885436881505,10134.30171821,-0.002531866515259323,135103.89178123002,-0.014547227613250408,4199.10777255,0.06347514676564871,1592.26984212,-0.024228107726428492,109188.01659168,0.0,0.0
2006-03-31,0.03213169437463533,28557.63267635,-0.00034225138489043345,649530.4067178301,-0.010962194099304715,1250566.92274055,0.03565147044768001,524173.52916974,0.05547560797954374,257518.62210412,0.04353030223998627,1022623.5315611497,0.0709316148143753,123140.89454708,0.0188222486209385,238959.25258780998,0.009231408783443926,373997.8722808999,0.004635935965278804,281842.36104048,0.049824161313230295,141478.51487759,0.020754594888765972,55123.2437127,0.029686557650041707,325491.45763236,0.0030285970176409703,315161.07033831003,0.018767152807868087,410475.7922931901,0.007123396096942295,305308.72366336995,0.022009335788239395,520760.01236104005,0.0017168862414925212,110194.82900972999,0.0150526147133923,35731.01683116,0.009982796806824816,805754.6753109201,0.011382002771151005,180506.19951435,0.012821354624681293,29414.530930880002,0.027218420977446593,219940.34029202006,0.0049591290707691645,110555.34644575,0.04756912115222236,78144.07074780001,0.005310309311155249,69250.5164195,0.10548448451030114,116314.30486000997,0.0012463686315655467,192563.11421054002,0.018262860995681997,154679.62143923002,0.019589434425762248,34686.14297057,-0.011778814740227647,317883.09946591,0.022365082229897398,13326.783022919999,-0.00018564380218099593,587178.88246836,0.03259003625419026,65362.527227260005,0.03843086478616274,260964.52636219998,0.0077130247695762055,61358.20512503,0.026676943630046822,147330.07956734,0.039777340383094384,57194.068236600004,0.021889785931931163,17021.302425140002,0.0035477437952860786,405579.98263890995,0.08903515274221162,116739.77696952,0.03901430522744313,43719.14666373999,0.069335517722954,25822.79843565,0.00047299784333924356,101680.68597355,0.010064239084482549,266857.35321646,0.09734353237318502,29473.165984509997,0.04594273639752988,38653.74333157999,0.0167620960457959,80812.56471396,0.012878379423146147,403339.70090159,0.02565311110273531,187432.51149729,0.007818179239873935,124367.76444656999,0.05892709115154102,33543.758417749996,0.0357606694596778,508659.78349599004,0.051616885413857144,63129.54138359999,0.0037240073347292557,161123.24511931,0.04075468772995969,6236.633440240001,0.002228657926945544,21862.80642583,0.015933155542990064,188052.39913459003,-0.004906656019607467,53639.45469010001,0.021824118588080893,6875.62358305,-0.0045173770084740925,95967.97519453999,0.04093677218011355,21582.00813422,0.03491571161538975,47926.23784118,-0.003677245587391005,254159.56376434,0.07369463861282739,19313.65691619,0.035179418905187304,22024.082732290004,0.022660124790190382,13084.509681689999,0.024696994513382135,14424.63824904,0.014843782678709262,10796.73006549,0.014026863663428268,143511.55674179998,0.0032513880585630225,4282.46781243,0.07054498159301896,1769.9897240800003,-0.0068184975430887985,109454.91201530998,0.0,0.0
2006-04-28,0.010767748279663484,29059.712008940005,0.016062562404385906,659959.04894101,0.010567702431272984,1253312.7250332,0.012508785759176124,534311.9814339799,0.021801329601567866,268956.88918992,0.018671579348680082,1084763.8899928099,0.024476706547469144,125975.39000652,0.008365166900782336,237732.10294173998,0.0037447616920916168,365753.78612552,-0.005422720707674275,290423.38764191995,0.0220986788051976,148550.64800082002,0.00863789052614825,57148.904003259995,0.0186902567084124,321353.41496799997,0.0003329513854073137,312766.38383140997,-0.00384751989051934,389490.29592506,0.0011548771563855355,316449.33030902996,0.0005564275724725558,527536.6492258,-0.0048057727590726474,107807.35975179999,0.0188665671844391,36057.68811558,-0.008088484911943361,774361.38340351,0.003929166405809983,181007.43183536,0.018017950757791425,27757.28928464,0.00944896641534505,222492.89970277995,0.01018077731677864,110147.44056762,0.023647805647059556,82283.54400497,0.00788028254437622,70010.58291411,0.05144069185524212,129629.69995298002,0.0003189719002042661,197781.39420401002,-0.002800110085947458,152725.25801810002,-0.01986176530349866,32277.879772819997,-0.003201573938319094,304574.60995426,0.0037527275478172624,13109.620842349997,0.004509370159433746,599966.19812686,0.021291086514680126,66988.31065721,0.00818713961342177,247126.78755866,-0.0003269368700937872,62449.77777683,0.009349179611989845,150040.21783232002,0.020530978818852928,58659.103869880004,-0.0033963396561366033,16636.722969119997,0.002081585725324403,381522.91744159994,0.04408684945771695,133688.07756894,0.006815595263170892,43193.50888466,0.041812723366716945,27815.148002560007,4.750447070898572e-05,102942.57476089998,-9.942137923315783e-05,260359.32177764,0.03877299129333548,30543.205841289997,0.005147287829030917,38254.97346196,0.014707015317777669,82301.77177545,-0.0071306777019807584,401413.40091617004,0.015659627038414833,176620.15245056,-4.1755649458677704e-05,125415.24880116,0.04056054684622828,33859.96354808,0.02598462021722329,528148.25668944,0.025565399196944196,65846.13983116999,0.011254206476051007,160138.21436594997,0.007279521352105082,5831.52854173,-0.01604545858545252,21026.53767277,-0.000675483387381397,188283.58093538,0.0034447173507766056,53617.00822724,0.022396275646276435,7280.074632690001,0.013515931319677203,103366.7003801,0.0238217101518646,22087.03066561,-0.0002973740635286105,47372.989372530006,-0.002912065599932128,247746.36850991,0.03696951272759544,19950.653951840002,0.0016170980854558277,20996.40493014,-0.01684420728625627,12694.52444134,0.0011856492559802014,14176.348646639999,0.0004396034290040478,10839.003856590001,0.01389852424390955,147465.78516738,-0.028788867942458454,4449.05531457,0.011064027104002012,1709.7132595100002,0.06385923771134903,130385.28635203998,0.0,0.0
2006-05-26,-0.007106352006769729,26416.77218174,0.004240021264732268,645422.8981575,0.006111529163843584,1256320.78701158,-0.026062284003399692,484557.82420862996,0.001874078010195887,252076.42089011,0.005181083920300492,1003860.5319003601,-0.01048604073871724,113060.80711181999,-0.006829702920038747,227979.36100912,-0.011127716921411318,349252.32286206,0.004920037304733639,296989.551777,0.0035655002602295216,139221.85241844002,0.0104321354194521,56748.98046384,-0.00936162304204186,311830.35182836,-0.002779725620775657,312208.59991595004,-0.013287921649165816,376334.17125689995,0.005399518622058709,310881.90325618,-0.02237606572873469,472465.42986649,-0.023679659368907948,96168.46018902003,0.017429267558080285,36315.03575014,-0.013675884309548662,761368.19965328,0.013049722812633757,186471.19149973,0.0009598246606212345,27117.957172759998,-0.0030270682975094823,220182.54029123,0.009262015354373956,109364.82830066001,-0.000863049311858558,76445.96759469999,-0.003523305434834081,65072.42525439001,0.019441518196314324,114798.22915432001,-0.00471391202107751,188462.68620926002,0.002268574450802928,150063.82505685,-0.01614864946171499,31376.441672990004,0.004427484052462986,305028.71933263,-0.003996143482581504,12670.480410390002,-0.004760559394519675,592044.9064590599,0.0048144639614264685,62407.707537890004,-0.016872574912263023,237258.88060194004,-0.015641851312240326,57323.683854619994,-0.001545191376293408,145684.53631844,-0.010265041075472794,54617.063304300005,-0.014128222533111325,15805.060278030001,-0.012444404277930981,361527.46287184,0.019043919671616057,116382.96451344002,-0.00046026893911823305,41220.67788612,0.022658521976862855,25989.31123645,0.0022161949902738867,100630.48763870001,-0.014578985510347347,255215.64061751997,-0.010942014572247633,25411.17678854,-0.0060862189055201025,36499.12899483,0.005015016032780724,78570.01615134999,-0.017410581262716815,389069.69705193996,-0.0013907360793731578,167969.71447207997,-0.0038040875442271888,120714.23567436996,0.018746713987855112,32961.324494329994,0.0057473306357398515,476941.80833544,0.005744049366907318,61855.56876,0.002962166730914613,158976.65553504004,-0.01843887544932217,5398.649884400001,-0.026768675682756645,19494.156436190002,-0.008615020586033459,194909.52104426,0.00028433487137092194,51966.08283535,0.011284159891237749,6824.3655408800005,0.010967967612566706,100675.40756838999,-0.00024843775990979677,21071.684046840004,-0.010176547293289307,44761.61708185001,0.0024367316796800433,256515.23656619003,0.018028554534948546,19632.35848672,-0.009302685245880614,20040.418598410004,-0.0028129143589826246,13687.759192979996,-0.007383617210797315,16131.00341028,-0.010289880976307682,10477.171805729999,0.0019076351475199277,144856.25011984,-0.020546565074621454,4970.36869908,-0.02288907497929779,1589.5949864,0.03704701960403545,112244.67720331,0.0,0.0
2006-06-30,-0.01839640636591921,24662.5722686,-0.003412204367451278,622764.9407675199,0.001626135004801678,1234937.15003664,-0.04495955137167679,455769.99928196997,-0.006299524135992145,247767.09154899002,-0.0038960351004238307,981019.71549681,-0.0364385690980225,106612.95564709,-0.012837516382940492,220176.75915737005,-0.023436079532899154,338244.53180924995,0.005865728949061883,288847.7140765601,0.005006403230229755,138838.28752553,0.013656050358269852,58862.87641417999,-0.026718048383397325,296400.85316791,-0.007486662010256022,300038.22359239,-0.012767796141691285,363646.75727911,0.0031134895972579745,317365.81125269,-0.02666291648318895,472938.27235399,-0.05390153859632379,87971.37778059,0.01727344232130385,35773.73400208,-0.013913432166242285,760764.7298760699,0.01593117002813637,185087.62401480996,0.011544573257484616,28511.72017229,-0.0034808101868672708,212797.98146523003,0.0044501124944072564,111875.05609057,-0.002015807543761912,77105.17307183001,-0.021160711314030353,65893.79702978999,0.008223712150786886,114806.70818367999,-0.004681800521486094,185934.51839468,0.005549174152565921,150802.76989291995,-0.015761986456575415,30564.233457119997,0.0077722852405041065,310840.45995200996,-0.019214786526087043,11791.47050426,-0.006509200193754016,574222.5450533801,-0.014349740444860936,62130.21953934999,-0.03541332517464688,225380.41429415,-0.020385183055081392,56953.96497801,-0.011331289004626016,140345.70601687,-0.025892368379332273,52425.54754317,-0.019290868296368925,16144.11928865,-0.020635702821983154,364873.95109548,-0.0039872566324266855,116211.75590484,-0.0068911781327165925,42646.530652539994,0.00923661881170127,25870.427326020003,-0.0008032639745238967,102012.63689569998,-0.011643771393686539,260183.52439391002,-0.04892988573519837,22297.058109529997,-0.006581819650807672,38415.77477165,0.0053671892463455755,77822.89023190999,-0.023707632097531524,351846.13530038996,-0.010497736451449347,164584.6988375,-0.009144905362607302,120487.82366344001,0.010598931372314515,31345.13695295,-0.014843401802710111,469874.0103364,-0.0066111100872423036,59924.605604360004,0.010710552990260486,168887.35002741002,-0.04516405351601809,5227.8498206,-0.04149689652471998,18861.72030833,-0.01174852957603306,184262.97361532005,-0.012450663188874457,52094.34722379,0.009319848174906331,6717.4938022999995,0.006106911161917103,95925.7441729,-0.019083289275229405,20162.37082439,-0.020384747614055933,45650.98876597999,0.007513149122283779,253625.42479473999,0.005864925298546915,19410.928456409998,-0.010105187397456857,20754.21431517,-0.0073132142660124,13343.07521862,-0.006187913549969198,18158.868979770003,-0.015636435130041842,10001.91597552,0.02048115176821521,148017.52341149998,-0.013465932366538265,5023.217146700001,-0.019454050201883073,1728.1434557400003,0.03040000942457021,122278.37479359,0.0,0.0
2006-07-28,-0.03990014578912606,23373.701123860003,-0.006118453502781253,632169.10729886,0.006655048568953992,1272373.3615170498,-0.05649152935453449,415135.47391546995,-0.023889956584385464,233271.96426334998,-0.006895671960166171,1042104.13279353,-0.05692346443442196,102400.49801170004,-0.02090755588982703,210950.53225209005,-0.03196373889434433,321059.54828319,0.006855095653016447,291886.60361987003,-0.02347473014464739,130368.46129666,0.00918064006008792,61348.21174499001,-0.027234711866773616,280545.63953591,-0.007439984645485773,304373.26757259,-0.006255234164959708,366880.29849966,0.006878065961539194,336828.03300729,-0.024247908271999293,477241.6420279299,-0.05918173828273096,81031.05982711,0.0024878175910170138,33502.880961680006,-0.002627597170203671,800060.93434609,0.015409419041499433,188227.19815236,0.011739358482330004,28665.71460065,-0.02037563802557086,210492.08325110996,-0.008091981823983045,105571.81017065,-0.02346825131264558,72038.12782759,-0.02417666870616824,65007.83768585,-0.016031028597955802,113382.13859311999,-0.01308629005351187,181528.15333437006,0.004950214796610594,156306.70075771,-0.016508634988998152,30252.3149254,-0.0024113641299548707,302570.06760585,-0.03115210221316896,11470.21149327,-0.007239661212474511,567967.8295046,-0.018987111151808136,62192.29553778999,-0.04266366159335695,210593.73412387003,-0.018031590133563747,56769.67057637,-0.015017758392226811,140291.32663324,-0.03016787244400989,51605.54261374,-0.016110565168315546,17475.44092766,-0.017807868223181304,383477.45706034,-0.03405774861962344,106144.23816998,-0.003244371124474895,44637.31695076,-0.016181251265137614,24391.762002750005,0.0020857500318542327,108339.04067413,-0.01232313910352977,264311.93383445,-0.08289734382930566,21226.751287289997,-0.0029972486689575583,41461.42601014,-0.015223035610594125,72608.01400582,-0.01095884028368487,363784.09923744004,-0.014155707300907466,166160.02029768,-0.033643421712336564,110157.12532524997,-0.0025679196022920037,32262.935654650002,-0.015105197560811055,475420.22306494997,-0.02512711289217018,57275.14837895,0.022105906631578333,186100.68830208998,-0.048504070652119896,5324.97415442,-0.0374070290417627,18575.425659499997,-0.014748547226168276,178129.22042683,-0.020400931789476513,50685.84980501,-0.017822654047080073,6727.93607951,-0.016594717592498084,86897.18993522,-0.03021186438747179,20098.163962309998,-0.01569675980572081,48219.09322658,0.013627239651831234,263661.33323521,-0.002408482504741487,20266.03768526,-0.004596314358058064,21819.19202437,6.227137185505849e-05,12592.16421616,-0.012309353350080057,18793.290489400002,-0.015931851213626898,10053.5532506,-0.011595323399322994,143252.71158724,-0.014666100137479555,5372.71743049,-0.029606581107002913,1685.40778002,0.0011430517388134522,118133.35658383001,0.0,0.0
2006-08-25,-0.019874636762627764,23564.086362790003,0.008495647531564067,639585.23875804,0.017287309730316305,1292428.46698362,-0.020068137778534372,449621.27148133994,-0.013094985691591116,238944.55118874004,0.008090009191259821,1076111.12960336,-0.02953054843515264,103312.52866169001,-0.0018514863300664374,219878.90728145998,-0.0195854567919629,326685.05081190995,-0.0016400983390040794,298931.5380956799,-0.015750628926292642,111715.00402113001,0.008963795664758299,56643.413347990005,0.003562876984820583,302917.31830181,-0.0029286244855310116,301827.79570053,0.003232568550253049,383931.09488628,0.008726772101888266,343370.03691831004,-0.00555425946297677,507434.6378498199,-0.03331416208264169,82750.75447731001,-0.009078378426252823,33372.87014087,0.003533510235111273,812053.7923593001,0.00963576164710335,193481.10416857002,0.011768622611315442,27191.94463741,-0.014694060923111459,209251.67329711997,-0.006618283463176084,104137.75876252001,-0.007479665469342492,73929.47452345,-0.010044564414432952,65111.147252149996,0.007424220109822202,119991.94063725,-0.006001823908126161,185292.64437245,-0.00245498774329212,156987.6740664,-0.015030139002466747,32992.28089886,-0.007166066718217516,305226.13536496996,-0.016938666636549856,11653.36682318,0.003957053403453985,582190.7402664399,0.006955565141076359,64722.68580437999,-0.011751481888898158,238414.48239951994,9.597054210971597e-05,58978.70072295,-0.002254884089273005,146035.66061214003,-0.0032711699090687005,53158.17561775,-0.0009643368566436003,18861.58424399,0.003652206797756473,384491.53444545006,-0.0152147873249461,115577.25433966999,0.00912635224345504,46972.87394847,0.004689541702432345,26179.28705845,0.008436515504911112,109359.36278537998,0.004753287652500936,267938.51933522,-0.03442619379404567,21275.43244683,0.005018687809878768,42754.04965757,-0.00692685308918356,74742.73936242999,-0.002266309081981311,370890.91128153994,0.002846859095700652,167964.62253989003,-0.02659365471406798,114026.77426192,0.016020974509522744,33366.280593890006,0.009522392422071077,496918.98640734,-0.00785208729766701,59706.58489855,0.030662372446291976,196096.77415329,-0.0177737568892829,5510.116740969999,-0.022449133715468673,18232.68542534,-0.011700096205303337,177135.44272798,-0.013123029713624177,50006.858929190006,-0.005603911803129344,6684.10904247,-0.007801420295931005,88075.22052524,-0.011891921940750668,19410.271133259997,-0.004789795093292181,49422.39830742,0.011009624796943722,266188.93161818,0.018178841127504987,21824.60236846,0.0047997518056908575,23940.86374107,-0.022050098610141348,12619.30161096,-0.006482068195993681,18883.1027966,-0.011687598043586624,9772.21879816,-0.014576737497113358,128139.96486599,-0.02565484122703445,5382.771310550001,-0.01301098275709755,1896.9309755,0.013907596996192977,114392.42853371998,0.0,0.0
2006-09-29,-0.004253231120730588,23749.85147905,0.021395097752938467,665661.6675307299,0.0265355400318302,1319652.2691167202,0.009620388762217673,473592.67534213007,0.0014354853468440973,237470.26114842002,-0.010140440299839399,978679.2599723601,0.002186846471710798,111391.24363607,0.017352707281313773,229848.69927666997,0.01781093323009562,350317.33737892006,0.012871607180414713,308048.66005155,-0.0021626870122411174,113750.23451157,-0.003988972432548168,54628.78619985999,0.03294269319429022,318645.99101458,0.022212822216875955,317164.09830119996,0.01817341279364469,417615.78228343,0.007890058442944138,343625.77684485994,0.01751836043671458,540638.21938936,0.006704158662538335,89300.66817322,-0.0037762196896522575,32757.36918856,0.01568618624885956,846224.83474301,0.014152117879247588,194271.32635618,0.019803777557807316,28158.14927216,0.017522805609159742,224732.88427853998,0.013776452274601956,110064.04442267,0.002652141324082864,73093.08288829001,0.025779710004869637,71545.80797216999,-0.009994547833000935,109254.83573485997,0.009960061297055754,193806.56350281002,0.0041743049114054045,163337.70480722,0.01796769956444078,35819.40272575,0.01563445598799295,322384.89507583994,-0.012967929810973469,11606.210481089998,0.017857008774663837,596238.1428092802,0.0195022266520899,68304.75351911999,0.021566315209763723,258424.1521796,0.014924636260166735,59727.494300720005,0.017539171393048336,150192.13702539,0.02004301335051297,55107.67020424001,0.009368612211069327,19627.32296004,0.009616052260535883,384184.77036307997,-0.043341656155036476,99254.98295367,0.019767486071330706,48630.745661810004,0.006581118595431182,25353.55376281,0.0021780815439338954,107194.87729351,0.012910126132683967,277075.2216805,-0.027035255266616876,21819.158015329995,0.010263110450476877,44140.79989221,0.002150917225465914,75714.06113563,0.01073184015075055,372590.78766843,0.025989635554441736,173697.40375908004,0.017021399464092618,122200.81004391,0.03075536179518347,35252.30185018,0.02859296490517806,535728.29140868,0.0008746753838711512,58916.098834909986,0.006977263632078693,181712.16264325002,-0.005656444733302707,5417.38061768,0.019925699789520995,19618.70877757,0.01587293868968324,188075.76579364,0.0067213922663090665,50588.45718461,-0.012906659576407388,6628.42588676,0.007106884641903563,91665.97076856002,0.011694460159819408,21416.05639117,0.014398959822300168,52012.09261961,0.018506926490165526,269684.75779362,0.021406657844494994,22375.81717395,0.013025008416466869,24546.88084963,0.02764206998443003,14181.9659155,0.006048294882080997,19836.024444180002,0.012397763048139115,10277.45338877,-0.006644266973219781,130811.37319107002,-0.00465335704808095,5681.4204797,0.018876526620552822,1986.8236256200003,0.00790731247229662,122514.78056801,0.0,0.0
2006-10-27,0.019182601713967712,24479.12181652,0.01874208019667944,678729.9164268601,0.013023145925226711,1328551.722896,0.02519783766470109,480796.86383273004,0.031134693054826326,252312.99577830997,0.008763789509005915,1020132.2797328801,0.029199697925337827,112089.38525049,0.0396741699025257,248343.13164813002,0.04295679506304988,365454.27477285,0.039251209544843575,328249.59735587006,0.04778283453375902,122747.47944249999,0.009820123462069456,57316.23747341999,0.03883473856786718,338000.61386903,0.03269510960436473,327980.46529070014,0.0319195415249798,429292.04587343003,0.018472976785370184,361751.35968692007,0.031008411386680295,555156.6275705099,0.026126943688359106,88632.85098327001,0.030551322997006115,36428.08180124,0.018035739531969824,879238.19081587,0.018079431002099227,194844.76633471,0.0336999418918391,34391.41964169,0.056361589594779465,244767.54710586,0.028494079939361913,112341.66256708,0.026493007055600693,78828.67520428,0.053164068240112466,75157.98281192,0.043009811671783464,124112.02637184001,0.024226735087024935,202772.68920944002,0.03061729216041565,170450.18433901,0.051498530436178316,37054.373094070004,0.03305406065193791,332822.42542452,0.019643218993717595,12739.82080178,0.0139627616250656,615807.8045995398,0.023522836815507448,72850.70040104,0.03686734706122707,263270.95166412997,0.014806528738049102,61192.00978990001,0.027807670263727796,154979.14955521,0.039120890605294084,58364.951868610005,0.023939545210119494,21443.03288528,-0.0007416074679523082,380396.62269264006,0.008683633987547148,106239.93274912001,0.03659473451005388,51983.32715866,0.039359343304253044,27960.89186505,0.007158499906222367,112303.97668496,0.01232854995102547,279418.78310071,0.01708115744176003,22951.95768981,0.02831783546326845,47295.37409859,0.02455575153219302,80077.99480459001,0.01319856917094123,386138.73776093003,0.03791409446244492,182674.77553144,0.07042343083387446,135670.86476476,0.052776663463047366,39164.55752697,0.040504581969374745,571363.1790499801,0.03559470702747518,60650.52690841,-0.003404572592659473,189119.68576714996,0.028868497612777853,5425.39328553,0.05467048777090841,21794.548845100002,0.0429873842223693,198079.68579038998,0.0181483583837681,50869.12811841,0.03189935397678096,9707.07725367,0.025185694157778292,96229.50267446999,0.04701417358390707,19009.44513643,0.03664326680362904,54809.189355040005,0.013482394470503178,272786.11748571,0.03838468630190321,23674.761265600002,0.032811629454823674,25723.608902230004,0.05670480179449051,14982.545467749998,0.024194062414835238,20087.44157127,0.031065892501929857,10702.93818064,0.02711682357698463,138270.60023193998,0.03644040496257993,5670.948904049999,0.06453222109256197,2157.05900087,0.06915139135294225,145716.12976431998,0.0,0.0
2006-11-24,0.023726880561525845,25032.206455389998,0.020728434708068115,700372.42007083,0.008968771831904759,1348082.88669783,0.032202966620168444,505235.8572754199,0.039778757391118746,259588.47687009,0.02096042124881522,1057458.0172119,0.040917199079883546,112117.80671779001,0.048812023042853266,257032.96496229997,0.04223082387371073,368989.52662062,0.04572054424793333,343394.6375608,0.04365355754931899,123175.44789665997,0.016178499782496896,58563.43391488,0.048940724592306833,353435.57331141,0.03149995586458966,331630.58598529996,0.03096157740332527,414556.06435736996,0.022233540859785312,361697.27771336,0.04572547961945167,570100.67642488,0.031965702796439746,91564.38180433,0.038645922732181724,37493.121788360004,0.011976641730287119,854412.68724145,0.016981058474826845,193844.43487296999,0.027965382393071666,37196.308940719995,0.06652141275823686,254311.43464304996,0.026928671611697375,112927.10120914002,0.031240598476152535,81254.15034577,0.06207925851732561,81985.24076222,0.06537764519240641,133573.21983989,0.03767910078567123,210490.66367670998,0.0501406416090968,181798.32864096,0.06117133071200896,39938.86618843999,0.021707912617860183,320588.4881187501,0.02691651133913624,12817.5936846,0.014217170100546224,627271.90605413,0.02791564852030218,74929.2529007,0.05455019345934911,281955.66001985996,0.014523137663978704,61693.631887430005,0.029229768302195733,159200.47997004003,0.04957647218398574,70334.65456831,0.03868019708927271,21960.228165859997,-0.019964512383712087,360223.65091499995,0.027185261918722635,113349.31706381,0.041667050395566146,51109.8514992,0.039794351992788364,28119.28448112,0.013632864215110802,114940.68111566,0.016766219238875047,282393.17968437,0.04732236292596409,24804.57680736,0.04048858477961741,49974.17101587,0.036206162553386274,83674.20060954998,0.018075452892662363,386174.80971703,0.028515087207632992,191653.84690826,0.07513521194258888,137990.30023579003,0.039780173578855466,40252.11176016,0.05400282934728619,598060.96858695,0.0402707961855225,61344.95460177,0.006318648313552019,200052.26542993996,0.02877109824712419,5607.04784296,0.06188878939992516,22732.93883732,0.05724048763964207,206460.48149712,0.025173085178747206,52819.238537239995,0.05372444231884398,10255.427082260001,0.03104192686917825,97941.38684428998,0.07072623042902648,21451.11840599,0.0473530733817969,57138.87400711,0.007757618022054216,271513.21175506,0.04204434835122758,24283.082639049997,0.04104285152626669,27018.810531850002,0.05572618451513565,15042.879915180001,0.02946280888311238,21311.8094966,0.04016437656973107,11058.71338248,0.0262751295821086,143063.45971598997,0.05885736461096957,6493.53369237,0.08639912033109307,2271.11138189,0.08598762375372504,150930.68942215998,0.0,0.0
2006-12-29,0.017526587454222253,25322.455711140003,0.011578365861087549,710528.8341445101,0.007377308594636846,1369071.2566824201,0.020849116219459892,482781.9973390899,0.03491752750748849,257296.16091993998,0.029631224341303334,1095182.70221046,0.030527272233948494,104530.52109715999,0.033577576457181985,261501.52757196,0.024635209331328404,364364.3924486101,0.03280117863124056,355620.2106649,0.037717976746272225,118269.46234193999,0.0178498029185941,59821.06782565999,0.029506914685304638,353880.64617925003,0.017983592203919894,338099.56759835995,0.02574150449629365,428282.7419840001,0.018884694996310892,378957.90874185995,0.028224726398560995,557356.3761163199,0.011884722909188308,92581.48856159,0.030557223204320628,38324.97859596,0.009509495545922637,842194.4248226901,0.00864161435293254,196311.34955009999,0.03368576689841851,35622.99318697,0.04873618384549161,256943.88493769,0.011218608146092556,115903.75605899,0.029425530561108797,79730.36711205,0.04203952041542111,85040.8170199,0.07384084208732705,132242.6890327,0.026196912875133788,210058.66576578,0.04036542744074452,180254.45018177002,0.03103397146809774,36738.849508759995,0.004319997116311998,321804.56092148006,0.01951288275003576,13571.48387262,0.008495212368193457,647862.8398842599,0.02554865543743271,75763.30158664,0.03253066799037772,274266.59874230006,0.016026104458658895,63854.88547834,0.021952399317711688,159526.59270721002,0.038540512960465755,70629.84497772001,0.02969834443802075,22922.55839002,-0.014806648394107814,392119.48200545006,0.041803740045934984,113045.33737062999,0.03303900667659615,49203.35290153,0.038091716888023736,28194.97968047,0.012127153148390852,116703.84681012,0.011515251371757886,282538.66929875,0.04448428365994943,25249.323866560004,0.041127010896151436,49093.772841230006,0.02277800866707088,83431.98567274,0.010945279750834456,394215.0544812,0.012578732179424425,181773.23659380001,0.04196168990764122,130108.68562864,0.03876210258562761,40954.81014606,0.04004217593623687,602453.3552178399,0.03429608431785323,59602.013881950006,0.015136856714837476,200084.48249036,0.01905830787322007,5426.34337898,0.033688995736213784,22296.33818649,0.0328157046814418,213200.47821764,0.014159898028475063,54411.642659050005,0.05531571554799557,10071.94223066,0.0200469015209315,97035.35047006,0.060392982613155774,21749.80349389,0.03765311452830918,57032.4994236,9.954866555418216e-05,277178.16740755003,0.03992140605834123,24674.88619935,0.0337631421127503,25675.97597233,0.02484634174612781,14926.01690259,0.030650865832539655,20642.572372970004,0.02108598902367982,10833.437620249999,0.020747865052531303,131845.55413298,0.04239025856307421,6618.4978587000005,0.05279554325549073,2215.69618849,0.07475885967500848,138938.95405781,0.0,0.0
2007-01-26,0.007473039570228219,26231.846033830003,0.005739653299728113,705524.80790821,0.012726403889488865,1348957.66725933,0.0020468736283551893,472031.5427784401,0.009715257872760084,254660.71093034002,0.012620267749002446,1058289.6286224797,0.006559227804545519,103731.40040965,0.017733531515824207,264557.75838752,0.007768907124927842,377889.03558803006,0.01614271963850793,364696.0321293,0.002500814541115451,123170.02000569,0.0043899539018343505,58358.15973593,0.008942081215738223,356495.15041915,-0.0024349179405726827,297286.94287189003,0.02471711819347919,516616.8981496001,0.006392024711603011,358748.84721821,0.011169534509686128,554210.0807277798,-0.003811130036424905,95554.80229800999,0.015135937549264195,41502.229256239996,0.007691415470925912,865219.9600011902,0.0041775614053798,195494.40624507001,0.02141253365081836,38331.1515308,0.019076953494496333,264572.02648102,-0.008440047738231973,111926.30795802001,0.008229528242278185,79837.51129982,0.012631265109922778,84481.34421415,0.030376940072945446,128043.87885092001,0.01317875857455597,216525.83500074,0.033270031202410656,184288.92265585,0.00383668941695383,39559.475066759995,-0.0009005905459969036,331325.59473191,0.002644154559229559,13881.96142115,0.010809067029546655,643767.6953862701,0.031214631364459292,85602.34544223,0.00917524156231994,257458.74896554003,0.015048714134877503,65826.01924926,0.01585061054282113,165283.26923166998,0.023691505470175657,73923.28455165001,0.030530973039015422,24558.72171469,0.005794313591377632,376823.5216562,-0.011596836214221121,106233.42188224,0.028547310148995822,52827.65922638,0.010652152435201543,27809.68713545,0.005931730876341247,115402.74443565999,0.010030538523701834,297233.94814259995,0.033522877782921526,26788.433492739998,0.03526317033125409,51588.18445306001,0.0022513942902966304,83525.72291798999,0.010356614063396686,410655.9924449001,-0.0015761352126477982,189654.40778712003,-0.0005979988196040263,132856.77646346,0.030410339765460766,40135.41089824999,0.02834030073765559,633757.4747052299,0.002832535098462971,48709.13631351001,0.019940568490381755,204585.03927154,-0.009806371755569131,5379.03516501,0.01686477532276142,22729.66242565,0.006390546748869501,214503.41078737003,0.009269598073218149,55491.24095333,0.0310904683738393,9990.7305706,0.006767343482393696,96845.1691746,0.035710308896224494,21467.82327804,0.02890239502197814,61493.093077519996,0.0036665853459339325,281256.90769322996,0.03944919603299498,25863.53931254,0.012934907031655831,26495.14864754,0.0020767476388886237,14958.30249907,0.017904035510920527,21282.152269039994,-0.007358208455103455,10741.673830619999,-0.008113296866914529,134112.44892473,0.010941106212085506,6638.26802234,0.0172833551871839,2368.0663270699997,0.019779390087572506,146847.70619267,0.0,0.0
2007-02-23,0.0029479162901638527,27251.57935755,0.008985668152192358,718338.15658251,0.012417055901782732,1394414.6731540002,0.010578664671103766,490547.6258216899,0.010593219132809605,279023.65329154,0.015489558317747792,1082457.87818868,0.010060700608392936,113143.18535301,0.019777658448778608,277754.49882244994,0.009392408206393688,385233.07989761996,0.018259926706922523,365898.7814426,0.003761247034762965,131553.82719885,0.003974575260305607,60210.84481715,0.013432106698747422,360005.621029,0.0019054474936014423,304710.27202278,0.02125999988584996,540037.03656348,0.01121835003419755,378549.5304923399,0.016154296149227962,547134.9673755299,0.0009397468489095429,100065.40374837001,0.019755731674014045,44037.36782949,0.007649929722765269,859416.0719381301,0.005221307217427366,200442.95016058,0.01026983541205305,43827.58694162,0.01781877057856709,264693.13220945,-0.008925557976210372,121752.44719163001,0.005164326696905416,83706.97228048001,0.021889908457245966,91222.26778305,0.03333753493900926,143576.74367507998,0.016779290600444682,227566.73649776998,0.016600564558715475,93392.98960191,0.009108270327315914,39218.75612284,0.0023132349273856856,338582.76350051,0.0074305819804370045,14124.05070842,0.010447499033771878,649278.9052558198,0.0279477849180379,91457.20510854,0.014813998928666887,265327.26934078,0.020411818215906603,70163.33004697,0.015832915642969,170202.39141985003,0.019862799262045806,75482.4555355,0.03213235599626488,27367.96011631,0.00907465493617621,399443.2667316,-0.0009317154946165227,111696.65682706003,0.021428042880542668,54623.97435682999,0.011611841721948383,29668.3632896,0.009002576916349475,122278.4998796,0.010613391527184796,298560.82166962,0.031165095347122574,29289.472937980005,0.032263781422005415,57627.520114390005,0.007088735941982467,88871.77512501,0.0130651039770272,420443.7799450501,-0.0058452992019894425,182076.19913840998,0.008357466476715827,144831.54478398,0.025492296559440464,41267.94283477,0.025640866915999993,644489.39342218,0.004111797141522847,52448.332851189996,0.01943864810796625,203746.14240912002,-0.010653817458425028,5536.13423287,0.016562360655630028,24486.79418978,0.008408456113779755,206883.32399879,0.011543650510384923,56304.02079768,0.030344795434388425,10708.43405126,0.0030547614964605034,97581.02581672001,0.02943134580581794,22261.01404204,0.030613221219455037,67142.37835320001,0.004193155889988965,280686.39736632997,0.03618486821380455,28639.32481295,0.0140772423871189,29170.35203691,0.009378761473468578,16934.01298359,0.01960147592301559,22861.596586719996,-0.004527978595000812,11231.58520067,-0.009034413527919278,138326.16519091,0.016276566123058,6934.4874325,0.018321268066866393,2408.71899485,0.02261236344469296,143489.00429025,0.0,0.0
2007-03-30,-0.019918498726395225,25364.53313839,-0.0040927905718795106,705822.35900672,-0.0018173699562305126,1347382.02507802,-0.015057900126168882,478942.85029040993,0.0018159415221109122,278114.08252419,0.02306117491611685,1117664.8745020202,-0.007765047643553541,114257.34086769998,-0.001309713390490562,268765.40127871,-0.015239618613621293,369169.0358413801,0.011230156372321122,353883.38127196004,-0.0026409803833741543,130216.42943423,0.018885402926178615,61580.48971472001,-0.005529327222056786,355391.06995842,-0.018638113637049,285397.92959957,0.012760852001484684,550975.2869516,0.02355642987070628,404277.78181176004,-0.004378259705123159,548474.9805110302,-0.03237569478345481,90423.89206997,0.01950813920549011,45342.52279894,0.0015774857969695624,828881.03146529,0.0019908278532003902,199510.02789090003,-0.00457758641193898,39296.618620880006,0.001553767922746763,266703.01585952,-0.018220876305000647,116022.40809677998,-0.005966037920637716,82271.54603803999,0.0011037017179168784,93031.05978123001,0.039190173799926384,157398.34187773,0.0039224139506773255,231011.67286106996,0.009994809310065978,89443.44916060999,-0.006318528350577503,36039.313673410004,-0.008734161258359177,335966.46432955004,-0.01087283388702624,13676.137784489998,-0.007014137853900903,646837.43875992,0.009526343603159097,88611.20672008001,-0.03170401464333672,253894.76798592,0.00856761056781519,70019.48611206,-0.00018184493272869657,165960.25309182002,0.0057778414794506915,74092.00227703,0.005018865662756324,25566.25330255,-0.002015064104080467,429877.00359251996,0.01700551749216252,121064.96908012,0.008448930759519179,50809.3521134,0.013287183857587393,31687.13803042,0.021399936317626177,126061.30908688999,0.002022327683789464,293323.0139176499,0.0049284254200817265,31019.028223039997,0.013850937875160941,53524.1900602,-0.012550333277761795,87474.74080459998,0.01043856426949529,419690.47221280006,-0.01798564043684674,173185.82564358,-0.002478224388423431,141355.84467151,0.020663196935856366,43136.17519991001,0.00274749865651254,611940.3658899401,-0.0003346557883601534,53217.285187029986,0.03264406314944839,200656.21327922,-0.01815829867745415,5612.43211904,0.0013405593018769358,25585.151616439998,-0.009185774372153625,203465.37559540002,0.001287772410945164,56569.34301382,0.017329850752056196,10100.34963159,-0.00729667125634959,97345.18103478,0.0033057723013431364,21637.1081253,0.014766104532279807,63857.792458259995,0.002547621851128802,278223.07597628003,0.04161899923342086,29697.73416426,0.00491893172372689,27892.499134210004,0.00014415260419469407,16972.633266860004,0.010736914893405001,23422.90284474,-0.014711337052438357,11126.10643349,-0.018400495422911643,133346.22585861,0.014783557153851684,7302.6756205599995,0.0039945240755281455,2299.83212031,0.033602658954857215,144380.32853737002,0.0,0.0
2007-04-27,-0.0025217338499104614,24818.959140989995,0.010880445625445545,726569.56949512,0.0016793436695667695,1346576.7488107397,0.015007079890399792,497258.9659812901,0.019247493723455664,290215.87541407003,0.02378210904411765,1159872.2112159203,0.011246545633668035,121797.61937024999,0.02012875884144121,268916.25754321006,0.007683090543987721,373827.78076751996,0.016367693473654587,355301.6708739699,0.020524194230613378,139904.45981863997,0.018098436798047665,61515.52463257,0.01856385240204652,357117.38854614005,0.0031534034058372518,286626.60036502,0.020004293374743812,471409.98304779,0.02884471313446438,423285.8043619801,0.020630049807234593,550215.5024459201,0.006380217079416313,91927.15291014,0.03636532262903755,47986.0000047,0.019180759239116295,887447.9608990699,0.0030489756491004732,237574.5341849,0.00557154631393603,38152.47113865,0.020102833143683305,267301.80619808,0.00566588220489793,123237.88139680999,0.016106727909987857,84386.61930646001,0.0288431423154579,94192.28262148,0.03760632441905831,139659.67206408,0.016734256396452468,229540.62313884997,0.018680508607673257,85615.35144186999,0.01738825892986046,33813.29986024,0.005919001425348137,339830.96501516,0.011964267109895328,17938.33231186,0.007523843116161217,641625.75416579,0.020313066701516988,84973.44174981001,0.009599423854463615,250037.49146433998,0.025380941755289148,71812.99782595,0.018354948398513742,168278.13968317004,0.022619697131210623,77358.1686575,0.022373753058272022,25842.18663319,0.014271288735613504,404555.44264731003,0.01504401567874901,122146.70853100001,0.013825084575190369,50975.9972579,0.026365191836728613,34291.69913261,0.02297650894428303,130883.79089209001,0.008268806145077058,293106.88068924,0.030218102618966965,31225.523161459998,0.027549982474458674,54536.31153248,0.008692324031702989,83949.20189164,0.021874149017265945,435758.28872386995,0.02349460239245899,193423.90117068,0.02704891070648168,144733.02378165,0.0300815520326605,43594.08640415999,0.025640368867076598,635714.21943317,0.016254824455572924,55903.77044812001,0.027329816031463786,168699.66729047,0.003566334811487202,5653.133415889999,0.035443721332822094,26074.588659979996,0.008013866575596966,208440.43250189003,0.016819240360796964,57043.64979758,0.025020945595008698,10493.25259,0.013717254077844772,97067.03525626998,0.02594552993255794,22270.69311892,0.03257066504430953,66434.47932174,0.008162594500059985,290311.37200306996,0.03667419650311969,32375.335546609997,0.023586931331832133,28778.36012843,0.02371394363779917,17444.340031239994,0.017633467905225405,23671.20913261,0.005669641929454322,11130.28277884,-0.004584649015290288,132588.10413143,0.015347021065300576,7378.703197909999,0.02557830056934643,2391.48285528,0.035220506712306615,149712.40804381997,0.0,0.0
2007-05-25,-0.003980364857134863,25488.58974305,0.010516414365178825,743817.2071907399,0.0015273522973072368,1354337.0628973297,0.003363885849024401,512048.87614618003,0.00879359204730957,303122.93045167,0.023947126625541416,1233640.62086711,0.001384389786517225,124513.69031606,0.012056690269508267,285631.37052265,-0.005684861433336289,366634.47774521005,0.013351869855847808,360100.43211041,0.006732159334250231,141855.61275276,0.013736312325118185,63993.58402485,0.015740912179629415,383037.42181193,0.005167476128978539,299765.92924544,0.022413431178302728,493203.00477730006,0.01679632972850506,431138.20642364,0.015354915173556081,578379.9339492599,0.004975216048608343,95007.86811436,0.034585810397253045,51980.49075574,0.02330184705870509,903966.39887016,0.003583424307985866,236978.92599913,-0.025504400817843515,37203.607696160005,0.0066867103611536315,265025.99417054997,0.016252877020869076,130852.79399312001,0.007105867108748578,88460.94708176001,0.0068563559745047995,93535.45462957,0.014090549565346774,142939.25784887,0.005642356455341478,238417.14137832003,0.0026987765720685205,82062.37016455,0.002099110881597132,34896.036443699995,0.0023365802355107767,328060.98224011,0.013193742767840775,18259.363420920003,0.011406764279080092,673600.64449103,0.012233205584084073,83651.16606999,-0.0032515545739619403,254552.84319159001,0.022881643127900496,74095.54646122,0.017704480424303948,172039.55305795997,0.016430960472333098,80353.81014442,0.007732059713715711,24053.36848733,0.025322989751131564,414186.33371931995,0.006025884346488446,136650.36396682,-0.0058282524459651736,47360.24314868,0.02625338818619324,36855.04641691,0.011302751389760524,133536.81691096,0.0019114886168913612,291624.48614106997,0.010210199407296897,31241.88926248,-0.0012200866437050198,50432.92581738,0.0004443241464947011,88585.16734282,0.018613083455098024,434980.85243493994,0.012627198867897283,186534.3471333,0.0028338008311493417,145567.65018721,0.031285167116505905,45607.21671075,0.01702727198794579,645559.50360864,0.003380624965050594,56982.90847936,0.026286597074697736,172358.578203,-0.02279683287296699,5422.00891703,0.01235353298785873,26443.970554289997,0.006626208763580392,226001.76190409,0.021149405156069438,60514.83789507,-0.002037618129275564,10134.394029989999,0.01996507119962753,109696.50193488,0.010213879490808913,23250.738370059997,0.0041126729264889484,60119.55395546999,0.01570078288211659,293528.83947557997,0.023290619721408425,31227.324746,-0.014413527177455168,27485.639777140004,0.014423567793239197,16786.10193732,-0.005753916248989964,21754.77536226,-0.010860549275056752,11381.104792490001,-0.023108296377263308,131241.9105078,0.007542250059337538,8017.930492659999,0.008874236549149594,2248.29023608,0.0026976612445975337,147769.40440119,0.0,0.0
2007-06-29,0.009818694314075031,24891.258363610003,0.01588102831567555,727839.25096949,0.0021496438976731118,1283874.85839011,0.017660945479171842,514219.16876095,0.022968809570627732,315818.73387669,0.021030061957043367,1238826.08275958,0.013380730197221205,127596.21912952999,0.026150429504434268,282474.77582316,0.01054759902211589,359170.0391079299,0.01980642048361622,356354.12694965,0.019919187813016957,135870.31765343001,0.010838461276042979,61814.6586328,0.02944245917329129,395262.87211442,0.021112324515566615,314796.75596440997,0.023522944401264307,482932.87140128005,0.015784854337388427,392669.41136928,0.020404268581958773,563290.67703856,0.01646078025940678,88165.98704762,0.04674288792279399,52428.34234557,0.015355985763118826,851218.50263339,0.007499087583765595,234548.10687383002,-0.00600740060478464,37619.03691984,0.023572769998290242,261074.74746221,0.023118454892386033,129765.35766869999,0.019790586494481243,91588.29739266,0.031040386606077323,93341.00634517,0.024781972271732997,143030.95220894998,0.020540748267074287,240101.29133826998,0.0011016389621479488,80988.96391034,0.007593584837000273,34859.514777389995,0.009420879962664634,334752.11581986,0.025738171471030687,18694.990468460004,0.017697700113261283,681958.5739052499,0.014621183237550885,81352.21075497998,0.02161915831160583,257329.52884723,0.02779331849142023,73676.20258114999,0.023757486572652645,174738.53424004,0.024676935552647182,80185.80926509,0.005737424661550866,22198.24002888,0.018081873401019764,400604.44037152,0.013708177515093138,137629.89938234,-0.009397728807723112,46109.29006864,0.03826973665153797,39285.51884296,0.008907810261505323,120032.45527577,0.003552703756885912,280624.51712056994,0.032207188241683025,31884.75722032,-0.0033068413200191033,47316.121062759994,0.017231807820053655,88449.62775734,0.016686342863441967,423942.52063651005,0.016635278004292455,181937.81357261,0.02441857443995627,140569.51454829,0.032513753565508605,45558.675361069996,0.023660654618041996,627526.30696697,0.015131060140648524,57902.4201841,0.01600511364791018,166472.59631286003,-0.007582243171385103,5242.712525329999,0.026242804885249882,25136.185583449995,0.018594585213538545,218111.88925894003,0.029066634161367764,60665.62942012001,0.010887356212537619,9811.36311207,0.03018884597516539,106989.30568595,0.0269178244725813,22092.309829859998,0.003243424206690462,54515.278185250005,0.011970501253113996,288150.28488367,0.021141868060331744,30127.38489133,-0.009878040823350046,25107.64427931,0.024613602765600477,16352.207773679997,-0.0023692923310986123,21330.24152864,0.00666827142894587,11197.12202779,-0.006835661287814167,135382.16985784,0.007445124396648035,7420.751997220001,0.01533013631523172,2192.3856563,0.015900281794750337,165573.9843489,0.0,0.0
2007-07-27,-0.014180761619504852,66778.77941242002,-0.023565229899078107,738793.81470054,-0.03454438797191207,1240428.76626526,-0.006938206495028405,552837.88910569,-0.004733235929649148,328317.34160011995,0.002262499037103179,1309400.1356114398,0.0005514232949168292,131836.86903198,0.011588020201394652,319963.32627501996,-0.023251217982348884,350790.6328211099,-0.0112799432825313,357634.73855262005,-0.011922668593670574,143000.11864994,-0.019814288755324767,64399.25018068001,0.03194976590568884,436793.2000463,-0.024429932946778594,320462.83607082,0.007192710296462697,494641.80623650993,-0.012228657039705933,410906.68507084,-0.002086310116556379,577823.7070464999,-0.04016588388058785,95967.13258076,-0.004826083705427867,54692.60994717,-0.029981342362045648,868121.15607022,-0.010081167976614696,238996.63138695998,-0.0046528976431194895,42598.28405125,-0.0025602704064574596,438588.0179041699,-0.0369769060484687,128844.02133302,-0.0020407586956278046,97575.14189048001,0.0028668971973075798,97920.48482529,0.01838651072798789,156965.33009637997,0.003304364120602438,254138.01185963,-0.03408687208109777,73051.20709522002,-0.0265741580513838,32984.67490208,-0.010193925947926296,337632.69713400997,-0.01969707179592898,16868.90126682,0.00689385480551241,722311.00608424,-0.019934199563513104,87934.42152257,0.022066667534115608,282086.28253971005,-0.006895152650615445,75854.43045925001,-0.007725419215344371,178512.4812154,0.0033707120799453083,82993.89924776001,-0.04699918471255256,21753.331707639998,-0.004936832027150557,399535.12026094005,0.02041995725701351,322862.43644824997,-0.04585451038877133,44765.66508580999,0.026314810660858202,63142.33304282,-0.020110405534795366,124803.99069722,0.0034491314830066627,290716.12185345,-0.0179793932164605,29273.17289688,-0.042205728897069056,47498.71948217,-0.012834408430014176,89110.38014952,-0.00764137755788031,433709.38028552994,-0.027206093309662546,169965.88033261,-0.011974329763362705,137980.36744402,0.015930484914063566,50372.67878631001,-0.023113302678973182,637935.69116816,-0.01791639548361175,56075.22254267,-0.019496622343754103,169215.40750348,-0.017387889100199692,5753.018055739999,-0.019367290963198298,26075.773573540002,-0.013885200783723196,218673.32356456,-0.007744903232690654,59650.11018796999,-0.022011561915115756,10391.11632614,0.0021674012023495857,112383.27761444001,-0.027477629941585598,23039.845824160002,-0.03913995668488054,54050.2192665,-0.008651558602216686,292839.04779275996,0.014366366740643986,31384.316335140004,-0.027014310094671628,25893.49458193,0.0008854845470559557,17421.604961950005,-0.029673203212341896,21108.725802760004,-0.0181973034600769,11066.76167926,-0.008085891830425494,140846.05555498003,-0.02313241370017127,6898.767269620001,-0.015151964986846532,2126.07948356,-0.0027269797683758166,160421.29954175002,0.0,0.0
2007-08-31,-0.014564834345741906,60938.78410115,-0.024664049964444608,720650.6558904,-0.03265936240373854,1228759.15670389,-0.009108613872262434,522938.63444699,0.002249883282293842,305420.17583403,0.010227883697226135,1211482.5207035097,-0.008463303736063185,120015.60351813,0.011069590174510808,304661.46153847,-0.017870423513989174,330884.81773718994,-0.011795224173728344,329222.11992511,-0.016906952396063456,126412.84270328999,-0.00669100354603077,59792.65774497,0.020004775541059297,414418.10442749,-0.029625520894485904,301748.51191514,0.004554777224629615,479198.2308746101,-0.0014583564357506808,386541.1852639,-0.011227383425281668,536904.04577905,-0.03917324593320479,87805.07602891,0.010097017007628665,49527.42340581,-0.029528506925189983,832576.6468434002,-0.008748630612169352,233131.56246696002,0.0005146764455081741,38212.56073539,0.010378541594686153,417257.74723281,-0.042236670702284464,118150.37769089,-0.0031054919085756823,90655.35028943,0.006663477683930895,90112.82095226999,0.031994876741810785,147571.42460658998,0.006038968082713273,239363.38083064999,-0.025212927749845574,67046.42531386,-0.03721736588521482,32307.05981423,-0.009974294621127115,318631.14945655,-0.00390908270963589,15781.511623319999,0.002534190853766231,697017.3115995398,-0.02308862367030018,79789.35600510999,0.015000131714092337,280384.85864080006,-0.007331381130693958,68313.69689378,-0.0050629993574207765,169635.96701868,0.003211700559259638,80778.43631851,-0.030331805499788898,22952.19220594,-0.012079052335417914,391216.3577826801,0.030390448847883382,306472.99692435,-0.03583092586829016,42493.698952700004,0.03387063581300366,58955.51160274999,-0.006003004003938207,119153.50439799001,-0.0035584184248949983,287839.82595147,-0.0198128467787806,25733.34019797,-0.03038903086145242,44776.457694640005,-0.01640357442533716,83354.93428012,-0.0016795673916292484,425696.02805944,-0.020633799874380774,161005.42185987998,-0.012614090946727868,129552.34033732001,0.011515743019084783,45798.657764569994,-0.0262846135614377,586814.28617289,-0.009554931629492973,53075.403992160005,-0.0016758540528152134,169197.20540812,0.0033027368411387313,5932.321561829999,-0.04212677069301049,40644.71938211,-0.0167643308947199,202968.08601192,-0.0065423464956955515,54490.13212604,-0.01451632331322799,9725.45036616,-0.005448834615587133,107250.87973535001,-0.030447117484690454,19830.950229329996,-0.018138296280126007,55079.52588119,-0.00652724760652304,295937.40413524,0.007232932767217292,28370.929874409998,-0.015345098538856903,25327.961630190002,-0.006718751596135474,16517.06760696,-0.018286261083666742,20067.86455488,-0.0080337963658241,11065.373741249998,-0.007592461659005556,139717.77531439,-0.01717137687482117,7733.620871319999,-0.021068682954038565,2088.47964838,0.019802460831288764,161430.5052117,0.0,0.0
2007-09-28,-0.0171524779296626,63010.820685290004,-0.007935758437386756,725288.12507688,-0.026524940918567913,1221158.8249888201,0.002526932016285987,545972.1104563702,0.012045171634807363,316385.49308206997,0.026621763474156294,1317306.0447468103,0.012332915424214665,123880.95390765999,0.010938375559593403,311598.08845298,-0.034225938306247365,321592.66956722,-0.006279088994658174,325850.60393524007,-0.0037844429593060693,124903.18589746,0.0023644979582008755,61454.09995382,0.02712258279031252,436873.26373817003,-0.02276081382034189,312709.63616953004,0.012450127048416061,494898.1113346399,0.008431280136965348,408239.18315039994,0.008503327065940897,558061.2707115902,-0.0284086984858294,85724.22758201,0.023449789216781796,50876.64325542,-0.007094919573122069,849413.4666591799,0.0015696241379560142,237322.16458320004,-0.015374044610536423,36919.73671555,0.025609791285046927,453954.64253365993,-0.023944557536708443,116358.61035922999,0.018661278525251738,94172.9949385,0.011904492885056128,94933.16136954,0.0654343864833088,167236.98233702,0.01864629105489401,248140.06662556998,-0.010867246682961264,71048.35539043,-0.0208366766693776,31905.49743864,-0.004135677584890437,321710.96879641,-0.004224195218591027,15643.962127929999,0.020329566847378768,726865.3556627999,0.005250666839441859,84165.33001004999,0.0195929613366357,290172.0492919699,-0.009146073658923485,67837.45605085,0.019898862154105714,177831.12036822998,0.021078493036940205,85929.02862513001,0.004703279005437131,25756.92052287,-0.005817418421249775,395141.21421029005,0.04272743739829532,335743.5631307,-0.011267303833335294,44540.14394076,0.03938431198001412,67071.05285545,-8.43080858827996e-05,123875.33543855,0.021348771332504346,303945.27071805997,-0.01688272881685935,25195.68079253,-0.007493812501151756,46949.049467540004,-0.029799362620392244,79863.13059885,0.014988424765121536,443759.08182451,0.027375938659431123,178154.63829859,0.021581653769724127,138625.59079551,0.02264901182049339,46997.91188229,0.006328680485606234,603540.8021345299,-0.009027534043304053,53141.50742093,-0.0028123928412130137,165292.23880943,-0.014075014789337294,6113.12426898,0.011501911900287643,40457.539948080004,-0.008178837368736204,203989.55662936,0.005119316514424163,56825.15541467,0.003401828494451313,10012.45494152,0.01380799500957805,110213.46754978,-0.028564141579221568,19538.59055003,0.01250094251379028,60615.39888314999,0.01561031820141561,307843.58017912,0.020256260042003312,30326.603617180004,0.019344805453142867,28372.74208818,0.01521255997435725,17116.92414045,-0.010113776756925324,20714.829813199998,-0.00933182254198679,11178.92319613,-0.0075143127438316824,136806.59889198,0.014545829699808912,8296.11960693,0.03184319933013799,2249.47346944,0.050300849401768544,178419.67433017,0.0,0.0
2007-10-26,-0.01756932796929609,59582.954735039995,0.01058125561499445,720001.52187712,-0.012973879039707245,1138156.50411805,0.0009625024285411499,546443.4257671002,0.01356723838534005,308361.7720169301,0.041719509328124675,1296688.5877534598,0.014969326891021475,124841.95358439,0.003110410630916395,308421.29229607014,-0.023741951563149725,302478.96118941,-0.0056000325344375546,312880.48410306,0.008032760626915372,128281.36537407,0.022856943641821302,53671.7444683,0.04697324599004362,467258.36598118994,-0.0051080890031279455,288411.90535144,0.013143772440221236,484809.3966472899,0.03241285963172838,405574.77122164005,0.04322701426234612,574140.7279876099,0.004913732326261945,85003.80340304,0.041883526401332985,51919.458384770005,0.011302445940948647,845562.26675283,0.009489113433887121,234392.41336344002,-0.021631915948773787,37817.960054610005,0.06674345248109702,462656.91795075,0.0027575424549393496,111852.86917938001,0.019035444927910407,95329.19498026,0.014840754408960183,92445.58475711002,0.07152512943903103,168692.84724753,0.03246164708771257,244885.75859649,0.00014001076337232874,63831.45935318999,0.004314367903510367,32304.841000809996,0.0012004556147136745,314414.07449839,0.02180247104870664,15825.18669301,0.020595781046187235,710304.30852,0.021765450129485914,83971.91826245001,0.023341366026819063,291199.95303529,0.009750747274149874,69835.98522926,0.049843386549825064,180244.72061679,0.02699490945864359,87820.27370769,0.051311372930175674,25297.946210019996,0.012825540087239911,385711.07713472005,0.03126548992826574,327618.89598046,0.0005553457023477285,41193.00517135,0.08270784442720222,70614.24220124999,0.024997753090503606,116653.78553673999,0.025813119406527016,310240.88052069006,-0.0013286149545181552,23583.60063916,0.014957382101201027,46420.63467933999,-0.008527365794529878,83775.25744757001,0.021149859110148727,426136.97024665994,0.048078677703930914,184768.32508960998,0.010404543610128582,132656.69451794,-0.01507243337892145,44522.37622364,0.038047105113120906,583191.40250851,0.00014929393230006727,50860.55667077999,0.025795658995644816,171672.18432908002,0.009696479054296289,6038.34124003,0.04367055018261017,40364.92092217001,0.009407223907282963,206935.97443532,0.049044448017992605,58188.915844389994,0.005845279429211153,10128.152680250001,-0.00417816472081891,105983.54119247,-0.029562428280211682,15457.90838205,0.026172149901633385,57985.005533250005,0.034547807858940245,314544.18844960997,0.05086025334788678,30211.090617370002,0.043458887432205155,29527.62597497,0.021217750885567918,17612.16686324,0.012148984236519176,20147.74723912,0.0029527503417726354,10687.01914073,-0.013374764380521433,135390.06606039996,0.03791067277037006,8570.68996699,0.0407142332543367,2166.30265603,0.09395259327235037,203708.08702029998,0.0,0.0
2007-11-30,-0.03839014849891816,53882.44945113001,-0.0051732572028404845,651620.25108889,-0.035616983034122425,962040.14403684,-0.024032414768371948,483788.05652574,-0.00750273922656565,290259.7505360199,0.01760232390083705,1249848.5780320999,-0.003134741450542735,112098.77535746999,-0.020762162792491767,278565.59618813003,-0.038466800830262646,263221.31756411,-0.01800618876466949,285641.92068156,0.0003250853267207296,118420.95152106001,0.007502589114791915,53069.691644310005,0.025263699816284207,431953.68759982,-0.028623379956492476,222239.57446073001,-0.009095678158683083,432275.71327768,0.02629407548943916,417850.28261317004,0.03462043517659163,570482.9295752199,-0.028324629652388196,72870.73914803,0.007245988453695608,46901.521067869995,0.022707298396746872,831598.47854132,0.004094798170436344,231088.32494832,-0.03972403746982776,32984.84438558,0.034414513525400356,419368.8903884401,-0.020226193202932022,97977.90104634002,0.02077234142933538,94853.45641251,-0.012718345903964041,83629.60880064001,0.03469318584654659,153696.70164873998,0.005964089657496333,227376.46720732,-0.01821384411046541,56982.866075989994,-0.019070488978067138,27643.758703890002,-0.0035262693760604617,303898.78140609013,0.0005637998151192224,14592.133506270002,0.003100292163757111,669544.0824746,0.023761676040432805,82864.01204058,-0.03842171818463715,250366.47138363996,-0.012031140075778806,67705.35011075,0.03663332466531469,172085.06912338,0.028292114448610513,87175.92671833,0.03350748149882147,24372.527188160006,0.017119518686678433,392532.22055651003,0.004785763822796165,320778.60634054,-0.02334291819190014,35260.85649065,0.031233666153095602,63573.21572375,0.02453284480487763,120918.10130988,0.03236528821500623,317714.34623311996,-0.01733653538782208,22508.48399083,-0.023587736462757792,41023.41602397,-0.024737153506030434,82435.41173382,0.02040296912092488,422719.09464586,0.03330329938707993,172036.29129546002,-0.020509843451353354,113548.4232666,-0.05167852713220364,34337.809994330004,0.025745741684594467,534322.10738843,-0.029752420748532783,45521.71497196,0.04116095631060958,172246.70379429997,-0.016707605062363535,5649.188532370001,-0.023614211580445563,19412.27208622,-0.004432225408971431,188058.65785623997,0.022119250708011327,55269.99589384999,-0.0040719678530503865,9226.00508497,-0.014497639637700805,98361.97702472,-0.05125996053681788,12845.612054640003,0.0062802256202153335,51509.0950057,0.03666259267025677,321966.9134099,0.07039525973258187,32570.62718368,0.013739589412627323,26175.01421859,0.01513624707768843,17290.493495199997,-0.033201802320927176,16787.06647252,-0.015768134636376906,10895.556492810001,-0.029683706645961296,124220.44566448001,0.045778220300758,10089.622273089999,-0.03507921591786655,1599.26311022,0.09884900385853938,209695.75804588,0.0,0.0
2007-12-28,-0.04152294463538939,55307.332940210006,-0.017047244451233328,694958.8455990901,-0.05999939636596474,1002963.8757581599,-0.0249581432366638,520986.67625486,-0.0018978865820814827,321106.3607621599,0.021298868057332755,1405621.07758295,-0.012127926606415746,118286.79888545,-0.023632521815078522,298415.43960498995,-0.03259119508971694,271435.41496978,-0.03895529478851,285349.82008271,-0.0050652414539588434,126462.87349323998,0.005776699880846169,56260.98371331001,0.02609741229467663,469985.31130874995,-0.0418012233584713,240669.31714769997,-0.00800151798550346,472664.54094028997,0.020391801677400095,432912.21357416007,0.03708692138382774,626412.7752888298,-0.03523220604785804,76738.35900849,-0.02220855624936176,47734.956471389996,0.004048969823184369,852136.5521993901,0.0027053990968743356,240992.98427291,-0.0586480974082533,31975.075378239995,0.008162089123195576,425522.08318237995,-0.06691011587529866,90970.28723763,0.013110969271889017,104041.86379642,-0.03180641649255234,85181.59558479,0.004278043945920578,164797.25472461,0.0018229083893249118,251532.29668159,-0.04009408671109546,60539.02571402,-0.032625927278988553,27421.28930795,-0.01126643886940759,313305.81591599993,-0.008583836098892673,16438.59723765,-0.022639473739740668,694198.0263576001,-0.007732433173424273,85862.32417022,-0.05280804201501166,264187.33992947004,-0.011253948535900943,70744.43082046001,0.026762593447547244,192072.20887826,0.016376117420854243,90949.44702145999,0.006539042510543994,27295.5013523,0.017307148652841744,411414.2975919401,0.004543512510960273,346308.39298110997,-0.055171779207069914,37688.243684299996,0.02887896827488195,70834.94540699999,0.02138908334706534,125445.69176763999,0.009650169673823636,324359.24701893,-0.031211959738501435,23253.758357579998,-0.06278798264639188,43459.290591319994,-0.017506074937684565,83651.68653379001,0.006965777602576772,447691.87682067,-0.0262426175799604,165502.51605518,-0.05117024657780411,117860.87974791002,-0.06825595218520678,37565.32639346999,-0.007050302757243792,579531.1220734599,-0.021080140182861157,48394.381546369994,0.0388241678611452,185827.97048868,-0.014094902927446157,5817.39399969,-0.0509672536471298,18971.91383615,-0.008354373283956138,203076.38553611,0.003743935545384607,56247.19702095001,-0.02304470393914347,9918.00337507,-0.020301576748454196,108503.47829182,-0.06221154226716714,14427.38196322,-0.04466276586974893,55670.66210795999,0.01942196869673611,334706.98124625,0.08599365356727484,39879.14778558,-0.03140910756674785,26771.324484099998,-0.010600170591208135,17294.335402340002,-0.07075886205744211,16971.542769509997,-0.009969067692808005,11585.74478003,-0.033565293636256495,130313.38281471001,0.026468942076064178,10740.893386,-0.06982376874485743,1833.53103878,0.08026276181466391,220449.52715878998,0.0,0.0
2008-01-25,-0.05752625969961107,46168.79470056001,-0.04998161187776427,614986.6193614199,-0.05634849855273717,837662.1722369301,-0.06803571662971089,410854.83931148006,-0.04395710960854766,262912.89592951,-0.038374658266241056,1237616.0429675898,-0.053868117688717645,92219.19176379,-0.042553243924101126,261538.45646576997,-0.0323371948770447,240428.32797366998,-0.05920676366354149,249744.84803725002,-0.022114449610350174,108257.91462232001,-0.03383527315214735,51900.081438999994,-0.05517307385125697,387731.19027925,-0.07500903670759972,187511.08858203003,-0.06173327241147089,381700.61032387003,-0.028786753180240498,370451.18866773,-0.026545516945887603,554102.3553641101,-0.0597199964568135,62791.40605996001,-0.05870406663175484,41458.80872067,-0.03315275084335797,807186.94652538,-0.03045525974969841,219244.30132995002,-0.04553085161384264,28916.480612030005,-0.043355398529774124,348293.96736092,-0.07793982792875095,75259.74413187,-0.034299237836177165,84411.19076810998,-0.05159956713789821,70596.4148145,-0.04757549278346441,142550.5651829,-0.03453818182005474,220120.95844276002,-0.06359984280522263,38573.16733121999,-0.0719471394889494,22863.91704034,-0.024002233766309472,287933.4618729,-0.0353906413278019,14056.30461691,-0.04678630914505308,620908.06941943,-0.05131546951663374,73038.48809959002,-0.09359545707607629,217653.86515114002,-0.04585803320656363,61839.556192870004,-0.023047535631827053,173411.38929388003,-0.03118051243677891,80945.18237787,-0.03432712253310605,24182.77969468,-0.020143621602124236,382789.74653651,-0.04330677962167642,275335.24778568,-0.052513029842087756,32299.249411149995,-0.05137728120929206,54195.04067397999,-0.027946008285799625,115649.21288605001,-0.030061424333136248,296724.66167911,-0.06706533575343909,15748.81378559,-0.07191883157386936,37501.62587154999,-0.05360640768579722,70948.62367478,-0.018206832707864173,415013.69193315,-0.04363360328156805,164936.08453345,-0.08745069408725792,99305.31234402001,-0.10469094489612128,28904.220430989997,-0.05474084304975581,486598.60165216005,-0.05226795946068147,41261.93511183,0.010398230879941895,180719.73632504998,-0.04447834868577316,5218.9811894800005,-0.06487634696515132,15313.86666479,-0.05332049416626488,177843.36160777,-0.032644552192339214,52293.95751407,-0.04839954119163633,8925.735041290001,-0.042455376521236605,95523.86185108,-0.07668313333659386,11667.36594769,-0.06219679695922629,44967.189176679996,-0.022732522326113398,310251.22283729,-0.007471576284182762,30326.560548960002,-0.06161438910792872,22909.553369310004,-0.04471836077310407,16273.55412043,-0.08359813344675193,14292.328700529999,-0.04425608508212619,9967.04972178,-0.030043344431097428,117217.24768869001,0.017399340857026508,11060.50627548,-0.1375266807352851,1518.60925938,-0.027671558337869648,186891.84201927998,0.0,0.0
2008-02-29,-0.03367385024902741,51423.97179226999,-0.04100838850749995,615184.6927042601,-0.046032049873021855,954228.93262667,-0.04287042702347583,424487.62488799,-0.020313303095736274,295945.74093093997,-0.00624684939153207,1342351.04211064,-0.0311643756457322,98532.40594689999,-0.015328181679615903,276363.84315682005,-0.01564538153144223,264400.89625930006,-0.04296510278747237,269809.49104784,-0.005051458863296301,126300.54776875998,-0.017810016196602545,54369.44730841,-0.03219046193746302,365177.9411523301,-0.04937705505836981,187349.30115297,-0.04096902651694696,370208.7011850201,-0.02885501322775745,363253.47666528,-0.024397330291611685,506617.79258274,-0.02579783694647966,70895.64757418001,-0.02900367994922081,46757.67167605,-0.03532705967416161,780153.37236044,-0.021014975289175203,226708.41733921,-0.039114845460068284,31567.889490319998,-0.02703989739493033,373540.96800829,-0.07353093115909623,79651.11120478001,-0.03853560366767532,89928.43106137002,-0.03352739984276529,79735.08032744001,-0.010426423637029347,166636.83633284998,-0.005625135356075045,249401.71980993997,-0.04480074986484571,43254.98293944,-0.04321037148601753,25137.164587,-0.019483317485435078,302353.45028860995,-0.03178192566844227,14049.753889340001,-0.03907178035803475,629582.3686452302,-0.04995357397025245,77678.99310057,-0.05057641067329594,208712.29468888,-0.017043159201177636,68358.27803312,-0.004270035985890926,187174.70199743996,-0.02817011883963246,82993.95857294,-0.027120949370854224,25794.30159249,-0.023430306511746272,358366.86288457,-0.01263604035633372,307519.74614197004,-0.02734402543598386,38116.64642903001,3.842895356062745e-05,62887.87159245,-0.03276192577080574,111732.23582834,-0.036065004812749824,296992.45003652,-0.052261582212734636,18311.8190874,-0.04551032850400026,40881.95500227,-0.026409461266384247,74202.20821995,-0.016251406755452464,412322.21985394,-0.04129146796199209,161992.9153524,-0.06667327758973052,101950.16297713,-0.06831646518851531,27538.97594553,-0.05053941248742113,514996.50248035,-0.01789091949534713,46396.53041844999,-0.0005794442407127696,178602.11494235002,-0.024370745712723758,5083.5398619,-0.04969079634396727,17434.048826110004,-0.028885052437237255,192246.40578629,-0.026470663528097196,46389.44520008,-0.03503421919996127,9703.85092298,-0.027563512745566444,101393.1853369,-0.040976735111153816,13575.08872153,-0.0553365314041006,50921.99640716,-0.024092081119751186,307053.55011085,-0.004797618524842976,34885.46577092,-0.0545785998548507,24010.98669249,-0.03790876844750037,16812.81454015,-0.05014445697898309,15631.12410162,-0.02652692653135126,10063.56467769,-0.021341938492483725,125544.61857346,0.0143074718960881,13340.385506280001,-0.07323110782876648,1400.58359026,-0.04557476635523471,152332.25699634998,0.0,0.0
2008-03-28,-0.023420050160330993,53263.19329617,-0.0442348702873092,590981.6279354501,-0.03642953095494149,949832.6300484301,-0.04030218323663377,428912.76189094,-0.025992500225652047,291112.52286924,-0.026335245354378728,1272977.2040654502,-0.03348450474606591,98226.04406416,-0.015534266855446403,283752.63507317996,-0.012950109791511132,265197.34200448,-0.04495903446643966,258196.17906921,0.002218223704912037,129617.05226228999,-0.02733971151457101,51002.02810109,-0.03999584219942354,369712.86352429003,-0.05008249557473382,185930.65302949003,-0.04290417102419626,380160.81045791996,-0.03857249670014914,351321.09225605003,-0.030743097817774855,520928.15742478,-0.02022970341402781,72069.44739900001,-0.0334109850956767,46324.11648345999,-0.037102679117455274,750568.0564474999,-0.025558990644555878,223101.25955316,-0.03697539362162955,26590.16151752,-0.0464743796210208,349136.27475564997,-0.054970043752320494,81246.30422295,-0.03667442251480457,87383.59460675,-0.030278352719482246,82102.53074724,-0.025282162784618468,160906.3303405,-0.017428342792020768,237463.62670508,-0.035288390468954954,42998.32834156,-0.05210984034717316,24280.338228059998,-0.014573460762441062,306888.6548753701,-0.03205566486724182,13546.27201909,-0.0279268053682989,646574.09139204,-0.046429182013709484,76148.69558639001,-0.047246284052288576,214353.68251810002,-0.02838545606184861,64110.61598798001,-0.015952879438041495,173460.62567115,-0.03158655172434176,81630.35279277999,-0.01616133887308969,27894.193999650004,-0.04522337853074575,305509.74551756,-0.026343410391236513,291911.88074486004,-0.01191441167657854,40280.69119381001,-0.02056331991210351,56089.758115259996,-0.047001118163373753,104072.44949729998,-0.03202544477918103,306906.12626066,-0.05688719467020393,18734.7112168,-0.031688125910908964,41237.89079849,-0.02426952484568865,77548.4258818,-0.019820328651364967,403746.12562756997,-0.028360630966274423,162436.6014843,-0.05227096735800112,106283.76643933,-0.0812562941156229,24094.45520811,-0.05542609902342947,491095.87507840997,-0.02155119016329268,45912.32343791001,-0.00661800787567557,172375.13885741998,-0.02972378947174948,5100.74598061,-0.036349933343821965,17804.17639895,-0.042558200802674605,181415.13963792002,-0.03606987938028605,46336.60943953999,-0.028236180776283485,9554.15037068,-0.02539932336523875,97456.98028382001,-0.033165864230224475,13886.67537786,-0.03268516438154971,54015.75122839,-0.0235374891054217,310970.35370308004,-0.04239635708602996,33273.3138409,-0.03537580097102766,25992.821088550005,-0.03407648689776432,17260.529869790003,-0.049238800627393935,15599.08107528,-0.02857749072510875,10490.96068181,-0.0052079723512784845,128820.99733348,-0.028062519493324597,10638.701104440002,-0.08153881371272119,1274.8662238,-0.06791265248519311,144343.58497119,0.0,0.0
2008-04-25,0.011081702496326867,55292.94870298001,0.010474941110979559,603029.2238316301,-0.0030988386447236374,895569.1154690799,0.027335196020105215,448808.9031677901,0.04570495738535413,315376.11445539,0.06013122098866355,1439780.87573433,0.021080567153549796,98066.86314725001,0.026981579417021173,292614.38070656994,0.010187605093888757,260393.07146946,-0.0023915376678962158,254850.85973540996,0.03220241439218534,138834.90117301996,0.029459852025069247,56283.97370583999,0.05334147623024114,397805.5716601601,0.015261942523033199,177457.11785072996,0.02440218368647123,373976.0100463601,0.01784844461552816,376637.48507308995,0.018733303986297883,534031.33609278,-0.005442049005803569,69058.72584702,0.02689609082139993,46919.551961100005,0.0023412949598135544,729707.0341076399,0.020670048676029226,235599.02826988001,-0.02632227249658583,25281.98976453,0.023295331570903785,323844.54116975004,-0.0021223378543184053,78672.493226,0.02381912369491763,91879.16266449001,0.022130337533687434,80507.25176710001,0.06990942993222748,184124.29976664,0.05261677667146701,267830.0491249,-0.0010298702647216378,42734.29817143,0.03494911189380087,27232.352743669995,0.013129549912600003,311045.88508623,0.003174615476374265,13803.28760371,0.0013787693611715167,604530.9523499801,0.024091713858231716,75259.66759888001,0.016694915204539706,210161.53929552,0.03039873498120591,69214.23754842,0.04310557676777743,188555.55938771,0.022459993177946672,81288.23247015999,0.028155163847248182,30042.11328118,0.012919176683437172,307445.12238979,0.07310452676780489,362274.76988575,0.00737813261207653,39134.59043723,0.10224456025125817,63908.138029,0.011728537462985847,112165.72899707,0.002521926221706052,298344.57425517996,0.0006185861013599291,18715.55563811,-0.00031724573583351116,42416.89896074,0.033652804590937474,79399.64120791,0.004843867483361866,390601.86444073997,0.003963432980175038,171022.03407683002,0.006808522855499398,104590.15933055,0.014326060128888757,29612.055472359996,0.00953856068885662,481412.58528218005,0.02289092165149716,45905.55054417,0.002852776682332841,67548.63509483,0.009621858601980848,5107.262461960001,-0.0032675848223052105,17589.63623024,0.02423882940643898,186770.68331037,0.02885927254743883,46035.31749233,0.012231225852587995,9992.92919522,0.013334579632259062,103323.28998085,0.009456162037894233,14381.449289240001,0.006822785146498403,56192.408567499995,0.008984342562242311,305830.37388515,0.03160707388370023,32751.41253642,0.0031077425223596717,26642.327072559998,-0.0021208459964386288,17369.0023711,-0.005725796189457615,15327.181970639998,0.024461994083567546,10262.5812114,-0.00020231315669755725,129036.74804045,0.00257283328675426,11148.450925410001,-0.007803480637644269,1371.0760229800003,0.05251765187020115,167601.86762382,0.0,0.0
2008-05-30,0.013661069503335972,53290.21836319999,0.0027151700881972245,582044.20435581,-0.012348792921348198,843628.34808998,0.05058697264953814,471861.71588846005,0.05422357739247823,317563.28254033,0.05521480476446272,1481825.6345463297,0.040565401594370235,102032.09724395,0.044868640150401456,299377.75748621003,0.015000238844201798,251661.17246084,0.01934233494662611,263643.83929834,0.05365971474992411,149429.36063028,0.04277240675620144,59449.97581037,0.0545721401025379,405806.17742004007,0.019966276416750754,182515.7233581,0.02331412641313108,387847.54792538006,0.018551279047833758,375888.12133917,0.016793157998627555,529426.72109806,-0.020505744365578168,62446.10351234001,0.023051422875218205,45745.80099308,-0.00515517551754557,715465.48319131,0.022016062726394357,236000.02187985,-0.04363819895162538,23861.816792169997,0.023748009189224935,326760.74751282006,0.010538481584729763,81929.84055414,0.03667467818725472,94411.19580506,0.031732414016443306,78920.69107832,0.07142676420695715,186809.73190104,0.04891782680120724,255507.24305500998,0.017484846476839847,43171.88948854,0.03254282983908988,25496.681879499996,0.02098787210953595,311656.31079821003,0.02755965322678976,13799.00752353,-0.005692267500808799,588901.04678724,0.03127479464650749,79318.55177962,0.04855605136577147,212062.02138070998,0.024411260021847552,65945.94741045,0.042567862172194146,185932.16710353,0.02712470555410627,85566.71038791,0.03204519803341859,29167.247576240003,0.010345181889499276,313542.13785934,0.07476894935572133,367485.36142207,0.023321501009533556,38476.566701230004,0.10000510711907705,71948.49937086001,0.017460507517895577,112651.24373666002,-0.005552151262250581,287004.84574878,0.015786872698321783,18827.016630179998,0.030656081729858252,43246.72953807,0.02261132930437677,78121.65355424999,0.010148974406787857,393200.92075501,0.02148151740185642,169990.50527758998,0.010229656154362112,100229.0269447,0.045385730887782465,32411.583201089998,0.002118694187406077,479125.8126756,0.02984773517999799,44268.3649945,-0.006710449719469748,66586.37541257999,0.0039692097198077625,4574.08930656,0.004976566705037228,17031.230939250003,0.02483082870048167,195000.88039534,0.03575091634139257,46856.570046450004,0.024054769213629104,9896.23133502,0.005867749316788234,97597.43744580999,-0.001552667536391085,14100.06773676,0.025770936413762466,54670.83237227,0.005270760899970449,305676.96962260996,0.012183161465136112,31533.01480758,0.016121989788833717,25863.652712729996,-0.000880825208894214,16929.73471257,0.018182636878847584,15352.59137771,0.027968005388974905,10666.76368072,0.005239829547723363,120638.04377019999,0.012919401990172257,11949.642102029999,0.028435118129583017,1453.5984403000002,0.059082890465054085,170820.29691274,0.0,0.0
2008-06-27,-0.03238763684699815,52126.84683075001,-0.015747994249781558,533164.1141793601,-0.04265027795639578,691686.73866582,0.00920019734744041,453972.58652442,0.011147263089309408,311296.99698102,0.037821233970207785,1490393.1699073398,0.0015965894827296352,100496.17935206,0.008908023835407626,298873.90581906994,-0.02886770191290728,237120.26774453002,-0.02449360225360661,233684.62287991995,0.008123662979867333,146716.17264717,0.021353454832927207,62951.65008628001,0.02608796137413913,398633.19956856006,-0.020136589904772913,158798.42973381002,-0.015742391455562676,356682.67249946995,0.010119197897917357,378211.78368496,0.005863450075381301,523643.6002551901,-0.05070887364569123,57275.303570239994,-0.022554003290026225,40275.25500604,-0.007605088330505427,695551.3203998499,-0.003112778194220711,218877.3871546,-0.03936185736056546,23488.743134030003,-0.003819377883138148,299851.10753585,-0.033863053269644866,79538.57850229999,0.010946502703798969,92891.88659183,-0.004806342814134253,76866.87683265,0.053410479666721446,193288.47761705,0.02689425270808195,261749.31521715998,-0.029306136525046732,39254.396926179994,-0.031067524571866498,21577.46252018,0.0010078044785245951,304388.97445488,-0.01873241531236067,13479.00006811,-0.01621016886961041,535015.66173214,0.010378077085311875,74745.75236700999,-0.0025514559783789766,204429.98790943003,-0.01990181566478501,61905.82205015,0.02649018187973543,194325.02042596,0.01886159624474393,87626.25771068,0.008934594617234708,27815.843330050004,-0.00557191286948313,285052.40390286007,0.05993282054534489,396009.19154560997,-0.023250862554381854,36186.55178077,0.04414126568186274,76199.72758479,0.007917429121492334,113861.85654692001,0.003794068223908113,276131.61345661996,-0.03470766261452311,16735.4220386,-0.01743642946275019,40722.02797099,-0.004651794972332155,77188.70161132999,0.004451562045034336,416099.4159447001,0.02642314378389144,173526.08721854,0.0013451498409905677,95359.7319431,-0.010862832639505996,29851.041738599997,-0.004414167854355019,451452.87766282004,-0.016830702071731866,42563.167784679994,-0.018385062001613512,62338.781472630006,-0.019868963319308125,4582.60669968,-0.022473420604753495,16436.22260659,-0.0054077499902144,182482.79240511,0.014672254512106603,48410.70761675,0.0015593398205517243,9361.93352126,-0.010965244785234706,92712.67211308,-0.03712244589771002,13304.338428129999,0.0004939170068713953,51306.584400989996,0.0026760873563913172,289819.95463518,0.007968752575542273,31501.19487015,0.00018807024727699427,24103.324232339997,-0.002595320292305522,16075.596503839999,-0.045701252217662504,12646.072820280002,-0.007740140988249759,9596.5739814,-0.020608309099127805,116900.32111033,0.0016244482456615975,10293.723312119999,-0.010232108108558294,1464.10913636,0.044502036003974246,170869.86999491,0.0,0.0
2008-07-25,-0.02832721938758851,50649.744515349994,-0.041811301686788295,487689.34489893,-0.034801264673121536,733730.58617455,-0.030652896817780287,434171.06287598,-0.027583016635681957,285408.11658184003,-0.024572231017664075,1317498.8008199697,-0.02449272810854214,93335.45368099,-0.008204731010438296,295257.92976146995,-0.032549848958672675,225326.74345068002,-0.045889491274072096,209757.29469267,0.004329973525816685,145601.42934554,-0.016572140832249376,57940.253946,-0.027699990958103195,378714.42941858,-0.05391001196173552,137114.62177698,-0.035817904235530704,341310.57427805004,-0.02312663746381267,362300.48020547,-0.01751125808226081,488520.8197904,-0.024462026183753517,56231.37817021,-0.03566130626486245,40967.932969199996,-0.012521620555713125,719790.2578159901,-0.015221983791447359,221029.85006622,-0.015697881610450767,26001.63836266,-0.04202338182511585,270038.85561821004,-0.06212237012059382,79762.15370643,-0.03062571715839431,88707.70748875,-0.040500204765832146,70396.56933684999,-0.018357393000153453,168570.45057816998,-0.008428957405626608,249990.75705095,-0.021368882553034815,37410.89122271,-0.06979619535753805,21160.13422837,-0.01700866526757215,299988.10881297005,-0.02013656013625289,13579.137759950001,-0.02151022513264979,517421.5263192699,-0.03550806549156528,70941.14270844002,-0.0383689639166999,188515.47486015,-0.03512084455281926,60650.77467232,-0.004805948630901711,177870.68870579993,-0.0025671372694472854,86911.91740738001,0.01962836558685365,29310.10579631,-0.03346712479268525,276534.88133611,-0.022165435620575814,361549.03658423,0.005900952579172228,37819.09303566001,-0.022877290986736073,68255.65594359,-0.029840748467834934,109061.09707301,-0.01006170780367016,274557.23520171,-0.05603599705377493,15664.734865990002,-0.011064915144740372,41004.82017770001,-0.02301174619813791,74865.00878085001,0.0056435638240764025,440449.08650251996,0.020053388275240887,189463.9932944,-0.0345458449593141,85639.30219426,-0.061055637057552486,27935.246950700006,-0.04447299304144977,420331.01337016997,-0.017067017236053524,40726.14707441,-0.013396747994492152,72843.46928636,-0.024050842021163088,4665.51528553,-0.0006967732249833469,17021.390150260002,-0.020374243342351227,191260.19500763,-0.016129322641329533,48033.940462119994,-0.032669748486748015,8611.03848035,-0.028647052902804476,85609.5147106,-0.0394695370538076,12634.459188299998,-0.010610264800146416,49781.12789912001,-0.0016141234939358328,285037.31183253,-0.06273208757689895,27098.663221439998,-0.02303501186913515,22749.00401754,-0.01899136282790126,15551.48424627,-0.055695727139335544,11525.08224574,-0.026170949365354166,9524.22841321,-0.024529674095328118,108593.01899593997,-0.03539004594159967,10792.57542028,-0.01535321514312165,1463.3074760800002,-0.055681697661412906,147067.89474707,0.0,0.0
2008-08-29,-0.006590501701674472,53182.6943805,-0.03244376298368368,490816.48286154994,-0.011545625714301292,739323.500641,-0.02477388611335635,448192.17928444,-0.022360781575570792,278672.05334119,-0.03716134490936832,1253580.69533002,-0.01946409428038967,97419.74950204999,-0.006393416469748066,288341.28880946,-0.007342507035666655,250590.67112961994,-0.028179016964137757,216510.80546225997,0.027950297156845855,155115.84038506,-0.02752995227551074,54829.93686124,-0.024921848414394827,401130.39755555,-0.03710014496128575,122329.56550896999,-0.031610308104899475,330629.93922594,-0.0292457806428863,345397.10633653007,-0.016096537509532834,517292.84425498993,0.005599577103894057,58630.665655050005,-0.024477812659923465,42000.14697853,-0.006076622927392992,739586.7383807,-0.006483338132010531,226906.16022792997,0.024768832891764486,30906.926734419998,-0.03773189575890962,278502.22864232,-0.037634689476915416,75151.40973479999,-0.02880911795267445,85411.77231075,-0.023354467775612932,74151.63704213999,-0.04553300478319632,150411.32801871997,-0.014832902749815685,241395.12375153,-0.015988752591331028,37474.493867679994,-0.05273733438860111,19319.29765701,-0.005980969728506482,309262.92398343,-0.0018164206194980549,14263.70715003,-0.010748751750119532,536359.9512517301,-0.028930210299981378,71386.65668233,-0.03397721997638474,208486.13853217996,-0.009689854537070441,62834.73237225,-0.01014934899321306,178618.49225441998,-0.002464187699795569,90069.99829848,0.013677809274353778,30049.055275919996,-0.023900021029166038,296362.62877671,-0.04696585599252549,329567.52825346,0.013068108650846214,37921.38287363,-0.044811212702499575,59338.446227680004,-0.0315906918160664,108028.52950443001,0.0054431281755587535,302308.5855011,-0.019511463004202756,17264.334414810004,0.00023070885034664774,42642.04460867,-0.018815880594087973,79691.69525662999,0.009704099915629613,454181.87959176995,0.023926203629659772,199694.65561804,-0.029166477296452796,95991.74176269001,-0.05351394243996634,27978.5639228,-0.04020156816449883,427633.51477340003,0.0003564579784934783,41968.353658550004,-0.004883779182369,74719.92019948001,-0.0065582991909721115,5392.2354929,0.010027299538279478,17094.725141420004,-0.011128243707436505,196249.75974806002,-0.011100173091074361,49926.269308260016,-0.027393759015641887,8513.47648024,-0.019493882487160028,86137.93656854,-0.0258252727476158,11256.50159358,-0.013504223508093336,50974.37707088,-0.002529276113186442,300127.58981293003,-0.061686388557125535,25277.701754709997,-0.045168423251736416,19378.76288734,0.001983498199656537,17710.166664750002,-0.041234740959428855,11830.255410849999,-0.012151721240799582,10213.3834471,-0.009314994848469805,109804.9830971,-0.029359509328415988,10770.518786240002,0.011590898007839166,1782.4360540900002,-0.07231048072103702,151750.66036444998,0.0,0.0
2008-09-26,0.009616642322566357,50805.42963308,-0.00040731985470987683,466653.07102974993,0.08220678689883333,877137.61117227,-0.03086535649166907,379612.00707545,-0.029760774677135286,257184.7195767,-0.05353824719761608,1218568.31507364,-0.025697802013338218,84183.45066864,0.0006945527380824243,272786.31971054,0.023804011545972212,242712.67915357,-0.003109860047549602,203969.13750966,0.030844258732428007,145507.79152251,-0.04722722065454737,52058.24916041,-0.03324154521481002,335958.52270602,-0.017706131016313544,103833.10885295,-0.01580501921009899,308342.34012059,-0.04037255572301042,315023.29830738006,-0.011541022869478435,476574.2504083099,0.057193617699814674,62274.645194690005,0.002835024949904253,40550.57240124,0.00278411302441222,695477.9993677201,0.018060386419118463,221696.76644443,0.07379416490024981,31043.92201897,-0.02953633015724302,272246.01965474006,0.026386762248855614,78639.63542024001,-0.038385371922245774,79736.05099481999,0.016680236938533786,76574.14045744001,-0.11377686976671009,126009.23795011999,-0.02975552231036692,232974.48890194003,0.022914608875541496,38927.56180350999,0.0023628547615213626,21310.99725698,0.010879058750268657,301001.65129601,0.03590098637469186,14391.955316200001,-0.00011331383331060992,494928.6285759199,-0.0077368794390514795,70634.3851936,-0.00020504608146478104,193802.8023366,0.020375648605529505,59274.089727909995,-0.018543485379426388,175871.81697786,-0.013524230277368977,82664.61672932,0.048268566242926844,31242.38115212,-0.01106594744936704,278873.81802310003,-0.09786935936417294,294710.86918331997,0.052104509751876076,37887.07489022,-0.09345531123198485,52877.054761010004,-0.03295178293600192,103477.82156342,0.03205190756036223,295701.93454972,0.030804885242820858,17935.506700370002,0.0279664676879654,39711.01852458,-0.011288796013595503,75500.1336933,0.017424602290554717,437774.40587558,0.029113900897977024,180669.05712231997,-0.011121349291438086,90432.84792961001,-0.03291409198594971,25015.521337080005,-0.029076466577449684,392611.6431754301,0.025117154633470046,41289.22228643,0.018169010749282354,73726.34161238,0.0233667359655675,5433.60121794,0.032987512319302095,16891.14768921,-0.003555106721115973,184669.39850312,-0.004680211749161556,48206.43965337999,-0.032749790433831104,8169.16258853,-0.00491151232386416,82470.47927326,0.004457933598580476,11491.37250272,0.028411306122767287,53909.49368059,0.011950782486731058,297179.20003834,-0.1118838639072908,19011.851981899996,-0.0383625296803693,18806.03690296,0.025304389653216876,17748.88100391,0.004741212860959756,12064.08821338,0.017723244966073894,9818.77513184,0.020489411186523865,114869.09025945999,6.987044873349229e-05,11095.273364069999,0.06779041264557717,1712.81348671,-0.08377957796975413,135186.51202275997,0.0,0.0
2008-10-31,-0.09249564779779777,28060.00992477,-0.06695473514733662,262766.50420971,-0.008207187436686674,643150.14509634,-0.09060382157755816,271793.4372,-0.11105748294863989,139904.39624999,-0.09360288298001104,814093.01659418,-0.11369348875506573,50484.56779975,-0.07324454451533752,174427.16758894,-0.04026443198655378,161705.11515855003,-0.08118400741145648,117952.7098783,-0.029547939121784644,97973.33844956002,-0.07292182382934002,35806.753052219996,-0.10667297525310573,228021.82231993,-0.09210864079367087,66643.43853665,-0.07324400955076003,246040.91825808998,-0.07098224970017343,244390.01058956,-0.07796237732238775,354022.59487801,-0.05142914770054799,37733.29104628001,-0.13069201368339894,18881.32525151,-0.03232119559501033,571123.69942118,-0.025900272184639014,184316.87921629002,0.07781635850076087,29509.812721410002,-0.07942000601032012,159926.77031834002,-0.07218582770605372,51269.47889731999,-0.10037862633335852,49278.893167199996,-0.058853278844844224,49131.746235340004,-0.17506228547596894,60158.47351377,-0.07900731211558228,140904.80705928002,-0.08613846832758627,20901.197348039997,-0.14724242190331538,9507.89254409,-0.03021185605084028,236533.69461789998,-0.06657970056338203,8011.675810499999,-0.06596841010629044,334843.48774590006,-0.07757513598138903,44384.22052195,-0.09408294987872085,135289.02396786,-0.07446352084144234,38377.73124588,-0.06532093627908833,113071.54784058998,-0.07923870421466955,54632.42919042001,-0.040829805469052946,21631.338967440002,-0.06194567470045047,195900.40178328002,-0.17919856010405605,149743.90003418998,-0.049460931973677534,23771.16802701,-0.16601618183732356,26075.41016576,-0.06886851057829102,80549.36837884999,-0.009444083731011632,239439.84495579998,-0.07252545668717247,10208.06431956,-0.07839221171357541,23542.308356089998,-0.07340139879289541,53165.00039492,-0.03143682775183905,337043.4845803799,-0.003732429313888588,160178.83193066999,-0.11139632089392679,53994.453409309994,-0.12331820465597809,14292.88195943,-0.10234876965002375,251991.2298063,-0.05919515268988171,26202.15978021,-0.0023417407388648,67819.67330044,-0.010766037233707284,4139.1874566199995,-0.057790691366698156,10980.155068889999,-0.08708768501631603,109483.18302037,-0.041652734617965106,34678.01573948001,-0.09032578491844301,4923.33389016,-0.05700865493740814,61187.20892391,-0.07940373764373485,6653.07888582,-0.07703028900692037,29083.87038631,-0.042393954304643405,227422.83105703,-0.1520459688563246,11310.02034139,-0.17770597038428437,6275.100685459999,-0.06986916575602722,11259.90327453,-0.10277477890883686,5668.95135438,-0.04265354312264921,7235.7659679299995,-0.04013478782828899,78293.97078331001,-0.027064490140057566,9510.62211265,-0.08213180240964454,1523.8066441400001,-0.13069448439746353,103430.67781065,0.0,0.0
2008-11-28,-0.15602371543064422,25428.775937810005,-0.10224478281173909,259664.97492939004,-0.1007012856049491,531695.58318699,-0.1359950370765408,246714.41686776996,-0.14670513507936395,143778.92669254,-0.0786576849225693,937677.1999428901,-0.1610369780350631,45998.20115591,-0.10954081116136365,174045.62658761998,-0.08877632811719746,161990.78759695,-0.12139718108148669,114334.68027649,-0.08971909118746624,89835.54816895,-0.07371036309780984,39368.9993898,-0.13676178665076727,235275.64941147997,-0.1302100389049593,62863.22336844001,-0.07057657355445701,264956.23882321,-0.07150014077033037,266402.5067314099,-0.11193122416375186,350416.2272578399,-0.12774425940362003,31647.74259079,-0.1838427415752144,18842.110686480002,-0.061593233788989954,578731.1635482502,-0.0638362682493445,187594.34420144002,-0.003797223339991885,25606.005978520003,-0.10875200476475098,144597.17105118002,-0.1423413135188525,47222.3936739,-0.11470345814780143,51456.16837771,-0.11556168558145437,48622.889404140005,-0.14792377555174513,62864.04504945,-0.12279162823800438,133886.02370201,-0.16451168878754038,17312.21635211,-0.20300083642558342,7492.01050216,-0.05704405205514433,243704.41440315,-0.13186619616025586,8569.51907611,-0.12223574229323445,306359.76905953,-0.13675913016626676,42405.65249653,-0.1313264859100174,132348.86710295003,-0.13233830161653834,35536.30962196,-0.09432234348203826,112741.51085628998,-0.12649923712439595,52532.72197035,-0.13562171109991542,19211.95945951,-0.10134612765018443,191204.85369936,-0.18851070482838997,146627.99256806,-0.11922925493744259,23377.43391394,-0.13989508128866984,27873.728524870003,-0.07346184511096296,88487.42498802999,-0.046324043712617155,264899.30777566,-0.1173803176939312,10169.116833940001,-0.1555733930043469,21817.34567617,-0.07971465588360654,58158.04612003,-0.08384812064588508,314371.03871954,-0.03523140683957839,158390.27367391,-0.1788038731799152,46639.2054712,-0.11685682118075298,16060.049583259999,-0.14579205509102014,234364.00663327,-0.09725907364197448,28382.69387681,-0.05570673940061215,60263.52944752,-0.004368594916712069,5205.00257997,-0.10957301244364454,10701.662971750002,-0.1437021679859368,100401.60694324001,-0.03872948234654108,39935.39293797,-0.1381874992522061,4428.99697165,-0.07652608534507704,63183.440407250004,-0.14793238333280836,6552.28898563,-0.16876608196918352,27372.90018576,-0.06191009230985131,250037.50164203002,-0.1583646054429936,11485.88107916,-0.2605400037115988,4111.15893363,-0.1590718808980841,8930.26493995,-0.18219938759082757,5626.41029722,-0.07053353992945473,8131.77625413,-0.05792841787877195,92769.34960942,-0.03649325660037855,9747.77785032,-0.12374132194248788,1847.85376166,-0.16418308630510814,81209.74827851,0.0,0.0
2008-12-26,-0.13436674621321198,29203.44712212,-0.08462414368178214,292043.7408408,-0.1521804092060992,531709.46896601,-0.10306238120429588,263968.49197167,-0.10996181481486875,156434.44207235,-0.07228858889281614,886874.7963063299,-0.13385257835028014,48991.742200450004,-0.1006838959783655,181521.24869538998,-0.07430962946430596,179290.18000430998,-0.11413168661919573,115887.41729379,-0.09884736510248897,88043.43113013,-0.07726057919138046,38583.1266224,-0.10553610555544488,229573.03248188,-0.11665552526848066,66096.09751401,-0.030689399570611682,282531.27557352994,-0.05736733948569353,264061.33954290004,-0.10393602755356833,348971.10000026994,-0.14268112741012623,36492.155391659995,-0.18249262282148643,19826.56725008,-0.03490736488659345,619518.82917717,-0.05105298182047258,186449.69209568997,0.04074005160103656,29486.10451374,-0.07861990937882302,168728.12323784,-0.18361106050554488,43283.50146375999,-0.07754873790091382,55439.03383452,-0.11371003047021051,51502.13679948,-0.08644794516173679,72388.84226788,-0.11684735605074521,136185.26586173003,-0.15632091927565842,21069.286144840004,-0.21947358830560051,10005.43663691,-0.059367940912123336,256333.42344245,-0.14180877791433263,8111.121200220001,-0.1077143222246778,325970.51202918,-0.12337464537119876,45742.89099398,-0.11461089113604536,133613.25852250998,-0.10397193161847954,38640.443279989995,-0.09511706245415147,121010.50008474998,-0.12658247254862132,50892.86010307,-0.10694551696283007,22444.835045760003,-0.06297106294618654,212537.64867764,-0.21152764504444896,123795.52667277,-0.1428339483459548,24728.71856308,-0.07220470396209624,32881.09841691,-0.06817121795620493,84541.16594030001,-0.041629066449488265,253065.36946893,-0.0656310219329392,13467.96415262,-0.1409390445010135,24250.448495619996,-0.06590282069330976,59159.58064236001,-0.08589350550913392,325959.55092631996,-0.015530797144384467,172269.03163911,-0.14407666169964767,53229.68410638001,-0.06635069396504044,17870.93086556,-0.15400569755232682,242892.57299465002,-0.07687308356572668,30460.864993080002,-0.07307183273038895,58664.04501356,0.01673662610193033,5244.38716584,-0.079577794934907,12343.923211989999,-0.11618444837167655,108570.5309583,-0.017572784928401267,43177.352963440004,-0.12845669844848162,4706.98431872,-0.07154590404321501,62636.62106199,-0.16213603536875748,6719.895387559999,-0.1494141770757717,32205.852844950005,-0.057905145486808585,249221.85144695002,-0.12754515566519598,11376.770868520001,-0.05662182511522116,6839.75031043,-0.14356714398124976,10182.431715660001,-0.16149592065494342,6183.30587887,-0.06034066005108138,7969.33639173,-0.06446710303923786,90676.72140627999,-0.015707608766860417,10528.21969748,-0.023852813298536654,2416.7379956899995,-0.13277957781565472,93580.74413988998,0.0,0.0
2009-01-30,-0.06482710698909971,27593.4389161,-0.04230665000219999,247654.30849233002,-0.10069700817013943,374456.27067517996,-0.05441641093714725,261600.64482314,-0.05017000806755818,145868.12053307,-0.0030174505189810874,938028.0972994502,-0.06116413345906333,48544.84584087,-0.03521050693345243,193203.09863434997,-0.025769557356212103,177279.48921385,-0.040810067021263545,112372.33760934,-0.05764552672374851,72448.02463053,-0.01810906464477597,39675.22651529001,-0.03869162746675972,233609.24462698,-0.05301156383632062,61186.2064388,-0.012690494984378938,271868.99024496,-0.013644626532117472,273268.72167200997,-0.04936535921811705,332342.07545384,-0.07459580591237652,33686.58547349,-0.09555192522573028,16323.70681913,-0.022615054205464218,611396.72964399,-0.017989747629285714,175434.34682861003,-0.04183637458340625,23678.16566892,-0.04181047266923389,159287.8425538,-0.07684522425629454,35219.56856415,-0.03280658248873157,52380.850526559996,-0.0464390922912076,46601.56958179,-0.03352271141600709,75567.64008572,-0.06426187133048013,132216.31885591,-0.09699592528515633,19671.0136435,-0.09104466770038343,7621.91289306,-0.020966939018926926,239202.79250999,-0.0579922099862393,7476.57288026,-0.07421544460305321,297025.05800482,-0.05480089236638249,46441.76216753999,-0.04198695761786959,135136.70423008004,-0.0490603807664199,36896.652088500006,-0.035794323917670616,126637.08164499,-0.05507698559209256,53540.04933299,-0.08288253054988713,22225.00730805,-0.018451377426347698,221693.00355507,-0.0710816828542025,119682.36632014,-0.08592213679592346,21704.926732529995,-0.014248182676691208,32111.208528099996,-0.0010201382085010834,90358.66045857003,-0.017716982600403913,234151.22265838,-0.00735116123533267,11163.749890790003,-0.09551345231464081,20724.3674265,-0.011851732160959508,57916.45571724999,-0.0339171802316963,330701.49189888005,-0.016200863026267862,163485.42474237,-0.06997391049961621,54355.65721237,-0.006642102146505496,19255.371243020003,-0.07310124006811121,229185.53970974003,-0.01875886318786747,29301.848517060007,-0.03059754279676727,63174.09349629,0.042963764990072144,5185.0403252900005,-0.06231720215506813,11095.55763189,-0.05761689941801826,107326.28516324998,0.011583603359616385,46443.444695340004,-0.06809042741729492,4436.0231752400005,-0.03158032889554553,61496.87878858,-0.08727396516806941,6762.39286354,-0.10118578940550342,27051.73005549,-0.033100451249373955,193121.8635799,-0.03693596654892927,12539.4796636,-0.12586980097400255,6600.513528209999,-0.0687023043323591,9400.252596350001,-0.0980734475638989,5385.507817029999,-0.02089356993173015,7246.341776599999,-0.035983699022129945,79150.00059365001,0.015426991899588459,10145.863713980001,0.009220309962054033,2155.2349250200004,-0.048333192101684276,101889.99876709,0.0,0.0
2009-02-27,-0.06698556967219488,23802.43115505,-0.05582840588898757,209392.49451725002,-0.08374746725071186,297700.93338427,-0.04616399500608409,237037.03428584998,-0.07640976091637401,121068.57002259999,-0.0354817414989317,784520.7595099801,-0.052254155035659826,43595.025488139996,-0.02001000473820299,177995.72511244996,-0.01881052895672295,159716.89676769997,-0.053488369751156985,97956.42067203,-0.06526093903684245,65412.671439460006,-0.03353227157205673,35259.18527335,-0.044343313703503334,207261.12552359,-0.046879229905572244,57526.731950639994,-0.02876777012039429,237797.62357304,-0.03661567500861105,237107.33024779995,-0.041196357324708326,317003.63145506,-0.060634756005398284,27457.122324620002,-0.09434487439826689,14191.948319439998,-0.035497631588105726,563488.7506525,-0.02448909308890754,157490.03193589,-0.07015495375145277,18140.71356167,-0.04278601871600615,141860.50807329998,-0.09525683125115181,25693.24702451,-0.06893252440385833,44806.47755462,-0.04491860522840972,41659.154066560004,-0.056005368809876395,75256.62958344,-0.06437244575368233,113592.73464778,-0.0877238384993608,15173.44842552,-0.07733195790446706,6830.874122990001,-0.020274631147631946,223819.41461910002,-0.05777864673443617,6152.13451124,-0.09453608607810988,241475.61735344998,-0.047433497640144,39626.2366165,-0.03936810072601858,116209.26520272998,-0.057963166491024204,29900.750976540003,-0.032282210508705556,117253.62624377,-0.03965741213713824,50299.1487028,-0.07351436052920877,17912.868207929998,-0.03581315880006005,208568.15499478002,-0.06972811816028916,104624.78206303001,-0.09059398399964641,16737.128174330002,-0.05948342601277224,28213.013946699997,-0.023942884792996628,77530.39908493002,-0.029327170401234965,207754.43944434,-0.03957499385339761,8920.56970449,-0.10075387505213587,16356.5922628,-0.02574266877284646,53879.00547971999,-0.028427887834352666,326193.39790299005,-0.024249763936124963,164374.16170126997,-0.0355301559203731,54059.483890070005,-0.02400117362072776,17647.62155784,-0.05319913041466798,217712.77883783,-0.03770586587702972,25780.503992610003,-0.010492984836904536,59209.72609539,0.007256620480395155,4937.556734579999,-0.06682676082998067,8982.408967879997,-0.06310199422065026,92040.59183461,-0.0030909276895437375,42967.22489765,-0.06815177019590499,4065.44956258,-0.05604200513426004,51931.35511664,-0.08747957631820638,5634.71295842,-0.09521263525105156,20694.47683622,-0.030735306992917634,185804.50490022002,-0.04490367030842887,11119.9808023,-0.15778981954053123,4465.0223699,-0.06330047323229855,8303.464593749999,-0.12091510051995127,3710.79120404,-0.03200682021576023,6545.07486536,-0.04906376729176854,70263.76645982999,-0.018091642120550328,9913.1646254,0.0019175583231645626,2408.3995595,-0.02344413558589317,104029.64299252,0.0,0.0
2009-03-27,-0.007874062231899528,25474.76359684,-0.002886721425466364,238723.52548912002,0.011784728543077678,426800.4853174699,0.01242044095601854,295895.71855143004,-0.018510510253277875,137392.34946228,-0.018860518241345856,865372.70646096,0.013231878204205008,52710.08854173,0.011332489895699852,202223.59939132,0.03700939796146476,190894.04389423,-0.0023885556522113623,106973.74943999,-0.010561668152493072,69521.32710601,-0.016883202548274415,37341.05371537,0.00338518765352228,239538.20243865,-0.013843230061690874,115756.93576422002,-0.009278282658171443,274459.05515642,-0.02384689773555266,244975.07505852001,0.004614006685292361,350732.99992706993,0.040622572650079174,33482.572900600004,-0.013359415401739448,17093.27081042,0.005306201347967486,588637.0539408299,0.0036480359227985767,161720.4429092,-0.004927247748339705,17873.74019542,0.004632365044007274,157624.99338306,-0.01806486556793873,29640.835487,-0.029745559411485566,47410.42785964999,0.019333198257028887,48593.65629662,-0.01684697162407582,85378.91926313001,-0.0023296106448013683,132041.30131797996,-0.018857541534765918,16354.371888579997,0.02720760506873065,10559.11195097,0.009805171396154248,240571.70201536,0.006006137200298186,6847.7350373399995,-0.030048841036605795,246979.61813156,0.009811070623504541,47687.03979912,0.013684740079505564,136140.64431537,0.0035055807499947728,34257.32709461,0.0007533504943392575,125027.20460768002,0.0029851313057424117,53093.69722670999,-0.00574764789380104,20164.71690788,0.0016729165505058761,199280.05740989003,-0.03291973455299922,126138.90806022,-0.02021787133894416,19827.879233099997,-0.013239777642318432,33581.76204869,-0.007663822730797325,81299.84221290001,-0.005552485038422344,206225.75285513,0.015228853990782302,10018.08160207,-0.0370621293706591,17294.724904270002,-0.00035795096069797544,58135.01664070001,0.010903809733624377,303479.3521455,0.010654482443970293,157636.24828608,0.03289255241755272,65896.78328948,0.010172208780017912,19460.16228415,0.007999902973390734,275575.58835773997,0.0012006474149786595,26635.700254569994,0.0028870298314504056,140569.62305517,0.016886625686646735,5184.0754208,-0.007095645636594814,9612.09411556,0.0019646060981421258,105889.50808033998,0.011475360292298387,41959.49946543001,-0.02408880920511,4254.08700015,-0.01719589304282957,55542.21902615999,-0.01864703583925993,5511.13809472,-0.026536029780328412,22970.08825881,0.0028738201943453805,192233.16292982997,-0.026635758371934288,12153.38645571,-0.01738986565488423,4841.89312119,0.018707144462323144,9276.00442793,-0.03534734633169142,4497.181750049999,0.00502941795138764,7348.7719516199995,-0.008688684511061391,78012.53117109,-0.00318167888615472,9900.97345404,0.06766064379339333,2500.28985165,2.3420137443540923e-05,109921.13345737,0.0,0.0
2009-04-24,0.12773267940328206,17046.109248290002,0.06205490114712529,243175.68445608,0.13480227623217006,415560.90112639003,0.04863336119963266,304769.19998585,0.060228827436253504,145538.92983954004,-0.01146661963336571,809205.0943988198,0.06411195159371377,57526.67054068,0.02596708890627832,209258.04809754997,0.09125143232585652,213726.99921915005,0.03715229040320688,121322.74397328,0.04398753267167286,74119.97823636001,-0.017888632300582467,35786.998675799994,0.052708568542174296,265514.20108759,0.03592875329767508,120412.84485155999,0.007513162231423678,266157.87455859006,-0.021440439316128587,238520.90939075997,0.057147590557260874,362492.5571854799,0.13053011953099888,37341.67456881999,0.1691286084733385,21890.17392032,0.004899503081476369,529393.9037824898,0.004487887376535954,158491.34140102,0.13671581318408674,22450.638853469998,0.09664526915189327,174698.76164466998,0.17604788145119593,35570.910957490014,0.04563351305536252,51955.847371170006,0.10653658737020058,56971.58728799,0.008734419240603423,84535.68664283,0.0705887515097681,142898.08549494002,0.1317519740802173,18136.40468848,0.2564974748303271,13207.97148764,0.018120576620178724,240742.75393281004,0.1140716476540513,6983.54255252,0.049067047693908544,271006.03068634006,0.07674511140774154,54656.80442248,0.07054823960994822,143253.43842555,0.08615023336065308,36403.745083,0.009352234611988534,125036.10478281001,-0.0018355073715879604,53334.059219079994,0.08069043819292888,19372.11763553,0.027016350005436604,209176.68926189,0.02006495685192592,130635.50314168,0.09180882935425246,19685.870412790002,0.03524470076494277,32009.82449118,-0.015676396733679786,79180.22137859,0.013764659610892665,217175.38251335,0.09434577210337557,11664.933531929999,0.1187011557285965,18760.115659760002,0.0303540644102087,59822.05789838,0.009597098059619748,303599.92484453996,0.004331685564087011,141842.01131953002,0.10888371318145422,72869.44580807,0.0075190556870525695,18054.43917711,0.051108111448510136,276408.4854387301,0.06744495204357491,29121.11855299,0.015849909438820343,128193.26382648,0.00986515890243548,4841.716369669999,0.07887631600116166,11846.48786743,0.07089685482105483,104040.51124991997,0.000322017589961952,40947.05483509,0.04456589871196108,4715.98896144,0.039086985604450813,58690.27371548,0.14215099147047863,6782.120608830001,0.14376856366094104,27167.90842591,0.0031269197778221467,192941.20362826,-0.038218706107549884,8120.45200955,0.18182294474898686,5361.7153347700005,0.08152188020351023,10485.352879640002,0.20081788693210775,5120.76097833,0.06007852775590507,8237.73661398,0.056491196348426684,85482.32779371,0.013033599133823768,10116.43725273,0.115935761676218,1929.5885080500002,0.028290940551292654,120173.58008609997,0.0,0.0
2009-05-29,0.19190981367215265,19807.882752129997,0.15746058321315992,269537.49585696997,0.24412781282171325,502401.84918414,0.11107354626861507,316437.21093541005,0.12614449449865878,158081.1499158,0.03612946186027053,884867.9751713099,0.13496280559668122,60567.36352995,0.0680839402402873,216004.44947771006,0.12950093290248452,208595.67794128,0.10025784761383796,133516.08169181002,0.09906339240172764,75333.9486423,0.026722174111811797,37454.75196619,0.10894248704487003,270454.69687886996,0.08301123764237693,134309.14164789,0.03007691035437445,255422.67438518998,0.012057448638529485,242915.40226224,0.10408027952353543,380241.44543664006,0.19718510715006138,38608.31878619,0.2694793743168754,25655.119849040006,0.05614012222777775,551591.10669334,0.05512920065685278,175317.61472556004,0.14514217482126138,20001.71050187,0.15420444529909413,181842.92786512003,0.26861364734728893,45313.513918820005,0.09855330600432034,55002.34082282999,0.172621794469097,59301.53986617,0.10271741853318558,100752.70552562003,0.15057355178437384,164975.12605216997,0.1920646730977779,21726.947689300003,0.3735728762958952,19009.15801773,0.05044085504115406,246906.40137731,0.17920844573269543,7733.45339131,0.1340206448746727,305008.03532953,0.12551114221120047,55819.73548231,0.12584602712344903,152747.02528376,0.18300306460928648,43889.27099636,0.053376695231169356,133004.82416093998,0.05831539357537967,56685.22393456,0.1413129094049946,21401.35926826,0.08561369609902483,221494.43643215,0.10842870600135675,150353.03264626,0.1599283296728497,21915.67413811,0.11079584369126842,35303.21780138,0.01571840681859353,79671.73112112,0.04818296773766292,227368.20132180004,0.1304239314595778,10900.90665148,0.18029852286134848,20697.37026752,0.06543251681304539,61902.788032849996,0.05912543952646192,307393.44884817005,0.03326232332798283,146653.16938511,0.1551920350331684,74419.55154882,0.07864264560308248,21172.813264559998,0.14259590619551105,323472.96658864,0.11047528273815578,30034.340046589998,0.06939463293398605,137937.33135085003,0.0005831189309626466,5474.912625080001,0.1326844352110075,11095.745636070002,0.15756252320960268,117937.89568536002,0.01317329691445711,39429.007858920006,0.10670525457979553,5162.99028258,0.08269036106451329,63262.58340144,0.21856969972676088,8188.5618184800005,0.2123927238100726,30546.26186132,0.058420996406217285,209234.31924812,0.08902022318821902,10247.117708799999,0.3059684016797803,7936.86631012,0.17021420912315502,12235.495511500001,0.3344384935056437,7096.5319478,0.08242714743945452,7898.033295289999,0.08850704817597933,83292.82368142,0.032298965525252,10449.21412411,0.16751961890528336,1986.42055696,0.06861525044184844,124728.15087535,0.0,0.0
2009-06-26,0.10457610662865896,19069.87099138,0.07747319338107066,265988.01022049,0.13777101995871882,488358.62913936004,0.06865413398589566,331040.80762961996,0.059835113920310976,157174.22439788995,0.01494737590421108,862567.9998171099,0.09349242107611165,62843.66299834,0.06424925818944872,222297.17186821002,0.07367465963292182,211071.23008000996,0.05745905503010651,137514.1078306,0.059525665220611326,79782.20759396002,0.025898263873114072,39212.3104445,0.0753450696533533,299214.56638056994,0.041543789651312814,129354.87479029999,0.000833679011881406,262075.69103144004,0.009676678622818827,261508.46860773995,0.06770507662598382,417592.56983011,0.1106177267226639,37896.843010189994,0.16405277982394814,27108.735983009996,0.03512767740327563,553961.8169207199,0.04686220547887246,176505.56629339,0.05331017501506333,19038.18954825,0.08017955452932633,181799.49302135003,0.15618663829380644,45794.92177490999,0.040532829656933216,54715.40862298,0.09468426662849729,62774.44234829,0.056631375691518604,97136.49769317001,0.08272015850751911,153309.17301084,0.11832394108006805,21645.540944159995,0.221695803284768,19091.36436808,0.02465921888953168,242882.69499843998,0.115159291358904,13982.342697540003,0.05654105814166995,292894.37848639,0.07362334004887965,53778.392356979995,0.07482534079437365,156263.00350876,0.1019848393606374,42165.30102897,0.04447408092424721,130745.30409073,0.06664864175538944,60088.61212987,0.08443285935502487,21262.55767093,0.06237433205817532,226209.1496866,0.07807292725987865,141151.79858504,0.08702877071335416,21483.085600839997,0.054700505219098444,35318.62464306,0.02007298990155236,85265.43110788001,0.028409209305439005,224541.42258125005,0.039586754948942475,11457.329837969999,0.09304647229521386,20620.857923350002,0.03340305565635676,61557.70651735001,0.0636754154062042,320423.44787662,0.03697520062825237,157293.19302729997,0.10739519928060011,75855.50278072,0.03627462112745351,20062.568914609998,0.10198829983682564,327310.18454451015,0.06513187525002594,29695.417083229997,0.041872906501237796,134995.92872991,-0.008635452015903374,5913.872766479999,0.07071832337712286,11901.727405710002,0.10403468505973341,119102.9674963,0.02124211718305878,40290.94240742001,0.060900348233383486,5118.047756409999,0.04218272639655046,63910.69512331001,0.14950880373543615,8584.608275769999,0.12188524626449004,31436.66550447,0.04035065940241702,213176.90029764,0.06527714069206889,10860.53260471,0.1349924993496812,7913.6414070599985,0.11187599066012839,12196.09904302,0.17149098373835853,6297.2665047499995,0.03754792432303248,7950.109704789999,0.02618011344879102,79954.29490959001,0.019419424632965122,11163.60505992,0.11022426555649283,2105.47029305,0.06308855245635574,129112.69092801,0.0,0.0
2009-07-31,0.11046647864651489,16802.55808086,0.07651688473853573,300877.01571690995,0.06098231033142437,561594.6692280599,0.08610160710024653,389913.23652748996,0.0734055529695913,187364.46225021998,0.03642757388100435,931406.8666796399,0.09695205479079524,69947.52647751001,0.06487194810103124,250490.27255025003,0.07621552690161014,235170.01493457,0.056590224073241074,151473.34245892998,0.04915507707461528,92708.29128517999,0.052684172615147074,43537.69778522,0.09871686198195656,344214.64470477,0.03417854458625949,143238.06399304,0.03132772845672508,282531.58967940003,0.042181764969935566,281706.39258462,0.06754196946525712,445914.25615429005,0.11822203513248612,47993.710232519996,0.13563218139956854,35033.867199110005,0.060589825339287445,618871.0119089502,0.05996846988362927,194174.54137437,0.009417605812305684,22824.445879159997,0.0453054466417619,198158.87162754996,0.07975505972179274,59185.363776499995,0.0548279874279816,64403.400108660004,0.06913416737558772,67658.38289067001,0.08875026032237479,108979.68160165999,0.07169657414264125,173764.12903031,0.03405870080313835,24833.596916180002,0.16630564301326814,28982.45351816,0.031383354300556304,247961.95730241004,0.03625374736236851,8093.07008596,0.026640015799360282,293042.85379676,0.054516937029062795,62003.59533044,0.08044766884477193,182494.62896667002,0.08329350218296289,51483.29333414,0.05718219758960311,144415.84035873,0.0790752112664914,64259.35677117999,0.05095832696312442,25438.02112208,0.0694328406411548,244974.0975365,0.04778690387159622,153277.75911449996,0.01851563917458447,23483.834412829994,0.07578062155493909,39808.58377359,0.054649274511021875,91683.0779742,0.03395889504893115,247543.31266563997,0.05005260359731356,13367.735319860001,0.020129636874871855,25499.302814670005,0.04033172411581093,63906.96959872,0.060032712590899776,318273.13577199,0.07814072082885341,176899.79969306,0.09443116451946851,88303.71888896999,0.03212066013904212,19389.88072845,0.08733907777297253,346393.04840766,0.04699787554551987,33646.94163726,0.04586431953651464,148585.18039276998,0.0384832856645456,6924.025097610001,0.042514723457845585,13354.798711140002,0.07530373606233434,132098.5958271,0.054958922496742904,43323.77415876,0.044466218398120066,5815.5680561300005,0.05745052450886421,75429.19212526,0.08779098844862664,10094.843791880001,0.01807315573219274,35347.73486258,0.05402634580461372,223980.67837475002,0.11158079051719123,13629.643457670001,0.09964969461036377,9132.62512067,0.10846829093492125,14355.360688929999,0.04282587607787664,8592.435747739999,0.04050244510001794,8972.00600447,0.0322663573726962,94275.02087027,0.059196071572962895,12781.724357640001,0.13255121990556268,2381.1734516499996,0.05050674466645069,140952.22259363998,0.0,0.0
2009-08-28,0.09094766847851189,19354.351872179996,0.06963403268326067,339857.85117335006,0.0120034793027021,716282.46054732,0.06485736394691996,390205.81662884,0.063081296170815,199856.51318634997,0.03658358014663943,953618.0467543501,0.07328087297163378,71208.27879489,0.06032350671175411,256083.63177727998,0.049340943675193524,243868.08206763997,0.050180060700874676,163641.89192435,0.02044285981580467,98843.26220736999,0.045800860986043794,44124.02465377,0.07831821575431537,362156.68703841,0.04059273468402867,148196.26057525,0.028747639345434894,283857.3262565999,0.04161664228754399,282521.48013417,0.0420834565640566,463488.83132217,0.08467835692166495,53470.48986098,0.10836841352319873,35976.31426621,0.051559017745586404,631239.79645645,0.04789351423856491,192325.04493111998,-0.021797098978909073,25132.052324689997,0.0256893607438842,214370.67416738003,0.04971346435227049,68284.77453447,0.05212652618314531,64320.95114778,0.036690531640809466,70877.26304169,0.09718826282083928,114481.28493788,0.0492751369924128,184596.32176123,0.0223617190042469,29510.387906149997,0.14654596705021697,32479.835888719997,0.022469631309125902,257703.45694088002,0.053591101665049004,8925.42225428,0.010165633932119859,327784.7252189601,0.030541485509417675,63626.88300075,0.05480847629925582,184529.59788539,0.0629752961794292,53949.13885975,0.047021792775858134,147164.42532377,0.06401962323750149,66574.28464512,0.033211109869579675,28583.239309440003,0.0638025220680316,264307.91232604004,0.052303830650897415,164542.19464837,0.009546631598118258,27986.832760830002,0.07754015812744357,41752.01339267,0.05059297070932623,92429.97303382999,0.016717026148511276,241214.84648101003,0.037778325640154264,13718.194701710001,0.008531103440185027,30768.79093861,0.041965076343597266,67522.24591104999,0.04490274449912021,332279.36966614,0.0551892361203765,174547.55948887,0.06407858794377515,91198.85308105999,0.032489690035271426,17767.961986270002,0.06373500795015648,366469.2514339099,0.034826206873351646,34970.32568107001,0.029123969816101367,152352.01844043,0.02595037106121047,6902.182930830001,0.037612718757360324,14283.52352452,0.05251265511295575,135641.51208592,0.05261473026109255,46433.66079017,0.023162340860362368,5838.35149116,0.052867354802856405,79565.80892002,0.05452089778704226,11652.240071290002,-0.006910258156775014,39843.49983972,0.04580354009394831,227460.38652074,0.11515002422272029,14060.76978988,0.07726263820506624,10376.700681710001,0.06416065552417649,14920.33293379,0.02042242721518833,10397.81115899,0.029197306881984155,9403.77382354,0.0228519115727134,94985.01692073999,0.06043320404687354,13541.6389018,0.09026688148649846,2377.17094326,0.044547419067125095,148817.50182468997,0.0,0.0
2009-09-25,0.08869877214752661,18971.917233719996,0.08192967408736909,348719.75251491,0.013480701517266942,781672.3089695801,0.049088914614845415,402034.35973953,0.07261762752250664,210733.57924425,0.04829004364275942,968017.53559106,0.0684970969646554,75204.48517851,0.06976772151187244,267387.26874404994,0.04536795758314631,258960.12706931,0.07322134232887373,178467.05912334,0.013860560110595265,99665.05340878999,0.044762013528495376,44139.06706602999,0.07623225956632486,391251.26541191,0.060581387154049246,155311.25750933998,0.026453558010340786,285886.68027984,0.03665061989738169,283818.46221436,0.03820696240763262,475651.86158912006,0.07385339117412373,57135.19480908,0.1100141405829625,37320.71831063001,0.03791907892046659,632080.59621421,0.03945033398940748,193934.64237276,0.007280733000666419,30566.584331049995,0.053217345785085794,226652.75200834998,0.0812679538868598,69834.6715621,0.06347765233528911,69926.98512852,0.05197193853976238,78473.6109414,0.11108306450512888,123830.32885342,0.06282285722699893,199286.20324837,0.07606246536829846,32715.55896962,0.1504208562282185,30929.147971680002,0.02343074721405182,266805.11485222,0.09521743298705695,9495.14929238,0.04105663931615742,367920.17447798,0.04408341215233162,68081.1615016,0.05761814436109951,202174.18623529,0.07534139403867697,57356.36696703,0.04477933567713929,148541.71397782,0.06137961155125318,71122.92276586,0.04243600615836812,29426.592721080004,0.06206597704869894,264631.6042731,0.10133697844081636,175656.06748916002,0.05917670785252019,31781.29454827,0.07886978644871204,41941.72478033,0.0416362161380245,91106.15895677998,0.023015409969056797,252377.8973715699,0.05347910467029847,15501.326775169999,0.06259839516486068,35261.967651060004,0.0536882386031061,68807.95987075001,0.0442246238265011,343536.23372468003,0.025953553995825628,179659.05005526,0.07125457530843186,99469.57746988001,0.057073249024233115,19901.48827242,0.06571363271520059,386298.37566770014,0.05003177490028873,36253.79242012,0.026335013146232447,152997.30093903,0.007290374187460941,6930.4022551,0.04593009684761684,14865.2766412,0.06846687494451908,150984.38875751998,0.04019447546181985,49525.30301432001,0.04147384474468748,6303.87353712,0.05711297415981964,82545.69729560999,0.06528710427688168,11984.88755667,0.046185988038542056,45854.151020740006,0.04994245877921972,239374.98473402,0.12425277719813836,14653.87529701,0.0864299173560332,11582.703026820001,0.054618172934397115,14807.391370390002,0.08996021042594195,11171.93101524,0.032103178712903864,9742.00226281,0.033450130333777695,103158.4285432,0.06325958234604322,14621.16563264,0.08101230547722994,2782.0980289999998,0.06093699853104953,157787.92026977998,0.0,0.0
2009-10-30,-0.004814675301414947,18870.450564510003,0.01944337934839276,340319.61433093,-0.01998949506887798,758772.6404368299,-0.01004451097873816,377789.9694032499,0.017695777579880802,220931.18216852003,0.03708108449345462,1014465.37041995,0.0018633094757751077,73599.46366534001,0.04067979497203369,245482.78986865995,-0.011440572594879773,256144.01895453996,0.03330091347135857,171999.73846251002,-0.0024216081029238257,96198.5246863,0.02982039250280914,44659.10296130999,0.043084719134435935,410141.87116021995,0.030977174064934873,155805.53359512996,-0.024309125675162187,271077.0208617701,0.006605226022633675,276043.99362117,0.01233814196904245,506953.77435664,-0.004164853015627218,53073.258071799995,0.00929073685846387,39914.19741447001,0.006072183625262163,654089.91322316,0.024186985978745173,196786.58423023,-0.024133083654423643,26141.53809548,-0.0005782393812463595,214200.87213305,0.07001742857817253,72902.82410821998,0.007960700358728317,69311.88229782002,0.018052915923282814,82794.36596404,0.033160219955580016,122140.68835540999,0.022667282086524375,194689.79257337,0.027266983808186294,31093.9033883,0.004788111180124479,33300.29508905,0.010342166839244967,270892.79937672004,0.05927759056113813,9671.53207013,0.006631043364556007,341129.89811964,0.005428293520770442,69203.46622639001,0.012396059259519306,199421.07670694005,0.02399946584079689,56874.22078731001,0.006482876187176075,140985.37874456999,0.03305193196662878,71303.86320734999,0.020845390510990287,29925.695469309998,0.028874480694020807,254051.20014778,0.07567045331620847,185224.5799804,0.029532037012877606,30041.196571649998,-0.016483953777880884,38530.598955270005,0.01875106767305563,91384.28808179998,0.016694685664089687,255528.53346433002,-0.056869516197259246,13779.727830939999,0.022232958856625757,33087.89326119,0.009764301101743806,68517.41446563002,0.028701761767425688,338967.19999287,-0.026001712778930767,159301.54466107002,0.043468291807246644,112709.92026393999,0.007900483618763925,18690.292408,0.0164203033624553,390925.27110613,0.012097468417577252,36664.594115529995,0.011690895794840188,153467.35652831002,-0.024602999906929338,6608.677642830001,-0.003317345076397671,15495.96559032,0.02949905097324158,151995.67577621998,0.011163074643984305,49027.042177129995,0.006277231788481996,6206.03309009,0.023282912336440777,84045.01638064999,0.0076209911863176286,11816.530750369999,0.015765925361466964,43873.459831550004,0.016850269137190683,241636.27616587,0.04634607128383636,13008.951371050003,-0.11141957107541264,11844.25109995,0.02459768259908942,16313.874799889998,0.03640378362627585,11028.1978438,-0.015755003148251637,9347.997868620001,-0.018972778035939754,97722.89689152001,0.00027208166759810156,13333.968566689999,-0.016459449559102994,2881.9356328500003,0.07474742838800075,175660.35606337996,0.0,0.0
2009-11-27,-0.008281980020898968,19908.09100701,-0.00407318124850896,345316.43340076,-0.04492058261019219,770974.08711531,0.0028535478178264295,387761.36234421,0.01821356086764603,225197.99619738,0.03260934047935502,1023062.44244477,0.013088289280238724,76369.68906243001,0.038269661139912176,260329.39175325996,-0.005467279419126506,258402.08473546,0.027585228972278462,177870.99628123,0.030648487022450023,108479.10787990999,0.028621010015172865,44369.43185869,0.045063413335188575,419047.95861556,0.016193757177940943,164415.66366398,0.00029442029839491727,289727.34215319,0.019002796733717468,277359.49993107,0.01954810184807921,522595.32112976006,-0.009246864373407885,53584.08245478001,0.01364236470224144,41135.71761616001,0.030266013846982066,728554.0059058,0.03049941405501333,204166.01015893,-0.013123945555499129,28119.61156969,-0.010137062176201786,224509.63292339,0.03476563358180739,80235.29542583,0.01511741513661926,72405.11276236,0.004131075953497274,81894.67415119,0.051808492039772044,135665.64267123002,0.02063232793844333,205465.4938625,-0.0200857028914994,32307.823290610002,0.0011840382737547514,38079.15964036,0.014866927580788197,280201.10439959005,0.0343799169729794,10640.516600440002,0.013855374429256884,365137.20953591994,0.015131087388730653,73437.82503434,0.010915950291202675,200154.22201680002,0.012485084676163698,59425.12435309,0.021504118333744323,147446.66112195,0.04898398498608088,72060.20101188999,-0.003691371045585085,32101.251356,0.032172564776279194,266189.32948468,0.037775824229177926,184763.18190850999,-0.005829380552123597,31322.899989769998,-0.028641502604509695,37430.2451068,0.034958868232451895,95973.7805609,0.03576372029417528,278441.32202300994,-0.05195592437386329,14029.733738969999,-0.019111987651641262,35076.83111592,0.01200266414786296,75163.75216725,0.04604942341986624,351977.84278143,0.014361202638415217,168404.31748173,0.042974459421196376,113660.83979067003,0.015898286333925413,19269.813034680003,0.002933347828639661,380567.29336328,5.145896592109714e-05,36725.49381694,0.02341697263448569,158627.49551991,0.006010673662754116,6720.474885039999,-0.01153528160851982,15781.116464399998,0.027279604136411992,146634.14256383,0.026060274481921702,46927.13928859,-0.010872012374317761,5827.961039329999,0.025957386274722785,85385.89580577001,-0.018849640749189513,11682.42589046,-0.03766223874053554,44798.19826292,0.028172864356676947,255375.25296631,0.02377519159947632,12018.997881770001,-0.11885465312834076,12559.37550068,0.03893632999246794,17398.46957717,-0.0387821151764398,11130.92684626,-0.019989033246642328,9071.74624504,-0.0054566654977425905,103163.01913894,0.015774531130346277,14021.177887439999,0.0014037623994856393,2899.0058630900003,0.07226944112056907,185079.28167443996,0.0,0.0
2009-12-25,0.04128287481170813,20588.964878869996,0.013756045598360009,344860.57385692006,-0.03521593820058804,769646.27203132,0.03961649807855574,417310.09452050005,0.03041474540621036,226891.49159562,0.02517229263400944,1005795.59629101,0.040208238578609404,82875.69473195,0.03911583515051012,263885.80923946993,0.022129859662789013,266346.20531832,0.04110133575162915,194230.34308747997,0.047930195420646124,109811.66751793999,0.03300554407199509,47028.98434461,0.04761777372320824,418911.29802491993,0.028632032065787506,174617.53942562,0.020384199807783037,300588.02928203007,0.027360600721138054,296125.31180203,0.02954524259807342,539070.81722626,0.033836341346415985,55480.3659137,0.04218209554144134,43521.40973374001,0.04446313822372278,743542.4074867701,0.03184730628876814,204450.91458985,0.06008197363788803,35912.160818870005,0.0009306853836909927,231162.99992734002,0.02587501644117944,80394.35163320998,0.025722015557457026,74095.16438631,0.01407245920587714,83608.37703593,0.06193398652798851,136066.75102874,0.02834153163886463,200962.03265639,-0.0059308053712750775,34196.397527580004,0.04512129437249129,40658.80556750001,0.021185336040262695,271760.13425673,0.06167836643574832,11926.28929904,0.015101136919476814,366507.10717276006,0.03717581849268712,76778.14679301999,0.015418873633823592,200419.53861947003,0.029123978280018562,61143.93589299,0.0327933763998597,150560.71492476,0.04123828116529901,74751.10639636,0.03315369011884321,33283.22031797,0.04611438795529907,281713.2263241,0.011971960506664372,189279.37756642004,0.014513079634882865,33665.3477529,-0.002757382043528075,39403.82446022,0.043993055829962796,103670.81847254,0.02689244949407809,272282.7018365,-0.006513031618071189,14257.9893896,0.007018713796418188,37576.548535300004,0.02341922780523088,76397.76662683001,0.04598576761156315,364861.5581104799,0.03269165957254968,169475.98284088998,0.04907863551233455,115768.97014217,0.02348358948759811,21365.84434226,0.0026081915524474174,377408.29086237,0.01008659284345579,37679.73485931,0.02792092733544985,158236.65415969002,0.02665820377751412,7097.16982354,0.015395962879767943,15959.443251839997,0.027612880338418144,147900.78526979,0.03822846800932468,48089.711336579996,-0.007628710487508319,5900.24392923,0.036892627662631676,88641.2921896,0.009669162138893577,13085.65890202,-0.018896402196813357,48057.73690732001,0.024822756113880805,250236.66419757,0.015269026213460418,12922.069521180001,0.009037535716420983,13077.64059235,0.05149754558673,17932.35818038,-0.014047809082326331,12869.1884779,0.0078052706097435495,9446.67649951,0.010648619474263986,105449.93366349001,0.02131111871228798,14155.307842399998,0.02030460308249462,2820.81049392,0.06178420786478843,190229.54601055998,0.0,0.0
2010-01-29,0.03485659381220172,19417.99287341,0.004505068396570656,348249.24182019004,-0.009691852145873443,767985.2463606899,0.0420249825133962,404036.23295178,0.016947083783129743,222779.66591893998,-0.004424369357203147,989104.3989678,0.03884111067181915,81808.76600300001,0.02611241288610693,251665.18565911998,0.03864369775339527,255638.15930455003,0.024114702875143466,201911.43891527,0.028518012555832393,106931.70201107001,0.006468299020660121,47793.77513092,0.036378646405994225,417158.96840089,0.033674063942941736,166986.70682576002,0.015811659461415554,280995.0353887001,0.0016504811570788088,283596.48680072,0.028732665354145003,522046.53645182,0.048735553794379605,56567.55069304001,0.05774084669521553,45311.66320798,0.021505552760582483,621428.4935055498,0.009848116464605651,206824.33473204996,0.040004454012226194,36800.199944240005,0.005145124655686169,230576.09642014003,0.009104172600450232,74622.32680113999,0.0107432853049995,72760.28801793001,0.019594992337817054,81690.49790639,0.034580572591304176,124291.83070638002,0.018971396537442776,205290.9740083,-0.019929551759450735,33979.32161831,0.11021089045412143,44680.16654979,0.019256787496367975,271999.05581167,0.025977808020004302,11603.3196385,-0.012586072568844664,377493.9587187999,0.025717393965869223,76094.87835861,0.01926726953108386,191403.93471354997,0.013696193981977767,57863.060880900004,0.020479581647834436,147209.42994914996,0.022133223316011856,73987.88462504,0.001312292843158968,32131.396911300002,0.017246090373716834,283023.4413015,-0.0013636259701653637,181385.69726733994,-0.01240476340817427,32326.45730192,0.0032978080095931285,38759.00748466,0.011299389477970472,99160.25512201001,0.005355693801913308,266910.80447356,-0.0005588921890214895,14016.40266503,-0.011125927787619602,35623.98894413,0.01703774391164543,73943.85596208,0.01501405017445293,370750.08221503004,0.020325093681160724,173209.02326133,0.05002939876747049,113380.0519413,0.003448710162142065,20427.34368743,0.013611890662302303,376854.64572633,0.004890032503145699,37802.12214910999,0.012014236481804814,154374.52716752997,0.014156769813804315,9062.904228259998,0.01735525504056664,15868.85622864,0.01347900265968883,146983.70601235997,0.020408681571954794,49663.41344244,-0.01270905733440071,5733.2852700700005,0.01638692960357591,89415.09872197,0.015148680562613166,12525.40524422,-0.029046118531474867,45915.63633088,0.012036239596519924,244964.81431472005,-0.008866223028803267,12738.83850415,-0.024045872376088857,12529.06973677,0.033490978883087934,18163.0334507,-0.02483622626257892,12567.98322892,0.017938102996784267,9640.13216908,0.01950654194723833,103407.14972571,0.010179805490686242,13806.496872669999,0.030869587243337854,2688.1804799700003,0.02906172394222235,171396.7155141,0.0,0.0
2010-02-26,0.034203818447806476,19448.44214504,0.02205989862503944,356872.24699839996,0.03392825413127808,802451.09786692,0.01825111665137081,402287.2607444,0.028085333801586638,232707.56411051002,-0.010447594426403473,986508.0067178499,0.026302559636740695,81190.01201801002,0.0054291846641834115,251907.56867756997,0.03776155077920599,269233.96411097,0.01576960506051291,207940.27746201,0.03104037513233815,110726.8436662,0.0035458485439560043,46496.91209462,0.025562269849029026,423290.40737974003,0.003485000637013,167769.78561647004,-0.014182303691913112,273567.18953753996,-0.00586399119512147,278616.50087649,0.022780943525744952,524581.5757430498,0.06786322579565948,59890.37975082001,0.06889981464405896,46260.39953996999,0.015699903794541194,612295.3704827301,0.014303585613574438,223910.39032554,0.07074093993075213,39647.15424049,0.0232084487563694,239915.25230205,0.02272811942713616,77721.52656258001,0.03287411380189349,79026.16121316,0.02752172722224273,84653.88941631,-0.004660569550308973,134218.43819100998,0.012596298346396419,207636.39236782002,0.006408214415032682,34251.209944610004,0.10337205961917953,45431.52889251,0.020054851839824,276342.61049394,0.03249280834879487,11770.051491810002,0.011787028207681977,388263.92963714,0.01773663225435731,77248.07745769,0.019221921709870114,199921.12951963,-0.0013777344585280587,56954.585573489996,0.004302400221334498,148489.84522822,0.019134255345533292,75782.58148264,0.007355129727176776,32599.89208094,0.022377497946044145,282357.45347813,-0.015690237264207582,179149.15215886998,0.0064292966310061225,34454.683797089994,-0.002183776362216004,39407.54486894,0.00570172464616698,99047.30350189001,0.005983042760311806,274975.52375527,-0.016876295107459964,13850.9782191,0.0002441536394939079,36162.1229035,0.010491397771622245,75545.53847438999,0.020548266807497457,371884.76882063,0.03061937705773916,175187.78903353,0.032777978897993366,114348.11816319996,-0.012408127238721714,21378.631195069996,0.0011602325467742094,380232.47016033,0.016790093924271256,38771.16999376,0.0030770277128672873,158801.45099475,0.02100067748443116,9225.92348836,0.042465396899586796,17256.23107414,0.010495919793923924,153252.79794607,0.02936926069383218,49474.929725730006,-0.013222889114926927,5853.082046009999,0.02189749594239106,88894.91542637,0.044247172171137966,13629.56140094,0.0038728556715661574,49055.37339585,-0.002449746992030691,252339.16279283998,-0.05474523476806528,11551.4411873,0.007102103567960833,12543.58525384,0.058315550820388536,19531.24518852,-0.003856956539109337,13218.45145251,0.028033861828127636,9948.26714488,0.01919405296001856,102979.39485438999,0.008577325062517968,14317.137113479997,-0.014935537098138302,2579.9049859300003,-0.02224959049298948,172831.6449712,0.0,0.0
2010-03-26,0.05340222185328253,20895.892393089995,0.028582850271615,384983.03237394,0.03627556880345606,900185.036849,0.026502804058162244,423581.46144658007,0.0355851083012175,252091.10584674,-0.011819450122230051,1007159.7631040401,0.03237404074476045,87407.54297428,0.012595805183695838,260440.00465035,0.04433513055478725,296657.35242735007,0.02950991120037525,221681.84832953,0.03785954426690964,118519.94647936002,0.009854431480819574,48595.18378146001,0.03423345303071464,456195.39448832005,0.01655242728988202,178204.23187786998,-0.007419337026322753,289074.83349928004,0.0010884602206114198,281932.91054354,0.023867858185086094,548488.25419845,0.06984993344490681,64398.31266435,0.09257976789107768,50266.674451629995,0.013090208165947291,630020.86102347,0.0206530482378587,241523.88920348,0.09019622201403084,43132.22099016,0.042371929284549366,261834.60129958997,0.043072775528607964,82808.47053148999,0.04318309078788413,82333.19578149001,0.03906656916578533,94578.88465908999,-0.0004759714636499999,143852.07316576,0.022901982734111894,219477.34158092996,0.042243689247301146,38769.24367406,0.13488577751972164,55625.69140761,0.014250785580605971,283530.35924176,0.04922317956275896,13058.41729841,0.021384962308542258,425940.63202359,0.024983841471119338,81761.86538247,0.03041932649994446,216597.87829244,0.010172464886490824,61406.54576228001,0.01175960768211577,152769.72597923002,0.02419270745844379,80487.66190364,0.03192270029952541,35934.23303501,0.03187239477852801,295973.21684972,-0.020699041311721976,178165.11250760997,0.022562155069013108,38013.45602445,0.006323352241433146,40898.66212282999,0.009676459127057741,101177.26472746,0.008735302196028716,280649.1700451801,-0.0018188303226172927,15067.73083447,0.03695116380532997,41116.98725291999,0.015860037555044584,79797.37778538,0.026059280704191386,383835.78740648995,0.04161666489084271,184685.25786328997,0.042719411879295316,129818.82789951998,0.0018826627240301833,23826.168705609998,0.005795078443699909,408176.46835677,0.03482340696671211,42244.74602341001,0.0061306831680882105,164563.49166937,0.023008946070314607,9172.052864619998,0.05766851518284968,19081.626892629996,0.024211902371686703,166492.13657526,0.03931618276923339,52163.38747082001,0.005596084483472102,6294.92685177,0.029199403468524995,92329.72652656,0.07098956026860723,14369.15984788,0.0388638811110608,53333.18296007001,0.0013303416003560354,267014.00214129,-0.03503645063662646,11417.14479245,0.03758657648743329,14377.958859019998,0.06285550266016347,21004.41856306,0.042467165646584544,15120.42307022,0.039157693224590284,10645.32837422,0.02542206953749683,113396.50723144002,0.012762510409813695,14202.74719061,-0.007125629160594883,2861.4563536500004,-0.0133896803879581,178052.43210066995,0.0,0.0
2010-04-30,0.11113365558780876,25019.43615802,0.03755049462771713,403893.75312719,0.035012112472010345,962601.53651308,0.06902467439132867,439744.57978998,0.07323749410692015,282134.58860973007,0.022148057700150065,1083059.3917360099,0.06517498537493256,93821.19038172001,0.037021262853014845,266076.69941778,0.07293261778716298,324384.05301812,0.07208179027553804,239224.59885935002,0.08337689725102701,99411.327711,0.04225752167296968,52060.05473881,0.07790296466435244,514223.33112810994,0.03713040939752778,188248.41336031,0.024622207070715003,284918.39466626005,0.02966288974053657,288457.37493885,0.04660870495491473,571320.6295006899,0.10168377994702638,66688.54209648001,0.12765633508395863,54953.51571892,0.02163779520405512,609531.67777773,0.031095388258655755,240459.85010549997,0.1017639292974656,42211.25123930001,0.0676463150678068,291903.68923747004,0.07426677541924884,92953.90234438,0.07260669518192997,88071.39373319,0.06266575812488225,104066.71420043,0.05172845678402221,147588.52302517,0.05721884012407341,235745.75421584,0.06483345492108192,42726.513302859996,0.1439782257506204,59258.06157752,0.014069232692113614,287347.32904763997,0.07870123109266117,15284.39493948,0.03718615006242481,448220.34055593,0.05557258798481024,80436.64075466999,0.06045705130628311,226677.28857420004,0.05838404695196913,65906.88013451001,0.036211574694961765,155454.27707679,0.05936034773433201,85437.03940277,0.04625141147654716,36455.08488173,0.03445187844241011,285642.32306225994,0.013035442206959572,202189.70768108004,0.0704178660112335,42424.248677820004,0.04550362577632507,44247.957622070004,0.04169903532691891,104643.27323634998,0.01809222326998747,277781.53673989,0.08818978943535284,17487.58642753,0.06726242154753848,44866.641910340004,0.02610361725615305,79023.12344013999,0.033543762305133555,370131.32052325003,0.04377940892372395,172574.31637699006,0.05447558571141873,138588.86842517002,0.04926884845491211,24440.72719895,0.024796463017088023,408067.10478094994,0.07452646917579768,46691.146741879995,0.02472927149232732,161533.88355897,0.04846952600829082,9424.46104641,0.08087464158254666,20696.88095955,0.05793589807485337,182381.04478789002,0.04594429409349518,54000.82371519,0.052425826553575396,6735.45172752,0.06328268667627755,100287.52754856001,0.1065555768289583,16588.17399268,0.0564873290770194,56012.118720080005,0.017432739015620077,260157.17780150002,0.01113236124013981,12394.88843332,0.04832842107144975,14919.909384620001,0.07836175270459876,22190.998879669998,0.09779236883637366,18232.49219096,0.060013677711670446,10996.2488904,0.057390717426894514,119961.15267894001,0.022760204147660477,14043.81959945,0.05751049680165486,3079.6913582999996,0.006628255562038234,169895.05921686,0.0,0.0
2010-05-28,0.04008894934299275,21425.666434049992,0.005809160215115822,356945.96612266,0.0006108735810120497,838500.12177171,0.013388324486847685,384446.78986509005,0.01799315082286419,240651.31147576997,-0.013352918660336145,926286.0633914,0.011452586989762346,79524.56187189001,0.006815590797971058,249475.67729867,0.028824173970568186,288566.13011612004,0.020295622551360498,210887.828841,0.0297545662460925,88734.88842681001,0.008471245536262665,45960.160808320004,0.027780460597937023,454414.12580458,-0.011438019977491573,155211.00578572,-0.009846997416358383,270610.12729211,-0.0001845744954896381,269047.58028071,0.0022397430966801905,497901.7105332099,0.03653517766095161,57820.88685250001,0.0451393732654497,44742.51202554001,-0.0066779043256497295,560666.27062956,0.010355317524486653,228942.48401699006,0.044042975155090466,39819.1161884,0.016033602333846802,249510.67880986998,0.01192866279167476,79653.69991432001,0.017436216505667977,76091.71749642999,0.021803281799074935,93022.34917102002,-0.003201295098513074,134110.82078472,0.005720185070402592,203908.84280363997,0.017365802018119388,38499.35788920001,0.06288914826047888,48095.72751362,-0.003126464172198264,267398.59240516997,0.01328202873260528,11912.48874874,-0.006763441030583364,383051.34405166,0.01045750957330955,72992.26592550002,0.002650666124383984,196142.7811602,-0.0017024090413235728,55462.44736778,-0.00010736708084211846,140027.66995558006,0.022225410968475866,78990.51325261,0.007547222163728553,33175.50352945,0.012516956233834534,269224.44246115,-0.03063712564843011,157651.40987266004,0.026392201484871664,39500.48888238,0.0013855961306706572,37882.34532634,0.00678247251700953,97209.86215898002,-0.001964989028792261,263760.79965478,0.014061315945284581,14994.646660360002,0.012230777144115686,39704.51726835,-0.008313731233114777,70133.06860661,0.0001122094295141823,340940.95447648,0.0012022286044343646,153069.90749973,0.0015937025625188765,116306.49996716001,0.013691108139886296,22959.737714450002,-0.012162270580758276,355038.45459785004,0.025333695831140795,41328.51614743,-0.010347690451419247,147431.35017231,0.013275133891686997,8778.89904543,0.038516499974274594,19081.418244880002,0.017094804760484434,162351.75852053,0.01283820531385947,48342.32884041001,0.0024207556327200557,5923.15235897,0.012495470732492903,89676.7115763,0.03864120740886396,13778.759833709999,0.011628254812601095,51442.56730478,-0.004067122972678425,249330.04268252003,-0.028545747061736543,10415.59609619,-0.013805065078182886,12592.99138764,0.031129205545847503,19705.316128039998,0.016434595553807347,14863.349788890002,0.017762147220762317,9793.012330470001,0.011913603536726559,108013.60803319,0.002632781411077713,14032.78816311,-0.0006410898970540235,2721.29531557,-0.034090530923306085,152850.26188252002,0.0,0.0
2010-06-25,-0.026243464879364777,20807.01940253,-0.023209495752648284,371176.23194110993,-0.033963036968645686,851960.1981088,-0.03355574903657558,398115.29323361005,-0.015170937574198977,254782.26455517,-0.024793672278681327,984125.45503289,-0.024857412382464285,82744.93517598999,-0.008633706043706087,260482.77786513002,-0.01510539461420695,276368.33526435005,-0.015371493127997031,216939.60177407,-0.01564160265996711,96854.9509278,-0.006715086927930361,50373.34887174,-0.004439111169266643,485353.16430820996,-0.032693724828581065,163248.42016893,-0.029296432936455077,280850.31208269997,-0.023082740749902447,282421.99720988004,-0.025009032461745236,508824.90969770995,-0.028062587870297553,56117.47855574,-0.020325222922741686,49034.59580591,-0.023408444345402457,573240.8370428,-0.0012504721903724572,237501.1558698,0.007294150207077498,41438.51736836001,-0.013341709223444857,256260.64285004,-0.029782893454211215,85773.18845239999,-0.018153508378795383,80505.77637368001,-0.0025618625681382906,96990.104397,-0.026448188947288485,138763.06918100998,-0.025291288024495682,214333.50559629,-0.014279334561274507,41911.016152729986,-0.015256596774695584,48979.544692719996,-0.018673101103196144,262517.14703168,-0.038096975720294315,12499.662013820001,-0.025820257361276088,389059.77264763,-0.007919170060670165,76684.37431076,-0.03155349597920501,196502.72730477998,-0.03627377105146583,60768.75106179,-0.02517921986168579,141547.14968645995,-0.0042199100322713,82285.62011523,-0.02111247110955548,35977.562183179994,-0.013481501854232908,273354.76722356,-0.030088255848928103,166616.44521201996,0.004984072032476083,42348.52811195,-0.029306268816713204,39196.30318465,-0.013576637809135627,104075.34340512998,-0.009992261324272386,266345.73645013006,-0.039435666005487674,14729.27541423,-0.021459219918775155,42934.2435589,-0.028982171647376494,70591.06418907,-0.02420564438357045,344678.83522666,-0.02648152690013753,157489.77169336003,-0.02337323105274926,116091.06380792001,0.005365348401128508,23860.57593279,-0.03633156251650343,352778.45669914,-0.0018387953122071304,43752.657357920005,-0.02465179078368141,149834.61247492002,-0.013844384144136794,9162.4295739,0.004660559693838812,19529.691680689997,-0.006693488985978771,174440.08597859004,-0.030985283283933674,45661.68756626999,-0.019777947498719167,6418.93851883,-0.020996623528800013,91786.86840734002,-0.027987863963113258,13933.23867621,-0.015718400179633166,55426.935299959994,-0.014775490678226757,253760.53084197998,-0.06604691924416321,11598.74037341,-0.05490354988047872,13185.34655837,0.0001161007756524528,19406.69714335,-0.020000301815319168,16276.22536923,-0.013494880057825082,10379.11676264,-0.017336289567458474,108352.93478432001,-0.01437402151976806,14600.266019789999,-0.033834840866238294,2470.3692123799997,-0.047460325049791176,156421.2512604,0.0,0.0
2010-07-30,-0.020205955643083046,51795.87948402999,-0.028572579711526797,383390.29794858,-0.0490205217685033,839285.77954794,-0.038117565051493774,418152.3323057199,-0.012776241878016651,266091.77474314,-0.02058154386944438,971260.3265271299,-0.024401796143815633,95707.33455672998,-0.003478205785044441,279638.57967547997,-0.03229482031756663,271199.56217536,-0.022281830716551914,225363.22124656,-0.02289005787978044,94285.00395325001,-0.011564343649394692,45946.59742251,-0.00857920673253048,474285.81801845995,-0.0019031830517240874,337014.15862266,-0.019973414815949966,289945.34339307994,-0.018607787495892106,319743.23861172004,-0.019292964592651427,518278.75924770994,-0.05172000783039124,55045.70336554,-0.016001777990707042,50051.99446542001,-0.013271635004640157,577006.40105064,0.0004399068271064708,234342.17277541,-0.008059152126906175,41967.85726116,-0.02833199218732253,257686.19809774,-0.020561469403968025,87513.59169903,-0.016412829287573285,84211.28578906001,-0.007999772910930628,92067.54238926,-0.02029949388551741,145560.29745756,-0.019862216564378834,215680.56493961997,-0.031692083134740104,42706.24237833999,-0.014727693162334125,54386.57187476,-0.01359088112623294,261056.51425664005,-0.05112273634660465,12754.66154361,-0.03328150021522333,382122.66994581,-0.0029293327998848907,79684.67951119,-0.02675407378179804,204479.25035243,-0.029251507183464743,62404.71606361001,-0.025798391706869334,144876.56849958,-0.018911685283433358,78117.50325430001,-0.011238126788033901,38291.77329462,-0.016051710585835273,253242.23756325003,-0.025007241957039503,165620.8450912,-0.014824861310167525,43543.48101497,-0.04668084868914467,41600.93535118,-0.011242328411637728,107038.92092241,0.003674087432881142,272939.27068598,-0.07179103612519626,14418.599626039999,-0.029911380030871338,43274.789919300005,-0.019071704576380438,85501.43069632999,-0.01851288455583075,361644.24230675,-0.025922939821593032,152343.5899924,-0.010979952521407297,109968.37108662,-0.007961256502934187,24717.07884193,-0.03566556394162441,358227.04114737,-0.016558926798643174,43493.11882906,-0.005201732967769001,164109.86707466998,-0.015776250796366638,9470.30909173,-0.008142440359068994,19400.61039451,-0.013687127236375269,161297.49549252004,-0.03844677886813253,44515.70353858,-0.032178459038821855,7013.418436239999,-0.02202256291466675,96920.81192482999,-0.04853022373177946,14686.373075520001,-0.024261603924730344,56881.95354305,-0.0023254941021217932,261294.87078861002,-0.06762974361264174,11636.353835789998,-0.062011843777732965,12825.24193284,0.013909521234184275,20826.91204137,-0.04894037035052879,15738.19502723,-0.02210786341293567,10791.87626608,-0.020969418371048147,113984.38777575,-0.01033887329922123,16324.38889327,-0.027638824360442783,2562.00040386,-0.01711934889014406,156563.13857389998,0.0,0.0
2010-08-27,-0.005260145959856914,49052.81580085001,-0.009770771488934824,367753.0105440999,-0.03718633436775651,755019.2282034501,-0.019916464922590093,377017.36470281,0.008565114984122284,250300.73504991998,-0.0034853972838133625,934665.00124095,-0.007858690535975488,87116.63564622999,0.01013254201318598,275162.73268803995,-0.020322167986362816,253373.55169882,-0.004013842442654198,206655.32399705998,-0.0004975598396191909,87926.38052921,0.0012066707090970757,43045.73295901,0.006059009762575194,433473.66657393,0.006266331204284957,322945.28120589006,0.0018153775777835534,291513.19290616,-0.0028178306028528595,317036.46611174004,0.0027888018310310647,494639.26643369003,-0.035973821324375606,49002.1174457,0.00038065033703852134,47608.01559723,0.001643528476365616,585354.0388183901,0.008388476555437601,233189.47196591998,-0.0019489289409539126,37429.69256632,-0.003473556469463671,256474.15990887998,0.007365745945829612,80027.56713817001,0.0009251675573698368,77214.11161639,0.003248285213950961,87946.51638110998,0.01339544853102999,141308.64104497,0.000829257635269785,212554.12998029997,-0.008062657716915424,40107.00592029,-0.011369273592975088,48541.44018809,-0.0052445475418396665,254401.341139,-0.006537163800932554,11734.7675045,-0.022098804770044583,353120.43667153997,0.014001108218008321,78089.81947243,-0.008604209093430407,188165.10070714998,-0.002700735065174657,56574.131181549994,-0.009698455558537112,137133.612577,-0.008490162383448723,72612.72165186,0.01226016916280105,37468.350772310005,-0.009491768622035058,248009.15406262,-0.000756211490862854,163995.09847010998,0.009313784800981181,41986.1496662,-0.032592269281320106,35449.75710433,0.009049430025987642,107614.0202684,0.008152114743185732,258511.17039184002,-0.05235711778837822,12130.198413139999,0.00016515910702883415,42478.342148,-0.008489401013117256,78360.47179613999,-0.006664695535837628,351039.65674367995,-0.02283502139278437,147724.91348746003,0.018009450633728732,111989.54792108001,0.004721475315420711,23946.776169690005,-0.019933303493662104,341752.35060759,-0.0051970900668070535,40484.70146697001,0.01463167746185441,164877.68172671998,-0.0009760711814538014,9153.75517852,0.003759775487068245,18639.96700104,0.006105719924411921,154185.41013227004,-0.0355118928239154,36477.51656139,-0.013912985198009958,6323.89011545,-0.00953984191611519,89496.34706064,-0.016338224664088782,15006.835196189999,0.007331455514788039,55432.42410106001,0.010748107191760758,260345.47763092,-0.03843211729008933,11207.89590352,-0.023279172362274732,12014.35146532,0.02514300172146493,20422.937001950002,-0.016555687251734362,14464.85043958,-0.010492559479832748,10199.78520753,-0.007240825597614972,113479.85544288,-0.0035388309036214994,17281.2084326,0.006650556457419116,2864.7904847799996,0.010989585657198412,148499.33600687998,0.0,0.0
2010-09-24,0.008941059634127191,50369.29624472,0.02224938390683249,400795.03869817994,0.007243597822451088,815432.92660283,0.019302752914006228,398640.5612796,0.05046168987953364,281991.49671254004,0.01934910227636972,979338.3462133901,0.03620306042889353,95982.34154975998,0.029350542187161044,293556.43132052,0.0184696499459219,275585.33962553,0.031123806048809773,225788.39057438003,0.03008682805445143,97350.19351164,0.02505369278205063,45402.45119006,0.04064503936572906,479429.27857649,0.038451108492010805,344116.8003149499,0.025856688841250173,315837.17727866,0.013712970675695886,325480.75730972993,0.03819228345825676,546789.66018822,0.008012815857251663,54430.6846502,0.05690784809570558,51417.8633379,0.03324413524371228,620257.6236741901,0.022184531931244037,242186.49599809002,0.030190006242175372,40481.099387480004,0.03598572494292949,283703.47388002,0.03900463623284256,85935.24020066,0.04673071272211143,86815.29493803,0.03823556253503675,96582.16061815,0.03392367140229347,157456.68728608,0.03882457693330772,233733.04809656998,0.019931505677618245,44454.234844900006,0.06853301722766922,52567.62657727,0.025809856507740793,264996.51998871,0.039565725172831204,12943.80473162,0.023164972472070635,380220.34999036003,0.03527717482689639,82634.34228834,0.026813512685868752,195568.17620136,0.02391479532169872,59953.530547639995,0.01871343963655678,144046.04656907,0.020351665889412195,79921.43791339001,0.03398474015138344,40644.158019580005,0.0238623934635738,268267.8076271,0.04215994913739782,180981.95822456,0.02199250114823919,46939.58636607,0.008315240837815341,37648.49891327,0.02533930409454221,109797.27806953,0.016127125234776045,266428.61053905997,-0.035840679865239526,12194.76775742,0.02515211420246965,46954.952926870006,0.02330481278882747,84584.18278986,0.026433132837426866,366628.96408961003,0.02412000830318651,158412.13569161997,0.06548809444724911,126703.42610580001,0.036743207023807636,26350.4461483,0.014733537421310911,367158.75823021,0.03521615230636183,45095.82808925,0.045134644130841096,176352.28837004,0.019674441175188417,9752.630489520001,0.03269465816140018,20197.329562569998,0.029347223025489602,167074.94675315998,0.012936372085287324,40752.75135455,0.009758002074494867,6777.38064503,0.03260232873557086,97239.79848770998,0.038591053437599485,16714.52899001,0.029405434823737173,61508.832791270004,0.02387418456416004,270061.09212069,-0.0030810763122683807,12186.05713723,0.022428737887477852,13589.16723716,0.06373879956532988,21855.067664300004,0.030200248010437847,16356.30903836,0.021867665494393923,10699.702901780001,0.02264582936882765,117510.77642046001,0.000884092194469115,18405.52819516,0.00538543534169137,3138.25732972,0.04823848988063888,162696.06627841,0.0,0.0
2010-10-29,0.011983938847695944,52043.66319662,0.023140418327950094,407751.13451991987,0.0014791021596849132,770492.6585076001,0.034405080711054255,424811.04873908,0.04691173307241169,297836.69325599005,0.01960363864209115,1035358.1323041798,0.04310022427780258,102695.59117402999,0.04026278320590364,302026.3410827601,0.01884341505353177,288549.00899119995,0.04057286989906899,240057.75046272,0.04208883099489563,102879.51017112,0.02959749815900501,47750.02600911,0.04143480799859359,519515.43983332004,0.032657359787668115,362671.01282492996,0.034504393535958286,320909.83715023,0.019554300257944142,330075.94034992,0.040074570340611244,553084.09185816,0.0007327610819729,55953.8502293,0.07397405827554039,58916.40757543999,0.03368040174618129,628856.7733101101,0.021031953673298426,245333.32166371,0.08313368005802386,49626.75085192,0.05229560733631678,305499.36761839,0.025447944052443924,81440.10391192001,0.049602513158835924,93426.3078769,0.035211386459541784,102129.41663261999,0.04431542792114291,163848.78119831998,0.047067388008587153,253021.99153017002,0.03071176013137907,47733.097696950004,0.07639619055979066,60734.80320002001,0.01677950904167625,268597.88578449,0.04333724276012467,13960.777998810001,0.02645632139968662,383939.8015524201,0.03330839779114502,82687.14858128999,0.023588537341675986,205492.90212743,0.03309441808061248,63055.25592262,0.02676959488695456,143118.74233009,0.025639774270338967,83842.72041263,0.03244939852260151,41439.58146867999,0.024602802670192343,275069.91341394006,0.04799726301852776,201811.40307867998,0.024813067464265634,47443.46225031,0.017243115397103798,40022.84080597,0.025872596904418284,112772.65807696001,0.016334067809398327,269721.61005321005,-0.024724380324041072,12603.597215599999,0.030200232930792242,48629.97221267001,0.027930543315652586,91873.24486388998,0.024574490820184505,374307.73854552,0.04584478907944231,172170.27522602,0.05127601643224528,139691.44274804,0.04782733992096304,26620.83729259,0.0229219136650647,375786.6088571199,0.03694025467642137,48055.95631965001,0.05083648848120455,186802.36771802002,0.03065537787022929,9704.158763579999,0.0322416866118845,20783.654696930003,0.03291036167390064,170906.99405606,0.003763815175901885,38086.215664749994,0.027721834960749397,7123.05609273,0.027797919630104407,102808.34920511999,0.029356617950925066,16759.75026258,0.031776199937229195,62796.67723581,0.02327884773897409,270914.91084156,0.021913662967161275,13253.39784685,0.05121191592574737,14687.72168756,0.05711043152017311,24447.603970510005,0.03996797402719915,17477.0841534,0.03438298423664188,11471.41771755,0.0259596131027364,124398.90706145001,0.015541708943994132,18858.63493138,0.0033577541246098733,4941.33762208,0.06395575933359722,198591.58960510002,0.0,0.0
2010-11-26,0.032171448966007175,51962.092673549996,0.03169037167313159,405374.8512978,0.021335108182013836,782221.5502202201,0.06840068875689698,458956.49575396004,0.08336114303821253,308743.08390682004,0.051095172546667705,1093652.6575615401,0.06454848820286803,103085.21072086002,0.05253587591273409,312179.45001321996,0.04866248638923431,301821.1808045,0.0614689166620356,239672.87372888002,0.06415472017491182,105126.6221561,0.047844580076914854,48927.83849558,0.08322161029702074,524933.98777871,0.028662027548235033,348716.67172212,0.03257113012827773,320877.3224107,0.013571953441928531,326200.16390499996,0.0517161121331081,568027.37580699,0.021024344670452073,53824.12203858,0.10106506435779901,67863.58744143,0.018312653296656455,610872.8353131199,0.014479894434952146,239865.17700294996,0.08969188087291373,51406.35972344999,0.06695518981820522,323678.18061657005,0.04901863276864314,84570.74773746,0.08039360700192447,97087.25325622,0.07280839227661985,109948.84478043002,0.054120096187873286,169844.0894848,0.056781497781192035,251243.53784813997,0.04552181645598431,46565.01775759999,0.09932836645321141,68703.70441558,0.026228787637490505,276979.86206873995,0.061788300219483006,14158.76001143,0.03122746959292018,377577.30171419005,0.032990419001227476,83530.27796894999,0.03237099333828165,187047.00795218002,0.060364153099033396,59560.47752559,0.03838694957143101,143720.57058834002,0.05455184620860146,87329.20298588,0.01786980847122806,38878.29371241,0.027775561727484525,280869.87240115,0.10578459047607847,223969.81224176,0.044901887605996546,46539.368305740005,0.0621205799802943,42327.915503020005,0.015954981817119022,108265.45982468,0.011272657991979584,266084.25619584,0.03483959767192848,13386.172330309999,0.03198052383658346,44807.61868691,0.04239696115150923,92744.69441592999,0.024241623233040892,368431.90813396,0.039651577487279946,164993.53266387997,0.06884088553472795,144999.44881318,0.06551160357475208,28154.39921594,0.04184559642216748,388331.83187919,0.07839180450919321,49048.80336583999,0.04920665427643958,184543.07721413998,0.033954840295595035,9888.263727279998,0.05878266064824495,21619.53750558,0.043339387980498946,170140.61269158998,0.03395632105045346,39519.92845618,0.06846489071506208,7726.004285960001,0.05417663652933607,100299.46128127999,0.04614528508125999,16133.162603809997,0.04258641280941583,61893.827733139995,0.027381241411041212,279156.75794548006,0.013313722740886656,12145.355429410001,0.061050768514839794,16226.45614334,0.07213725034613543,25449.406074780003,0.07433093055868555,17368.59232232,0.04964598245183181,11519.89809282,0.04140104351944306,122949.92689442002,0.018310584786452668,19415.723600470003,0.008014821012278683,4613.57995678,0.07569022179893,190020.16433453,0.0,0.0
2010-12-31,0.040511125675527525,58474.73111729001,0.035722279381991094,437188.3555963001,0.04875697911921065,901405.7879717101,0.039362032243421094,477527.5809775899,0.06758014894373685,334810.72674228,0.04740552427939863,1163840.95486901,0.048540493647871545,110605.20446586999,0.0359642956019884,319659.6900768101,0.0355923353565506,312360.73661191005,0.04802882251472393,253173.1523472,0.03903497681472487,108779.58914188,0.03086106016195106,49211.13914261,0.050332038073331385,533877.0198510799,0.02694729334768498,345354.62655367004,0.02218806742079692,336277.39306497,0.007416780111867978,330172.80669880006,0.042876634799236445,612698.62803673,0.03409050063626744,60063.97911769,0.08926782775515858,74408.72829832,0.01615731350206029,616174.7182063502,0.0164672029003469,248851.90486166996,0.037953422446053646,44483.48917822,0.05169730120545539,331011.21762912,0.03548501261619154,89836.14036195999,0.058788111727863704,102228.10831226002,0.04952321965044495,112530.20934629999,0.0423475619800672,190079.86962323,0.05085742050089078,267056.69398568,0.03562135298840507,48706.59838360001,0.08671735423696195,72254.99318985,0.027390303360888674,283746.83467208,0.047156767455653205,15109.82053125,0.045667091679625335,407422.24856713007,0.023581530592355696,86085.96354781999,0.027468019403353132,195872.79192174002,0.03895264006841174,62993.89052175001,0.03746036800006944,156795.01157904998,0.04753314216233623,94854.82548437001,0.014409747808231527,43029.22973726,0.025377883803758668,291785.27098022,0.08871393554230667,241429.38134733003,0.027470335694381662,48816.534814470004,0.059849619552288125,46991.25924985,0.007521813590326941,108975.07380768,0.012664053034335715,270934.89068976004,0.03445630542157262,15111.668952760001,0.01774040814925767,46160.46074039,0.032980773983495006,94252.66323623998,0.027967843703785928,390416.88492747,0.041462355095843104,170769.22226087996,0.03727289736709521,145889.15109843,0.04772785539044945,31949.881197410003,0.037405671690212125,414598.97903387004,0.06538432811951447,52868.700234539996,0.03019015006842228,182953.24478822,0.0226313510815341,10302.1250091,0.037984829256493935,22597.08841102,0.033699591239809513,174590.9873762,0.03361819656850925,41457.005054409994,0.04040994901657335,7337.6748404499995,0.04470052576278493,104589.81752288,0.033539111629986726,18394.917004,0.019093758221924387,63516.376022770004,0.020184069313939415,283212.47166374006,0.016920065392062828,12657.39163489,0.044047237636186926,17510.30536036,0.06243859506463945,27463.190775520005,0.05680921091345292,19930.175086209998,0.0406431908933437,12285.4935071,0.04036970706673765,130919.15305319,0.005974052093002609,20620.877638700003,-0.0008842722400374712,5250.14641164,0.03887482865630243,193649.23685177,0.0,0.0
2011-01-28,0.04107934068650577,59089.33307364,0.04446184980309215,510562.77589269,0.03881242566976595,926909.64332646,0.03193299407455814,506274.8295124,0.05254642532056197,340044.53345170006,0.03592796918212147,1230840.3986930102,0.036851599653765776,113212.48089792,0.030399431771160498,340549.55677269003,0.02764614961163612,307821.60522548005,0.03675077661070183,262778.64158206,0.03538055770055293,110921.79962512999,0.021935290473653325,51299.357071529994,0.030478526986395138,558295.9978873701,0.004926366930608394,357416.80472482997,0.024705550708070692,329886.43379172,0.013639665472743446,336198.95310343005,0.03548435544658948,613584.6931069901,0.04458962078763268,61967.47974281,0.05493826597988836,75591.69120385,0.0087058121399207,615763.4897955799,0.01693132651564778,251617.68974026002,0.010184995309977235,43504.75720108,0.03686939569564083,329760.33819723,0.03025883897883712,96807.56364201002,0.037746745060536505,103437.38666478002,0.021717561602210063,106808.34288947,0.047995935876188646,178337.13991447998,0.0410139543491622,266449.1868542,0.03362436733839542,50563.80787201,0.04423739391248069,76566.72439146001,0.016092929200663547,286266.75184789,0.0467591157223656,16181.51770208,0.040146484379029825,444914.06737569993,0.029248219383013658,89490.00007355999,0.03142832669259987,190686.57768877,0.031767156666673055,65429.693978120005,0.02983025449696587,159379.88715536,0.033708702102351606,96077.37884577,0.0323218936525168,43198.35734006001,0.02178391701439954,306786.04471049,0.042906184095750435,246576.23515231005,0.03719708243159631,48586.107681609996,0.04106610796808484,49581.98346093999,0.018666390380475253,111498.86733712001,0.009561176105588973,276850.19378662005,0.02901717833539672,14301.8336679,0.03433913858993546,48027.00631003999,0.020008929927695467,97685.67616298,0.016420937043932153,395467.9181398501,0.011250956453473683,170372.43718496998,0.021074092892892797,146537.99552033003,0.041807991819965,30412.26676598,0.027574622246876235,420882.19198893005,0.0371442921374576,52473.256153309994,0.01744836107976765,178102.14652160002,0.017296775459568307,10453.82302118,0.021740848032413704,20976.165641900003,0.03491333115810115,182289.48096606001,0.011697530188758083,41444.7637201,0.02152739960032735,7268.431563409999,0.023533888448450505,108445.41341433997,0.051782209322049084,18818.82804945,0.028386131814371367,63279.25534118,0.014849573024724708,279089.46155117,0.022227876193436292,13416.866799000001,0.04369827396215459,17882.705396729998,0.04042222016121364,27146.25195688,0.051456851893016284,20110.17880615,0.031261256081295125,12450.35432971,0.0291592672738723,130926.74595836,0.000904030693794921,23131.23561704,0.051846841765351204,5494.122013500001,0.0177248154396142,196317.3253299,0.0,0.0
2011-02-25,0.04505819162016934,62135.95930594001,0.05291819139985402,527215.24481551,0.051884178451649166,965323.74850756,0.044127577036579047,542472.9034227901,0.0605805574708384,364261.93928236,0.04758413461428639,1309862.82997573,0.05184414098164413,125925.46625299001,0.039771383040269295,350077.08817847003,0.03154090059123669,324851.44689598004,0.04768347466785657,284512.79589591,0.0364198489707456,116910.76740407001,0.03149725340729364,54294.26945591,0.03582321438059956,585289.2084676499,0.016407868261383168,372592.33334309,0.034477655436448644,336014.73996930994,0.021469039421354818,332849.3434186499,0.04624263869415226,626943.4908046101,0.05520678323368495,64906.97475043,0.06137433278750905,81268.99034019999,0.021273618843547126,617726.22408427,0.024375379272697013,259329.93352498004,-0.00020114417726078537,44943.687506739996,0.0436971908127228,339669.04744242004,0.043156607487328906,101347.88062293001,0.045911909205663064,113779.90564419,0.02585693205004747,118462.48458743,0.049397659078698856,189663.70745494,0.05363696988424339,289901.50694814,0.041084076078466675,53405.789477590006,0.049503050538609844,70709.26903858001,0.02117229302324612,288250.14661255997,0.06600259439658672,17200.05923842,0.06231956856741433,464517.04344457004,0.040081210735898674,95058.39977371003,0.045097562583273736,188249.69592954003,0.03976064943858674,67973.25892993,0.040064897446923105,164482.66545497,0.03910655196420522,101291.67162723,0.045185060350999735,45831.44680857,0.03502640993220091,318484.64459418,0.056314735866233395,279348.29952374,0.035089507687613736,50998.3438536,0.05232105068848667,52899.935736,0.027410469733934913,111402.76581471002,0.012914072731391002,272176.88127436,0.026413185225749918,15563.50389694,0.04533961832563484,52746.32558077,0.028788708335848026,99532.74783872999,0.02863728554604189,413626.69267017994,0.026084983829671376,166484.91053807997,0.04141256060662397,158656.52023023998,0.0413162346956973,30434.413597269995,0.04019939487132425,439590.87311433,0.03996901600803094,54368.48804733,0.02758550536577115,187121.09046998,0.020948307308127214,10795.60210673,0.018136320202876418,22222.900771300003,0.04524565308348036,199184.0431938,0.02496544560405696,45630.334006460005,0.028116192811475847,7732.06194518,0.03371177619172833,112269.42004584,0.06895213168437792,20871.45324273,0.033174187422991136,67372.70151775,0.019380522491328156,278119.35920274,0.04429614823952262,14064.603789119998,0.06543707326334001,19779.809242,0.04671203117299829,29603.974433340005,0.06045430657971287,20785.87189933,0.0357599306256758,13505.89128084,0.03300416883263227,135791.95000774,0.003049529325165774,25375.565443710002,0.07036634609290679,5791.78231167,0.03484275210312162,204479.19349121,0.0,0.0
2011-03-25,0.010972305134043021,61668.273890300006,-0.005796811086911616,500912.1476676199,-0.012667266605248587,891343.3137244501,0.031797256099868575,492586.8074158,0.03713622292172628,357935.27548557,0.03616367874953744,1330989.5002459702,0.03178595147675454,117476.67998597001,0.03220037594337923,340011.8833819101,0.024132094609721707,311581.46107787,0.03174744931060182,276805.51368559,0.028714365437784647,118194.08460619,0.0361630761793649,54707.20013049,0.0387335951054316,551874.4074556101,0.015031478484674248,366821.46540675004,0.004855238357761528,329782.45893853,0.0075482170027199634,313078.84974677,0.01137419912558702,590679.26932829,0.019285866433064958,63390.59837957,0.02448069959405753,77372.05820279999,0.006703503338930352,613215.9352414,0.00972461670254829,262249.1366068,-0.00301591939018048,42065.84693875,0.027908470091057527,324898.50189795,0.032878704091802415,100750.56472408999,0.033664060012901356,109209.04832986,0.0246364293357656,108924.84110043,-0.001094251608192265,182671.7769326,0.027623853567564183,282638.36721346993,0.016566987776070602,53043.80994769999,0.0075117095877636295,66398.96500212,0.006329084510843069,275497.96283551,0.049926702711227164,16718.643830290002,0.021861374695671912,439995.38077494,0.02617526219413706,89166.49098129,-0.0020706665902054783,174706.36714754996,0.016605088263564386,64750.42305097001,0.004412577435193672,157966.12920174,0.02556486351262936,98795.50893012,0.00024192978642728472,47055.74707382,0.02468548438873983,313940.29026186996,0.04901191376142571,272670.76074017,0.026066410220973953,51883.361419010005,0.031201844381906044,51766.16873297,0.014550345943464792,111019.97064130001,-0.008449994611761245,263493.7049765,-0.005854084428155912,14821.628498699998,0.02130786340777013,52075.2623093,0.009744215178684111,97193.34423602998,0.009461860570895934,407954.79142881994,-0.0002918865110501069,170663.11861107004,0.0378594614480277,143038.27984106,0.007629736035164859,29861.17837529,-0.00019062724360857086,415466.6155021901,0.02688878050089865,54696.47109046999,0.022424800592268732,191386.93616056998,0.02127512179786803,10575.04726219,0.021071601108918574,22284.90773799,0.03485205123414612,193181.59264103003,0.011250795208401927,43370.652611260004,0.04137677950200903,7875.70069764,0.029401646349893396,110189.51871281001,0.05647293067152204,21386.662906929996,0.018187346687759558,65954.22047175,0.001544581572176099,275161.76881713,0.017242285776355323,13297.69455835,0.017722559707221353,19349.095062239998,0.030470847002117,30183.13163697,0.010010626005606127,20421.96746091,0.015501815026342456,12692.47137394,0.007282936206573627,127177.82055562,0.007723542775834713,26531.02362854,0.034694044522307635,5979.39597093,0.003207959602092492,187346.71373096,0.0,0.0
2011-04-29,0.017384761855705262,64322.429057659996,0.014441112471492254,451718.04690349003,-0.004533450944482581,880069.0022325601,0.04248576278957214,521323.9852981,0.05068180502997472,369276.32672350004,0.04204318628550559,1345616.6831189396,0.038753237573716875,117564.16951605998,0.03579464226370702,358302.56321712,0.039949586877067345,323118.34276931005,0.04166973657917791,285513.56949449994,0.04352904293664619,129894.13913747002,0.037665241413566176,57326.476925560004,0.043651903234795494,574200.3045056501,0.017828967771409063,369728.9640155999,0.018475514235023083,355236.65504711,0.004788711353102862,323216.73190497,0.024040317678824114,621172.6864981499,0.01665689613219105,66797.72337863999,0.050166194414352404,78108.90269811,0.01661783807197546,649797.0667877699,0.02016062289615649,268260.54315117997,0.031396742016091314,40863.39476883,0.03711440044536501,343305.98261741,0.03316234508499513,107187.9289114,0.05012642233290659,108183.84548270001,0.05742272521318901,120639.63799106001,0.023624160512597848,188286.61460266,0.040940957415284196,302031.80340513005,0.02088124888212979,56092.109956739994,0.04231583583134889,68869.53581382,0.019782324637359218,282987.75543652,0.029987872323434174,16877.47176889,0.017211948665639052,439902.86447305,0.019797537101522125,93430.19949597999,-0.0002691596174102446,176555.20285720998,0.02554612458386065,67182.71866973,0.017756382125083195,160678.63155110003,0.04033929930103611,104352.64959788001,0.004580700205277698,49974.20931934001,0.035675790570436246,336270.79723553,0.06153881899271225,281876.7387159801,0.024750005382916926,55017.589079169986,0.041778013621384155,50679.30781939,0.00492721463256914,113207.49662479998,0.0033421033081758936,268759.39334357,0.009066883099109278,14777.990080970003,0.017612248225322143,56449.01426795001,0.026989603217128566,102000.64613043999,0.023941618805048036,428755.12573017,0.02790517113735592,183020.46851357003,0.05561174146699874,155107.92514389,0.02893720139912129,29879.917809389997,0.014690937619548967,419212.41249582,0.044833497183421514,57354.61446024001,0.04501809588102295,203758.08720421,0.021543835363593403,10690.966469179999,0.04744884634891102,23700.974668159997,0.03622362909249771,196495.71447623,0.040670358400008204,44448.06393722,0.04357126395596717,8226.60757017,0.03526836793020898,115044.53229380002,0.04143513936309223,22608.469757020004,0.02523195654309672,69334.64087541,0.02037436106919425,289347.21220531,0.006718242077362985,13352.00139726,0.03460588752591858,20426.72732978,0.057107813213520514,30882.21360726,0.014098259272327765,21083.910939190002,0.025263441293548655,12788.72478239,0.019832562051211977,131252.75191485,0.011899329069631209,27683.19155072,0.013328006930661166,6181.9483733,0.019266749936478582,172073.12149700001,0.0,0.0
2011-05-27,0.006954145759395773,62840.40311329001,-0.00305510719059423,446310.3333861001,-0.024658082719674533,838390.84294595,0.012939876993496243,512903.10408642003,0.014046020822136802,346580.89654312003,0.017188992541223636,1266631.41418131,0.011036567113332145,115407.31602081,0.018969925067898723,351808.76455997,0.008013861577741564,313103.01726725994,0.013942837384285022,286486.87092579005,0.01897503531369138,134276.01201725,0.02351763298441561,57001.63338768,0.0078065808456535355,541027.92576953,0.00853244237926121,353079.57929316,0.011015678517960505,364006.9823472199,0.0049744870827417255,334432.77700251003,0.0010797606288731104,598556.8614567601,-0.0025009608927310262,64640.6678846,0.015888953204699584,74964.56557888,0.010107150805062196,669348.82362423,0.014504177499293178,275427.68743021996,-0.00047666244142674323,43957.69718077,0.020157852466605626,344622.20509148994,0.02221539324006669,110313.03597499001,0.008121365687512493,99513.37680538,0.01782056251735719,119104.61777999,-0.001383515835455914,176767.77727668002,0.014534522068431624,287891.65851830994,0.004475196453448834,56882.156370460005,0.004704561463463699,70550.85577329,0.005161169869708011,291690.39967058,0.01629105720012511,16355.95455559,-0.003990999950527823,433908.3893636299,0.00984750269283806,93351.70066322999,-0.020374131091039766,170220.52166030003,0.012115895052332374,68255.75285503,0.003705973836358879,160101.37228180998,0.015335099003959952,108210.06547726001,-0.005150805912900003,49751.05316284,0.019182520275825267,346658.58709806006,0.0255290815019962,256972.90272307,0.011776008743153547,55962.56811073,0.015309173066987538,46066.660954599996,0.010590510698483753,118666.06823264,-0.002968438362577056,283514.62187210005,-0.025115122655289996,13549.760167169998,0.008405404507384284,57403.00779285,0.005575260669117431,98843.55627827001,0.006204383326305558,436102.04088635,0.013225688804625364,191132.01741226,0.020763061308060462,158545.62252395,0.011238101283632514,30213.44281181,-0.00885639772696471,400621.19949236,0.009242037061942683,54958.99306356,0.030003345934824382,212756.97848052,0.01778490589546513,10783.62037324,0.014236601848810641,23171.166037709998,0.018779130645736292,199275.40169079,0.0010489927517037664,43912.76089972999,0.02104544090711973,7834.521920139999,0.008529779947722154,112428.08014759999,0.020097882066731697,21028.667715030002,0.01089883813826085,69883.54063879,0.008223389391989936,294847.66793418,-0.005367482128612515,12587.59739886,0.01669290884841587,28473.743783510003,0.03826096569202571,33550.6045971,-0.005791070507131298,19995.848802409997,0.012532909775899308,13354.37973734,-0.00012232652603747478,130627.0925829,0.0076228230599693116,28712.001518549998,0.004450749378179366,6087.040985579999,-0.012708443543954047,168864.93062155,0.0,0.0
2011-06-24,-0.01569995906386926,59566.46987605,-0.019719061164774752,425629.48046804,-0.04819968846050131,806365.96201426,-0.013716759519255646,473924.0877514501,-0.008664772258572742,335007.44746954006,-0.009610274994702966,1242807.324348,-0.019625517453800957,107660.68435603999,0.0027785119709189416,341008.27128037,-0.00028076751539039314,299710.66190437006,-0.004781575507588521,275759.93129921996,0.0024650559477710733,133353.65516179,0.009631653991713,57493.956305679996,-0.025147825496882697,511483.42866604,-0.01651457471338029,341992.73213928996,0.009660675281154198,355848.83528433,0.008809400276416038,331674.60433652997,-0.005359545238649687,582344.93085742,-0.01835893239447997,62934.09069566001,0.013297378727969864,73074.73100048999,0.008462253766662752,663347.9147729799,0.008380168343483693,271808.55060494,-0.0025139269121771455,41471.66588414,0.0184275671810036,329208.8830567701,-0.011295446763780087,106400.55661023999,-0.01053952070006673,95507.82078548,0.015254686557572504,120202.67081111998,-0.00920939967261478,169646.62005736,0.012013467968275215,282317.78637194005,-0.008454096155974238,56246.47967327,-0.009766452814606722,62611.83800837,-0.0006905997727434732,283760.14331463,-0.0022569097846054592,15577.964503030002,-0.02497909117920431,423815.84555699,-0.0046825048282040215,90276.10758109999,-0.03694162237659198,154310.73888267996,-0.009207878529177115,64153.18675853,-0.005382728772799015,156516.61628552,-0.0010181193245835459,106119.93780397999,-0.003327630577508622,50310.89349545,0.0013995210978183415,342917.46215174004,-0.002856636603163382,251529.74628787,0.005910693987556214,57207.16010241999,-0.02133059897005144,43167.42877612,0.009925752055775344,116640.98241878998,-0.007324163370131719,277877.21774765,-0.034375419411998516,13441.09611043,-0.004393343533039743,56926.13968133,-0.014241463627469796,95937.96306517998,-0.004959909081313512,424267.22718407004,0.0062358280353660795,187965.3737505,0.017005766567826663,150230.18377356,0.003608124283334603,29378.741310139994,-0.024755507128733544,385635.05391012994,-0.0035606008366657923,54187.616476530005,0.01882698413800991,210352.83399276,0.012710909943428082,10765.33620494,0.006842569620572221,22676.62557517,-0.005756344275077948,188181.70874020003,-0.01673336743570382,44570.57470295,0.004062295268042708,7755.97259265,-0.009315134074255391,110775.51545055,-0.0125512179350509,20406.180715720006,0.005355966886552137,69763.70196933999,0.012044977985195555,288227.31294609,-0.010400628718557518,11933.1486961,-0.004043105620623983,27861.247817840005,0.036599572056917135,33394.58289764,-0.025290914779794813,19343.94099372,0.002574667391745921,12903.727515949999,0.004106256681102946,123349.37100601,-0.002485523742836303,29476.064141520004,-0.007358031961864854,5648.8232171399995,-0.02921870613665523,157694.05897434,0.0,0.0
2011-07-29,-0.03106693903359566,57691.97601197,-0.028531867706932806,424267.89734473004,-0.05411190846712352,825023.80154243,-0.026603596530105408,492824.94188999996,-0.026718938028394017,355489.8300182799,-0.011332689506302987,1329606.4891651303,-0.038199077896222705,100122.33229567,0.0020691818356360137,365203.71121732006,-0.006301732304946351,310448.39141275006,-0.01897557026385796,288141.8739851001,-0.003004535789384097,137883.33168513997,0.00591004642339381,60902.16572692,-0.014656673474939678,592814.6299859899,-0.013619928114410028,353500.34589024,-0.00776535700383472,347657.44345073,0.0005386121873420617,339521.35172651004,-0.01275250155417453,622037.07884822,-0.02849117243957977,62337.68597698001,-0.008928461468095384,77939.53264827999,0.002165898158034475,669786.5218608599,0.006322940100435969,276988.98612083,-0.030484058970191866,35616.95191375999,0.016221382559239782,351991.03376117,-0.018088784188898418,113117.23661980001,-0.03367667221166633,102068.43609735,0.018113088736453772,130642.72322813998,-0.011705279067817589,188267.2425714,0.00048743193899047194,340967.22401635005,-0.01275006056174377,58836.531679859996,-0.03425183418220228,67125.09265603,-0.008296580621783099,284895.82651688997,-0.015809142105222867,16321.95630268,-0.03879796233749325,425674.04615235,-0.011810643805438777,94630.20443748,-0.054365419502225794,160211.56539573,-0.021634490066476067,67390.67306454999,-0.014209785810178503,165612.14325031004,-0.013581977509124881,106002.90168181999,-0.013216416525904674,50127.75880657,-0.004618915841944702,334412.9915686101,0.0004150666004736534,282167.18964146,0.004407042887512647,61114.42411194999,-0.023382827770975896,48128.098714830005,0.004504813328768034,119889.74935853001,-0.01630637749435676,269679.21243568993,-0.04391380154767463,12651.766024909997,-0.011931946802838699,60035.62057926001,-0.02252118564372737,97769.73508286003,-0.014645249606388609,401609.44411959,0.0008170437703116758,187302.60187089996,0.0263567153550417,167615.00779401994,-0.017506311076137118,17720.062111940002,-0.0344028876030151,389941.58674225997,-0.014402162933166209,56531.10321301,0.006988608161827689,210910.48266695996,0.002396228074432247,11043.485085960001,0.0033972967896840674,22660.22154323,-0.01018807968392289,199924.25927042996,-0.01859106695657539,49228.95445334,0.00383859608454777,8237.7663035,-0.027771954520130072,112235.61295194,-0.03244701418012358,20447.988684710002,0.0022395073018422447,73687.73708836001,0.0007278619545901359,286781.62654059,-0.020502069776550544,12483.190056470003,-0.00682209899335273,21094.089179149996,0.027084680027927324,35528.53505658,-0.0325720860568955,20178.73301334,-0.007525883333018688,13783.221898049998,-0.0143472662165274,130719.09044351,-0.012378226252051445,32252.170283299998,-0.0077817838554565385,6175.333171599999,-0.005498135194991612,201734.80387334997,0.0,0.0
2011-08-26,-0.07062995814165561,43330.94402400001,-0.060664990636365816,356680.04085771,-0.08321124596256517,613058.53684262,-0.055041260391320006,404143.28373368,-0.059803377518666705,267686.5458597401,-0.0492542240900395,1076914.34741581,-0.06717784950605947,80047.80037792001,-0.027997206028583733,306517.95260919,-0.023772073059961922,268701.96456859,-0.04943450013133691,231673.8709083,-0.03973255532716232,111038.72089701002,-0.010792890336248613,53397.137106919996,-0.025324396397235296,491494.20674064005,-0.025249689691612474,315914.91358159,-0.015032665601901102,323407.52038530004,-0.005062502799040252,319124.14382234,-0.03911652239547746,503963.13881350984,-0.06749847560251916,47579.135448420006,-0.06358805388533567,55234.57551226,-0.014199646024718593,603886.86740275,-0.012260637092361689,258573.98819089998,-0.04470012491339967,30129.594589210003,-0.00597373690892331,304816.35024271003,-0.027960337459083037,96201.27589173996,-0.06434144602956898,74502.60472974001,-0.000464935970802187,105724.98101023,-0.026472762536247512,163831.96364409,-0.03703853672900696,273886.98127563996,-0.0389853940823227,50114.24437457,-0.07021514450395545,49969.190345869996,-0.015326511236545147,263551.58243061,-0.04213855496896801,13326.7377046,-0.06799942563572274,343203.54848042,-0.02646122482794814,84109.11163156,-0.06067540829705728,135862.78402687,-0.05639214826049236,54490.705452409995,-0.024627139746593824,138195.72962631998,-0.052517878371202295,81315.69850638001,-0.03140983186523885,47758.960915480005,-0.03623239105036753,280688.75366211997,-0.05702659928324003,213077.36611998998,-0.005625256826878619,56449.87021538,-0.06889035978785425,35710.115874690004,0.002224568837511361,115075.03371726001,-0.0037052108756355797,256576.8876507,-0.04599383550664623,10112.942049309999,-0.048533040368318375,50405.65013882,-0.04431716506371014,82889.10450072998,-0.030176259665528084,344565.4960221,-0.013428454549821774,166647.93438252003,-0.017778817272094193,135427.89450023999,-0.0785218273531554,13750.27734932,-0.07264186455145091,298638.21110689,-0.02985931069437112,45883.23142481,0.0022278580139100945,202846.98757121005,0.0030503589388513924,10435.532753610001,-0.01554590683518389,19252.141329630005,-0.05377783370933984,158230.11751670003,-0.04897362219986639,36918.719006869986,-0.04179685193777826,6624.59769736,-0.05436046242991116,88018.71566082,-0.1019736810824077,14575.507166909998,-0.014250022490872311,66047.91351528,-0.0007769360594781687,274036.34191014,-0.07529710241574052,9755.90626707,-0.09660108998135775,15956.30495075,0.007406839613177857,31548.074657279998,-0.1108370924251061,13928.80032144,-0.005832282601775862,12059.04670087,-0.036080679883436606,105981.56376613,-0.01481958129997795,32707.22233936,-0.030642876735978423,5086.188799359999,-0.026713054283899598,162305.57393798,0.0,0.0
2011-09-30,-0.07216855462651792,46498.90145109,-0.05200139938293873,346899.45275732,-0.09013984524976895,630496.49793519,-0.02926001977749073,433821.81137483,-0.08292544339942147,259204.03351368,-0.0573839358036704,1043631.7982827901,-0.0760690791514269,76450.09293006001,-0.008422372686572765,321447.03027348,-0.021099225455687393,283707.86338361003,-0.03875610481737806,240853.81690686,-0.05476171750181827,109307.60290792,-0.01570542432545193,54406.64479712999,-0.014555246690822277,537084.03906126,-0.014066392576285093,334574.30329271,-0.012733638111355663,325844.77854131995,0.012000551827945538,335195.96588891,-0.020146376526001576,551964.5754057299,-0.07372527522043588,47957.00727289,-0.09071429867139819,53363.04099740999,0.0016658503746048204,620554.02903867,-0.005459826353056162,265260.47417289997,-0.027466000986955053,33214.1598486,-0.016144578423603315,319343.16178535,-0.03898510871273859,99004.69735877999,-0.08404362076803013,73810.1969692,-0.0008516161889743582,120991.02386968001,-0.06151520567596186,146794.32831492,-0.067748745880853,260787.39849211002,-0.04547184089670839,43854.41455935,-0.07732792556292213,51275.993274889996,-0.007333234182264427,272052.0900984,-0.04493163288897527,13931.96684693,-0.04529422826590097,357253.53718198003,-0.020274264393378587,87386.32926333998,-0.031220527448206633,141345.85365252002,-0.04929657507504151,56119.04282702,-0.03647654643428167,141034.78027479997,-0.055072540817106885,82882.54600656999,-0.024457734481504886,49987.62623465,-0.026914752677576318,293656.00175187003,-0.10603226234668636,186309.53743427,-0.032840086823071046,53847.371559010004,-0.08931504190346883,35591.13057692,0.017525790730013053,120696.52144231998,0.009297209899018957,264041.23935570003,-0.09087636981736057,10181.76236859,-0.051553855605380144,48756.16617027,-0.0463514789902847,80182.74773503,-0.025750546858560593,346082.92245570995,0.004381446682908614,176481.80867998002,0.01723162592584463,164385.6162046,-0.10842366119128219,11927.30734661,-0.07686903523761013,299306.10292363,-0.03362658904100921,48708.40166707,-0.004957426040143354,196389.79845458,0.00650845429404208,10909.054180649999,-0.025121024955637918,20383.78583079,-0.05325794466360809,154728.25959416002,-0.06199892371695882,37771.893433619996,-0.04450823714871547,6839.85587869,-0.06342630015247722,88292.66983234999,-0.0943205607231206,14460.379942489999,-0.017699416268973835,67174.54865887,-0.004478126909677931,276543.41839002,-0.07341871681807274,9661.46665022,-0.07476538393642684,15905.87986643,-0.008557090892645142,31128.981793989995,-0.07657317032107255,14132.237931579999,-0.006159965238315999,12516.82952334,-0.0407763002518489,107136.48328773999,-0.030802920552796778,31104.528635460003,0.0035280360643424194,6314.66412458,-0.00847574270707789,172908.34208738,0.0,0.0
2011-10-28,0.010708882700261881,49408.764533700014,0.005347896246271046,398966.8322868901,-0.0010357210754513833,691457.8565428599,0.01222622084069186,472993.74352091,-0.0010646496903595742,299702.0707688,0.008911531380088544,1184326.09551096,0.002158785940786184,86265.50545396999,0.017837200441328145,342296.89601357,0.008244935544877157,308995.40605481,0.006966047341700413,264103.79968679004,-0.0007739108499584103,123470.92071387001,0.01770426937849813,63514.34621873999,0.003840288821783664,559394.81925662,0.00325037327830621,361624.82351489,0.009548670711993718,330943.70960830996,0.01573188456985552,342757.96825425007,0.015246216264963058,604615.3557474499,0.008459293480998845,54474.109698889995,-0.007288863479281886,68792.93158233,0.012493268369885393,653245.77806682,0.009730479231855653,272976.28239167,-0.02111796452452613,35177.25244473,-0.0024829916310903886,340736.67849833996,0.01451674283877148,105094.670933,-0.015941088979135543,84210.6166306,0.007715459194791133,129112.00148382998,-0.005522032132357083,166293.1842275,-0.005325300936099396,283798.3595416501,-0.003591471188662921,48234.061862200004,-0.01720749438910541,62397.44423324,0.011535922718262672,285572.03921947,0.008472199064934367,15155.79177936,0.014677946764558424,380531.24839038,0.011788136644616524,92843.63843675,0.009997088900903828,155198.23794665004,0.003904633365952012,61348.253017689996,0.011761238900400213,154569.78632652,0.0028391698536442264,88579.07907538,0.006749964608348139,53751.68661125,0.017960622444696123,305569.1856907501,-0.014518639357306556,221543.61332385,-0.0010325660480591005,56999.43773445,-0.0024087203033894464,40935.375941059996,0.01915763498325633,125791.9364846,0.013742587081771881,273381.27182847005,-0.015205453021246247,11219.84631301,-0.005538308341756717,51205.61328102,4.170776822298831e-05,89092.14508264001,0.009581363766843681,361796.33361976,0.018695074565335014,189755.98401985003,0.005726166376153207,173784.62428219998,-0.04289958075595256,12620.891498050001,-0.01160776276589473,325708.13694669004,0.00847945866300405,54483.281772439994,0.0029355107129800783,208491.86513995,0.01200044510511805,11370.2733429,-0.004246307370361178,22038.802386979994,-0.0026633815768567206,171831.78741942006,-0.00010323851961286832,41725.90217532001,-0.008753822172351218,7458.202016280001,-0.007130020511694895,98436.40336737002,-0.0044966078058017896,16204.380434299997,0.004581575978593987,71679.07116898,0.0008098835397671607,273858.58042641997,-0.006984976640840602,10698.010375789998,-0.001378066441990808,17395.3039837,0.01563728237838058,34326.54120375,-0.0014461616859078714,17032.02979401,0.023298892616942294,14380.951117390001,-0.0030381205342478236,121449.00520408001,-0.00912563009053474,31993.35169202,0.02845857053862131,6581.173438080001,-0.00786332434606378,194438.10063579,0.0,0.0
2011-11-25,0.02158617374817972,49169.62124153999,0.003094842762959484,366958.39738715,-0.010354482295762656,612742.91236111,0.005710964982211685,442250.234139,0.01850312542114113,282286.5498437499,0.015264265400770655,1132815.9513843802,0.014851247916278947,83751.91619086999,0.01105223228663519,332410.62393683003,0.01156281619457562,297246.76261544996,0.009320520385867156,237422.38699544,0.020731220510850776,123292.92164401,0.03271949615610179,62040.94137957,-0.004552679239828881,516919.42720713,0.0018438847997397836,345892.46063902,-0.006869627022782645,323734.25381498993,-0.0005829322952646992,337815.26848683,-0.001745953467600773,561837.1091443598,0.019519124991538964,50920.36423684999,-0.0036543031296552768,58417.2636181,0.003831705864033169,635597.9546460899,0.0032805060387615524,261360.94871792002,-0.032987556606292864,29603.322404330003,0.0007773498390756806,325496.8253373001,0.01310873927950096,95115.03955254999,0.011433982600963942,83305.86663782,-0.0026608759206897255,120262.27817530997,0.0008940600942201459,154765.70420121998,0.00721052172585098,270577.23086106003,-0.001906605313158117,46698.88818111,-0.01668878001080875,61471.993795680006,0.0071138880029785355,276933.30442683003,0.017056458166110837,14556.73851331,0.007667591670215119,361850.47616237,0.01051916577062595,89849.56228685999,0.009079724751651239,155543.87976068,0.01300332395696262,59054.09578038,0.008763584266292342,143220.52163216998,-0.0029240855421695713,81136.74070734001,-0.002927053659963089,51761.150201309996,0.018133430601625953,296216.6470927601,0.016690721642012917,206087.58101230997,-0.002803111480915265,53193.59952106001,0.013160567922370015,37697.86505974,0.0033636873517984395,121058.87603839,-0.004577222824442944,257540.02062294004,0.0019194871344063826,11144.424243449997,-0.006244375378059648,47486.74032111999,0.0025620721253096263,83961.15403259998,0.00018504143792742113,337530.9548991101,0.0026923397687580496,167003.84749913,-0.025756692940548394,149309.19685927,-0.02780909581030101,10878.663223980002,-0.01279464882354871,292840.93914639996,0.016678540273246174,53212.90039292,0.017657557642295516,211081.23956429,0.0023820170540196917,11100.60085881,0.0022450386870168323,21412.911366509994,0.010632210288386257,159762.26431852995,0.007599880861271784,37650.3577923,0.0007352168287668647,6999.07296857,0.009758100256747601,95458.69067947,0.012449793301512116,16682.742417789996,8.39981476782603e-05,69499.38883651,-0.007083972404756214,269273.82335533,0.009409571069619063,10225.810355899997,0.0023688037377474686,16098.21234272,0.0337813462362028,34191.859543169994,0.002726800977678877,16057.42721868,0.019990255682898236,13721.08832174,-0.003935602172742451,114038.47436356,-0.006192095010091547,30439.87141029,0.004143560510680355,5722.880881930001,-0.004049148442170215,189080.79808278,0.0,0.0
2011-12-30,0.07890960103821916,51755.802443659995,0.05516312224708313,393919.46787980996,0.058825380594183935,681741.19675291,0.03640748560181539,449847.71997415996,0.08562007169752517,293405.0330014,0.07538255475434041,1214287.5297324504,0.06625201042058268,84874.34722132,0.03259894356482697,339778.60381037,0.056346797138301374,316025.90125342004,0.055130099321271595,255276.97039738,0.08464930285874103,129583.15511701,0.07699940793044142,66355.7145685,0.029359039940127844,548707.08829011,0.042385730241337134,370522.13277255,0.021796388860098402,343920.5685869599,0.019611224865093438,356747.84601792,0.013081493332910778,550267.99738495,0.08482006810459154,55062.520515779994,0.07950569233350929,62490.74108305,0.040723706057488575,698571.1315352899,0.024403117798396236,273344.47238745994,0.04097663353794469,33326.85513702,0.048592396615050076,344619.43480906996,0.04346280436413284,100263.36639931,0.08012035437233389,84225.03660164999,0.02305552871438688,123377.86028646,0.05116522239365843,156083.23130781,0.07504477118357417,288773.46739126,0.05416220445923139,50556.39918407999,0.05081412049145664,65446.89329608999,0.02594345300137185,292814.88972422003,0.08127258240917956,15605.232437670002,0.06592443433240588,409359.10299538,0.05220033428531931,97927.4567297,0.03884820337753881,170681.93320134003,0.06209624386105728,62648.557015779996,0.04573591017694484,150107.04312315,0.029045487685492102,82852.50689086001,0.049339550013044325,57094.390174700005,0.05306601415934869,316984.89215394005,0.08783663130972419,211911.37483147994,0.043030602179413416,57532.368634670005,0.07528889774604326,39733.50944722001,0.019488212427966254,127671.86977907,0.009565520232154385,276411.12233435997,0.11029039787989751,12619.437339499998,0.04113495793110449,50711.1264528,0.053820175610892314,90524.21529081,0.031213863512392897,359061.59209814,0.03963386083678336,183558.13500070001,-0.028414084577923132,144783.9236629,0.027060415364604892,11259.165213470002,0.048259902781022164,313791.40698781,0.08187407536340482,58868.18174902,0.055297029195476834,229126.42072542998,0.017630920831694593,11556.76479786,0.03554415637979887,21443.058169260003,0.0633510992664041,170036.88015416998,0.06317524548447599,38598.58879250999,0.06598025503732406,7607.540334610001,0.06818515721027875,101038.58343784,0.07452348306612859,17657.182605830003,0.04371999653963821,75255.12417108998,0.016747952802322223,285725.64062566997,0.060803025634898096,10495.31323277,0.07436112068165483,17597.9943721,0.06404982165748019,35422.00093876,0.09403200168047932,17787.342887440005,0.06563897680342443,15087.92024018,0.04807692089622268,121279.53186136001,0.010991247340314567,30889.794080400003,-0.0011354775602201487,5699.89890646,0.05559570491561842,206028.36688519001,0.0,0.0
2012-01-27,0.04159197661451129,56146.11405795,0.018029302260016252,417022.90161696007,0.02791886351311168,754413.7239003901,0.012418928882239293,488736.58745363,0.04749706097487302,324966.11969801,0.013016055835877416,1236928.15907293,0.02628904797924496,95556.89431963,0.00465110754141587,349815.14525771997,0.036970923203263555,331840.19129944005,0.022559183896954483,270298.78114459006,0.035002611767907255,136415.38133514998,0.022488996396516227,63525.420623230006,0.013550683020319481,586957.0423234301,0.014690744649625508,371967.04995028,0.0066029914310384505,341561.60203258,0.004814790094566622,341378.97244305996,0.002263450546250508,601209.97156296,0.05281929115491559,59705.82225569,0.027923264908386036,66804.96581396,0.02403152625654723,690642.76640182,0.005482917469602378,278151.05148082995,0.06525296337629649,36015.99937379,0.025063550476260413,352610.71035710996,0.014013661112380255,104714.58669663999,0.039798253897932546,90610.95629342999,0.0005270670623133593,129227.91112060001,0.026456092580341307,170600.08590073,0.036560118282313335,312057.32359452994,0.02033258069147698,53429.21265100001,0.029656642083831345,74927.46786962001,0.011035215102572058,290976.1782425,0.044995677477307004,16874.366249,0.02972174759773656,424669.91120403,0.027812729153108718,107081.55206162001,0.021358630619296052,182473.00777125004,0.022547907714260535,66367.16515794999,0.02816561986838368,150602.34028894,0.023708599558081286,93254.92403522,0.021976893370244006,58354.962031660005,0.019018831567914764,325113.39090793004,0.005006723501419672,228755.27441395,0.010714122044765533,57702.394651079994,0.03088761873307972,41614.58540309,0.003635756038925703,123287.2514838,0.0018805673354596124,270870.74262389005,0.08999463842375797,13043.11727127,0.0035790871139579766,53553.69412275001,0.02069483484731874,95681.30615967,0.016650192640555794,369955.50196446,0.03919710688803266,197971.92803218996,-0.033914065434615726,150846.71403565997,-0.01075635257859421,11578.280537260001,0.011704218622698444,337045.61626519996,0.05376592659920213,62174.78974772001,0.012548603529273509,217863.17682682,0.018802062468599112,11668.044330219998,0.020645041929836613,22124.863498820003,0.018005932119864454,168361.30684723,0.014705027148421975,40695.873207640005,0.025687285448436778,7958.00969366,0.03177307270279059,103879.95193998,0.03428325124116165,19370.76303301,0.017707434024386834,77114.10230414,0.005170584230346325,281994.07411103,0.02120126364570685,11443.44906699,0.021780275496703756,19212.34948048,0.02638986638247638,36865.91034801,0.04242001998806331,19916.091999169996,0.04728503553565752,15994.566582119998,0.02704705005737721,125470.10517988,0.01667387658669065,34067.46688058,-0.012603627822888257,5886.75136492,-0.020777907415642023,191534.50205865,0.0,0.0
2012-02-24,0.08676148536858774,58062.9030271,0.07262558035029873,428584.59034035006,0.09415603160124505,793211.47404178,0.07491678899864172,508033.32230247004,0.10797648966598507,347278.09068480006,0.0679547291097447,1275855.7203340603,0.08880097186505324,98007.88064406,0.053636400442684744,358359.75360414,0.06636108856420905,346584.12617259007,0.07030755452403455,283610.36664509,0.07744836116099182,132768.39381705,0.0502140292017355,61875.985422360005,0.07969346285211353,670577.36493585,0.05415212748414128,391360.73094373,0.02309612024816266,343574.04293402005,0.021461872187657955,342474.83392507007,0.07139796734854703,639308.5610665199,0.10264338907972634,65967.21335745999,0.10396227175203213,73854.40945913,0.04506069721795301,692883.2457405099,0.032809935881151005,282079.47552448,0.10921037470097521,37610.91722524,0.06650797108149889,363528.7065568,0.06872655141432028,112660.58449611,0.08209562775282846,95753.20873238999,0.07716526693113357,143144.77053033002,0.08622725822538316,167068.50921662,0.0996616456120147,325625.08796530997,0.07293402939435525,56464.57412561,0.10213093065897835,78121.77627589,0.03235769096552952,299180.96741323004,0.08910736724991965,16435.52938072,0.07107601580002945,433832.62383345,0.06396764473760658,110289.10857715999,0.06544745988938405,188594.20907037004,0.0666411845032651,69362.40047279999,0.07071944252185905,154125.41564704,0.09286196904336767,99159.95323140001,0.06180158073316866,58714.99700709,0.05605301617432992,334155.51040147,0.08617217607207506,244712.29853568997,0.05686533179353112,60134.99199599,0.08790666543957103,44426.12762703001,0.01930635790716488,124725.4385868,0.018903812227961912,272015.82802291,0.11972587463021903,14563.912621939999,0.06667261315701989,55999.102995,0.06069581908422461,95446.57732643999,0.05687588127409222,386490.80557138997,0.09045352002343063,201813.38844692,0.05119650987395538,155807.09361753,0.02657913147645638,13515.428164260002,0.08349364686077274,355454.11107646005,0.09492756701111078,66247.1571794,0.028799910209089702,233328.79200800002,0.03315036011057855,11968.79374379,0.07313340804250947,24596.17278359,0.06579399309563083,173778.92663243,0.07048679852819549,41084.04264539,0.0772740447570279,7966.59752865,0.06641353338867245,106903.09031798999,0.1026914083920168,20676.636506820003,0.06898742426907739,80898.22457038001,0.018479356453149826,279343.13434373,0.07166547597752454,12035.497485909998,0.10662349968120646,20498.13970527,0.05234991691868749,37237.12408531999,0.11289217491188178,20503.807226650002,0.07807342111036383,16359.156517529998,0.06304507199351227,126809.75210138998,0.02743714045170792,34887.76786048,0.02716573420241427,6367.4193545,0.022107145509003365,197817.74786654997,0.0,0.0
2012-03-30,0.06335581183566535,61004.11606238001,0.04769887967812202,439111.35557778,0.06286306130760248,891894.65829438,0.059467130059931116,523015.36917624006,0.06254208622489466,342953.33950753,0.03580843076822017,1260450.5339173002,0.058764166076713295,99777.54053741,0.04245548627466311,383199.13100769004,0.05171099897281596,373590.48054773,0.05080858104305662,294101.50673765,0.04247175147798121,134631.76608302,0.03771069002764408,62739.076534759995,0.06530157976597896,761736.3415501802,0.0393086094806008,405524.43299778004,0.016207075572374795,359433.08063373,0.015163202781686792,351246.75911265996,0.055674596052511474,670492.0670335699,0.06947239173578824,67411.40292549999,0.05463246970415837,71857.07546947,0.03435500239846857,711020.8177051698,0.02456128528072367,285341.18913417,0.06971188080355943,36133.09101297,0.05089753755391121,385862.16849953006,0.05491183392797432,131177.23096765002,0.046172161579892006,95066.4133762,0.06460713430051869,147760.62627077,0.04003257603289231,158353.88614481,0.05841866342370875,333103.77123415,0.04686863552281228,58073.526247229995,0.06340040825231713,77268.87903729998,0.029187967043812494,302899.68191481,0.05627820454066221,17424.86537113,0.04203054452008889,444771.0592869999,0.04507851176943403,113679.40255167,0.05710230032799628,188455.96518775998,0.04723322289660804,71119.36663106999,0.04572695933699458,157789.04640765997,0.06387461150618762,102621.19918589,0.034310059522195964,60164.26181647999,0.04274582971528314,349641.66263892996,0.0356935187950682,223968.08472152997,0.03552666138443609,62190.282059929996,0.045775542235022226,44547.9945912,0.017146959036235858,125113.13005733,0.018995252938780974,281424.74712935,0.06461697136807254,14617.74346049,0.04117883990117442,56426.81224757,0.03665882114229725,99168.36120987,0.03964566387751454,399817.04089982,0.06880773325369371,207912.48683585,0.048308856426840116,170664.11678476,-0.009012229714740751,10847.26322843,0.053449943789233983,385261.96183971,0.06419524536825769,68901.83598043001,0.030656670272133278,246754.55995679996,0.02425376712273735,12016.941481639999,0.056842810833793785,26486.43174375,0.043573975700447076,177487.18019648,0.03499828908960921,40201.686753049995,0.04190626017465516,7962.14315164,0.03999247825000323,109604.01097373999,0.06837722478534014,22207.20138093,0.04997757329758955,84663.1390958,0.015439918598138579,290467.48232748,0.03789105709819033,11467.365033130001,0.07164675753350475,21435.36355468,0.049469659234373714,40561.314857360005,0.0727575590458511,21117.64651158,0.054704121639385275,15753.429137940002,0.04056002462315942,131301.67691549,0.014775718924095831,37086.778877150005,0.014510029731264027,6102.901445039999,0.013279760169146188,212151.68057741,0.0,0.0
2012-04-27,0.023471745676998144,61460.414137169995,0.025259749318400533,450942.47862577,0.018500827444316952,830277.5572924002,0.013184425463938151,482779.11629491,0.01449850259286963,328789.3828456199,0.028737778019204022,1186286.8686903298,0.010638847055288917,92132.44608349002,0.03097272081852943,363423.11583003995,0.03708410854371479,375124.73027639004,0.024273226843873157,286123.15735949,0.03002097562496178,131150.12031135,0.042433827038941205,56110.60156979,0.05669853161222362,717790.7163452,0.03408449970329091,397234.03764985997,0.013286483596684275,343625.78437985,0.01355020542757039,347738.31085640995,0.02682803006142014,655929.4743222401,0.018946574234177768,62131.292064249996,0.013097374261202747,66434.33990776,0.01732450599526996,694133.3119497001,0.016137955748804327,281115.99102133,-0.021927362381164092,36770.21367469001,0.040751833929938336,380939.17082209,0.03447513018714911,127652.59050351,0.008248614041917497,91164.35475185,0.05148282092400194,144949.20836455998,0.001592606631893461,148755.07510164,0.02476395472538881,329761.02989082,0.026908297142920857,59305.43192969,5.557035484801318e-05,70685.16980649,0.019223362622556216,293642.50924956,0.009819192322492443,16269.68885663,0.011885879813994835,430342.39066583005,0.028946035443882006,108893.17202928,0.020936236352870844,176666.08130139,0.0210856400503552,65480.08719645,0.010088939206323517,153141.79199990997,-0.009866015960385537,96050.82673298,0.011593924975283259,60164.14178623,0.018366471204319335,342840.74460447,0.04263939532448077,222348.71377016,0.02328559151326731,63226.26763224,0.020439400089636874,41470.31106867999,0.020466032677037244,126622.39803464999,0.007606583992821735,282196.6114129,0.005504993932923684,13178.97886739,0.01784630647456756,56129.5323662,0.01364944222520934,95909.28884596,0.009395985576634756,385100.8094293001,0.021789704333345608,209249.41801884997,0.04935793535017728,163448.7069588,-0.041990559112441365,9890.031973180001,0.016372304482059813,350626.18529404997,0.024457003297690325,66202.41354629998,0.05218210186024115,247097.55154312,0.002772643316462032,11541.452967800002,0.04154871822939479,25599.62353472,0.022505819594610153,166644.76837451998,0.017688834496538207,35495.51474818,0.0208436960274899,7841.04189995,0.00870418657994812,107941.24301897001,0.015385872023614376,20937.277640840002,0.03558914174991184,85647.13422297,0.012789167253657831,291325.53421885,0.008153503674796876,10420.25777032,0.03297268697528565,20602.48676079,0.05063291145196963,41675.533104259994,0.036830468276539186,21063.89110238,0.026755082980858692,15558.73297316,0.001663782488773086,126997.58463605,-0.00864518464598278,38224.58739184,-0.03671908544449623,5595.81141167,0.07692448739484203,195789.90037867002,0.0,0.0
2012-05-25,-0.008042213387232034,60778.81538023,-0.013755365368260913,424009.5131831401,-0.028150237110648034,738310.23527648,-0.028828566270158843,454393.24022083,-0.029616848800506673,303260.50066583994,-0.013329841973850374,1106718.8008221001,-0.03849216928579365,85485.14470577,-0.005393369687487583,358587.38968479,0.013888218278581324,349636.32498299,-0.010077008851466696,276341.53642107,-0.0035685474466521914,130292.30399093,0.01799096805730147,58553.52907569,0.007279991023026278,690400.2616948999,0.004329334466497886,389930.6176515,0.0071796206837124255,367386.57400881004,0.004126991508053754,350954.08532147994,-0.020398921897294843,617114.0252883101,-0.009136651676890086,61353.54571400999,-0.04013884916527448,62378.391520150006,0.0021463993506635652,691046.8459753998,-0.0002455294337713514,279928.51570598,-0.034589792517062845,37783.5129575,0.001459736798056505,359431.4241691,-0.0066175772089138605,121365.03850943998,-0.020504717255486,86460.80594433,-0.00102125510372018,132181.73667180998,-0.041890914048841384,135952.29429678,-0.01813084271852866,309664.32617422997,-0.009044656625458801,57955.67893630999,-0.04916132732985897,64337.647805429995,0.008854376795918151,291124.1087532,-0.024096204154631012,15079.53095886,-0.016011117850131075,420015.17308473994,0.0018457469846107546,107229.19859968999,-0.02375844885356263,155544.13946977,-0.0221623249602698,59728.16437033001,-0.02153409998966711,145363.47596096998,-0.04667225205273461,94284.48795309998,-0.007855449375941542,60849.12367151999,-0.005746272317841875,326777.02804184,-0.02494603194464884,200516.02340541998,-0.002763259420133995,62627.82950670001,-0.03239691844316512,38459.95248397999,0.010447543731718835,129186.07914052,-0.003912094189607907,272525.97887256,-0.02720784482053119,11911.368992239999,-0.021095503710804465,55752.68658582999,-0.01583011370983873,90965.89591905,-0.012946416067470948,383042.63278236997,-0.0037888736744625616,212087.04543443996,-0.00044305739484455675,171552.01557073003,-0.07956704454378286,7978.734209210001,-0.03552570646586642,318027.6006306,-0.003347762807882394,63612.11146323,0.029527100366120336,240457.60887599,-0.005449764582988748,11684.80794402,0.0027043930949991035,24517.330129290003,-0.004409137827596963,167594.61996615,-0.030370828929162427,32858.891568130006,-0.022698529943423106,7175.045452910001,-0.014961522293324599,104355.76738994001,-0.033054441162516754,19604.432691230002,0.003358467335717262,85003.11097724999,0.009460906525144776,295096.22819006,-0.01742231282319152,10208.05486894,-0.028216860984594708,20018.81288044,0.0015628836947164351,34033.953855290005,-0.01661661979252671,21418.84484139,0.0035502460237938393,16068.866448359999,-0.01502342804039975,120781.92111674,-0.01436290291944283,39391.38323984,-0.05635376216575634,4221.4477751800005,0.03818224971989574,201019.03142952,0.0,0.0
2012-06-29,-0.028012053006544784,58625.39821687999,-0.01657785172686073,422234.30297749996,-0.029783009858041436,759451.85004255,-0.03748818584415896,442116.90719579,-0.04312035174054033,284022.76551403996,-0.008078690405281244,1077543.78160397,-0.049793223397266974,81830.84495318003,-0.014903293291800696,359062.82009734,-0.00048401271707111226,349928.15398708003,0.0022579826123923594,287931.87470612,0.004231240988357039,131275.52080429,-0.0015292506830531232,58812.82845697,0.011656587764276869,688046.65348781,0.009855532309754422,397841.45218659,0.02293741062173921,383544.47381969,0.01470045840589251,358397.59299254,-0.021001670319116563,614758.37722137,-0.013399076403419058,58348.085206560005,-0.07129858088252188,56694.2707934,0.01892296553788358,716707.1527650999,-0.0010483823328486992,276610.9153382,-0.015538449345748065,39532.37033434,-0.008274292136551935,351578.46467648,-0.005598952270242999,124230.52127878001,-0.0455947463845644,81464.13745056,-0.03827749752190847,124152.02976215999,-0.024040253522719764,135898.11886635,-0.015210759022221253,310666.75688304997,0.006237864150639874,58798.43366424999,-0.07752194571591603,63024.79423499001,0.013489740565332434,305442.05944867,-0.02168164873496842,15077.655168549998,0.0017554895186237308,424498.91930039006,0.0260156644777238,111862.01930783,-0.03912700652351636,153712.16700884,-0.02898327650939319,58232.66168224999,-0.00932342053852302,147139.31612764,-0.05226744820414717,90147.77107480001,0.01884265774348518,64016.89909548,-0.008710023376168245,333865.50203072006,-0.02343335333657418,185755.02876273,0.009751684932966336,61676.64345259,-0.023061828478663712,36149.291568320004,0.021932376778743868,132646.56714993,0.00018059782760845752,263382.56590616005,-0.0016652058878928724,11932.51502655,0.00017165825516550297,55765.38991099999,-0.008821736173062015,91403.12871791,-0.00289712299289485,385113.50487545,0.00704936067934711,213403.02790773,0.008337023065873642,172064.27043032,-0.05098368178340232,7723.254939070001,-0.03942989921416359,314229.08402394,-0.02484797404566156,60529.28882222,0.025944667338018076,244090.54998299,0.00986103086057726,12010.25542197,-0.018503259562106543,24068.487447130003,0.0038446192376208953,172261.94848072,-0.01918508154103443,31459.543109139995,-0.024504534050382002,6502.079076370001,-0.0196068963332423,102615.53913018,-0.04386368400404905,18965.03687485,0.016939578153722393,86576.60471709001,0.01807654965438005,298947.29540994,-0.017040703330155536,10138.757319359998,-0.022239410829814548,19548.7988673,-0.01306612697326618,33645.52862208,-0.01753052682198199,22072.167019359997,0.0008889656184223618,15906.971342149998,-0.018919177086390907,122295.40601225,-0.0026494349954213044,39954.87697797,-0.0339970991461257,3726.5049059500006,0.03007047935413289,183789.73309797002,0.0,0.0
2012-07-27,-0.006577344373337779,59330.3641312,-0.0063654467364969,431602.20838127006,-0.01756447328298939,764928.12121084,-0.026332164628327184,440788.41472850996,-0.024088997302482255,284614.15119029,-0.00540413416321731,1174154.67907151,-0.02946297303604575,82524.00993170003,-0.01651086173999547,353257.85395046,0.008189794494081595,356650.04860095005,0.01359886011771578,299149.36680091993,0.010214079772508083,134536.48874118,0.010291678245687342,38934.377983520004,-0.0020331900699469842,719755.6932832397,0.012237961010796501,405136.97958988004,0.03555507993440986,389533.77998355,0.02001417602039296,384419.12903282,-0.017698776451195046,613159.30431742,0.007362616726448836,65196.958879699996,-0.05350682647278803,50204.62300485,0.02631655475518349,745301.4419483601,-0.001638111213759778,263804.88816438,0.005232089853561765,37525.06057221,-0.009914584462509892,345326.21564619994,0.004151464443018284,126459.45369827998,-0.022154181758173547,81402.79364537999,-0.030997688816431397,123221.65041047,-0.030501435138418756,135533.62673157,-0.005740146267029071,318929.75336666004,0.007428568930025918,60691.96031237001,-0.06323599304001487,58418.582681659995,0.01878285852174688,315174.1926009,-0.010079547384899393,16650.57783922,0.01056967591763049,436621.09721723996,0.031032730823413783,117476.82011851999,-0.042533629615631285,136846.50040081,-0.012746711850307157,61685.22748703,0.00016920910670151684,153962.95165445996,-0.028907783430289494,90483.30975950001,0.026169385803404624,69156.27582726,-0.004902846348550367,299907.57061308005,-0.019428747924533172,211384.68474169003,0.004940971946453784,65738.3715324,-0.015435721107520376,38084.711095909995,0.02470169713619096,136839.99616555002,0.010566975826420584,282131.31472837005,0.0256973047678242,14519.12574019,0.0006251480171004649,57447.48679954,0.001395387953576216,93944.77897801,0.005000559667474386,382247.0541371,0.025907126842448024,223304.62742109998,0.0032038768338274732,179278.05924446002,-0.0185571449155938,8842.62315465,-0.029685190380155706,313665.55874283006,-0.010478592177469293,63832.24762126,0.025035316107990552,256000.41401732003,0.02368124202921507,13003.51006385,-0.001922512397193002,25694.007231590003,0.008027817261626316,174475.92591905998,-0.028328198708804733,31761.183492210002,-0.02275873178555668,5637.54624479,-0.0010065307125898262,107916.96980506,-0.0219726654164503,22139.496987630002,0.0165601855384361,89807.15587569,0.02121302851115408,311327.71163826995,-0.019915102319275242,10121.989042409998,-0.019233417444533895,20040.918208320003,-0.009637573499296568,34743.17829832,-0.014190479394219907,21782.15816329,0.015873966134799977,16193.277941699998,-0.012539883622750252,123469.38402868001,0.018509978187648567,44889.04919956001,-0.06671508104508003,3477.48510327,-0.0016337383591283514,202393.12546075,0.0,0.0
2012-08-31,0.040196637493304654,64405.37144312,0.027835568201261405,456843.31697648996,0.03404179159840883,813024.06290574,0.022830721823446996,465522.40310254996,0.023220903275574162,302400.57069526,0.019837572007730245,1214921.1111110398,0.021985958138019842,87684.78917348,0.018908203990257756,370034.2127096,0.037334541015690316,376257.05508272,0.03861157392849842,315830.52048992005,0.02707988297534117,140160.7270799,0.0058343243695486435,38311.71434164,0.0451010457673489,792852.47519813,0.02207026252259051,410582.20793772,0.01861410954313617,399036.45559563994,0.009024861058470206,376438.86325935,0.024209935836272723,649868.1482794,0.05174641795386987,68742.67535910998,0.01640495239651326,55433.61560126,0.026865110003509735,746705.7268575799,0.014221062795677017,276255.21984758007,0.03554370844003962,36382.04139685001,0.018280409908973866,348279.107279,0.02632856839484428,129775.73009014998,0.022723665012565286,88868.56124261001,0.013481612064156418,130041.81220156998,0.011426091188956078,142758.89926428,0.029553011371929214,328909.7496699599,0.02858785982117714,63749.571945569995,0.009652174355604346,59893.53485034,0.024526097222083383,325746.01589260006,0.03349127946320494,17505.84437657,0.030617801446232693,448609.3067795,0.037108269256376065,121756.95678804,0.029004640147470298,158147.005934,0.0217049332020222,63134.71544526001,0.024285281529978074,157631.22393210002,0.019239350028375925,95094.11445383998,0.027314749688274922,68963.21647031,0.023093420358864143,304789.81687177,0.008181221243342671,221538.80436567997,0.01267609545267928,64715.81898857,0.02376792572328478,41317.01107257,0.008647507204490978,133949.19167582,0.009637808875480764,290558.65600792004,0.05686646226472593,14105.544459660001,0.018135728043719386,58256.4549653,0.020291026971035696,96149.09284161,0.02171411850101582,396708.4593383,0.043346228313386366,236055.28023829,0.02580021656805676,192113.88177623003,-0.003893739734490323,8676.697014680001,0.021909019327950925,334851.38890198,0.03233571068032172,65197.44085076,0.02067089478790278,254253.19016943002,0.01635323473862655,13111.236315049999,0.027773467921847834,26552.30780012,0.035022325212071506,185319.46325218,0.007543512560255316,30815.34093035,0.004097833620469142,5735.95742161,0.024093161222637476,110967.13299012,0.03324492994472759,23177.700483689998,0.029919977193499536,92886.69042145,0.013889418466806532,317287.46942614,0.016185991907309884,9689.536464710001,0.042066254968294144,21430.39022694,0.017674497179243163,35573.71792892,0.0463409260833387,22606.995982710003,0.028675635602506924,16799.6566486,0.019010015662264252,120126.50495105001,0.011222380346433839,46493.047004860004,-0.0024885673528603418,3498.9709522599996,0.025691305151541912,219780.08590970002,0.0,0.0
2012-09-28,0.041126993096934426,70834.8659659,0.02438725504088685,469423.41027212,0.03157315034704948,873960.8661499501,0.015152727758002167,453530.68301993003,0.02794161037744177,315898.2009992,0.015243877623568611,1264292.45436447,0.023113188604145768,89782.49626,0.021085447230148557,391937.08835908,0.0348965176115765,383044.95237649,0.0362202330466402,331116.16880576004,0.015962001640279732,135451.56556228,-7.725824886000563e-05,39636.55115852001,0.04875172773057625,808430.6379865701,0.019867523392438392,429008.97509617003,0.013556888404541547,419596.35277790995,-0.00176628040034667,376880.88027604995,0.02474035884553031,661549.6393265601,0.05517617643666123,76730.78981034999,0.017059319699338667,57824.25609381001,0.015344009141730232,773672.2734180101,0.010414785977038937,279864.31187672005,0.02256303614130384,37452.13649584001,0.018335511462890617,369507.6044755201,0.027549676978141566,131094.00091431002,0.0250643107777323,88698.62817350001,0.020329221769266097,130280.67263991002,0.017764721528407853,152958.93325662,0.02970977605811074,338828.9437655301,0.020885415158752363,64554.30539549001,0.013658772622933506,65207.02587844999,0.01841673099012604,339298.54192467994,0.029467578693573904,19004.96280763,0.020683510792213106,466986.65032693,0.03090051178735307,125084.61077638,0.024077769035254108,156477.90283424995,0.023060521927310278,67022.47170831,0.02164961907158356,162874.98195557998,0.02867745842209566,99804.30597344998,0.010968160525292765,70259.41370834,0.017987986689053267,314845.01275724004,0.020526039299010035,226130.47328224,0.005232634422355637,62781.70419349,0.028114621033996173,43689.84524261,-0.0010889994404889227,133076.75319192003,0.006093006585666004,299371.81963339,0.05330741560270644,16157.2230828,0.014354854402270814,58712.46497622,0.014018222171086628,97854.79743389001,0.020972463229793403,421898.64507883,0.04188979607019794,249595.52966905,0.028977467368322032,197714.11615089,0.014754331624361693,9899.86448686,0.023151097346238943,358423.13783805,0.027406672920359806,66372.03739219002,0.015915141889308097,255937.02252143007,0.013059221411414794,13105.158570680002,0.034056697928128515,27290.453675920002,0.031583526920087805,197101.54081821,0.005288172291342085,32708.708415380002,-0.0005503753934102003,5825.320124469999,0.02051421814118309,113062.24525597999,0.03486078018862997,24958.842983630002,0.02074500116406282,91417.64189851999,0.006062666970110977,314176.21810493997,0.009346443502721593,9484.55479463,0.03374261680045465,22132.182561610003,0.018520181634761584,36229.008797769995,0.029076255499148246,23926.244489890003,0.020542425232859735,16792.31111848,0.005700663122574971,116416.30026650999,0.015586132700404128,46857.648745989994,-0.0018468767319049307,3724.11008341,0.021649117345407833,246043.25341645002,0.0,0.0
2012-10-26,0.037937111810632876,56743.79152904,0.01729977327306239,516848.89422064,0.023768763352779002,878436.7590362001,0.006509942422019974,422218.70489242993,0.011095973745047004,318030.35342622997,-0.00408834887869335,1247659.76853653,0.008430316001486299,85566.53129985,0.004287661715369141,365505.27067168994,0.026102499744564255,383257.07592651,0.027723002696641193,336245.09475473996,0.0026578543046398865,137599.46024944,-0.014533170934647713,39024.88325921,0.03751891746759633,740249.0180119199,0.005041300645574134,438101.45590905997,-0.0037395639142492046,392112.75806801,-0.011481877445885974,367188.74998578994,0.010222460451588504,612751.3199243799,0.04900766706478163,77890.12240924,0.006487756339484288,55907.169289369995,0.00662626469899396,789232.20473824,0.00808656805595089,252328.41404644004,0.01946742566310089,38630.787217979996,0.0058323910860250214,357715.05053785,0.016392370866274052,130821.28264014999,0.0124231368785095,85905.47848536001,0.0048675939577419135,126947.41229315998,0.00912657694322722,154951.64079728,0.012318630586749106,332501.41828216,0.008512738065117709,63199.60084758,0.010797137297433172,64649.85441513001,0.01055911545237786,329521.1157178,0.023176263989815562,19053.271134309998,0.0054644777165068605,446299.80480432,0.02049701827142449,127101.15843275002,0.01951996705169657,149266.20200872002,0.011540414058530596,67386.2121295,0.008896641273179814,157953.72296529,0.0181663669739894,95747.47456733002,-0.000840385978323159,72414.58122892001,0.014633457463497545,312713.05732988,-0.012749798602894094,220064.63467458996,-0.005862213305292318,61727.534307990005,0.012862143402420312,42019.00594645001,-0.012062892710257879,134816.61701411,0.0006280418067226882,295330.71196683997,0.03862433239465238,16147.70277846,0.0012357704422733323,58333.21481055999,0.0024730552102706312,95601.34056445,0.009297343785531785,397094.62069055,0.027196797496531516,246335.96959724,0.016204945324056516,193207.57113346,-0.010110745983987842,9263.1513681,0.01615514294663443,361157.23927366,0.01786808474766942,65530.940538689996,0.0002729342015487257,247155.76118877,0.004227830055849828,13075.590566329998,0.01810232852554574,27853.383802949997,0.018742074828330377,196700.37741476996,-0.006090713142263899,31039.686257380003,-0.013954929773279712,5872.9733672,0.007523465992368593,114838.96286127,0.024078389446636754,24513.81684608,0.008923129889336275,91990.49768747001,-0.0023218762339683907,307863.65323899,-0.005212917725214027,9145.858775579998,0.021562192078052857,22380.593599810003,0.009638533446722516,36603.148847740005,0.00953259092487909,22898.141329039998,0.013035240817090968,17055.32109309,0.005187408441043172,117582.60379204001,0.0027008200938272147,45263.68333433,0.01486433451064104,4140.73621007,0.0018835526981486345,224023.66891565002,0.0,0.0
2012-11-30,0.03709695007399554,59685.07513396,0.007753034035782073,495008.11777601996,0.012013508428776746,851577.4735989298,-0.005503133907672417,425309.097469,0.007095021651210813,325427.7605740199,-0.01045788208950227,1196732.36202556,-0.0002933825803937419,82487.1715435,-0.003969309930994329,360777.74345538986,0.020966600088618833,390042.4955659701,0.021786535340686673,325659.62960521993,0.0033501451118999005,133798.01583605,-0.00966214055698066,37419.90113387,0.006812026054200816,694511.07760333,0.010805390122296154,442584.71175113,0.004276018164792659,377684.53551532,-0.010433427303089661,339633.28960926,0.0012307224742140548,614247.85747279,0.04004689893350212,78248.78924640999,0.0122571639543081,57564.47273718,0.005262004519347865,750263.8339416699,0.0137415901308313,255792.03418389,0.041183293310002755,39769.44876865,0.003805814344567956,362281.38985812006,0.009554727312731957,129845.23779473,0.012413436392813712,89828.67046073,0.00456240090184557,130363.72401728,0.004061752531196325,149129.34165101,0.009696483913473417,328670.65425959,0.0049082531890288356,61611.39713601,0.021233789102840257,70183.26121755001,0.012464305548351194,318721.53524215997,0.017862874778174394,18557.57487885,0.004543745553675691,438077.56630871,0.01748602001917753,129212.83713761,0.009152630621956192,154668.19665511997,0.002523537522935368,66363.98287749999,0.011033388128116318,158734.31905848003,0.021727489118263416,99684.02910661,0.008550471791175076,73284.86952288999,0.010470361979861974,304082.52128867,-0.015909347516552947,213758.86280786,-0.005544221918587101,59413.05020462999,0.008705507116313316,43352.28207241,-0.009129783645303442,127735.95528657999,0.002700260565236994,297017.48494909005,0.039413635849376225,17096.25942633,0.00026100933327863807,55699.01378344,-8.598212811684427e-06,94722.42564768999,0.010365750653897655,397198.80070480006,0.03546397489073108,255672.23493535997,0.023458544319591598,198407.97032359,-0.028067343395680636,8679.880637139999,0.008228281210792015,358302.04965697,0.005258288999235288,64697.10404659,-0.001892934099685275,248122.95517710998,0.008981632323802368,13152.141552389998,0.01497008957536295,27963.0257288,0.021783052107312784,190142.55957269,-0.009982171453338028,30599.510244350004,-0.014934227321227976,5954.141798499999,0.0034481927689828775,111700.55755094,0.01959632229589347,24972.419943099998,0.007923323488184641,90776.85276503,0.005531091026542487,308605.817903,-0.004748914661386878,8645.042517689999,0.011619684872424964,22170.946488650003,-0.01528081327200052,34999.71531219,0.0009954414141566108,21819.7688152,0.020585122364491316,17654.32200562,0.004761951026884673,118001.49221263,0.0025027614405181897,44149.645756219994,-0.00902304290517545,3846.2440959799997,0.0013684970160274801,218297.40832539002,0.0,0.0
2012-12-28,0.031133426250734425,60694.6930729,-0.0019987426224801863,501943.94584333,0.005931742194723444,902873.72189542,-0.006369932166886392,438016.25609694,0.008490542998650154,336221.1832474499,-0.024046133859772865,1216312.03946494,0.002578086853283882,88391.60869821,-0.01594788343064864,365968.70541858993,0.002637435857870762,376206.11732163007,0.005105174724975035,331310.70174024,-0.0005214366303046419,137695.38606424,-0.02254539861565631,38398.342681300004,-0.02574554466053857,637405.08648797,2.9302541310013694e-05,452524.84224182,-0.016639469669022383,379036.15424123005,-0.024683712411553323,350636.94854143,-0.006268493683643419,634144.3595201802,0.030648861618251384,79720.03257072999,0.034884383006909284,61948.36897086,-0.016459328154469693,753073.8731841701,0.01105468451863585,259812.65006614997,0.05409404960916833,43849.993341400004,-0.0066414008583063665,365392.68353364,-0.0053636713143573505,130279.23287828999,0.021019732345270072,101627.01564166001,0.011028193513795009,138849.59372781,-0.004178422425803864,146227.19801974,0.007125475857279127,346103.7281267999,-0.0015878125589860828,63740.89196774001,0.05060781158866703,76323.04641695,-0.006906817510903926,318224.38191943004,0.010950805524302049,19571.92719437,-0.015405091495789157,443087.48546495993,0.0071497976919264634,134149.55166969003,0.015118634113371653,162366.60663102003,-0.0033110849655763968,69016.63236015999,0.004820327330606391,164668.08417742996,0.02194707897419701,104321.56400338002,-0.0003822881711269271,73494.76824988,0.006610119420478474,317550.74765101005,-0.02304236225409558,212805.99600102002,-0.007982447088856155,64156.44234811,0.01067203240323782,46422.97382309,-0.02170272667969964,131997.70692998,-0.010639351043376152,291744.40161356,0.015019881306875106,18348.53813214,-0.004429804762275813,57842.02071445,-0.008125677317317826,97930.72482958001,-0.004111783532600818,399248.18022025,0.015208689577473504,252527.83218173002,0.005265668583301716,200301.44969324,-0.048018454120604154,8907.216922119998,0.004464624920251152,372863.28629157005,0.009746290788756846,67991.71287243,-0.027452422596005974,233753.36511471,-0.0025056953094764866,13267.423845849999,-0.004307212910646667,27592.952014939998,0.00826006983487034,194409.80786220002,-0.017979052979041135,30756.66598939,-0.013326483973011692,6149.48251806,-0.001211255369961684,116213.19250625001,0.015813723017200156,26152.584502970003,0.0010003331611899066,93106.61662428,-0.012048776055220554,306567.03279863,-0.004431383855106241,9267.81587329,0.00892459232767156,23426.200543809995,-0.03308264182468998,31994.38325252,-0.002928452815682867,23574.946711380002,0.014871526381369952,17756.71335782,0.004162105629747382,121948.55546565,-0.014117459924663043,43019.07326573,-0.0259190037331211,3263.63733824,-0.00826315190709251,239319.69713065002,0.0,0.0
2013-01-25,0.05453911488661029,65230.10285592,0.031598680828386745,530963.56251919,0.04272154408753223,939917.33874062,0.024776509913017806,450152.86960306985,0.04016035419761509,364520.76174943993,0.022622709794726366,1267311.32137058,0.039656596049571065,90547.68456069,0.02865731353599948,377494.6689386801,0.034825923820111584,397313.76072347,0.03830492005936231,350831.90174545,0.011934566590959766,144477.08720942997,0.001748908631472384,39645.734252530005,0.012268899807622118,629209.4767118902,0.0341780770275164,477410.90023107,0.0014696757663713563,374113.38430527993,-0.010735716507077098,353212.54208811006,0.03253786730981934,642629.4892990601,0.053776130657218445,86136.37403564998,0.07163661984113572,65092.18194803,0.005215846142756923,790771.84638588,0.029664235626243304,275030.13939128,0.02828977515155081,50046.10787124,0.026922503311004403,380425.55060839,0.022433171720137212,132624.13477901,0.0493167945889223,108116.58337563003,0.04828488172854013,145701.95447389,0.012526906829460227,151138.43985621,0.033806133590008454,369069.68371358,0.015620758255845676,68192.55149251,0.06473183090885323,78213.19059225998,0.002492287967073215,327335.35593233,0.0435647847455437,20797.35885529,0.01423594189381605,458153.29055313,0.030164272923621664,140438.67150603002,0.07339962599355514,171617.38148921,0.03512093436389975,73124.29149661,0.03249939420262597,177984.22945348002,0.039586625709582005,112558.88479993,0.0005869877793397198,75937.90604449,0.034718618610542325,335531.33060818,0.03144433972357251,238500.04057510002,-0.0030531995112684307,67391.83340073,0.05820343013815185,49618.947181309995,-0.0077321276431285505,134147.58799627,0.01780722083699458,300194.56223711994,0.07092002902185784,19782.24614821,0.012230538479489333,60450.237696829994,0.019856152376235024,103601.86172998,0.02555734039848086,368697.01924841997,0.024522346371531428,267951.06286967,0.034494580411684114,211613.30399521996,0.030934437641317914,8310.775806740001,0.05181460133023723,405291.60503325006,0.04116545974530522,67384.105968,0.013814785950013482,248391.38548087,0.008254594148619877,13740.127630350002,0.03088246240997899,29641.24817494,0.03737018081847626,198523.35327056004,0.021323614399347247,32350.15947197,0.020043432263544506,6563.24705902,0.024391133586370004,123337.81690574,0.035586844756740656,27395.584299659997,0.011915740551343168,96483.59245367999,-0.000918779010787212,317248.41087269,0.020050146134678468,9657.69975337,0.046513693115131545,25372.20760524,0.019085467810108885,37078.76916799,0.025385103068702584,25190.880107449997,0.018403754139972323,18446.863122609997,0.017694367739003115,131091.94356133,-0.0005342730490480734,45829.74758527001,0.024711877104056982,3488.17888613,0.044764721064657884,237917.96324221,0.0,0.0
2013-02-22,0.04597570422633781,67827.79018254,0.034444793278663545,549103.52759496,0.04817148615000921,977084.2149467501,0.021003018185760877,459856.47467529995,0.03958152740895691,368020.9895167801,0.030836931277486667,1279680.26234413,0.03461655278114942,94391.05266844001,0.03394054485194674,389809.2221925301,0.028512560441338864,406730.9281911,0.04164764672719269,353584.33656835,0.030700426127117538,152356.49511007,0.018826106203759577,41448.07974706,-0.012922009825726463,592660.61877099,0.03692642875413906,489001.79263544,0.008998826712554454,385916.22377231,0.004105652613278488,360938.15364038997,0.02797506086641304,649649.3137536799,0.05473138511913736,89571.14399656998,0.04590355690068636,67874.37110260999,0.023264600921382977,800516.6800687899,0.02601126206282697,289218.64175454,0.04555743568081914,50355.087636120006,0.025243832737680084,382872.84901827003,0.017598223143681185,133045.55342936,0.04481682024494629,114325.17366011,0.026703303204242156,147288.50806418998,0.021198497114067138,146930.95142928,0.03808695596879141,368300.52476937004,0.023281398227029303,70749.76027542999,0.04794595109131306,75649.78715608,0.01012066583935799,331600.59321525006,0.05309650935058237,20859.84318918,0.025636203013616347,464087.65228762006,0.037149532639360376,137902.83623574,0.059659294415494224,174514.63361478996,0.0435108773807692,75856.70546738,0.040669971873992294,182986.05889171004,0.03701390807486894,114123.81284097001,0.02138625444084039,78897.20665683999,0.03227693213632512,342655.54896856,0.043014541673783296,247511.63819245,0.005210604331719047,67058.80761957,0.0626436767912678,52374.36946875,0.007470898196168769,138861.92880482003,0.02311799690322394,322340.33597027,0.07711602966076925,19997.54825007,0.02139967812824443,61643.403381050004,0.02855855030350632,105512.43629130001,0.03331431569620928,379693.5988434101,0.03841418293191086,277157.38364046003,0.0376778088384087,213769.91486604005,0.03714692283001558,8638.86628831,0.054504235020013767,425970.2193488501,0.03720668549198697,72093.00075179,0.00724005587551194,248743.41914067997,0.016866972331728215,14267.086567710001,0.030770928308583526,30912.182320670003,0.04641288603182141,211888.89387412003,0.03556678695286739,34404.35364653,0.03466616865391963,6746.223626999999,0.034031664701259956,127397.53044692,0.04422224433002675,29920.09516836,0.01843035806827726,100586.31243589,0.006794227147193263,318710.78460432,0.020712530967255036,10053.232224300002,0.05127039094515831,25419.74790683,0.03395033037660408,36286.00177045,0.04069961822651388,26493.450110769994,0.022254315701515058,19590.45514427,0.021391047305918637,135058.42422067,0.008926348426940317,46294.15744754,0.012884607111828147,3638.3523153799997,0.048546244310722714,267989.04156937,0.0,0.0
2013-03-29,0.06263857462671207,69391.15751761,0.04850505293640264,568948.54045305,0.0336434368229863,999553.07771511,0.03379979786060703,459667.72494988004,0.03669670850743859,360726.00257849,0.04281768280437104,1300759.8276321301,0.034249400633385205,94723.23721643,0.04164674191878853,400627.2863925499,0.06035406786408274,413415.24401989003,0.06425397291009335,372468.79283173,0.058736620164785154,157978.96202276,0.04120823581898106,42975.37423665,0.01511741435991285,610645.1302249499,0.05061825542070855,509693.69552188006,0.03359026531838846,405450.29781446996,0.03171601795420229,371088.62495048,0.03335149906690276,645376.9780856599,0.06978666067313846,92944.94321406,0.03176398894587695,68751.55904905,0.05146511990252052,834817.86321955,0.05251593440879083,307734.83112011,0.06484244821035585,58561.90039164999,0.039831981013169426,372273.45286897005,0.044235818940082626,141540.11531053,0.04173060215427682,112775.98015884,0.04231966863781766,151515.2096544,0.018615629500676825,144373.37264063,0.037453261444225165,367641.23962303,0.03595288516596976,75435.37760922001,0.015001589470949808,77473.62125059999,0.046792103124499135,356531.33287432,0.05539060354053761,21613.7544608,0.04175215174165595,476949.4163730501,0.043802961477479335,140366.15227557998,0.04290435752130714,170531.71897733,0.056436201042334676,80449.78578139,0.05387704208855645,184917.55925121997,0.03999754064917414,114744.72432132,0.04266873029125371,81934.20847133,0.03870055215533932,350494.76860357996,0.05822919139473614,238533.70995779,0.004591435268999592,70378.83971122,0.05666654663447665,52815.03464345999,0.0325968729269514,146080.37555081004,0.04528492581337079,326629.56362973,0.07183368366951404,19340.21947715,0.025240993375170745,62519.43302044,0.04800286942388983,111374.63055781997,0.04869014449714848,377354.46633296995,0.0895110578138311,308868.07961663,0.060382601626556225,204363.34693714997,0.027618697147695995,8129.18800359,0.050632395793260995,429797.4444101,0.034470537869316205,71116.31817031001,0.042842030128183814,249943.28085033,0.043968874291752565,15093.545436200002,0.066755108974784,32171.205328349995,0.06873750565041664,218420.94117937,0.058405273656520595,36330.90931844,0.043466822949000075,6743.22882054,0.048309231494473186,132508.22761186,0.054711629560711496,30817.24543486,0.028691377822919317,101341.66750999,0.040536712201828216,339211.70250215003,0.04116289277689483,10667.486856250001,0.04430864143924101,25290.83033383,0.06594031990818953,36869.576448069995,0.04161740914757606,27207.719753539997,0.05682931991983684,19695.54331103,0.028973210103040194,131773.99347247,0.04746748577991703,51477.676376890005,0.043354699072975934,4022.9398269,0.04678538910067637,276113.91381915007,0.0,0.0
2013-04-26,0.028609457975111358,69385.03556428001,0.023862596514496015,566774.2345796501,0.019634908935242303,972891.5013558301,0.0068346691547499045,459053.75291156,0.013739903345169389,343815.65771152015,0.019896587516016064,1299656.8315574804,0.007499394467463133,89882.11456173999,0.012899202863448377,372177.64415176,0.028187632166828097,410575.60571203,0.038972466038000954,371123.08863999,0.03145441332073868,161278.30268956,0.02641075869216599,44690.534762890005,-0.017428878639232915,536891.13597243,0.031271778491450804,512958.81953397003,0.02560451998146957,430681.77997303,0.023412882008069198,395168.5679609401,0.011248709719031628,662718.09092287,0.048072286537679934,90278.22815612,0.01215730891299115,66034.57864919,0.034916458086944276,893892.9029700999,0.027751281646142944,310688.09858472,0.04789060610064967,57665.48774962999,0.014634613213102308,377082.46557328,0.02141645256279823,141158.49305712004,0.015543419192430668,107281.16873647,0.021339758599447728,151865.17630341,-0.0038205704887101697,127404.62323937,0.01820568053522165,365631.6385553599,0.01770475812570243,78352.0966642,0.017399425886834078,87018.17575281,0.03165868081107806,365993.12599047,0.027495596132425637,20745.42977019,0.01778452040871516,456038.0555668699,0.030257838404364752,145650.4929722,0.003063679339584476,164820.35912045,0.02911440348251879,80693.00476684001,0.029650969259754904,186425.32969627998,0.023305580686525825,115811.29877771999,0.029850531546956046,88794.1754805,0.023981640128511107,361713.32030431,0.022728849755644164,231959.41180036997,0.0005867759626615814,72882.72257174001,0.018773258808932807,44673.24615672999,0.024152760368789942,154064.30425229,0.0251879174542546,348239.92587036,0.03426605437198554,17954.198877660005,0.012205853040539897,66099.46833628,0.02324717587813268,112303.51273478997,0.021547257386258265,376099.26016013994,0.06384439131736871,359798.13943467004,0.024945432624608056,208308.49864496998,0.034150378711441214,9106.36445508,0.024491807458800915,417118.7606389901,0.017812408569262257,71012.88934619,0.016346838017226268,255005.96478057,0.025633704063321078,15485.79270246,0.032726556476064386,32076.028695859997,0.04681162815524675,235863.51699732,0.026650357933129434,36970.6739808,0.016843874131477622,6564.39207685,0.023488828237083367,132901.146954,0.027980344202843555,30336.806158890002,0.01791275400361546,109731.05746142002,0.02346567775380746,358103.56464814,0.02048762611344646,11127.980795909998,0.02478309866943855,26512.811071589997,0.025335909094027175,38991.31280989,0.015493858654802206,28406.75839256,0.030160612905666424,19470.208717859998,0.014388503146895933,128440.55308796,0.022290945835102178,51030.05859719,0.021027821585209973,3836.5511571600005,0.028201357609960138,274892.07519242,0.0,0.0
2013-05-31,0.02772065396226907,75031.54226282999,0.03328989494499227,607411.1122312801,0.042896935063979034,1078424.98518888,0.01744541992408373,484462.67960702,0.02934789616342156,373667.52036433,0.02998241777264756,1385668.74814902,0.018615295152357422,99687.09845187,0.02363315871975472,399722.53932534996,0.035914946647548546,441302.57130545,0.040594341818153856,382706.60348651,0.039094068998044386,172448.17673495002,0.029007759580946965,45011.92908347,-0.017637250467591906,597288.16799302,0.03964734190787709,546691.81993536,0.01857029671871109,415269.61875632004,0.0206843347473258,377123.52211284,0.026630113318358295,703784.7476222902,0.05408739805521244,98696.76772212001,0.023245022175460622,75220.82053398,0.03904910258683128,894476.1522838501,0.017623622022861298,309080.94022295,0.050071773089371024,62438.745661670015,0.023729593585724046,395933.08375017,0.032550923893818334,156748.33079362003,0.022776089394955148,116489.29807995999,0.03164018129717418,162402.59786625,0.0033896706032390317,134673.02598329,0.03539217388092973,392230.6403272699,0.018775236877801266,80035.07747116,0.056442673109655714,100884.31207091,0.02794029902434247,376541.30970036,0.0289328219161541,21056.6485413,0.02623358692163981,508059.28462908993,0.03363781647744013,148021.54660149,0.017691088671526287,183006.88349870002,0.0352360999009129,83342.90308656999,0.03434788260736369,194578.55997848,0.03465522841169858,124111.71433301,0.023306877313328016,90007.03104149,0.035957132181590745,381867.95076452004,0.03630808617552833,244404.62284907003,0.009980134508769826,75555.67806969999,0.028433509122369124,48719.77636502,0.021430226464297333,146863.7836619,0.020239101149620985,350090.37133564,0.05051325538441393,20536.525419440004,0.01700549429123428,66409.01464118001,0.030737178241950557,118980.02371006999,0.027864196164331712,394083.28601983003,0.0653443959090083,363733.77798362006,0.03129698500302521,217108.27040209004,0.11311207057183312,19520.49697823,0.044117563414695235,461951.38657061005,0.03015436849918967,76491.84393045999,0.010094083006386286,262261.13570586,0.014881517246007551,15461.82595453,0.031087580419056626,33540.500474140004,0.05226877707132027,245841.32118633,0.04018823561773359,41153.746134119996,0.02871463809347687,7042.04124069,0.0316451002860222,139906.10293656,0.027950663011790083,31120.706583580002,0.02013680381982171,110102.79584564,0.01627054933660363,356686.10175274,0.025123921819726634,11690.21443018,0.03660968832318073,28801.96949888,0.047900414192569726,40511.280141799994,0.026148367898907846,29064.829479739998,0.029329091634436984,22040.936278510002,0.018821735826873184,135085.35373406997,0.0036017852446565196,46435.124428539995,0.020455621672775717,4120.3029712200005,0.03463562615487383,353351.81086801004,0.0,0.0
2013-06-28,0.0006455985397909266,69288.90764071999,0.01895087896207986,594513.32835906,0.03819357223274765,1037308.7706800997,0.0027890877604434955,471085.17998228,0.013604787031235582,352833.76410831,0.009615011067688169,1315070.6086777702,0.0095290857287851,95176.76966251999,0.0018030007591015307,377590.43378054997,0.012743686268458908,423935.19664190995,0.02259504729227049,379260.86972083,0.010346073919163123,160704.85669523999,0.008277184280540398,42612.893516070006,-0.0352347704395513,554738.56563608,0.02369442788955726,543733.3255130202,0.0073682832574065785,393210.2359920501,0.0034042860395931502,357908.2172694701,0.01252191256730598,672785.2480499999,0.019154665923795253,87498.23250777999,0.024048529070065182,72834.58900033,0.01569480266775609,859254.69243887,-0.001229175092884424,301514.53617332,0.027652499727489004,59917.290712919996,0.011068094357686626,382860.67861828004,0.01793092570174728,152710.69243991002,0.0085610626753687,109419.08161879997,0.01877167392296867,156466.06569056996,-0.010558694313106827,124403.21126496002,0.018899116466961484,373191.45402911,0.00014464360440056501,72987.23564668,0.06648254881628184,98231.50553213,0.0037542180161168064,362769.41325425,0.0093998153400835,19586.4914,0.013507680046140237,497169.5958044999,0.012347494383026842,131828.48836672,0.01569875604558966,185156.55416865,0.015910394626079908,79690.64293733999,0.01216920617069643,188279.31893733997,0.020794413488301366,121083.43653780998,0.0006230622709463805,76505.59834507,0.02680529466177114,384102.05375417,0.009332925108065087,235573.02743564002,0.008520547729648121,70046.08836975001,0.009429053107179496,45764.35658856,0.00539124484628825,141149.06317281,0.0005201324896715696,325596.98169900995,0.017929519213917375,18001.68471858,0.008055077797203825,60797.01224121999,0.01088534311528521,114772.72583488,0.00775962103902349,383714.80496309994,0.02683634647718085,330718.84654781,0.006778430526285343,211784.82478093,0.12383164377234693,20911.047373,0.02768247214870246,448324.59642786,0.013883921324656476,71513.12033168,-0.017268646813002,244775.45726059002,-0.0007929587625956553,14697.19995882,0.005684770300934323,32328.982816519998,0.02663324337079082,233534.47596236,0.01866269376927518,39261.08956457,0.021079776945946597,6946.84437134,0.015287508974468856,135956.33674071004,0.01528415133236433,29578.59128924,0.002077972864918778,96549.39503778,-0.0034795295393825676,338692.21695199,0.00791824179119629,10774.82245227,0.012964126247082158,24418.85199336,0.015188040809377946,39290.50118048,0.006965556707822253,26160.2641492,0.009879532869470586,21456.500548620003,0.0031633147963517684,131661.99137648,-0.03805512294757978,41102.38793345999,-0.013770557378863707,3955.0772734,0.027645010715897804,353366.84324266005,0.0,0.0
2013-07-26,0.02421552645404312,75795.65834848997,0.031685476025643006,646547.78806114,0.05421350504380622,1175092.32284862,0.013573963559755554,491922.35683494003,0.021672317423730828,376800.43942769995,0.029049051265041103,1401334.99390431,0.035319682744406077,104104.18644612002,0.03748119059593061,390019.41497203003,0.020151920043140117,473224.52986798994,0.03693245231425288,387098.31150348,0.013548766447642191,175752.71983169,0.02498494215852176,45689.624687350006,0.021330735311083548,577569.24852033,0.03985549797826945,580224.4892591799,0.012338282210264893,404801.93668612,0.004288010447402925,383714.6053529201,0.015295547282937081,705426.94942509,0.010338954004263321,92715.60911838,0.04610793841692422,82694.7023586,0.027189090776604807,922081.4218474699,0.024034219928777918,298271.56580132,0.06644388596536227,66927.39133439999,0.028810471973587895,408243.36538125,0.032331934365028334,161911.64591094,0.02937273190571486,123607.95925424002,0.010840173483144483,169634.99856920002,0.01968104882909922,135023.14501354,0.019226320831680035,395263.7153449999,0.003798526160328618,81197.16880531001,0.06534456530456594,128339.39746772,0.020329706678424087,389703.65624864,0.03179735127996264,21577.22835041,0.04146318371954023,537261.3934705302,-0.003673021724440476,143748.12779892,0.04198432735026672,197639.76133622,0.044918117291429686,87690.93183407001,0.02236784139588183,199915.01581096998,0.03618932865479022,131582.40518186,-0.012899781666486868,84043.78244782,0.03913064057104297,403082.75345275,0.025965568141387396,261042.82217912,0.001134081257643642,75542.60698873,0.040319776025933535,49737.93046664,0.013685357500948394,153161.37940935002,0.01574230275499351,343326.43384507,0.03248391265823176,19948.5853318,0.008753180848571317,67606.33056038,0.032461546176457134,122869.50041911002,0.035724140360142174,402652.5870408599,0.0582855137502785,388139.51938578003,0.0205471039673644,229995.93592457005,0.11614078153816426,10951.68744533,0.0469859734028185,489837.06302188017,0.02590704253091551,76648.49379088,-0.010892345184080351,255334.22167154,0.026791747889866595,16224.16382439,0.01951680124446631,33214.00027332,0.03767887565770458,251686.89280245002,0.050747358555636876,43620.117368160005,0.037309239801088766,7655.853386990001,0.03646466742868354,146592.56174665,0.04315507191186096,32429.5874095,-0.009585685275350876,105758.88598531,0.006530835002914584,356533.71114617004,0.028811708476959994,12322.47613946,0.013315565993445347,27748.70416563,0.021391249640270935,42883.22976986,0.026332376129066172,29726.681059630002,0.014379188324826049,22547.82734518,0.005123616951944646,139681.50997831003,-0.03815691909934612,40466.84827808,0.065086017327959,4871.77543074,0.0552958153834355,392623.52902837,0.0,0.0
2013-08-30,-0.008532823162595455,74127.54785834,0.015095565689485557,629059.68295601,0.020832490093616166,1122044.4099963,-0.006654802520176203,490067.98260175996,0.0002618685490718426,379433.60187353997,0.005671143582262138,1348562.0475343002,0.0010619860118384194,103614.97660036001,0.0017603983921649206,387379.61004141,0.0023898582505264576,462536.7754239801,0.02417782603919618,375804.3519820199,-0.00166707556969313,170865.51513010002,0.0064002013004260125,44153.16106774,-0.004249848403640663,642157.2195922199,0.012301606625242123,560062.86368234,0.00504258047501094,383170.95876953995,0.003279459922349212,358770.3812161799,0.004248489586435226,732502.77813101,0.0024079946021534817,88740.43777958,0.019349447267634982,84581.57382513,0.016119464964572956,883148.7168182199,0.008046150649482504,292391.33451406995,0.023947182296727036,61381.32176918001,0.01164429215723041,414210.20514444,0.014403134613622559,158258.31358522997,-0.008171379335997792,123021.79434031999,0.0008077148887717291,169659.07310723,-0.00020516338812582435,140015.57443042,0.0037313673476019912,398136.30274452,-0.019233727153180738,74600.01757142998,0.037939781916223804,128520.17553493001,0.005645796610140935,367781.91565231,0.005782479323464559,20050.98839506,0.01511081251621278,530257.19288375,-0.009087820195346605,134771.61589145,-0.012061196545590043,185823.14086656002,0.021386722764492234,88390.75189074999,0.0033573352218815478,196550.49098233003,0.010459359138824417,131795.80623180003,-0.02448992905957307,73900.82292215,0.022442525224167998,397227.6465808999,-0.0023960425772593576,259060.77192749997,-0.021782547974518958,67253.64501910999,-0.0009001576568491101,48325.3605063,0.00836139684036496,145955.09984927,-0.0031471618918412197,332163.85222721,-0.01050536466916926,18651.99197579,-0.006749915468191993,63307.47129470001,0.011194518158106312,121744.38342559,0.0034907187681740533,395905.17087068,0.029290231387095637,387753.04125689,-0.009478544138608826,233986.99390906002,0.06826893181855144,10545.8577615,0.010846763938109055,476421.00190947,-0.004365132746934638,75072.45340901999,-0.030744930270675815,237686.06728575,0.0006669069394009499,15540.70501898,0.003355259561372795,33969.00288215,0.01768146596328149,252818.53277954998,0.018853948688261606,43452.73691324,0.012637840808668456,7675.382969,0.008775173222222446,143791.46558953,0.021746255962379404,31179.408128749998,-0.028308399978240903,94359.53341552,-0.006215689968717455,334670.12974914996,0.0023642042143648817,11998.89405234,-0.020345890605435756,24978.13302241,0.007812547681913092,42789.02303119001,-0.005790104870997736,28037.3096922,0.010011070741671292,23422.34139208,-0.002655739563852449,140015.08863805002,-0.03498153235523604,39687.41111075,0.03125812231134584,4944.244124520001,0.02136400604284239,392893.27204994997,0.0,0.0
2013-09-27,0.022894074127877997,77552.17509609,0.03414913517985874,646230.8827642901,0.027952198195156326,1108878.0745359398,0.02559478014761706,512811.809267,0.023087065584105986,393111.24088044,0.020467395968807263,1387578.8314136602,0.03197648135907838,108412.96540145001,0.020757792518356896,404270.311156,0.02370002402773298,470884.2570612299,0.03942344601222426,392791.65133353,0.02928695931346191,174803.15621244,0.02065253315516629,44643.999303209996,0.0072661649635002755,629629.2684182399,0.030833184340757824,590062.1746083599,0.0033600472643582997,388809.29494809,0.008529496476041152,364063.30417808,0.024843469365556616,744112.22672264,0.025407102993797965,94561.53307484002,0.044854312319751295,87433.79587169999,0.028333908006309187,905483.16037672,0.017918040314972853,324685.8443909,0.06946300602447815,67964.45797498,0.02923108416003889,428077.07682643,0.03806570263152057,165360.25113818998,0.025303351538975564,129399.67529702,0.031565790416188615,177005.18903719002,0.012533284381153944,142971.88968483,0.02671906868561492,411165.13638079,0.005671209055702404,77082.36389177998,0.0601366393122966,136124.06095563,0.0276481317355485,390303.1760703299,0.030028808418612683,21441.09888423,0.032764452756372284,551263.2161157301,0.009425389899711915,139906.46666116,0.01287777469953129,192099.71219295,0.026263213115962088,87896.71295876,0.026656759374148527,213401.06773567,0.03177044756963358,137516.15511702,-0.006927887142493942,75704.31183609,0.03462510641946089,402981.97209953,0.030753232273993528,274028.26494500996,0.002921669818707618,69152.91728092999,0.02649948859502083,50668.05515187,0.019419594759224352,151974.97786388,0.004872757901194318,337327.59615838,0.007228659366077024,19657.340184549998,0.010881860662898951,65373.070231570004,0.03444902251973242,126177.12684463,0.019589092219794945,404230.56184494,0.060221636683436185,410893.02240634995,0.029226958517431272,249445.35200137,0.0796562641034931,11155.341234720001,0.03456719815696026,487753.44580446003,0.025395364291262285,78908.37629263,-0.007645607552560087,249903.87215684,0.011376104755718063,15235.50462141,0.026552823752137772,35779.20530661,0.04299127376275108,262786.45818497,0.03614557548915973,43104.135815409994,0.034368480972589405,7813.25524292,0.033092125832475276,150814.20041005,0.04204050639282475,32607.819587160004,-0.004355248221830328,99065.83967731,0.005454218823548462,341071.53205007996,0.03493796948910312,12662.539645919998,0.0118303831745394,26233.764863750002,0.04607045071466457,45418.13942821,0.02216863904920652,29360.337969450004,0.03323966416446805,24386.83698612,0.025820489443455993,145584.18788679,-0.0212935983400755,41401.907430789994,0.04995222343103544,4826.40333771,0.03805195284391747,422497.80995012005,0.0,0.0
2013-10-25,0.015379596270499351,63344.24942197,0.023993507137521797,670463.2812240301,0.014785163938641911,1147896.81745168,0.01784291084908233,523707.12841678003,0.02007217102763683,399038.45379869,0.01373863124345513,1423499.4198140004,0.0195509076708391,111544.2193068,0.00602697713344983,386421.66728173994,0.02294547887212498,478193.75456369994,0.03351958848550445,413731.11634257005,0.022547397457273174,174315.71248079996,0.01596799844010685,45824.16786897,0.004016430792400043,657445.6290986101,0.020499002664862924,603674.6906047299,0.005760573693966806,375756.01568765,0.009835885862259922,370782.12342250993,0.02821344448741667,771666.8259888698,0.025013669659617793,93880.53146734,0.036364733340409267,90558.04422904,0.02404565898951745,927347.3527641098,0.014990753112997243,327301.99581865,0.050570435195314914,73866.64653012,0.02806069952678478,447785.55616318993,0.02703916978456765,171463.90324189997,0.015930337581802692,133623.36477828,0.03137267630243707,184270.07631017003,0.007837062705148072,150354.19803174998,0.02755320765000835,427751.00071849994,0.002495644290342563,85956.93551651,0.04869814224971818,138431.01902100001,0.02048184215897258,396000.26889243,0.013729584444445057,20828.23036116,0.024403470385598845,572733.6557084699,0.013827521718119528,147244.74885693,-0.00493450387770282,186102.69032038,0.01636547661839268,89678.79589944,0.02330254070057598,218562.77913297,0.027459640636595686,140705.04484165,-0.003058240554209352,80566.59761774,0.02909377458219957,409168.4840578,0.023664456622130625,280386.74699225,-0.005078550496993013,70366.48316492999,0.013530223015829141,53448.32996097,0.016734262378866046,153923.01352511,0.004313588163570265,338193.2685249999,0.0016000952755316192,19880.609664639996,0.011392955617900142,67196.3603635,0.025991253828395445,129321.29048408,0.015507859747227896,417845.2850351699,0.04740508158644267,424307.69928848,0.018557970978081803,252275.38737632998,0.05718310774136126,11018.16020666,0.021829647964792313,506988.66929208,0.015835381185231447,79960.12560393999,-0.006934032463368913,247597.51269215002,-0.0002113647652669349,15812.74000141,0.0225647660064627,36905.192357210006,0.042306502719994754,272027.1934242,0.029090875137641675,43749.117901120015,0.023700376180959538,8261.94883962,0.02158017143884184,151362.87555723,0.019947398649902148,39505.906255810005,-0.002415624771113513,103105.67365063001,0.004741527087043026,353480.65668372,0.036939073130711014,13712.08873299,0.008774941662575529,27575.364081239997,0.04196127726267629,45743.63617122999,0.018536399162325433,30533.50533515,0.02890954519947859,24115.02634403,0.026929294938360313,151557.98978665003,-0.008297848996704557,41333.90669893,0.026811416941904392,5088.24199649,0.04110669780989909,468244.51783430006,0.0,0.0
2013-11-29,0.053012044871689486,67084.75726424999,0.043721880096384495,691897.3422681398,0.038075366619979054,1206010.08669667,0.036368856310437896,525890.48660555,0.036089258904713595,405786.30004062003,0.030586242598550167,1455370.75440706,0.046041336274040674,116047.33891647,0.030689186617366533,390578.74838118994,0.040886738284838034,497152.54553293,0.05159995527457648,421151.57910193,0.04170574677666678,183857.80603082,0.029735745243771955,45790.088762800005,0.024244641757366726,660999.3105447202,0.04278913471361043,604853.40715121,0.011699687214955243,374347.82984849,0.014109540761975098,367786.63795455004,0.030982463244609175,801372.6412452799,0.04245359624625877,100009.46343447999,0.05799524769364409,95452.64442938,0.04109154845138165,985050.6209965,0.03382942181551639,334731.52054329007,0.10440976477995678,83352.60116981,0.0450209629822093,467418.03683885006,0.047266921244173726,175737.38201514,0.045722606202708016,137729.36595138,0.04785932738813048,193700.82010313997,0.02927364395349628,149002.18069856003,0.03516879981064424,428832.7104017199,0.017252607574053988,82202.28793025,0.05695904489211709,131000.68173901999,0.041900111024273004,406136.70801617997,0.0465566288281081,20583.89473152,0.0482675817749206,608230.3976471301,0.01717950195260666,143884.09416595002,0.024215693001784912,174721.10283391998,0.03582942841497951,91907.81714503998,0.040349675485780015,223044.16463665004,0.04683223677802182,147492.49776323,0.0009959675856260515,74296.52907692999,0.04728224326384853,441092.16240789,0.042662528774002104,271538.16052743996,0.005646368778143354,66170.08532485,0.04537049375124196,53004.30151794,0.02348318542433358,155573.20081049003,0.024247841273998035,362141.3538489799,0.034755367028888914,21065.578302479997,0.017070527073423217,64917.83315982,0.047235817673122946,133733.78540194998,0.04141354245930363,429098.74436142,0.08107596598465816,451726.89897194,0.05898293374312498,273151.28283312,0.06335678118524697,10581.87128818,0.05030936777271923,547403.9376474499,0.037046439492119866,80935.92703715999,0.012494616044337404,248947.89801874998,0.027584305447909883,15774.50086006,0.048378036574608936,38555.12484512001,0.05380447803176426,267061.13473196,0.04973560731084127,44638.24593483,0.04512283089725694,8215.18589849,0.04683519567156932,159702.74581820003,0.04637717647437664,39928.78313649,0.009341635929301643,99543.62451802,0.021472379184241976,366380.44317536,0.06293011466289722,14706.321345979999,0.02652495288502592,26447.15645218,0.0640274141965491,49623.26809221001,0.03480004675116947,30733.58669419,0.04246521532402332,24497.0650301,0.04039792813347415,159928.87665762,-0.008978549929269377,38438.440656349994,0.059930671505786154,4941.02216176,0.05766701899153228,473595.02842965,0.0,0.0
2013-12-27,0.04660071000290068,68589.79767355001,0.03486121059020615,697686.13816281,0.031340327976112706,1218705.59221903,0.030705055039681548,545240.66273916,0.034665393608125185,425114.5580393099,0.02580465891217721,1461683.8931359001,0.03648927673870393,119690.29246905,0.02171437333142667,403826.24721838994,0.03499313797609212,494607.96442985005,0.039151057324004986,437485.9287616701,0.03646703857905236,188666.93632104,0.022813878283421865,46202.801401289995,0.021155728800488258,713451.6080867801,0.03568961334274803,628732.7191440901,0.007110834062004736,368618.8307797,0.007191939404614306,364505.0771284301,0.030767183972341218,813531.3254558902,0.0336588319328413,106023.37809832,0.04602881203957476,97468.82419146001,0.03054877373747578,975684.1505915999,0.026375938308106417,341669.33357843006,0.06118920546249084,80202.2226581,0.03549265464281674,475104.81948117,0.03772822816095554,182475.52747634,0.038169434330937044,142793.58137437,0.03753566297199505,194303.88956244002,0.020779919670665368,153371.58187031,0.0321004317499297,439813.31962227,0.00936071695690736,84186.23396715,0.04804308344974826,129167.72350777,0.024827393964941033,397810.34979177004,0.026479830773951333,22103.46034066,0.03873090908532307,624755.8977722999,0.010851094439474351,145941.73996459,0.02238866139037584,179093.13807002,0.03035368939003243,94992.46840748,0.02981374696690864,225656.72270112002,0.04235020905124896,154735.24359573005,-0.004036687104564706,71286.45436890001,0.037715848756197094,442481.4954652901,0.033715753526913056,271260.64888118004,-0.0007103870111934365,66459.78935839001,0.03405701450568203,54765.67205413,0.014696573244124865,151939.00799442,0.019390853018936612,348616.33834176,0.02615942176174293,21885.801424680005,0.01142517020593694,65526.56863903,0.03466671771012142,135459.78079662,0.03169604282181641,432648.17934305995,0.05779347647030747,539949.0399263,0.04074754852041671,289699.04469406995,0.07126854963514082,11695.189873950001,0.04424993394066813,561259.04213644,0.034023504509637606,82856.79823871002,0.013622642769752792,248096.74958309007,0.014916611973253394,15712.47772266,0.03858717562272288,39227.44594282,0.05130768585963431,278657.72752556,0.04476944077030989,45409.394958430006,0.038939585827180545,8484.62398718,0.03759646020319056,164367.49548347,0.033389082875678,43091.631064550005,0.005435280048456235,100389.79651916001,0.015859209199495836,360774.9427709,0.057761044787697294,14580.407822289999,0.014109551714492281,25589.176306380006,0.05655010214483554,50976.57236967,0.02528160727381019,31675.97990862,0.033237078327378745,24911.69485295,0.03531498027190715,162795.13941623003,-0.012541577098379561,38074.01072461,0.0407624077969546,4907.99500087,0.05762544986064859,516766.28559641,0.0,0.0
2014-01-31,0.009668127861995156,67440.56957167998,0.006646881015632909,654666.3246774,0.005538144359567426,1196957.51257631,0.013095494643258813,544780.69465408,0.0034755692973231643,405623.35229936,-0.004137209105107414,1402610.8759540399,0.009941189198758728,114533.13267265998,-0.003609317533001668,394321.33093507,0.0031350603914921094,462567.07631373004,0.02039629218752846,430923.02229848003,0.01232799009423714,186024.97423343,0.008180946554365772,46610.65849319,-0.00010114608186700087,671737.2926045901,0.006262810970228561,588358.9241522899,0.0006391072692431364,356425.58118434006,0.004424935716675345,360663.85602167994,0.016420013637471313,807125.09590787,0.007017683373155178,102030.17051988,0.019534633237629925,92949.71368316,0.017498082171605395,970402.9679089899,0.007889668437735937,329973.47030617995,0.03782124671634858,81517.39820692,0.014244792847951502,462198.9381428701,0.013305237041805513,173622.85999954,0.005379603726267036,137878.91165345,0.015910469088384272,180692.48044212,-0.015259196330076146,143270.95900920997,0.004111781214702051,425483.56315566,-0.006100051525090016,82434.5970015,0.01577179300172747,130663.55609064,0.004117066630873088,378774.72275962,-7.791204896013312e-05,20376.91964866,0.013263475522771788,602849.2221079501,-0.0021075718559138363,145750.45226923,-0.002090636516095545,184427.31025932002,0.008311008194227691,90601.58213473,0.0030446475589720997,215503.24430059997,0.02676960380535705,158465.88248833996,-0.0036814806417794768,75934.21490809001,0.01711195070270395,438083.18832499,-0.0017925360953106127,261642.48878064996,-0.007991784879579045,68027.42787577,-0.0009309398033225233,53794.840392679995,0.012078321507545356,154348.58022079,-0.0007760031739802311,337333.06327238,-0.0021846564044873213,22904.04309697,0.0019651929905260355,66440.34394115,0.00895942570587769,130333.60336087001,0.005925821356514543,429875.23180305,0.044575926853119625,561208.95645893,-0.002260820407911767,278141.51361761,0.04375858318016637,13835.18126609,0.004754118566376529,528189.73651001,0.001607663958286718,80160.83070253998,-0.012634266416626154,238110.71143539003,0.003464984900508063,15566.74058277,0.00039336086600217095,36740.35223576001,0.022406099478466193,273191.03881911,0.01376350603598699,44116.39835576001,0.016551334500262666,8343.85054409,0.009988341231938605,156921.38544510002,0.01475771062534329,42019.43356546001,-0.008507080409003432,101346.41185573999,0.003917155951445243,359065.17464482994,0.03403020307721283,14184.909199619999,-0.011266804787583575,25408.082595660002,0.0015993677931277128,43662.66494532,-0.0050463892561034875,30692.410617519996,0.00809182363181657,22787.349598150002,0.003043733050861435,150917.75353607998,-0.009201135779687281,39148.75842022,0.013406673613293802,4969.608409989999,0.041590303536967514,532881.92823546,0.0,0.0
2014-02-28,0.022890499376434836,69720.97394338,0.00897599402539871,670153.25283432,0.008376603999495606,1219707.08399551,0.01689159764904008,572105.6625314199,0.018369881053646876,428574.60872414004,0.004327235034464535,1444614.64835759,0.01923102027504138,119701.92144764,-0.00043213105089016577,401522.1206218701,0.018813415927095924,472619.14487691,0.018526346185736474,438872.97664562985,0.015487444934692354,193347.77667338002,0.00869990156733838,48468.861418910004,0.014029755814649792,656968.3582332999,0.01044177023072608,602930.75869664,-0.0011931859041863183,408017.00093539,0.007333794619057469,380041.81446364,0.028132629892779204,857950.8398020099,0.021350066711252235,108249.06096569999,0.03179713787326533,100735.91536546001,0.027242830619243055,1071516.61576631,0.01410968631990688,344534.76297796,0.03121623588531696,87113.10032965,0.025604489816610388,492754.32444599003,0.02433426467639528,183961.43281129998,0.0071607170583296775,141981.94630892,0.026627400228690756,194018.30013686,-0.003712349083075577,146951.49801822,0.02623518336979956,447471.43853431003,0.004578062924745324,97725.42028163,0.043244242232316904,138376.52984995997,0.012582379280206876,389377.81382596993,0.001124326817108329,21759.77395747,0.016432998347308072,613764.30010568,0.010651949454654978,152826.58792124,-0.005253896232776348,182557.87586982,0.012517398313044213,95830.57221605998,0.003929208024680336,215881.93834395002,0.03491596814868531,174295.31178323997,-0.002217012868781093,76958.92327256,0.02329724021899919,455231.01844015,0.008614338478897497,282505.85809055995,-0.0015027913217351798,74202.65486637999,0.0022520199203949756,55565.24052195,0.012075105402037784,164924.99928552,-0.0006703120907491127,336585.46912901,0.025018876707544175,25988.34157722,0.010324746661615486,70400.0771565,0.0075344533209932615,129287.7538668,0.011382536155809942,450160.46887641004,0.04958332990104613,606371.63321385,0.005155674025963405,269517.79186944995,0.03271684557362248,13521.048312709998,0.006725213487751106,543352.9225671301,0.011275714687584596,84408.36797181,-0.004625901781543238,230668.01523896,-0.00042915572664482685,16226.445295149999,0.0039215987065600744,34422.712779639995,0.03627709454885289,297461.14545355993,0.026735279224586413,47220.64917291001,0.010957565078960656,8665.33542299,0.011239310046659384,161648.58155036002,0.015191237480163697,45737.952870069996,0.006778930626754351,107940.82955567999,0.005012637125573665,352810.23253763997,0.04474592963764462,15405.714385199999,0.004062790212174092,28070.024628940002,0.00933638880022294,43746.401856929995,0.007859578641027178,32160.6975035,0.012711190079268912,24504.02337764,0.0007392097816760856,151269.36576707,-0.0013296190043714036,39693.30270027,0.013846189451793662,5375.079136179999,0.04639855809238533,590510.81530854,0.0,0.0
2014-03-28,-0.008738847579274185,66626.13097536999,0.004015814514999042,679788.0964511702,0.016324152212761945,1284283.48901434,0.016031031476455886,589641.0298726,0.004039640296318857,421732.2694223,0.0019096879852630354,1440894.95622289,0.01226686171804253,121610.4954198,-0.012968180961626354,398337.13899459987,0.009099013014382585,478231.88376048,-0.002632873862864367,427689.17044936004,0.014026524381023973,201017.30441548003,-0.002099942630676095,48331.18909985,0.011783892847474687,675090.36282612,0.0010584961458872833,621230.73030188,0.005577981122859977,422098.26940887,0.0076311658494998035,386605.84991736,0.019802633625516566,858991.93783835,-0.0052709891240261195,105252.49522939,0.01602119383501642,98487.43773518,0.01751112504900668,1042580.57433505,0.010128979845701547,348939.96195617004,0.0174071792170369,88416.41804821999,0.009498200197056562,484862.65814166,0.012787343229194052,186601.76451054,-0.006507031418469684,141487.87054024,0.015233718375898863,193274.80164304998,-0.020747982593326705,146785.66806961002,0.013319449813046003,462678.51238348,-0.007455161893056867,97219.94019852998,0.02421980443622778,138433.35793988,-0.0011085611407613257,396856.16629584,-0.02955784680530779,20850.47869581,0.005082835239299617,605916.83797692,-0.003607879331127442,150633.92814134,-0.00515247733964142,179145.42184385002,-0.0070086764826297,93470.34668686,-0.007269194752669394,218601.59082469,0.008625191771791784,167072.89096589,-0.01193654483972515,76118.96886048,0.025208784101429984,463505.42197898997,0.0061307694673454335,290032.68196602,-0.004501603682786494,74804.84305408,-0.007989398317910023,57233.40119397001,0.006933436696211315,164066.44399694,0.0023731763870059085,341822.37238583004,0.012390567025793539,26221.29224284,0.003998649987062689,71589.65450828,-0.00932602236178245,128515.59055487998,0.005541966010980978,443299.28532178,0.0047417890862918935,549006.7574165198,-0.013438851069478933,274101.47555361,0.030969936224731504,13977.09181419,0.0017694256378711476,557754.5503929901,-7.554760402779634e-05,85986.84261117999,-0.003674204019547748,237636.05228346004,-0.003685530143286282,16675.942983519995,-0.00013920428331835454,36390.52048435,0.01145690290541905,290798.45047730993,0.008659283514958547,45895.36713993,-0.004703084862571812,8705.52422881,-0.002723433739009188,159474.93176034003,-0.003686754379388214,45600.784778709996,0.0019044510388835758,106954.87177182,0.008145332078088504,363257.99584338,0.056927497868216805,15917.364433470002,-0.008449434582583838,27846.674657930005,-0.009515886644710285,42102.48521077,-0.0016136330871916514,32969.1663545,-0.006298188958462697,22916.66420785,-0.004923679468979412,149037.86171705,-0.015689961784644525,39493.501953080005,-0.00934335878887486,5317.47829417,0.005473531937311841,552429.0728592101,0.0,0.0
2014-04-25,0.00924574941476812,66104.60154231,0.010500730331632561,672302.19071886,0.009541863007693621,1222548.6397857,0.023070017092876635,600204.65150886,0.02826362013325737,429034.88914756995,0.03519640791103002,1537057.71020038,0.03304950001217673,121724.98918985999,0.0002459730435385404,388871.9766288599,0.00696683262863009,459465.97511084995,-0.0018915608188529165,432524.2460848201,0.024221223364785955,204051.11681112,0.01490233771329343,49943.179377470005,0.056873394283788535,651835.4578541999,0.011335878030457344,613604.2555437101,-0.005155521723584791,437182.41011693,0.019329567948741074,402642.5915295299,0.010004246421593487,838035.9319605998,0.001851466559211701,106761.43697102998,0.0253159550791039,101246.4002589,0.019416102664910853,1057373.81890468,0.020056969999924467,357089.30070596,0.022717372520474375,90431.48523410001,0.0095401032202003,475878.57819849,0.014341185559224064,180217.41973288998,0.014166244490412186,143760.72066954,0.0041725186090438605,188583.70470536998,0.024998715786679067,149896.23191896998,0.02881806053337734,464097.34363713005,0.0022443346250036766,99046.70894285999,0.015563894962931112,148037.92426437,0.0110376421597523,394082.19133368,-0.016918818359301372,20240.202490069998,0.018693960883781953,623768.7330790799,0.0015941948354488821,153085.28628563,0.006881870135714823,185167.85323122,0.012344446962578918,94915.23822767999,-0.00045306665571864574,201236.29911914,0.0011319138623472119,166074.44465678997,0.0016340867057627764,82134.29107848,0.013828532528911395,448085.8276146,0.04387912171930923,306351.02545649,0.00582308074596653,80445.44571685001,0.01949628935946538,56921.89644424001,0.016656096212352547,169720.02204344998,0.014569437797304076,350876.21681928,0.03248904232922818,25396.573379529997,0.013244020997591237,73761.63347512999,-0.0036308305655777576,127454.30938448002,0.009560251961905575,444558.02791551006,-0.01773680634193858,526262.4147645101,-0.01794366667117704,263205.57129130996,-0.0018852481303699173,12171.6804117,0.008436114297756883,534834.80546239,0.023658374715560267,89986.90695759999,0.01966101952428822,247068.70639075994,0.007213767869076977,16683.19698508,0.00616256858086958,35609.48558811,0.008391620850916291,284440.65582547005,0.014958539658728249,44916.377745800004,0.0032071649658655978,8728.403609070001,0.01566651201338083,164096.45184311998,-0.005617234047194754,44556.33581787,0.014724059393801968,112457.2788439,0.016721575858463084,376052.01921133,0.050475602587520735,15599.93159927,0.004021305398877266,28745.73210086,0.009734342558692469,44232.24614022,0.026870343013213283,34131.30610872,0.002816223719373188,23957.142171749998,0.007925011687020221,151903.48749607,0.009051735874070228,39989.01391877,-0.04014339701156229,4782.114377180001,-0.01756371323141224,520983.54115441,0.0,0.0
2014-05-30,-0.02078234241449983,65684.32815274001,0.007014215779370816,686356.67470516,0.002760027560644037,1203349.52341735,0.017970975458681076,597483.47145882,0.006274618226451933,428255.94844232,0.03011562493656523,1546480.32788327,0.015302521956896608,121140.63869855,-0.013354290475602968,381661.41981109,-0.009774222156592259,459475.82835575996,-0.0015469136564450119,444848.43143307,0.027315946909518697,209536.54348235,0.016634442967035465,50770.917630230004,0.05851986922731609,726090.07100679,0.008331420491317701,633177.91882712,0.022586688117961645,443657.31724854995,0.026718570683901204,397627.03350438003,-0.00018268134041654532,847686.8894819999,-0.016414622195258334,108625.43381075001,0.010162145117190387,102196.4496782,0.011004221117580685,1061887.42626278,0.02786038867010164,368279.1551258201,0.029388988440212722,95924.48364733,0.00025643524484755885,481549.61159043,0.0041702183970140074,177801.47354729997,-0.005389501740067653,140562.25933498,-0.00639192863024064,189988.46345931,0.002601252694344143,146218.75375441002,0.016783177913407277,469651.77704183,0.0033444857626815216,103099.88266543,-0.003867819986335212,148352.05004672997,0.002092286408517273,389051.39680643,-0.024692222113799265,20384.35509305,0.011402672170218271,627808.95072155,0.009479530728955961,159652.38862028,0.013862836999049112,190080.77141537,0.008112538055512172,95999.92903952001,0.00541222971470105,205620.24175291,-0.008798468897528616,171853.89228730003,0.016944328658374686,85048.64412657998,0.021466449064627212,477568.45667667,0.03414442900007927,309048.88456991,0.016039626392157162,83239.13969991,-0.00685771946682209,54226.230631490005,0.012759923601432046,166547.62759474997,0.014295135877735383,347582.70480211003,-0.0076609482297991015,24615.30865871,0.02295140210125663,76022.03441286,-0.0024611813947306702,130698.74018802999,0.008197654620856538,448837.13929033,-0.018186205350335154,556442.7939598,-0.03246362889263583,251334.63925374002,0.02473143664583992,13524.18928485,-0.004514185973658924,533452.60029283,0.009905041139022025,89742.92005240999,0.03279743904461402,258637.29214027995,0.013232927808131895,16703.899660439998,-0.0006712756871864768,35344.09470296001,0.007912967921820158,303343.78392462997,0.001278998505546575,45808.48757050999,0.004930646744267611,8895.524422190001,0.007011122943053326,164812.92452936003,0.0006698348740661337,47907.47130812,0.019779925577355188,115362.52683479,0.023545824494705575,377592.43971581,0.0249992240028421,15670.823565170002,-9.239345164027327e-05,28676.416442640006,0.0167373515722564,46572.43461816,0.027977859414080777,35296.406112829995,-0.0075022115029976235,23829.880600290002,0.020695874701043216,158218.00675376,0.01162661471294815,43602.29899195,-0.04855981027282904,4615.818667560001,-0.019700505813660906,551760.53595406,0.0,0.0
2014-06-27,0.021175223691534236,68292.48096221001,0.01431759715017034,707938.18750843,-0.0060113633877113565,1266770.9070852397,0.025401035750704036,641504.58861111,0.030716125245035964,443696.58930439,0.035934214414359185,1664748.10249245,0.031189084044009815,126712.94398823999,0.000788183420596658,386209.71175965003,0.009728871632241998,467182.23006731,0.022287436707589068,463491.36139102996,0.021306121479282805,216486.56245716,0.022779729345218692,54866.8079252,0.050632633227293875,745214.6490993401,0.017548952840812124,631756.0147185099,0.006617814667396076,444223.52824566,0.022310862125485068,416589.16580242006,0.013725140812688061,882390.30610596,0.019421338857091627,109678.58896821,0.03197969224007846,105927.47246593,0.01888459089818519,1091779.56061339,0.02291209190654477,375208.38735765,0.02207093091498998,96982.99036852,0.018712767614099048,493586.27321848,0.023246992170469827,190059.89216728002,0.017685160440928206,146763.93052788998,0.013056755221523844,188468.43107890998,0.031729175334545175,152954.31000934998,0.033517766255538414,481374.44672252,0.016982615476556412,107085.46057713,0.026556951451068577,158966.72419513,0.01614125288292237,397659.89326348004,0.013776329443230208,21065.647617719995,0.020896247093015293,631503.00370615,0.02606456089196368,161152.75578026997,0.011248933539248425,192302.62737134,0.02511920598643054,100202.49789982,0.018377545349199532,210454.77142873002,0.019588309530300576,178045.34239297002,0.01839872277272852,84671.07716467,0.012411326866633916,488998.43930938997,0.05288213539275182,335739.74965642,0.022528956555147098,84871.69000089998,0.010909392182635253,54209.399852919996,0.01818739303326073,171724.93065685,0.007023822265977167,347641.24432352994,0.018685970717379832,26155.279679950003,0.028072177031227857,77484.69116223001,0.010659924311716003,132371.61656633,0.014562256916726597,473215.52291799994,0.02042012786307664,581526.54099647,-0.0010904419746050058,255529.20289512,0.022842182443047445,14135.24773567,0.005315146944112257,559497.4259965699,0.027934057772402845,93204.34569005,0.030434700556090474,271009.26749333,0.012402567354544229,17244.22265652,0.010395177778655958,35435.95682481,0.03838045699232827,303144.54732908006,0.02101198584310493,48188.30473072,0.02974172614436063,9396.742797930001,0.0211500995928064,168524.64697895,0.022344816462462617,50382.56531378,0.022990233817049132,114514.58918109999,0.016482004076935418,390375.13818143995,0.02863103832562942,17621.86797255,0.013038675332131636,28916.859845730003,0.03111450424066559,51805.799242910005,0.036936411065070646,36823.984704480004,0.016367191191989046,23388.667106219997,0.027684702802672444,160435.77014613,0.020720009292205074,43443.21599091,-0.02342676318492493,4675.60569995,0.03294919948423389,572796.28636264,0.0,0.0
2014-07-25,0.024642533248235808,87549.16846867999,0.008582896288358307,697085.4952251199,-0.0037226363796243143,1237062.7821733602,0.02571142325781663,663137.94306809,0.02304609728207027,434796.48605082004,0.02062247997209583,1619993.99923371,0.022445920111102868,120631.92730547002,0.016809206289529657,386437.50157578,0.01278394407573792,458341.56103403005,0.0238824803172277,469049.60788275994,0.02403632769286679,218795.57531414003,0.0009237444356071491,54030.76579732,0.05173121845188526,768209.7353624899,0.017406296554280765,640631.3589704799,0.005377215117460151,451579.07330928,-0.004293951302972475,408345.8930480799,0.02831603588306456,889057.3246415699,0.019053251294345434,108736.97617872,0.04147651909256823,109819.66955939001,0.021428523608740865,1106829.5755523501,0.018814954713728786,377023.09466225,0.03768897377412414,97255.18529693,0.024032008774861925,478582.8281937801,0.024005392316985875,184024.44371194002,0.011763252390789736,143881.89774949997,0.02335498068069322,184150.56185386996,0.021477509888472458,155935.58231867,0.036427191316236014,478529.1985584,0.016601121967982798,106013.94888419,0.024970783736493966,160602.25501718,0.013456234587327483,400330.43131974,0.012190990634217361,20061.334968910003,0.013551794412967201,617745.3771605799,0.02554611064290851,161857.30511855998,0.016236076098584174,196674.73068822004,0.02350652507585594,99051.39610674999,0.009285660228035179,206544.68167604003,0.03778888581916088,178561.24150701004,0.007495579670535911,85730.53131965,0.029435617905459965,499989.69261871,0.032721628405905326,329404.88993604993,0.02212236580242567,87743.89712055998,0.013429526515588104,57797.84692461,-0.00023947316186502966,170761.57227895,-0.001826170127577915,349009.9423202099,0.028053532400147983,24076.39046486,0.021889500147321852,78260.18725332999,0.0189690251869596,133478.88989885998,0.019215268672185204,464881.50931968994,0.05708232547587451,594955.1431476399,0.017947188226743366,268550.70195955003,0.018992440314271983,19298.98234489,0.014414472417570132,533527.98893722,0.016975177303271576,92073.29618737,0.013829656630160805,259770.12185683005,0.000494135122183296,16840.541282569997,0.0028487614228363636,34052.886920139994,0.05819513371071253,326145.4004686,0.02453293448609533,48203.651986050005,0.03577654521833543,11011.917487620001,0.023790739078093325,170060.03056873003,0.0342059252510837,53265.71112914,0.014105564464386097,118663.8913579,0.004133082078092754,379713.27609729,0.018915854793258895,20877.754711179998,0.013510803364939445,29473.930419939996,0.020697562485779794,50193.1489855,0.026665519308285687,37332.06948018,0.012068074776434068,23293.068224320003,0.022749870600139107,161301.00147517,0.01648168335700159,42756.698471790005,0.01756930307285354,4762.49324842,0.07413850349927446,609694.3679065601,0.0,0.0
2014-08-29,0.02477284325057858,89616.56330127001,0.008450732512502942,706400.1288198,0.012041052317928402,1261716.9836130799,0.031345310216643656,658505.50329215,0.015990725977968974,431397.92559945997,0.011174516281074439,1602709.5005166098,0.02351239522286126,122223.81724471001,0.013533826032869421,394131.90464033996,0.006882711405161793,500642.90464269,0.021039665922813085,469578.36031168,0.024617229079470584,222379.08231306,0.011295893988437673,54062.58528820001,0.019046660454007717,825472.08400772,0.011528977357123932,658923.5432743201,0.0002340367643517752,441470.09919941,0.007968675612839093,408114.81870229996,0.02480287835328324,917137.2488287999,0.019965254326742787,110858.30168507,0.0214535854492454,106992.08718702999,0.02479651624226243,1118474.4636911198,0.007223726411334065,377416.9318890801,0.059860376157688536,102407.98010168,0.014439223952027942,482802.67021804996,0.01669480886885498,181273.33652652998,0.01577938002682964,137914.45841938,0.017867859808895725,195717.0512264,0.01384268170132619,155108.82900677,0.01719671112061515,485734.94432589,0.014097599493085646,106340.57316141,0.012946452121598073,157209.08995651998,0.005774637427126016,399440.13488007,0.015177662653971784,19793.518772540003,0.011324526566439742,626236.47989792,0.018122674335320107,169139.73019503002,0.012243101165061105,189602.37132930997,0.008003669130144872,96498.97757137998,0.0068101662740130174,210183.84468212005,0.03608501537162773,180729.75256032002,0.010687621646625489,86863.33073706999,0.024778212579946675,513028.73756408,0.022347984372873875,322956.66729975,0.02127885420357132,93829.17112392999,0.015184230870708791,57149.28598745999,0.01372415541293822,170616.22598949,-0.0022279648388014305,353098.62201936997,0.03937181198531655,27136.84943009,0.016267086150169755,78736.90118205,0.011861417888794155,135753.57278470002,0.019203721967203338,467244.36916221,0.05379362089176108,664569.49456948,0.01986090833726601,266648.88459905004,0.003207194853514032,17515.80966798,0.018814444252965475,545805.804998,0.01420757564895149,93897.86196922998,-0.002293282977631013,259441.32980190997,0.0076435031099337395,16993.31793278,-0.0013012310105600547,34425.2927621,0.0292672780540015,321509.18262484996,0.016365192916715798,48434.31659693,0.026395326513834423,11240.017558900001,0.015278917839391712,169052.56779369002,0.029210539161871562,53934.4747762,0.014629163470943018,117294.60816685,0.006592684413304822,381241.90200301004,0.045627644687540395,21756.022471059998,0.013258601097584382,29293.299148960003,-0.0034071407628214773,50048.30409245001,0.01652724100093881,37296.47134027,-0.0014059587275013297,24057.03734558,0.008778592660414614,154619.14044799,0.007645141380620504,43612.82803885,0.015212170663940807,4480.58567326,0.053099747983529004,605114.17119759,0.0,0.0
2014-09-26,-0.006385919488775249,86665.27384335,-0.006842356863236044,699123.3141331801,0.007974925362002273,1290165.5940771701,0.014432793672197073,657629.5639157001,-0.014350190769012137,414430.64766406995,-0.020059104804676833,1529899.6632196403,-0.009421112691200934,117993.35505170001,0.0007777818102697846,394636.91204393,-0.002956626647117758,494108.2454098,0.0012141899305959758,461236.87244306004,0.02712445425262668,229091.52048726002,-0.017694411133359077,51939.78764452001,0.010721986991685004,820178.45954804,0.0042022739877528295,661672.13838513,0.0024741545326032407,450861.01627645997,-0.00954194448532944,405106.1212605001,0.015161123924924996,917688.01465965,-0.007064806342868696,108412.27387912002,-0.01005983440445339,102071.76031967999,0.020987139966398335,1150218.0105904,0.001827616198547255,372476.45227849996,0.04196725900565649,99119.39566725,0.003329634283508498,472322.45207563,0.0010424516185315975,181536.20616568005,-0.01870146716575253,132720.55249457998,0.019950508903142993,194544.46364699,-0.027445421329956053,148546.63354879004,0.009182799420489935,487523.16495144996,-0.0065968850859334386,102742.16369784,-0.01674966584191018,150458.33344118999,-0.005521959709690468,402323.4028389399,-0.015744505349183428,19323.706105590005,0.001776273189976983,627899.3941373101,0.0013969034801841942,162102.36364847,0.010933532172014523,190203.01021744,-0.008752256429563095,95989.15724761001,-0.010989219776357624,205675.49116129,0.0194150138127553,179330.04094120002,-0.00952172384521767,82721.44208154999,0.02533893919633561,524203.88369044993,-0.019510102068012323,304978.9324984101,-0.0026215940014406728,88625.90462648001,-0.014878010904656815,54723.21953278,-0.007609874513284343,168948.82469767,-0.0007800810040585101,357361.54395339,0.017756005016584902,27141.45034068,-0.00575636857667846,74844.75910598,-0.0043295305326944465,135586.46825511998,0.0064539946233033735,466506.67873990996,0.04892216867637371,672829.9866605098,-0.006891779865394639,255158.77847165,0.003732157402748292,17777.54783467,0.007465127112883595,556587.34289943,0.008831711158788324,95994.81734304,-0.002888827723864114,265530.31851554,-0.009514198071675566,16618.0296734,-0.023486041469546255,33631.5684298,0.012453567296527744,316496.85254901997,-0.004342781644435621,46636.50469735,-0.00771749789932116,10706.247261729997,-0.0003158829723725247,169099.13856846,0.004663612845835834,51737.02962949,-0.005272192312408644,113318.05070681,0.0009020499503368117,385088.4236649,-0.012496499839209611,20140.652716859997,-0.014874799400060439,27419.937660060004,-0.016887393811294473,47481.2226608,-0.008278395233352033,36238.23101222,-0.013054578566831837,23708.889201080005,0.0017355639058699258,156286.67894987998,-0.009082419749411009,41515.27402797001,-0.015060458346325009,4306.10140356,0.0415756705909578,617695.5474383801,0.0,0.0
2014-10-31,0.008440944955152428,86337.47996985,0.009050529841986827,700150.9403143,0.01910944582627881,1248882.5488840402,0.025018214417840925,628484.1959232701,0.0012600504259943622,399207.81231243,-0.011614951946768058,1405175.5649671499,0.009694550220078042,107970.45108825002,0.00042103849782572594,363978.48333178996,0.020078901744923182,509465.58329168,0.007509920364253894,453216.34078018996,0.027559825601159438,236129.58969239995,0.008266526048757059,54104.106249879995,0.01799109401707913,821816.4855003098,0.01275583264657338,670767.7936144001,-0.002871042997748468,439336.41261567,0.01122565833624219,425872.9341954,0.022693657080349264,902496.6269315601,0.012239777003229714,112851.67339564001,-0.0006396597992738923,97678.38927782,0.022112510284793364,1102862.45279126,0.005714914283327927,365697.82662464,0.05208834825381276,103687.24758355001,0.006139744207315725,468445.8464851801,0.008866284694939741,182414.745371,-0.006385230505387985,128170.81565236999,0.018212961081704424,201397.31286526,-0.01871113763811206,132985.55761414,-0.0015235250383210804,446575.83718395,-0.0013707150354314887,115711.62216449,-0.013919258252215601,132974.38042467003,-0.003768831561520607,403958.03375535004,-0.007013369784890547,19552.306624729998,0.009171015960046327,615303.91824664,0.0047768585340958025,173627.61891177,-0.0032729149794800535,181386.86239269,-0.0022893650937391204,94816.80546877999,0.007968027155631618,201546.14990971997,0.02085767490528023,180907.97661009003,-0.00398113880445406,90752.43827265,0.030871829130771543,541626.99955355,-0.0174300709863601,271064.4645597,0.0059304450631105544,95138.49313092002,-0.003813246002831466,50199.07288404,0.011410458501636052,177977.42583700002,0.007787641423983834,361683.54179502995,0.011613585337134816,23011.56336274,0.0007181668270566635,81287.82778111,0.005634228007406811,133310.48903241998,0.016965588950255114,477185.70540682995,0.04685575794668764,707660.0424811501,0.005311635684004799,240455.27028408003,0.004796825110145043,17379.821281919998,0.014096885078231041,538006.94195633,0.00824236928502671,93682.48295827002,0.00023495171835830725,274134.8475175,0.016875862271148866,17686.53706631,-0.009197186542202739,33461.1777996,0.0005984997137909526,327714.9774615,0.010298490858101701,46738.97925901,-0.0021211857356032513,9740.911220289998,0.0057900793305331755,169751.24115375,0.005969451638759011,51266.63846907,0.0019419807004550432,121275.19142664001,0.007615600101413708,379450.27198118996,0.023295086546285378,19817.40178429,-0.006002523297452281,29624.36759537,-0.014144471968220218,48384.733518019995,0.00313449456649904,38592.37113183,0.009472071851629241,24597.54588786,0.0010538855406206828,162095.4866841,-0.00758403212843619,42280.60673749,0.006389193850827072,8201.59810872,0.010409964081567734,591408.2324763101,0.0,0.0
2014-11-28,0.009351906635591125,94824.01720934,0.002431024706127208,734771.2152527001,0.0073090385992620474,1308281.6035586502,0.026893740441525336,667815.7229752799,-0.0010746096150764095,423331.04095441,-0.019093864383968193,1445032.0607199299,0.006367029152517165,116886.95655981002,0.012296229547053023,405451.95664104004,0.013185294534018812,541009.00186531,0.015868418612968307,476104.20089342,0.023414800100078723,253232.64319679,-0.005177009452857848,54512.978067129996,0.02635830327974037,914651.4425351402,0.015958782585040007,727115.5119414399,0.002101217080866719,450017.16271339,0.003591078211121583,432278.80117403,0.02143608695493858,949911.6743308101,0.015216347439763701,122295.05273118003,0.008699189877467216,108299.76535254999,0.02526365593803596,1163751.31068573,0.011847763259798205,384035.95823869,0.05069282720987412,116234.81066217003,0.011096316875035865,492563.0065924599,0.012068776472961657,189457.35386422,-0.0062855854793489666,134869.86569366,0.027249194143653004,216800.1845251,-0.00832198368482358,133654.10850471997,0.012440141260673068,483789.74638883,0.011343370939877556,115000.57237581999,0.011805461748927014,146982.39469207,0.017723049142843388,444351.62423397007,0.0022874390709702215,20225.998772199997,0.006239841649620907,654842.5639435898,0.016567802090461433,179587.47365388,0.02815688380893045,203215.19533170998,0.012785263209700446,101513.0060261,-0.000867642503494899,211517.50724841,0.03232794249852745,186807.72649392998,0.00791961420760062,92888.74059521001,0.022623378346692813,563363.54386119,-0.02473997829799184,253274.91221586,0.014773452567877923,98135.25098393,-0.01631027115576375,53112.92915393,0.005116303232429772,181344.54923442,0.002593520574921288,368522.7125348899,0.02803708578395814,25478.335318889996,0.008734340380755644,83062.20321678999,0.00714305760427841,141705.17898384004,0.02053969296145015,510616.24893354997,0.043025442464124625,720384.3351264499,0.013506629914134231,274666.24827338,-0.010762972272274567,16909.06072416,0.011712189888658343,568222.95034557,0.011884171586641916,97647.76198634002,0.0006957340140314207,275989.08070029004,-0.0006889951268175718,17994.40825296,-0.008031888486720217,34382.67882841,0.02297239487876578,331817.54372315,0.017345503874938037,51352.11621005,-0.007072633912028163,9585.52639557,0.01088830976438242,179952.31143117003,0.020869875451436273,55932.54356744,0.010749527011182534,131430.24139958998,0.011430783737771826,403695.50340908,0.006182985181989015,21327.526731080005,0.001365305901863098,30162.944148130002,-0.012540227639807708,48342.0979037,0.008214247438109827,39816.12687421,0.0006744019284531336,26488.3748049,0.011061465337579672,169605.38115054002,0.00384998544791461,43067.0398565,0.011789381296656251,8549.59345255,0.04110220887489692,595967.34839102,0.0,0.0
2014-12-26,0.02698307673368188,95990.98142683,0.01747845748641052,746105.97189206,0.016919282348225755,1327569.5042360201,0.03278102360424058,694740.51935749,0.015330865379174382,405693.4139398299,-1.8037098301946868e-05,1380189.95073345,0.03086151667517023,121384.56513088002,0.012167528461952331,408885.91883641004,0.03696498026558423,563067.73995574,0.02116269957047684,487553.99966801004,0.025125844860316125,246157.19954824008,0.024616374109409422,55115.22732378999,0.029202847025310712,889768.8495168401,0.022757879358969595,743878.2453605001,-0.005620916244373579,436393.29872222,0.031373349073369236,450983.28449373995,0.030247206498250044,974343.14909861,0.02456984473562138,120485.97631470999,0.02609750751471575,107418.31481530001,0.02543913162898737,1186960.8661651998,0.01639637984261228,392948.9135911,0.060991148134912104,158811.20542349,0.01534188952529268,496651.99222206,0.024580155628830494,192813.8976039,0.005042063116884052,132362.39703017,0.019886083120991663,213029.23900268003,-0.010102593409397554,123403.46753257,0.012374153494905121,472157.40622348007,0.025922279691883546,117862.54358172002,0.011783111428634644,142976.41075891,0.02573113870394722,462029.49269456,0.022339435288611147,20662.26296521,0.006038330181586827,640388.0866486101,0.023351288437054946,179926.80713218998,0.01716175081176274,210742.43960566996,0.030161840852220113,107156.43521524999,0.01916209122830114,216531.96003907995,0.030683174365456048,189709.49824183004,0.025571562263332973,98600.22129853,0.03444949367219852,587163.5415342399,-0.00258644972870256,232449.36942378996,0.039876527720879684,103525.30404469,-0.009677164791477951,48204.12322031,0.032628311454166385,188366.76592537,0.011946745261719963,385262.6036127199,0.020313324639580063,23237.071788939997,0.0307505298733771,87216.47573568,0.022082916114166042,145188.76585149,0.03502475535290181,530107.5838826702,0.05227992228042822,721791.91708191,0.013082541897581658,265609.6175156,-0.03586122248343363,15749.831482569998,0.021738246289289637,586420.9867812301,0.013180985066653213,95589.03342131001,0.007544473751061537,272442.46117036,0.030782967013380007,18162.311896080002,-0.0017366640408697338,33066.24965955,0.030758332562827354,343924.54946747,0.03907119118996001,52238.80480695,-0.004921340311546913,8034.343495949999,0.022715397759703142,186988.08841287,0.030425821875736322,56180.09287154,0.0318755423694507,139438.19611825002,0.009010859724537947,392857.62406787,0.02429555788778239,19786.09128054,0.02791872442581885,31709.365551519997,0.004628321332673755,49730.59543888,0.03410925597307595,42343.93426382999,0.026524750600519963,26867.31506181,0.012573237187489414,174976.18222764,0.009755644413725163,42522.28305923,0.04352484158395799,7923.18558241,0.025708159676520893,594733.24243026,0.0,0.0
2015-01-30,0.0053482723371026586,95647.30078424001,-0.0139864643574592,715635.1394505701,-0.021383976998080922,1239363.75524941,-0.003969664863740758,677154.60400651,-0.02812239291060539,387988.6375089,-0.029584427321989317,1355557.9399489502,-0.00017104318435691557,121882.90345715998,-0.0032138000909440363,392238.7304153801,0.022929433538095442,571894.2301476501,-0.010878566949406532,458032.89677369996,-0.0037696041758303444,240861.78823779,-0.0070394529960679545,60602.96692677,0.01774769841260326,869712.81276571,0.0011637801686132266,725891.85310408,-0.013010435386052378,429948.4051654799,0.002843036041071477,473097.59377557004,-0.013182001175534641,937684.57756417,0.013960865704602756,122680.76565377002,-0.006114033448960071,105496.39001972,0.019056847522693352,1209885.5972776,-0.004144351619268639,386535.63740273996,0.03822483573337423,172736.01437629003,0.005415248080291414,501458.31019259,-0.025451236626627592,172913.99369199,-0.03076717764738884,126828.27819586,0.011968442542548724,210111.80713061,-0.033212312155011005,111914.57290665002,0.0011483732096228575,467080.12819412997,0.018929502875131378,126591.49160079,-0.00795101783338266,142669.26149329,0.02093702152053977,476804.08620446996,0.0013151958413951917,20950.38392107,-0.002918921638056533,632750.90892694,0.01738601947511312,188986.04762208002,-0.002747918043536394,206200.81600814,0.006280560635499753,106581.95443911999,-0.0013269129888310808,215702.97819690002,0.011427087438736976,188810.19072311997,0.022907171761030645,110206.1371246,0.02555396332897503,607399.5405057,-0.043164038436677966,217900.64278491,0.019959168754506023,111274.49715682,-0.05658100945716533,38868.23668446,0.0012339476287321325,196554.3554717,-0.014462760948283599,370583.66716532997,0.016714876796679642,23981.80194989,0.011549355645592584,91170.91502773999,0.0060523281329538225,146887.37112609,0.01601373556691473,530221.83451639,0.043415296129444836,764187.2118472,0.03071627553524757,266010.86901941,-0.007233410263132529,16497.97256006,-0.007352858174500038,559762.3234456099,-0.011546346008359356,91308.81341532,0.005424657836418368,283298.73792594,0.008532869618000963,19537.35306319,-0.007582337639300148,32041.156507560005,0.009142764820963135,340970.43677068985,-0.0030389267586823357,50290.21263634001,-0.03925788864587052,8364.86979443,0.0025291427312633397,183544.80295769998,0.004925536767242593,56157.236151410005,0.027613238570006533,152143.69124468,0.000546904801038721,402720.14179633,-0.016740904780262585,20004.87981681,0.010065048677920175,33802.42335694999,-0.025936761265725042,46337.36853828,0.002233537339915637,43473.362206269994,-0.02299582162674653,25675.64851423,-0.013649086587814614,165439.24824594,-0.016035475366114434,41412.475437910005,0.01942076546236244,7708.251922730001,0.01390942671808239,586349.68279269,0.0,0.0
2015-02-27,0.012155187910000923,100035.26796551001,0.010361154561906618,735948.2235739799,0.008858350487342702,1285329.3067925002,0.019209585236100706,682492.10792528,-0.002387316924721312,395309.49893297,-0.004120609755289687,1383577.44620511,0.018400788957310867,128578.71637460998,0.004622787974866214,422708.23847802996,0.033651532180744514,592108.2970936099,0.005463613416948788,485768.67439103004,0.017305726408950985,248241.84411475,0.016561106416319707,56551.48905449,0.024397513411235038,987924.3693933499,0.016441231630937657,746946.6193186501,-0.002711961424170093,437865.64423122,0.02180442527416889,439633.64460882003,0.012227275746816164,938084.2073601801,0.014586166473608407,130686.83472073001,0.0031233114561711093,112307.80937969999,0.01421765190762355,1213803.58500286,0.005898628076719694,383800.1204852001,0.027994164795279934,163241.6859509,0.004568227073812526,521877.33238316997,5.803694468420751e-05,183506.71433234,-0.0067103357652499125,131492.18340938,0.007198067210930763,211034.88737516996,-0.017793962852144116,121450.8128055,0.003389162981727854,496585.40746548993,0.01402277514511412,125037.8958733,-0.008566535845715999,154397.12555244,0.012346892042057555,481553.28791603004,0.009200202370288912,21360.55087073,0.005306783967719018,667498.48209008,0.01507000478510791,186077.32651523,0.0050704579593939345,215969.77632181998,0.016208721205618407,114500.17402111998,0.018490320723399803,224245.50014815,0.009119743109447147,195031.27868445,0.020947863449342248,105820.67368816002,0.031210539733227124,630350.95117454,-0.014083038392130308,222076.83936808,0.026506364249558205,108349.06133551999,-0.021195099325859286,40281.86831034,0.02007560672971308,186261.51442494997,0.005290340011656532,364087.00435019995,0.005093487611138087,27684.02055368,0.02001435214325715,90214.74764666,0.019837711806531946,153105.65842723998,0.022210917633316597,583982.64520795,0.03885217035836175,770818.3786879601,0.007561484015288412,294916.84771305,-0.009080841262942979,18028.959876470002,0.014910524622477899,585604.30150216,0.003735517674775087,92509.42000099001,0.014680349830045096,287068.14569222997,0.02542893177705068,18688.521467860002,-0.0009803876913031862,33935.02864907001,0.014703904658249634,368875.08326417,0.011976770306100252,51268.04803875001,-0.0173409198900332,8183.370932590001,0.012020425941230248,188318.10254241,0.008889940771688296,60625.926634870004,0.023690082191540694,145153.49427124,0.006079497645524964,398665.58948297997,0.007866674499347519,20018.61864521,0.011556073722485523,32627.271496569992,0.0040520043573668415,52804.99484012001,0.01920986703115814,40734.53410311999,0.008402763587339261,25528.38147396,0.0035007429729703977,165694.30084751,-0.006615058157388638,42260.52647709,0.015873568948975573,7890.470574720001,0.00030698162852417987,596597.6686496101,0.0,0.0
2015-03-27,0.0074785095340765195,100931.46332053,-0.000439247885907805,742619.6984203301,-0.008111965485319943,1306332.8052882198,0.0025254100852935626,682162.42400903,-0.016101776736077544,385979.37938569,-0.015458159511616871,1342357.79881522,0.0043854619357214,130130.07030307002,-0.0010410736490184605,429247.5249098499,0.025731807442784915,608194.89482142,-0.006957683795611557,480634.51444664004,-0.0016676527346600478,236658.92250344,0.005126298880199514,55565.526608190004,0.010640278163545989,935633.87113139,0.005628858846218971,737553.5210237401,-0.011812099557053523,437725.41412788996,0.007405645733885459,432756.36092587,-0.006137903470465129,936913.8525526001,0.008644651310368156,130173.80506669001,-0.007848357971872099,112555.46522806,0.017056588190933693,1312326.8093119198,0.005884808583814595,379100.18400409,0.02937789979425558,165877.01575126,0.0007406923887079138,533456.82286101,-0.013782115715810056,186840.12957459997,-0.02142368850460467,129090.69434641,0.009237041920792641,218768.07148050997,-0.029148908361847192,115738.29429723999,-0.004000879432341527,477852.1035349,0.010981017333443128,127870.71275937,-0.015421162720485212,155848.52497697002,0.011311650603300734,494790.7638614601,-0.0028800100472758314,21043.40262427,0.001123801076739136,665427.5944696399,0.011048431806017582,189310.24930407997,-0.011195798547502989,209182.66386054,0.0004583880509851346,109923.71340648999,0.0061494228572007694,221436.06802622,0.005864918831561463,199249.25752108,0.01897859419503254,106346.31372762001,0.02793498282633953,659853.13517357,-0.025834537882193902,216339.25268374,0.02337633864476727,113300.0238555,-0.027410621307670094,41297.65224319999,0.006484670056965412,183403.87238088,-0.0038392775450977155,361834.25028324994,0.00041052817572002345,28028.655798110005,0.01375968911068779,91896.14164548999,0.008500606684851036,154629.60612402,0.010824300120210614,588651.6864525201,0.039125586826097236,784482.14492319,0.006409748924830884,296658.83741497004,-0.013141696948678882,17991.327553839998,0.0034470565258722416,594576.45171753,-0.001478765481738809,91286.42019253998,0.00028627720074582945,273662.96545292,0.013626412152181681,18961.2265258,-0.01832279460676822,32743.960481620004,0.009488455550551732,374968.16215209005,-0.0018411765768330706,51634.19222474001,-0.025842366667605064,8132.0373502,0.003491238327969651,186440.4279433,0.0017523275978233075,61065.116964470006,0.022088516900740932,147671.31505571998,-0.004909364411959801,386574.35423811,-0.006087014969873779,21133.05672021,0.004143057027331305,33416.11409228,0.005907107452503997,55019.16972986,0.006096728098995345,41268.14496189001,-0.0015685119270383446,24591.67861912,-0.010832604756904899,163579.41249656002,-0.008071066082539963,42692.899370659994,-0.014590139363962704,7345.579040120001,0.005098859004991404,626003.14203088,0.0,0.0
2015-04-24,0.019383366068239045,102191.48852588999,0.025098561432996352,736652.0624718,0.02932597653434488,1304133.6565463901,0.023345525672643794,672829.8642734399,0.016616025449555233,389514.00158774003,0.020791632921572857,1423470.6271683297,0.018369342102975493,127846.03830793,0.028369372573353126,436858.71154559,0.0315210832441343,586357.6890103101,0.02778706236674319,480864.8158220001,0.029737618283156717,230258.24915015002,0.010569987227307063,56251.481790390004,0.040055166313658415,926154.25969135,0.024485729702616133,726140.4924895499,0.018220987165432193,434500.97626562003,0.00692591499021198,430517.87133510003,0.04531096189623,928713.6952793,0.012502896938994798,128978.8898714,0.02685749365689992,114766.53313819999,0.0202656690707751,1199427.52096836,0.011740131100957457,396004.49304679,0.008664850718197186,159026.83833153,0.022380133518138723,536445.8731891,0.020287064438883742,192678.66021401001,0.015635925617796035,130682.76501399,0.018803203557203968,216297.10718927,0.014542987806343737,117041.86451596,0.023082180490282534,480559.58765077003,-0.00013902192781123978,122703.75191163999,0.00010705083398522807,151773.95492488,0.009213638788614049,467623.1657389801,0.004232145193901513,20302.71110892,0.022087961796010948,674031.8042465999,0.007159597824709575,184317.57168957,0.03126418056025967,208573.60216986,0.021380797321036184,108338.61023710998,0.022701680755088133,215056.95366710998,0.013014205604022914,197533.77804887,-0.003031802183475461,104499.9722586,0.035723459552056816,640559.3596829401,0.02269304465004654,239611.04689161005,0.009640923459274864,105357.44065735,0.02652835889537586,43079.65238411001,0.01015351747805727,182595.18650165998,0.010352874385233784,354776.68072332,0.025208054873814396,27875.74929991,0.007899059298747714,87502.69260257001,0.03126131508833493,154656.98608469,0.026758158180851352,539828.6981410601,0.045942254493739086,791284.4703812301,0.03105852666906424,298504.50250861,0.02543430492642857,18862.468776330003,0.03472522284416054,590890.7460633799,0.018242806641121417,93181.00004602001,0.030194402882909088,285641.10674377996,0.018622706179315288,18769.868766339998,0.039043040296742264,35852.13284264,0.04315032413460118,380240.9760154201,0.01321610784457654,49068.8384106,0.02682094057696253,8819.06255249,0.013632586827664408,183997.9746355,0.023342629454617698,61634.226533929985,-0.0012437203635347982,140001.08308711,0.009920770643977067,388199.36713524,0.02867835991486989,23177.02231978,-0.003061949879551367,31956.268262699996,0.03397125407698483,54921.44516089,0.010745685455788483,39230.486180910004,0.017297962510279735,24458.06463039,0.01705649381845241,158574.84394753998,0.002482458156988711,43459.738897819996,0.031226863016138407,7199.010035380001,0.01682613242184306,942935.9509373701,0.0,0.0
2015-05-29,0.004008721871833781,103543.39308483,0.0002919369885744958,744965.0471548801,0.005790760700114766,1352919.58144369,0.007237393484222716,682060.2380551399,-0.011626123424183342,395341.3697292799,-0.010711745449607587,1379224.1806504605,-0.0035481099361659037,125592.75656557,0.0035837070402440795,432519.9943594999,0.012467779854533838,575638.1448774,-0.0027951206316810884,489121.23623613,-0.004874252123016667,219980.25346737,-0.0037927521263636152,55591.51670036999,0.011933157514777158,953205.8898793103,0.006802764556514316,745852.3741089801,-0.002088236668528943,438733.12013111,-0.003726913684776251,421526.6546955601,0.006298197146433634,978230.67551497,-0.002060754622726085,129030.93326732,-0.0032982755793615937,116629.1383011,0.013910575700244636,1207218.78833916,0.004410803158300458,403652.8093709401,-0.014216935636064527,142133.46079991,0.0014732592494633616,546733.2136819201,-0.008646501782855621,198230.21384608,-0.006658174102171506,135591.66359834,0.004465665263279169,216633.15407326,-0.01471891538694999,120318.03076677,0.004405380377669164,483207.60582391004,-0.00562398059981824,125265.08916693999,-0.020737025400964747,150291.26800485,-0.0024120838919087363,460969.92166348005,-0.00994809329152728,19923.69988221,0.004318154115096287,674888.6849651601,-0.00017829244501452483,184494.58851705,0.0002673386506944528,213873.41684818998,-0.002094404682100272,111316.08468383,-0.000811847778590444,213984.22549677998,0.0029003234699511086,200035.89778115996,-0.007029219794370394,97911.59050631,0.026765772353216984,656166.3008391099,-0.010236956658194919,235397.76467139,0.0029512681546282815,104503.98113505999,-0.007478462130415607,43236.10435310999,-0.0013609084481533838,182156.03038411005,-0.008116820862040191,348025.5535467899,0.01315546120456312,30291.940879439997,-0.006069186263995563,84231.5113306,0.00934135875596706,156278.41107601,0.005990745810747601,540640.6546154701,0.035867128708770527,817400.3194560498,0.011994410994241565,313391.31364327995,0.01403228191682943,19979.32256718,0.012577720699569618,609536.309048,-0.0016757175063548426,96908.7820915,0.009750519828267062,282153.02706945996,0.00180596829738155,18343.695568919997,0.0028694336565978085,35367.92728868001,0.017994957834651833,389642.2995577,-0.008109579268355732,49031.349405830006,-0.016878820111466117,8533.29602528,0.0008144104910514942,184364.52364932,-0.001461848663762624,61473.79204127,-0.00042632997367169354,136257.70413275,-0.0038701700133752597,389801.52033327,0.0006835775639393677,24041.78110996,-0.013458865763347134,30281.987669659997,0.010874861829787525,57269.57707225,-0.008809293808286088,37908.654205930005,-0.002310248113019804,25474.73435849,-0.007261638344389078,163162.38017432002,-0.012585733795194773,42902.17198285,0.0022459903537193886,7815.1405746,-0.0009559630131055719,947465.1312622,0.0,0.0
2015-06-26,0.009599383360941585,104428.35125834002,0.010790875726479104,762423.4931244599,0.016915426238003003,1410236.6468834498,0.005729190837851027,682867.1871036299,-0.0012892140442416144,387524.2078677499,-0.0014777435981993214,1342687.8850557704,0.0018000219517347834,124876.32535822001,0.010558946810907743,434138.30231954,0.019140622911136135,580579.89643413,0.006472279415805854,494546.70637828007,0.0025662775582624203,216596.03310732,-0.0010452230555582278,54149.96066668999,0.014161307131057094,918439.2957780202,0.011121390954193304,741296.4330072199,0.002137508116214231,432159.12115409,-0.0030362198565791866,405389.53859156,0.01663129267753769,975324.4079260301,0.005949426078773643,132468.52537319998,0.004641282332573547,116241.78016699999,0.014774113876464616,1229661.7473524394,0.006834923544366351,404884.06311561,-0.009172466684362406,141415.6973223,0.008675347877293139,549177.15168,0.002640601945890863,202026.94801275,-0.0004503385470264155,131938.71984821,0.013109482051298539,220006.22518921,-0.009305771579888518,117614.02109006,0.008390516782186965,488485.39053582004,-0.006226461238186177,121725.20263928999,-0.013900862779156059,151214.81095622998,0.0014209788776256985,460167.5765771,-0.005367618948034232,19409.16834761,0.008885005884900522,674710.25164843,0.00025947994977203095,183955.48882280002,0.005151185833689031,212618.88536105002,0.0034912268621214893,108971.43906084,0.005726487311207718,211388.99323329996,0.006989729746258501,201407.96609136005,-0.008712140867231722,94222.85691886001,0.03016288054193843,674691.5833698101,-0.0020788958775779147,224774.17707503997,0.003875636235465423,103666.94014009999,0.005604610530542979,44104.293358350005,-0.00025584362550683265,174292.51194979,-0.0015828693833574766,346999.37127727,0.011100756675617605,29618.22359459,-0.003318120365862649,81655.90155057001,0.015263012837768025,156610.08324268,0.013378813345292435,553723.7838555699,0.038490252276149765,855435.3500043701,0.015563058922804785,316406.82333606,0.015030037079973902,19946.35534392,0.020444581360136063,623398.93078712,0.005331221592657002,96500.28361159003,0.012481343325597102,283247.04006815,0.0045171554286333624,17576.09675369,0.017138217285471706,36266.00975893,0.026753436914438176,402405.0476760301,7.520203410324834e-05,50364.883856659995,-0.00209257875321573,8628.97634203,0.0037973922497851905,183113.40334616002,0.004848505453490564,61018.86369165999,-0.0033018083257985156,130858.13434172,-0.0021508548498560967,386907.73208943,0.009033165023882338,26289.52960255,-0.010456106561040863,29658.97659178,0.02115566898648578,59262.76101067,-0.0018300276844093015,38092.34550098,0.009070497553505839,25765.01938894,-0.0002996619485404231,163797.41920604,-0.013262173575393174,41171.44710849,0.013757409741579388,8013.29634654,0.005533691347662136,973780.9351583298,0.0,0.0
2015-07-31,0.006552100321882203,99111.69387327999,0.013517633546131941,775514.8732005401,0.007365580855823926,1400369.3827238902,-0.009677120362609756,593523.8164353301,-0.020692887181162474,355141.98362131,-0.051909266498882126,1187766.0132970305,-0.00894925204675462,110807.41128631998,-0.0033373957983814876,421747.24462155,0.025724786185097968,572404.8313989599,-0.0008529652426756413,642621.5111580499,-0.01909545229970142,195325.23343022,0.00019193210670172874,53002.03231224,-0.01380842306530745,867080.52812581,0.018346285770519034,744443.33498059,-0.02364013821886802,415160.07230831,0.008141330246592809,400720.81041001,-0.006570153330303974,953152.4513872298,0.025497922133812467,141200.1036669,-0.030285333261357,90243.12072179001,0.01930448603270769,1200939.0645373603,0.01969069801122336,403844.87743682,0.0169921318949492,139677.27584585,0.011885989640134893,559391.31420007,-0.01760177200266644,182821.67305415001,-0.029535058336423357,118209.04553505001,0.022044820510567147,227618.2502558,-0.06015994336002064,94696.01170212,-0.026065312387468342,428266.49196934,0.007373667948968646,120632.24599646,-0.014674699219269468,142075.86280160001,0.016098295188211934,462147.4948284901,-0.008840331329817493,17119.7079937,-0.0018374479245091432,642381.1613778099,0.014497803629630114,184557.07728539,-0.008936854772990532,208660.33201004998,0.0016633573408998863,103652.66459903,0.00093754380677237,201754.61612398998,0.022257990455079025,202646.89707697002,0.012137895227214568,95856.58128269001,0.020554900745374742,660073.32420242,-0.06621077572091837,209678.0032118,0.027889985121396427,106618.30344845999,-0.030669330416669267,38659.90020217001,0.00942631634523706,170167.47796309,-0.002864759112351169,346170.17021193006,0.022156522185768756,29378.48720267,0.0038248849906530468,81229.10609133999,0.004353055205730728,150067.56222480998,0.016964700739468357,533395.6347269999,0.03311768295401749,830724.9821419799,0.03496680022331971,313217.2188383,-0.017915425765565932,19342.01487605,0.005101862322707404,612757.2428357699,-0.016463304122049657,87929.72226466001,0.007049124222210957,270243.99520502,0.003124348564159001,18008.31062999,-0.036480111311371195,34777.08173975001,0.014870924251817543,483769.40213976003,0.013544596132712562,46826.477409750005,-0.050613212123611875,7928.491114519999,0.00185179872553006,171823.50360055,-0.004761003337277898,59539.35241216,0.0234170146027282,134940.33729571,0.008194860439143678,417535.30781907996,-0.047736391660976915,27503.76904076,0.008988706257821026,29841.74634192,0.008402898889422094,53064.98955459,-0.011572835728363425,36885.01341905999,0.013847188076243758,25015.17965978,-0.003979429861052045,153464.87337542,-0.008712315779199323,40417.24640356,-0.020070612930029253,7577.36913218,0.033713212225056084,1114877.10300783,0.0,0.0
2015-08-28,-0.0038561565557537598,94442.1155456,-0.00792798865981359,712361.5112500399,-0.011708388967364172,1245348.61678195,-0.03444837564185312,537523.58038044,-0.03276452394468446,330651.02176366997,-0.04592973735027774,1043548.1784121098,-0.022247028582876496,101834.65677597997,-0.02057444639554958,383636.30978351994,0.005237694931011948,556703.6838004099,-0.02675190185881006,577400.91634677,-0.038277074895697094,177013.77973856998,0.0020209362290829237,53806.97696774,-0.03836588475036462,739704.6123588699,-0.00595877401610294,695795.4719905499,-0.029560714568847523,427989.25928932,0.0016025129680410936,400079.38779877,-0.029960085931257638,872965.9082911401,0.0021858099129637735,136864.78157723002,-0.039206447745218205,84147.14566719,0.0008652242761942415,1115185.66522965,0.005929695651080076,388259.07713614,0.006169106030716977,134673.96869464,-0.004592302442880171,520589.18327264,-0.022779806181807624,201756.66015275,-0.03431286971802363,108853.28209714002,0.006423577508723946,211715.78498222,-0.05864091411481322,96315.00715512,-0.0345239004116068,394923.65041972,-0.0040482371849821066,114416.75878627,-0.04284700964310946,128375.94265343001,-0.00034640435830884947,422228.62936891,-0.007687982038701876,16613.27743027,-0.015749139584830145,602592.1757964201,-0.0005169183564793303,177737.45999707,-0.03581525484865093,188106.90125684996,-0.015312892687826912,99428.257073,-0.01229956924236597,192396.27792150003,0.000716726320275023,184930.41940459,0.0040048802394765355,90489.85318507999,0.011575247773583283,614679.68885837,-0.0515242716452679,186924.69566695,0.01854047203827815,102158.72519901,-0.04461836007337852,34714.040182540004,0.0036509070139646204,173267.63583587,-0.01994501742995572,309465.44823314,-0.001717597767329226,29894.47685843,-0.0030562691846943305,74848.58141293,-0.006108366180645512,144347.92671229003,0.0035700046541969122,498937.45169307,0.011383136334130285,743767.02654023,0.004363187890992902,273910.07577229,-0.006416040501186186,20416.37812625,-0.012603765202839389,546338.435844,-0.017964990377649388,83376.68273812001,-0.011197260987000211,255976.20634542004,0.0025091957116525096,17790.28354689,-0.03156940977639495,31664.63427632,-0.011004891468893238,405460.2628573501,-0.007294382906441612,44566.04562548001,-0.05136003249345514,7032.131834339999,-0.01044099473868188,160557.98067195,-0.022427847096380016,53168.60676966999,0.017753557592442775,130609.63405103999,-0.01509379675808462,400752.03454097,-0.06230764756012981,20324.994354759998,0.002795891543218571,28366.034916229997,-0.002904570015489624,49773.10390775,-0.013877487811767028,33252.55551694,-0.007019251092564732,23493.61477561,-0.019440631740581093,149072.92094834,-0.02710763324945675,39405.57244832,-0.030220188048856733,7340.41351269,0.020145420210207494,1052511.7602025,0.0,0.0
2015-09-25,-0.01359566625842475,97828.17343009998,-0.022690778327740736,721090.0447321598,-0.033026087551625775,1269107.8377083899,-0.031566637935967014,574658.23446449,-0.052911942714291775,327855.80631614,-0.059583315948830325,1096631.32222061,-0.029702605399778738,107671.26848803002,-0.028731495850947433,398746.62289364997,-0.003157880702870491,576822.6261703003,-0.03767002959599245,594292.50843619,-0.056064689034831,187210.01137845003,-1.6419025272329524e-05,53991.88677914,-0.032636569893742556,809965.80481007,-0.017154736307523066,703970.5865249799,-0.035542661575691796,430502.29275932995,-0.0021758814475241134,394307.01496153,-0.04042846724994573,913811.7667043,-0.0071460554357235155,137416.70244557,-0.044557391507021336,87119.03008926,-0.013579376242832666,1123696.56898692,0.0033713971775539858,397704.39113239996,0.012127691326211085,146951.19558368,-0.011265122315322977,550438.34678297,-0.037182274373432606,202320.63192952,-0.05324164486554824,106088.75569279003,0.0023096600470010756,228797.82670917004,-0.054512387992149317,95075.67367161001,-0.04799188744893507,403368.57380397,-0.00279850329441893,117165.20312933996,-0.03402713908084994,141503.48855196,-0.007354517915008321,433909.57887004,-0.020275684629169476,16625.88592304,-0.023020595273346715,626022.86009481,0.0003705968608087376,180698.47222362,-0.034045309192309484,192897.71677017,-0.027088967068981173,99646.25788640999,-0.02583300290648347,192815.97018777,-0.01317204018016711,189395.71164847002,0.008437677862674638,91811.02596887,-0.005593460469895799,636852.44637908,-0.06487377674635103,191062.43961606003,0.01609468925973102,106220.87707465999,-0.05846922334148192,36901.06928339999,-0.0001513177632402064,170567.09457599002,-0.02792299006019975,316072.85433364,0.005653544545386627,32552.79292281,-0.007711426049926581,78068.98658461001,-0.011715426644433773,150564.01677145,-0.015738025258244,504661.80395146,-0.017743623270558635,748185.28994178,0.015361667818322326,307796.8734082999,0.006810689315998198,20544.286466499998,-0.03377297149743039,555520.6488562,-0.03734954568702035,84493.39897498,-0.01150510774013328,268961.23440722004,0.0064285669125816545,18546.447734809997,-0.04390410341698135,33467.82534643,-0.028814371434069997,418962.98836152,-0.015031666344873448,45902.196089150006,-0.07126809083005488,7296.024632139999,-0.02352189081103833,163383.44859490002,-0.028160179018294523,54303.36631416,0.016731824013252225,134993.58430177,-0.010980675118858795,410751.01066539995,-0.09528203161866694,19210.84218225,-0.0009177724624407873,29044.50478303,-0.022638241962026295,49552.59501259,-0.03505844076333062,32512.28124856,-0.020239820832863326,24686.8396774,-0.029212732189155308,153346.82698569002,-0.017472254943186792,40160.060818139995,-0.04052972022762231,7147.207028129999,0.007237316785183298,1121669.60984651,0.0,0.0
2015-10-30,0.003633405161608942,99097.93767131999,-0.0014586887554227951,738628.77477426,-0.0006256638546565032,1337017.56869858,0.02498352081977064,635384.0005781001,-0.009515969628541513,331421.00054517,-0.013883902993422955,1163104.7385796902,0.0030775124664770724,116287.60373284,-0.00225709749081289,400669.37697143,0.011039479613898364,583044.0778498899,-0.004480219906378516,579548.39409779,-0.03719700309184064,189047.04014315997,0.0003049799617896652,59329.68394612,-0.004472248774080534,806817.26758408,0.00027163442068609206,755387.42482229,-0.004301977788246698,446497.52346854995,-0.02203294136622076,412451.49807420006,0.00014358846820771158,1020442.9141265799,0.0007671086344224964,137561.24782699,0.011760935176377583,93450.11034897,-0.006438390408761411,1109355.24354053,0.006299802754361581,356782.02517043,-0.006025139956641798,155678.94315434,0.002663369088146843,578390.6147743497,-0.0008060515495143856,205317.91680170002,0.0036614590611705575,112737.12695360002,0.001653812591227436,228451.91386355998,0.018753301506802444,98797.39513015002,0.0031102902753481136,428792.60686368996,-0.01559986136289844,119192.95739029002,0.002062440403118272,146546.34894809002,-0.012444556044876936,415863.94922523,0.006315179549747706,17455.80217625,0.0070351210239567785,687632.2392705401,0.00071875994514611,193784.46155957,0.0024990350915754097,212280.73874756,0.005407473837314291,87398.51359405,-0.005060989127296143,210730.59287653002,-0.006324553959353134,187277.8447405,-0.03407159105639146,91840.34482641998,0.00717559501559785,598504.7901042099,-0.019490772201223257,194596.37545803,-0.006452111102586935,113063.93354961001,0.000935886767124533,36031.48604592,-0.01609785295073461,181354.47507729998,-0.013257190253802374,344994.52194203,0.03567181297587165,29247.680486650002,-0.016135976883781468,82163.55095143002,0.011970232047118933,162094.80217884,-0.006835445757283981,488992.98855504004,-0.01018906919734061,753074.3854639599,0.0025706731374036127,332503.93973826995,0.03629302515337984,19095.58489636,-0.0012686514078866366,565270.7017175201,-0.010916623971756459,84780.08143901998,-0.0022965325201428763,302396.25886087,-0.0011674345417814164,20024.148406310003,-0.01438559855750307,32928.4770281,-0.004824689320191413,454502.81005102,-0.0034202406736170703,44672.85364976,-0.026800200013680348,7513.3200335,0.0039300728873070765,175058.05330406,-0.006722227823719597,55496.52184329999,-0.007823311369437716,146468.89493988,0.0017204468865487177,444057.628178,-0.03915224322468898,18383.740113170003,-0.020346117390313126,32097.038653709995,0.026360948964472723,48647.1837035,-0.02805820862794873,32175.63022934,0.002505916056362402,25321.097971020004,-0.00881097705027586,163674.85480988,-0.0213239077409024,38000.73205974,-0.0056027916845803605,7386.31370519,0.0023937957309856737,1245325.08633776,0.0,0.0
2015-11-27,0.02314411242303534,101716.19392905997,0.02557195972130744,743529.8876351198,0.02721890587028728,1395073.0683345199,0.01688508378926057,618295.2769181802,0.006518624864521614,329416.58243206,0.0029827912250753284,1164845.4450367803,0.015470294024440091,121181.36757332,0.019106278400756165,391059.58528026,0.021955956227986836,580260.2298213302,0.028069751147179134,588431.45991346,-0.0008717453180969892,186246.48765601998,0.008300680254026426,57332.01188871999,0.0048915046827268625,791280.5769589599,0.02002006167913317,754725.3452922899,0.0008243068578192569,438478.08075043996,-0.0018676014587987633,398765.03945803,0.033398225973504336,1039563.64896109,0.016607184796318272,138028.89099427,0.01784255667202562,93759.6599114,0.02084121071423955,1138441.9628297002,0.015093488672276528,344125.06092594995,0.011699143562427832,151425.45903112998,0.025271478960096655,556923.70263011,0.0026281375237808876,199796.36457027003,0.012674150752314893,115081.33594049001,0.018822831067394474,229869.15532341998,-0.018074278450163073,90845.51973669001,0.02089084612946358,448062.26180107996,0.0060738769674916785,121551.86772582,0.01364975014532731,142774.09134848003,0.011627083755029485,416340.03380594007,0.024901226425697597,19149.522363459997,0.027592247092170303,711836.54877867,0.015449197320975359,195086.93474614,0.022496222305554477,203182.69877232995,0.020358218098851966,84900.95241470999,0.015896683076834197,214742.16889934,0.02925421739195615,204573.16682765,-0.011475488884420645,87186.02395027,0.014196729078369183,584873.0008527999,-0.004839611322124794,193041.51475027,0.018010669995593323,113665.84850317,0.021271078094340305,38387.37446986,0.000761624341193196,173040.92434800998,0.007775238283637915,339538.99806243007,0.033242489866264456,31812.892734589997,0.009994808084313935,85554.96779011001,0.023665894345220474,160245.51914102,0.02275725026490813,515341.52632138005,0.025198080843250287,759892.1100946,0.06252656482613247,353639.7413856,0.004008062096369289,18144.24462315,0.023560383782742278,583986.59151427,0.002095652607135881,86098.79427720001,0.022877769973168885,288333.51617841,0.008219214877935848,19862.721695229997,0.0030349606637258305,32458.077734709997,0.043253341479442875,461881.09730932,0.012900206073660419,44522.027083370005,0.0029408140770646935,7209.737589889999,0.018072175596978372,177743.64211801,0.02010584640103507,56375.7989001,0.011379365381168127,141607.85797457997,0.01782370441184894,445682.58361986,-0.022010365612637726,14285.79676294,0.013877158086524219,32191.060696080003,0.030945486353616738,49984.22572467,-0.008551439569225012,31937.05314593,0.01568993471479626,25777.475971060005,0.013009827247871003,161938.88957337997,-0.015106860894861032,37222.68547683,0.012202746384216501,8148.736449540001,0.051822130041086885,1314171.88181195,0.0,0.0
2015-12-25,0.02241100943078303,97041.04057171998,0.022180638639322982,715332.5159716699,0.022942002518167116,1345089.3406925397,0.020869638773815348,622941.87381952,0.011908060045484704,306783.91666508,0.014068601500600122,1031112.8389663699,0.014273790880413448,113953.62746751998,0.020700364710771267,375031.90514395,0.017625034792488736,561639.50105396,0.028711023157620513,548192.3212897101,0.00031940896682218934,162980.49166589,0.010616909637513413,56420.126528290006,0.01671777979342629,725083.52417421,0.018600933202479384,729645.40947713,0.0187555300945406,444260.2302337,-0.0016956801937306695,401197.84994008,0.04604766778615019,1020561.0156177401,0.012485423560134733,132990.28847251,0.026688744617629448,86087.3171716,0.025379151210848796,1144286.46352271,0.015098283753710699,351264.58719239,0.013074486136022353,151802.66633436998,0.03035935210198067,555375.0021242999,-2.777727665351264e-06,192424.91911535,0.02073260925053564,107794.16426389001,0.012013252967472226,219636.9919171,0.0007054079177532127,89232.41496488001,0.031999784275028094,418757.79038487,0.0022549351808533683,118954.11898288998,0.018572733270444067,136605.29937176,0.010215753499894467,423132.03486426006,0.020196343209332716,18032.002433709997,0.03671634017626919,696874.63074987,0.01932958295406225,194104.53760717,0.02945709596811614,194068.57305073,0.01836871848587623,80138.52780245,0.018126304357542748,209822.54970270002,0.027343503357920216,203497.27926762996,-0.010265598509923115,89283.8366687,0.016002973867836175,601703.2877506601,0.013951648077405069,172729.98553611,0.011617641567178181,114201.77395789002,0.03005336265933088,35637.826469969994,-0.0026283480415595067,169904.22680665,0.008713541808256772,348084.07960099995,0.031099132418004303,28488.74990599,0.005774726240517865,83054.98981277001,0.024513113919717364,154650.49723977,0.02844886531949063,509594.82090128,0.03441604233227022,746169.4072823399,0.0883080850865961,342626.2176426701,0.02874831139788782,18834.00617758,0.01994018282864589,548723.5790344701,0.007366877368642014,82885.41519803,0.0357344632952401,286375.72586071,0.014775038109942979,20203.60487826,0.035857929232709584,30550.25239243,0.0445363072958236,420063.9320129801,0.0050630250876619425,40841.351919370005,0.016117601275860288,6054.507934390001,0.015016072925556914,169355.43685823,0.020756714034386173,54567.864886359996,0.005074420562518191,141994.87381318,0.022980318801343526,438918.5167152401,0.018884839086820704,15990.166189029998,0.007627748178949527,31018.83238946,0.02780927080304911,50638.011123150005,-0.010890238313359672,29857.291109030004,0.005811578044137105,24027.77016127,0.006601661834366103,148407.86347717,-0.008241908293682267,37264.811357909995,0.03593461356309249,8083.79686461,0.049637295952711394,1296735.38159939,0.0,0.0
2016-01-29,-0.025137149646708563,88759.47103990999,-0.024903107373246903,669947.38297038,-0.03776825406828731,1115340.8759501101,-0.04033515576851415,537541.95719252,-0.038549654960388015,276937.55329313,-0.03920027492359345,939176.22187093,-0.03766768356187,102747.75206638999,-0.029661437535104758,339858.5633166301,-0.015740010381135757,529767.5090006201,-0.028455519212084043,394594.1728256,-0.049028405006035655,145450.69423262,0.01724714746766484,57233.83433483,-0.046278713414147354,661513.70633209,-0.01903559969824214,675821.4778362201,0.008217453356741603,451473.6031993301,0.024659000185130384,404046.08483499003,-0.0048825824283320815,935980.47996804,-0.039830112286952726,113265.3723553,-0.06577200045285962,70350.99152326,-0.02109179891985135,1068525.6739970301,-0.0011149859305385015,335386.80531151994,-0.030143498455913277,131827.90587652999,-0.011695582395898546,518523.00470787997,-0.06360584916556458,157816.26914294998,-0.04460381991618609,96249.59747762998,-0.0036227431717895595,201833.30247602004,-0.02923060720891172,80794.77791153002,-0.051410543001731465,363623.17038802,-0.02275584969769408,105449.38362946,-0.05827268163132056,118227.67617187001,-0.002426414432123469,408294.17887117,-0.054876340565592846,14937.71646548,-0.01937774649747272,644229.9891330901,-0.003921008271067133,185507.48556814,-0.0391066311872546,173362.68917866,-0.046647536540523615,71799.79031226,-0.015219452710582136,197868.26132982003,-0.020613232751627023,191164.15833505002,-0.003283883831498523,89513.42232392001,-0.01720552329170127,568947.08299853,-0.021909967498687132,162919.41156142997,-0.004057880100568887,110794.16623885001,-0.033215752721906806,31693.985616290003,0.0217050075168396,176185.24027063,0.0019103994678394106,337406.94463345007,-0.03658421077766205,24287.454473199996,-0.033975765460418375,77291.2830864,-0.023604498554373285,144210.71095179,-0.013352639117011462,486379.03221293003,-0.047254060311489085,653740.3388980699,0.014500429878702824,313189.00062087,0.010185300606556204,17534.844349479998,-0.0432229887597793,471643.33879156,-0.03478568156800431,59167.72946393999,0.018352588408253653,289550.32583103003,0.03599361359971165,20789.31630507,0.005389312185402914,30169.798557309998,-0.02925960657310979,390084.3825221701,-0.02790938092636491,36776.95143876,-0.05750102499121078,5340.3066772600005,-0.023691457316191974,158595.04397302,-0.051104473167407224,45885.854373999995,-0.0039396713421769,144014.40452493,-0.005370795592568667,430108.15183915,-0.039898672831687326,12994.873004960002,-0.025067287143753218,28441.143492629995,-0.020518765464015026,47096.44740716,-0.06061146753530343,25657.229222249993,-0.02072666343277411,22846.7070749,-0.031577520172047575,133122.70681997002,-0.012722678877873117,33247.986748220006,-0.020686517761899965,7245.9226601400005,0.018629041748871682,1282522.10189709,0.0,0.0
2016-02-26,-0.022486034638580555,92178.62242640997,-0.031395842831277054,672878.9889726801,-0.056854849094524734,1139202.7912896902,-0.016947872474525054,570633.47908527,-0.02571266201853037,309323.94445014,-0.03093201071521867,1014295.52978764,-0.02687946027481444,112450.97027043,-0.031532641053011234,339180.15745199,-0.019247740340427085,540919.7066854698,-0.021217436878984287,404469.68250753003,-0.04320858278722712,168576.20984581998,0.032655576079233015,62569.13134014,-0.04118518759010625,655973.5280857099,-0.019399899811675194,700548.19438921,0.02363142943456736,484023.72321705,0.026313418977477587,433318.91858406,-0.012892841393535403,944534.60881889,-0.047534167149551956,118346.22729469,-0.053832857724702865,75389.59896202,-0.02694331513474885,1061249.65722109,0.0015981527332085848,347963.95934675,-0.028533852616288526,138793.66781976,-0.012018512442802252,539118.6427795301,-0.061551826880982874,162919.04887073,-0.02160987677350304,108634.1093171,-0.010650507204147234,210770.82735926,0.01563971963802913,95033.00636961,-0.03533566135774926,390183.8714793501,-0.023839526547728442,109005.70635844002,-0.059806964810339126,119985.64937154,-0.011258357606034053,420812.98502808,-0.07287962078154517,14542.09995552,-0.019026278574347636,636643.2411391,-0.008035061605966986,196934.87327023997,-0.02002390652958368,190459.43158315998,-0.032482766081554516,75499.28363584,-0.014318818964888104,207649.87158864,-0.0376340368149372,188987.02722619998,-0.018727218197675043,82741.73283161,-0.017056204152324676,578160.13646095,-0.01576513863514256,170069.21662607003,-0.020715600690505865,107393.95423338999,-0.03602079583922708,33377.49499429,0.02699814719881996,188304.85685946,0.0012569721089224623,359535.25606984005,-0.018675246717443555,28440.72036626,-0.044905686299770715,75100.28996115,-0.021193973045355797,148019.11940842998,-0.018100783423542263,489228.61114821996,-0.060080591427780376,622156.66795933,-0.018342313057263214,297379.03375736997,0.015482922979582824,17142.291395430002,-0.05335827578148278,475937.83142862,-0.026578603509757923,65194.48620209,0.02591484161726139,306403.89820141,0.03450320564496448,22329.438987719997,0.023281410600554515,36623.65654365,-0.03974151673972218,381753.7646707799,-0.03560404367664078,37721.1973053,-0.05197527668360387,5765.3235974,-0.010183750258053572,175810.28319162,-0.0595922151582241,45485.85826431001,-0.001572171073054162,147705.95435480998,-0.006515944849548162,444100.66679693,-0.015705838290832427,13283.94142349,-0.03712696692339233,28373.375595430003,-0.009592421069666254,50782.221396420005,-0.05183180153530103,30081.500259649998,-0.01518154149037206,24702.754201069998,-0.02677700149048145,144324.8940997,-0.014599399494474146,34844.216713869995,-0.03502756319337811,6914.07183131,-0.004623502216093532,1263333.6455612502,0.0,0.0
2016-03-25,0.005149721617558341,101901.46573962999,-0.012151861981623187,699021.70694462,-0.02972706532301845,1203684.0796893998,0.02471686687172711,613567.39148698,0.011129627679767547,338314.99298309995,0.005191633435752005,1106357.9823870799,0.0056278253455661394,120703.11837233999,-0.003957982008554198,366462.08500951,-0.0023914995656883478,570068.5284387601,0.004301312742995159,427525.52162737,-0.0217225266567609,177889.44196454002,0.041110161190638705,64493.98758561,-0.005196843228310356,715762.7736033298,0.0004867060902363825,734909.33265921,0.029010100032902903,510460.63744559,0.022825847304786255,454041.02121554007,0.003616176654439749,998839.12883873,-0.017677883133483955,131817.03742724,-0.003416416273762177,82042.83963975,-0.013971063290120454,1057266.6135643295,0.008107440918264803,359578.72000578,-0.008612589065777464,146678.02070139998,0.00425525622209815,564878.4380926699,-0.01952337648945318,172614.35703277003,0.01976179528350992,119436.42021088001,-0.011480182074964627,224969.29400162,0.06780494972164962,108170.01418976,0.008150350134058204,421840.56147521,-0.005119293524270111,117094.61451028999,-0.015002630685934742,135795.54855389002,-0.013832233625754687,441726.49951808003,-0.03331603537761092,15306.50609893,0.004834943161024789,669448.4842885099,0.012925626802864618,213158.53392776,0.00939832693158656,201249.10077677996,0.009458140125385456,84527.15592419,-0.0012094591534819181,217902.71529117005,-0.019003941466184695,199442.09456792002,-0.01649876488637793,92718.57247204,-0.0035617232926370896,602468.83857275,0.002158120849216821,181774.8257137,-0.010285406419828893,114735.09667566,0.002366639371820375,37146.44397151,0.02659694163763665,196754.59533043,0.004407460602830324,367587.1203338201,0.014388235330891433,33975.41986743,-0.017501666410600754,81552.4266481,0.0024817537387925915,156747.38984078998,-0.012201835906286734,507603.75266128004,-0.03552387511011613,617192.0141629799,-0.013674977861806038,297279.7621845801,0.0160581577311047,17677.471841450002,-0.025446282161678352,509001.91072960006,0.007927430534924614,73404.56553851,0.024790187688906725,317773.27787453,0.024633418463406793,22347.78434109,0.018827482762404715,38513.011209820004,-0.015854315798336713,399779.69237737014,-0.02038752752407407,37492.584040839996,-0.017474278193222965,6285.99173243,0.019006080181486903,185126.12295432,-0.02385824327341103,50202.369561240004,0.010794527842879594,153975.33286504998,0.0053316284714951916,456141.80143979995,0.01936202169454429,15353.136660210002,-0.0097424934074119,31798.253311040004,0.010940573521421974,53130.21039867001,-0.019851452922276663,32514.524788639996,0.014530863512348731,27100.678791269995,0.007795829692029035,158524.13337477998,-0.01603473207517033,36170.932730240005,-0.027683091064643055,7292.31184017,0.001509964941668382,1322955.8200146,0.0,0.0
2016-04-29,0.03904441148679696,106017.24974319001,0.020767494282017462,673902.6189756099,0.025032161033821443,1256838.67679284,0.041993431993837906,570026.3961889801,0.05477257476132302,347096.34163809003,0.06375576968245857,1175082.6932685303,0.026975206791549612,118819.84232892001,0.019577691833395538,368729.87304363,0.016256101994250864,570380.58793768,0.030174511174518106,440836.05423465,0.02382030242931776,181973.45053854998,0.03254933654083573,64698.99818027999,-0.00047918977880866544,700955.2694143599,0.027089677119766703,765473.70895683,0.0253368237857536,498475.16227271,0.011284362821491053,436977.25112946995,0.02181160795471355,990951.7178783499,0.02301991249406224,140272.64914134,0.05021671551860577,83865.98091312998,0.017478172563722014,1115203.58473347,0.021316980677029564,354613.74245137,0.004373547813741573,132026.35606139997,0.019581780748233135,558922.5661400999,0.03952656312565611,181568.09339116002,0.056067874366798255,120831.51859082,-0.011451890735344123,219100.1236613,0.1785285202274029,88600.05386146999,0.059538911530313064,438886.21344275016,0.018499199205537244,113603.72384548001,0.04095286713608141,140693.50420231,-0.007072545546168026,432319.67342258996,0.07675877867011807,9116.53921555,0.03636907506150163,662398.8376551401,0.03158402026632996,218808.81037915,0.026951322866761565,200520.35048405005,0.050386404745623656,88470.81253139001,0.018845072477075897,212131.29441625002,0.019160512856498616,205012.4989327,0.006583781404904441,95603.21482006,0.01853774328442951,621955.4168813,0.05218856711577877,207153.13383918,-0.0011626436420102623,113903.76343204,0.05563209827553846,37999.936079119994,0.010572541353191694,192429.90042700004,0.0076934500878816005,358840.97455374995,0.04706405910941111,36455.99206051,0.029725011949646885,84835.7272474,0.025705581240626586,158481.49577129,0.02704553958440458,541059.6849396399,0.020336613309793278,678454.8558064101,0.03151950801484595,324319.26732877997,0.021993392402197845,18672.032283589997,0.023120976672448647,526052.51611454,0.053255931201891295,73699.00005618001,0.018197873407846857,312965.8149551,0.026922255466671124,23179.99227368,0.029290718337571825,38969.30754368,0.020753690160534844,417330.09085681,0.002358183679632127,36120.84994466,0.040759872410469536,6376.85969449,0.040567139670519003,187886.16294199997,0.02917140617532633,51350.32138278,0.014522003168754486,155244.68277302998,0.017156148989903787,452739.66668842995,0.0695333639672977,15001.723500560001,0.035921343356169644,34134.10820770999,0.036242005590364494,53928.458047399996,0.016005554502237937,30818.959683079996,0.03606373113427,27869.27017189,0.030760894280308596,157817.99780187,-0.005093969331041007,36300.67014748001,0.03486447967498872,7703.18735136,0.0049638256346419656,1311621.41765466,0.0,0.0
2016-05-27,0.044107056685526815,106979.49167969002,0.030117537185370177,685980.7527663499,0.03386304715141508,1234955.5630488,0.038047481170191036,567760.1681784199,0.0470170545883709,335901.85233563004,0.06274442122390023,1172745.7607276398,0.034162987130814886,116756.52821673002,0.033126071268940044,371559.26971233,0.024699181588132536,546249.95804793,0.03297915276187046,457687.94799814,0.02632836716528119,171168.85499299,0.03054274778363992,65806.70845244,0.022591774332337503,652495.3843711398,0.029830303406903423,754810.0220498401,0.01464341376508004,489221.7154711,0.011571731454652331,439467.35510251,0.03195006786882783,968642.1345547199,0.03745809402655044,146597.05498209002,0.051466701677691656,80418.44874359,0.017127400029783246,1094779.4677720899,0.02132158945742266,361906.96489246003,0.015089089746453703,122081.87431968999,0.02395832364268376,539297.68410731,0.04310805271786182,174251.33895831998,0.04080058126503283,115068.86910136,-0.002018342834486904,201659.041742,0.12157687740365788,83805.01875171,0.05080675458639571,429482.41255636996,0.028017856183233644,115633.04801508,0.0428893451709658,134093.50488897998,-0.003094185815380704,411985.52377366,0.07574231575978926,9247.073416349998,0.035513904123175996,660564.76455522,0.038695282872849984,225054.90623204998,0.03300214915389623,197288.45748749003,0.05074748312109201,85670.68878609002,0.026416335193248656,217630.62993971002,0.026304062420603905,208447.38055969996,0.017268125713245902,96149.50860948999,0.012051770895346148,592067.75231517,0.0405524252048058,201366.29504455996,0.014231580767197079,112844.11117431,0.055347804839384354,36684.04911313,0.014000231382428851,194610.07062302995,0.008073203687336626,357044.71575125994,0.05860670827423796,39075.298152870004,0.0376787150176775,83011.65342993001,0.03313927741882004,156074.03108214002,0.02479587440962958,537554.3787059601,0.0217814075076193,633635.64867991,0.058919517140161956,342093.38462249,0.0167609758160608,19308.006335949998,0.031874815881727504,520137.19562058,0.05142105484113289,72572.10440702002,0.020947585296147587,319265.12183248,0.02455067050681856,23490.69388559,0.02505595370777691,36864.94708529,0.03197917451662129,406906.7386735,0.012634094846943595,34792.440375759994,0.04783706243965263,6194.38765597,0.03474601863373677,186171.32500302,0.04131510244203776,51236.9675133,0.018509824552428767,151641.28294047,0.020732519998935016,449965.54932968004,0.03885344918885347,17253.17984678,0.05336911196845272,34942.51760464,0.01895391198518088,51691.46167564,0.017347989865405384,32235.58120686,0.04127613972979732,26999.74268312,0.041088476085023216,152724.73476069,0.001279634405848528,37789.7198075,0.035345404270138873,8065.53721196,0.029247148711476916,1288190.40804851,0.0,0.0
2016-06-24,0.01152007198030468,109103.30808158002,0.002044610369227664,672532.3901890999,0.00420726527014803,1196380.4671037202,0.006020619667984645,593309.78396302,0.0053816750582871085,352175.24515510007,0.01791725525199826,1210131.47320822,0.001443995925232351,124807.26837399,0.004835376228627213,383143.96851665,0.003401308407585624,542521.15243991,-0.0004278601794603545,463069.03103639005,0.005609749522663092,179461.41347224003,0.012918626155420401,68972.91042901,-0.02257808576720485,650265.2679666699,0.005292580176193064,747494.1432825,0.004129844474490277,523936.57392297,0.009893437364456194,463436.9066929,0.005521437830278975,983109.4620034501,0.014354217608564188,153462.13226304,0.00249521499570804,83848.99696359999,0.004265913940227007,1114645.89795625,0.013804008540641543,366723.74080955,-0.024157277757780614,111585.17954446001,-0.002377484544789638,549223.08531672,-0.003118733468766029,162382.76253309,-0.0006937313124510817,119577.83510301,-0.012904438503711247,204959.96912926,0.056308461458699666,89860.03999564,0.007795781260446442,438280.22169898,0.016694265585786263,121225.58732888999,0.005458822446417599,134842.46757133,0.0017104624285991202,433473.27462765994,0.02941863762900778,9443.76138785,0.013526703371092562,680846.12594049,0.01606343761661596,227874.69246143996,-0.004465281727339461,203745.76719965998,0.007957508951451937,88188.43935721999,0.006513434896360442,225222.21593343996,0.0145704452896222,208239.55993116004,0.026002970045938753,102201.99609721001,0.002517405551624736,604698.87660229,0.019032489473104774,207836.89719659,0.00768568765045879,111851.79812132001,0.01947660311245688,37834.174799,0.009079742314376336,206620.97021241003,-0.00019187093708051197,372665.88404531,0.03540904012001594,38320.63901413001,0.025049626545310066,85481.75940349,0.0077011904886481325,159668.64454571,0.01743594768063754,555249.14019322,-0.007961851662639336,637996.92089021,0.04310997029427764,350690.31139334,0.015045312387135938,19250.70808488,-0.0022078932544434705,505720.1349426301,0.012427218988322936,75202.01862066,0.008151257443810967,330476.54714142,0.038760250805983415,25214.53979563,-0.012495996516195436,37866.97064378,-0.007360962776405086,406959.67340865,-0.002483977596499945,35162.973806689995,-0.005096779070863153,6479.104406210001,0.004164293725082432,192504.69760773,0.015167109588840582,53377.329759060005,0.012372338956733423,160546.84140385,0.008708630026894289,458690.72427830996,-0.009151442704105773,17863.1000899,0.035984236935639534,37606.82859371,0.00705610016485207,51511.06355448,-0.003466343626778594,35153.22489787,0.00490654851465897,27959.544665510002,0.0062729361008460405,157698.60468334,0.013888356588630281,38454.923879010006,0.03940873965603157,8369.61495035,0.00020875177830436144,1253491.6366191201,0.0,0.0
2016-07-29,0.035764715149530085,116931.11584238001,0.01785260076153401,692215.1606732899,0.01541259554184113,1231974.5415815702,0.052098865537282275,636170.82192289,0.013496481098517575,356574.45178916,0.0066863451646502125,1207095.0632543,0.034709177245342164,127092.44094668001,0.020561674352727346,393345.55304778996,0.020980271307262113,578772.8971603999,0.016131081629642732,417461.83400567004,0.012998559677515769,179296.62254726002,0.020420489319897917,71159.49000099,0.02992410527508562,642148.42057242,0.009644564992311071,809780.5784218801,0.011896877130540592,550748.42376217,0.010716647994717936,481573.50499948993,0.03999189876028962,1054494.91544252,0.028220672265638208,148937.90530017,0.02844523211013897,83348.05421559999,0.02185478808856857,1177136.68260075,0.020455656632543267,451076.93786357,0.02067391937970692,115939.39762525,0.009895198999024867,564148.4801313999,0.007070902892861742,172059.30352152998,0.0159932534905694,121963.53700716,0.0020271523963004924,212058.08854690002,0.014493510379094965,99953.31901078,0.020060746512146243,435206.70079461,0.032085847501927126,132687.79527147004,0.01892473356863549,139117.42350740999,0.010056621392432387,451833.01132974995,0.030472074900950965,9620.235973929997,0.026819486941547503,687463.0076639501,0.02589843493502783,244698.10265170003,0.02864901483250405,217401.7246299,0.013939411729664297,104089.7773803,0.02449560422345508,221146.61830551003,0.04081122532146075,207522.07488407,0.022858640730492024,112826.76257948001,-0.0036310270634962597,622552.10961167,-0.005723677628694875,199616.09284332,0.03074800436150087,119706.77754682,0.027897902511174234,39632.34211004,0.01045827919383121,216745.70509796,0.0188925895361774,383447.70016165,0.037403206170183244,41637.533320300005,0.029146845776173456,94219.33120023999,0.027348501892684094,174514.46460804998,0.021893029926147056,579048.4675851801,0.01708646519282279,679303.43149606,0.052070954388471806,373636.69387719,0.02531953933289183,22968.945394359995,0.020079866653281372,521910.94113802,0.012522761625461488,77052.21892321,0.016325441478538306,334510.80014269997,0.029111460132804398,26606.59576125,0.01593545361647295,38925.13281335,0.015213993117402236,415266.00355134,0.009821741897759964,36556.62841973,-0.013900361178969865,6243.7225733,0.01818910262094351,195852.1696309,0.02405249080817475,57211.35367753,0.028085130701796638,177263.18218002,0.020129831030152524,456256.5069577799,-0.01651155187952958,20572.010696459998,0.04999059032706439,40249.415122930004,0.010522426154278801,54291.655724450015,0.013899882301537495,38897.75161274,0.028569126364810828,28945.195015489997,0.014742188067108345,159872.57078853,0.010384184593017954,40285.59252936,0.04567212972130007,9828.85312958,0.04820347728792601,1353882.41467167,0.0,0.0
2016-08-26,0.026170208650201882,118440.75318238,0.013800896392414181,692931.8278807402,0.01589186573269427,1276778.55964757,0.03461182081226759,673217.81355966,0.020806528955347035,377116.71642835997,0.023970919282018655,1238549.6139744099,0.025082809157963955,133625.69828457,0.01651010956367444,391566.81658485,0.009794506574413277,574259.1070245,0.013336317938860167,420277.89701461006,0.01597365818790612,182436.73319527,0.015126583517654744,69351.09739331,0.0105955538929313,706465.6093429899,0.012734194356449574,828737.37419979,0.005546516026597988,519233.43226265,0.006911232329761352,461788.09076426004,0.026166675232908894,1070894.4086179198,0.019305427612710212,149497.39256406002,0.01890082841439934,85175.52794849,0.009082900779557665,1141542.8286818601,0.014563308643654668,448723.00609549996,-0.0025534850558342082,112893.91292751998,0.007601334851413118,556383.97395207,0.00570332589305702,173356.25878222997,0.01661357327038767,124173.66905953999,0.0011621699681144666,215311.63261414,0.04348668764067843,98938.79609008001,0.02185084308616911,439343.38599229,0.020792673262158144,134055.33418355,0.013371015619133723,133707.3834363,0.003308661087817794,441503.94621982,0.02806786250618302,9628.05549704,0.020555183094812152,694592.55601622,0.017224556502630026,233463.12347924,0.021050756210886878,218566.97579903,0.022660937978675966,107499.40021214,0.01689202184912009,216976.43796568,0.022808127192008913,210884.32056913,0.0209955909516472,112771.14852962,-0.0018051621232298058,609216.46911794,0.015095876034672231,203747.48222449998,0.010341857376038242,114948.21893419999,0.025694369469208497,39500.50809969001,0.006326382238386231,206272.01163556002,0.014982219607323977,386096.7501466699,0.024993055280113495,39436.10519211,0.023916753759082268,94168.85422417,0.019861415723215977,171611.87937465,0.018601372936332308,590719.7416998401,0.003905887440186492,691454.79055538,0.041878821214350735,382607.6566034599,0.014165418893891302,22452.558969679994,0.014869408516851921,541338.3799698901,0.02196824113300064,79912.9111196,0.013297828057611417,328972.63194507995,0.020764389375693693,24653.792601669993,0.004340839780170991,37967.23220356,0.010296949910121186,408858.61873273,0.009788649096980052,38013.25443079999,-0.0057204668425110405,6075.3730165100005,0.016979994319710662,196341.4343305,0.021598016099838118,60996.33754511,0.014620123029907981,169348.9022499,0.01400072935277939,446942.57505569,0.004416312501116937,19818.01330703,0.037260085016842165,40623.808693950006,0.008253758959197093,53447.40319865,0.007357241727847815,38732.16504203,0.022908166719733974,29887.892217229997,0.01632106393012728,160875.0177213,0.010288195838260576,40860.98732072999,0.03163296535316218,9731.120327920002,0.02082599121521348,1404783.50800376,0.0,0.0
2016-09-30,0.032301627727317914,137852.12925265997,0.022371290981421148,693725.65310988,0.0241047355850504,1247219.38167051,0.050692209327746506,674680.57939529,0.040910810170815645,369770.77537223004,0.03738764171005534,1202772.2036144098,0.03419151916725509,135389.44977529,0.02063879640864958,381394.45882694,0.012023108066240247,539205.4682426801,0.0288449988041878,422215.97176543006,0.03287139655718721,182871.26895718,0.0230321714613236,58029.73069617,0.017020379029633263,677310.23045787,0.02352467460650523,825326.2625094998,0.013857491149826179,518672.5347232399,0.010925469729126936,460874.58710143005,0.03246001122144944,1060696.89796814,0.02162129313340268,139640.97744646997,0.04277218976176677,58627.14089647,0.02261843342872691,1101702.7261592199,0.0172424789058128,426014.37500492996,0.02257218770975233,115008.30368969,0.017949069347695388,548887.1709728199,0.026152675707845238,173103.37636362997,0.03752659100366467,119453.39071597,-0.01213877468333869,201418.2408682,0.08820076577282909,94678.57246478001,0.039147269058918854,424014.99995310005,0.02470590963254101,129906.98654933,0.02794735175303969,131564.47153219001,0.001476409664817669,414062.84041994,0.05490042942452123,9935.90402735,0.028710110766454914,668506.3653354001,0.026109561533665025,233440.29578930998,0.03320203373479185,222128.95142935,0.03948571420586865,109313.17029612,0.02119043747832598,212263.55472383997,0.03689959123506567,209900.17280362,0.021463050570921974,114543.75810928,0.008856830382533815,587619.36018454,0.029666352730882264,194859.57969570998,0.015141376731921802,117828.14693372001,0.03808645165639628,37938.7208877,0.009175182042120027,209683.36401596997,0.01612855282005665,385484.52813627996,0.030250256688637032,37235.17464614999,0.03204556703830983,93931.74386685001,0.025177289155732214,170612.63009723,0.03672254817609902,584489.5510103601,0.03353146729988123,687274.2598254902,0.06382729078721791,397512.11204947997,0.026816538860748414,25356.432388349996,0.026327813534725093,539658.6683162,0.030092061471106983,75651.62470158,0.013305968922049627,318723.04462125,0.020983133120054252,24716.837930410005,0.013780307646920127,36225.17666914,0.019820456096442455,399172.56514970004,0.012871284125781408,35878.11995731,0.02599586152992115,6370.2551518,0.027547127438044744,193949.60400735,0.02926800809769441,61206.99485018,0.021110118067289754,171266.66754275,0.016522012449392748,433838.66127602,0.04818990617687003,20898.8055799,0.04676440072754251,41227.71207934,0.02184701404791119,51692.36202186,0.012296549197713936,35017.66016808,0.024969561798148722,28896.646288509997,0.024686541840784934,161502.46751698,0.007447994690900293,40976.570632300005,0.05210107193343373,10273.731796349999,0.03211444143069714,1420008.8235244602,0.0,0.0
2016-10-28,-0.008800371080316729,134810.55982485,-0.002196952624203496,699083.56881014,0.0012686323671324252,1320922.6214894303,-0.00018275834812337658,689866.40277109,0.005069286484368809,369098.07626739005,0.02155533630031548,1245122.63637743,0.003153133172656642,135936.3577991,-8.691703178212982e-05,367807.79984416,-0.019798296134367586,536122.34787935,-0.006833693381347685,410412.81304271996,-0.00533745121655073,178876.61888534,0.005787054290282552,55232.181683200004,-0.014273073863589497,731371.37852147,0.0034632060513068953,834453.87315582,-0.00738404625654621,476898.66972133995,0.002070261243965684,441098.47574198,-0.0017974678730723072,1088300.92637432,-0.016842723020586356,136558.78778307,-0.018506282812931117,57041.3523877,-0.01885860457345592,1051736.2610447397,-0.0015858450260661729,425671.52295865,-0.03563531350357276,125383.92475439,-0.009700390282795976,544768.8990530899,-0.01849950715452156,176670.17387525004,-0.006995718770335066,117263.86915460999,-0.019636563459054436,192470.11217182,0.021879418884362158,91775.09305396,0.0010775431195075603,427475.31720324006,-0.009560804116931968,125166.74201712,-0.02013404342674389,133200.81608851,-0.005567403021553419,413510.44495965994,-0.0011870147457359141,9768.218391940001,0.0007858806121164051,654944.13132795,-0.0022340391514526245,230132.61638795002,-0.010115266690724174,218651.75954445,0.006405591242963705,107856.06628098001,-0.001705413791884193,211924.30954596997,-0.013837783933015196,209802.83532357,-0.0032026132797595744,107006.24149586001,-0.013518567365386522,581507.46090452,0.021800560255005378,207764.89985558,-0.021066891693162167,109496.16270244,0.004374869900143522,37956.49443373,0.0012365425011870794,198236.95550788002,0.0015350368213782105,368837.10824003,0.002964722792241494,37576.78590914,-0.012641187201022218,89002.26250739,-0.0068005012031566005,168705.54774388002,-0.0023024124465455516,569879.7323705701,-0.03855923397625042,622857.0607700798,0.00527924362757715,411385.6997400801,-0.0075367951253455,25841.133437880002,-0.007713147848366204,551064.89845798,0.006344822571759825,74709.28333361,0.007866350910862635,324580.17610455997,0.010196724025160205,23500.1228612,-0.019965669829683952,37687.30868134,0.00037477727168318823,426902.1352969599,-0.005647246850214602,36517.08054989001,-0.005324990561147359,6415.62949036,-0.0015429704924145363,185699.30476887,-0.012263514334394262,59377.12066316,-0.02119763851952374,157910.69827425998,-0.0027072265963095418,436737.21832154,-0.0014678870297442493,19453.79414034,0.0012036137650017669,39729.32102914,-0.0110559199191145,55739.25249977,-0.026215725199906517,34300.60906074,-0.010976983452002965,27049.100627629996,0.0037689184146386247,160049.93650987002,0.002064813354151946,40440.09171621,0.002902734830872501,9801.85778973,-0.009991607736614026,1478464.21419882,0.0,0.0
2016-11-25,0.03541013673446766,141859.08530726001,0.026343334154849834,744570.49953952,0.047088588963946,1528919.2835739001,0.030097222874786993,719764.44135195,0.04120779248774134,399830.52672442,0.021612387326797114,1286758.8224397502,0.036791620635728134,143786.83180921,0.016062776298524463,394834.90672649996,0.012883658576862515,553099.5605467398,0.022965856357742138,436417.26793712005,0.04111339237331578,201823.89190831,0.022601534180375853,58507.60999169,-0.011878376168313613,710392.95547516,0.013391771300521865,871898.2687257099,0.018340311377211357,485109.8540263199,-0.008575397293466194,424605.23308201,0.0028216640356852726,1095908.3526400002,0.004452370812066104,138253.02096254,0.012596892118491508,59471.77450644,-0.005006112498515499,1052089.56696749,-0.007683955000100675,407373.57576763997,0.04045543034387782,145198.16163027,0.019596249692604616,564436.35735141,0.029750031380940303,194296.07199074994,0.02307421331995473,126425.47926451001,-0.01320183645137146,191938.62258696,0.09151113512982317,108874.68460072001,0.010887082530633592,437495.82115525,-0.0036374668938844073,118558.58787216,-0.003281577943575118,132161.28344265,0.018818826650640434,429754.70937879995,0.02979160806472391,10486.37530091,0.02447300941312635,712139.2196558301,-0.012887481929776595,217318.24959181,0.00032651661454073,222681.91276336004,0.015950091480736235,109711.85475848,0.023242768248895533,218742.46996249998,-0.00160029708711437,208027.24455487,-0.01858792999244845,93792.23517839001,0.017804819256079695,579758.88781457,0.02395238196192199,214500.32313938002,-0.016231792800853444,105841.20666347,0.05187836496776925,44620.46422744999,0.0009471470477078367,194111.30122755,-0.007804628413785621,358987.06431080995,0.0618472755989736,43950.9404142,0.005479227113651388,88350.24099825001,0.02314921552101329,177570.04212545,-0.0004602516334750279,552014.9687521299,0.011773584322904906,673126.22284047,0.013505511845888475,391046.13830656,0.04429687290404324,28211.97563354,0.03358083774572187,613361.14327025,0.04574670895115214,84932.74140391,-0.008974621951598621,310096.40391791996,0.029393203676286006,24185.383290110003,0.006336405775247911,37135.21361887,0.0025537858182368423,431327.54643929005,0.032997977929524164,39220.807703319995,0.02002715647372772,6509.553866310001,0.009313056997813094,188089.45983702,0.018588222431563408,59149.96183736001,-0.01219366534615963,143951.32097819,-0.01346349077389112,418708.13542438,0.01334123762471648,18901.61011128,0.0010726379473964677,37523.584887439996,-0.03809801988459245,50509.99560378001,0.016903501911637933,36984.443299110004,0.012429990970272184,27937.70322225,0.02135225162239459,170422.47670135,0.007120069606296546,40878.42755036,0.05042911516903845,10595.61419928,-0.025860780351396776,1386308.3483335597,0.0,0.0
2016-12-30,0.036484129131397175,138693.02674738,0.032434677520128095,763331.5466164498,0.06742472901073293,1671203.29892636,0.03160930384300114,755108.4465950399,0.04115655708779755,411318.32141380996,0.0190338682088945,1355061.65581389,0.04573674434951921,150547.26293645002,0.017817415973493407,395551.27539329,0.022422035659435728,558916.89776319,0.025125669901215505,448036.1329061001,0.04201150303226029,209149.72578982,0.02797500410231534,60796.67159809,-0.0008977466434324867,736859.0904180099,0.015933001528372712,879047.68796244,0.025814190979567952,536644.1865006699,-0.006757701569559907,445246.20454084,0.005562864673895484,1097920.00513154,0.010186370813624073,138005.09715194997,0.014026225940816045,63884.79706663,-0.010265687523647381,1059120.72932052,-0.005241791093481975,421002.2195739801,0.05768442381991719,153119.86655904,0.020457137144313305,569014.1474166102,0.037441047032506725,204636.05964973,0.026125564531909368,129818.31891963,-0.0011996443524021742,185735.35754690002,0.07385370034510676,108156.44151096,0.011799792238230515,453726.52031431,-0.001869729027281128,123260.69102419,0.000203862461405802,142974.24594592,0.022384160018114687,433645.15186373005,0.024037581339008983,10856.36007246,0.02823884412220055,725644.9880696301,-0.015757742927982373,223887.49992545997,0.00030286341993590853,227710.19438445003,0.011950899223206905,112391.24333887,0.03243779593541849,225565.0728299,-0.011236535978062501,204568.78017228,-0.029036495575023108,96968.27225373001,0.013829492158927432,603262.49511325,0.02388905831323423,229423.29981712997,-0.00587973919267161,117631.8566186,0.059134597084751814,45892.408457280006,0.004264268690837786,203908.20265311003,-0.012822291903268482,366629.46097837994,0.07627753228305151,44680.068654170005,0.0015166121915184537,92485.50558263999,0.031973689137328246,183584.92468478004,-0.017159751023763995,539763.9886361801,-0.0010154153226276021,649589.80674622,-0.016258527624396325,378384.9392191301,0.049462551364299,30471.93828261,0.04765721652726859,635207.8355928902,0.06038723124678437,91075.47258048,-0.00022845932577634495,322769.1069314,0.020523252698741935,24522.181262159997,0.011323021979524315,35491.95775034,0.014526950129478534,449361.90180342994,0.043196982034256995,40477.24999834,0.00792374468863273,6775.88547739,0.01409026733960035,196056.01501494,0.01273072901085302,61592.93949338,-0.019687313586854268,143535.92607457,-0.014514606626014132,422356.3448239899,-0.012660023812853761,19151.12096474,-0.0029904675390383336,39754.51221886,-0.05480877287812874,48385.59407857999,0.04500386196602366,41602.48746516,0.014891590474569071,27746.660204729997,0.024993563187778053,172955.74662449,0.002094767772567684,41235.43177483,0.011399905915890478,9484.933177160001,-0.01865572780701571,1400024.7910361302,0.0,0.0
2017-01-27,0.05641271885143279,138704.57949882,0.043340886819341715,760997.13413636,0.0788015745966156,1619853.0349113098,0.05901422932540293,740973.9021667101,0.05640046143294457,417406.39866455994,0.022557190267139506,1315272.8589211202,0.060673411284987974,149577.0964768,0.033328458910498286,355329.88856868003,0.0338031417989145,552205.4035933798,0.041481226025285686,473233.04145472,0.0654711308494678,221289.73267073,0.030970914481630828,55997.15742466999,0.02807144280232203,734878.8087949,0.02430869556442205,896917.12721451,0.02553088477422725,530109.7965371999,-0.003750566285711815,434743.19969231996,0.025201163477805558,1114349.98288855,0.035601853783678236,139463.39799048,0.04554254647632637,64671.20019576,0.008615491094490838,1042528.81002437,0.006899435578721107,424241.92069351004,0.0785251833226025,141247.97290166002,0.03164598201452323,576440.7546317,0.061562479137554645,201898.67656668002,0.04322039716957164,129678.36844462,0.00036940009077437346,187985.99194841,0.09971627000269298,114826.77277946999,0.02986378244971799,458920.1701043599,0.01610301563396085,123264.29831894,0.029388828771572693,147761.29556427,0.02205732469793224,416547.26902266,0.053762338695901704,10650.62271021,0.03483264791738032,718037.9908347001,-0.0013868162593879063,228217.03130119,0.02431931037568175,225604.41089901002,0.033440369881309745,114844.04192089,0.04293351525611045,225576.85376638998,0.019007884296436208,210521.96301917,0.0034217529556969635,101748.76240107999,0.02402696364322931,605439.8852492701,0.027286351576679878,229753.3271569,0.010401002952198516,119875.74567387,0.07556232328906345,45042.73739272,0.004906133780400178,203338.66643286002,-0.005518009664860013,364422.62530909,0.0968892032602372,46668.845273759995,0.025502771812014387,97817.35279471999,0.0432574797741113,183223.28973891,0.0062291939242417275,564964.23199117,0.037635092883348056,643995.27294276,0.017926840980986444,397399.93315498997,0.07719295674677162,32584.94090597,0.06534850523349268,637541.2300991198,0.07341048382498667,93649.08600044,0.0011976402386859157,336443.27658092004,0.017709473955824735,23873.899697560002,0.025237201223053,36269.11710676,0.02615135793045666,470837.70672400994,0.05378316472622815,40624.634435700005,0.01877207690734438,6695.96455432,0.020542326227856195,195710.7958355,0.034316393005668924,60882.69941109001,-0.003394867696132773,150694.71466757,-0.007783418435784122,417321.71301286004,0.013494976098193676,19311.47714534,0.01797861013146439,40602.93102447,-0.03278671814746039,51610.05590819001,0.06311222586716823,40923.40760544,0.028746133760414315,27888.468497500002,0.034705575548783486,169949.03682888,0.0166047754074055,42364.18128645999,0.0486593799425729,10351.848683130002,0.004477188854240341,1495622.61019279,0.0,0.0
2017-02-24,0.017618962086908024,140668.98527009998,0.01801314424182718,779179.5997445399,0.02772088759042707,1727069.1940206299,0.0453295817770249,776054.71236073,0.015303263603283063,434719.28070274997,-0.003033070288580146,1273450.37050301,0.035541480105880235,160391.40903217,0.024183944012737532,369263.34206354007,0.009698208638657795,564607.31158578,0.01974188283557773,482908.5101519799,0.02074546132735267,227882.65066359,0.01796444667665354,56953.129732999994,0.06380069918958801,823564.2900582,0.021538251511491177,938614.14463581,-0.0021872190326133138,512217.14481401,0.02289618192873258,448191.29595904995,0.039601927574033614,1169757.3788353703,0.024988007908185176,142530.27839807997,0.02497570663629798,67301.52693521998,0.025817331446221864,1101796.3826752,0.02513262266529733,434374.44692943996,0.017542224359307294,145845.4174101,0.0112110369955895,588295.60557863,0.023993117516646786,210940.69018528,0.012926316599840053,137597.87861276,0.0008332510514959644,189502.08917723002,0.020509922204022042,116660.30110499001,0.020301841760986934,483925.41840622,0.023483021322837114,122571.66422298,0.02393569120128522,152095.68068341998,0.006768908500671494,433390.57495961,0.025528742673999617,11370.803886170002,0.015014885735280174,747730.4624369601,0.025574265506627072,234733.84836988998,0.03729648052587466,246188.83551359002,0.020915180645455184,114524.66637112999,0.022548128762147897,232608.97989053,0.03481887623443697,224298.64425373002,0.047915241348256435,102314.34008833999,0.006135024212974008,613587.4380481702,-0.00148144553273087,220600.60825234,0.020112511698784606,120389.5436201,0.01716678531807595,46261.6562722,0.015651553260834613,205384.47679185,0.024266259664131172,386935.17807967996,0.013807647654335217,45033.814907830005,0.022781527685649085,99713.85788689,0.015575922049032562,186593.80990254,0.03069833217809539,600530.5071882199,0.02094483293170253,685316.5566289,0.036135835752543664,414308.04728383,0.04324674897718912,32502.293823219996,0.02951929843704328,674183.4394421899,0.01624282265786106,95714.77768074,0.034785236426487266,355600.84878970997,0.007320794074102826,24425.988710850004,0.013054829065027893,36320.42733688,0.031892831364122465,487810.31077627995,0.023689487860509235,41883.77180266,-0.012956329705853148,7092.220799580001,0.015012429528216242,203584.24405774998,0.018037891141639673,64376.66385008,0.0072320702063915065,147835.54107359998,0.012649306537770477,426542.17851764004,0.025891291031955838,19864.73295682,0.028247920943582173,39209.51707121,0.011432773788631171,53497.65463511,0.012349197449123496,40840.824853900005,0.0100789681709399,29025.22319191,0.0018322351671428347,167250.91063867,0.02275554896855068,44808.49103343001,0.036908887960845994,11122.148239459999,0.04740128926320019,1516155.35027023,0.0,0.0
2017-03-31,0.011751440069110414,142938.69768267998,0.01046818621609092,758006.8677084001,0.011118831716650353,1631831.6485002502,0.037741685597461785,771661.6537095801,0.008181661244980072,420768.05052735,-0.006984208634071172,1209903.50234028,0.024127419222236057,159212.99657328997,0.01261648279278564,358952.45734568,0.004359532107985102,558055.5968279202,0.015953174282812333,481673.3416082001,0.011380543148736082,214963.52182633002,0.011144050630861333,58946.00297218001,0.05940493323435612,840132.08088562,0.0189350269210113,939609.12513486,-0.011187180155158722,508103.01246388,0.021037014688685726,468492.21186078,0.034312930421219336,1182102.6913224598,0.020788929677782668,149313.14958181998,0.021455818573584518,67143.50159701999,0.030695075868389998,1111919.5594747798,0.02423358686366942,425171.77468772,-0.0034229424194364387,134855.47759644,0.009935183974332582,607446.0558101101,0.01409212594349195,196264.00009233,0.006750472912903493,133725.22260175,-0.0012781365397591562,189511.76749123,0.004980107692202244,107001.06475363998,0.017182023317864167,488802.2959196,0.020134859898859478,113341.53474476,0.01638150372279505,141757.08932836,-0.0026550153602438765,407336.69285965007,0.020630235490558722,11023.17578881,0.007992676180684877,732924.16325325,0.027532758877993866,243592.12272758997,0.03648221048272069,247998.25836191,0.012938741252258886,111070.4599538,0.014712352100591106,229197.72639809002,0.037037650914320784,226795.20719886996,0.05162125494957796,104190.43734748999,0.0041866590835492445,614050.14180757,-0.005965677173519744,206189.94626663998,0.015135096759031826,122117.50642990001,0.0003589284193344037,44101.45496604,0.012990676325661478,215657.81791399,0.026397013079871606,387336.80547113,-0.009738636804136083,42269.123350660004,0.01729318804515525,96352.88446454999,0.00888146625463714,188930.51323432,0.0417687911349363,589383.0724340999,0.02557593540299668,682647.3446515698,0.04934110682191423,410694.22062038,0.042497822765291106,29557.029143270003,0.018171041315806633,641070.31804304,-0.0023837287029847692,91349.9757169,0.03514945047973591,371026.11033612007,0.008383116470328699,25179.339377610002,0.010291219570943857,35886.06905642001,0.029680402527666374,500719.80965262005,0.025483407865642106,43869.09713761,-0.009029209627407758,6569.5281887,0.013976386932444601,208158.12235562,0.01371767059501268,61976.966064479995,0.004460722440138095,140398.8784948,0.015880327993827104,430446.35080517,0.02776741022854453,19625.59574475,0.028981993578346882,38891.407596410005,0.0223178338220814,53000.69869213001,-0.004003537774889013,39345.4429567,0.0020560849181514807,27239.539669179998,-0.009503423596609818,162548.65865031,0.02147092503898699,45388.8858684,0.05494863659375972,12691.10911919,0.04596662364490952,1529231.62883249,0.0,0.0
2017-04-28,0.009240763416003868,147290.21011965,0.0019644047080389954,764736.14031345,-0.012719517910913896,1649344.61096777,0.03208147817096882,773170.8611119699,0.009887571354039443,439085.06540291,-0.013255368701281483,1208344.0939212802,0.022844564345589326,161467.07660184,0.0030093850709492003,349031.2231602201,0.003344053247805998,571795.0137868101,0.014856906168644305,490575.19963682,0.015584242690083532,224737.20049386,0.01366399775265861,56639.27240608,0.058820444659790846,846221.3115074501,0.010861571760598002,950510.88742387,-0.008506369506160884,494494.17658855,0.021993391721939072,470290.5692512,0.030414350015412858,1220543.26804681,0.015224923443645066,153006.02093457,0.020157331146467793,67790.68544038001,0.023607264829524355,1092771.73877659,0.014479549431982711,431291.22187022003,-0.0029954741607126053,139739.48264883,0.01632228948544198,636847.8187224201,-0.010871762144145513,199647.7495501,0.004246275902312939,136726.28950372,-0.01349931884128053,194371.77755627,-0.010237319236187014,107697.80497593,0.009400971810726728,496737.92605795,0.020244580293605083,118298.30342235,0.0078039282348957425,144979.29637521,0.002508275730699696,421743.67131607,0.013140393359999778,11533.075545069998,0.0008993912574152045,751896.2362613901,0.026416925375572168,251833.20375669003,0.02984013441004748,243527.27520564996,0.013057516253177049,115395.94812212,0.009296075489660086,236036.00292991003,0.04051928159577925,230313.15247119,0.049904294273837725,107829.42596095,0.010193511940202469,623610.09346696,-0.02858400759199828,195270.66112844,0.021059021951677217,124042.01649257,-0.008047506391511024,45574.443445469995,0.018468959464790935,217682.82048775002,0.022186534487279582,384727.58714321995,-0.025358403013415815,44592.36859375,0.0087065237857548,98069.92700781999,0.00586880239525584,191864.3423232,0.04220167495713403,601107.30669092,0.02111472702795555,682415.11326262,0.051764192502965385,437440.64361463994,0.045489967525026306,31599.77934857,0.0011604947265232409,654555.90952262,-0.022204063447923375,87622.45957197002,0.02138085223546459,371467.99767042993,0.014777283602368704,26541.092196039997,-0.004657896273320024,35188.26110036,0.015408875052269221,506269.85524881,0.022199408720963595,45248.233288,0.0010732236365227086,6975.37516017,0.01786108098441168,214582.30033439002,0.022225186485851915,65443.93478327,0.002509471504766007,141844.57820673,0.015520973805931954,438164.00956423,0.02904937622970849,20275.52400459,0.03676542960588806,42157.17503176,0.01944668332586715,54163.77644664,-0.013672404490806565,41058.67954416,0.0010638955862683572,27300.15144318,-0.009203394185138075,165357.74540945998,0.020972431166024534,46909.68602538,0.057435064089844265,12880.502186179998,0.04845208734195285,1609752.40287066,0.0,0.0
2017-05-26,0.001621802323702484,147743.74326509,-0.006452583883440025,760478.1706279301,-0.02620771775428163,1614703.26369118,0.027854617756064553,821355.21400657,0.009483060087706607,446460.54764807003,-0.014198818294873761,1201706.0671583,0.010864820208056824,166033.73015080998,-0.010203136748566259,348645.87279395,-0.001998024279986214,558961.0543002,0.010315006976975807,482312.36492873,0.02195293166717153,220872.12961812,0.021839626959159412,56588.50180566,0.03162801351370905,900962.56940341,0.0034990229737963817,965098.16576393,-0.0023692646456426924,474789.36431733007,0.027313299766431275,473801.24770785,0.023141127841354425,1252322.0056622499,0.013994299844900552,157821.70631613,-0.005053978446138142,65428.63515238,0.006791675008923888,1088469.41443775,0.010591483703268933,424640.56141763,0.007164355772315319,145451.48613314,0.024808618200839277,665099.9095379701,-0.03222828772374009,186087.62029117995,-0.0016399404403684417,137565.31869771,-0.024278068284039524,184618.48913008,0.01725274982849255,101634.06180556002,0.002117035774115072,489709.93748312007,0.01995194422748902,115940.02654789,-0.0005645960090697108,141983.0654162,0.004165597772782923,425677.78360464,-0.010964664822708584,10484.893967819999,-0.0011473859521736296,743529.5570761999,0.025296920157990548,256260.97536722998,-0.006890404575612931,234741.18351106,0.010712145874935993,116736.32958227,0.002517418839394284,231551.41318211998,0.029323620166623456,240759.85151323,0.03694809215073229,111017.84894139,0.01673185998978865,634633.1710796502,-0.027750159298855787,190720.94073564,0.02106647175099069,128209.27626809,-0.02357610752783605,41597.58611882,0.02942596490347951,220063.21875219,0.00336333069096831,372980.6516552,0.003029715229475715,45286.30642129,0.0028466728334359858,93908.71719102,-0.0004518569581609426,190225.24591009,0.030726419202269557,618662.7834579899,-0.004362285382061321,672791.9899260099,0.04270584503444438,462454.1680506399,0.059859474853855274,31814.21138216,-0.017603224732900238,641124.7503264601,-0.025963645360433548,86926.52677969,0.024737693969135447,378063.59627379995,0.023880737553872676,25225.954332010002,-0.01180611808135396,35580.37019765,0.004491686360378353,496924.8910609601,0.010542642620450427,46382.2239313,-0.016639019595798207,6607.3251223199995,0.015747853640605155,218694.4573428,0.030579932920836692,68000.37964984,-0.010098853262336902,128573.79927708999,0.017791531989818844,448025.7777451499,0.024234639233698535,20112.91598677,0.03912175533515819,43216.16983348,0.028955643021888765,58124.09651298,0.004847968847667502,40127.778127749996,-0.005409455608656918,27809.38859116,-0.006907236082854774,161112.98421542998,0.012105620031078613,47056.99257304001,0.07256636521107608,14945.344060989997,0.04390180594821985,1723900.44219344,0.0,0.0
2017-06-30,0.012316506181956755,151031.50330286,0.008613416838799107,809149.7579775099,0.0038385406374491417,1636808.99095649,0.01682970815587372,850483.68255664,0.01735620224911642,462582.01074013003,-0.012614652156578421,1152328.76108837,0.012432789728997591,172500.44332357,-0.0017751760407049748,393619.74152061995,-0.0027980897331296695,530185.93945024,0.010255992687789853,476454.06375592994,0.02738227708361387,228560.28261363,0.008847897878808148,57406.30702349,0.015422826884516842,855750.6903237199,0.010240772366011976,983384.3797108702,-0.014642506523715536,475085.56615701003,0.013938249506837074,488732.41790312,0.022786986335860484,1307775.2179261504,0.022661515018814325,162281.18872491003,0.0068597407634740995,65972.33979562,0.008533221562104077,1165013.83225763,-0.003469361203409472,384268.91909814003,0.03541524275475998,148799.80581500003,0.030921459201255243,683704.0487801799,-0.000917089536542653,196564.9510037,0.0059917944148287225,147032.47215583996,-0.003579568008349443,195507.72700459996,0.009022860988498454,100836.68883500999,0.007982692110119788,500429.48131115997,0.010009973516816244,118705.66532257,0.029756906940099862,153745.25391431001,-0.013317535051510156,402341.3519579699,0.003467027079619104,10848.72354486,-0.0006827696086010125,744485.0974568799,0.018033399647930194,259761.48519214004,-0.015361745087437852,239108.66058907,0.021362102028471202,123214.89095034999,0.004452799772892406,231011.78489173003,0.026847393050595497,249576.99157384995,0.019517866743055952,116774.66973191,0.0244973150017059,669431.41111097,-0.04016000630669441,172882.36672545,0.02481097027037198,132785.14129049,-0.0063258894637979145,41945.69068831999,0.013936971842202227,222984.16375491995,-0.011518082130087244,384870.00341625,0.022810322320813026,44110.119820679996,-0.0036593702224400264,97339.91788308,0.004191732323108518,182202.99048387,0.028811365068503916,663494.8017146001,0.01903042701138395,748962.6603081401,0.03249625504599584,474151.49838986003,0.05782398943270915,29970.684568870005,0.008741720663949395,673595.8588519599,-0.0229875393899094,84882.39741728,0.014825182340627891,390901.9741023101,0.015651532823352868,27371.1832008,0.00589332411540126,37634.52985042001,0.011214206378095276,495502.08850450994,0.02693407861464651,48511.40657562999,-0.009029878890269776,6769.499143069999,0.0168742685118076,228889.13338500002,0.03944191346798154,73023.4793473,-0.026629977012495646,131177.02440738,0.012692286861427066,453446.98064883,0.0032543049172460343,19787.62766384,0.038425572116737694,45823.723595409996,0.030046138668535144,59837.61146095,0.007078541096942993,41826.75309631,-0.004142179092588646,28048.43982182,0.014027710249895367,173747.78482094,0.008156865017822453,49452.523291779995,0.05206948630338984,15554.66026127,0.04130595384858489,1732461.36364931,0.0,0.0
2017-07-28,0.005792494872059641,150711.73360042,0.015347630773873302,827635.97827056,0.01291186009999077,1688544.7805955,0.02416944753555593,871601.93526076,0.019626543397014234,471330.16898843,-0.007482872697980132,1179275.8167927102,0.02122454177580256,179010.32629678003,0.0015894358999489614,395277.72106745007,-0.004229755924077164,503309.40296373004,0.018096290783764745,484974.23625953007,0.020646899108067142,223162.2461932,0.016404447493434574,57946.874157360005,0.01932029932188352,884748.96914041,0.01904886016203711,1021849.3986251402,-0.004761714674893418,453405.47434031003,0.014342739144177797,482992.52074419,0.025110443837610484,1346527.58417634,0.01836116528830423,163254.76816644002,0.008220184160343447,68149.57268497001,0.004574853263400439,1144427.8082061703,-0.0004557949937058174,379245.48957612,0.026884923731934244,143678.32913660002,0.027641617754461955,678665.4601530901,0.00448056813082616,199326.89519362999,0.011308259189339913,150366.92193460002,-0.0017366158134900166,204116.78224064,0.02143001517553896,107907.53720650001,0.013849048287560305,514676.1325095101,0.007910240448137146,119275.32558107,0.0183637168122441,148913.61920271,-0.0012897661372839196,403949.63552293,0.007741536609035902,11457.99151946,0.012929702987042293,745943.60146667,0.013754835793274385,265569.0152784,-0.00981181765485256,238519.91770194,0.014316672206003567,124426.64854863,0.010441237165305196,233594.87297980994,0.01757729039625463,249986.77407603,-1.07944865021212e-05,111456.32136762,0.022078005250760008,670961.2764044399,-0.023095131053831465,178070.41929583,0.017680943627644084,130943.96824943,-0.002167449259516514,42527.1889825,0.013305113681582291,221126.61565232,-0.006597667696451895,373124.91058013,0.024581681498698292,42587.61427,-0.0043284663169709785,91339.30464398001,0.014393468540282138,184291.32035423,0.01923219916972978,670599.37156846,0.0157541450517146,775667.6272875501,0.02910773203698625,496129.27064170997,0.048324153297458435,30285.34152192,0.01694765548306355,698475.89484778,-0.005690452474659094,86171.10505825002,0.013483666862797353,381106.11821637006,0.015755766215867884,27311.79686361,-0.0023243157822140943,36391.981873879995,0.02526778168662339,514819.4020423201,0.024674621191586837,49062.203962670006,-0.013316869208162952,6804.64407986,0.013243268060937521,229613.4217146,0.02852751203822,73361.71119762,-0.022897631826758046,132708.61083101,0.011827244723497124,452334.49626908,0.00294856090070417,19679.66662963,0.026726548479102614,46660.295562249994,0.02169886084833163,60272.1837493,0.0124872500448003,40378.15963541,-0.007772497081640078,26249.05225683,0.006609930642913439,174638.89208754,0.0064370139909610755,48542.25714816,0.04113306792916595,15747.0913718,0.037576043120294285,1833383.21622809,0.0,0.0
2017-08-25,-0.004213133783356057,140218.48961902,0.007473238421275588,803357.3749559801,0.011498047942944699,1636103.7288155402,0.013885950238658155,845617.13276477,0.009880356471948987,453964.52508308005,-0.008752291182580717,1119863.24176399,0.012016793338643247,169439.24826232,-0.0036810127611328685,384315.78290271,-0.011041431472547077,500434.19885166,0.006879718303204087,489910.21620211995,0.014412135262989767,221496.66707417998,0.007979027066272773,58410.88098813,0.01563509492213434,903365.00138904,0.016192723345065815,1047169.0273564602,-0.012692668795528187,475672.32409824,0.006202528744907604,497792.30714453,0.01655973434647272,1320402.9272321803,0.005139829558105449,157408.64312860003,-0.00026317709909006706,64655.55166084001,-0.0066485737090320185,1117602.8087427402,-0.01078004468995706,378474.22412315,0.005797029039146322,130216.62911127001,0.017180022140291535,658794.2738293002,0.0009510154403101421,194710.81194812,-0.0021268022091537942,141471.5243675,-0.006191799382917588,193764.45275131,0.006349330550822651,105347.39957714001,0.007421031865622616,497675.65594679007,0.0007987484499384172,120131.06253932002,0.013123772818475134,144592.41193933,-0.011528607078897576,412106.20247373,-0.001974657964083402,10906.26583664,0.006740023845256881,758610.0695437,0.007561955084827571,265897.19449727,-0.015774001021798538,225876.0550872,0.012232514822962072,118535.43122928998,0.0010414535713610365,228633.67179208,0.008271938594031813,251791.05210128,-0.008872077469055188,111990.34626734,0.009058185446565063,653355.27569738,-0.030544208298306022,161884.17498254,0.006976650211933581,132891.07637244998,-0.010508014594926323,38742.86276553001,0.008778338036335112,229375.58511147997,-0.01051480418955027,383540.0694082,0.0034943555429443594,38518.15510746,-0.014556353580171755,89810.76414712,0.0012325153246979482,180398.59733166997,0.0044265356376604285,650827.60435662,0.0038525298617327905,736683.2669590901,0.004864237155989912,456997.42152383004,0.041684257041625844,31247.33651016,0.011476599973920875,680605.7848727199,-0.01575393066459354,79464.85233399,-0.0016901474284770255,361114.54187621,0.0032900524664439745,27483.957361940003,-0.015025621160342681,32729.75758126,0.009325094376275517,491848.40474479,0.021503112763616626,48167.05458663,-0.011893397564679383,6348.07784472,0.0068713139697910664,224742.11905620003,0.007911610661310913,69732.48930972001,-0.02932499449711274,131185.90733228,0.004314854032648752,460914.7485385899,-0.005358326613045899,19641.734545620002,0.020391917731853934,48036.586787609995,0.015131796746377536,62949.82807275,0.0006403636836770208,38544.81556335,-0.013469822147742913,26578.280569180002,0.013394033584433526,173269.12042785998,0.0059919522825959744,50340.21418876,0.006015376673852016,13865.60694189,0.019834321929309704,1714356.7788316202,0.0,0.0
2017-09-29,0.01629888842251167,149309.24596826,0.01344513996935489,813772.50872261,0.02096457486599733,1742755.5526486402,0.0369640446574901,889418.64625077,0.03420967703822663,496101.81679933006,0.011443693304380399,1241688.70485944,0.02930085200200194,180725.16167081997,0.006208189598709322,401044.16909938003,0.008812620828121051,542049.1178852201,0.007198816649385832,471895.15403489996,0.04520284201304708,249302.10278677003,0.0062882292789808334,58468.476006159995,0.011207798475667847,871109.3291690301,0.024858364136137647,1076330.20966522,-0.0022376301958450715,493655.51635039004,0.0019323789841693877,490557.2934162499,0.024334387815597935,1348599.9678221196,0.017147686040590398,155705.19666256002,0.0306425795670781,74509.23287543001,0.00013622515963789255,1163735.69345408,-0.005700446050177651,364634.39724832,0.016473384880984987,131180.24221802002,0.02159908331897381,669286.8191251899,0.009912584092400539,200711.40206077,0.02078178787777826,157007.53526975997,-0.006517523325624498,194591.37141493,0.018318829625394772,106463.42051237999,0.020342071309277704,453810.83823988,0.0052356408311621935,124665.49857711,0.027549531833043737,159930.56635424,0.0011962814886227104,414762.21461967006,0.01959684819507182,12285.2688351,0.018524721340110538,795487.0900555501,0.005052456509728649,266428.99840605,-0.004188807445327294,239870.06040319998,0.023373983080625264,122720.27062990998,0.013963082494009968,239362.91831228,0.022865516806470365,265159.82395489997,-0.01055540020716561,110746.43875117,0.01682951313284774,657803.0065825,0.004976756511289031,185497.15323507,0.003327139183187873,128673.23556552999,0.016950411311445823,44310.45124024,0.003189453927864642,227017.25721845997,-0.008024513032711756,381639.48795171996,0.030295484749704206,40729.51554777,-0.0021689501115047835,91727.13023576,0.01558673637651701,185517.00975929,0.014619155658179457,658968.90806861,0.029190384355860435,824616.87175285,0.021075247939302832,459209.8847741801,0.037156829960815284,30084.516846450002,0.023136189948487474,713136.4221865798,0.01971335696161593,89802.2346998,-0.004540125050227494,355202.13561634003,0.003555796117781365,27893.84444223,-0.00397397643751854,33689.12658001999,0.012385224744388103,498940.93359259,0.019387920045556152,47949.81623142,-0.0006951201670562261,6885.0792603499995,0.016184063105005933,232400.1375798,0.01751955388700255,70588.763965,-0.019376976369536027,132355.35197256,0.003654684611862729,451966.67442708,0.005950163814787479,20167.63372807,0.021475135769077166,49378.143104630006,0.020803486523585886,62609.11910392001,0.015998225236505684,41756.75351308999,0.016165161602268503,28491.92321665,0.023491666311807838,182337.77719944002,0.004956631415290015,50547.60141496,0.02475965983437501,14286.136477180002,0.033446982829725753,1746137.94075398,0.0,0.0
2017-10-27,0.02325826287411762,155463.74034544,0.01659138413390458,828488.31134556,0.026222696728346213,1791834.41367166,0.05085147231274992,977880.2432124901,0.043415737072847814,517286.38021819014,0.014288330273195666,1241622.9274034598,0.033127485592664874,189486.29324413,0.015519354007232125,421954.02435521997,0.007964182439826164,531888.77171199,-0.014739400382683704,451764.87292511004,0.0390977646203681,244666.79032447003,0.008074401530079245,59265.22659135999,0.009232280681902223,897552.9390218401,0.028060616349072028,1127191.9757933298,-0.019110888307573348,465778.9050669399,0.004914610641947404,500863.31168487004,0.03816671468344538,1448712.4963368198,0.025504152283932352,167455.2708153,0.03087427567811063,83287.23422285,-0.002855323755007523,1188869.8011262598,-0.0103858530960268,358557.58803557,0.008782028625662356,134684.57603869002,0.022767848162557072,700630.4442287001,0.021559789393626634,209168.76110481002,0.029480348307495276,161948.82786486,0.009747988384448705,200606.38138501998,0.01866663797392388,119230.52305069,0.0304992653209144,385923.23237276997,1.498074371705842e-05,116150.83153256,0.0313578192849461,164480.04006099998,0.0010419137328236978,404326.55198532,0.023684752562879375,12456.274152769998,0.006188438617396197,793173.90110395,0.0036674297760491284,272915.55862463004,-0.0020899719366330094,244046.53755794003,0.029136894257980973,128798.54333186,0.012027979715769455,243196.37157788998,0.030028958184755254,277104.27082146,-0.018207041957302415,107547.51618789,0.016824604222510288,675520.5756698101,-0.016111278319259945,208034.00211142996,0.002842573068025781,129402.17708719001,0.024555563567864203,44146.45892144001,0.00880861085146692,233026.76679395,-0.023143058442212896,363111.30648588005,0.03590625217553884,42905.658277860006,-0.009209839196097332,90961.30931073,0.026450030507933528,197877.84010914003,0.02161868107368444,689379.28825998,0.01437262553523211,806688.72813244,0.039775366664140416,468095.08660229994,0.02608121900796088,30220.04154787,0.023442104239155603,740733.8425377,0.026228271616275042,95773.29903004,-0.019817160786000328,295946.36464731995,0.022330312738272427,29992.68281089,-0.006090107377645416,33533.71835211,0.0053475469621018686,500254.4016644,0.019604504991841548,48573.95587730999,0.011983987919400713,6729.79252252,0.031868383815083105,242657.9382418,0.022374053239314344,74503.92368362,-0.023239314922776658,135434.00851843003,0.0020857733583045986,457291.5592002099,0.014846086186066698,29598.98322224,0.02350300871180442,49664.26179685,0.01937756034398006,63370.60045385,0.02061055483896882,42627.90893332,0.01504561409239047,29023.36758748,0.029009854730107726,186086.65532704,-0.003746037915383113,51521.77772797999,0.019711899345350215,15362.48960458,0.03621480784633388,1835361.9389636102,0.0,0.0
2017-11-24,0.03275335136233565,150062.66157968002,0.021615311404225516,817994.96307491,0.03647386845161644,1759228.25114039,0.05572606241271898,1059193.1144678,0.051228710883194375,517950.28982110997,0.02912852263492519,1243652.1406202398,0.04503347370574348,195256.36342160002,0.022960863057666002,419927.80990643,0.020723320635714144,548335.6024538999,-0.008660574864245993,452880.22371089,0.049666374633497955,240836.80358312002,0.003671575284669164,59469.96921237,0.010683062022547062,969769.45672762,0.031100881790687842,1127192.6224058599,-0.006798934237402027,455632.15431588,0.005439732055917679,504892.69661438,0.038130691373545085,1499061.05890862,0.03697547965434967,167916.90469209998,0.06236507796112291,81794.44320951,0.015014448769975708,1123130.89305542,0.0010157950650066165,376756.50078515994,0.018399863795551606,129600.58478085001,0.02005392366075801,702737.84283836,0.03410307872121878,210306.10475991,0.04424340937452086,157119.96037242,0.017804167263082565,210068.80003045,0.012846903834259174,114610.96566704,0.0382308012847671,394420.95828573004,0.005423416627155995,118519.44212051,0.047196658837992636,160843.19474273,0.007160987780797015,423855.55348875,0.04876837941356332,12525.949759960002,0.017629727171677396,748631.4136913798,0.0054157922821878,284426.41338869004,0.02203086501513631,256878.21769917998,0.02817909853679722,124124.69295424,0.0230702755631567,235930.02715603999,0.03267131238377925,276329.89456498,-0.00649413667030597,108544.39800287,0.023190009956409987,663694.2701993401,0.021759045695237154,205399.62042837,0.0042719934174074775,130372.06583543001,0.0524681415730644,46638.14498271999,0.0004413402058020914,236639.53383365003,-0.008911174149503924,366853.52754393,0.043315166768585815,43007.028802659996,0.007964724484638338,93069.95755378,0.03515632167073161,199417.03720927,0.035031835323520985,697499.19858568,0.040456204234598336,768282.9333483301,0.04827754853410366,531769.58756731,0.003138068273164151,29125.872713439996,0.035150794015100705,742018.22941081,0.057395790386746005,95604.55037015,-0.002960554353657412,288005.87412169,0.02012254080320116,30282.761433519998,0.008559036149211987,35461.579956190006,0.021062969906318046,500220.26448219,0.020890331316751328,50899.018593580004,0.018992214765257392,6912.6068339,0.03430389796157339,250105.54960019997,0.029573541427361,77144.22062864,-0.007507586596280459,135647.36901566,0.0016561851622969048,461235.1683875199,0.018093126986287948,29085.09177666,0.021506104874689333,51635.819448699986,0.01962512534865475,68377.80001982999,0.033539847553577556,43607.13544084,0.027728923676817313,28676.67372196,0.02632418000009038,177823.59409958002,-0.0035061232596530277,50060.855322070005,0.029716898786403028,15191.66056334,0.04157059577504233,1915754.22038558,0.0,0.0
2017-12-29,0.015258907012206648,157149.34136555,0.015752657204857686,827716.8664485001,0.017499809300605247,1903462.74064998,0.033436265792680366,1035049.9982262299,0.02882345244626605,555097.49894132,0.0008434281088746719,1330907.8951001798,0.027312895351442205,189959.24353996,0.018929134097640552,429949.57762708,0.018538324678688337,603148.02591501,0.021726994833456158,486136.73227714,0.02871351592602708,272616.34363618004,0.010737264726475114,57614.20344265,0.04062906949872919,990433.0833368599,0.029724676422796494,1169642.7461918597,0.002615859224544617,512542.75600015995,0.010812340646805972,473841.2601077,0.033634462251401175,1502056.61473172,0.030367446849836888,174966.68645801002,0.02133830127186543,82814.02606869998,0.01391111158021908,1145829.59871118,0.006897723065159847,389314.74742369005,0.015421378085091442,147117.39963259,0.019787320146623093,725308.18534509,0.028282847324400815,231641.06358939997,0.026223498330204636,167607.03566917,0.02546947757088685,225817.22155797,0.033357818201292945,131650.10343873,0.025089177459783382,403317.38137158,0.004822565572409337,114599.46587149998,0.016996210688032105,163583.55806538998,0.018063940807858378,450296.00511230004,0.025865763037484283,13038.01847652,0.01957960938413939,773250.25735013,0.01848299711151974,276211.84864654,0.025349696949696958,268054.10130728997,0.012934090690694629,128646.08729811003,0.014325906726542915,245111.72069043998,0.026555107867241093,274275.48213249,-0.000607547190734027,104395.19254821,0.020620958623833112,702693.86049919,-0.007788749124230294,224426.37214527998,0.001924487615202719,126002.68617536,0.014673737822523018,48968.69377588,0.010016584997784541,228716.24619579996,0.017601518811041637,385113.41943638003,0.008142378687909952,43945.01075707,0.0065903723964939095,92944.12016682001,0.022314643897430566,209606.9190338,0.027763610182535044,696229.93159605,0.02437996452726312,789989.18029238,0.04490247390980332,555945.44053215,0.005663024264121477,29637.604339349997,0.025611237176784735,788460.5506679501,0.031808919823457266,105335.20043714003,0.01749519785692447,303370.98232224,0.021979514847064684,30961.290987119995,0.007863763556391339,35054.0986254,0.027769871492070497,531040.74046656,0.02256601509613703,53530.59377443,0.009207672429712382,7465.682886369999,0.02268384059564156,255482.508975,0.015333811112920223,77029.82252182999,0.0050977888033359835,137924.49516027,0.015190646679999403,474753.81696684996,0.012897331898242362,28436.9149973,0.00695375066946826,49400.08107583,0.03680402049036017,70773.00703544,0.0018229401845006766,50923.409215520005,0.01261232832507336,31215.747569420004,0.010253363608204334,193301.09728303002,0.006939513421306489,50258.99041935,0.031058123485687483,14886.159620089998,0.0301601267377099,1948844.2998645601,0.0,0.0
2018-01-26,0.029127255951351974,163569.62803614,0.02671598201193074,851502.2453475901,0.0387991783631009,2008135.80569736,0.033789882136197845,1101057.53691464,0.0377919363680755,588822.03955657,0.025606109735554067,1420686.4662706899,0.03401474535980155,204034.5360883,0.03150867971362743,458972.22003568,0.05968817229456224,657702.2484305,0.03881697877739772,508958.45296395005,0.0350120707691193,288423.8237373,-0.004196040318593896,55876.814420279996,0.03565391395882757,990882.9105548299,0.047120063512382286,1284685.94912841,0.026902282093730693,486544.69174211996,-0.0031659897547399573,452906.37628117995,0.037098180814914145,1623394.6882405498,0.023855524198243702,174009.39486184,0.03719219909319483,87507.96380285,0.04025283974092588,1200501.99080994,0.022707495119302874,395405.0226486299,0.03015231501453226,149732.20881971,0.03372693139069582,774618.9694696002,0.039134473285929935,238436.88386151,0.03660469703097023,176894.1295364,0.0412784054807145,238629.52137174003,0.03732762149859577,140334.20273355002,0.022574374671301297,416181.75832563004,-0.004664338327005287,106469.51573663,0.008608705896674226,167145.7864229,0.06197041818897468,486605.99564701004,0.04165966165424504,13916.9813028,0.04316048313653769,806393.77571948,0.0137256832565804,272982.41345048,0.054421652752657264,285951.63250513,0.016227891397807497,134265.36830707002,0.030436638821160784,251602.9242975,0.04382512289796216,301901.73596105,-0.006328218348515305,98734.37063771999,0.05137575313445046,768956.9232128898,0.03921762284050288,254060.33349018992,-0.0063819919098588385,120695.40333967,0.03140599429055543,52041.709355260005,-0.005710199252416677,217272.06735791,0.019967459960909522,384068.55036101,0.019873762097505625,46743.904056620006,-0.0010830459507327288,89288.04550522,0.036863749270302996,221356.07534193003,0.04781764272172876,729524.96741559,0.06688181393044683,890530.58135493,0.06617543523731617,630288.5628151,0.0029116544755044063,29689.893628310005,0.04243469634979288,836355.12805243,0.043968851714112876,108358.65160422001,0.03379442478523112,308146.03376905,0.003975886840229677,28977.61886038,0.02265714560185194,35540.88423204,0.05640963377329837,587249.1337162701,0.042337467277934374,56382.56719290999,0.031554989031152586,8059.33131199,0.041028067753213396,266580.3440392,0.03362224664524817,79463.64307613,-0.0014108848538068426,134762.01017297,0.028863285338562132,486803.81219364994,0.015050454258496382,29039.953983499996,0.007767901704431132,48741.73886225,0.04139504235054575,75006.24388748,0.012190573224385581,51967.12644302999,0.045726442384114864,33210.687147000004,0.024477768319787666,213324.36505511,-0.0012505078412308234,48614.86252495,0.03982980379889727,16533.67049139,0.04249519257663312,2114888.36444991,0.0,0.0
2018-02-23,0.004817574679878975,159127.89438463,0.011483586209195259,810936.34845132,0.015808944829653927,1967771.49066677,0.03088273221836879,1063728.60931223,0.02264849206645084,551632.9518908901,0.011379760611862171,1247530.8265468301,0.009626509777787114,187815.77050786003,0.01633712275210178,462308.77249172004,0.02659274240348722,607608.20376325,0.028132660603042047,489235.3865334501,0.014496547611961199,272580.26955722,-0.0011155222291684387,54807.62495477,0.02891191316279518,963637.02946968,0.03122109653297314,1239835.93987046,0.015567499289158017,470130.01253191,-0.0053781323485764575,452003.63784875,0.02938838115398995,1627014.0944331202,0.012467395668272586,161476.23600464998,-0.0003713021311278492,80306.90552773,0.0025035843930101736,1129633.21859189,0.009835695627601693,379549.88442032004,0.014052994890516462,137166.16838875998,0.021506863795257212,728324.4668866,0.02187713742780121,227860.370314,0.016253087897085853,169844.59166407,0.029359217660760384,240264.98696306002,0.045296552792280245,139411.03963266997,0.011893818163374259,396395.80467641,-0.010831031009066874,100537.66462894001,-0.008291319189497062,152712.21253448998,0.03115210382449397,469801.75081675,0.02308320250400767,13938.898361770001,0.025191985087651983,829188.17476224,0.01032667966072443,267250.01120583003,0.02336463813054437,294018.98138489,0.006080017054767915,127520.60555091,0.010153309101208366,245385.59549831998,0.015109949779643665,291223.6959303,-0.0225426725841118,93765.46777583,0.0220529318774673,716110.38029376,0.0035505205371171716,216470.12053184994,-0.009824002872729514,127334.12826691002,0.001120702721097433,48506.58042926,0.0011794844855453543,218461.56822794996,0.0033793561455749735,352332.55474992003,0.008418422844197773,44088.81074963,-0.012869938768341076,85142.98749500999,0.021176734366944228,213957.65062111002,0.015765428432778734,715906.0668284902,0.020287373601313996,845386.4316668,0.05537255886993066,682493.1950460498,0.006081276728882213,28463.77419542,0.022499345379167958,816723.31553841,0.021169773812030633,103724.44012426,0.005303201791982223,289430.2426675799,0.008218739799667113,27978.901174309998,-0.004373481529691426,36055.32219855,0.03861221825985738,585511.2534370902,0.02451769554991955,57754.61522379,0.006867722142347985,7965.859338869998,0.017082193389263547,256267.93185999998,0.012016141239074038,79435.44613151999,-0.005763489079764766,124908.47886356,0.019981592318364085,465250.69586363994,-0.0008925246398248546,27249.902850780003,0.0027134337205529232,47378.758745479994,0.04494036338726659,77189.97025177999,0.0017507896926836426,48811.52004943001,0.012824874411347716,33037.12065044,0.012544998894299752,181425.28636376,-0.008959739864594507,47179.52311763,0.018424478391517077,16448.566089729997,0.02808828088561671,2010449.7945552699,0.0,0.0
2018-03-30,-0.01486926240115739,151203.40003366003,-0.002542743328604768,799516.13333359,-0.005449598368250714,1851256.81838804,0.02269687339456258,1111256.0239152,-0.0015238489496593624,533516.4572930501,-0.023508330189400746,1246981.82856406,0.005131350916931652,185803.67798006,0.008719034290887624,463265.12566665997,-0.01864869729077889,572364.4040953399,-0.02291739709841047,441065.89630206005,0.002292397835267292,269972.19932892,0.0035717874161195888,54549.45356279,0.019500928356639073,971903.4690578199,0.012422901071636598,1226575.4297835904,-0.02428261954217787,443303.39754705,0.010065610657138662,455480.01854672,0.022246643703330352,1664767.31627495,-0.007285944625805601,154820.85327757002,-0.01717738077890913,76791.00246601,-0.013317690268366043,1084154.18922041,-0.01694345513399176,358348.72951872007,-0.005433523208497229,137017.87749054,0.002263283299438825,730607.38206813,-0.0038482928277214484,214757.18226287002,-0.005310826536144371,165157.3404423,0.008993728660127424,235026.35717338,-0.002458427609549855,128912.67597869999,-0.0019461585911125393,384403.44126558,-0.0068201793685310754,99291.35174871,-0.016356397232909645,141465.6450101,-0.01331734860653497,425856.28271264,0.004636387479694835,13800.692495899999,0.006319406204242809,789625.61707007,0.0083209197266243,276159.84546184,0.007711226718487348,293743.09763865004,-0.0063098425085759725,121288.29878851,-0.004234182104577314,240619.62156526,0.007233239089162545,290154.76372002997,-0.018402771652280634,90183.85357499,-0.009696402045357185,677254.1167775799,-0.051850076264582136,215333.13711086006,0.001709715762107991,127380.83861577002,-0.022047011893653524,46072.041228710004,0.007461077378623304,213196.37590294995,-0.016715623549625806,328027.39605656004,-0.027458506730219708,42372.42752542001,-0.013099814725163372,82760.50613971,0.008755561737716534,216416.14168532,0.006713446999849631,713874.9580448499,-0.011736351761305969,775469.626369,0.033435687938170686,718215.5254008399,0.0016178960204517312,28823.00240733,0.005800125421586222,801421.03427011,-0.010682711870510142,106181.64727936,-0.024410009535181267,265581.72612651,0.006282115496547104,27458.507115120003,-0.01476384985790791,33007.299461140006,0.002574209483198204,576652.44650173,0.005537290835834498,57519.52519458,-0.008087596732808398,7833.705816760001,-0.004920287411454669,240474.7139176,0.020570708396682,85592.79290659999,-0.01868726625185125,120854.59561060001,-0.003929390400092439,445588.28202959,0.0005744876555429119,27919.12128715,0.010976099427996138,46839.643110699995,0.03615918381439699,79934.80550562999,-0.017347018592643367,45632.69506464,-0.014198041292446966,30079.81470137,-0.01914879561171744,177280.73527782,-0.005542244437386379,47349.12589389001,0.024815218530045795,18305.693469749996,-0.0009351910315073329,1887639.4672281598,0.0,0.0
2018-04-27,-0.038104822290260014,145616.5209894,-0.017634481041505754,810167.2518404701,-0.024038511956936008,1854082.18541806,-0.01573885834471215,1025760.7125591099,-0.029674033907723513,531911.32813774,-0.029507095383731016,1363076.9285685797,-0.026710804618129712,180550.67672581,-0.00977558387884033,463828.32967701,-0.03432870752673971,568799.4088646899,-0.048027392031641615,414353.5169409701,-0.002651821052745291,277070.79510993,0.004126240145261883,57572.44944272,-0.0029821876401787337,895303.2905633898,-0.015574470131218252,1226457.83970803,-0.018934361856820982,452918.07462588005,0.007877778199197681,459034.74012527,-0.006669573038325051,1684521.1124531997,-0.023341751888660882,149518.75282012002,-0.04216041578099858,77202.46706981,-0.028979771542367035,1091593.82777857,-0.029657153834634926,348484.91697499,-0.00489829242225725,132124.58952591,-0.01825114887819126,737540.70071442,-0.01434322937628441,221695.73700971997,-0.02885545079102143,161343.19447366,0.00492835891087184,239382.28418862997,-0.016090958529492327,130820.2906216,-0.018562223173881585,397564.5820167,-0.0021342859929255756,99796.00801766,-0.030101715844186257,143188.34042704,-0.04006952216580781,426086.36738888,-0.006074002417306967,12982.822040879999,-0.013742856463272436,820601.8875043901,0.0013109079565153784,271362.44734817004,0.0007651563259877119,295858.77821075,-0.026959468412300753,125372.53020214,-0.01670709217966731,244090.16717149998,-0.026045219743488904,294820.11561427,-0.012248338812222216,88656.53802599,-0.0337055138379232,712565.9215276099,-0.054182597350734774,241412.11545376998,0.006911250317556164,130230.73964443001,-0.0358972882341761,46643.19985597001,0.003130697616349319,213418.33625795,-0.019270889771577218,313333.429781,-0.05600563835288264,40950.88913751,-0.000966219978050555,82647.96993073,-0.006331584422089946,222185.05846426997,-0.01920280902984044,731728.9022960201,-0.0415564958454482,744555.10434352,-0.0045909393789628815,691419.8106878999,-0.011186447629917875,29787.3282706,-0.007599159349798422,807783.2020549399,-0.02446456371179187,103404.56269805999,-0.0498882435004145,240054.01868068002,0.01266433737051407,28956.369074,-0.027576505341918467,34106.951890820004,-0.028643851510938304,577981.42975844,-0.00615600510651556,59754.94497434001,-0.013888863695967417,8561.17954891,-0.045103290373801785,238529.6889526,0.004847883114823973,83637.99408868,-0.0038946418129186143,117172.27176334,-0.020092774071635122,447483.26628006995,-0.005560118371453195,31646.543325210005,0.00916159437660406,49245.06612354,0.027690020763959915,79502.63712462,-0.03045702990980719,48186.802258740005,-0.04082713780648835,30104.287294820002,-0.03542308934426525,184769.14700207,-0.000701420644046984,47740.96734617,0.005097389298320188,18455.18968293,-0.04672360009065038,1950513.9755602,0.0,0.0
2018-05-25,-0.0024781524956161054,149696.56897499997,-0.0036509963528276817,796579.01456468,0.005747450783268304,1896766.08168395,0.009961032356365486,1107327.1038566302,0.0030657826778811704,533866.0579223201,0.006255479530367771,1440441.07320928,0.002468976907736209,185877.24858674,0.00486817741536851,475009.6675306901,0.005930186127946701,607634.4993092,-0.025322002071569816,404841.29332,0.0306385263355498,294765.87333928,-0.0037154178577268955,58669.51389825001,0.003921250669863611,1000713.6419630798,0.008627096590834606,1269679.0594863403,-0.00853880579312617,438955.13173197996,-0.00511484632044376,448151.80403838,0.008662716398302584,1740197.7761377601,-0.00509211085510621,148302.82188342002,0.004425172399175729,77784.00244191999,-0.0031659160037589133,1074813.16423481,-0.019624436891247942,342031.20057557995,-0.0005818936730974801,129662.79092149,0.00020097224348100315,738693.48199693,0.011770864601853675,226943.23341656997,0.0018908913886910412,168156.45170881,0.021442562424427467,250761.88411230998,0.0038524914202833277,135468.75783267,0.003122167893548586,408973.77817252,0.0014425534956063924,104526.73214582,0.0013980971623859385,146234.27208356,-0.015853159307563418,429694.65190329996,0.02071488157730165,12993.063147379999,0.0055113317192547725,814306.2842754,-0.0008393502679102396,272697.29686863,0.012521016347741812,288185.24965196,-0.004104372443942431,122115.01948061,0.0032364584848186264,246957.34889137,0.0042470168875897805,300502.22776028,-0.005133451768819745,95278.09068981,0.0011125018061252522,727531.2339273002,-0.0008263296542542131,249128.54812627,-0.0029205811436098733,128938.62204559,0.006651474284064206,48705.68635413,-0.010847820979066334,208979.23676849002,-0.013131132752918525,315259.34880618996,-0.00421649135506575,44972.737275,0.0012163261232988637,84273.83673623,0.007974508130925307,230273.70880222996,0.012014007802218145,769472.13185088,0.013430937676420174,739855.32189422,0.008321137419228368,718317.4639914699,-0.025045087203289428,25812.233855140003,0.015378659344313421,822762.3013425199,0.015487969528484132,108086.53406783998,-0.03652111604487592,232959.5046608,0.002588377953128154,27801.217989670004,0.003315818794301019,35136.619738550005,-0.0020302437068028993,609773.02140778,0.02081381148903248,61622.0386663,0.020716702815931125,9108.02228224,-0.012221614558186347,231550.84371659998,0.017825331369068678,86009.67332002,-0.0017832825755936268,123386.84726930999,-0.014300974219482364,432191.76743565005,0.0128740375910878,31819.21547904,0.009829193979712242,49915.35231611999,0.028117102218289065,80873.73474135001,0.00580505567214065,52518.91034329,-0.0020200206631695314,28836.2122654,0.011736007694341117,194708.25291177997,0.0011550925650489336,49659.34967812999,0.023633196366193425,20311.682974260002,-0.01635645813683932,2001195.7584914898,0.0,0.0
2018-06-29,0.006867761766663856,146693.31179785,-0.00730264833077718,775016.2978990301,0.003341068645414802,1819187.2398266701,0.007707719269626109,1085411.67615685,-0.0013403885231107,491538.63497358,0.03663901708501394,1382859.12772622,0.01487602139737287,185223.52386208,0.019366388584769693,478615.1597386101,0.046645470866266,643695.9378540099,0.02321900320470953,439690.60968384007,0.03212811587173303,289854.08108834,0.0031144725046219584,61239.39031996001,0.010975823236958226,972008.76362031,0.019912219509816437,1255513.8967972698,0.007099419769848665,476356.63506801,-0.0032658001057798793,469301.44659418997,0.0162170262475849,1733949.6735938399,-0.0038890306443923025,142665.88021385,0.008866472499008017,74128.77378522999,0.011643328026394251,1099509.36495891,0.006500518238736801,361603.59550939995,-0.02157278381739193,122299.02674234,0.0007010792279710645,708932.75787368,0.005949131739760561,220007.08188392,0.0024476511446290296,159246.11465094,0.03219854347597978,260290.00805482996,0.009842261646168231,130492.15141610999,0.008285838921436807,390997.49748091,0.014620120604198003,111552.98491199,0.024112767461481843,155330.68327168003,0.021316903078248035,447046.30590884,0.020814425342825085,12743.439924389999,-0.0013038082300796832,746032.08010623,0.014280963999716319,283760.96778548,0.01783454876779159,281701.05718598,-0.00952494089885879,116540.34563851,0.018779540489470628,253035.66849865997,0.018843590721960117,294472.88165727997,0.012221500405956895,102218.10213449001,0.017480384366572014,750020.5594775201,0.025606470963316162,229462.48622961002,0.004885641378688648,137923.94952680002,0.017401605577009427,46961.32005599001,0.0014296001121751128,223450.47424038002,0.00622819694488829,330282.60301955,0.03477364433899058,48378.21279279,0.013296434978379236,89985.11683719,0.01854137426336453,237523.16276295,0.02500096308945672,783139.93813539,0.03541478161434462,756344.5494965599,0.03335585761945668,752655.03477733,0.0023054373735329923,27113.307339100003,0.004761630008520447,788920.68796082,0.026382874605570913,103789.45294724002,-0.01603100685953627,235949.04367035997,-0.002194133482059022,29224.200780420004,0.020576678416495468,37347.14663351,0.04610459790166938,660486.5540742301,0.02643130053425723,65142.37616955001,0.035983069592479405,8959.21849302,-0.002366836639957828,223219.6124023,0.022678312990714676,90240.530641,0.01597660312358898,134473.05092672,0.008696292645723632,452292.29208126,0.02108479016506406,32780.48293984,0.00848840040794592,50844.54995625,0.018051180725409132,78085.18040952,0.011758060520099638,52129.09648295,0.024944787899511708,29280.56326331,0.007094129357295969,183250.04717652,-0.00219064221098279,50912.12611833,0.03692817287580702,21350.38940125,0.021237721453676035,2096670.37106004,0.0,0.0
2018-07-27,0.012243353788578324,148885.64892871,0.001370942633062703,803093.2307812099,0.014097036009169775,1905539.7195436102,0.020091436428056848,1087697.4831614203,0.004762024353688514,495947.08057721006,0.024385531347066825,1410169.4882821299,0.028136792801746042,190027.74492966,0.02811040775628239,478420.49098213,0.04092785749435761,661465.50457444,0.03082140639335158,437827.55988003,0.02361905394158739,295508.53418544005,0.006038290502569454,61782.21163359,0.02782187343538303,995862.7430077101,0.03496401122907515,1321093.8805573196,-0.00208133881337476,476531.8332912899,0.0028642396946528246,480028.0470286,0.035517133550580414,1876859.59981475,-0.004711890852141929,147790.15243296998,0.006092147336522262,71167.41962558,0.02052411214239014,1151148.5455445298,0.00776477873863862,350298.99981088995,-0.024949944863062012,126345.32949535002,0.005046982077838137,710763.5599488999,0.010620567467355886,225831.91147577,0.010937574262920708,159935.05594328,0.035142628044458085,273612.22637683,0.016554320879757795,130690.41658959,0.013598764872876956,397049.3239250901,0.009262069560087424,110709.46703017999,0.018136692306848768,146020.29217949,0.02912411308485094,450882.74724881,0.022054884431024463,12364.80303956,0.007321302323032004,769536.63988676,0.01479161118489003,282849.55269344,0.018073803285853663,283745.82476173,-0.001805148736702246,117380.60133346998,0.022626338351938072,198619.05556767003,0.037840246841059584,316184.69318409,0.005264473095262197,104856.23606003998,0.02881282074582645,758694.4409642399,0.003215615181001056,228672.72532385,0.0018612608308083414,137111.9019102,0.010329950741569999,45223.37468414001,0.008523329298491096,224742.5230424,0.0059096478778800695,335114.89005137,0.0142299043857544,43177.27745917999,-0.0010442778864712926,92530.78232858,0.024552900290971756,246989.83870048,0.037266909998694926,821180.59998544,0.042052617888001215,792326.94889541,0.05481593204671285,811207.1713671199,0.008147105916934138,26706.38946303,0.00963010988976253,798019.62930394,0.02035178580684225,109116.57085152,-0.005441806088517317,241631.30794056,-0.0021577120222000235,29991.4137046,0.01915726681826198,38678.02455309,0.058794963721061085,580910.04919125,0.03316061215786476,68773.87158155,0.03089203467186214,8437.29122617,0.019508811467687345,230103.24753259998,0.02587819773423067,94092.05342422999,0.005682490081173093,134321.92066245002,0.017043127060824354,477368.6164242,0.02235798123108946,32708.292630419994,0.005722600147037746,49634.29375933,0.018616976336539026,75837.50837319001,0.008500065244204671,53169.52571164001,0.026524375762240614,30954.549233010002,0.013954025605965646,186576.94110680997,-0.002360847839913911,56836.556225110005,0.03542144506139021,22792.12647664,0.04040158581999515,2148532.0955597903,0.0,0.0
2018-08-31,0.012571090688468144,159499.35917722003,0.0060318413753296185,824481.31068862,0.004561992283408846,1936080.0858213897,0.0072108326538152185,1099085.0617537098,0.0004814598529957736,524896.1984643199,0.0013380978565636962,1426930.8296465103,0.02545065892591108,202009.09805022,0.029882870121457152,481982.06901969,0.052679942554009686,682709.5671199701,0.051397738907514416,452291.92034332996,0.013480177610660489,311342.65504489996,0.008001552007924666,62512.273357289996,0.07361574273066138,1117452.01997366,0.037432619693128215,1382800.77063995,0.016899385664984237,510061.64521527995,0.005457249522714208,488913.01851292007,0.04163535070360433,1934144.00673539,-0.00715519469252928,142745.25908467,-0.015217321065130733,73758.32465317,0.03298164197765397,1239397.1192664201,0.013617895378013417,356826.9675781801,0.009302989544127841,135047.12168739998,0.0036838133511831374,706264.0118670999,0.015316556716337219,231821.66276140002,0.01267596096286441,172232.70342636,0.05225829792872704,284279.71632317,-0.02272578472066682,120241.04469129999,0.006447753987362696,414291.19955477,0.01822042345070504,114405.53682126,-0.007561969083589718,144534.31180883,0.043385111076593895,479965.19957813004,0.04591441299687253,13366.9421664,-0.007180415156145673,774666.63698544,0.017069321187397426,288237.03704002005,0.05018443252054912,308695.70378263,-0.009522113535681557,119155.25236947,0.028851621500660427,208402.78828647002,0.0390137831204708,334337.70907071995,0.03279466049288241,108883.24109726999,0.04214396565522231,806795.21256908,-0.020320015703478696,222875.26067438998,0.025101607427719008,145190.15357681,0.009566936592392581,46532.51026824,0.01049034629748167,231181.47641596998,0.017218240331235663,352456.62701343,-0.0244575021703485,39753.67225788,0.01774802510216967,94804.59625765,0.04750095457948503,261685.68909019997,0.04535576691380942,847659.72597449,0.03634938710262846,812911.3645488899,0.08715690936785209,864737.0143854801,0.0645038964230516,30628.76740255,-0.0036389588942330217,788459.30400614,0.016436614793074834,112524.56122297,-0.012038676845537229,239327.85426031,-0.0021891628860556244,30685.030841269996,0.03250662760494323,37931.67819174001,0.0494524714543547,579406.84400563,0.017338331413798234,68259.71267405999,0.024854347461085936,8425.78157977,0.00723887190467957,239838.9093775,0.007088777156857632,89261.15618608998,0.03310401416833012,140483.05941395002,0.009196914039118455,475535.33708438004,0.022917771389912744,35269.46352310001,0.012438420922656858,59028.142664700004,0.02337105185767731,77817.41983218,0.006160053365400145,52399.52047639,0.024360236098273126,31541.147918720002,0.0027043380353614244,199685.81319332003,-0.0027771992740891725,60732.73310363,0.12281628136760701,27885.301088640004,0.021196047080308963,2202095.21645841,0.0,0.0
2018-09-28,0.01614903160278205,154483.31400029,0.015082128787956985,837194.0337814998,0.016741138279550975,1889693.6220118697,0.010309039495111904,1081934.9032330902,0.017633753769195324,547493.82144977,0.0016850111428013946,1465580.6870658298,0.024170850214003985,201417.94352713999,0.03145208648826138,478385.38111489004,0.03962196470552877,694787.5808810398,0.03541450840071953,451407.77612744004,0.021331605503691134,319137.64005896996,-0.001270257547338522,62977.09985240999,0.041307632963402195,1131936.7782339498,0.03892107693965282,1420928.9021720502,0.01031823820396864,513713.76118374994,0.00020242946399707038,485108.47825502005,0.0453331094464969,1974055.6085740798,-0.012235930003236868,134511.36025571002,-0.010109716461099098,69536.17784280001,0.03414331647800329,1277856.4099744798,0.007269078402100193,354722.32694257004,0.020070679632539876,136303.98131422,0.008400201759968244,713751.0484726899,0.015803571667766192,231879.70670442,0.02324042063922626,176673.60391886,0.03981140405447615,284594.31913551,-0.005649296508340932,118757.5448214,0.011677402185818695,566035.7371827898,-0.006850676559475572,137141.20354682,-0.017492327345464184,136240.02867283,0.03858913586055149,480156.04973016,0.03786567710073547,13350.80579406,0.013533111040782028,784349.09722993,0.0009878918603554855,281441.07287704,0.046091500989118794,311304.30782435,0.004003743793047757,122303.63387628,0.023265420866931705,206333.69939948004,0.044222571383892094,346093.75964969,-0.00770895578287083,104550.78275158,0.035890103642038595,821354.7045719301,-0.018666735331912848,221694.9925203,0.002085659098860908,143719.46533513,0.012481950023318126,46333.61685053999,0.005443481056114281,227642.59273023,0.007095434324423162,355476.89496063004,-0.0326524681776374,38085.60614628,-0.008465496314112253,90827.57253866999,0.0362677859153431,259812.48051822002,0.037885040351195075,887026.39616904,0.037928148134609346,810514.3178064203,0.08432330474411691,865651.93559448,0.049053386955935176,32103.349382949997,0.002798117131846957,777550.11715169,0.02123499779761374,110455.60839299,0.007503869477319689,245460.53104988002,0.0024608219198767644,30714.455378420003,0.02149405784237405,39011.999726509996,0.044227818832378654,587318.32209146,0.013381254615750125,67867.9461581,0.006348731739244944,8005.10199484,0.026545621321637097,247390.5614134,-0.0025764369755504556,84702.22082359,0.0033148887975612846,135965.21275233,0.015641448530683937,474855.006836,0.006727790471077786,35815.495882710005,-0.002742156996051845,58581.5916324,0.018121582940324288,79264.85232756,-0.013080068103499081,52146.60590703999,0.028092885048735534,30903.63322174,0.005552352129408508,192204.98843494998,-0.012292738885619547,60530.24850244999,0.07349444978895124,28657.458713450003,0.024431964404789678,2072208.4627717198,0.0,0.0
2018-10-26,-0.04090609935612576,132192.84544437,-0.022661437549460175,763930.70478828,-0.031972792931721526,1677238.77168656,-0.04764054339381817,961806.0221806001,-0.046747006292381245,472488.00398737995,-0.039165190128957986,1350933.04429527,-0.027946645492358604,177036.97574091997,-0.01457719897814642,432554.10360788,-0.013440275704479275,627946.3133001102,0.0010274479579502236,449150.33763689996,-0.023000729753768212,285430.78545316996,-0.005491268214288263,58845.510318210014,0.007891207025974295,1119513.1407829798,-0.0107231731894868,1316852.5205271698,-0.008903277035949678,507418.69052402,0.004502808141892742,501181.15115369007,-0.007697916533372793,1837218.30058161,-0.05661348155365259,112859.21958542001,-0.05895285223642756,58251.999749380004,-0.0001663951813900379,1257663.2535897403,-0.007160518263024748,352941.68538092996,-0.01907161622863046,124506.48947774,-0.026056044819176498,664658.52535748,-0.028677255065433626,209128.60603114005,-0.03848763306782612,157775.41968141,-0.011657514610815989,251771.12914783004,-0.04972665844853528,110339.73584637999,-0.037759625393531414,497957.76127787994,-0.015356205025363197,94624.13762087001,-0.02129300979861058,119948.22299786998,0.002463671644143556,475740.24842384004,-0.012510996521703462,11482.47414826,-0.025072935288103605,757763.5096862899,-0.008492493950382266,278444.39590725,0.006009562205267821,292144.73751739995,-0.04078270607117503,104345.00505859002,-0.01218113612947844,191904.63656286002,-0.013735264771607752,319860.93587542,-0.0036621681909726196,103473.05972458,-0.012468617075207522,789142.69897366,-0.06553528170614578,193722.33846071002,0.0016017387570879589,138109.80482037,-0.037988887817177165,40900.834847870006,0.007408216157296899,236630.35086792998,0.002475133609248835,353716.19342628,-0.08337099912804695,31184.436617330004,-0.01574879302775312,85622.77255845,-0.01222782592060501,241833.87068581994,-0.0158659518356289,808094.50737872,-0.026084291136264474,738946.06987619,0.003280400489790456,802426.5535803002,0.026714390004547207,30848.901341830002,-0.03279183450903389,705647.73767498,-0.04377474672394646,90361.63887357,0.0063748443342723105,254724.70267249996,-0.0070658067943574565,31729.301270910008,-0.026450232063684593,34625.34041043,-0.00645778653037671,558892.84605786,-0.01655215913666514,64911.53081207,-0.03510228681020938,7500.31079983,-0.03659723888802993,229891.9868118,-0.03312629813636018,76566.88044282,0.003931540814619107,132606.93849969,-0.007515418602045984,438650.59186961,-0.01118268845400925,35892.67897102,-0.01219546668780417,56236.452313199996,-0.013485712908704801,69314.49333486,-0.054575923736787595,46752.58966328,-0.019558805790766232,28646.57471297,-0.05252406187674972,182488.50643388,-0.016208248569625137,58438.32341544,0.007423351917329993,23925.06654047,-0.032737738126856444,1921231.2422595501,0.0,0.0
2018-11-30,-0.023327543633496355,138340.05421486998,-0.004198648545489617,778782.04886704,-0.0037648876753330718,1707485.69289735,-0.041904753660360526,906792.1817611501,-0.016028578424099185,477972.02360255003,-0.029204780445464554,1252481.8901164501,-0.031771018671977624,179577.71881748998,-0.02285855412463403,427914.19683921,-0.02584644326462022,594695.92822926,0.005357616230477345,466397.65382064,-0.0050241129746582906,281092.47326139,-0.00505325661622869,59640.57649282,-0.07880032972809516,885995.12587342,-0.008248998709124263,1307524.9377944102,0.01038970627132211,501288.89900699997,0.005611367963327829,500718.79612659005,-0.007208941932395723,1814763.5069892504,-0.03348129103340065,123597.4820666,-0.04135858222929725,61185.20804052999,0.008611806324735792,1244143.79823217,-0.00442302659555445,353505.48410208,0.017606791507421747,131622.17985614002,-0.00037476806623145645,689386.82659162,-0.010786894270895511,211176.48773271998,-0.023696400426224236,154622.13299612002,-0.025700267854343473,247032.97127308,-0.010518654243369481,104639.86761519,-0.025058163970365182,515155.2372068499,-0.030685868164359482,99573.17968467,0.0057763525658184,142564.21898923002,0.003268247037615417,461507.54375837,-0.03226876116642334,11544.97294598,-0.016775699488710265,660823.1311372699,-0.011947804603686798,288401.63220056,-0.005615727117619335,285975.44159054005,-0.007581486797916692,112436.63987902,-0.005338013181064915,193855.06659844003,-0.0012177917641754696,333010.2563855,-0.016440732007105278,111391.18430803,0.005573495028718805,810946.57542725,-0.06674657826279373,164455.03238532002,-0.012007479972458717,145654.49239821,-0.033926003111608094,40127.77586124,0.006178317962227919,238717.18826350002,0.01143523995082637,370251.47364491003,-0.03224457955010945,35293.060408440004,-0.026891795236043736,87656.41637472,-0.024637648666607486,235195.15874115002,-0.01861394043737498,800101.3797822101,-0.022577829613512707,733930.19476591,-0.02988617281674956,714936.9219751399,0.0014039875324304537,32209.65895521,-0.008837094993429601,712818.37800605,-0.027082009839928603,92987.81825185001,0.010236396835995218,233505.93246692003,0.013043661001472348,31759.48074333,-0.05355086991393044,34468.031056110005,-0.02433919353801786,523508.57136918,-0.007924020455315477,65983.77467454,-0.03637204397620787,7392.48007031,-0.012087751446012793,222077.77308259998,-0.03179578737412488,75686.55883349,-0.011603077557197958,139236.54679567003,0.017720831383265342,457369.41410939,-0.012880161516983315,35656.0973179,-0.018561607424420767,59153.3192359,-0.011131781845507869,73526.99455691001,-0.052363893938358747,47742.73451694001,-0.008038593771931654,29352.311747429994,-0.009960737956950344,180421.61697631,-0.014963423104702011,61750.537554899995,-0.06790380219626682,24611.945401109995,-0.03200495525746776,1835159.50315987,0.0,0.0
2018-12-28,-0.06540776344682857,118841.2354101,-0.033646453185470535,696675.8891794,-0.05909121542398403,1399412.1375202602,-0.06138015942736636,810968.0653368399,-0.05946593872594642,416391.87499852,-0.07079773333882394,1054332.3986845699,-0.0596236378950887,155612.41374886,-0.05705539977186414,373874.3358979801,-0.06086618411439502,538661.25031036,-0.03429297470735799,411195.13492350007,-0.05765184022816049,241067.20920914,-0.018389298968162826,55154.171411229996,-0.1068477407794472,741490.37579318,-0.038040198566282886,1176458.35959813,-0.02847004506816607,449040.46724983,0.0011526844516501866,477409.58111059986,-0.035995980724648394,1631127.13850299,-0.06111378980160383,108118.16787649,-0.0746554485977604,50918.04330237,-0.020867708598518886,1121690.42724447,-0.03455756448067467,310422.83666460996,-0.04760876679521874,109613.82425584001,-0.0316346778712324,610512.31247224,-0.06909313568141018,172072.48463132003,-0.06826136724919996,132027.86754285,-0.05935045695502401,216192.95477141,-0.048543905438013374,93624.50759229,-0.05044757116632302,460947.49335471,-0.04412009536517766,91152.03204498999,-0.020844002943545444,119212.59334632999,-0.032132618982338525,406582.85120871,-0.06234354675959226,10223.848354900001,-0.05035434418343488,583227.88942487,-0.025768881808470295,266489.16204393,-0.04026481345487115,252545.51021572002,-0.04727245298752978,95207.71718465,-0.04472445759983623,167458.01505121004,-0.03560682366574977,293851.82836998,-0.027748963606326366,103483.66838713002,-0.039980707872812354,744916.7272112201,-0.12219111212944231,132122.31620189,-0.02454411807162036,134558.27917787,-0.08606973340120216,31859.91924679,-0.0019396328372391983,226904.61950378,-0.003801262463261874,348834.42189872,-0.07076855314638389,30441.47354713,-0.05746017638813622,76677.26767331,-0.06234166768126471,202635.37198234999,-0.04511876452504799,722310.7425117,-0.05639632570310727,657406.60706025,-0.06958541828052105,609056.99602772,-0.019608887384268508,29180.337121309996,-0.04678912234297985,608093.7813731901,-0.07804899033839975,79169.67528043999,-0.040923925619155026,194449.58802072998,-0.00019216248144342512,29969.622657829997,-0.09074706036254125,26573.49209183,-0.05310621529417619,466427.54893893003,-0.04574359430857481,55377.43831496,-0.08066484163190188,6260.29091856,-0.046978467446143174,196133.425064,-0.06024633683083564,66258.76051763001,-0.03364559322936138,125425.25471871001,-0.01102232323079616,418038.67530337,-0.029161080402646145,31991.13362171,-0.04489569833291933,50724.858904969995,-0.040669780470808575,66200.28740424999,-0.0922153408403701,42483.56929792999,-0.046953492049422174,26163.023765219998,-0.07894619322649621,140276.0615489,-0.030804815457515868,57273.85600542,-0.09495088936006298,21084.184685109998,-0.05033995790619293,1714859.6309246398,0.0,0.0
2019-01-25,0.0058352400816587486,135334.44457628,0.013353235798529022,717669.1674408499,0.015636893928170748,1662495.1225294,-0.006371185853650375,927802.6196144202,0.011174874165063093,485007.09880876995,-6.048448266274284e-05,1208311.8822202398,0.00850326589055636,179603.47390525002,0.010370730437252024,421690.07663341006,-7.472318486295124e-05,612834.0419774699,0.018977564851988617,441077.79122168,0.017813274880782014,289413.36560016,0.0152792723794417,58853.6070622,-0.06268732350725992,825566.6163390301,0.009988965443540858,1312541.82317687,0.016378633683858945,502039.68077334994,0.019617043985854603,491774.67083385994,0.019674676470399197,1865296.49931352,0.0072845178932433715,122485.04455062999,0.005834049164434478,62463.12135833999,0.01842969988765758,1206690.04626764,0.0034603014480838884,331369.82037967,0.020238309048447062,119376.79439013997,0.01770429936854046,674477.9970550899,0.005581572332319191,200787.68482601998,-0.0009288642291225227,149110.12231684,0.013211659582685768,257227.28831899998,-0.006799528113518072,101161.88937409999,0.0035257731276819486,536244.64231925,0.005268260588703694,92176.25541203,0.021541600152209524,132789.63615524,0.012345792399592754,458242.19043677,-0.00700748951107472,8743.34500283,-0.0019836300870993153,663832.2161069,0.013370692289876277,288385.16574116,0.01446945778052162,281758.03484720003,0.02526612047182929,110562.25712460998,0.017644762604019728,195094.64410797998,0.028721846156115824,338824.99549510994,0.020834474041993976,114953.41906596,0.02654223562689383,746578.4627209699,-0.02589691974081685,161564.29955913,0.018151407901982917,147192.73229342,-0.0005606823849636539,38243.650309360004,0.014753930454347875,240622.91007155,0.01678209332170939,371884.20192786,-0.004473088513242784,34162.23935818,0.004314633274320194,86443.49091043998,0.004229748607969943,230262.54813025997,0.013336801714259007,815350.9627472,0.019793330559370145,756384.83878037,0.012133229119332312,762827.46993363,0.04023197728183612,32106.55622392,0.006089124462502657,708384.3703038,0.005628953860460365,92770.12538006,-0.022240719609334894,208165.27915664,0.024062455511854743,32162.43370953,-0.007582882997918748,31428.2404892,0.0063252731758574035,550576.5302445701,0.0039531944607447906,65743.7922731,-0.021262980402852745,7070.86081204,0.009121178047758399,217655.09870739997,-0.00531819158212994,73561.13083801,0.009233969753807232,137976.86513607,0.0209541376405217,437536.92826751,0.015163654541395122,35132.7761516,0.018830046115127747,62641.82502791999,-0.006122020189861025,67808.82349415001,-0.01859458715237469,46721.56998689,0.001449651591932151,28230.995653129998,0.0011334925288533962,159489.41919071,0.0012640579211938903,63635.46849107999,0.020498150164600472,26484.800956629995,-0.0015506000615143115,1928969.94868943,0.0,0.0
2019-02-22,0.005217767677182183,146680.33548058,0.006615814236766748,738691.77993816,0.003013523623521571,1671734.22324245,-0.0015426596034354774,990490.83365487,-0.0030764306220171104,506346.65289325,0.017417610967053344,1246865.84507305,0.017069649174701673,198623.94195225998,0.019224622369580155,453558.34619479,0.020054093458449697,646385.6335161199,0.022079412830667253,475728.0764284,0.01995437066184013,302100.55999443,0.02204481680611058,59822.02840007,-0.007635891807178984,902395.6501224199,0.008781500590968543,1361042.33857462,0.011418795129905176,489360.79909007007,0.02161112065326373,517167.43162654,0.020539583088998635,1961170.85068791,0.01161481548805913,130297.26195499,0.004162344703605692,62220.45821379999,0.014214477710560771,1237930.9565422097,0.008535885816571148,336257.18077899,-0.008154215593282242,125810.84784481,0.011526636017028163,711075.1563036,0.007872224083333051,208966.04730155002,-0.0023356142783468713,159233.6711545,0.03180404062086904,272594.25550641,-0.0022360837665953252,108170.63409828,0.0006037311394426204,550715.9424845101,0.02607735840946991,97963.88462855,0.01938442316454566,134425.44509866997,0.016021081102919076,469907.34849053994,0.028508203219729897,9506.931238660001,0.011209439899004863,735383.8517362901,0.019528779073584735,308412.88906351,0.026302269779180768,305551.03459456,0.009915430770919567,116237.82589143999,0.018115929201833667,202531.97767032002,0.019224232592282706,354082.0658151,0.032774196665842796,122536.68294828999,0.019427410789940053,776788.11846684,0.01113617415887011,166198.34204684,0.03264808276234655,155675.55193558004,0.012678166253900128,38671.91684279,0.018832746091890094,256602.42679422,0.014722970003947167,391322.28396871005,-0.0033915614178188554,36421.227529079995,0.025781977625100972,92996.83317073001,0.024650811531679327,254610.59201136002,0.019777874212506423,860447.6511464699,0.011217711019219994,745192.36322638,0.01762737691402596,732292.8700925402,0.04928272304858261,33815.41561859,-0.0006398562630841767,707938.69527976,0.00600035172026904,98023.27565532998,0.0017586582674343001,224313.47549680003,0.022429762132354866,33964.364547239995,0.010443023716123972,31504.424643450002,0.029230111130774214,567277.6498726499,0.011002085108730766,68152.71680351999,0.012614732282669471,7567.56930025,-0.005635872161972623,231394.6761403,0.02009849076295928,80447.02451287,0.026561369209682908,146231.53114956,0.0061606305061809395,442092.010152,0.03457601248795033,37098.68042979,0.037477207842966924,68691.52428801998,0.01674158748676772,79903.58424160999,0.008344243394577375,49521.34177061,0.004027680496555394,29793.61611921,-0.003337758239024772,169361.64019202997,0.0029745638997035226,66942.13346637,0.0575170963788178,28281.030897819997,-0.0012530614590537136,1981651.4063516497,0.0,0.0
2019-03-29,0.06127388557132256,144889.38678408,0.04058496310181432,731112.73761729,0.05141047249209118,1546509.24917456,0.04760520952483585,1016985.93702667,0.055932311292890176,497900.64674743,0.04986236019076373,1249263.1041551,0.06582183418992535,194874.04110809998,0.06023517794692208,471269.15162416,0.053225184384845976,646811.6456093699,0.05500859951972131,466360.61350124003,0.0719035141894451,291467.82467695,0.03668641457152858,62142.93207075,0.02572350330351259,979092.38917192,0.04562617043040963,1387645.27536233,0.036152541689332275,515082.07940017,0.028494654747624852,544843.61716558,0.06402296312720074,2056629.2723348595,0.04988317826798767,128889.89253981,0.04779130565849321,56466.643146500006,0.04416072930505564,1237671.3696319899,0.031183044814809508,343551.97475353,0.05146137360461277,111841.68964641001,0.04710927127968826,696867.1911298301,0.05705709707313807,205345.31560767998,0.05581801650916992,159248.139042,0.06625344817382325,262953.57377099,0.030190901639261962,105612.92309462,0.03894110033722224,537558.7520283799,0.04538928331561659,98968.77704904001,0.03260523087849547,124167.36012623,0.035568689544321706,462987.83181675,0.0702751326158632,8057.09784983,0.04467304776544979,689622.8619523101,0.04074119773760032,324397.19106056995,0.06168380495818422,316555.21025075996,0.061204077609517876,116528.02169173998,0.05767151179072736,201862.00115118004,0.06997302587048283,377870.35708837997,0.049667322969312824,124844.91261815999,0.0569999828535885,691514.1925858401,0.045815660658046535,161365.52570293,0.046269811990564465,160318.99116216,0.055632345626766874,37666.34538457,0.02781833396520592,271543.10168128996,0.031342884979595864,401108.51219130994,0.0498211013804692,36839.78858208,0.05095743280519853,91806.68618369999,0.06766666561092921,257884.91903047,0.05973053072650432,868102.5650286201,0.05749420371353037,727822.3311113201,0.0689489457745077,801763.18785955,0.05737933855974678,31087.038276389998,0.03592844559125958,677933.74772345,0.06264813352712788,93524.02776852,0.01911916995095502,246435.65083226998,0.03831297754724042,36077.54529555,0.05492724391844893,29985.87038422,0.05239765567810128,575717.6708192601,0.04812488144572541,67264.25421269001,0.04438968159814752,7288.097900910001,0.045506778204429124,229950.1775612,0.053468101776756184,79720.23374265,0.039865871035495264,145187.30383566,0.028316525717748925,449871.02352583,0.050178427860961834,37718.628639200004,0.06141683144355572,68977.10549567,0.050743682285686285,80768.40552602,0.05208674719732142,48514.281184490006,0.04158071831280177,30339.154424450004,0.05665638821027862,162442.32874129002,0.019894472861860107,69198.09212636,0.11596482950463506,28007.662748880008,0.03600712184597086,2099164.80543257,0.0,0.0
2019-04-26,0.04844379887319521,152261.65610294003,0.028638295250865514,764651.7039452799,0.03272086317661915,1684937.0527684598,0.05429855896545976,1135740.91403347,0.04728879872386177,535624.50196184,0.016919629200863786,1297802.16553795,0.052649421061079255,210956.96866888998,0.039308685457478516,473639.36223979003,0.038643955593366065,682611.55975821,0.04596878043647806,410756.28243025,0.05585918950447944,316848.17552709003,0.015862178627419093,54442.823425710005,0.04882231548178406,1038985.88882281,0.0432118093909513,1443568.03604111,0.012473711496842541,520454.64696841,0.013202319978210222,528234.57754775,0.0569760253481551,2134535.6299809995,0.022671408330158446,137759.23564771,0.026186115611544953,64656.216393840004,0.025686312617399905,1171426.57691634,0.017553555577859023,349544.83948748995,0.049346404025400324,120450.24688026,0.03356395654026279,729866.43852773,0.04442599387835758,216940.12042101996,0.05058207233009498,178229.20931535002,0.03946945812792076,283658.8981796,-5.414861108316623e-06,110715.46060305001,0.028244466385198758,526666.85494588,0.02095584179720405,96432.74180065001,-0.0004240637078582436,134201.1950714,0.01767104977128605,467799.80142275,0.024062902444204965,8109.07378729,0.022942178194553436,702019.47852067,0.024784499165904146,321533.34450431,0.0398066104389059,339141.1473971,0.035617119288043474,118806.92486893,0.039421448277336894,203203.70477889,0.05392820742712212,371297.34406737995,0.023476723718479427,116169.32445052001,0.01717347037116441,641634.3843758199,-0.007955763128748565,165460.84156827003,0.02177247242561448,158148.99706335002,0.027114520155781887,41590.747323920004,0.012606104315122917,266066.86562364,0.03211382477092356,418627.6233527299,0.044048576321052954,39792.04016633,0.017632284062073535,92168.05237752,0.04933376095024851,272347.67357288,0.0384545018725849,814697.9457745899,0.027537441550462623,700726.0866428199,0.05670729327724415,847889.3362326501,0.010887828039082994,32430.679897890004,0.025073590558467824,730723.95661399,0.05093518841387813,101111.61287494,0.004718214015636218,235853.48643333997,0.022091913759224643,36534.03882331,0.03530140188670597,31693.003101229995,0.04237724734673893,547580.0267076,0.03671564110330977,68865.78831909,0.025506380426561462,7919.56046092,0.037956246616885556,247694.4375601,0.028285393504347722,81657.6736417,0.015488523865068816,139890.32296529997,0.025381086259709376,472098.36221782,0.02428740505138065,37996.78484201,0.029026415044039883,73731.57628909999,0.03580447086467333,83174.95448254,0.029091276204161944,48476.34612127,0.031229339369725564,31185.899499940002,0.031591388593434334,176496.09731547,0.01158703835605246,70109.93672838999,0.09428342851290115,29843.179127960004,0.041768607901176674,2245920.5259108,0.0,0.0
2019-05-31,0.01646293780927009,153627.96812881003,0.026817145255139476,787942.35152018,-0.008087598936348302,1623729.7531893598,-0.026896477066995605,933398.8068429499,-0.012363969689361966,482158.54517263,-0.03864119609861024,1171173.72808653,-0.028241379383908714,183313.56565546,-0.005257336253111697,459536.45120658993,-0.01883208214707944,631901.33710835,0.010738668755541109,401074.87886144995,0.00430016121227361,302598.40301024,-0.005727619956133588,55616.420199240005,-0.02424479139255718,911428.69899779,0.016352202860764647,1443184.09617212,-0.007987443419742545,522388.21777621005,0.004348201693216651,544472.78702956,0.019112845506175376,2149762.084902161,-0.004235795249200589,135305.46315850999,-0.04291313864981365,53172.82335157001,0.0037402957230076657,1202232.4639097098,-0.0021446646084702097,350109.16975864,0.00257777864890115,112682.27636665,0.006586666268391928,708785.62984531,0.009072918241137219,220249.11511917002,-0.015993074658819856,159084.12468647,-0.03791703973806449,263201.04293551005,-0.051321907567330294,99134.85661823,-0.01890022450152776,540215.0509548399,0.002813528178343209,102103.0521313,-0.06060640396271107,119484.32304942001,0.0034684484816659717,465032.2862524099,-0.05663140161684496,7446.504219180001,0.0021528903237974066,702755.9464830201,0.020054443376255244,336388.76279234,-0.003971316161257716,316780.41137213,0.0006972639746200761,115291.90717749001,0.01877873728771432,205093.02889797997,0.021132994207566043,374985.81398628996,0.00936921682814582,127570.34915476001,-0.00400158648374877,678658.3439001499,-0.08980316681382162,133017.30889146,0.011176007097107907,166320.44142122,-0.02715295536139355,36702.57149072,0.006184797795275141,279672.45475632005,0.00877312367901989,421510.42858256004,0.0077935421126367485,40036.68544316,-0.018470601160973987,92191.66791483,0.01897026746182572,277357.78813387,0.004100842115578511,842308.5781058699,-0.016273692498004904,693367.69799916,0.00027878583336532183,817067.7726777401,0.010623043077158755,33045.11589719,-0.003602550238415692,708781.6906185499,-0.014972189163109712,92257.24183602001,-0.029183125276652438,232301.03544385,0.029248278562229998,39258.87628839,-0.034228104928274695,30750.295670500003,0.00020558159646907187,534886.8938034801,0.004348851077476924,68080.46240725,-0.018653076363895543,7839.320346439999,-0.011325444965436159,216381.47458352,-0.004130752229710696,81299.42416790003,-0.024330783167702572,143410.81931229,0.018828511482680232,486562.77757428994,-0.025068867950530233,36470.29298318,0.002448804300456667,75687.66673954,-0.00975624657741523,77656.73590042001,-0.026856327448276752,48618.303603609995,-0.008769983807259222,29318.98713016,-0.02658662334297366,149137.93252633998,-0.022806221300080497,67288.24455614,0.05907587404654082,32921.29490478001,-0.015233628090224077,2046571.96054768,0.0,0.0
2019-06-28,0.04199056832697936,161367.87691148,0.036326524785150555,825845.5982916201,0.022660179736619664,1629592.4186605401,0.005330747711343504,1008211.41207013,0.012324338266992137,520212.20548425004,-0.000586084784346701,1206531.4064581797,0.016785896464635533,198840.54626816,0.01092580680831513,481508.0061516499,0.0037838504872247936,658618.55977801,0.023108150098349833,417707.3583056699,0.00928895273274324,299943.95984002005,0.005635338935766565,56710.24584670999,0.013924821938438612,995623.0721949701,0.02690278029004846,1512187.1504543999,0.009635010812906925,521520.2573583,0.015305423294790049,560433.25770548,0.026787206666241514,2272485.88714336,0.0129220855681338,136257.03346522996,0.02245223684634775,58333.75144129998,0.013210182464452509,1238936.19783637,0.01452666085723945,356379.10343671,0.021689802426385282,118902.41178875,0.023645350886039418,747609.85458187,0.02931224214516832,222932.48636089996,0.013332771436653432,169145.89032060996,-0.0034951717879886865,271948.14790839,0.014282601162090427,111415.02745222999,0.023922406601779245,505785.0263736,0.009304510387527535,104358.62635283999,0.005537595222743856,127049.17525003002,0.02918922263042904,491350.59984794003,-0.0038393522432440628,7825.79795937,0.03291860954528087,747901.00894109,0.018697149137435896,352623.40828728,0.0040252137704358554,333393.47057125997,0.017304344543010726,119392.83937706,0.03295403927998713,212982.39534391,0.03681662896908956,411713.48003557,0.011496573661249667,131765.54244216,0.01147170399170389,692328.8500099999,-0.02369302058910743,142915.47313052,0.011220009041206222,169973.16647613002,0.033296356606451506,39385.86922268,0.013569989159979102,286376.79141497,0.016205527610030485,440480.36267166,0.03308001756308367,41959.989848959995,-0.01676691802181883,93010.02193595,0.02411428576570668,287864.34016841,0.020512710079156157,911611.53601626,-0.00179010715812315,711038.27791166,0.011807678912551267,855779.3910944102,0.011651948791263463,33065.337274159996,0.016535157264275742,716159.8842532801,0.007834564583709822,95910.9139294,-0.019276930636316154,214401.18898580002,0.03194610913482033,40537.75919890001,0.019429531217224856,32488.802043010004,0.0334386150523317,564045.57506604,0.02231358687604865,69371.84447419,0.010427948554082751,7540.370085649999,-0.0012320337356054555,226323.8282869,0.03838402329733584,84904.33728988,-0.021997492346067474,140206.21542303,0.028464369388081806,500734.90166244004,-0.012591877799408051,37103.71807135,0.030510703167196496,80338.61444589999,0.018255880263057873,85246.58243416001,-0.01690977641807407,45966.591726239996,-0.0015141084813770217,30132.012828400002,-0.006684930178850454,153536.12056236,-0.010308559907393643,68207.19452483,0.05670043498250386,33895.38755031,-0.012406168448437374,2064290.51647679,0.0,0.0
2019-07-26,0.02703696743312379,155377.79231005002,0.03047751679737678,838392.0575500401,0.007983361443078835,1674178.19800705,0.01238482252204864,1095677.53584676,0.0017646137430431803,517385.30407698,-0.016460482533342008,1193527.2425329399,-0.0008966281816985697,199821.58282638,0.020042949800280672,511841.85061542,0.008953664232420881,677588.33744627,0.022496051250702847,433484.64515431,-0.004199669172254045,304327.02846987,-0.0007018506304154924,55394.69494101,0.01705224484317661,1022784.9439630699,0.026704327186939235,1549309.27943879,0.009741476933748197,507389.47341693,0.009790460959793409,553287.1289784001,0.0280213877163042,2311486.70583386,0.00970297156347157,137788.26219698,-0.002491174846228885,58166.77602094,0.0033572212813631724,1186167.4454104998,0.01516920786341138,360660.34049934,0.015416439574768986,125415.92815292,0.02297304660102246,765376.65000581,0.026995132906728673,232372.56135078002,-0.0028529048295863804,167425.07609566,-0.0031514037171028893,274491.02502213995,0.0010726224691159488,116196.68612839,0.014785806313530245,507366.3412599499,0.009540446223113064,101765.95020895,-0.011501615982083472,135701.42415243,0.024404647509883685,505488.47318515996,-0.022947042880829306,7729.5227197,0.014969488302986984,767390.01230837,0.020184496425802972,342795.17455879,0.010253123822489706,332402.18498122,0.011627303063671011,117364.06560727999,0.02907051729222272,214568.01544440002,0.021005495932602446,399379.98943887,0.01343496726725066,129318.38618439001,0.009950136061550112,716687.60617482,-0.048605971990167626,141494.22446630002,0.01629833336158819,169199.89662219002,0.009028640398971454,39815.522000499994,0.010885652955307135,281021.39203333005,0.019961523992215915,446345.49938295,0.03435574959519162,38085.08144093,-0.011747603987655102,91042.19450795,0.0305902002569324,294035.31236475,0.02569417122182823,928022.9945062702,-0.011624773130572606,692717.68084354,0.012654330526179654,928866.5802502501,0.04120956542169331,37235.83322806,0.013177793801090278,747894.0199900002,-0.0042157277473654445,92693.23840345001,-0.014584201188436698,230691.30988678997,0.025841501814253022,40143.72389371,0.02655166436886071,32081.4420535,0.01781217955100583,551020.3449714101,0.017262102398663184,72231.73038569,0.009472885438667004,7888.148308070001,-0.011969340629429072,224701.81733430002,0.037180504547858505,89869.30557233,-0.021695698904356384,135068.16483068,0.026120837222967687,497560.67910445004,-0.010431955159768032,36856.67252156,0.024100825941139572,81298.87071040999,0.021831377892540842,84809.71726145998,-0.026230295594132706,44655.21439641999,-0.00676113434445043,28546.453000219997,0.005694333739906236,159602.4980166,-0.01367876211217671,69927.01653249,0.06468380542056563,35776.30005423,0.005767072313609606,2111879.72309953,0.0,0.0
2019-08-30,0.04116154495366903,152080.90255786,0.03075831361000552,801518.17894035,0.020937078937996744,1548369.4066041498,0.03169234244316093,1026362.0596596799,0.01734236971865191,465471.97709010995,-0.0003439058895960337,1072936.2866460697,0.023619087246380926,188947.64229932002,0.02981851775385427,477466.73125253996,0.02509818717479715,664005.28287425,0.03333618919831198,417555.8009177099,0.015168046959033133,280615.85464011005,0.008471071223756971,56392.683917439994,0.025296600439783927,1004915.6699420299,0.031751926689119796,1582797.7691894302,0.02236104367160957,532535.2089007,0.019997978287355708,573316.6551164001,0.033877141421014834,2220564.0314466404,0.032701600355604786,141441.15427387998,0.01829927037293762,50118.35874409,0.010602931103379848,1158790.92552826,0.0247256498826361,364645.95738998003,0.02774269781137456,113034.66311617,0.034262297966955485,757017.5605493298,0.032190249508101065,212234.09660288,0.017913046731987303,154663.28731272,0.011221498733674928,247184.43140159996,0.014003918170884928,104678.51060363,0.02428958255363111,477777.19255409,0.02253612541254987,105572.61239544001,0.010051646788831947,118901.68207924,0.03459433164537669,512156.45588048996,-0.005385718202350057,6521.06514941,0.030534229850539697,757838.15155068,0.03564883589602616,377391.20364589,0.010630689121213262,282697.6900635,0.03135551105438413,112971.94355923,0.03658616371983686,209314.35448424,0.03206193174280863,378429.1677595601,0.02630063101371645,138915.04994268,0.014711253123856809,676828.9197021101,-0.028560026865753926,114536.43935033001,0.028002161605992,180360.16500881003,0.028182648064291816,34816.8353624,0.017666900788267485,286346.91787545005,0.029710253140895596,457905.38020911993,0.05694274956813898,40351.10610735,0.0033938206470813994,89946.39965094,0.03864558547553558,292505.81647041993,0.03486139271731198,926450.3400006,0.012244885460310388,697991.02309218,0.01912838696310023,827447.3641377899,0.02838012762289086,33219.66530907,0.024131606152276268,705474.38881941,0.018528810886384105,89761.87874423001,-0.018937962295849285,211650.01324599003,0.037987613931096884,43213.60618428,0.031645727391080604,29909.150669699997,0.0295034135442764,527863.78746927,0.02415287524554962,70038.0352961,0.01791861030488941,7420.313914389999,0.00337612743542994,202118.28374530002,0.03569835048433363,85396.19275824999,-0.007153252663495289,134704.48961413,0.03247345993196187,514132.1907695499,0.013855091139075137,37773.84973144,0.04086338945920645,83829.64275052,0.04086811457916663,86137.70566922,-0.00806248408056373,42352.74240245,0.004848650610893308,27821.27491532,0.02248461347267512,162647.99515158,-0.007778237435945262,66254.86842087,0.06124055492069566,32806.66159646,0.012716025702845132,2109892.1161984196,0.0,0.0
2019-09-27,0.01763423062050553,161014.92406838,0.01638710029973357,837043.39049345,0.014460843971634213,1700037.32254021,0.004191962599892612,1101203.7894378,0.0007708478988068692,506847.16438619996,-0.006869265815282793,1164153.0647048703,0.013691686994769693,203175.00929583,-0.0009791943200232283,480486.250059,0.005467922784548261,688453.5424026101,0.010710020983750726,427672.22483575,9.41148599895816e-05,296495.03308528,0.005538636983428952,58463.75271119,0.017536847285006988,1064140.04976874,0.0039560452135777155,1600704.52040085,0.013883675163154547,568390.8891652098,0.022042981773187538,594334.4268227399,0.004367662862755814,2245426.0033223396,0.02294041097343142,149978.16449259,0.011213629424287282,56121.901655199996,-0.0030326610731834787,1194491.0634755401,0.011354924586287441,368719.31439296,-0.0006922961443698924,117959.34216278998,0.005481072876919497,755156.90016168,0.008323164472083774,220580.54711949005,0.0061349997443010595,170630.38967417998,0.008375072782520648,268424.18222395005,0.0010694637234173938,110800.79259280999,0.008671143119489367,504828.88873915,0.015241437034578299,133605.38153382,0.006689739896504307,126962.73857926001,0.023871373414113446,542391.43993794,-0.0023847103220894427,7087.9087178,0.020561178118731982,789433.11624653,0.013328273641837175,373391.21389558,-0.004346111382278883,292795.0873762,0.0028441768593006865,114841.00229729,0.012976067350201397,215675.24088613997,0.0072438775845406565,400143.31214612006,0.020726925958495117,141620.77506161,-0.012646633661789817,672562.3780388501,-0.023789381640322006,130934.70385653002,0.017750451904923806,183227.33535959,0.013301737239325451,37621.212432659995,0.016991052195804508,295409.14885506005,0.020442544628504943,463790.37529702997,0.02947845799336576,43555.13178981,-0.0016154660544545876,93088.69243396999,0.002425949207305707,287230.278605,0.0012406289577520956,938599.81029595,-0.009526063470897576,709295.1590657099,-0.01751711388077165,836694.7922546,0.001659119737268411,32977.572485669996,0.0072608343132848285,746201.53458854,0.001014802435598629,96921.65342828001,-0.020371556867108932,190984.41114586996,0.021900742769265943,43006.42974323,0.013850053574968147,33394.641287490005,-0.0023312762085378287,509863.45196096005,-0.00039768399475667256,72040.34090790001,0.012789847436329355,8113.6354737599995,-0.01138454625956631,215560.8117575,0.005182763280098199,86294.96984202,0.004652996360760407,142658.97572952,0.010635922971813587,518959.66749301,0.013350252259074167,40540.72660449,0.025422155590412367,85841.78925532,0.01128905599558223,87022.51075394999,-0.007613430920993496,46617.85126937999,0.009555722991213267,31282.059811270003,-0.011943982501479588,166215.33408821002,-0.002166983143767152,69597.07639526999,0.014833421471790502,32538.626931339997,-0.006244975776887015,2172785.7964883,0.0,0.0
2019-10-25,0.017879708336906212,163922.33648855,0.010313799649520018,815867.1851028702,0.01056537117798341,1695958.8686158801,0.004489438458857648,1083409.444585,0.00703980413538052,519506.33471807,-0.004660952550423913,1076376.96545286,0.019507306836980945,213346.66024354,-0.012224365298042245,471599.51257395,0.008388301502465667,712821.10684747,0.0016031990683608435,442208.28421284,0.006217596723117017,301588.79144976,0.002128321831916519,57218.18959225001,0.016060218386478285,1137924.0120242098,-0.004141833928951782,1596294.2303988298,0.008194192175757049,577496.09696604,0.018604650333700654,595190.86707456,-0.0027828902535166422,2146223.0057713604,0.036178370339318,159784.71497103997,0.01631177809991587,57294.70530627,-0.009802225111606283,1180748.9496391302,-0.004331224927265455,360151.63688353996,-0.014261988739576272,117056.32360661999,-0.007492432259282759,745904.43278755,-0.005624293840080397,213678.55138460002,0.012763156705882017,173494.49677566002,0.01877792002531929,287693.11567902996,0.0027947173773964036,108763.30164775997,0.005856260737241708,498610.54034251,0.017576474067877372,134297.81510171,-0.00486142359961275,127370.27721258,0.01420884778042724,552774.31906717,0.018172464418841742,7292.554557730001,0.02132334927023467,720820.4243375201,0.007166533498798131,377260.5896248999,-0.010257711033214073,285429.90791544,-0.0021257459427856565,117266.75517642002,0.004202848710775453,218859.47473547,0.0008218425613324841,392224.32824701007,0.01572803301919739,147151.83327494003,-0.02376516168874377,703845.2005892501,-0.013689654069606056,125787.08641823001,0.015597253231624114,191410.47413457997,0.009833879447723756,39552.95118122,0.0120689571495131,297636.29854002,0.010127693968891308,450209.5617848,0.03179670625990758,43660.13328705,0.0007427573127244406,93839.56582681,-0.00590641904575768,291090.49967685,-0.006105070476310976,928503.2186577698,-0.0019183560540731383,733535.6221987001,-0.02271490792286573,840960.21371344,-0.007637757514486845,34156.10998924,0.000534677950117449,731855.78897525,0.012308411677991377,102178.37543628998,-0.031420656528603874,214948.76145345997,0.01808614495936771,43847.599902090005,0.0036886994462674754,34515.86382569,-0.007160350055158983,529344.62195495,-0.00668798775706742,68506.61011838999,0.0152860026261807,8144.37579863,-0.009513015944825927,215501.24626321997,0.0012625422351167086,87893.42092404001,0.008947536426021719,146119.31517128,-0.006029249997205517,518111.57574634004,0.01761701396045754,41641.6626521,0.020380724785460307,91138.45321258999,0.007656938904558992,85350.34118974,0.0021922642329243987,45453.85327039,0.017503699509622585,32114.657423520002,-0.03143815692056512,168312.60213328,-0.0017371382894989951,69396.42399739001,0.014999007904804415,31840.63509508,-0.0053624770763220485,2259310.42782888,0.0,0.0
2019-11-29,0.04795665882300182,172050.31925884998,0.027260766329649078,833409.6730421799,0.03685281612234186,1782802.2795096803,0.03361873220282629,1157283.14950858,0.038189770096000095,554269.1480087901,0.012661364245585723,1094035.8590568202,0.05550856852452684,221814.04396591996,0.01936949094517357,489715.38821777,0.023326636526827416,703428.2272743,0.027572993058772317,447591.4142224701,0.03410391458451751,315717.78697363,0.002868894023982914,54257.837838880005,0.04360885240877615,1249656.94922595,0.017548135170361058,1671664.3087953,0.015843658725586615,565655.8147590401,0.020632573106242186,584025.6156547,0.03058003096365022,2348581.1729505695,0.05370489818423912,160626.71977933001,0.03975322919026804,59559.93147559,0.020416992135981665,1287826.13554649,0.014443349408665932,364821.05212814006,0.01267702752513918,121564.87045493,0.014561309176399861,733468.0937450799,0.02389747659648887,222977.55166864002,0.05215785916884064,189400.04708237998,0.041795372220500414,282870.32711943,0.03331219842658775,115174.48476698001,0.026969549173907485,516906.6824645101,0.030007195963023717,132651.09780324,0.017572741842185397,138918.23503976,0.021328152846860425,563559.89629926,0.06250721274881914,7802.66903125,0.05601085974629822,791357.7954434899,0.010963223402404788,353423.66072957,0.0131499592156937,277930.74904049997,0.02366385724239221,118459.59967217999,0.023120207494036517,214608.43634177,0.029036949675066617,415401.95627864,0.015805673511450794,136418.73039943,0.028722994672676378,805408.1907344201,0.019038290583871294,127319.92209254998,0.023827340439040612,186137.49733279,0.03944610575478228,41587.64587113001,0.014009142463340738,289532.96582926,0.015887109912128265,450036.33155798,0.04212760764342455,42205.567700269996,0.029723872412487955,96638.27127896,0.03110384155841483,302786.80802929995,0.024770611891002346,974623.6139839698,0.04106625842395809,826647.0612003901,-0.004649549338288645,831398.25767771,0.0021942965850825866,32702.786145609996,0.029359320720407322,788573.4819861299,0.04190065049706219,106826.4855295,0.019743539213454113,222767.11285074003,0.020396661962802917,42210.77801603,0.028984333245321788,36521.69746795,0.03433468987099629,588905.6317174099,0.0334659272396167,75589.04003707999,0.038900681348755135,8358.69357895,0.021037380296908017,223357.51157521998,0.04815895489039033,93459.434748,0.017966443664417013,142171.87195948002,-0.0011089086143972796,511557.08585483,0.036047485202684214,42297.32904378,0.03915271906869217,91926.23618271001,0.04354792320919339,87787.33466302,0.03579721149239587,45175.67646131001,0.04482277504420584,33354.93462369,0.004047625716939815,170575.60012288002,0.01269288475747327,70354.24621373,0.0445686983571551,33562.64516494,0.015055718531982561,2382208.1944264406,0.0,0.0
2019-12-27,0.03988287277338668,172334.31340964002,0.01995423022230456,837695.3502057799,0.025859262703556894,1872092.04673627,0.043444874286996615,1223207.0680502,0.029385878968333123,567502.97930947,0.011142131055358702,1139753.06869632,0.04145390951580997,229087.97586001997,0.03462395987139061,497468.17932841997,0.02540624328822726,712072.17985655,0.03679069374966821,471711.72425213,0.034291732142759414,314134.53224386,0.0006582869259363468,56781.23131443,0.06358006748046777,1327581.29689467,0.029535226799103663,1714759.5914257602,0.013800261005779501,586816.56309712,0.017273110218454048,602058.91794298,0.04494778027303832,2400988.6769879702,0.03757036669463465,157511.99341767002,0.011606716008228584,61160.92673018999,0.03857751869990884,1380825.2795185002,0.02872332870171708,380104.87783906003,0.002006267633596699,121215.035344,0.02409729745822311,772212.24031384,0.02636953835571229,225430.10167037,0.043256741078555885,194399.11175976996,0.035194819287324645,305293.29542678,0.03298379645950644,123891.03993506999,0.01769278254624248,525904.9507147799,0.023281640699042823,128145.76020019001,0.022081949179668593,153640.12955103003,0.02033065865180493,558575.1946644001,0.03830709248966016,7809.32682529,0.04122654105526589,767728.88669736,0.028547341072047056,369416.33568226,0.017016347705971088,289168.93751028005,0.025407519208680483,121616.76394819,0.025155600433331635,218561.36615697,0.039334777299512354,434865.03672623,0.009668235818107886,134682.69606506,0.048345691867861564,823316.3247905402,0.02799652029803477,144906.24071415,0.02083180483171777,178462.92908105,0.024207768766753734,42182.52722155999,0.013153557466868897,293942.61327349,0.01760084254722129,465315.0384587,0.030110772031896656,42721.94420861,0.03564156537423778,98020.00152221999,0.04973132982588517,308151.61997993,0.03655129873627281,999589.1353437101,0.059064533868010236,853583.5042088799,0.01575836417928625,841105.4507819102,-0.0006906146070783294,32033.51981332,0.029858606419855296,792976.97712669,0.03458175805889612,109742.51618169,0.057218274449548856,232780.92603521998,0.023695240420585954,43285.971777779996,0.02179148501297503,38735.008597650005,0.04637879975460917,593224.59830651,0.043714096203493195,75721.45823006,0.02969364382900411,8704.00935584,0.023435153962070694,228025.3832477,0.05971249763710741,97027.41611623,0.007419252462207844,136561.31530776998,0.007336934689036461,524294.6333581001,0.026821100013181474,41869.13652798001,0.03170022847183509,88574.10350861,0.05009283353342485,92789.8344463,0.03370489104329055,48148.138814620004,0.037406017117275425,34039.5036394,0.014993211346073397,167436.40807313,0.01157885244192579,73087.95898145,0.03729711672667749,31904.03747265999,0.03250655869549018,2459991.87889814,0.0,0.0
2020-01-31,0.026246978089190534,171359.69294049998,0.0120182394610571,838310.9700323598,-0.004431305394563651,1733489.0796610098,0.033339795038170174,1234519.59808429,0.00866218353830854,538274.8155070799,-0.018476041059920532,1039358.9465841099,0.018735500110006627,224652.11463991995,0.02652877617986788,503355.52934301004,0.015361980722518294,715838.76943079,0.026367966031525022,464306.0900887199,0.027015507324914294,313708.21881526,-0.005306088239512734,56985.52509578001,0.07909218788258722,1410406.8636890203,0.028332787933634165,1777154.31470709,-0.0005960625347820332,575775.4530908901,0.03381267097389472,648639.6081954202,0.051317136009476176,2498266.72261559,0.03975775638347613,170327.83855553003,-0.01811034296935289,57311.55178547,0.034711115016949075,1378666.17146181,0.019501455429352367,378248.53795419005,-0.015451378204441256,114193.62532722998,0.009228610493864841,758857.35433371,0.012254275514348626,223032.76012738998,0.027571956010683282,183152.35375289002,0.0105022517396869,293322.69919595,0.01200405864001251,115807.58991608999,0.001754591958908423,497671.13649704005,0.01660624784796933,133850.15168829,0.07941805819481661,170258.77013332,0.001754314451833591,547694.21366435,0.018605643930682213,7534.70189796,0.03281441158666363,786763.30733781,0.02418479083825074,386878.35656393995,0.00624775148808202,287675.53907966,0.003959769239703896,119321.83948825001,0.019917326850072633,222210.59865909998,0.025939660772538783,439131.92465507,0.005021239901138017,144695.98993246,0.023310769082638655,806144.9926495699,-0.0200802192114108,121551.46848057,0.019855770337792452,188391.28527400002,0.007367011828022559,41667.937918560005,0.022661071794047284,306266.32393972,0.016198878706835756,468456.94090085995,0.012590034094777814,41819.34083662,0.027069339489328336,99273.73748342,0.04574580785357711,324061.538956,0.026536845880751458,1011065.38538295,0.030655329256301815,720891.5629103101,0.021461504829668097,822134.6565041901,-0.012855435933882615,32184.416109629998,0.022535909326651424,804443.06775348,0.004111057222613934,103502.90477312,0.051067983741898845,227547.29537849,0.03653086837119201,46651.92345154,0.01100644944316429,38372.40012713,0.026171993775130836,567884.7307107099,0.03240435771335798,75731.59741386001,-0.011462078232197023,8039.892782770001,0.007406136871258805,224028.5237957,0.049543567264739415,100195.01491221,-0.004656581256231397,141541.53894839,0.013836255047128532,545235.45581082,0.028137672455547637,42561.74830883,0.024703877535594606,95698.75712475998,0.03315205752783274,86437.88168744,-0.0004720967339676966,43570.223223400004,0.01862669648845914,32201.6541547,-0.012426269442102796,162928.83983882,0.010770669579339628,74278.11557351999,0.022705861235800873,34281.75842332,0.03840086865620137,2551485.3623583,0.0,0.0
2020-02-28,-0.022113490200865175,175186.08147223998,-0.03311213540449502,819753.58622372,-0.05013618507906798,1670948.3766844398,0.003047899531913772,1210533.53060212,-0.02951598695511714,533318.51272473,-0.06666245363037318,949471.8279546299,-0.03359003400942081,210226.30275654,-0.017492455692094986,496131.60192014993,-0.012518151303036943,719215.25780711,-0.017766491473891005,450342.63677924994,-0.021246829194218667,313682.41046912,-0.04411870082897518,56528.15557515,0.013507511058893931,1355193.6111584902,-0.010603193917602621,1739244.55529238,-0.024891261470738783,560862.6152538201,-0.011055315749239245,659522.88334756,0.01036020639373671,2564094.6514849802,-0.015179755837582994,167230.4211989,-0.04500344340274163,53407.38198074,-0.011455475056028824,1322653.1822155002,-0.02116805136239767,360332.31232555996,-0.08361463177928266,103356.45614544,-0.03918393154720348,730711.80702169,-0.04302123480994336,213980.3659027,-0.01862978444415337,183281.88715331,-0.029007379721791193,278446.73545064,-0.03831391072367386,115412.84587733998,-0.04094371383677724,488215.88288184995,-0.01929145231087542,134383.74621206,0.07397320781567696,207251.03492797,-0.026211419559854152,547309.2904724301,-0.03896744580455718,7569.198798859999,-0.041609378362589794,775865.3828447602,0.005181439264716974,406055.1791806,-0.04361719114150764,271297.8009100401,-0.03449204108804522,115645.6074346,-0.022393508719309355,222062.29999141,-0.01642513485585943,417753.87897347,-0.025288115615227248,149537.00284094998,-0.02521488068643233,795038.53006154,-0.07876206114125396,103414.11778223001,-0.015890934070891326,195353.83306834,-0.036079411424612635,39579.04911497,-0.024323417274327058,313993.10508322,-0.022481563568489443,465820.11065925995,-0.04833192385070857,39875.42623489001,-0.028618363533598947,99058.13661042998,-0.013933979246984791,318952.68729408004,-0.024893080292750884,977577.1607484901,0.02510089785718534,764180.80697243,0.0060523606505585355,898176.2593691001,0.06309811213781863,38482.72498867999,-0.021629677187703467,792063.0497403899,-0.02757758767570062,101624.3298548,-0.010895095937610113,217214.49328815,-0.019102930833004447,47212.39128528,-0.05437604445024966,34555.031180519996,-0.016741390817069143,569241.95086776,-0.004040642248566777,73133.89784041999,-0.05871151562406845,7252.55834127,-0.026241794479331088,212067.13770144997,0.00691500382405391,105846.65969575002,-0.032313022638259505,141845.45619447003,-0.014583550116414951,551337.48880771,-0.01716177953360856,44514.31921672,-0.021666195846446426,106243.99101802,-0.03041250139593497,81808.39940303001,-0.06617378707185041,41994.98350267,-0.019608552142580556,32079.17403083,-0.053883835334524406,149136.46752068,-0.019578386184667593,73970.07993975001,0.010287317903609886,34883.79365601,0.00952906850712236,2506050.12804868,0.0,0.0
2020-03-27,-0.1074596465069721,102971.42950081,-0.09696473277874244,532129.5194786801,-0.1380353089572126,927407.61089052,-0.05115293618583343,921714.3689046102,-0.1068488461087132,336934.06220861996,-0.19214242913774976,461564.45545021,-0.09974289150629943,147061.43802762,-0.07188706015334517,366950.68407165003,-0.09330100889920835,439445.90631914994,-0.08287569757259462,355093.05231146,-0.07838862344270109,199353.56074835,-0.06376192278797864,37718.9099254,-0.04569208190599509,1013170.8625476402,-0.06570723420739241,1258764.84815061,-0.05795324442579461,436374.99850427994,-0.05175263303194845,423867.8176479901,-0.03376054604864575,2022783.8861628799,-0.1264262521439221,85297.73157541,-0.12147187042290748,35175.35676311,-0.0435098593467011,1050322.1602136802,-0.046821815518656655,291452.50763654,-0.18377614455920238,53300.711321489995,-0.12158255066217204,423871.83725534,-0.1509773418407768,106298.33042098998,-0.11224878298548915,108792.29807271998,-0.08943080243321026,171575.43718317003,-0.07594351275323419,81143.37767135,-0.10049109605799865,355937.23285308003,-0.09026380447391094,80195.62511451001,-0.07011677335803487,107283.46716342,-0.022965960091866647,481056.81851535,-0.15969894793815126,3927.1279550100003,-0.1036720723804423,415281.62466028996,-0.027275752137534835,276162.36702316,-0.059682106769695153,206198.12803722997,-0.0745720134450102,79246.71240774001,-0.09565197681991915,142235.20411823998,-0.047568442399615565,330494.41117912997,-0.11254651695888292,78940.34799086,-0.04462661163719617,570744.76902056,-0.2631665511719158,47662.72660539999,-0.08752690750328437,114777.91133335,-0.13349740118028144,24131.38362168,-0.04972661452419342,205687.84205130002,-0.02609109884417433,375330.87396408006,-0.12322338479225371,22850.17018858,-0.11140110970707623,56999.77282948,-0.07802207612839251,211506.65550913,-0.057250264398693476,681955.0043081699,-0.018119783113487605,654202.0806225601,-0.0034694081753960768,830469.4679727501,0.007370859155610882,34208.75370927,-0.07953348310356965,501202.80427540006,-0.101658609549326,64439.57931103001,-0.07207850218910461,153784.4442462,-0.0147038547533188,34048.911509670004,-0.13425031683364083,19769.87985817,-0.04980544097016129,454203.1683862999,-0.07672720297761312,53375.37786118,-0.15221386622840136,4366.882242640001,-0.08926722457119693,140861.87977104,-0.10072859002917756,59349.222212680004,-0.17516431701685287,64513.131197430004,-0.06664524011176014,375437.50680364,-0.07131937698075827,29208.68307429,-0.0399189471535782,73643.99330434001,-0.07878446232916357,68009.50311568001,-0.19087682214210025,18922.96229434,-0.1107897826462262,17995.09171582,-0.03411170368109508,127555.51286745002,-0.1933422722905008,31948.323217049998,0.06371363352751402,37878.55343687999,-0.07386329373285157,1899196.2758896803,0.0,0.0
2020-04-24,-0.0831824603062901,120301.23108553,-0.08398078134966147,605845.64834481,-0.11202366782847581,1093960.41822269,0.0021022556905660166,1134056.6451570299,-0.06254332478742369,426847.33992214006,-0.10419662520958803,636631.0989312199,-0.047702886826646404,175138.68537312004,-0.02992841625653902,441755.86925429007,-0.04439422868295407,581466.73239849,-0.05043657025606045,407500.74109044997,-0.03912118533856086,257894.14564035,-0.03747567545769128,46881.057539990004,0.0022725349600523892,1225481.66123018,-0.043182645579312395,1468235.1265745698,-0.03765663506705413,496270.82839454,-0.03736177027843842,543403.5765973399,0.005419277755508547,2509020.7713027196,-0.10370661750737913,112253.77298939,-0.07839401566097258,39113.48737632,0.010504283109338087,1340378.09482551,-0.013955448269753758,349509.09792101994,-0.19562032457340464,49109.767388860004,-0.07698598122033522,535062.84971532,-0.13512143717820344,124990.12261713,-0.059433262679234274,140422.81931155,-0.04983067856494821,226526.74210007003,0.008585113520560368,107848.80320151002,-0.05542321900292399,432477.99387725996,-0.09092542959462689,82558.06398463,0.03145346057290198,165179.80897192998,0.007123173605685616,594390.8757231799,-0.12114351751008448,4403.59330301,-0.09892610173258681,509213.6573061,-0.0080348435095545,368699.29666530003,-0.017965619893490072,255039.70981243,-0.04940393667455323,97980.49342067,-0.07587328451919843,165143.60604722,0.001991067828732809,418523.4145127201,-0.11490918528832927,96425.51724363,0.0031225526474396893,762494.8967476297,-0.16910170613921455,56435.53286029,-0.08047240533495906,143965.99896372997,-0.08706274426728515,28337.00180347,-0.03317389298645782,268957.14859959006,-0.0035822533972418823,458466.5598229901,-0.10867412541071564,30067.76577933,-0.09728110726431395,67791.47173907999,-0.04892525441648189,263491.2333081,-0.010620517248162022,955127.0981176901,0.03763379740748106,814026.32681159,0.06454781442701607,1054446.17641596,0.01850136180359107,50317.02299293,-0.043811628846988186,664996.8611834601,-0.058865534130750144,78421.23444956,-0.03502113024524836,194465.19199145,-0.010967293403127564,41908.55590507999,-0.07494767388110574,26283.285061289997,-0.008791376621542342,543176.6302571199,-0.05689521811666745,58638.47098768,-0.11647948751778364,4871.26574803,-0.05393908978611806,177558.56306835002,-0.08263181251102854,72085.71513340001,-0.17465116642970616,69962.43932582,-0.040897706047026396,482106.57926742,-0.057168524639398303,30574.125435179998,-0.016788201671093607,95217.44855757,-0.052764459345967574,72590.7129611,-0.17493876988388296,20192.54001347,-0.07081309139290859,23895.40465536,-0.010849987083240226,142221.55835,-0.17604476325440258,33631.66779062,0.09787797721232594,46259.6326174,-0.020688927392669514,2279378.5834733,0.0,0.0
2020-05-29,-0.009611727229129166,133534.66645982003,-0.02621476044595587,625928.17799585,-0.03312614899328023,1084014.4023731702,0.056246324994248094,1238280.4775260699,0.015029136811815193,450814.0158381299,0.023136186272787823,726860.7145994899,0.029593871592083185,194656.46049675997,0.027216654937117838,489878.27798286005,0.03560525542013002,689637.76346468,0.009817181740988579,439894.18544565997,0.02878711652356107,338848.56651652994,0.008160335057076938,46938.431613349996,0.05583110182544187,1408860.4225360998,0.006310072081468852,1614125.61746246,0.0004670114058135488,470226.22862073,-0.0024061512944934505,528621.5487549201,0.04454314802861114,2717675.1665268796,-0.0074877943646364875,149284.89026373997,0.023282048935248573,47223.04673802,0.05457197698780111,1322176.6163364702,0.02697948983783788,350598.23493097,-0.11947461667828793,53277.88356368,-0.00042117772146824366,596173.4378588201,-0.05104938558028842,138999.23484748,0.019448159256872363,153572.47807406,0.024943723872634754,245744.76463606002,0.08145481240685068,116827.41727241,0.023189010826462596,505679.37596493,-0.04493408154429974,86021.86317773,0.12119564539776455,187186.13807749999,0.035581130129204164,586922.0193974699,-0.016767856929436782,5403.116006050001,-0.0582261891818605,503844.44685375,0.01836687197473261,370527.05357461004,0.0496269259433316,263255.69328246004,0.001381130249943423,98751.60700411,-0.012229364286173675,178642.32320623,0.057957584295320184,459414.81981549994,-0.0658721829109429,100688.21853568,0.04318212355602406,794189.49845668,0.005674831837152636,69099.29526535,-0.04499908080905421,145271.0220224,0.0037723943619851863,31198.12484196,0.0009912810935036253,257800.79385971001,0.021789183067742968,439411.43462173996,-0.036765139399946474,29165.823068029997,-0.05623154352338562,60983.677751250005,0.000839946225339903,281325.64334966,0.03192031939279945,958118.32856454,0.06425946569329771,887832.9596825899,0.10295225795687842,1080663.05094929,0.04090607440803556,54735.31412423,0.009264803302287133,684929.2332298399,0.025842295951059007,90219.54774330002,0.007523374719845856,182148.27885092,0.002942438070887043,41205.63780656,0.03843890425924932,29678.99703084,0.02270669477149872,570710.1929524101,-0.007649586028382483,67156.75947239,-0.028880848877131597,4981.72248585,-0.0010985081261540072,181587.10205141,-0.008426838170304917,85613.53366837,-0.10512400182770952,75066.33053667001,0.0009944807954294383,479088.0685499599,-0.015965750922595466,33288.07555726,0.013872375633940136,95982.92074789,0.01217427391688838,85958.94921844,-0.07765550258234884,22445.219042469995,0.022217277848204646,27692.34864761,0.013425368680027153,143492.86650967,-0.09399543561995366,37379.04145569,0.1172421832176505,50394.79907159999,0.040991643013913004,2569237.7973772,0.0,0.0
2020-06-26,0.06892004470968945,145567.24438895003,0.03785233524696278,652049.3844887901,0.04048258220784211,1201681.2956210999,0.08878306415223479,1316464.4781233696,0.07553670262929134,483162.66655950993,0.10632517707214366,747572.6413906201,0.0823912906523143,205621.73397553,0.07769570587317996,503912.05271211,0.09436684827056836,729889.5687517498,0.05823068756057897,448312.76137758,0.059625345247466606,341347.89184652996,0.005107021271138455,45975.01527010001,0.11836364703720567,1575681.83667727,0.05495681943756996,1657241.27408971,0.014355164229908516,479488.30593283,0.004217387939692407,539499.62914442,0.09327231555468846,2943817.12390517,0.0890501763035047,158276.98877596998,0.09930996495839896,50708.66347853999,0.07039832065093818,1301079.7554485302,0.04621790469743456,361538.39575023,0.003635946128117567,65173.04207876999,0.0595781309601372,598673.2614863,0.045392999425434094,156860.26504245002,0.09607165083712361,165184.48285524003,0.06910717833622958,264849.80060754,0.11348106001481692,118005.64194091999,0.07541031265872766,524171.98459531995,0.02434203659685061,95193.36558847,0.1978208985108932,218584.43813974998,0.03350722683141507,595380.54395322,0.08750510067280147,5727.875449970001,0.014828909988827998,556821.7175903501,0.028513687225503445,396044.35606166,0.05754898451489058,265446.05748636,0.030437309991712146,104007.72921168,0.04455860883598303,186446.30834583,0.08762924737971986,472366.00522551005,0.008589415233481843,108724.66912228001,0.07639066566862339,780114.4673870499,0.1429976404098054,70276.85484297002,0.004469172044173272,151082.90300683002,0.08886473152926637,33389.78204575001,0.005522897965215462,262268.75603088,0.02302716657486546,458817.1631595201,0.04043543265960822,34263.93080436,0.011052895540164665,68811.33320534999,0.06073485625776052,302173.87176213,0.05888359193613839,958679.6580419301,0.11446808184482946,917469.8203449,0.11505569887582297,1206297.03355347,0.05028251599891145,57181.56538596999,0.06261076981746103,738583.1452247099,0.09281939071377834,98413.40451994,0.03405438204960909,188910.39668983003,-0.002035735516811697,42595.655654079994,0.1374987557969233,34834.908124860005,0.08314661930612825,595923.94188726,0.0642198242082138,66942.38152072,0.0597571799007347,5544.3307850599995,0.04111618717340472,191507.05778124003,0.08629877849010088,95701.62857298,0.018634604338073617,88718.01522486999,0.026456039549526557,486068.41378066,0.031929363900063616,35716.33210037,0.03261524925165486,102023.12853455999,0.05271177328396838,82059.25660139997,0.026343404214695394,23222.872197210003,0.09334184720176147,30696.79867776,0.025424400158269446,158939.87393104,0.055248133565444495,41754.097802929995,0.10804713417768469,55344.86451710999,0.0802054036766198,2597944.76907254,0.0,0.0
2020-07-31,0.09324371160162086,161521.51515576,0.05122329062464629,686478.40802838,0.04884259952591015,1175316.73033168,0.07123597513210252,1348817.77065087,0.06721188904503853,533260.8037137499,0.05674939158407097,715616.0468289001,0.0718977177461186,208515.29624747,0.06643185749600218,556352.83969752,0.09229970207353984,787969.78419595,0.0605768252362261,478185.90831651,0.05000800471498096,358220.93751253997,0.0038397683485230094,46089.668883349994,0.11378606210900814,1646174.59931123,0.058885488418628854,1749877.9887764298,0.02137933976051169,480026.21296866005,0.03252281206810103,568029.0504414801,0.06362143425228971,3151326.4637730494,0.13944465446685902,183603.40632669,0.10043666503885469,48066.8328724,0.03325763058234759,1280605.241799,0.0325486983750348,382453.07144430006,0.04266664550459584,64624.378277200005,0.056521248823766,617263.0076665501,0.06512490164060163,156081.06503718998,0.08941506360627424,182466.87373199,0.06175871293587462,267347.78055480996,0.07140132230081803,135913.29008621,0.06370402967226618,572135.83653813,0.059811743554172105,97192.83056933,0.21265825587474518,303328.01851578,0.02647851270023254,573663.95235947,0.11511628141135442,6608.41796617,0.04255000954162944,499408.95874708996,0.041948769807989575,405094.18098366004,0.015963956808793173,279694.7577216201,0.03854942673475504,130178.30710293,0.06483009683023197,200586.86061063,0.06493295023547019,549564.80988033,0.05908001033089798,108664.18942823,0.04828264356208154,814223.4793971301,0.10504660038437412,74252.95201573,0.03880901146795819,145193.06657445,0.07544871389554254,34766.71145838,0.021006146514691237,271943.97013082,0.026276924424605223,487679.27397181996,0.06238014259004812,37240.391934110005,0.027216564674715817,64922.06283851,0.05480254267831842,302949.64921939,0.048832414835566273,1056194.70133997,0.07329397846529465,962477.69416441,0.05469719948579088,1361356.4391765303,0.0368022128466588,45533.72001516,0.058166615864711786,790027.6952368502,0.09187348330522291,107923.82632211999,0.02315782530441372,202565.83322308003,0.02765352392975707,46837.53019626,0.10927811927105503,37788.99657093,0.05679854736337635,626961.08466211,0.07495772346457957,70757.87752426999,0.045134621928800495,5486.91945234,0.031208791639194003,199498.50024257,0.10138520783216654,96636.19355068002,0.06407990055480538,80803.00497418,0.035066755801727634,508284.32826603996,0.054019383007870236,35652.95787541,0.04792892124566038,111917.82673343,0.05940130605110664,88726.42085493999,0.04527624924992126,20412.144096639997,0.09274004785465059,33015.90137824,0.03846588979928651,182998.85666669998,0.09142951918548457,45052.73728495,0.05624715503391981,67218.0486634,0.0710756486069976,2818175.16957418,0.0,0.0
2020-08-28,0.07510060988088067,175169.22137071003,0.03801816914152762,696473.38998815,0.03114505030307202,1214313.5702437598,0.07290371361973297,1462642.8738202597,0.058342188051124226,566488.34602448,0.023304179055874622,703023.1559977201,0.04888487278749402,211220.71229113,0.06192322345951005,578259.0495756,0.07599053489336524,871565.55320064,0.04933792686516112,505976.41721268994,0.046884608424113385,384581.75576525,-0.011262504333821189,47305.15687124,0.12113255078534388,2150112.27669312,0.058581980137151025,1909168.22852756,0.008443676555571239,498802.43835829,0.015452549237331312,566455.9747941301,0.07717711613870225,3344025.6949277394,0.0987450329344821,199945.34813576002,0.07258682212685234,49980.51555977001,0.034244157972734945,1324547.94414393,0.028045706741123885,393816.8922266,0.038571727303207154,76559.3807014,0.05089948634551966,683156.1194386501,0.04858989105784039,164388.36711084,0.08640169339913871,201639.95641305996,0.0475087301941171,298607.16955353995,0.07153518096118053,139047.60283105,0.04864874297014294,585245.73724434,0.036755023072168005,100592.00311164,0.25542743816586555,378935.30426899996,0.02350573280126641,605079.7176656,0.09824585900539737,7048.21725668,0.0330388821473632,529585.15409966,0.023841438930727966,407482.58117627003,0.0032417039508304745,258700.28944895996,0.03153677394735679,133102.53236065002,0.05031551198833718,213827.92478283003,0.05858757341311444,554468.42807406,0.03177250993599144,114626.90754111,0.05247932580742222,827860.8273109,0.06261485936351395,75529.03907835999,0.021336570149298493,148594.41107776,0.0659293655347961,38947.49296621,0.006171686109821522,272953.95413253,0.024649947578151723,529715.57353695,0.03086651859989033,35573.96619811001,0.018498166453876266,65221.82027055,0.045390418607208265,307760.52589126996,0.05017055918340856,1056560.15802393,0.06956218296238992,912880.8756301301,0.08027506272523298,1473281.6055693598,0.04372227209313664,49496.39368090001,0.05097108888346434,810090.17660328,0.06943555037151725,114098.05571274001,0.03703961484890375,208092.3394308,0.015826877163049383,46186.031579899995,0.0885314000789636,38641.89124448,0.07109388586283588,678983.09269242,0.06758312157632383,74264.79793728,0.02667129008707508,5647.11821813,0.029672025008565552,205698.36492176002,0.10678326925341562,112852.76651872002,0.035026869204261166,86773.08848827,0.028901832017885275,512547.33914169995,0.04776453470889651,39738.17760073001,0.04173459836414508,113124.21024547002,0.03590996658633924,98290.75595011999,0.01614843566394747,23171.30012321,0.06595214116034208,35952.08391756,0.058758640258778055,231167.13479929997,0.06913669359838995,46712.44646936,0.0957491107766857,77806.63845606,0.06870007602004409,3013239.07447948,0.0,0.0
2020-09-25,0.06478896674435193,168980.50428226,0.02510856366839337,665651.3344212801,0.006787870032016378,1138324.57368994,0.05796293406381538,1432321.43386751,0.04569246171182274,554836.3098359999,-0.021739631613072588,614060.34062879,0.035254154216612175,201288.61299706,0.04657254526052014,557710.34667136,0.05777836952962224,836292.84859407,0.04611597573082187,506090.33721859,0.04530950575070717,389882.93663720996,-0.011399038152955558,42791.240901100005,0.09333106512925292,1893655.75374084,0.04380368016533664,1830845.4075942598,0.006436250553374899,486133.76852666005,0.031184971335403957,547709.6566797001,0.05264087501876603,3317225.09876719,0.1003593377519926,193186.272387,0.03744168082033036,43996.80818211999,0.02669993119400822,1281139.0716493998,0.019288972448220688,373068.59818852,-0.0013103712206691941,73858.71669537999,0.03389021356615005,674537.9635370199,0.02623529197869276,163314.59087934002,0.0650631198990029,191508.17203848003,0.038400813795037486,294191.62018252,0.05189534776452089,134533.44093536,0.03584616392650714,576989.96760181,0.021817206474564636,93150.10641541002,0.24637216943029513,411663.60987757996,0.019738246257405338,602266.24041101,0.0787678960739921,6323.21810748,0.01237591729299048,497298.91040013003,0.025980786584174964,399336.66301276,-0.009756131210479772,238567.07499173997,0.030019027285456787,134877.96654883,0.0451737613100537,210457.04726125998,0.05874857191340738,555040.8366023401,0.0203203004390981,107812.97809301,0.04157230249622068,790722.3360170099,0.007145184498686201,63166.5746228,0.01373834046765435,140367.88108030002,0.037943749493180676,37020.98731272,0.019141482953898666,263496.37840305996,0.027200956384332797,513212.01269021997,0.02152814268940621,36217.094283800005,-0.004174084917558007,59400.317615730004,0.027103249538091134,294126.55716502,0.04674692856079184,1059154.47311761,0.04867785490101751,913459.28007554,0.06101961858923488,1317181.4288165097,0.02834855783087927,47484.65130355999,0.03364906212000105,769695.2840352401,0.051279340631712876,106798.18343194001,0.029405368285128998,195450.76173645002,0.033917979534595036,43815.16021513,0.053445433560094256,35800.24407113001,0.04783547442273471,643485.54401274,0.0490751953324728,67015.49032244,-0.005755753441987893,5088.212225179999,0.015005765361875869,205852.15338018,0.10188093689016935,115589.40969608,0.0016991003922272423,81608.01864209,0.02804194284990123,506587.60206159996,0.038731081476660656,38370.6058259,0.0457019991352849,106418.49717280001,0.024764714291150736,94902.60813129999,-0.019384762748204453,22056.889089590004,0.047527829262478394,34061.59035564,0.0733480650851072,237330.86613799,0.03762515684392862,45181.72501275001,0.09638750765889208,77391.14792590999,0.04841699334659273,2693418.84769997,0.0,0.0
2020-10-30,0.036236690841742,175648.37518163997,0.0094452436482864,688070.03424309,0.0006371830313419034,1220888.09660399,0.029848783269458702,1512981.38693122,0.022175265055110766,601183.3478551902,-0.055487365016260615,570185.7211990501,0.014951521022039463,222530.90309190995,0.02405336959602039,578913.24005643,0.01751976824543294,853363.0132230101,0.008260924106323985,483833.66050318,-7.959550574003797e-06,384084.77665208,-0.03222791824059608,46597.40586096999,0.03766671135418096,1963853.10282588,0.008509724488629635,1773288.8501516103,-0.02125184984801871,465581.11319888,0.005964843600079419,613939.07336359,0.03409347506190138,3432622.49124362,0.044197302859346935,196915.34130054,0.028890738483594754,52362.71782369001,-0.017292668777914154,1273762.51550319,-0.005532252633188812,384675.77112943993,0.01994486681601106,77510.91035220001,0.004798949077893009,699318.76941879,0.02507059628436287,172954.55765549,0.03589654064003206,206800.39987907,0.02608954942935641,335243.51512983994,0.016360350840263733,138159.45855023997,0.009185855226256362,584136.57185935,0.013202829481233117,100583.60561847,0.11267474769162612,408117.58642244,-0.004179848352644455,633850.30475251,0.021107137025511646,6257.640653900001,0.004951832186082687,504040.00506163,-0.0035002227411668075,410979.49112689,-0.029207406718642505,238451.87087431,0.017060141781776724,145735.63523272998,0.01546150071463737,217231.64546625,0.0317942941668301,626471.66265512,0.003354234258414602,111482.70518873,0.0037497416082664763,849090.3733703601,-0.023779335112339463,61974.78786289,-0.01411125229437486,141233.93511134002,0.03885608407235449,44332.941919439996,-0.004935686855760984,289058.75074045,-0.003221512351182964,523416.63280886004,0.03920169271635365,41268.5657443,-0.033142504529459736,56214.418328730004,0.020898044206133955,313695.70778115,0.0020955809659463144,1114187.3461273,0.02361358703157898,904576.2076059701,0.011047827574482163,1436653.9622698901,0.017672303565509084,66995.91908832,0.008630886655400122,822617.6208957401,0.01872336382959717,112763.1468613,-0.024376715077555695,188978.03602703,0.001657174010504775,48161.09298486,0.1224404590338692,74753.39219252998,0.014846798276840255,639422.12360161,0.03312754119534451,72043.81425053,0.015083204713111673,5833.50192603,0.001298652539760528,214973.11924686,0.07125354794267888,116293.51049408,0.004154384728977975,81805.96405327001,-0.006620988285606543,521426.70409918006,0.029325929697621135,38994.105073700004,-0.0008603376219740524,111090.07260854001,0.01643260308303858,97075.40462201,-0.009977837471863534,23498.20065818,0.030200010561530176,37187.49696961,0.028654306096006946,255667.43762808,0.034715661215094194,44264.42976039999,0.044563148059813096,80682.29259611,0.021627368886038563,2969469.2621851303,0.0,0.0
2020-11-27,0.055633465149595045,193201.05223531998,0.031240789830616008,767454.98214791,0.038909823729459156,1406469.1140466202,0.050044465866617975,1648825.63658163,0.047142339753839975,662524.7312053501,0.009159817937971668,729854.2272612399,0.04413433403412996,249627.72186694,0.04092806423777935,633259.334453,0.04053822691881437,883598.2257506899,0.04151840787850793,579716.88157734,0.03326197990893714,446339.0510798299,-0.011374277205224183,48710.00519393,0.04272487882982335,1963680.47193025,0.03318364174997696,1977689.08456361,-0.011552536716779454,488493.03162685997,0.005534388600761435,606269.45184982,0.03948476663796718,3478667.5618253006,0.06920283641483498,212892.02411668998,0.07739431292949031,58316.87706964,-0.016490737388754496,1284549.78269332,-0.0019764452878569707,392807.74138346,0.08443187876929623,96435.17581898,0.04291853560547924,780329.85710779,0.06958367929636664,199480.21087344002,0.06964695231290755,243971.72276786002,0.053807862650723653,361096.09886355,0.037065263275456485,152402.39333022,0.034875352492859224,648447.4552171,0.0427551620138681,110202.75162729001,0.16808530548166892,501680.6889713,0.008163325487626846,670012.42861019,0.0544443286273096,7169.39524059,0.04582404357846965,590989.1793604399,0.0031460729918172596,405171.28787862,-0.001227094972189725,260121.70273880998,0.03747980633362258,158972.4482974,0.038482218087019265,235520.52651866004,0.023345848205026346,611649.12526849,0.03652754511105223,123897.93522936999,0.009159133510620832,910430.04904218,0.06193640437706899,88488.4382266,0.0053078546562861165,155996.55625611002,0.07125206606911248,51262.5805269,-0.006024472036307712,282172.15399260994,-0.00454433364229281,521126.11100556,0.05250574392807879,42133.52014350999,0.016542584955440746,72008.93394634,0.04175966137396387,355303.88708282,0.000865536925120898,1141093.37452472,0.02920495035441676,973808.2506681299,0.010498789753933839,1391841.47120482,0.056678307002456324,80417.35334725,0.026331427645643186,892962.37775496,0.06003772903340183,130962.57993978001,-0.015585159909776117,196933.30813925,0.0009669042718486991,48739.22291766,0.09669630759070161,76034.99949552001,0.02475129758189526,704945.8661540699,0.04113025039920839,75953.25963285001,0.05696261264532344,6959.53373418,0.03296494006211931,243682.3729056,0.09684690643352369,139486.72653290004,0.06491620947018902,101581.19552842,0.005895579020486524,551973.32485272,0.04791731734841347,39752.92319578001,-0.006938036836439344,110163.68496093998,0.04685543939670541,108547.57495506997,0.08781822448632333,33265.57601844,0.043237740720277355,37563.91399213,0.03173506722573854,253882.34824925,0.07674026403851396,52534.33252106,0.02629499590404291,93926.57071734002,0.03629535893596894,3222336.8020867696,0.0,0.0
2020-12-25,0.087028421877013,195624.05571837001,0.05770876183131737,776066.1579915601,0.07434810098442361,1496291.55667548,0.0726793864837538,1737988.88657577,0.07313283246281416,670017.5654871998,0.06259467404030843,734511.5544786501,0.07526203803914992,257003.99542564002,0.08199854255101026,685990.3040090599,0.07868293231378443,912713.6304072499,0.06916484045575919,599775.3445790298,0.0629786187491109,447353.03725311003,-0.0024813496977770504,46320.605102639995,0.08717329580559477,2206299.0780637003,0.06173044460182552,2066163.1655977098,-0.0006247269582578168,488946.94791923004,0.007443944401455777,591193.45085985,0.06796239742250004,3754823.0131788095,0.1078254852971228,213174.84256733,0.12117047813074111,61267.69329134,0.010183327414088313,1349334.14356484,0.016607354628175308,397140.34740764,0.11588044424366886,97899.21279461,0.0829655630734901,802995.5404830399,0.11326112672405128,211749.08758741,0.11004319643933827,250152.15489091002,0.07799150098922039,385128.04611226,0.07516507374484235,161533.36030307,0.06426726146956697,658101.9255023102,0.06787116794444736,109030.38285734001,0.21259807841138256,594035.10005927,0.016517623653462404,655885.9722644701,0.11459708293878923,7688.960807320001,0.07899071987324405,598338.8176674,0.013474931002629306,400629.03223904,0.027733785492492582,278286.21202432,0.056439051613301844,160330.21429354,0.06525925355487154,238057.91786624002,0.04687081960863068,648302.36699742,0.06872495409122856,126457.39196384001,0.03093589429711247,917017.7864136301,0.1328766716196744,92756.68987324002,0.03001089112286115,148294.57472602,0.11268965818393939,52324.91670254,-0.008235328101805295,265399.64266026,0.0037295835948436347,517709.56708879,0.07298052125612504,43768.79052306999,0.03690603057402394,67638.58535625,0.07420799338659786,370234.78890725,0.0329973761032943,1187811.96025379,0.06383956244657524,1053472.4653264699,0.02700568898666394,1446269.2111614598,0.07130959338127449,80827.65487759998,0.059705710411489865,951442.72916708,0.09605717101081213,134683.23855525002,0.019106219536224135,213981.30509657998,0.003975673463730808,47996.78679382001,0.18680929010070005,88621.65695839,0.07852488988698114,796407.43820546,0.07021795688158634,78412.07092649,0.08154469768291037,7032.830007140001,0.05550349343397298,248818.4333153,0.15586944400771083,157094.81530952,0.10291335761794924,98986.3310582,0.028864426167706292,561712.48825457,0.08500049846093465,43016.97610435,0.007280957572735561,109429.45260413001,0.07471645120033422,114168.31861298,0.1333323163588997,32903.85472961,0.07265620013650598,38696.596183760004,0.044397521007907254,257674.55895426002,0.11377429772830831,53698.137034800005,0.04686232583734503,98397.00620136,0.05335859280722816,3210176.0959371896,0.0,0.0
2021-01-29,0.06895904924512573,212194.400728,0.040751994158270285,779257.20213379,0.0724726049392661,1611652.3440161902,0.07885181726780857,1900453.03680193,0.0671495816594929,700848.9956449202,0.1082440871244178,810896.86310666,0.06973169369531132,275895.64912313997,0.06708847538547566,671724.7282500102,0.16241038506859268,978743.49425845,0.06269739883328262,600784.56472609,0.05482628564252499,464740.69638537004,0.000532999150194013,47544.580082420005,0.08557032982892351,2420203.64683559,0.04603462474809042,1993370.2705043803,-0.0019101076439687233,472984.29700312,0.0030576255600860054,627336.0217965001,0.06885052563615088,3768188.94493276,0.08783168145437865,230621.32897248998,0.09568710140411056,64800.15309952001,0.04386610581746153,1445273.9571741703,0.019511261749130693,399248.38382768,0.09522035577532348,96987.2769571,0.07266413440334654,807974.7160610401,0.10163350583687618,226099.53590711,0.14171734026003505,283262.19544791005,0.05683571568781273,375344.4966897099,0.07750709096498426,165256.30927927003,0.05772653739752427,678613.4169479,0.058558367727350354,110465.08910264,0.24073943482136537,798606.6819676299,0.019514296558923755,671176.53873783,0.0901494154054076,8121.502124999999,0.0572001912436841,596788.0474431199,0.017857722223449442,412610.4589752199,0.04467081957702508,289128.1768209099,0.034467551381923554,160431.50116063,0.04630422621905559,238640.46889187,0.060735305908236815,711290.8515418401,0.04835496171075236,127580.65444101,0.037960969168263504,960410.59284606,0.14340028140926553,93548.20692575,0.039328866388353284,155274.26570658,0.1110944403613134,58390.742323419996,-0.018443885815154076,267394.96745269996,-0.010792440242781197,501698.85972889,0.07128841662463052,48757.81843824001,0.05103464612738133,68093.56545912,0.0494222372267004,356965.92371509,0.040158216572671504,1223177.77416454,0.08236491674840518,1092651.37497005,0.04268146084149563,1510410.81495886,0.051666643286564284,77334.00641085,0.06010197590539101,957349.1499803499,0.07120353196987435,129667.95887516001,0.021761745229517234,207846.73213547003,0.008966170869458922,50818.95991655,0.16214436791584372,94773.35878389,0.09055552583849935,831833.6933279102,0.05754716501703556,81011.12712477999,0.07306500234218563,7805.5644185,0.04161204855584251,239660.75795014,0.1361463191888153,170519.26183496,0.1106904701016124,109876.96090873,0.013756061420335239,543691.53577468,0.0842518919741004,50589.86417532,0.01152756866025428,113490.27103696999,0.04282043458718809,107144.62074394998,0.11282914795556728,33613.84502024,0.0415428444022632,39925.10952535,-0.0008500769523580253,245011.07567684,0.09177011693997104,53938.41848355,0.06774684442219282,106596.52778742003,0.049955568255398264,3408108.1914963704,0.0,0.0
2021-02-26,0.05056303659624836,217007.64939150002,0.019063559650861917,826151.4355155901,0.045126596882478526,1814521.2291399701,0.048846969222938574,1922470.7938332697,0.04494230604982644,737533.9026053299,0.03021943722512895,939650.4271317502,0.040843276349095556,284767.95257038006,0.03166751876298654,703475.4716515199,0.06918240673372236,978390.15289999,0.030201137545103337,623581.75938447,0.009884804478143798,477912.47199275997,-0.015336382857905038,49231.949283630005,0.04882120407199629,2168259.7516914494,0.008259891716348753,2140637.84337022,-0.018537084295188553,467781.48094101995,0.005471092097396275,584884.42782194,0.030241586062929655,3857393.91732176,0.06346045838922013,232400.13429341998,0.05753511264203722,70355.51395065,0.015557759619352485,1380945.7340631501,0.0018794182083411441,398720.71698859,0.0508857308827497,121700.59192271001,0.025427575700155313,878865.5986589101,0.06244743548403167,253466.78384276002,0.07718499809594723,285313.30135181994,0.025985760074418444,379659.7683332,0.051303489391079676,181633.28976583,0.021148204747400146,689662.4371245899,0.03708090482432413,114085.14723423001,0.14046471051926435,679041.82442905,-0.006585387882537197,654626.38226022,0.058456175383333274,9019.59185931,0.009204621207916649,626116.9179389499,0.007693031197128592,415045.22789443005,0.010815555791919198,292393.69516653,0.012982706722532853,161281.76890733,0.01585551708741049,244889.12006663,0.05601355665345033,685670.76093286,0.02072508494903337,133491.11235323,0.007085542431402643,921995.18781643,0.051279404876511364,114412.95627685,0.014763249790767048,163880.72155684995,0.07488986256506629,61491.78458711,-0.01600868535698943,259176.6550283,-0.018504537350635102,480841.90678901994,0.0788997837151442,51511.27746804,-0.00784502171412647,72158.01247511,0.00814267245047406,354467.9638334,0.023920845167175568,1242001.17520636,0.04257463878144746,1078331.2042586,0.011611639015146636,1466787.0120351498,-0.0035632127577664803,73448.44208489,0.029914379998923327,1024005.8050655499,0.03229795041471606,134084.3745886,0.0036283964887538303,220835.57114122002,0.010356884643614719,48935.01590776,0.11834704532004457,87112.60376212999,0.05511719075896039,883580.37812476,0.03670491325539454,83925.69435340998,0.05248308016403119,9254.205882679998,0.0007758710301896986,243331.605513,0.09541939344684013,184459.32405641,0.059192588887929554,120887.82029849,-0.012554949696508375,541859.82983837,0.05877804762468621,49848.992655940005,0.011892217850026044,117128.56612255001,0.020224387262407037,125188.90093866999,0.027232271987737214,39678.89979797,0.024748855333640254,38889.16496476,-0.0010657906569342065,242875.34099670002,0.051256887202112356,57616.98679165,0.060383212906392446,109778.14890885,0.0293787153832251,3633243.5751223005,0.0,0.0
2021-03-26,0.0819377484844385,265052.46077725996,0.0500911487953777,852930.9494476101,0.08201869211077258,1887803.0484840702,0.03837429219050354,1906210.4977484401,0.06445825516401987,810228.03250064,0.038104772225786315,975303.3787254998,0.05636732403931719,284685.4768196901,0.029620753115123945,719865.5938456501,0.08596110663419827,1026976.18169307,0.03968606876995527,687339.3099066701,0.039091876935478366,490528.31790696,0.023650818551576268,51229.03177645,0.013057602724946916,2141980.76485535,0.02421737556098292,2122644.3931781496,0.0016669811605788095,475783.48424526,0.030599429494986244,600838.4188408201,0.005381139040964577,3736135.2400383404,0.1002177298762199,250698.69264097002,0.08995093337299348,71907.61538204,-0.017581735204860487,1379529.7090164397,0.01668260242464914,426126.80259236,0.10725134206145334,130574.61853376999,0.039381059079857755,901471.7468388701,0.09365448655163315,262294.46645842,0.06489799757046275,285700.76256939006,0.031219035542404322,386601.0806524301,0.056323195533004786,188765.60662213003,0.04472993404516167,728243.4071616,0.05652046243100503,116490.78541483,0.06719548896888979,659026.69631855,0.010564577285640277,644192.22455806,0.10382432222116,9541.26663934,0.05351179610600387,666671.6501472001,0.019993239504522798,421164.29187433,0.03485610210167996,315553.8334815999,0.04155189881178845,166736.98188714,0.03950103996718614,253883.06206717002,0.03477755443438014,685601.17920147,0.04477095893897773,135254.7720762,0.027738078701832144,1011974.24477792,0.06349994476287855,113946.36873511,0.03594643583426535,173315.11703095998,0.08583951159430767,65757.79189729999,0.023758177922689864,273109.09580495005,-0.00026722708164756716,491271.5506814099,0.0857683298802274,51703.25043745,0.025508134541463175,76298.78952870001,0.024072488459532058,364396.54272037,0.008383078150819578,1215922.18921913,-0.0011928915539909596,1067974.9891623599,-0.018935234913497807,1438465.08631777,-0.0034007006103778364,75797.94440783,0.047930480402203254,1069578.98960573,0.0688525702589398,142122.85655519995,0.022511687844065525,240010.04801338,0.020056679842550107,45904.470134229996,0.04620427177491654,85626.59711038001,0.018435164890906512,895417.6250334,0.049972296191361135,84264.71539027,0.08118053332689315,9198.01199604,0.0307053577404112,256812.7028038,0.056360067620876746,166496.95039124,0.0777290407102138,123050.98038114,0.004984718761396171,554230.74903275,0.0390282630424877,43063.47707192999,0.030018673591692736,118725.77799967001,0.053795259889424234,128314.38521959,0.08517799099307986,41117.86334502,0.059239134667238395,42530.83661101,0.03331106367684546,249861.37673053,0.06796098443493108,61491.80815302,-0.007210819681976894,93120.99480641,0.04935136524745531,3666618.5207511596,0.0,0.0
2021-04-30,0.09431248306005278,286172.61636502994,0.060654476159091975,906542.14855384,0.06265633665916656,1943714.72516283,0.037464227135620656,1993980.52031603,0.07274321049119552,844213.2920780401,0.03365853461586815,944597.27443275,0.058495032645644075,309581.28940290003,0.052159980092400984,772443.3225324498,0.0766371287556277,1097354.78297769,0.04948448410881691,642847.0133663,0.06432452353174913,531612.64860874,0.0450430511174227,55007.742678619994,0.03501078205288375,2322736.9496405697,0.0500061902662268,2280098.6458409997,0.0240751125895985,482280.24120571,0.045488094646190115,639885.84478439,0.023717613198878655,4074951.4328455906,0.10966201547281186,271803.92174509005,0.07990663582065582,76188.05384852001,-0.0015092886815243165,1418932.7325751798,0.041232995026833405,430195.68355025,0.07320457630064031,129305.68992964999,0.06353834144148644,942850.4556648501,0.08216145648813923,282609.90493355005,0.06279839854409205,292064.28505908995,0.05531328105723013,387924.30647028,0.09846250164422017,213922.93213654996,0.06644028088344608,758696.91920596,0.050209080769022384,123077.74111547,0.07623205507004183,718298.63323307,0.04046421813108783,679772.67916119,0.11945633395217765,11081.93479555,0.05401707611228047,682215.53406379,0.0441881526345918,465892.19462227996,0.03116551058044448,322890.0735578201,0.07089284759823938,179781.54742903003,0.06211702762629166,267363.28388672,0.04544544465836564,762295.0110446,0.043337403689622515,145018.21836935,0.05444429353444056,1063213.38738759,0.036571733687791305,104109.45283443,0.03724854959716788,184987.36652246,0.08618578644150371,72246.15148834,0.059367648864760904,293508.99508921,0.03829165315618053,493605.80561020994,0.07125521512362579,57241.3348064,0.02110678105382888,78175.22835135998,0.05242092677026129,391670.11129864,0.03487958197716673,1332634.0152531501,0.00666493209030516,1088017.6260887298,0.03272684936678229,1569360.92787055,0.03232828346762605,81694.2067962,0.05514494945692898,1126379.14544031,0.08434714392876747,146591.04540843,0.03906467304935129,238086.41382154997,0.02883417015089763,51476.01438198,0.05408157943034003,87911.2775118,0.005050135633636654,877075.46079987,0.04176328014016851,69368.03067383,0.06320987178124951,9222.18994847,0.05363887195907037,269246.39251509996,0.049502643261466854,174962.12516959,0.04384179395251461,132929.40394045,0.043495713234680315,585144.4734648201,0.02147255044116424,46067.68608444001,0.05216567190937953,130605.21869280998,0.07369984571638205,137141.25516952,0.06372190248305547,40844.37011488,0.09454588827338273,47043.6438755,0.10929638689960311,265270.58662232,0.057555145443676355,63636.57583534,-0.012144937279835994,97458.09935429003,0.07624507524975202,4149200.10154177,0.0,0.0
2021-05-28,0.07979800641625649,287545.40630807,0.050283095407386735,932494.5260625399,0.05495902323449908,2058213.28437449,0.027784554082447562,1930960.5644470202,0.058478547696109065,839772.0599182299,0.01828226066247459,1029176.6857511201,0.04011613994046518,296908.57113474,0.029236012679776536,735821.7796851101,0.05636745926945263,1069983.1287872402,0.031062968944735318,645948.66841631,0.04085615653285943,515426.05955725,0.040643786926119314,55795.62331493999,0.01528568040996144,2199579.1670806403,0.026471749078263804,2241730.21390689,0.015833830835764298,475957.1365247599,0.04491028879308038,634620.0945942601,0.006050489055041152,3913398.706827601,0.0799807899175241,261074.90612774,0.05892494069188428,75391.8595333,0.010301818815681986,1469229.94089996,0.045181438438022734,448965.33174059005,0.03284665633524449,130417.52978699999,0.034285620914730905,933268.0921019699,0.06104023347293129,304120.40249098,0.04427530847379291,288872.69054585,0.03056910539668366,381859.52680369,0.11347056606580257,240944.71726104995,0.05608321838530498,779462.9856857699,0.035721588359039096,124924.16740848,0.0377153804716488,615426.73601865,0.03554762213098503,695294.1663613601,0.10691714892716812,11207.881961879999,0.03165587238770743,688846.3716910802,0.042374349675277076,469511.67352986,0.029864255055527224,329219.59652708,0.05690510831953362,187122.0103191,0.049219650243615076,276314.26793451,0.047119694972583726,716434.66849999,0.021435699053115747,140940.91311257,0.05542010434915123,1106520.46409661,0.030984724730873374,121675.06383677002,0.03525608974407329,190055.52834790997,0.05931008586922244,71188.49353259,0.05855889044604486,295470.68032865,0.04262724885134722,513756.87439977995,0.06366134342585487,58926.566640159996,0.009615077440698592,81065.25850403999,0.030554346096242364,390644.61445829994,0.0296256991746488,1280033.67578987,-0.012456318757993766,1040102.36057126,0.01715670528116244,1492545.2394455099,0.023935870639552756,87477.89913832,0.045254884448971494,1162482.11782399,0.06533145351413491,150229.10159338,0.044633628424535075,249814.64813947,0.03595381920779076,50646.802141399996,0.036438432719931725,86715.53409169002,-0.005189298526326847,816053.7991101501,0.02286506100374629,66275.68954404,0.04852195617933386,9538.66822725,0.042398277168961135,273385.7889019,0.01773401297591061,162098.28081866,0.014793927647654375,135003.63657186,0.04155598435670374,595727.71452211,-0.0033213890543227604,41727.34719377999,0.057084673694716516,133337.08037684,0.04802058467067232,136516.58884431998,0.003921559099249202,39306.38436992,0.08869179298591348,50737.980194899996,0.11424728508137569,309536.17222033005,0.02843032400280346,64198.09673262,-0.01204980617436208,90122.03785853,0.06435203675832693,4234748.156587279,0.0,0.0
2021-06-25,0.0516482510363104,290167.93609784,0.02279406369982266,891875.4003906,0.01786697647043361,1916542.0383417,0.0342965870087799,2005534.59093279,0.033106274889720316,802862.79771111,-0.005688699131307502,1077852.7447113597,0.026983509434531143,293905.28586983,0.03898750012567112,777884.0349049001,0.04762807929078808,1062071.26843287,0.025974210037018868,638593.32538167,0.0236847038355994,497056.63158183,0.009134768198444145,55773.00358458,0.052594884568204055,2276954.350647161,0.02600708712332102,2277759.8124499903,0.0029512829031431527,468799.02961237996,0.022839165006979203,623721.94139849,0.03153155744119831,4175817.3400764195,0.04857105173073824,256029.18577906003,0.026293712584085045,72857.60911373001,0.01581081008975536,1500093.56040941,0.0172161616135888,433121.37528233,0.0011949755141023996,123054.13451245999,0.029200688804612306,924190.1472385299,0.04780265027544016,308546.19927448005,0.041230911237857215,297905.44681898,0.048714843111872304,379843.11993348,0.05048013626409707,217501.60868676996,0.02492368161642398,748260.9805895601,0.022790112694351616,128742.10378124999,0.0997349404587134,636083.0502867801,0.021765846926214038,693017.4086052,0.06149845852847661,10358.98438803,0.008277596793518527,700712.95168757,0.03153052938285381,498872.43709264,0.0009749558851696097,331975.78909326,0.03620160555111813,176511.06450469,0.031182067923841237,275339.04080243997,0.055575628795316835,761131.16253028,0.019424591814568775,146908.67423854,0.022625427073149875,1077457.82632796,0.00035372150401912156,127215.24388576002,0.01752928291535548,200203.73844473998,0.04416447419822256,68696.75078754,0.020262143555892412,287504.50136823,0.018616385854648664,496358.23102948995,0.04450519210256721,55503.51207779,-0.015551461501912148,83321.65332480999,0.022024863306282443,394185.28761135,0.04092973320395596,1312581.03066277,0.018771301625302404,1099236.8015998602,0.03604429628329984,1585946.29189004,0.018686497132416702,89424.39353638001,0.02942898841465645,1165884.71535344,0.03101346344644918,143293.0261173,0.021346434568419673,247009.33631123,0.025242850465423912,51951.75213,0.06951323177393631,88821.62480216,0.031115544507203188,848469.6505973601,0.02070816451292941,67870.80156112999,0.02593824203288253,9508.62397213,0.01334641240663086,262858.0675649,0.05407187760219515,165401.45699243998,0.010124754746907518,140711.62921951004,0.018160125282257467,584745.50302663,0.03164118496899624,43125.55222008,0.037149251680713966,139084.12870523002,0.04070517938275539,138831.66058666998,0.003952550606995836,41454.61098922,0.05655619622251033,49977.48779347,0.08316083419162398,295107.00960064,0.018821616821607615,65715.13895627,0.03601266772832988,97153.35581906,0.04934704157922556,4401160.67518857,0.0,0.0
2021-07-30,0.03458361634677641,302326.54601813003,0.010507941641909177,898923.9999321701,0.00931782487510581,1870843.63626957,0.024276784731688327,2108191.7612044397,0.020714795527110922,826666.3582548199,-0.014384906182432317,1015030.6250673098,0.02114608255267814,301707.92224049004,0.024137163564579487,814684.8590366899,0.030101284765542694,1127806.8417535299,0.01349923499214289,666282.44772274,0.008122247794549054,499097.42013000994,0.00196388928154878,55114.946836020004,0.029291304045427864,2511142.21040815,0.011064348604685166,2377234.02735251,-0.008176726534647934,459558.23993657,0.013941364419235176,638726.6645134201,0.027837328097764798,4490422.57059033,0.027415781973402654,262032.78208042,0.013969056964597574,69405.94432393998,0.013794131297268747,1560707.5550159,0.002031550130428261,428633.27931935,-0.0022553680387463245,113227.12222241,0.019644365235961216,940692.8514312401,0.04122994378954843,311780.19055484,0.02658021304390799,317877.90941361,0.04435702190529386,444217.04876539,0.04083902386316057,225717.06011981,0.015872629353389,623265.8277775701,0.013323199358699286,132388.14012858,0.036797738821340575,676288.8539497801,0.018401157970558267,746468.0813442599,0.028247006976649874,10099.05102725,0.005626529658329872,675984.51596557,0.02204541260681398,512330.45155322005,0.002288094552072727,336075.82176379,0.02194199575356145,172834.10413943,0.021918141319807564,280061.8749466,0.04089198806028009,822558.26616884,0.013322215796934236,154384.99269656,0.014293721505969054,1098119.02897677,-0.023360128905716045,109015.79879221998,0.0251132400161603,217160.64776628,0.036855605880771664,67699.00326256,0.009418571424865092,283973.64614644,0.0054360165522391824,519433.24681880994,0.04200791471326198,56660.50265829999,-0.017706435391583345,80822.62919797002,0.024842084949714013,426723.2769670999,0.02496856743285969,1341472.6942408301,0.022340165149679285,1147582.3513646,0.0032895006854872107,1716818.9095355996,0.011507506901511665,88081.35727563001,0.02725915973482329,1346731.02713391,0.015789143271964106,147870.12164268,0.007979940434428734,245560.65250561,0.01783092983602968,53755.88835362,0.047802074906929025,95400.03604465,0.010706267339497626,854101.1202457801,0.008449719459299015,68530.07563780001,0.010669848879565718,8221.445804390001,0.01506420707351807,274624.6844646,0.030160527295750847,170912.32689142,0.011240792837728535,140869.03913277,0.00912338703241623,608262.3083614099,0.012929064813110033,43527.527494409995,0.019821203919437362,143749.12467199,0.033643278126746085,145155.52713415003,-0.002787870700159253,38398.63959238,0.037561183629332744,51674.84394408,0.03195784770649471,298106.64086207,0.0027895402879743215,62815.91564119,0.01048448207643067,99250.9498006,0.04017319370270588,4654622.28951218,0.0,0.0
2021-08-27,0.032622973775928876,313641.96158741,0.017414284783804697,948693.3715977499,0.007618543568827576,1934469.6749160402,0.03326375210122532,2199766.67281379,0.01579564948232313,832864.1911314602,-0.002909131688454034,967100.5485265497,0.03418178911030964,312042.61328086,0.046807239166346624,830417.21440651,0.026017866298362956,1135196.86835407,0.02789010527123726,672577.36546859,0.009870849343664745,494816.59264925006,0.002291750226092561,54813.29762334,0.04969309164620274,2522078.01287906,0.020921821266885604,2308458.61744548,-0.006348050809857372,450753.0078671799,0.017476057127085606,671771.61083972,0.04589068549820763,4708272.8745647,0.02563794190891968,270837.59736449004,0.03133661698385456,69888.1851861,0.02210117693599595,1645988.62580923,-0.006449160866543228,426526.35317162005,-0.0181649552276121,107929.41826410001,0.022362460989256212,919528.60558819,0.047855027285313205,313679.19091111,0.032190915419520134,325574.91498002,0.0591067843831107,455336.28107976,0.01901429905464709,229937.43958593998,0.013014070674609907,625233.2839305201,0.021585004962099225,132956.94441128,0.059245118607001955,699281.64154018,0.018778531062954337,777864.4485415498,0.022649489023363233,10188.714799610001,0.009558184088213694,662901.6352283701,0.0271629318721785,521929.10826805996,0.013030007413973076,351550.28173429,0.023716132886507677,184368.99326481,0.025484947289683167,281202.29905836005,0.05185593842326427,873660.99005183,0.027201713270975193,149203.13859656,0.010861178066357466,1094684.27284711,-0.01628192998311343,107765.04191891997,0.032367194771710794,215359.26161753002,0.031112271401075097,68895.32682603,0.005610514156849633,296046.5717683,0.0005944771465399922,518883.3578238701,0.029736726460471624,60206.69797451999,-0.003988512672010257,77667.28480844,0.037377683106028174,440868.58043550997,0.04084825971769633,1377256.66605494,0.05953386622943025,1221084.70924907,0.021136462166010003,1526211.1772293,0.014915018996960152,84429.56414527001,0.037610862468849704,1394932.5170283103,0.014796306965014867,148523.70939330003,0.008110583425586316,250089.18634664,0.027721183160130815,57199.79756790001,0.04983015621328715,89943.41906319,0.020341092810957705,840863.5252074801,0.013887907038237474,65755.59608928999,0.023611291194491044,8584.93419926,0.00898887823488331,270488.5056402,0.04674664169598543,168376.72742773,0.02546225052059682,146322.0954743,0.00915424846708961,601651.0923744601,0.034251703126475304,44391.977509159995,0.024356865315883765,147911.69846207,0.04260776067083287,147072.44727554,0.02147867145688604,36707.22827017,0.030254888551184744,50615.70028499,0.016919251979339536,273768.98772981,0.013193604268714148,63916.55949728,0.03433857617159132,97761.65856941,0.04673153726601117,4775805.949150469,0.0,0.0
2021-09-24,0.019542008880007854,298949.37475907,0.008044060395284186,915069.94243054,0.006141441019739393,1872202.3290477602,0.0188564899977187,2204795.077371919,0.0009133489101033322,790564.6223650601,-0.005710292197533272,990941.62690241,0.016105164630841287,305595.2503434,0.028014763251571345,921964.00525063,0.02385793286751146,1116886.4190596298,-0.006621205475972642,640618.0231170701,-0.013345464304397972,461160.81584512,-0.006191925617094211,50575.30132886,0.02936150118985984,2413631.3556462303,-0.0012743980709410696,2221190.5956986602,-0.01081505571185271,444095.31864256994,0.01248633293143091,642811.5074135601,0.029625574188726037,4649497.51233432,0.008771616156420997,257850.41002338,0.002657008714122005,67485.90063245,0.0018746247499809286,1511119.7220052104,-0.0030134154273383975,416090.05593121995,-0.02146311768554329,111771.30791785,0.007569923161424151,935038.3437534901,0.026227942410939044,305282.93055290997,0.004059542765831675,307386.20964088995,0.01424878295932197,422860.90047784004,0.00925895000902664,206295.02300539002,-0.0036116526373443166,592035.6644334001,0.014862460045537127,135707.47206392002,0.0014504696421385674,719422.68724727,0.010758582340742607,746155.39066873,0.013249461304755319,10189.088398119999,-0.010829086632856977,640959.97038641,0.022953671927725076,524474.82648335,0.006931308104215479,337045.45070296,0.0028161252083790883,176935.71331963,0.01581180590488988,279441.48840216,0.05395882260029075,895348.4682382001,0.010680889283261445,148934.07072637998,0.009534176239954733,1082161.24237694,-0.03089166350511109,109136.65814043002,0.027504400257046972,214294.4962179,0.027730196003381006,70612.56132402,0.007838598096307317,284205.33094798005,0.008077793230004075,512000.86766170996,0.01988097304809436,54791.77560590001,-0.02708001487407661,75539.71233092001,0.02478018066324776,429117.83990369,0.02711490481467267,1386816.1980708,0.016241675840804406,1177526.09509222,0.011812197238358803,1563876.78045427,-0.01650037522342708,79054.81077007,0.024712052905972167,1366904.2377951602,0.008074867728669076,143674.12764214003,0.010214062149298828,249274.99840276001,0.018992419747474336,55540.19449747,0.011304041317173066,85680.05733322,-0.0038844983285065537,845473.54740714,0.0024256282939335797,63637.113328,0.020601881808374054,8615.38835607,-0.008650134550694313,253084.89887849998,0.002816065526138461,170874.23448145002,-0.0038996836423033127,144894.54112341002,0.0017844866851668903,582898.04749986,0.000913204187600758,43637.77297191,0.025209441925202438,142401.91240742002,0.016744223237540927,137629.08640757998,-0.02199487726027743,38634.36626152,0.036787297165292006,49685.71990945,-0.006106060651074378,265959.0013665,-0.0084001842656554,63752.78893792999,-0.008611572646195428,91488.63917727,0.04957862758509361,4679836.524552439,0.0,0.0
2021-10-29,0.025460869814063723,302825.75693443,0.02368353481753692,991137.49148652,0.03259870472532969,2121851.4781275997,0.02551016224250614,2274328.8432564195,0.009556540005857908,823274.7661959399,0.029182061796637338,1224223.7152797198,0.005287197369220135,320512.67478323996,0.012733417709764723,965384.20981271,0.04108892115439057,1184132.2753444395,-0.014780470812841175,619841.4539010301,0.021251602198086913,540347.28239582,0.003519276421670896,53949.950447539995,0.017730339050675125,2494910.40104537,-0.013427222373956122,2247616.74513843,-0.019915691347031316,424739.23847049003,0.01174124086806274,657191.25066695,0.031609649028838796,4960015.4834465105,0.015458653464915798,256403.00457457,0.010416110867966046,75850.50862941,0.020374668003710517,1501006.2603913299,0.011173879026220477,428758.28799841006,-0.0247406243332499,105823.58797462001,-0.0004276475339107858,953033.34508094,0.02004123443836576,315569.45519767003,0.018372206289663004,339700.2471081,0.013030778381364022,442809.44808009005,0.04566835527723297,230596.24890338,0.018124674626037073,638244.1251173301,0.017237110262150454,109712.51930611,0.06633569727114977,990567.9140252299,0.013498912150140699,788893.21274583,0.046047461907782056,11081.956141239998,-0.007719184419450312,680236.3400364302,0.022966696380584916,522940.57141865,0.01759508094525575,335653.86090724,0.007913250580140514,175681.16026518,0.017756448710491313,281250.19093076,0.030806499650986845,873948.91926647,-0.0018697098089241184,149262.84167036,0.02653348704587814,1138291.9350437,0.01856876464407943,127630.8027246,0.028416461993726397,226308.09817728,0.031201161394472904,75931.65312123002,0.005280590093038467,289155.81737575005,0.0002789446899516836,503678.0722868599,0.041810347575452746,60951.02102803,-0.018738232827211,79592.76139546,0.01817078927321053,462178.90418504,0.009865681522053981,1375987.6813290098,0.00497551680722332,1130690.74467978,-0.0015229446141209928,1561220.7125709003,-0.02551662494193447,71137.25729077999,0.039658067611610504,1499268.376887,0.0295480026833808,157264.63136469998,0.0043936211877636,241846.35035084005,0.01255556383300567,55325.96192182,0.014144489602996071,84923.65124843,0.02430921877519906,898884.25830906,-0.003164081138015508,63180.566576909994,0.012319819690808238,9404.74765576,-0.005811226306947207,254541.3462591,0.010236851448629625,185450.80620671003,0.016301099831591583,160585.52543979,0.006621802347089463,591113.4268565,0.007301822984485885,47193.468410589994,0.040592541560930756,158963.55982485,0.008997499117250582,139368.32698893998,-0.033167410353771444,39521.11125099,0.043118002554122854,55188.40549414999,0.02928066707361894,277264.03260626,-0.0018075550654454114,65725.90481824,0.006960424368848316,95595.55917813002,0.03065287387427817,4556700.714329329,0.0,0.0
2021-11-26,0.02493513457663435,326570.58589234005,-0.00040093267336021465,953190.6777438499,-0.001013566588409324,2077423.2978980998,0.057592258476437834,2675309.3571311603,-0.0025610487959275502,842352.42092823,0.0014956032538496443,1162931.0178006,0.0032802345165044125,335570.94088476006,0.004129514255984666,921288.07889198,0.037381087469854024,1246563.28457707,-0.01677093429371046,603624.61592151,0.011447132193524764,545838.76993103,-0.010753165625784449,53863.63727441999,0.02619006383894093,2647549.6500536012,-0.03764479072410313,1999481.14334893,-0.02212807147296858,413624.25322255,0.006896565287839605,667821.2387142401,0.01357094058453613,5138727.05685168,0.012160246689622399,270226.74601395,0.017150369240602936,83115.03204825,0.020129958750715896,1546202.4125757196,0.006954317191465684,423181.52112631,-0.05103721439188012,104286.80546819,-0.017841006158057837,936848.64225138,-0.011185168766555422,295044.21629588003,0.005057386513422533,358590.51766613004,0.0019422641326098406,475583.6970384101,0.024833945964978395,230573.86045682005,0.015023723356856264,662449.3296893999,0.015018431586335586,112606.55157720999,0.07546275227480176,1126298.24147269,0.02928238249349127,805236.3795560702,0.03874549348321273,11184.1824221,-0.01682092059960996,651213.08138301,0.0037024639138594374,510025.5387191,0.01250738489456377,341546.29208837997,-0.0025350581653629982,179210.89543132,0.017362161369223306,285583.44506963994,0.023407559825082844,894886.82433779,-0.011289939801167315,150213.83794753,0.017462593962501754,1121137.96878278,-0.022501442396691683,112495.7685886,0.0208104755407996,228252.76858632,0.021817779035006417,82150.82237554,-0.0017630956698859166,287126.39817553,0.02103443115715255,528153.5782624402,0.013454834875165873,64550.75630928,-0.008699737178184608,79601.66374853,0.011544302497516867,465484.1030808101,-0.01454256431229975,1334101.1771541098,-0.006550419539941671,1096779.23902096,0.004596529844539583,1676733.1125393603,-0.015656218754337762,70024.77198097,0.00984782116784032,1499789.61638852,0.02964139685874003,169143.83180503998,-0.01778073245835683,224177.85354952002,0.013672104973552958,56364.85437232,-0.01649536129490591,73488.69009646999,-0.015136130853806504,818268.04255007,-0.02217490316017279,54045.01623006,-0.02533090782624763,8931.26860063,-0.010592129004831674,253376.99274060002,-0.04265798992049366,151203.86522731002,0.010695394355100578,181174.80141941,0.012111002162262102,612747.44448905,0.0017836740562383658,49886.50476423001,0.03269376374018629,166160.31081279996,-0.014188642937855479,144141.87785513003,-0.04901598194156427,39150.40686318999,0.038152060942117885,58216.87515602,0.006818099041952232,287293.93375311006,-0.02118686378981507,63925.126702400004,-0.04453239669868965,84330.11022361,-0.00405257418117427,4787583.665575361,0.0,0.0
2021-12-31,0.045325455290306356,331374.45138396,0.02806908458298397,969839.58903526,0.014354207749179343,1994633.14676636,0.05145962731308714,2763504.6637617606,0.013995052469057561,830319.6987405799,0.005601903918943817,1167269.02355326,0.013581878394162724,345494.93639871,0.017826088642205463,970791.7889001901,0.036022392883014134,1206064.72165961,-0.01828998049926079,587390.1678789501,0.0394251612040836,525483.33044178,0.028530127153846407,57063.98771263,0.04538850766643305,2945287.798559709,-0.016103572967057035,2097894.80215363,-0.01697470202908343,419112.25706971,0.034616329362779745,690153.08442796,0.017221686660998672,4982651.74296076,0.03698345057467652,277229.28008465,0.01768414853331334,77509.69928718,0.034034360990123115,1643055.7735519097,0.029245098140604265,443401.10566079995,-0.038770690743903956,101126.39905724,-0.0008292846490059336,1023300.3988857099,0.0014081033928634156,299406.32684817,0.011413332027151293,335914.9561162201,0.00771586967003915,442628.26406133,0.06637075062267499,240272.96611479,0.03998311854275591,665606.8628643699,0.03896180002169337,89254.50966771999,0.08316723020839775,1066239.44862294,0.03826028726480626,797518.8413446099,0.07250341065666807,8768.61092945,0.002782760937690745,645645.2825296299,0.03460547221087774,558104.80447934,0.041145907755691706,388473.77624807006,0.018486020572518806,175004.60511021,0.029934622463119866,272558.88784044003,0.0201235823563742,930809.5749379499,0.006463159394155637,153753.96706022,0.05448333190319214,1229338.4126537698,-0.0039431692330164645,115557.79101891,0.038140482957845,250030.01331501998,0.03166598681097433,80507.89361246,0.03156228957560636,298733.41701248,0.03806732187234862,571110.03461861,0.043005103192672374,67219.69985626,-0.0005941218974150425,77705.58062622,0.031955577252228036,482052.47805588006,-0.00030543466452714153,1366884.0127375098,-0.0024104837292926815,1120548.12495049,-0.004759774511769793,1642810.5247831,-0.004292587834737739,72013.34959125999,0.026625073876574236,1509144.1903603398,0.04758874382932702,166497.05033635,-0.0025886762362768386,235431.48455438,0.04096609513284763,59204.61985043001,-0.017853270216435155,67726.93052734,-0.018804376701305935,785053.705118,-0.009523950943817097,55055.26556803,0.002536744266922835,9132.56921293,0.0067309047651422016,243652.92943189997,-0.014989965952843532,159317.33796009,0.02709623265671758,177724.19582800998,0.03813317613491901,638769.99236161,0.011905133024609821,46764.39862031,0.07073124715314884,181338.72962355,0.022548759922733398,161500.73197708,-0.028049290715016956,40150.60620773,0.0617830788221472,58327.969979630005,0.05809804809278055,293491.00307832,-0.015488467267725703,62651.46552801,-0.04883826417899473,79254.07836904,0.015004985874938372,4806649.6234155195,0.0,0.0
2022-01-28,-0.026811074171746503,294848.04830240994,0.003796127741111896,946683.3714536799,-0.0034290344634546237,1993623.8436558698,-0.03579919066999146,2303422.8004646697,-0.009556509306365788,813111.16158418,0.047404410162363964,1295042.670721,-0.02775762990814191,306693.66891938,-0.04496312190511657,811404.32170001,-0.013615345164555634,1079812.26934782,-0.02514100851375623,548132.7180018,-0.021038018668081766,486097.5720065,0.008969634172863854,55107.06144443001,0.02619294390280943,2644980.4000175097,0.006344549451602948,2039519.2659277099,0.002619168763667978,428318.34976054006,0.003359704978624344,669169.51354279,-0.034443159996101494,4277712.618799739,-0.027451035645110602,245766.82374585996,-0.04449636244021041,70856.42783596,0.004697935377189159,1515669.2024787199,0.023674741960071785,452076.2281844199,-0.040819005599978475,98418.87446684,-0.029352130946541745,926806.4799454501,-0.004905524717790564,285266.43008473,-0.049465749118356744,303340.87908926996,-0.051901507449286115,389484.04495754,-0.005426957081380649,219868.96726797,-0.013495342161768965,617484.7012313501,-0.005363938785232089,82600.17094468,-0.039403004371056045,923010.9906052201,-0.0067290963271139335,758494.97314574,-0.01374427486296689,7743.528746590001,-0.004174491368384847,653946.9173798,-0.019091920244378217,500802.66566323006,-0.017112952126399197,346884.10080744996,-0.002133515882693456,171621.78591172997,-0.023084981072383715,248768.28636054005,-0.037309242261409796,789202.81722344,-0.005580829990790972,154198.59081748,0.014160477267205084,1147585.63297356,0.06623952999061207,139458.51208036,0.00242349030165336,235435.6579209,-0.03182521080831178,71849.45228969,0.026911421303770663,298057.67189771,0.024149108358098595,566389.41823223,-0.030813624449959304,59754.90341559,-0.013893427539002618,75545.05842660999,-0.03480818561686023,425107.03553607,-0.03424556411695647,1208082.23219332,-0.02414173642077278,1002693.62384631,-0.050379801024891466,1402572.8711469402,-0.019794419712078765,67527.45183661999,-0.014848189616814462,1378258.96639728,-0.011059495800327848,154732.65860219,0.038361224058963674,251453.62583670998,-0.017208193236615925,52523.45798018,-0.06102118695602503,61631.91747793,-0.07981536279223264,646525.72624782,-0.03404841341378309,52533.792246649995,0.023596710491415342,9524.89373292,-0.013358349190843973,239286.13757763,-0.06774594880449182,139831.96665375997,-0.010171251767208213,169389.49773431002,0.02430729371116869,639436.9121612001,-0.03746668432762584,43991.49022831001,0.00927717658691904,165453.96380024002,-0.04734483506743876,134479.55031195996,-0.03874042659350678,38636.60266109,-0.01253395365627521,53455.21253623,-0.007276520721216276,278811.98701213,-0.024660410759702652,60487.173563560005,-0.09285348333720742,68309.76345933002,-0.02094996414665478,4237925.19793346,0.0,0.0
2022-02-25,-0.02789729018438449,270966.44365578005,0.009281062790627346,949839.36657564,0.006671956462438816,2040118.2924260397,-0.026368953209550267,2330127.14993774,-0.008751416986121039,772659.2450451601,0.06115134644218668,1380120.99770753,-0.022817766711539435,301338.42429248005,-0.042922500119931484,777839.4995288299,-0.023064716565141162,1037651.37627923,-0.02026828507858893,544833.34981619,-0.016758058989549737,478413.75895617995,0.007149504128258793,54415.13186890001,0.01302637428278593,2728283.3678135104,0.00785575368003945,1999093.6268826798,-0.0022648021261994326,414457.21957522,-0.005859725081192381,623608.49777655,-0.032728821961150775,4103271.0284362296,-0.03216141577807019,226419.11456439,-0.03030488083812854,68666.51682903999,-0.000990807568250833,1506127.8339444299,0.020830274828088698,460501.1666224,-0.016417853636919312,106845.59637904,-0.019284150034322874,958334.6002028099,0.006704087468264453,309739.45904063,-0.04225455098734558,293344.61654295004,-0.0459494039899276,379404.13181427,0.01498787346741701,256043.96273784002,-0.01090965643784463,601680.26526486,-0.0072253403919960825,81823.42613605001,-0.04047565243134096,870284.38362161,-0.009691520642384068,756906.44765926,-0.004459097152769794,7598.544350190001,0.003030365572372536,656622.97118856,-0.02419104929397203,477350.54480251006,-0.02122414295772481,340700.4783287201,-0.002357654754734465,172999.25071936002,-0.02454907674864653,238276.34754361998,-0.04035845994350255,747653.56092052,-0.008651424690057323,148700.70078334998,0.008907670232043176,1163007.2174554397,0.0832431046842599,150284.02786071,-0.0012575426246252816,233063.47510452,-0.020870248207857236,72941.19843340002,0.01585498408496431,299540.59292842,0.012857072439405863,552015.5536740101,-0.020726241455238832,59059.99702557,-0.005344338364102815,79009.16322091,-0.0333709961255907,406871.70088633004,-0.02986527183192049,1187905.900329,-0.02158244217971393,999993.2159607501,-0.043147678088343015,1470471.5670102402,-0.013417591964767219,77284.57060548001,-0.009648535333852331,1369278.49850391,-0.00696117070233261,149244.03819623002,0.03327913170679756,269976.57964604005,-0.028400460617137392,49428.62024673,-0.049023835644524894,63882.04336994999,-0.06246513548361646,667812.62680916,-0.031068075936748495,51602.226951029996,0.0381338007586764,10413.23367719,-0.020452093880918214,208972.38339425,-0.0549940591334042,141416.85079261003,-0.005235994989930555,167230.69885111004,0.017077619816560613,635885.6248724,-0.033503567121627095,41701.56113584,-0.00015412418855068925,157387.34174926,-0.03874526656458127,132599.06831279,-0.017152103732300254,42126.51762863,-0.015713485281508795,49712.81869324,-0.0055402196857481665,274110.47772338,-0.02144378707854338,58532.78244027,-0.0772805923653693,66090.28678662001,-0.019520065313173636,3963199.9703486394,0.0,0.0
2022-03-25,-0.0367834086936446,276839.24039046,0.01730167106019714,994787.04798662,0.01851169006346701,1915737.8295910098,-0.009810994660286697,2433519.50926202,-0.005447692327569448,796818.73132955,0.09838579624603187,1586663.5651933001,-0.030883365044000945,302239.4009976,-0.04796681051136353,775194.8632181501,-0.03135386687322,998224.03936367,-0.023107837486475206,541150.82977845,0.0016074321904422113,496871.68563033,0.002490050623353901,58687.75978521001,-0.01007173895900214,2703583.50014824,-0.009042951019544908,2074119.1600397,-0.015270689867217947,399024.48152315995,-0.011653384202333897,667704.32422759,-0.026352143198698233,4234367.133002019,-0.05557343096007032,218265.59020886998,-0.02838542121738432,62570.63671822,0.0005224897165219588,1626476.7733965502,0.014361899624881392,446965.79679735994,-0.0168191520204157,98452.38334937001,-0.03265839570542601,891010.0600795002,9.752424717134076e-05,283324.99773925997,-0.024833315283063585,306197.09202462004,-0.04084331957552663,352311.75391396007,0.04209667841535961,297748.48367615,-0.0033310316204081276,607581.04309951,-0.013604308115306864,83623.51430386999,0.010082864990548583,910561.03157889,-0.003763348577103061,806109.5581197999,-0.016458448496512075,7555.278969479999,0.007738161133916441,691251.74929748,-0.037426582043090115,504356.87715134,-0.03658083191719147,335994.30755324,0.0004936341541349003,172578.75491872997,-0.02023780481164267,255582.65892831,-0.04954753920227493,790660.2721649797,-0.016806110884718114,155715.28659165,0.003969105587072053,1242558.9652994198,0.12798732808583366,177818.69975059,-0.01576908835205093,240093.11749400003,0.0022713772861408,81232.46937774,0.00717950619477971,321098.27437863,-0.011501433750441896,518056.6405342801,-0.011769257384646922,58002.027782549994,0.002717424715157547,81865.97749703999,-0.029398623917839366,433899.74315169,-0.041818647930754835,1239458.74458886,-0.021144923099574477,1056070.1958042402,-0.02667060183243817,1554367.68641719,-0.015341936071224135,76861.04071513,-0.0053403161156133925,1418415.2648041,0.005698916371349235,162854.72471796,0.0065564482848459145,243797.64150656998,-0.04655302129313835,52082.85975471001,-0.04404031699990303,59654.4416135,-0.05105591298616617,644917.89045781,-0.030725477386795312,55492.99656343001,0.05411361314200319,12119.25003013,-0.029037712523420595,216629.1313595,-0.05531909596905386,132367.82737197,-0.0065960694153390145,163683.00410278,-0.0008904009485340834,621941.40452826,-0.01399460822561482,46025.38287012,-0.00891577566497591,171257.72981077997,-0.05903674275494729,122058.52105868998,-0.011328609265242966,41302.32826809,-0.021193166435985608,49977.53970909001,0.0009774359035587057,282346.79692524,-0.010649386619117171,59254.81842327,-0.061117554349559004,63473.27059230999,-0.024953433520412262,4141478.3927663597,0.0,0.0
2022-04-29,-0.028371850025835043,254262.26639734,-0.0027790101573590205,967162.85292088,-0.034797163987800264,1717645.39115194,-0.028859287705570592,2046538.9359797803,-0.02272951500417753,747269.0520612199,0.04634100992465049,1524847.61404684,-0.028561047259525834,282448.4770559599,-0.026631168847688798,711384.44172018,-0.014870377604829435,937091.9728508701,-0.06127315764236015,472634.52541048004,-0.004460529006102895,458453.65139456,0.005713984830367971,61557.48716337,-0.022703674855615513,2630688.87015194,-0.03258598334897589,1996683.55253118,-0.0322472083731223,376539.8035722,0.0015166653752214877,688826.9305745701,-0.016347770382627115,3908978.43234649,-0.034122735696650176,198659.52156522006,-0.021147685802713766,58823.19335686999,0.013366753913910769,1627814.61597274,0.01306803577466656,481954.64799408003,-0.0003099602761329214,109974.80018771999,-0.025295979402441,885750.78895353,-0.027325866113316704,273834.44567831996,-0.01596561812513957,277719.66978966,-0.010292384948916627,347754.0345030699,0.0142935564016378,271988.94581477,0.0031014727714866797,597433.6833626899,0.00035951323514362435,71409.05620465,0.045864089864291836,973297.9578459,0.024416721588341867,850705.3268805901,0.008263976718072634,6594.0327843099985,-0.028831890339561485,667470.0702150101,-9.663329753599584e-05,539083.3088111,-0.0403093089749193,314657.64693079994,-0.005025343161425507,169328.05063295,0.008195449636225054,252913.38548342,-0.03492004325029883,716942.03115499,-0.023575688485520524,155635.68759694,0.004164034948250873,1237560.3878336197,0.02024082705641672,157524.39387556002,-0.008320471497616102,246671.46170504,-0.0016088884386020286,74608.97591554999,0.005572115930062877,338551.99809246,0.005348182615965809,565177.6332849598,-0.00843562817850593,54306.814160409995,-0.02766295497838952,78465.26597249,-0.005003130504943045,424132.35345081,-0.035940297204402984,1183787.24477776,-0.0183983315070289,1015545.11902897,-0.057817994796811406,1405443.8767970102,-0.015313448516152602,76578.11110672,-0.028845149506376663,1281048.7887617801,0.0033854585128954276,154501.29531343002,-0.0027514117379277983,262165.98027755,-0.029385922743645643,51764.53039608,-0.03579745968137769,55861.73984509999,-0.07453251129097181,548970.53098526,-0.019296369796653726,57310.188804350015,-0.020525969969667913,9842.648599029999,-0.026372116165945498,214872.16527716,-0.04057572311588536,122442.35669282,0.0007109239205660338,169981.93272522997,0.009397726228844869,666328.11702811,0.0025629826458487773,43438.86108167,0.02152953228878527,179116.27421594,-0.02634833455533595,119470.99184716,0.013301403602709977,44435.37627336001,0.007620714256574611,49993.86441071,-0.029429072437206383,251231.98297224002,-0.02993703958438847,55484.94310162999,-0.052650714954767475,59986.25528328001,-0.05052524592316227,3723504.65085668,0.0,0.0
2022-05-27,-0.0131864433507705,235865.0572378,0.0053408953410537365,918857.6682474802,-0.025889687924701265,1656985.1679030703,-0.02292098162714488,1922376.66360876,-0.009261754022110774,706985.512571,0.061930376054927724,1717366.6274406,-0.022696726985351693,270402.78574518,-0.03179971110820373,632892.21848896,-0.007336514791378716,840085.60906494,-0.052063756757485154,471759.05274981994,-0.012137701214286417,398808.80254387006,0.03156050025798354,63096.54529245,-0.025636592489250407,2325305.6924971305,-0.028155493511653227,1906261.5554686398,-0.00690567047798116,383543.36981239007,0.02208809709510861,679323.5271524801,-0.02328188559594433,3560559.2301588003,-0.013569199012612027,187083.47107827003,-0.009485237554959128,57406.96202207001,0.02976657718733847,1673939.7047669203,0.01474472686995806,453608.58732059,-0.00913748972020786,100138.80825491,-0.029648201953377095,776492.0082682701,-0.03846034997618993,242176.57007378002,-0.015080587528393983,255038.3056028,-0.02566558099876498,288293.46387429,0.010416111725612706,246747.1017433,0.02645693538319267,606219.92509256,0.010534565024667928,67366.61063367,0.022624142988536714,683136.8109977801,0.0035277407818819027,659908.55182088,0.03581442985190593,6398.6370674400005,-0.024831123261774397,597895.1218659398,0.009003512631715116,498735.61653795,-0.03874401627982942,269998.52458488,-0.0010414025633509153,159897.55204518998,0.011927001761917005,241181.15124005004,-0.029838239626266368,702099.4715726502,-0.020568779436447727,143191.4069607,0.0185502793663969,1196708.31190009,0.04095846772629643,180644.64602513003,-0.01569715193554694,211388.18741067,0.009256777467007232,72857.97474396,0.02281691009026145,333417.56108581,0.0032660109128873835,508535.8539246,0.0019000844108144213,50544.49604367,-0.04157271329366868,67557.45307373999,-0.00011307926257648956,388774.37314045994,-0.03821950603058707,1084798.36701912,-0.008838286314239253,984735.8851711199,-0.08472430489416612,1037734.09084842,-0.002579823506386822,83003.64481106002,-0.021157380224315354,1197798.28032755,0.00908765241537774,143798.39703221002,0.004669060922368039,256971.83671948995,-0.01580847062764358,49255.82068704,-0.029177595341770248,50797.722957549995,-0.07193786746297652,503132.86747351993,-0.005284626651629646,53376.64020067001,-0.016701731023780933,10257.886764070001,-0.008298766352115782,210951.02503204002,-0.0342859266357897,113461.14018476999,0.0011019204465568685,152654.11714695,0.019782217429046796,637124.23711682,0.02696811380783377,43462.209311239996,-0.0006565948923723293,135493.35520603,-0.022826824863528102,113415.19751732,0.0007436352225583388,38439.091013289995,0.024062659344741152,48117.78505028,-0.011093551984491672,238668.33686774998,-0.024550707040423562,56185.288335139994,-0.04891978526986331,52146.7053654,-0.05498939658706959,3412223.2952983,0.0,0.0
2022-06-24,-0.07160294269053001,209664.99529341,-0.03248433772506087,864298.3860747399,-0.05741010340013216,1514829.80424434,-0.08193834915583063,1723977.6546953903,-0.05744697549397505,658529.38795439,-0.015611542414023821,1501885.1440273602,-0.05229709395448717,246696.85225869,-0.042006466279048374,602043.36651227,-0.0421556632829541,802785.5014538099,-0.07191561045714202,421450.6471757299,-0.059212348487193076,372662.68299852003,-0.030003411277731314,58285.034704859994,-0.047866317074001644,2141007.4922573105,-0.04449841080664063,1697530.85502219,-0.015308010988710942,369075.01336841995,-0.038371452825432716,607750.56171378,-0.042752310996097546,3400213.2774312804,-0.06576465307614586,163988.23778176,-0.037721865732888465,52993.875235379994,-0.010880746729718591,1569515.59162636,-0.00034120581622304426,428802.47517641005,-0.030402758126467696,80445.7131544,-0.03880273416735413,729960.9275954199,-0.04499775212901359,215318.45655429,-0.06711266940929064,237791.99044456,-0.05057380565308165,285828.98290781,-0.07337780533004132,214257.41891536003,-0.05208163577552947,527881.5003526999,-0.02254708348462312,66496.14982014999,-0.06552273434080051,649903.48876123,-0.009890577716134689,661473.95935437,-0.059478628892233605,5470.547994619999,-0.039383322917256464,570874.36412852,-0.034231769008325634,459134.08609854005,-0.06261373981473974,263873.36373596,-0.03186048249164122,146683.34275144,-0.030562028295442308,221636.76499861004,-0.05304440250768716,639997.92652904,-0.055812788123372904,127596.49346712999,-0.030219929550899673,1102399.94477779,-0.04797167235031196,140752.14456189002,-0.0425294661277727,195228.86761493,-0.0482773304671195,67334.22687525001,-0.028044029673738098,291721.37422318,-5.982106834919902e-05,468607.46872736997,-0.07677466051602833,45238.864701469996,-0.06520094762728837,58781.75168076001,-0.04340872815551472,366640.9446624701,-0.05303008171702239,961425.6769495601,-0.025012936339280645,964592.16829247,-0.06650062941018005,1025576.9686002799,-0.0039785043912367235,84345.53870182,-0.06350318644115943,1098144.78449443,-0.051813263127187974,129993.51305701998,-0.0012911110912039476,236740.61943497995,-0.049557782224558714,44310.337259449996,-0.04112479114449787,47494.17561504999,-0.08998196861603106,463085.21100467996,-0.04278135188420828,50398.630412449995,-0.06981839468244865,8656.902940439999,-0.05254394751994278,195970.26524016,-0.0730279547279677,98003.90817683999,-0.036797425232236836,139254.19701297,-0.00026993734472062947,610730.42538602,-0.05146093828717945,40446.777318650005,-0.035014895431311886,125514.84649107,-0.0276152780560741,120509.44041674,-0.04024819267965303,33751.74838115,-0.030024489845479965,44272.62160148,-0.05066111609314538,238876.18208677002,-0.05311421495765739,50066.09209338,-0.02548055589078278,56600.03210027999,-0.056303792758393846,3235218.1682819105,0.0,0.0
2022-07-29,-0.013664994523847097,238045.63920570002,0.011274657209642056,882117.7724209301,0.0022636905544679165,1606697.14697215,0.00982384594470815,1857788.6696548795,-0.0060586991771954535,688706.80274504,0.031056581851128445,1562210.3884151,-0.0035990207931895614,279121.34965217,-0.004973472761653206,626894.2953977601,-0.01335065160966699,884214.29268028,-0.02623286227591931,416913.47249913,0.013083229405015192,409195.27784761996,0.0004085525587938962,62346.81402323,0.007772658823748549,2444055.8171425704,-0.021258852354653995,1862141.4565775301,-0.01634586184930054,350693.73602663,0.0018536929713200195,668477.82580922,0.00800341758620959,3579157.97670858,-0.030496806160689043,192849.12326546002,-0.010400323216443933,60324.61566335001,0.009449268075404454,1667624.56164091,-0.004805051407884142,454951.33790649,-0.05422894347237788,88031.47230629,-0.018724815598793233,828434.63479414,-0.02848815687030237,226922.85665905004,0.007880423008157814,260967.09010649,-0.018632947721820236,295940.02105583996,0.0046586651599240785,203890.30278403,-0.01600161910145208,700518.32780819,0.007436062969757016,68680.22347711,0.060105192902214624,836066.3109858398,0.010066653624875087,741309.56513646,-0.007549598478494145,8525.12994791,0.006195256019582757,602673.57567194,-0.013075885737753869,498318.3919784701,-0.007414855238274898,276267.40078981,-0.007409412532739586,155132.82229144,-2.4779173255645244e-05,247569.07220684004,-0.0008152589797855727,720137.09288836,-0.013756395982196057,143569.99199562002,0.01061057173299664,1246027.93498025,0.013221475781671628,147025.14721397002,-0.014146724545750475,207744.50621214003,0.03290893838970581,75991.55409481001,-0.0024734806400903823,316029.62538283,-0.02211137663209653,508622.08204464,-0.010757690772129215,49111.24416385,-0.02541705023933596,61049.092341489995,0.007563513055855586,412187.12679396,-0.014906676616265931,1039323.3803653299,0.012627352927337462,1013960.0992101203,0.02931080921841163,1168389.5278336299,0.0034875494993568514,88339.07735141001,0.003236231477681097,1226281.28251198,0.005445337242528804,143654.316947,-0.033269319937916146,230467.0091454,-3.314022773810406e-05,50942.51189986001,-0.021654955786738383,49599.08702162,-0.006302765876392398,524090.82370958,-0.0038421439244875452,56926.249760189996,0.014512919457669903,10632.686863240002,-0.02917458043876478,198319.83169849,-0.023317534530315386,115006.14612710998,-0.0009398223102378587,161111.58520244,-0.00448606820146244,653492.4516860599,0.02237002184304911,43127.22885317,-0.004685257869261326,142174.55653287002,-0.0060028548390668,122463.74895306,-0.02735233536683057,36318.794918930005,-0.009259448209691688,48906.23288373,0.019194584735129493,259000.82452505,-0.007394171205407629,57351.61099264,0.02504417906566635,71791.88217720001,0.011976379280547868,3204323.54280603,0.0,0.0
2022-08-26,-0.021034847822504043,250773.01675290003,0.0009684596237471317,921386.8686819901,-0.017786089142335277,1643965.54411948,-0.0025979584056671523,1848225.6691770097,-0.018601186744296574,731855.29628988,0.009163147485034311,1679650.9081211502,-0.012494578036150384,291010.64186201,0.0057974996158009955,647859.17087063,-0.010467660133306815,914325.1633118301,-0.03110300512748318,414009.19113512995,0.017745603902014177,442896.69482048997,-0.01847185859700202,63289.24967969,-0.0019008642050131683,2665414.088703011,-0.04023902002096351,1849680.8221211198,-0.032109059181115,345874.12371465995,-0.008192116442997287,720983.46797264,0.0038372030119427207,3785494.08270442,-0.04637493183165442,188997.26594354,0.00342136093976129,61194.754837459994,-0.008690993463504873,1627322.2708923302,-0.008829232386122413,472096.95935764996,-0.06016423192882426,87460.00673021,-0.0181655358195937,868388.7043649198,-0.04117057253753188,228345.94308112003,0.014391441208829717,287376.66742964997,-0.014429114033928127,298278.81872126006,4.111365663959633e-05,213076.83471708998,-0.02383726755103651,714511.7181601499,0.002945756224072216,69470.99900206001,0.07337345423786082,902743.19310122,0.012827445989901052,755886.0492136299,-0.046749665235089874,6984.2413197099995,0.005290547359564033,640083.77418847,-0.017650735319338248,522170.1094898001,-0.010598815732571265,299565.73367206,-0.03420268106129692,151901.79655933,0.00688143691573438,267291.9879786001,-0.009916142266626356,720076.4663611001,-0.030209243055119076,141984.61095286,0.004739462094602011,1280528.58802622,-0.03503852174716772,155442.79532382,-0.021697753633698524,213139.02802996,0.04282705175700679,81590.84644449,-0.0204925162065873,341382.76049665007,-0.0230275498920496,523242.7153086501,-0.021638166699582507,53477.721275510004,-0.046113812040316386,55229.79610173,0.014579251005711082,440156.895903,-0.018593247712652868,1045763.6358434501,0.010882853329371743,1015577.3637165001,0.04449801722478469,1279957.6081979,0.011795085313801947,88570.11693629,-0.008196658814926795,1296191.8970897002,0.0003268879918218163,157371.38557358005,-0.05528143787835482,236812.31042763003,-0.006540088146092908,52825.909656050004,-0.014995031003939499,50911.31172056,-0.0008118001820513789,541616.33175975,-0.00038946302266869455,58588.91652158,-0.036348885384447915,10375.15770521,-0.041468864226993106,213715.25287199003,-0.026537471133853054,114320.35254139,-0.008702433092047532,163560.25045118004,-0.010312262554569688,679365.4379374499,0.028976889678687955,50355.34485034,-0.010346752998235186,145173.4138085,-0.0015941432491159736,118536.55944211,-0.03971650914151015,37966.98530617,-0.007835362552601241,51665.182063190005,0.0187162689274798,277698.93164443,-0.024146591393796178,56731.998712240005,0.036331485629852125,64916.61498786,0.0037334401898560746,3380091.0090313507,0.0,0.0
2022-09-30,-0.01052959723938176,215354.44538399,-0.01580056863485717,844987.0233831501,-0.04554172500566922,1487080.5706181703,-0.027866668437223092,1508131.53450386,-0.026846101644801192,642071.9157720701,-0.01102818013946897,1454559.2745069896,-0.020145191648228738,246231.32115933,-0.02080772049539811,575895.36842633,-0.011129217537683145,798816.1771317801,-0.06553150274683915,329155.87450177,-0.014989220974513284,380110.86539674003,-0.017275536689469424,57603.826122679995,-0.027225782924716297,2365657.2800159096,-0.0511461277710001,1627074.9624718,-0.06158184075613088,300669.18487645005,-0.012738611558996596,661908.32611227,-0.03098868885681401,3187872.8127193097,-0.024057106660882465,164221.40447513,-0.020536526927844953,50175.375679159995,-0.0030054502947649596,1537355.0202000903,-0.009086759876396929,428775.03777099994,-0.03614947768754754,75093.27005982,-0.021031669763686728,786107.4142741,-0.05155203559764614,196376.06230757,-0.00021281867000424708,252119.10299815997,-0.038695388250523925,258829.59917037003,-0.005360965321763947,177559.19497627002,-0.01628905863559748,629804.7548200501,-0.017262185583373016,58363.308707799995,0.03200845894837091,852211.33774997,0.010974096366555386,686528.64042529,0.028221994369080454,5381.4772096199995,-0.027751518447616145,570659.5385506601,-0.020778800465455386,436744.83105463994,-0.025794273838542055,254630.16561548997,-0.04210457162959541,125537.31579624,0.00955804928705067,245609.33365768,-0.023094556583226258,635935.77830055,-0.04604797145229431,114359.01206969003,0.00574841861103052,1196449.0346219696,-0.059280748212306555,138045.38182247,-0.025261013143733822,184709.31206446004,0.017972252060295606,74550.51170438,-0.023735922938807545,311919.92983735,-0.024174427312454772,472640.0715964201,-0.0030425808235717794,47010.5065324,-0.05721891498072792,47388.56083064,0.00017725329656869304,398504.96208735,-0.026345634560010947,948573.55147004,0.00015363915742268829,973076.7904462,-0.022639677971556513,1105460.4825922598,0.006734013953926622,82142.18627662,-0.0328687322521399,1143797.53500663,-0.003820674242471401,135651.31817751002,-0.05046842992469082,216776.64160237001,-0.02463176203559092,46570.56037706,-0.03532197065784893,41418.67028826001,-0.042222194191338935,486745.13683562004,-0.011384881896504741,53421.17410661,-0.05620179776197251,8490.55573472,-0.042936026562394716,178743.14240603,-0.03934289357101415,92471.03735831998,-0.028416395740161596,136824.32172538,-0.009320739395557954,627792.2491105599,0.004223187434345088,45911.62966079,-0.022063903414218787,118435.45404917999,-0.025763328365245135,99190.43229428999,-0.02108241586083212,31093.808564319992,0.003986421872431511,45969.64557496,-0.038052486286394106,211579.18336878,-0.07372438507717491,44450.237435090006,-0.023266645903465534,57704.93191641001,-0.05636490545370674,2895436.8564751805,0.0,0.0
2022-10-28,-0.01187360805757926,223937.91697599998,0.001948593154392196,933956.6503850401,-0.02202814753045625,1600266.1649704902,-0.021358480552945744,1518998.20693488,-0.0015130343663051294,714613.7000952101,0.03531804039796028,1792123.39015073,-0.008159864418991887,260397.21069218003,-0.019124819961237507,623336.2885477401,-0.010969993473823788,849374.5101847198,-0.03522608698027587,346484.14983059996,-0.015221571811653465,384070.16019974,-0.003735902160925564,56092.202788869996,-0.009334951345094667,2352234.25909391,-0.021640915424103395,1771076.1913728898,-0.030356040177275147,301427.49931427004,-0.006278613407752375,606261.5491729899,-0.029779992427963864,3340684.13711436,-0.02539082827994139,169780.35551738998,-0.009467501131316008,52848.30928447,0.0023723125379612325,1632177.5598954102,0.0053487174451357705,451124.69957677997,-0.009976074389384743,86958.19313462001,-0.012819249038587947,837075.3339075501,-0.022152003148615224,206591.09217935998,-0.0013690019310536408,259138.90674712,-0.030984846939087124,247224.33144845002,0.010257788813083472,207225.15638226,-0.007798876777617899,671898.47642643,-0.016920339423480507,59864.79249375,-0.015222434017458972,687046.40300861,0.009023548157563241,721339.2081417501,0.03835264089055991,7747.05263173,0.006060252481174807,634400.21290398,-0.022866008684453893,405036.61219649995,-0.01765289859389438,273972.1302027401,-0.022495948873496197,131998.09061697,0.005653734349645804,249360.07047332,-0.02389995739759713,641466.57819773,-0.03311029393528736,106604.05175069,0.006541032412487668,1276472.80915217,0.019311719490980657,192642.78265649002,-0.033340170548104904,174251.21432283998,0.0269892522720788,81323.97280461,-0.009471755007817797,279086.44225381996,-0.01692160371166363,451774.61881748005,-0.01169019349384354,47819.887724509994,-0.04468605285720234,46912.84828773,-0.0017021384697230367,410809.56748421,-0.021331222129774573,984642.5017689401,0.007805886026979414,1053218.91342278,-0.022123812064988847,1153207.13201252,0.02804345865692877,92018.68978683,-0.020774389184748183,1167890.17319968,0.0037179267498910467,144865.52738070002,-0.016303813153317116,219005.36711627,-0.016200643491914656,45902.34991753,-0.02508406321772674,40394.75825431001,-0.02841590341332362,529658.40654539,-0.004689500332075281,55946.01946952,-0.012102133150993339,9500.48998007,-0.015361006625980077,190889.12947164,-0.03598348819859887,92509.68051688,-0.016924703198982313,146131.93356321,-0.001353967452277575,638739.4009655099,0.013431809777280444,44775.636177470005,-0.025878961358139704,136621.17299358998,-0.035887809196250196,96295.76802476001,0.000647084862200636,36105.558324870006,0.005761722625103227,49415.537406129995,-0.02603615041754051,219173.55816765002,-0.03331947519503978,45081.691015749995,-0.021727862361286817,56579.33832938,-0.0461412565664646,2882052.72890695,0.0,0.0
2022-11-25,0.008181816741908217,251060.34048585,0.015223545151814346,977454.3434186799,-0.006726073189809969,1684461.84427035,0.0037050124111303855,1750330.2123276403,0.01569828302136118,792656.48897933,0.05247646931368197,1835560.98101246,0.009732535928816153,279318.28864536004,-0.002983391823022417,624874.0747051998,0.005097255854350484,932395.2187355501,-0.01974554150794944,365292.34368027997,0.0007786422886491573,416514.92542701005,0.028604866489895447,62176.9109134,0.006781260337376374,2340747.2229862795,0.009313279781724079,1861671.4558738698,-0.011228970486617102,322584.0521174801,0.0193033779314029,659370.7467545001,-0.022871879706445292,3266888.6196630495,0.001106833139601086,182200.53702673997,-0.001884712380990344,58841.50746558,0.018853653367326795,1703316.75600862,0.0196508837702128,475268.17461959,0.011151195371489205,91394.88171825999,0.0068384454535830325,890004.77562836,-0.007074917709215558,219480.45151877997,0.010619560357278224,294080.93519125006,-0.02066420935676347,286895.06579595996,0.03601666113042819,227653.10459915,0.01917985596263401,729935.27367406,0.0030564525217568294,61859.9881238,-0.042269467446608644,596997.5347881301,0.008337079771924367,765947.79209245,0.061926136639516655,8171.4931428499995,0.01881274719409322,683199.12167806,0.008680542403979924,454180.8296584901,0.011568518635585017,295195.83499188005,0.0004731068982718382,142195.9192713,0.012525941074504983,264395.26666181005,0.0021465961828340567,679602.4317368299,0.0022301142775934756,120333.85512618,0.028536414292869645,1255121.5791907103,0.05620008298934688,200645.63295678,-0.010041293678947577,179027.09217036,0.026926380467474784,90418.33106305999,0.01850992211458002,294316.63388688996,0.008238994996896964,500786.81432183,0.014428709376194924,54292.87068826001,-0.020567347278483902,48385.726169019996,0.008054115739994063,435309.20513286005,0.0014991511076884719,1032099.7631046298,0.021548712064622638,1136195.29943722,-0.04932022236372232,908302.1849628999,0.02325552857522997,91320.12083105,-0.0023604468342107647,1303359.4503446303,0.016331574387598448,160729.8153053,0.013594830362384926,233307.40172975996,0.015791725213937388,51255.42823319,-0.026915904031451943,41270.546690040006,-0.029255026154843752,504246.5332671701,0.015504634171970504,62447.593998569995,0.02448451283025698,9464.450856249998,0.0055202203923999165,215906.37242121002,0.0005341670510872715,100554.46064995,0.005338312667209259,166994.09909172,0.017991038687498507,678021.6207014201,0.020055560874762825,49106.307272289996,-0.0018837315660795153,152163.83687935,-0.015662133603347374,101895.93657069001,0.021275352923187073,36362.89192365,0.014786600261976663,52409.893263310005,-0.0016141632149032183,240044.40684249,-0.012945279882187345,53566.32449317001,-0.03311860071600982,60832.21579937,-0.03496615137695024,2735914.8682177,0.0,0.0
2022-12-30,0.040927735646371234,239755.67097024003,0.03569937302940806,970536.0623023001,0.028783377752065634,1567059.8325129603,0.06419836915073712,1668836.04756556,0.059962296962024514,783415.5536337801,0.08449925216843916,1762297.1768282796,0.03539245710232993,267044.53143487003,-0.005412001619901931,599376.2876666001,0.030032725262940575,924594.4930432702,0.026388203386465487,352870.18633495003,0.028045861891316,399771.58836396004,0.0457469101397922,60359.58271014,-0.0031101558016708134,2085439.4182482304,0.031594126737295634,1830184.9288501,0.016003925301672006,317090.41181859,0.039087804439323415,685617.12508627,0.004074160819701369,3210919.9140364802,0.0311849031765619,193090.80546507004,0.03031489120489284,53210.94704358001,0.02844936926677171,1734649.59367493,0.01739128819382912,474519.32185491006,0.011796662174212437,84405.27890329,0.0176093529406607,854042.85911974,0.006565376573620274,204328.78055564998,0.054950374995851904,279620.14478179,0.04192339987087761,303049.26953707,0.07589932465702036,228344.36358549,0.04659614521389186,701525.81677478,0.013288640065955638,61097.44017773,-0.07008048198065038,448973.12883046,0.009215293680630553,704429.0097227499,0.07205713701926575,7995.3345506000005,0.056938857078081814,684478.3540170499,0.012053301174981929,440663.45672639,0.02156663640492603,291388.93577489007,0.03669168776872233,140047.88236974,0.02902299103361115,257943.24445317005,0.03920061003659524,673449.88794951,0.03402386287679709,117192.98581754,0.02349864962447413,1271231.46941257,0.11291728577299986,207818.86229666998,-0.010038190098464832,172796.64565867,0.06850220510102462,87327.77794464001,0.0293539819380733,301124.65677105,0.010484467034006111,523827.02565553994,0.042400716229994764,52792.902372660006,0.0009612522962968575,45752.35639788999,0.025406461132024688,417778.88596758,0.02452123263804551,1048587.5221088,0.04063662880048122,1141475.27798197,-0.03272192726776965,837756.3211451998,0.021385854455312665,84825.46740686001,0.03449989199541907,1235632.8575747602,0.051596387945621845,155237.41703287,0.017280342067443312,243316.58598946998,0.0382917679024847,52121.98952525,0.0027535656842294404,40219.84992232,-0.0025984265671441195,479824.55634842,0.0430995920016542,58906.48435919999,0.05394669269099331,9253.49541397,0.04204208771477134,209945.66219099998,0.026276184647994506,97999.12810512,0.035900110700666836,164158.63968635,0.015363222325881016,673530.68590304,0.05465733593497744,48105.39073071,0.00013958410210610682,149819.52381893003,0.004513654916639605,112790.10815456002,0.013493637612433107,33118.68357894,0.022350399565974656,50888.594684940006,0.037080247603208716,234600.51617901996,0.04555519869501624,51123.85428281999,0.0032644338494392136,57429.45867415,-0.009102640096210667,2603437.32044903,0.0,0.0
2023-01-27,0.041247912431305565,253116.14682993002,0.0074009623649419305,981971.65020451,0.012382660024489674,1670751.5056515,0.08166822585521803,1924561.7654229698,0.0286168190832733,806353.88693427,0.01977474131661168,1820546.2589693698,0.035469259756348265,297191.17572274,-0.015573331126445872,582284.4767555702,0.018707196766296025,942391.7247267,0.036895993253563415,390441.0846167201,0.015341714529626854,427612.44292241003,0.01622803296066419,60876.73544001,0.001638733975405768,2219796.19191842,0.022048306688899143,1956284.51837892,0.008766242853568279,331459.25677985,-0.0023531303317150384,697334.3132270998,0.00886728769628097,3367203.8178900094,0.058897620861960064,212729.81743939,0.04431004837870259,59457.59337502,-0.0120971394678789,1648434.0946833303,-0.02059322428109367,455143.5181363499,0.045481117224097416,96777.56474539998,0.0456720046246558,945074.7482472099,0.04343273119617216,225507.07680913,0.03506593107117979,292458.82594895,0.04391545221550401,334835.4110010699,0.08507549003045994,258648.11569189,0.031285055777648396,726976.9801361001,0.020110673341996736,44574.61690132,0.06322903564555907,535975.13303852,0.0048645569283471265,724599.2146182499,0.049180122300395396,7953.688354169999,0.015814248350796138,673900.32296367,0.02215326497998859,460936.74085992,-0.008983600897153544,293816.18213429,0.028110467769797084,146903.31138337,0.00895284097464709,240024.86741434,0.03291993549741219,738133.7512873601,0.05248675423444827,133106.60906121,-0.021137304381010365,1203209.02538369,0.031325050426916634,221797.59171816002,0.016833908230648262,182224.53547553,0.030669969553442554,89495.08573212,0.002995669822354667,298513.76571143,-0.026786692439721888,491746.9196297,0.029167465252434844,54520.810714830004,0.016867518618745293,47770.19257779999,0.000998273155691317,435185.66978234,0.012830324529417089,1086240.56423089,0.01243683143778105,1132937.1431356398,0.03303812449182487,963781.64192303,0.0034380824824074233,87061.2930369,0.032788791840998546,1329523.0618760202,0.04645706292504487,162866.33302334003,-0.006512366531147112,239835.53901389998,0.0051891943684547965,52111.091802790004,0.025226435402410544,45693.315219079996,0.04444687641466332,572617.24563488,0.042257547583467926,62019.15612513999,0.014827403347813108,9483.89746344,-0.017529669909311207,204573.29051845995,0.05188994485547302,110662.94183970001,0.0291514168660343,173617.04956302,-0.02137088630480094,636723.9965177199,0.0005607264988739492,47506.52712667,0.032065414467649614,166438.37065376,0.03494261654726022,122909.86916134998,0.030184573040639304,36375.65263525,0.01807199932216283,52085.52616909,0.013958413157991623,242837.98795057,0.034668545208644576,56616.26432745,0.011939542982449355,52202.46777701,0.027741489445052406,2957066.4215931,0.0,0.0
2023-02-24,0.01214634655774446,264624.03225505,-0.003363685446954964,983453.04613574,-0.00764772422229582,1719561.58638402,0.03704182043821937,1988381.4652399502,0.004981839477772354,844469.5051347001,-0.007039727402567913,1673525.01862932,0.009635007131247203,303707.88585585,-0.018827803523025897,577141.5777128199,0.0016274806996202848,968825.6719475299,0.006345547400257478,392825.74696374,-0.0015306471246524286,424009.34873151005,-0.0022182171094862527,62266.55325084,-0.010703114507922145,2394409.0990862297,-0.001396188926484894,1911851.1665304904,-0.003324018166239094,335102.28537957993,-0.01643219434920086,685800.79761115,-0.0036258403831625785,3526921.12335841,0.02524038355423357,215260.22262090998,0.01976533999516801,63422.966326539994,-0.01302185646936642,1596209.96385168,-0.021791586457836663,457842.46778748004,0.011063178405661182,95556.12776334998,0.019969439580162132,975251.4629461099,0.012829947254394887,240973.57656597998,0.009498463656249873,304704.32094877993,0.011630915224894511,323317.7557222501,0.03248784176575812,251400.55534638,0.006050220708622797,731556.10504193,0.003847409804996702,44419.13165036999,0.04717955375290993,729308.17491365,-0.0051683661607677366,738965.6800236299,0.003312002423758736,8065.632598159999,-0.0011820281154657072,705381.76370213,3.993438329859249e-05,459370.85812438,-0.01920424121560237,306520.55121464,0.0013129062888969317,144893.87686182,-0.004627347937058908,246456.96231908,0.00400163116112311,692952.0004174699,0.015165645695889445,133188.68588789,-0.024354488855079945,1215797.0835037197,0.0031397018502634776,215167.9974765,-0.0034290558609569558,191384.51501998998,0.013856284952589674,92240.33465188999,-0.014180621443382046,297410.66673527,-0.02716461796042517,487128.0562388,0.0015569992370559967,56696.28657572,-0.018627231043969104,46746.27012849,-0.01032225550250231,430243.99393086997,-0.006626217667565702,1066701.53845584,0.005750682066890667,1118186.9458125,0.007572595391322554,962502.3416624401,-0.0012725744086754742,84939.91581879997,0.008230032362999825,1366600.185776,0.020799828336354742,181693.93831391,-0.01698954088871293,246925.87108150002,-0.012312555412151188,51211.79280095,0.0041282390898976055,46251.87259278,0.01663213350627731,560513.7006917,0.01986351904291963,62670.650098340004,-0.01117783285319772,10357.28488864,-0.03391175687001755,196547.17363263,0.016500363699333734,110990.71440777,0.0011743660301559058,171074.82931586,-0.021595516705838907,647673.58381795,-0.015500396357027537,46781.13036616,0.007248430816994083,165316.82724412,0.01811660636326489,114965.95518015,-0.0031325987775815667,35805.696713089994,0.007127958839179326,55451.60888194,-0.0023503948465649458,248689.70064542998,-0.001332664021552159,55590.42838734,0.003522627751407159,52152.938618110005,0.009298914248159129,2838308.66585316,0.0,0.0
2023-03-31,0.02920524317565895,247380.43834533,-0.01075122058128853,893290.32032046,-0.033359336214110934,1349450.90387359,0.10585731763853284,2154892.89299862,0.01945335626817522,778440.12329574,-0.00024281697207775748,1591330.0473068699,0.03884928761568117,281427.34267314,0.010816551148985437,557086.89188553,0.009755105354142707,867322.8474302801,0.030482366610138274,377171.10404869,0.012427403305605269,388219.17705898004,0.00027295822041874143,54665.63851228,0.04952835045237498,2466352.76723777,0.018016860762948957,1867314.23978822,0.00624937588206855,317339.27312439005,-0.0009231066166484706,673962.6740194499,0.05207092705095912,3691007.7815302704,0.05651494117401497,197410.41600911005,0.03726859945300146,57562.48711096,-0.013964418934380609,1545140.96467316,-0.007816422588716657,461036.32384520996,0.01117328482598278,81265.99000979999,0.046562941188624966,931433.7399721699,0.01082508125777098,209470.54625980998,0.025298590357171587,275284.95578053006,0.0465046483595666,304324.54936120997,0.05506865014043248,242199.47547489998,0.013329217799638993,688043.43142382,0.0004061248604550689,32932.41938183,0.08446485181408103,655121.6787883298,0.010727180746790865,715717.09020448,-0.0040206735664641505,5774.28012218,0.024419718950368128,694764.5060463899,0.018971025902282484,429693.67234389,0.023313007220587365,303941.23130061995,0.012312115819010675,135348.51282484003,0.01775120675853393,245756.65166356,0.03068967381114562,675062.23733709,0.005889159953473451,110017.43777431,-0.02886276963002843,1128324.5659290997,-0.009683870139456638,195196.67609834005,-0.0035883514021689805,166926.95748706,0.020458833351720357,90537.09015630999,-0.003290930855457939,283284.58323574,-0.0037975854178202133,502712.21964738,0.008106065742411076,51570.39952393,-0.04331088533055551,34190.57269452,0.0022484833538086763,402561.78914318,0.020196999068975558,1055265.94460819,0.018567598973027236,1107002.54840095,0.06739391101256821,958243.2999668999,0.006600960207952646,81582.5233814,0.013219944797221238,1197220.7479079599,0.02657840006150525,166499.59544363996,-0.017856569984997087,225655.0580364,0.007000649615798342,49549.64645537,0.01608530063389344,40737.473942540004,0.06771645028823527,561975.91832221,0.04647601572518014,56385.64748363001,-0.01896487292790356,9280.59706738,-0.019279593870189553,181383.27879637,0.029636023224503694,95543.44724998,0.004831470427900428,150715.76632579998,-0.00720608332658701,654700.27180354,-0.0022929851598074372,42577.95912033,0.031754530296203,156537.44897022998,0.03728693275684059,116531.19174099,0.0026028774272615148,31252.181836289998,0.00333532264405521,49949.51436226,0.04130055591978443,251253.78970666,-0.006006154852941493,47376.060050569984,0.045386924369235304,54193.10333329,0.08314142372614079,3146789.39008493,0.0,0.0
2023-04-28,0.008672313248850979,250505.65733177,-0.01936256857152104,936458.67109999,-0.058130901544651545,1395847.3994039898,0.039777812425844085,2113170.6509587704,-0.0034774715550944506,789710.8723131099,-0.0011994079224053372,1703643.0184566204,-0.0026757625813237196,270285.47515261,-0.014070826124576384,549040.18304987,0.000492065192328132,919799.9409891501,-0.008257796816251333,386383.48356445,-0.011000892282035848,404774.97015908,-0.015864016618334063,55799.60571482,0.02874943814637567,2558291.53086437,0.0042009497992280586,1972816.0369651201,-0.03138842458534274,305571.7948673599,0.014053300984537238,712624.18893638,0.035030430231089024,3736968.646411879,0.03737428800703202,213220.24384405,-0.024284283019773756,57983.04565717,0.0028808261625865423,1648163.0347612696,0.010115798717226277,481638.4003972201,-0.04523354106674733,83415.08084989,0.014623616398247025,988077.2433346403,-0.04366002183353886,213998.71509206996,0.0026173414422809337,273166.72277027,0.017100954834323764,331568.4344711601,-0.007965132839183616,237410.64503420002,-0.0030548072712809427,732049.7722275701,-0.04065123530842453,31888.54997594,-0.04603471368946786,575203.7603149499,-0.002665142235977392,748388.18325505,-0.000702452254630931,6127.90257489,0.008591036500625725,715920.07072342,-0.0070871158788669035,443914.85090449004,0.0068459991195796155,291542.99386546004,-0.015268341321546985,139334.47497746002,0.02228153742852921,262359.8685818,0.007098248905338093,695740.61325413,-0.02905352773640651,116852.09922276999,-0.00970126155827205,1155806.1066604601,-0.03143426758926909,202349.13696304,-0.020544702195177005,178432.39354729,0.005432112725229633,90330.27939953998,0.0019002152602893155,303219.18895860994,0.021266588648083066,536568.8899601798,0.005637955712533819,53560.55586357001,-0.08727624097084385,34911.14659265,-0.006596906561244676,409691.2960824,0.024899118799514834,1155456.93585824,0.013081595504896884,1131145.3142917,0.013637288991189263,1035305.99755397,-0.014027854046464647,80796.19411126999,-0.023693894431085747,1232658.43849261,0.002307254804414512,172629.76579510001,-0.01454921374807322,238986.88985535,-0.005473862339233967,52173.75958758999,-0.028172557207219867,42001.04630533001,0.002687274351111684,560363.3013205001,0.011264527727767475,58322.30028958999,-0.02638050498371028,9496.144555359999,-0.00908914352820381,189122.77728801,-0.0137614242755605,96916.43273727002,-0.02386323487935944,155967.17179057,0.00981671059686036,676592.1435124,-0.0063696982551047976,44763.31969978,-0.012477079331528149,161752.16392097998,0.002609857545992513,118183.88667044998,-0.038691596813949417,33204.63765862,-0.013803375744600888,52672.56212468,0.007180691553191977,263455.52924719,-0.057770378702856,48261.787080430004,0.002825610916279724,55716.21898423,0.04491149213646744,3281582.20694624,0.0,0.0
2023-05-26,0.016386157300111406,258322.83276673,-0.017210938216959182,922511.60084247,-0.05135208540912847,1342156.3438589298,0.062030031073548465,2306631.0583468904,0.0037880923490254403,772546.9355498902,0.005284294943650083,1565955.17385818,0.01798526426894182,278650.90354083996,0.010811588392207585,587941.07604389,0.0011262294216647744,880542.8545422999,-0.003297729555455814,375522.82819141995,0.007758292175217954,416254.17406641,-0.009807295436467548,53827.547046800006,0.06310325218705276,2698925.60324685,0.010035325310904385,1950028.48605992,-0.035631500657848196,289597.18781075,0.014854231925722251,673482.5064693299,0.053714317355224424,4148839.7533345204,0.03775711367372836,210641.426157,-0.0046012815495189135,56514.365980940005,-0.00027318662806448304,1649069.7357009598,0.014576208791941624,470060.8616091,-0.03157724763706313,85537.87778923,0.02379741483355318,985788.5048656901,-0.02935312845448908,211503.92644862004,0.016777489630750268,282029.24176138,0.01768764307147804,294335.30219448,-0.008120313537105737,219136.75179944,-0.006246179587431737,703679.24176973,-0.02698863539109897,30118.12887962,0.019966354072164197,645658.44693119,0.011225447113800347,720187.75466977,0.003995991130378752,5937.57607321,0.01915520397966635,706127.1633086,0.0036298378349938053,425800.89958470996,0.022114892990471854,297528.32848815,-0.012186314099290966,132897.09919411,0.031903374799796054,271562.11670755997,0.010396207174509191,647212.01698022,-0.02533065873146629,114938.33052113,-0.004033399329388994,1136663.7245158202,-0.03766051923645169,188183.69682491,-0.012447102320605367,178073.63637134002,0.01680623082511564,92131.64498946999,0.0035689110376593398,283608.20808242,0.01551908987257761,520189.76016357006,0.014542628111943531,61351.64082976999,-0.08342637684205308,33318.25947423,0.005993741899964886,408004.2938627399,0.021159244109626038,1133944.94235447,0.011811387726372463,1092280.48492086,0.06330591777675032,1113856.55237895,-0.000355190171577391,75680.28932268998,-0.014041493338707559,1194045.08929241,0.012024878500967492,170135.15942567002,-0.02117596681595102,227534.96024492002,0.007952624026737586,49523.6253391,-0.015074094331771497,40817.94654221,0.03163995024538869,566864.1906527199,0.020914255780426484,55865.340022799995,-0.022317723718897217,9509.24353167,-0.0024683568882311914,188428.8577134,0.00039201604637205894,105269.86195858002,-0.016608980593539432,152770.88418852998,0.013738034719372322,675031.81891165,0.0071456402264974276,41929.31876587,0.012331550591348502,163327.67744731,0.0034332803656725737,96629.99139926999,-0.015171247297649532,33823.85640933,-0.006004313578974083,51311.70732463,0.022492083160064524,242352.12296633,-0.03472059622616105,47127.23462179,0.025647574772575114,51385.82929958,0.06810522936564681,3798204.2704823897,0.0,0.0
2023-06-30,0.04507548032972308,289314.81036237,0.010487910951397644,924473.8653174699,0.003861722834525292,1374403.56121961,0.08246614596477177,2637172.3427433805,0.03545745569100665,856926.66415989,0.02722617247148329,1563658.3091778802,0.041845527633284876,293325.79766919,0.02227920268542758,603560.2962562701,0.020005497635887805,924550.8353869099,0.020681126445649206,388379.08063926,0.034906958348583955,441012.39997429994,0.0014969951509023163,51100.51675091,0.060643140698710546,2834957.4647566304,0.023982650726366694,1983250.25037443,-0.022463893084562033,285182.37582163996,0.004552926110879058,674822.35930771,0.039033563096659535,4335571.34778838,0.05027833757961916,227900.01153391998,0.035667695907842495,57541.30145417,-0.0006326349794166537,1674717.3048717403,0.006107845223977871,459820.48669956997,0.04997039889715508,97522.60337231,0.04138444678068757,1004186.00590424,0.03266701149280903,228025.32630618,0.04375364694915782,311839.1861533001,0.013841453735439907,297968.90054403,0.03211776910596422,233294.56415668002,0.01551574466835435,727347.5120179501,-0.004737926485321536,30879.598707549998,0.08443663631081944,802672.3132380199,0.014704982381649596,720677.98783291,0.05140514399136947,6357.8550917699995,0.0363730493059085,709125.5593569201,0.004378428274954159,427807.61004887003,0.026198800918133345,301859.39872571005,0.0009497706704931746,132726.22078825,0.029658482698140365,276332.9723807899,0.007296206884593958,659712.7876926099,0.001933026454082798,118211.62768780999,0.00545087459713994,1150609.8585303598,0.03407392779188289,207971.85919395002,0.002948697470977878,183083.32505078998,0.04530236332181505,100560.44010882002,-0.0022599684199085313,282486.57493621,-0.0011041686941628728,516260.8242932299,0.050650419296012245,66587.67085082,-0.024818322269716572,36483.96642872,0.014924479733874748,422281.1981577101,0.019506186800856123,1151138.49823789,0.010478415698960745,1094084.3890326102,0.05656170808570084,1248777.93372142,0.008571326149520627,74304.39161826998,0.02020782996219567,1234599.7987993201,0.04890567443923583,191843.05856234,-0.002839773576482648,232116.88547801,0.006914214246460725,48920.23860348,0.012100865858405786,42871.81980204001,0.05527955732819393,598301.94040231,0.021104003917759902,55382.015497939996,0.01875229655589268,10034.868425319999,0.009428497742370926,190385.63447422,0.03917778366586916,109554.91725145,0.010643180366918355,155915.28415954,0.004249756278718119,675813.04261403,0.011650063462481835,41765.732627230005,0.02237226941371994,157570.49416305003,-0.008436317827929706,98619.05186657001,0.03177816606977263,32918.50303985,0.021783648686319594,51665.03607868,0.01587959862675852,244402.99713826,0.015372842835910434,51334.234754679994,0.011007137465025987,55813.727842930006,0.039302151256835886,3605804.3055884205,0.0,0.0
2023-07-28,0.057594185964649144,302541.29220383003,0.0340806873432421,962218.91723616,0.05338135701744501,1561329.87419553,0.09436386330034982,2814232.7628227393,0.053229127229634014,904421.6362152499,0.039839559916704945,1666195.9115527899,0.04264414424247683,304966.18495058,0.03012322333326415,626885.82914142,0.03828776609607167,970577.2071284298,0.051967209999096486,414427.30260071007,0.05732575435585407,472833.24165936,0.014726872817094231,53512.74569884999,0.04252140573786234,2934407.46398545,0.035155567911813845,2088817.60536502,-0.007343548684076001,270675.75716369,-0.0008158311859812736,701950.24481078,0.030251186068021307,4582679.800226141,0.05427899117673368,240864.88037193997,0.07620706513895409,63796.7759979,0.006013078030099982,1705472.6525398702,0.01013617688117548,467749.3490673699,0.08022287853412882,100858.28286007998,0.05691822732897221,1071088.30340272,0.06424786929135883,236174.76044107002,0.04503696376582964,328968.73863661004,0.028867407908729444,298671.00177999004,0.06674487590356944,248284.37159790998,0.03587784481734421,755505.7512742601,0.02116216670774398,32402.698641659994,0.0735507778466794,898274.01494447,0.022474026571405906,751774.7477514001,0.06497675891040487,7014.27773014,0.05153765192420366,731368.9119830601,0.005468486153000473,453727.14343413006,0.025478501836591932,315702.68093288,0.026528431355349873,138794.18498398998,0.016421518649249938,286827.50277003,0.014343091431224838,708733.6459934601,0.0264170992322657,127974.92870552998,0.008884371514478582,1197694.97276311,0.1020709883334569,244268.07347092,0.005885391658627597,193592.73375745,0.054101410899451495,105193.85537411002,-0.0013216043131250314,294121.16538245004,0.0047949927461255724,531500.73569528,0.04479224161894874,69153.78534992,0.03222738780775909,41140.11516838,0.025090132698790037,449423.3110514001,0.019027358330885626,1179583.79476941,0.023091363524924927,1121207.2284703502,0.02722158337191092,1276725.5189987,0.017986427774456616,75184.78056366,0.05048372491752629,1384141.01009676,0.05538082371868169,199693.05115597,0.02080549955941852,235343.09010041,0.01519521939890104,51670.61585356,0.03561982290871475,46948.34820318,0.053153883875566736,598398.03771248,0.03674073189754891,58943.82983912,0.04917474988806733,10569.567442720001,0.018096293292003393,196757.32845694997,0.05668939957943883,120641.33251382,0.03600485176344564,172521.55265842998,0.009176512761693612,698577.99460512,0.011456084398609732,43458.67694251,0.03170380820164436,167828.03414593005,-0.006466589708257148,92658.62223923,0.053157793770610334,34225.095540910006,0.02730135077223521,51903.850037020005,0.03003122272823024,265446.2126609,0.05617317028324294,54798.813962570006,0.01751326807617504,58087.43339317,0.04251299867557296,3762713.68355955,0.0,0.0
2023-08-25,0.04474635395744861,291735.62139473006,0.028078903274198524,946063.33449378,0.03803348306888783,1440817.13629138,0.0365118202136686,2780288.00855208,0.039580551064211975,863179.7299940401,0.033920789864265055,1721324.85073655,0.010971526764605038,287693.80528134,0.0011740466658283393,613680.4531977101,0.03250594693842303,944499.21484491,0.042802137941144416,407652.0396216601,0.03688486521386255,461944.19452097,0.008423476694977464,50219.318773420004,-0.005670956447689963,2683723.9340400207,0.027651464192136023,2055866.60920847,-0.011082993463329756,259145.19102845996,0.0019282782276170043,644084.3242246,0.00029107896893521544,4336615.4495132305,0.03930666906826563,224433.88617822996,0.04727555571970988,58327.61572788999,0.015353751116575783,1772278.40975185,0.004953923108418959,437622.57515686005,0.014966064610293523,88269.42774504998,0.034739820889195444,1001924.41582656,0.015547665083751756,214668.34821871,0.03073663168211431,317431.07182819,0.0307839036031025,286574.43584462,0.05135029340644679,231716.7314685,0.03068932742634556,726317.25954171,0.013642407777531538,30370.39088367,-0.01641374932716243,771900.0689652399,0.012327578204411414,726294.6621295899,0.030102025669546985,5759.04103589,0.03724795452671734,732371.11729034,-0.0010315313945780933,419097.37098288,0.011502929291935715,319192.32162992,0.029661328652636768,133134.51643266,0.0034424275643248074,272921.29218676,0.020777841672538447,667974.6926986902,0.02689926442987202,117045.59013371,0.004566719485897457,1157514.96678666,0.08938690295187299,244342.98203088003,0.0008907563895206175,176765.27421056002,0.03859103917563183,104081.50855946002,0.0025675734265246976,269636.11760117,0.014933348774739187,518268.88890141,0.012073055839942302,65715.3601494,0.042227487653820485,39050.92163611,0.023425923232438865,443497.1854279,0.009958607991143913,1060879.92392115,0.02833445903999166,1119582.45355098,-0.01706489264715861,1327290.73015836,0.008719683774242024,71975.42852493002,0.03748939570812611,1297808.4450782998,0.034223006482123376,192923.94796247003,0.017622956712955128,224848.62003855,0.0072771508119827775,47615.26285577,0.023565326711861526,44085.39869257,0.009134758572812035,576331.0348529399,0.0374922264153995,57796.40604646999,0.03717244981695993,10534.45748564,0.0037330851136381606,179060.41065258998,0.027315438303418312,108626.0453846,0.028209181368227625,156285.16311645,0.010261194601869205,669702.94724455,0.0014222849145740179,38881.31592499,0.012907611573080145,159416.15046789,-0.00010217834181552098,82379.55809895,0.004468493384201794,31873.52763293,0.007700225972633875,49485.03640965,0.02201652918442852,245076.33960582,0.03387659114874153,51263.4934177,0.010953427543429576,51751.60074967,0.013945349023704414,3817219.9266181104,0.0,0.0
2023-09-29,0.007578436778372623,284970.33002707997,0.009723155167517938,983058.0224821401,0.005373129475650565,1388809.96287133,-0.005864616223882841,2614273.48212619,-0.002252516261812713,846407.0845582901,0.00653949535116164,1781484.22218698,-0.022413805246363903,282063.42886828,-0.019245777680257703,612702.6694504101,-0.00018613677152309866,902893.3158199101,0.01529063901604565,397322.61025625,0.006205314953525951,447567.57010810997,-0.017351185277713652,49068.82138108001,-0.054058256566768076,2683385.49172964,-0.001994278785574661,2054847.3606987996,-0.025849591098741034,265727.38506627997,-0.01572849925576431,651524.65694506,-0.021882252051190442,4295858.6929890495,0.001295901004630144,213809.04543121,-0.000767919508694568,56701.17663071,-0.0034105468717678246,1675347.0649802801,-0.017233534470674824,419728.03487649997,-0.06339916082199845,77165.44796724,-0.007972411176721622,972773.0529934102,-0.02734318854755714,204960.43201399004,0.00013151262882715574,316219.7583601,0.0014031388604927126,260564.57876595,0.0045780673045221505,228824.39789515003,-0.0007730054827156611,703761.27845429,-0.016034561282144033,28732.296675049998,-0.06412715961817057,814028.0763063801,-0.018264990971454786,709966.11964442,-0.028890196258291187,5693.57880028,0.00017535345588109053,698213.0492202201,-0.0251221749574948,402094.35900869995,-0.010654638151273634,309177.19874448003,0.00985039393682997,133082.22912123002,-0.01731743560229616,272787.00913074,-0.002386479796192905,638878.13243013,0.005959199538552196,115690.89195062997,-0.008254948435672356,1173860.9422359501,0.047363776780360085,254560.34339162,-0.015743991039554265,169821.15460359998,0.006156942992457632,98502.33118136,-0.013945448144290344,270138.81251991005,-0.0008324901357007769,509624.29147396004,-0.0191830640506617,61795.825567370004,0.011072695617049615,37817.95928513,-0.0017274214943312763,428420.1602954601,-0.0221794862709577,1015840.4066942298,0.008670311398347466,1102900.7183516403,-0.04047099853295861,1290553.08236292,-0.010720692082209235,75499.12318652,0.006386243408201463,1300386.5596200002,0.002989884206693688,190068.90183717004,-0.001775221519400897,222758.43869136003,-0.02798023271431856,45927.054456829996,0.002356171159233706,42713.12847782,-0.0358455466239025,550881.01396915,0.010003988712131304,57421.37968827,0.023251855452143786,10819.806053159999,-0.033608328123289996,179896.24298463998,-0.01619178224726509,102586.24056997,-0.010500114742326932,150540.37425727,-0.013106529756198538,643557.8257812901,-0.028679266040941332,38600.358843710004,-0.017485828686804875,151245.62813919003,-0.012097185377510568,78614.25644294999,-0.034693458400636694,32031.29167662,-0.02632253944616085,47664.6331039,-0.005717750044895092,232894.34238113998,-0.003339676968551011,50817.36149805,-0.01901460154733585,48839.97116037,-0.0018088712122483325,3921207.30416584,0.0,0.0
2023-10-27,-0.058119670532817184,260137.32934727,-0.007515320773975778,957287.62840954,-0.051935438739183326,1316827.05911871,-0.050996708861405185,2584477.04824004,-0.047659021977529525,792866.7450538301,-0.023769834970309177,1726807.6278435495,-0.05496516861399533,263865.09814508,-0.0373061195425454,579846.7286000301,-0.04509998093454143,843982.12475719,-0.04777901649038239,405320.81248553,-0.053386301159824394,430852.29479858995,-0.04630909567009799,46195.808802499996,-0.062104517649687184,2617853.1799694495,-0.02911621925621985,1930483.1250844598,-0.02063633646718771,256143.01882772002,-0.024739405118262427,594075.81352378,-0.02149228601747532,4354369.07243732,-0.042276175661507265,196368.88307178003,-0.07570668433032651,51682.90817962001,-0.012002574528246336,1620457.0795551701,-0.03368448727787685,384144.45515878,-0.13669371774170505,66057.74530479,-0.04627051659292614,922051.6287379098,-0.06527865593172294,189889.85895727001,-0.048792503731802175,285806.17013109993,-0.013828420544978487,279452.24273925,-0.046680348232537444,208053.08225846002,-0.04377432675839853,664328.9541628901,-0.053635243958892076,25847.154877160003,-0.14903506714815606,704365.11621295,-0.040268722634498065,699325.27485598,-0.07974399735804004,5388.22743344,-0.016434065412575312,694344.3942653598,-0.05007996248142974,369619.38629048003,-0.02473731996490153,298880.67117996,-0.038152062667348656,121905.58754653999,-0.02350728001979394,268751.36850935995,-0.06155776800578022,564067.50358086,-0.04093201637781394,112748.87957932001,-0.008417748813208297,1170160.6442168602,-0.00085398159275285,245426.65621962998,-0.05297633005210516,159541.99728937002,-0.04175272980777708,89325.52884483,-0.028220338390142295,251263.84049235002,-0.0075709739592665784,499846.48911734007,-0.053917154534894915,61865.58366716,-0.08341241509920778,33830.91536115001,-0.04451380728265377,422483.12997004,-0.0481229112294903,947870.6709945298,-0.011994952111545781,1055345.5767133199,-0.04627225696567452,1247122.6481378102,-0.01803863151144002,72766.61498438001,-0.04896046478312515,1204755.10678414,-0.03539412398922606,173776.89557507,-0.025769310030568267,218126.9816912,-0.05051675434602504,41312.16505487,-0.06602541812044278,37978.58537386,-0.03760933887749095,606819.73526738,-0.02605358277615233,55341.01637197,-0.019003105745417644,10214.66670433,-0.0518173641602248,166434.506663,-0.07264294782838543,89704.50041041,-0.05241028626080045,141824.92874727002,-0.032867256969322356,596254.71750542,-0.04872547083516175,34751.62143557,-0.060261119356295356,134580.36431085004,-0.03950673465667419,69880.09508198,-0.06244855814411515,31615.029374679994,-0.06659710994038717,43419.57695252,-0.0666311852056751,219318.89159388002,-0.08489303495066622,44198.86059514,-0.06801494587974623,48957.31961064999,-0.03153558443548922,4012267.317386609,0.0,0.0
2023-11-24,0.026307184812264354,298356.39124952,0.010275851545303635,1016535.7059971701,0.0020641779509835765,1485008.87172224,0.04490983557940971,3010379.91922533,0.006184213093656956,848550.3920989401,-0.013071706327591123,1653072.81371198,0.0036858451746207624,286118.42812906,0.022221224932597188,663993.56813727,0.007239875347118372,908619.7078216498,-0.0007804060822720867,420402.38328753,0.026530143268723955,485871.10477415996,-0.01775085692218195,47954.684176359995,0.013519365457293403,2894830.21183026,0.011435790699689455,2104312.03505515,-0.009946935455104368,288234.35030284,-0.0053905223261185185,637478.5499837599,0.03417437327639447,4938637.97139633,0.0345345243325871,233518.73375736,-0.014766212191918182,51529.67633175,0.012379425701981795,1628685.8356646798,-0.004643290249000755,407345.0188339,-0.011671206531329963,73322.57955157,0.011391245671140653,1030484.7687057201,-0.007627870099498375,211267.0635659,0.019694224244966026,307047.71005947003,-0.0006312158737209853,295736.3546742301,-0.014614763461575999,236409.58111667,0.003182074806822581,718889.6796531,-0.017778642745165885,27923.636321349997,0.0034407705034617923,764307.11663894,-0.0078100747798107535,720708.8468847,0.0035431548340122934,6169.9696881,0.017196502395561523,756583.0286014,-0.007826066372365027,425354.05952352,-0.0023964425440339853,292317.88498618,-0.003972524798308585,134017.26516542002,0.018762323204464457,297339.75073669996,-0.001281176773003193,583949.5047705999,-0.007868793786278694,122022.47152117,0.005962598669350336,1201686.7474805603,0.0026489543346629,231402.24976541998,-0.008117180609894152,166178.40402922,0.01966868111824856,97729.20563446,-0.007989123088881457,269002.69468674,0.007993955226532009,509090.81486701,0.02482010741933654,66466.99032261001,-0.01874802163696789,36294.43782765001,0.007485970723228168,432471.00882724003,0.007199696588105495,1010725.3703054702,0.0018018269443934028,1076477.0098768398,0.020326632653401934,1429850.30107029,-0.002659376198628019,77420.08704977001,0.007697852837784485,1353059.6227888102,0.023604168468825362,194462.26632551,-0.000974612212111683,218391.72365810003,-0.013082551469801692,45605.11841607,-0.01032168920124795,37133.007964309996,0.010641986412522578,696787.20396973,0.025959204945872533,64111.44467521,0.022289477198732328,10779.881457929998,-0.008799704208529156,179097.79869156997,0.005779103868948382,100644.91543983,-0.007694922349469958,158896.0662287,0.0017463548249981018,628574.7529851699,-0.01091843349805631,38623.40158519,-0.008410117748749911,148602.21318305001,-0.027794966951152175,71062.45117280999,-0.00829538368826575,34830.05854287,-0.012208209131890524,45037.70308398,0.0017266883062886204,224911.49439747998,-0.007435438377178514,50399.99084855,-0.012180520703827724,48425.03465356,0.030252182113316754,4120889.42397743,0.0,0.0
2023-12-29,0.07455119751003728,335992.25422845996,0.017099115027014278,1014413.0689328401,0.061346248538087386,1675289.36615407,0.10078231441732324,3227491.4535432695,0.040930392926947695,924740.6177012799,-0.012049823000681203,1661817.22374223,0.04706659662261862,314049.69325958996,0.057514372055868436,713602.1282109,0.042996289292896374,1002702.4208950698,0.024628663471292,431887.4723150501,0.07419725884387088,536092.9871269,0.006642368195363779,50651.39978941,0.03712347947291335,2934291.11123258,0.032394263289844086,2188737.39199654,0.000885051137196778,296757.96222273,-0.002442519551009714,649765.5402321101,0.053326011107939296,5099299.90476898,0.08297633451948054,271075.87244319,0.02972416231026032,55908.07313687001,0.014585116049813456,1648995.70520003,0.003590703639231344,415390.87060983,0.06577909219544542,83149.34150189001,0.04492652671773873,1091426.0646129497,0.06885836978685005,252914.25562533998,0.060887177237376446,337105.56258727,0.010318389096798972,319656.9754643,0.022086963496322866,271330.94763027004,0.027007536391613247,759167.90675244,0.025542801985145993,31066.197812989998,0.09232346994193254,835022.6788781299,0.018187137392541686,783149.68951166,0.052037513873681884,6884.38618772,0.038823837781045784,807937.6470254799,0.026813589489639727,463863.0454624699,0.009037899126124432,302677.30807913,0.019966795729112086,143694.63036005,0.034363249898434485,308172.0365530399,0.0346925633090015,661599.8800812202,0.02519783553577713,131731.67419472,0.008064883965564576,1210949.29624232,0.002829788629362912,231580.36426226003,0.02662451203389979,179465.89839379,0.05920744003600283,109279.24913804999,-0.005032343868425849,269657.75364655,-0.005979381800128091,501940.68082971,0.07062402715347904,72560.6491141,0.06405298962501503,44894.957495860006,0.030925891112408503,447521.00392434,0.02808327860881404,1127670.28465579,0.028272033497904393,1208969.1408927198,0.05783015790462121,1503701.0873714301,0.016523494022168593,82840.57008421002,0.06209041805280925,1527890.3068488997,0.0661396541081177,215637.87236904996,0.0004929885489338325,218780.85396584,0.0040260196122130255,46748.65705383,0.03340091583058534,41596.57980754999,0.03513895062851495,701681.44639253,0.05527145376217302,69748.25087712999,0.05247467650555793,11887.57795929,0.020287865447303353,194639.71063035,0.08165238298986094,122095.12591044999,0.03333218874383989,176724.46794827003,0.006465604059898856,635869.67411931,0.029269745089321748,43952.792896240004,0.04874248662407691,173954.43410127,-0.000782436975512735,83496.98798837,0.048720266705857385,39173.79323476,0.019714701986578022,47738.49988287,0.022227670489796392,233657.92394237,0.049272796959736194,55514.72668815999,0.017572817660015352,53929.804052160005,0.05104836771044208,4286182.24695334,0.0,0.0
2024-01-26,0.10386603474574206,342030.80986553995,0.027974647921778114,1073030.61639154,0.07867339070117539,1672906.3893999197,0.14667497269491717,3602734.2778586396,0.06120326580859172,912915.40188107,-0.011274570394471252,1569428.23627362,0.07151017615203863,300987.96450793,0.08822641126481748,743977.4037261,0.06457577455146382,1012819.4779141301,0.04481403974293579,443472.73915737995,0.10210916130654872,539727.1524177201,0.014593108958704018,48621.47308961,0.06590412203237568,2920022.0609355904,0.05374242397511121,2248035.0043061497,0.02385852457638453,306345.00247197005,0.009464814845440494,623049.8871497702,0.08456803346894028,5308009.733893259,0.12158286318366913,276662.37151522003,0.04291016389572384,52983.71507207,0.030029892254383392,1747017.6641281,0.020037453424334675,406482.55063617,0.11519349729478481,79060.05290718,0.06962923904313227,1093592.7040506902,0.09593560489205342,248611.97820065002,0.08131360665417242,335414.7481008399,0.028215387309777955,303915.62333167007,0.03551958261304193,251212.53538522997,0.041912608075361395,733260.7273214,0.0421943957312755,30088.77487025,0.10132559830654307,693876.46088067,0.032433707998998626,801621.82404747,0.08662639388734253,6599.001268279999,0.04980605740342358,787673.6786738599,0.04775048271339323,448460.4485692101,0.021533210545263446,314747.76486495,0.035720588033741445,142755.46969139,0.052538378423160684,311604.32699083,0.06509573220756856,659013.3531856101,0.034080998391591316,128056.83488394,0.011907591624409219,1206996.98557345,-0.005784663978102823,225307.74214329,0.041297157991460026,177579.44992325996,0.07322131042725659,105129.53679862,0.004806432422770648,260971.22083736,0.01096108596980003,510994.30161080987,0.09685165303169388,75477.73751615,0.08188135525375745,44388.21730158,0.05001020281595039,456054.34465857997,0.06474902922883602,1166815.65535601,0.04704472237383536,1193090.90028921,0.08638117953406091,1519412.7601418898,0.023581673255929126,75512.3181901,0.07883292232893499,1494897.1785125597,0.08929203172452467,220106.23843795,0.01257811909027194,217810.76527485996,0.020899848699661192,45217.91950188,0.048928948329645595,39566.319272320005,0.07548263225918965,672771.88123072,0.07444069023612983,67306.51802046,0.06285926599352025,12224.758772170002,0.0391530246627565,192609.13610371,0.11059646692019774,115822.93899892998,0.053288657105747345,174392.53742045,0.021458537850279114,633192.0660585,0.04625366283664164,40970.86222714,0.07337120594440164,169534.3410153,0.02113747281107619,77483.48382531,0.07167359261964333,39162.037206500005,0.042616522954337085,48603.266234,0.052706725097158534,236242.24053739,0.07659829891255106,53807.557944090004,0.04735128408751252,52292.20060938,0.08467043781442093,4473467.321735869,0.0,0.0
2024-02-23,0.06016028544393467,357253.17661006004,0.006170635057864975,1108562.6714600099,0.028003759792176112,1700012.28326162,0.14172312222896216,3932505.28371781,0.03638693003153421,959022.1848106501,-0.01487934940874256,1654533.3240931102,0.048666653387436025,314526.76377785,0.04933261654335703,773075.6074738799,0.039226202641252934,1044692.4496474899,0.004615246292881105,421039.47427844006,0.06975259723201886,586174.9608324202,-0.0007375753865288912,49399.95646847999,0.027101319659577305,2749846.957240439,0.02847416801981139,2374178.76789577,-0.012717634366115328,309900.93960067,-0.004071474214779486,634691.4918206001,0.05920361384374618,5376787.77397301,0.07044203154004243,268952.9194966301,0.00893542560644256,53160.064438890004,0.037095497407284406,1905232.00314269,-0.0012354616992127346,402475.20270504995,0.07082037395163553,85555.33181891999,0.03356813167017438,1123294.92567638,0.06397806987267757,271967.44604314,0.0620400542512967,373335.03973418,0.014065404273974187,313178.47525367996,0.014963883542404842,254239.08918062004,0.019936549772620427,763187.90716289,-0.018175839563164,27806.96730623,0.05885224591125595,680292.10142896,0.03127251167055365,840598.4800388699,0.05148796024021748,6902.27539148,0.030056408244991614,813541.9644783101,0.013372108636375793,439932.20540153,0.009116867046608641,299192.02204601007,0.00665699522260515,142620.62251537,0.04263279992180785,325587.4252627,0.025608970982408004,682148.50883958,0.004594446407772315,127314.2050352,0.008517313285272091,1247897.82059543,-0.024603395577322478,221012.25514898,0.0071488702863670645,173164.44515257998,0.055091732523743775,113303.74213208,-0.01138839440933217,263627.46734812,0.004496364026509637,535919.29637946,0.08291242075391952,83070.10074023,0.0210606035584757,42327.42882182,0.021238556466101708,471568.6341623101,0.040291027651273195,1201790.6491853101,0.0388619766763281,1205308.24387979,0.07843214575129263,1662317.35801665,0.008029673982436139,77957.90019037003,0.03529714211713628,1563238.5318460297,0.05210397597350289,229484.76304222,-0.013673842517836257,212831.29603527,-0.015556581648024537,43798.00418427,0.01284537217816961,38846.00089930999,0.04029102347010525,710579.49139608,0.01207578824063835,66082.49770105,0.03569421808049619,12721.89453891,0.01292747342091253,179412.61522488,0.05558979886393734,115566.50218747002,0.01227444425642947,180168.07619905,0.0013173934946165092,634505.24885782,0.02599116313885346,42689.2634962,0.036534492785423506,173331.8242613,0.03006096610512426,85101.2960037,0.03486953995339166,38645.042462690006,0.01327022898175474,48319.87220693,-0.0032526114536414233,219043.22500873002,0.0030134947331290933,51530.91855802999,0.03790355209306555,54675.12851601999,0.0712232993015628,4563346.34060055,0.0,0.0
2024-03-29,0.04864675315826234,386623.07639172993,0.03922151034808999,1162003.92967771,0.016688912236297676,1814006.89891464,0.10569771521883124,4602612.41011161,0.02574631442754578,1028641.1386081501,0.008274655462008488,1803143.8207645102,0.020337050790962985,324424.06531995,0.027240393302869436,725708.1005637799,0.029524983718467554,1117240.84954213,0.0015297009969937768,425560.27655003,0.0497892578656651,586070.90593341,-0.008874152671231622,51705.427580979995,0.008251802967762956,2597985.221202761,0.04072120869019959,2436855.65029102,0.01562907123960055,312272.8753186899,0.0011162249264545102,674472.8952707499,0.04602444118326331,5525287.69739715,0.049599916803852916,296105.70664916997,-0.020540090194962907,53271.67760049,0.05247544822759381,1876730.15700363,-0.005400910051114913,414473.06479167007,0.04801758029457821,87689.29213452,0.03228709599151511,1154935.1197306102,0.034060381784741835,285124.06444402,0.050175009344083824,404878.59329508,0.007422257024576666,291995.04708248004,-0.00499417662402943,272866.83602492,0.020245060220627026,801572.1117398501,-0.039491595162710696,28015.68916134,-0.006675144544657093,607063.1760353199,0.023409854895675406,875662.48038924,0.05532635090586657,8097.152635339999,0.02801676482934206,857977.8150457101,-0.0018952100301311949,440217.8015472601,-0.01157246114786281,306734.48123729,0.003167890141920424,152939.45137072,0.04743734755640583,348897.09727520996,0.009703996703940367,701973.3348653299,0.003661744353613562,132104.70158052,0.022776062606235385,1228945.4684272797,-0.01559810314752092,245722.68403774,0.0011223964000215288,176698.90891753,0.048597330823129725,130790.81955273001,-0.0021854496590368584,270945.67990827,0.021188051164034074,549664.4343233301,0.07378231675769739,90412.41706775001,-0.02603304160479864,42057.70164552,0.01766648801192974,467099.3000482299,0.03894351355708205,1211307.79474559,0.007823142576812549,1225279.56789817,0.06818161275631027,1764927.43199305,0.004726118128363969,77456.05139904999,0.02112188315438315,1634385.2639784603,0.04988495045201868,249761.49431793,0.003891169235372422,218823.86392850996,-0.02237843536570016,42152.89781009,-0.007961152561685475,40270.35685431,0.05844190297383991,728762.9022510101,0.015646575574925856,68552.51713120998,0.037848654251612976,13062.52846265,-0.0014337146782309107,187660.13595152998,0.012706621370551745,119258.30292176,-0.003239206518470215,178942.02810627,0.0025424337233666563,652773.4073820601,0.02969590393574776,49836.54967817001,-0.003701275004472599,166983.57870116,0.0027952202105707325,88275.85094933999,0.015768404702047274,39727.90623188,0.02176553803288684,51131.56146999,-0.014618458375386965,233810.07006794002,0.0007732820814160325,52932.12221225,0.014455617296182414,53531.4200083,0.04628640765302147,4784736.5747379195,0.0,0.0
2024-04-26,0.02579622161052719,361656.6947316301,0.02140531298338751,1120145.3682943599,-0.0001071125896354567,1803898.5223034,0.07918756960136156,4009754.12458697,0.013410266934837153,1007495.5547570201,0.007754342928671157,1869493.3200291605,0.01294190193532678,309611.61632632994,0.009370516214575441,671001.81290299,0.005098078356663832,1009687.47847819,-0.020349818069885502,380114.90287997003,0.023587913262488016,541458.52655916,-0.014000554501838625,53130.589412910005,-0.008237679964959605,2523348.4189549796,0.017838682187058447,2358965.13764939,0.002849038683611895,296998.14847807004,-0.007135105643574886,695868.5432801801,0.023886568211605553,5173860.59194584,0.009051255542023106,271559.19220001996,-0.027693943227176384,49896.19949096999,0.026395976896234775,1800395.6036011698,-0.021574719276936802,414975.20321953,0.021500727489778663,92253.28467615001,0.009521592310805304,1114206.0538752498,0.017932805034195302,288911.86417094996,0.03875704090578567,392089.56628488004,-0.009367546203984261,277456.43642956007,-0.002884046096080726,282262.69384145003,0.0017198056645030802,761364.93341826,-0.04618850348347082,24785.628109640005,-0.0025753743281492145,518321.39157603006,0.013551045644475863,857215.12310598,0.01704866828024386,7485.43258727,0.01914702023421497,819883.83466773,-0.024185926988440295,408602.05540034,-0.008349338225186884,295995.418375,-0.004291017781507205,147163.20323096003,0.029166204624981266,343521.05992821004,-0.006762709144050897,658241.81150231,-0.011321967728471459,131485.75314405997,0.009868094923866132,1201340.0561265098,-0.009055946819544759,238105.82279425996,-0.01640366454592089,177689.93182943002,0.03059029669974288,124097.36095322999,-0.011979839650954838,279716.38892855,0.007746217776490045,551822.94288586,0.04634100628772465,83018.87585914,-0.02957098770490844,41090.25125853999,0.0032321582212128377,451398.93797648005,0.004036728271669079,1183779.72087426,-0.008573534602710294,1105651.4997367798,0.04891954310464881,1754133.63363921,0.004196509386422653,81452.99797935999,0.004834321649213877,1607650.2410460901,0.02881458631330057,232080.83802346,-0.00828830957664771,222189.47483790002,-0.035584364652371955,42195.17829533,-0.024788147175643326,37543.696789819995,0.0343930760984372,696998.7607897902,-0.0024890710297214872,63614.39275595,0.034476320230020244,13531.437814410001,-0.01894768983650235,178933.96680031,-0.018869127066244395,107223.47706665,-0.01769182495542412,169537.55409840998,-0.011479129839633537,653095.79072103,0.01688130228748495,48712.05323129,-0.039271030322016814,140723.23959095997,-0.02124995761195458,82906.4569794,-0.0030405476344274357,37222.80971806,-0.0034400901365455134,50121.95694722,-0.026881012439641364,219352.64510845003,-0.022074860999752477,50725.89622608,-0.0067817892802120115,46722.48822785,0.03473436508161254,4927397.312876411,0.0,0.0
2024-05-31,0.024328635445470082,393478.56336493,0.015035450671546127,1147352.8591380198,0.020708349595516866,1860353.54820889,0.04820622083829236,4944841.035268411,0.012973604464586229,993954.3796767599,0.008411314723492467,1844712.1293112698,0.01674591517771675,346460.10885163996,-0.0038929763267234996,629000.82674093,0.012481641525041219,1008971.69849787,-0.0012267130428615792,400651.0364024601,-0.0004962614193439875,515635.3693049799,-0.0018832948785033239,52363.15278943999,-6.5362767814880485e-06,2891062.6859823,0.008132254338777812,2350140.16792528,0.015181521884636876,312539.71930063,0.014034483889797288,747862.8749710998,0.009260416384196833,5426603.65513424,0.024557612676160367,278669.35541903,-0.012499581518666068,50413.00002403,0.015599690020270889,1879595.99325109,-0.012181736050564404,410445.07362085005,-0.008425239342331893,89646.02188422001,0.002184635716950013,1091684.8564550697,0.02403200468847938,287187.9836123,0.03528964564752861,429376.03076085995,-0.0010094777334839567,277525.48925305007,0.02054976712884313,284665.4518223,0.003264426415941043,781095.7743039101,-0.0004435928259654083,25600.646295259998,-0.02272741794361759,620943.99840751,0.016389278324665815,907892.76636932,0.0316226771072268,9092.342217559999,0.02179813870591264,874820.4953718701,0.0031617417429655177,421023.09198455006,0.0001629620108119619,293353.32496225997,0.013646814590972165,158133.24378405,0.014770374159269165,351860.6053107301,-0.00016392570198526667,695734.00080881,0.011932664910975457,143254.54202966,-0.0007011456779281941,1199885.79224236,0.005401431620917615,235760.32801566002,0.0003995587761172666,182528.33467877,0.03889122988368271,142656.16177120002,-0.002207930921113434,289902.47077469004,-0.001515192050424256,567533.0604199499,0.011200876460782704,83195.39430892999,0.020714296904894413,40339.40694788,0.0015027249842775746,466332.33144304,-0.0060745831041874206,1213335.7171232603,0.023306372928685516,1184201.80038937,0.017835089643462154,1793292.0543204898,0.02134810842552757,87213.48323954,0.02349866755803687,1681178.66178722,0.024817915281364403,240169.83128314,-0.0030548330305394406,236377.22945628,-0.0095521705366155,45044.20934358,-0.002173927901910333,37484.34215345999,0.012752405059439576,715366.6069830899,0.02147573819171213,65483.46312446999,0.03727679522810877,15633.789402,0.00792985277847481,185501.00352653002,0.007080293215605652,109226.57861731999,0.004197495636982999,170200.61125421998,-0.009951230688714457,659443.00439004,0.08366474800289737,65933.63269212,-0.0017874744958875709,143004.15169630005,-0.017934562018263402,112229.98966491003,-0.00468879611906827,35804.84621371,-0.01770568311971301,45884.39138684,-0.019508185126068434,210715.29908773003,-0.00417269753381134,51185.79911491999,-0.02308936965872059,42410.81778463,0.021382406418900875,5433743.232508149,0.0,0.0
2024-06-28,0.012923129202770294,381467.86508546,0.007889846292855392,1150099.63604714,0.016112589307024083,1840551.6733334,0.06065534828040873,5287444.91478347,0.003259491404827593,971040.79717063,0.003412559227987925,1855621.25304451,0.009267077381848019,342407.70298460993,-0.004741793365146898,643791.9350410001,0.008957669470087404,1068478.6257702198,-0.012407114867229351,395675.67777152004,0.006630159653891708,524245.17505186005,-0.007447778371857741,52898.80831286,0.0005760032053660252,3163212.97316172,0.001817084568345316,2355215.7946598297,0.002039051155677001,325779.5808992,0.0007561080270632987,731599.58595734,0.0109263440637885,5621439.6300229905,0.0056818506155676485,272891.69728968997,-0.019872579673584245,48315.64014086001,0.017414085254896332,1971800.3990483899,-0.017881248618328457,397710.27594476996,-0.01665836512963022,86038.46202549,0.0011658558164372639,1134562.0224552802,0.019380611770311102,285877.18995597004,0.01629696339458769,403419.62776785996,-0.010987323582286126,287133.83580412995,0.0064875351389050775,267852.39413604,-0.002383521211178535,770496.0172775899,-0.017387019068335948,25613.00613994,-0.018101895494205607,634364.7096327,0.02252863067390093,936093.3717201501,0.017207620069453564,8623.096272249999,0.014171030555229095,861856.6756922499,-0.00823134075192007,434462.40153514995,-0.006242567239743853,300226.78050945,0.003444291984126606,154000.52461434,0.012353551393804306,360222.64624046994,-0.0072660634520864105,673959.8034564601,0.006091468357657276,146911.1911681,0.0021961411108011556,1207576.5759834503,0.0015928535306802285,235083.11358375,-0.005278910131234972,191653.07381028004,0.023086791164353818,138288.53104733,-0.007325347613940779,287161.14482291,0.00036856691930890794,582057.06519693,0.002795959226096022,82123.36576686,0.009912749592136897,41680.19383507001,-0.0014376904555918944,463412.85262112,-0.004857276369489827,1205628.1735012701,0.024532569474939966,1252424.71920732,0.021853108237616374,1837297.9640751297,0.01913220013327694,87727.75129028999,0.015241104738560036,1661778.129611,0.007995766621322165,227558.27498093003,-0.006940063602217598,241114.53249452004,-0.021509462471143145,45771.52929766,-0.01900776520983351,37055.08109229,0.00652270937431376,732117.3668839502,0.004005672537152624,66075.03318161999,0.03957705923428772,15750.276379859999,0.0008427909355064473,197874.13150937,-0.009467501426698053,107423.54088535998,-0.0016224923314291746,175006.80797132003,-0.01264830882850573,649538.6880648299,0.04684533456650779,59655.92980515,-0.013131198387262495,150100.14726115,-0.02473712351868141,103891.96352595,-0.0054936958933060305,34876.96498653,-0.028503974786795186,44207.88137198,-0.024807686086183705,214300.1615234,-0.021019786404371917,51698.36274281,-0.012421629755852991,42559.05319941,0.027140475666529666,5632689.22984207,0.0,0.0
2024-07-26,0.052520464544812455,391809.23796965,0.02699451220745053,1177658.14613323,0.05703782345495777,2002557.97992923,0.04031587180238662,5427948.026536139,0.036128222429447465,1007910.4468966802,0.0010078770788172222,1795304.51542616,0.03672868257516357,351897.58124027995,0.026939171134161843,685349.1923065801,0.03805370225622759,1087764.30722004,0.0180301601026689,409110.77068812004,0.021842931710510716,536660.05401055,0.030718755377377765,56486.079136190005,0.021271242159052732,3451513.95182519,0.021808793813112556,2389456.7325086403,0.01728151724106788,319499.55590413,0.02772341938058345,744053.4934102301,0.006026747129859119,5644404.489418471,0.09323263900339498,306515.56239702005,0.021593246665212746,51686.17411316,0.019132001933770317,1960013.6387386497,0.004550293514159405,399877.69664901996,0.006436618218454041,83117.32192586998,-0.0009229559807587565,1096570.21823049,0.06404629325922755,304934.10697837,0.03535358089752401,411847.96969901,-0.004573088028767497,243851.87097669,0.030310716809651975,272923.50851748005,0.023922560346618653,778639.25702814,0.04464536810941088,28395.906909520003,0.030702016408837938,842497.17234154,0.024178386826729036,942602.1385784,0.08983047223976073,9287.783098589998,0.03860493078640253,867205.3868062601,0.041592682414929846,461212.5696661501,0.009087617536160332,303038.96463883005,0.034205454168118835,154790.9465883,0.0181362735822473,373603.15815850004,0.03976796170512377,669988.0669913199,0.03705696071475023,156283.37359266,0.023329555380380965,1277350.5977404194,0.012375191807097329,247446.34661237,0.016901883285457255,189918.36288026,0.055154723867378734,141026.41775819,0.017307955965222322,294876.48785415,0.006706193659603152,579614.62233205,0.038511613920381084,86977.94953241,0.07915029122485513,45814.495431580006,0.028422628124309443,479572.53560689,0.007021649785664572,1216920.23594241,0.06114865852752868,1310039.2418240102,0.00688331586682515,1824386.7674339095,0.021101225880854235,87900.30939510002,0.055073919271593934,1752930.16346459,0.062128162762739664,247672.70513182002,0.03376053446538607,254777.09193557999,0.029129109447220525,49391.677684669994,0.0367364667649412,38249.35593167,0.008584684634100672,737378.8075834798,0.03682403037875966,68449.89236712,0.026883314610192437,15150.884515569996,0.03198867448300357,199305.92384402003,0.07474821666065566,118567.33501732998,0.036284259325574754,187827.77615981002,0.007851679345538796,646627.45196243,0.053824211925027586,55752.941107829996,0.05719861904010611,170269.0773956,0.0018190454478031332,100000.64903238999,0.01109617192575955,35255.022548839996,0.013861154004561076,44203.411090120004,-0.013281706150020112,231783.41596204,0.022396682801206286,56060.93211659,0.02087340564807368,44646.27727252,-0.00547238550722466,5575988.51106455,0.0,0.0
2024-08-30,0.039277319960237686,400999.02451178996,0.0437313000953722,1252837.95945591,0.041166324980170976,2002384.51771029,0.03637509909888577,5319429.89408671,0.02056017065687717,1005474.15945011,0.009974437559288854,1779627.66626942,0.015389770628179674,353047.88850805,0.029465591022610767,704825.20830132,0.019455542732789797,1129269.1629152999,0.010650098886793517,422109.5038176,0.023437956368203082,554215.75149472,0.02097903851631875,57505.5752711,0.02199980400351083,3490342.580558129,0.031925702293664246,2502921.22896029,0.032794293258197965,344467.30217375996,0.02843368003474566,801703.65602193,0.020457762420334695,5454093.5423984695,0.06583184954250505,319181.64822195,-0.0026673910869492966,49529.8305617,0.015468714580543422,2054642.8891788297,0.014226394467998643,423425.50205943995,-0.0139477834590835,78498.94398581999,0.015087287105087667,1123117.5005642902,0.033998816296062814,309100.81106996996,0.012459051177084967,386297.89388841996,-0.004903260786569888,260476.51813132997,0.012294126723388133,271244.79680835997,0.020220026923967484,808748.6988176899,0.024000548827445647,28972.227649009998,-0.0012826140583983112,723561.74996836,0.01739055958466413,989548.2239387701,0.05920014587495416,9450.97818441,0.03678735669187175,919760.86950686,0.024221008220141026,494442.23874716,0.010900682757476507,329466.4658282501,0.0262978595407351,161177.61064052998,0.028719224120995018,373506.67598524,0.023726647719120773,711170.0812264802,0.027796872295682562,168645.48917189002,0.027206745992659806,1341314.3426364302,-0.0003835915616564557,226655.16508334,0.013641716729602786,199161.44288553,0.03047027183655562,143330.99681532,0.02429638621577876,315278.44858102995,0.01709306075327084,592697.6036434001,0.0261572173891179,85077.84742699999,0.027258358092390363,49521.76364851,0.02466521886429286,503325.49896843,0.014878542518132117,1248294.4741009201,0.018649111099419285,1343103.1978345201,0.012614378173708715,1760851.78901734,0.026018470173154718,99071.85977217002,0.03438117499481182,1783802.57486594,0.043860279634896054,247794.93210941998,0.04256790656278779,282167.40853026,0.020814977293874916,48903.67318288,0.009130387017969987,40174.32396147001,0.03469435576343878,798877.61276413,0.04893890529049149,72036.41238075,0.015433046618524435,14688.802652800001,0.022121019135799995,205523.3626587,0.03482766886325671,129025.30317581001,0.02625164232202358,200217.95044549997,0.013502318771635033,684032.5316356801,0.02980833681089659,59303.38187243,0.008553337899738108,173011.86157208,-0.015703867856313756,102330.41624975002,0.01068438736262518,34456.41139707,0.010330941388842864,45075.13808379,0.0010409980282738906,216981.31178427004,0.017714166794289513,56204.785220900005,0.022273432991930128,49912.74260224,0.015211550282507721,5341915.40039862,0.0,0.0
2024-09-27,0.026425477727534483,429828.01133233006,0.027029596049035588,1282042.35954988,0.0285381216982932,1975259.31400279,0.041697791181038106,5128134.917704561,0.012022881217599228,1042267.3265331399,-0.0011641728182388619,1767681.6850339903,0.013202832163449483,353814.81673518004,0.010076784788023135,734544.8048445501,0.012473596060458267,1155594.8089335198,-0.00015225037451225298,419968.68991352,0.005880549025806273,559170.57429451,0.015638456918237828,59938.847025510004,0.022626403323096095,3477734.08048309,0.01698416974805348,2580741.0394263,0.03071131079405698,371210.90550512995,0.03146148030065122,851470.25302702,0.015539734014487546,5677377.08512105,0.04016981469717,326315.40839633,-0.010451883961278375,48371.44069385,0.012789038041527465,2030317.67205816,0.006302162933030534,427434.1927211,-0.006764554143033295,90472.69942740002,0.009861696421367463,1183827.28251889,0.03235446299373753,316882.10446195,0.011114823419714596,406643.52191633,-0.0001724755567155344,262824.12440983,0.01722262319258067,283487.28779472003,0.010655569359848457,822167.76185282,0.020592060359690956,30112.27933907,-0.01313823678438244,820352.5034634499,0.02134905525947286,1013272.2719432699,0.04775492048095415,10060.271855669998,0.0330537811294176,957845.46504947,0.01860301800137498,519317.52985224,0.009088048969736225,338528.46612693,0.01711281611252246,163472.26303595002,0.02226868309613449,371135.5058452801,0.005590228861458085,712210.5775410901,0.02684241091948902,179122.18852128,0.014280088083800036,1308674.4742808298,-0.011643604715296671,216225.26505103,0.01379340266162386,207047.38286406,0.030270964178295588,155945.52747599,0.0208356968064916,326864.43503687996,0.013635233638639893,599580.025282,0.012822927360947575,86678.85883457,0.024836675492428534,53303.26324648,0.011733964621271487,509933.24365739,0.007986434608139626,1276213.8070174,0.01813111678393646,1323802.95185825,0.013557955920648849,1941729.66198724,0.027611147288150915,102217.93589726,0.02276466843861663,1839263.3013379201,0.02759156156203557,257014.13573832,0.0273106864645553,279001.05736956,0.013100387335969141,50094.378007499996,-0.004722676394759395,39963.994481509995,0.02746000644845669,783866.28857014,0.030193509181820427,75028.57444622002,0.024188364469342596,15389.209316849998,0.02022380710181746,207616.1889575,0.021864646564243945,135250.85993623003,0.022293533216394518,203086.03109471998,0.006630592412264875,689365.42211177,0.06078404585002707,69715.11566963,-0.003120614102885182,170408.23973077998,-0.01652493519965855,105541.0467855,-0.003612369403116256,36490.46308353,-0.009584173122823853,44262.60366125,-0.011548045973005973,208893.92302317003,-0.00012970102970675731,58133.365468629985,0.004690229414470918,49462.12414385,0.016525332608788055,5348808.50630677,0.0,0.0
2024-10-25,0.015643690731293996,435468.78364055,0.01122301738131309,1288371.46538114,-0.0012395241720212949,2064317.8092836402,0.08511726117471138,5800799.46254912,0.003055921463047715,1063002.26947827,0.003225192956594886,1786066.1885054305,0.011719869065942065,363317.83818106,-0.00329941140110659,762859.07804655,0.010126581230613134,1182803.1339559804,-0.005370007902129502,405123.04537404,0.004347808128875209,567994.83139549,-0.002838005652964489,60948.036782170006,0.012794097805256617,3653876.6250167903,0.013932793906563205,2526291.9140903205,0.026890656524664186,384449.07964055997,0.021381508297048966,856908.1421592301,0.021041242964053852,5697315.824933331,-0.01659122926070916,274361.06417602004,-0.03343157907679935,46641.54505923,0.01756188242510009,1996424.22104621,0.0003455132134308902,413807.7646897901,0.04299227386123227,102986.80470947,0.032177066386687186,1250926.6833804802,0.016407420964569513,327878.08127059,0.025788427015837757,423873.51630993997,0.003241514487142192,263678.69020464,0.003858013540815731,289172.21546299005,-0.0009037757954710766,760554.3667843199,-0.0222737244788768,28588.64284282,0.0009407545046016793,734751.55980779,0.026017637703569536,721496.4854020601,0.0021072513373865624,9871.700469919999,0.016789229524284455,983906.52891252,-0.006109787501135197,499830.02333969995,0.01903345537863148,362487.39642706,-0.002569463776958415,174506.54034169,0.017070484152237733,404761.2117592,-0.018674851188040572,669303.57193634,0.01705523959644993,180028.69963160998,-0.01266094412029473,1257056.25671103,-0.039144329437719484,212487.60078585002,0.013134365902924936,196635.49495808,0.036498197949552336,165676.31589745003,0.009459225343242872,334600.15539455,0.008144976117185917,587105.5906002601,0.0049413482842409606,153269.74483767,0.0029159288664447483,56863.69487912,0.003911256694174173,478329.69327446,0.019739245591027427,1284458.8779711898,0.00071968325633419,1303686.56477158,0.03147801762748796,1901746.7893098101,0.045206817338187315,111486.76563748,0.009883331148645987,1968930.39641012,-0.005384799193759813,308207.6771388701,0.008259622107943964,272380.61345257,-0.023609137688138195,49073.612143770006,-0.017209476976680797,39772.94370316,0.03390479025407526,812784.5563910401,0.011743548553258742,72590.19137599,0.04017132150079306,14572.7122448,-0.001133214133249954,217809.85390703997,-0.01306208257325108,133863.16713664003,0.0021691178406707794,208769.53198753996,-0.004112125994626235,682121.8032801499,0.10902447366644674,72868.18181779001,-0.03971094329401632,158513.00136119002,-0.01365058119086412,99660.33778073,-0.012725269066724472,34472.16789365999,-0.028984682236741294,44937.20841771,-0.0040429144550568445,213755.04302728001,-0.018402169962787568,57139.214549799995,3.746564670802088e-05,48810.14052328,0.047193763672590976,5409915.911240489,-0.010360280286831752,131.16881929
2024-11-29,0.03450149101706622,450756.14265235007,0.025407748278884246,1354173.61961834,0.043010590871391086,2358002.62934871,0.06787618897308603,5496529.754790419,0.033428067359082526,1147120.29431415,0.0186573065814558,1896580.1770370903,0.024318501430400246,377884.45789689,0.033242526689155186,800281.25527179,0.03659637034312149,1250621.85774348,0.008728240717826272,433538.66073252,0.030002725660431037,590555.36971072,0.02594663011940824,63478.97811454,0.0019098129166440422,3610027.0745759895,0.028636329635013415,2675927.99750021,0.009597341194152405,391300.64126541995,0.0035717947571224417,846962.7816483402,0.03560940864233583,6109461.890976459,0.02951201568816836,284449.24469639,-0.008108276265036594,48361.32744329999,0.009229686672734787,1820252.2741108504,-0.013828853633632808,403637.08808841003,0.08148098379558949,122312.57115967,0.027759459066882496,1335449.2566295997,0.06508157593652923,386349.93464891997,0.05699489109154741,476080.5840250199,-0.003643308746561537,273301.73643814,-0.0023684746546864957,272762.23081037006,0.007975315643262992,754532.5979082099,-0.01445912782722286,28727.479597600006,0.06307004413907354,1083936.19043394,0.035311962183409915,769386.4498743699,0.04970310394624857,11304.57690213,0.021291352259946404,964613.46971548,-0.00228450965072651,503704.21501567,0.01666721856703057,376847.88258951,0.013646791801992969,184485.77515328,0.033484339664842495,437276.46759906,0.00019007287309470754,613644.1269532901,0.008350476507748474,182336.68161694,0.01346081532711939,1298235.77914091,0.008424278867955064,228736.81373532998,-0.000667850238296985,204170.89096786,0.06649491293407098,185315.61860973,0.010101926183076912,344023.86740359,0.014248987517672375,604156.9282909901,0.050717618414909904,168265.11128004,0.01713618284813307,56845.89505254001,0.02364098686241219,493500.77971093,0.016407424678016164,1299230.0407482898,0.018289009850445605,1256805.09048097,0.04954736041942954,2021186.7438534703,0.031866834530830467,121933.67369535999,0.05116247092431919,2172466.68318392,0.05134015947057988,341002.62608562,0.02028542377311992,303596.80229094997,-0.010503100833913218,48251.30296723,-0.002131812871539275,40964.63515362,0.052280814759154776,957683.84037825,0.02520672223094064,83615.75011259,0.023597760536093287,15531.46646745,0.011252088081040057,221373.96028197,0.040407063979771805,152324.96605741003,0.0057213426814775046,209863.32938985,-0.010268345223721897,640669.8446552701,0.0644191136973834,78988.08610572001,-0.010223682191424319,157523.64166804997,-0.010915850580223421,100556.30850281,0.009233868531942076,36669.02841489,0.004117470475438486,44118.77034091999,-0.005656904738144064,227842.58286730002,-0.014703455781731493,58650.74488317,0.025661777006728722,52211.84229143,0.021485337678808697,5487004.13865323,-0.0009763486901482338,156.60240382
2024-12-27,0.015472753292312652,398244.51708438003,0.011444796750557868,1264830.3284329602,0.029455688674728073,2180604.17410497,0.055051242708761605,5804670.390660671,0.015614114843204132,1044849.4518078802,0.004930073956532776,1701884.9409557898,0.015285313735005333,366740.65252219007,0.0200369981660037,782962.9474474599,0.01739080725412663,1187837.91716788,-0.00012803813471207794,396037.22734654,0.0005216080509432078,514527.48510664,0.016836092773474254,58386.27828171001,0.012779110161582828,3939862.8999823397,0.014615109999746433,2614084.9210271602,-0.0012697503996431732,368522.99867679994,-0.0018916029470456826,795810.0560194501,0.02424095614989081,6118797.873109669,0.012009890733417747,238812.73258600998,-0.012488216696043773,45082.310386440004,-0.003574857895542825,1805931.8160190503,-0.02050773353137386,382938.89705977996,0.07028378655222012,125867.73539448,0.008168031571955305,1285765.2226162099,0.04767541792257665,373956.13513344,0.03479575385594658,430833.14829952,-0.009744021919161072,277990.95700634003,-0.01881117016296453,231838.76765951997,-0.00676660515223447,676683.8858517798,-0.014568188544795052,26891.644591700002,0.08519360336513124,1334562.51549617,0.02397395386052501,775668.92235959,0.0376419616539479,9741.805761849999,0.014369524376103927,941052.04995271,-0.01747580471359086,448367.66073014,0.009963072710142355,379999.48574451,0.004857632689329948,169986.26393072,0.010294763081383645,395736.6604968099,-0.003921371054860801,612271.0493185602,-0.0018778680378695716,166938.44095746,-0.0022142677463800903,1133546.9113451499,0.005578197786723435,193967.29871581998,-0.01343068986831484,192339.80300452,0.04103411759719337,167567.72315534,0.0047203820988886164,322656.10675162997,0.005222317585793676,577918.50031959,0.02847279951619283,151675.96419632,0.007164475477686915,51388.27313775001,0.011634021570677286,466885.41409426,3.552588103191232e-05,1266652.04940697,0.005360308141512181,1186958.61350312,0.0417941452950052,2230883.79343174,0.012071790511287634,110648.9123778,0.03544939156153407,2055025.43297703,0.030690174364468418,293677.21273526,0.014632761450633374,281700.40992308996,-0.01024358534099634,43855.54972901,-0.009986373051028678,35325.11741503001,0.03621336648632271,960200.1758950199,0.014895570913989903,79268.57615338,0.005098769539361643,13157.385890669999,0.005605689932870739,220482.40420676002,0.02118321355822299,138171.34473205003,-0.006934821261303019,197257.14564467,-0.013599181826055977,609919.90325204,0.03488688661113434,71683.48221332999,-0.02545225565785038,141873.3007079,-0.02640685403928544,95326.60139859,-0.004528836828636588,35471.229170679995,-0.008754088289733833,39656.796584820004,-0.017683802532562624,206802.50663656002,-0.018624933798511614,55173.42933145,0.00433681099994986,51178.861671959996,0.024798523085427987,6138358.201343579,-0.00926370071058623,194.19255891
2025-01-31,0.013384193239573537,397141.8910549399,0.008697126153030942,1290849.4157837501,0.027208939755201784,2368175.7611102597,0.049715750495101685,5404201.62830083,0.017241319121873627,1109391.00809878,9.447984702336243e-05,1744520.33366764,0.02396707060864056,379167.62257668003,0.023320773454677177,835615.87496688,0.026172258382419232,1225889.6777240103,-0.003301408107742547,396327.69257908995,0.0025945311585200926,545383.05433708,0.016672960942418016,67129.267072,0.013315216049532681,3696746.7934534196,0.01332230949247899,2813456.51654643,0.006412019467257142,370512.57693814,0.012001837835673832,800566.7221130099,0.019858537916278615,6085016.088933071,0.009766766468075297,278295.46336515003,-0.011849021455543594,59177.46027391,0.005550825151055957,1848030.0493325999,-0.02047746375864108,370977.40867797,0.06492290900484621,131522.91454861997,0.012159843054828378,1300964.7945342402,0.03717703534181516,400995.96701559005,0.029828950547081543,432909.29091932,0.0021409958847477036,280510.63804027997,-0.006583256174682022,240147.3339452,0.0058566608109652234,774088.5915054501,-0.008084862744469986,27493.980672050002,0.08975568258635229,1249288.4234577098,0.027847612426156753,1129206.94919877,0.057546475226533514,10679.83400674,0.023314483774045755,981499.64869614,-0.004829911027328346,451204.26816067996,0.018847511706763142,504405.72798116994,0.007926070887103773,180238.10013022,0.01083124420742166,408876.93624815997,0.0038794160420469502,646818.4031161801,0.012977689520464727,175480.91492094,0.003177156723066,1224249.1222339,0.0023317100858340797,206314.83373410994,-0.009175226994975702,190181.72817289,0.03989057823403342,165283.64832952002,0.008118369760914824,324366.80380996,-0.00446974823414958,561479.4598501801,0.02375803869592534,157931.44108499,0.004906922019260088,50639.41354028,0.010541626907337329,522550.64354475,0.011866424534932892,1362006.63555972,0.013609672410252266,1216417.1062333803,0.0443588053097639,2390884.01760214,0.016256075698002675,105772.96314333,0.03816052587471338,2196750.2812562897,0.018814758751534242,301192.4543303,0.014662139591194992,292857.1241815201,-0.007185560706219535,43271.30659604,-0.009342731376543269,33994.16336458,0.037400599636706486,1012972.19073311,0.02299798352301996,85229.73062911998,0.009675898543534123,13530.18560746,0.019189555905159784,228446.42392588998,0.02475317202487201,148994.90276450006,-0.003683227312961376,197389.21022990998,-0.013141870877695977,604078.35690371,0.08022614657632075,88172.46526682,0.002056990894731785,157301.65638624,-0.014015852857920237,97391.94008102,-0.01170769136475955,33934.24294842,-0.015565474219588258,39752.862754990005,-0.02395037878434965,193376.47533547,-0.010673057335986311,56945.619561160005,0.00891547809230003,54678.08152564,0.03166902588339308,6556706.0376761705,-0.017955671400696864,219.82307816999997
2025-02-28,-0.03382332941394152,377034.95249182,-0.019957982036593186,1360281.7856353202,-0.025667214926942905,2311040.09700587,0.03187507994053195,5345846.51510693,-0.031168173769867694,1074322.54228484,-0.024278488893160872,1767692.9582884999,-0.010277664474365202,354726.79239214,-0.019273666234522376,800787.38402748,-0.025512844722610683,1183107.54629293,-0.03501998633023001,373595.45256655,-0.03889584958119009,547347.33962248,-0.013293346205346591,70020.35880329,0.017293367763217878,3767682.2397774905,-0.010989264565382037,2935388.99920892,0.01093819924684766,414322.79079431,0.005419959308967195,818880.4967839199,-0.018089472720557602,5765449.57094245,-0.05630921767757951,259602.9339861,-0.016941578051610957,57816.88904060999,0.005706298251987777,1960703.1825329806,-0.018814856431044785,376338.3594992301,0.007999068787727489,118120.66285339,-0.00857262661362963,1337206.03012964,-0.023578339670954254,383227.62307272,-0.04159589070715395,394840.89197174006,-0.012104761200195824,271950.3789088001,-0.0159070659736024,244522.55372748,-0.018577794389256493,771086.98277143,-0.0023580407816184623,29755.20824764,-0.005211747542220909,932274.94525812,0.003610454198061748,1157688.61760514,-0.03962209951950031,9091.29607619,0.002863624583733097,970503.25926895,-0.025991286360041582,465947.52438786,0.0019798584370848637,488394.17348681996,-0.030892965155097495,177370.08785629005,-0.031865881580317765,416204.56353437,-0.028802063859789596,564307.48717866,0.013375334238533706,199983.49910936,-0.042533186394267446,1158466.9553669698,-0.04614517710430834,198370.66746343,-0.010933071935192964,203201.69788845,-0.05055295471312245,145151.04379313,-0.00528247734711432,334130.94128082995,-0.019184153286473885,587707.18776836,-0.04167573796085478,147135.16132170998,-0.016092632414358994,48825.78581555001,-0.02473331106811117,506590.35741909,-0.005763851795702432,1356085.1381852103,-0.0010558466017256789,1291672.88720375,0.002404924681559145,2140403.7824743,0.01796221295232885,127899.32300856,-0.017643087750411367,2095276.5424808003,-0.048960109123970905,288939.14347738,0.014894168828229085,338044.16174494004,-0.013086260603777884,46381.844437559994,-0.038377344902396346,34151.77690022,-0.007874171898414927,1034368.86732518,-0.016480446578064308,83003.30943534,-0.011629847752724203,13290.268416120001,-0.011993069798956797,223014.97627002996,-0.03731955608146598,145996.81901843997,-0.018948307584817525,206271.11286022002,-0.0008882112366508359,644536.75531454,0.0148608418849701,78211.92643407,-0.023560569387810752,164496.03829147,-0.031416616018772346,94221.05317411001,-0.04917735906190491,32139.547553700002,-0.0402471266792615,41924.37304192,-0.03686272683679673,197380.79557712,-0.007916147291854709,61734.78356206,-0.032203387889678046,55291.41568189999,0.03235579620552835,5783732.27675983,-0.05676458661114744,225.97279173999996
2025-03-28,-0.04119283072055403,357631.48467329005,-0.013522213755974228,1366827.8598739,-0.045637330768112536,2098768.7759448197,-0.015061993400132215,4741825.80872877,-0.0433502793694004,1002370.8298129999,-0.006704099017711224,1811451.59138344,-0.03197613562499021,330641.20651930996,-0.04045974578259001,724052.1470074601,-0.04513838542763401,1088456.97450936,-0.03676951496980496,362848.86691899,-0.04249426376619796,510006.32240887,-0.011172734942682883,69699.5060454,-0.018212170302922482,3386460.2471878203,-0.012237445438912252,2841520.80484436,0.012669708177734102,425280.9021467,-0.0022098325166130194,808439.20438967,-0.031818161472013384,5395189.236432689,-0.062355978392034925,247426.54587616003,-0.04378209243823171,53261.83224152,-0.012377812044894134,1844128.25092348,-0.0072749591718561215,378861.12780388,-0.04866064189026398,94428.99410734,-0.025112735184398355,1210029.49473369,-0.04949823548829644,335189.8867105001,-0.06088439999269778,354515.23222208,-0.058315980698851244,222292.16255109,-0.0035627937528769646,248074.25723326,-0.029734657444877053,732395.6763263501,-0.011006118830197708,29021.5570238,-0.0458050130239422,847425.08758321,-0.02406820927953902,1040041.3234059899,-0.07136590625573427,8431.15100066,-0.0010369306570559788,963927.9895819201,-0.026635952206287117,457205.9418514201,-0.018815874816681573,452726.2794078,-0.045776153884733654,166757.50289686,-0.024579823288654143,407509.80539210996,-0.043154681259529946,535408.8851765998,0.010177277557170888,200741.91176467002,-0.01958509947301334,1218822.7150735704,-0.04513981567018399,193333.28508666,-0.008187120282944682,198308.95182924005,-0.06228260916288348,134453.42637792998,-0.001968175946827942,336823.61831449997,-0.017910496435566737,573085.8046817401,-0.05431854405344086,135511.92754966998,-0.030327954121956685,45820.30854704,-0.026276582974730484,492270.57706794,-0.02040103513923285,1268585.3203215098,-0.012030540956569934,1259819.40735389,-0.027792307486393417,1949724.9924376598,0.018538888254373515,126070.67991803001,-0.039793891893612286,1899443.3202448701,-0.05139549126913667,276494.7166306499,0.01969642648858021,341813.94112621,0.0033237998299204185,49177.91442144,-0.04929871938765624,31285.024925550006,-0.02533912187149693,962685.36436668,-0.02100979261576752,80475.51828497,-0.028700078600754974,12319.421042279999,-0.023447914283875125,215245.84292365998,-0.04463458925776669,137433.85444773998,-0.02602951280268944,194913.86184263,0.0003932106725092453,640781.38125827,-0.01704142788126195,74810.32251771998,-0.05145579388691269,150064.72972998003,-0.03277145827985688,91102.83394545999,-0.06647740252861391,28594.26286311,-0.042420457801585945,39630.685315539995,-0.04080293853878552,183623.38368747,-0.023615658189054135,58102.792332289995,-0.028202767058003342,53966.62735258,-0.008767250138017638,5167982.153194391,0.007747807738452856,284.23840961999997
2025-04-25,-0.03870060238496265,357159.7621785,-0.010342101878016275,1284001.28254897,-0.04682905248597839,2044447.9398804503,-0.04365775929367439,4821581.07432286,-0.0465621065976094,957134.76595658,-0.014874423996919994,1632087.5134021197,-0.038456109081139105,335808.52614892996,-0.038426090811396967,707902.8623037598,-0.03991511330716048,1089483.16689662,-0.032171413676362455,340978.58640405,-0.0306986761567958,492892.42197773996,0.0036247998600137023,70673.31590245,-0.048353365725165416,3258426.0973982196,-0.003907498924803706,2793852.97394225,0.0019637586047565295,402657.30119556,-0.013227370872268484,807638.99828748,-0.01967273678894784,5605262.27835786,-0.055308390590469554,237061.46968209004,-0.057898961967971646,50949.611973850006,-0.018112346465530827,1818082.4591003505,-0.003085923782666588,368679.71772239,-0.09655201352511668,85443.8441928,-0.027576327369373915,1199558.8619544,-0.04526463726834064,343769.9168013701,-0.04628306805344605,461986.31457064004,-0.09744880560481196,204330.96106037998,-0.0006318390628559348,248082.87914078,-0.038817246605008564,691370.56152988,-0.014800788977554833,28124.11594131,-0.046016017120109644,910547.6337091201,-0.024283013936871906,1103611.68318612,-0.10450706144398919,7847.00465898,-0.005323710310511422,979579.63653201,-0.016202543529647756,453883.79925313,-0.03289697968624196,433576.42321129,-0.053971144970929696,160226.7632116,-0.008130357322153876,417882.37171076995,-0.07024833252149724,487632.47561663995,-0.005615084126506525,190934.04229768,-0.018782435066088433,1125051.0783006102,-0.06414640079996291,161390.89834345996,-0.015036951557746701,188706.18746401998,-0.042633648720111744,147592.35472546003,0.0008163710057642162,339204.94443635,-0.021278322347915966,550092.07463906,-0.03331883110568905,138618.79239162002,-0.029313816522209542,43767.65706653999,-0.017111794666590196,483869.03160104004,-0.025681727487816376,1268787.6553930298,-0.020742677829281866,1176560.9015547,-0.05399233375215265,1917610.0078751098,-0.006876346887119136,110341.74162018,-0.044686442528324335,1880099.7093209699,-0.028212120812270532,279381.14887617005,0.04447846867546998,365153.53547691007,0.017083693661135657,49063.007956040005,-0.05265338414095521,28529.90955219,-0.007341901277769639,1031976.6678116102,-0.006423852314812631,84370.79857959,-0.08444298344154588,11008.11163196,-0.04007407804417122,202364.91686499,-0.032322968709387466,131585.72250948,-0.024031567815929362,187824.72898264002,0.0012438815675938225,633942.30330369,-0.07355786442066761,75383.32174365,-0.060839006576430044,137783.94022355,-0.02861953042095819,86856.28506788,-0.07173575917156688,26512.707824530004,-0.03488191339998964,37333.29312367,-0.05323624771878438,163154.13539500002,-0.03921361771474388,54552.43667958001,-0.0009758562864081353,53668.65934309001,-0.05271882858553252,5249717.40172387,0.03770717748555594,229.66218911999997
2025-05-30,0.0018976192901471662,398613.0629439,-0.021015554447669924,1350619.53657081,-0.004588558870300646,2199853.1416237503,0.02491724634104102,5720196.1928855805,-0.014822277865807464,1036276.90586157,-0.02917017945107955,1610496.9453653896,0.021104813608819162,381320.52274135,0.0032912368359098313,790376.1812728398,1.0790992461479633e-05,1143207.1172272,-0.014805212474024597,361333.02195831,-0.014119668707342433,533969.57398987,0.005116637757488296,70749.47859072,-0.03700559257011636,3140819.2310176,-0.008419524725080299,2847054.66040989,-0.015880774077645928,417831.42977888003,-0.0016208481491608465,846783.55829772,0.039098198328505473,6367823.1737373695,-0.044005240655491475,233794.41492202997,-0.027379595314878623,56852.13737192,-0.03619314586040763,1679017.62895159,-0.029881126115628535,363686.92315215,-0.0006850399929353107,101918.62899506,-0.000582536234470326,1278719.22708594,0.014854486456625522,418866.10406671005,0.05044718879973336,542804.10606288,-0.05028087268157245,225926.02602969995,0.002101014499596045,249829.30591873,-0.025789515350965634,730093.6964819201,-0.03048988295640371,29002.84627013,0.07109499790940224,1086994.2451675602,0.0169036878893023,1151734.50448238,-0.04002432942304376,7910.920930040001,0.023419482225055983,1130240.00148113,-0.01668790404108769,471632.55115724,-0.007313322483451819,469725.69623631,-0.03271359331644356,172040.64908857,0.00881826578647554,431495.6031152,-0.06566581914687186,476117.33931296,-0.022008458029129596,193755.16211919003,-0.028498593044857103,1028844.3489328499,-0.05974697045478523,160737.47904207,-0.03342428792754994,190512.95459018,0.05666756413588813,175645.30641877002,-0.001535286840873818,341096.93095165,-0.024586488662649064,573062.33212823,0.007177032215858588,142005.32299965,-0.023744801047958914,45373.87151935999,-0.0019336696376524186,514342.17116936005,-0.007172675604519535,1308093.06462754,-0.0317687710623494,1168669.12729656,0.006845969619276181,2084594.3028924605,-0.03157851056097213,114606.39617869999,0.00887601194446295,2070000.98058777,0.005954151241060688,294314.10597028997,0.03275283357188781,385530.15376108006,-0.006939879030016921,48410.31823103,-0.04468781879686689,31414.504795240002,0.05150225598993108,1151033.01932422,0.047901540145099744,96105.35871279999,-0.040890452978727294,12047.235914969999,-0.011738320252111982,225912.31352588,-0.025395438601609196,129644.81195079,-0.02797258269311853,191711.57673221,-0.02403024642734263,630159.5369825801,0.036491034984822965,88017.27868813,-0.05742891044756134,144780.27389817996,-0.02388549612678887,93299.39246364,-0.04094785971739905,28902.83255674,-0.04324996782184226,39808.908153109995,-0.05433240971628584,165498.55054894,-0.05115578470080449,55873.48980453,0.012324173157455388,59885.32918048001,0.014152866539960366,5711371.759865319,-0.07542842527603462,216.15921599999996
2025-06-27,0.04340656195780457,406457.52558241,-0.013290060161646458,1308776.08460047,0.04787678164302046,2362023.45601781,0.09089235576849498,6635274.02172055,0.03604832954330017,1076643.4037258099,-0.015811982330103475,1698698.98008889,0.07890948809806515,414570.36650301,0.06770093988336313,820145.54898262,0.03166972116262546,1136701.1185795402,0.011739252180373569,368371.28204786,0.027397332993817514,565670.72263575,0.008832186201698865,70436.35644572,-0.02367356130011156,3163131.43986953,0.0013300690866550377,2778354.541213759,-0.010355710195600606,420395.6671743,0.01813255575438798,838809.3752479999,0.08030713835923582,6740200.90540674,-0.0073416435178921356,247582.79575552,0.032055428324270684,59667.83166570999,-0.039016697574556246,1711399.65816932,-0.03346358066586887,358926.7389878301,0.10174249521661467,102303.56524704001,0.044361332919046745,1341012.79465821,0.07960863056120956,458057.90373952006,0.1273731280943934,596975.6376120897,0.034118550932124514,233824.50567696,0.019421484315739364,275962.80182564,0.0044709489868648275,733716.4681235501,-0.019144243949369866,28870.911645570002,0.13213064573867428,1023619.6644779701,0.03572026660162192,1130578.05201528,0.010112931264353052,7671.012874420001,0.06236693982170769,1182382.0558361998,-0.01145016151023969,460091.00117791997,0.045916328266838814,511193.39223726,-0.0035837077708412044,173234.51123536,0.013146160941927264,417961.42838462006,-0.022454431444880945,497628.87761339004,-0.017758442100448805,193353.04946959,-0.02750719471632724,1048169.05131505,-0.020882590450205553,168828.43576106,-0.03344496350628333,186099.06763807,0.12604066069073305,193854.22726419003,-0.0042178752354254745,333148.2391871701,-0.02139388522974406,537918.31468202,0.033496127602101945,141295.27791602997,0.008188855050043728,47971.05789306,0.014362814707819659,497584.22958145,0.0179582161062524,1317354.9377904597,-0.021306282068802578,1181202.67916205,0.06982060066543117,2266915.20592632,-0.021618164568279693,111752.50312278,0.06955605539142909,2164849.61020413,0.040296430389126225,307406.94166083995,0.019501174707205384,382952.35626787995,-0.03233200704466893,46740.59169777999,0.01019171364945485,33368.132123879994,0.10040243195783467,1271994.1515574402,0.07137633084128255,90901.17759640998,0.012401419567065912,12266.64268828,0.028893502013333686,229327.116497,0.016855787439503948,141125.47850117998,-0.014505072403107031,190924.04245371,-0.032298873057492926,612171.77008822,0.14152849810585055,102295.56647724,-0.02209216297074763,142274.94280524,0.019070192386499665,92430.70373454,0.01377017722582563,29769.583667360002,-0.019463811873501324,37948.66143098,-0.025643387910869526,172296.82189468,-0.022947875949538742,57715.76498158999,0.050473679385270614,66023.06872767999,0.07386495570626601,6075256.15607654,-0.12333485354929351,203.77890624
2025-07-25,0.06892110806339298,442765.63463059004,-0.009182072095059352,1280501.0324351501,0.06776388237604769,2456233.4661289,0.11031765119615738,7100235.16442937,0.06255914752891611,1124404.15536311,0.005820095320285774,1759215.5446057701,0.08559885243108392,437152.98823163996,0.05889616221854379,785111.4708685299,0.046020883430985246,1183585.34735167,0.019970525290786443,358141.42486334,0.041661491121796866,576940.42910035,0.012803256517903388,72078.46513707,0.02030439619793904,3366879.55529521,0.010400536247976613,2809787.17906033,0.007800312277393007,422386.29979794,0.025844759990019655,867523.9205405801,0.07934046781654111,7045593.59444833,0.044523337629489804,268159.23749445,0.09850696845530156,66570.74611514999,-0.00374010224830654,1798370.4914884998,-0.010162817678282716,371443.03353087,0.17016789251819575,113780.22172146,0.0577399115404914,1370810.78585009,0.08240781261237694,411516.11992579,0.151659921463803,679346.0471096,0.08701473664526874,247720.61352898,0.05301422945571026,287209.57549596,0.02501248155280173,752823.6190917501,-0.0008377615405292156,28950.107728940005,0.10067875399657328,1013011.8907789901,0.021226723787345744,1121038.7030332899,0.034286581464041274,7812.632413880001,0.07232830019120415,1255183.18395696,0.002832131787562431,475329.39106035,0.07207412825083924,531223.92360697,0.036088997184718904,176550.66056377,0.006594553968575427,421501.01677127,0.04852654301782276,547561.1766137399,0.013380291954855381,203939.95092143,-0.043881116679103396,937972.1080348998,0.04748272620118925,188696.1846646,-0.020856126812938344,184371.74607026004,0.13326648028322183,217464.01724088998,0.010775531119250878,351167.99315357,-0.012333443946535995,536336.17259642,0.046088858370770196,151488.77173668,0.027163728163082206,49640.23571924001,0.02264628603107914,510004.5144410599,0.018820537558484507,1308955.1918402999,0.017642321604101195,1248067.79234885,0.08742357028556857,2349176.50456725,0.012644223441594427,115210.00965800998,0.09561948400467947,2324474.6202930002,0.06514389857688854,321630.08157406,-0.024854413812345454,353513.15573382,-0.03144609138750474,46902.01058509,0.05201752120619086,34828.75464452,0.0635987855268878,1151685.1586100901,0.03161262049895247,86119.37788885,0.04291309322358797,12691.99259326,0.03422848956258215,223411.22611973,0.08041684867107798,156980.53386513,0.0046309092059605775,195193.88990472,-0.012204609952330943,630061.43040494,0.13001148419182718,104151.1804692,0.018037055131078956,146837.83298637,0.05613463534779909,99613.92389717,0.04734463432248598,30914.652847830002,0.02129225903302559,39816.92568325,0.016570819375666016,177245.1265231,0.01818707832096756,61718.407055430005,0.05274385014515587,66334.147778,0.08787711825110105,6370193.10387677,-0.05646687760379902,217.41833567999996
2025-08-29,0.03592898612421796,417229.73331779003,-0.011354438240217915,1288026.8834471302,0.04187979135917155,2508833.87657234,0.07622888831520913,7168373.702719931,0.031141641619393555,1111062.27154778,0.009932687997922521,1806228.0090946099,0.0550170198036124,448730.61908629996,0.011790974845842721,748400.66845692,0.03160987138770684,1274200.96667021,0.006648731209422828,349147.20128256996,0.006842412061493658,564774.06806923,0.006204909021838998,73900.56988308001,0.037149307506747664,3615269.70829119,0.006598685758740231,2849586.3042435795,0.00771971197874601,438207.96122897003,0.003616577703904388,864660.5934853199,0.050478856193372904,6867094.379638059,0.0440306889041492,295171.34385118005,0.06958680018211985,71242.07342346001,-0.004597047875753565,1749451.77611746,-0.004747598921969097,365234.66117616004,0.11644322233234984,124915.86767567002,0.029838832729556532,1360772.07464043,0.05950162720862679,441673.21883473,0.0958826961415034,641972.9318956,0.048752857939863656,247790.29647595,0.047324027214348335,306626.85704884003,0.001298590881827237,756227.38096488,-0.007337470853492352,30349.253779159997,0.08469586320218087,1070398.0777566202,-0.0009532252817436946,1109650.38462152,0.00916408581830144,7870.588372770001,0.04272628505414195,1253185.02675358,-0.014185517187060511,451739.75648124,0.06089687260897591,572007.41499408,0.01953608317581966,166036.26091806,-0.0027544374829285494,415809.40668872005,0.03945676935453864,547463.00389469,0.00959739802991446,217533.29521163,-0.033026589631733876,1016352.20247999,0.04077886001711841,192364.89457888997,-0.01998936886412506,181714.96806052,0.09536218924290643,211579.51369193,0.008225618502438917,347832.69195885,-0.015196754523607043,527113.23978907,0.035850198148662395,164272.57130512997,0.009544886454887002,50628.786008769996,0.010090355072402078,501512.76608736,-0.001291162368667801,1310080.1404619599,0.015152943287714195,1285903.11280722,0.05565420389938157,2336494.1091686897,0.007875903698100675,118750.53299036,0.05587022917393242,2269970.64905131,0.0477097579023099,330456.45128564,-0.026324745181571334,375683.5794031,-0.01662313021587265,48623.70120875,0.03387146356984045,36419.18724014,0.03487709435569445,1171160.337747,0.005622754772607116,87169.76156302,-0.0013560882167426107,11301.38391495,0.013758278040393104,222693.29395053998,0.08233765588545235,168194.37182141,0.0022399696425560757,204305.64767424003,-0.00962538467493577,631124.4188288801,0.06388188702622571,101516.10491587,-0.010065907384467887,154305.50612964,0.028607362404338307,94029.31399869,0.031021380686250974,31539.6542244,0.009412986565168632,40208.46658961,0.005915694996638399,164338.85247927002,0.006031912505530112,63009.627929940005,0.02866385354560384,64581.05269248,0.06228114548417871,6890134.429394179,0.030268502025767596,221.46860735999996
2025-09-26,0.02363193949884369,402904.37564581994,-0.011498340142330582,1289110.6737809503,0.03559955737263876,2580547.09391937,0.07040568259087447,7670439.739038061,0.022317908268874614,1129683.701423,0.0057138782654578895,1853368.3539783298,0.058404472579937264,484912.92351404,0.011896501971564232,769198.2176694998,0.02843165762067534,1289324.3983909301,0.0028921440211623715,340518.64653662,0.004417793711471065,585020.7383542099,0.006969162976537505,75661.33849105999,0.03576687234801311,3982190.764304159,0.0005796674394333074,2768648.4006634597,-0.0020426746710940284,429265.49159984,0.0035923363790801755,895257.7178759999,0.05278736463411689,7117685.409154059,0.02906847839726879,287165.47943579,0.059014733411969306,73636.95920606,-0.01654758065722517,1718602.9922440103,-0.01209697838825258,357318.9772270401,0.08713121409835621,116897.05681571,0.0177869293409187,1314898.8982536201,0.054586780078160854,444368.83879923995,0.08565227297712298,657856.3545172899,0.02216690975660137,231747.44757889997,0.04276736947510773,316620.01952159003,-0.009277290133648707,723833.77941104,-0.013036641872763884,30037.72622203,0.11962176811840652,1412786.8303542202,0.003168338677538524,1113069.1617817702,-0.006627356743003885,7105.3386451900005,0.03958195542100297,1290962.72554589,-0.019562654542974723,441758.05790079996,0.05202378659149558,577382.0480819301,0.00040009292417329855,155645.86156713997,-0.003515910071047059,401621.86632137,0.01214189992893928,515465.49515801005,0.0021856766647105953,223567.27017058,-0.01808791827650579,1066161.3224150501,0.02540409991338306,202092.25056850002,-0.025413297038870915,175836.15614231,0.0983471971372718,228112.58746403,0.0069683053926837485,356960.99820003,-0.019887550252813007,508769.47897809,0.03367670429830237,165229.22568964,0.0054412146941177405,51314.65427715999,0.0063473049118251594,484224.88531833,-0.007081762365672841,1259882.25244851,0.007896037200033073,1323441.05302067,0.03956295833306221,2255949.84404555,-0.011005623264684808,111801.47284678,0.045539421697349584,2275396.1619379497,0.03737390512415465,321444.55592919,-0.014144019929403537,369657.53897274,-0.016826518769569938,46868.2000387,0.02093611940150985,35853.79103165,0.04463711464524612,1207357.8913066,0.020733895419537438,90670.90240122,-0.017616462074183,10734.68944007,0.005576343309656743,214069.99998235004,0.05488288583610907,162348.39625033998,-0.0015991125043011566,205057.70937609006,-0.020125038273793045,594889.30993024,0.061493183841692445,107485.97205185001,-0.021937787882094047,153217.54069172,0.0051373214255513635,82979.83960084002,0.01895870415806599,31078.4204628,-0.0029409280964142123,39380.45530159,-0.007707643909633723,163039.01011585,-0.009532088099233695,61909.55404090999,0.029578395853058704,68562.13605022001,0.06567051836393953,7686251.729597659,0.011008467967525158,211.80501887999998
2025-10-31,0.014985262057112744,402086.08870300004,-0.004061927261489847,1197410.4246180304,0.030116474145217863,2512081.79841841,0.064647855836916,8758479.742925573,0.027011618473875957,1186097.81070426,-0.005446047937980182,1723556.0672257,0.06868321797584113,540199.3507710701,0.05627508757311195,836606.1208821599,0.01850455044500864,1214436.22930816,-0.0009693336552849694,308434.11559306,0.018165571905031114,575785.91494269,0.017459398734222586,75717.54491619,0.017930710403438598,4226289.08557554,0.0014850392535257794,2665509.0017976398,-0.002993665015746176,397277.14946895005,0.026440545043648178,956386.18744412,0.0486828583661323,7177910.12430571,-0.006027541870024766,262362.90684514,0.03029872652512562,76366.11952934999,-0.01348718508395349,1908286.94581023,-0.02481578709437962,341812.98249281995,0.03042324424328488,113638.63460116,0.00870442877354673,1338614.0196379197,0.054188378319406205,449184.9492948299,0.07993157659088138,721029.49843662,-0.004022362433760585,228466.98247233997,0.03448438620079097,366787.05384124,-0.014690033609866902,676066.9318445901,-0.00640893125960061,29235.679778080004,0.1257391200933138,1465432.5541477804,0.022460708871830038,1083015.6160118398,-0.01544317520142836,7408.14488072,0.049735702921948816,1328150.2494095496,-0.015698497469813888,427537.69620014995,0.04468074601445315,604840.3565469999,-0.02766660181845743,143752.79072458998,0.0011236938963247968,370090.89086027,-0.005295809775664821,620932.62865173,0.005653768152149712,230297.46713908,0.020510839890285012,1077818.77915509,-0.00021449790678966792,202558.79910259,-0.025935020830614667,164933.64023221,0.09141173011754766,246239.23556032,0.0025771828518844006,356218.94641043997,-0.014995018268291112,498556.5850555699,0.025862458322764424,174926.8269614,-0.010926931795967935,47774.46172321,-0.0030147084446197356,449680.43310150004,0.005735057049437407,1267299.39646488,0.013791427638271474,1431976.24175205,0.03214940205432724,2491921.02430522,-0.02811617865171293,103545.2718029,0.032799113218051935,2238630.1384333,0.01743577114514813,319822.67914066,0.015585374119231709,321696.15549274,-0.014138412945121859,45479.9737217,0.008512373796647085,36107.08142394,0.06554517643226948,1145411.67492791,0.04314194510121233,79794.60590662,-0.004679121462546173,10728.57207835,0.019549796583982516,216848.3204933,0.0035436660292024053,147502.52720695,-0.005186297959223431,199868.82838176002,-0.019536944445696793,619095.5242994202,0.06920009987104178,124396.30754562998,-0.0006373397421124924,163993.55909655997,-0.017610824076714618,79396.58714342999,-0.009212996373773853,28462.875064000003,-0.011604328623648984,36863.5364846,-0.0151986291029542,180077.81225696998,-0.017704516735192175,62013.7582786,0.043086929129096764,67831.60301948001,0.06533532774508849,8281158.1231906805,-0.05295293653740253,207.59968319999996
2025-11-28,0.008373316565262514,383296.43839022,0.004502258053549885,1256456.7204249704,0.027141542883801884,2554907.0067933,0.05788736294201259,8260336.305612701,0.03014415863585441,1211740.34304166,-0.001061921221357605,1743975.7253032501,0.05383055132169537,540070.3822717901,0.05456348395701391,806229.1630748599,0.007837171213665388,1238807.6904431398,-0.011566113453500693,298801.20431949996,0.02308993071245045,562406.32250569,0.020557087744752425,80249.64105944001,0.011191099980316874,4312351.960948721,0.0069413414028528355,2723498.85366027,0.006436371625444954,405692.15944514,0.030332895019394686,961111.83348204,0.01795206408247286,6598416.252038131,-0.01089894417931672,275184.6747453599,0.027621989548572867,72865.88744729,0.036808079372096826,2215792.66026581,-0.01623160540836073,350082.14609489,0.024971199289671637,122617.30576013,0.011595945239974035,1355598.10146245,0.03568587814994255,454020.22531172005,0.04869514130738031,686565.03208215,0.013181328746276717,240592.23601355994,0.04417469085666408,397504.34050351003,0.0007044169337082295,671488.48711038,0.008851414601830563,29993.747730890005,0.029506350989357416,1395087.0948007102,0.02368634799296456,1135826.80923665,-0.017968270883726326,7447.94577876,0.03741698259188765,1263132.79267532,-0.009655721971282581,414937.76950289996,0.04078873778774858,594063.31326869,-0.017024425851432743,149428.08990919,0.0005434203119756356,381778.10186101997,0.019849340496149236,649768.18783512,0.034896942334512765,256880.21613166,0.018778541787526998,1119730.0923313403,0.008287168972297521,205751.57816861,-0.01048528858513055,171528.88576755,0.04732712115764058,247800.17661424002,0.004542243858057688,370220.35189242,-0.012089079451750116,491118.95287408005,0.01298570685559721,177734.60536354,-0.0119043925269992,47442.48122662,-0.008535738653756555,444467.28979347,0.025655343575212326,1358867.97563214,0.0438726436196783,1567636.0340468301,0.02420721129692047,2382398.859912561,-0.006016680515076242,103660.77615091999,0.026800787172823668,2280263.8282707604,0.002603604523735815,316176.18783820997,0.024099572805962817,346888.51367549,-0.011373324062705803,46071.42399795,0.022682323648656796,38478.84982764,0.035652749622200414,1088412.55931392,0.006860683064896075,71609.82314037,0.030872383255325053,11644.83011647,0.02293965410674029,213974.70567532998,0.004899937808708362,154090.97499451,0.0005174879427244693,205679.70393068,0.0051085260540642925,643110.9891862001,0.04456376832288151,122786.70436844,0.035229144155369145,168771.42564667,0.004056039189105311,82750.63777933,-0.006634388471709591,30966.74692162,-0.004765505800214056,36209.8174117,0.0064275370343999634,187769.85366581,0.009011139567141993,64821.44720173,0.016343780867081714,56415.76102606,0.06112393967042039,9172910.69579596,-0.0644251684998531,435.36388895999994
2025-12-26,0.01245981846062246,377686.88611745,0.0016758486668667246,1281951.43143584,0.024650427675223692,2732993.14210805,0.03263486905380051,8456325.972756242,0.02974146530534106,1243124.34869507,-0.0030299339900570063,1717519.67146849,0.03853265460090153,552750.38630477,0.03802286511241444,822580.06930072,0.00031200488546828713,1242908.1243690003,-0.013219315851470558,327934.9501768999,0.01682907957959652,563051.44783682,0.020383427515930676,76788.40589472001,-0.004702605461512465,4229141.98676285,0.008442268084528486,2763240.9150075805,0.004401469891069289,396407.59444808,0.024645147788095748,912815.98692072,0.007117925554020279,6690947.991394489,-0.007116189890007593,260431.84883392003,0.018315553504209298,74096.50327677,0.053058730331167106,2236417.64913242,-0.00912172536145759,339130.87434810004,0.023879114497377545,136109.94859703,0.011007754594382956,1431211.8309671099,0.0250869786139772,486688.40290656994,0.048835379927382794,689839.9431822,0.00900416297419236,245091.31131349,0.05948959658554839,448058.12708566,0.0030022144094594616,671634.3176118401,0.002285621752571584,29431.731162519998,-0.014213874500290099,1536910.21546293,0.01683584790112741,1130517.2398149904,-0.0049801902056382545,7587.123996460001,0.034967157874339065,1346376.53068915,-0.0035709187817653393,407766.33683856,0.026372466397152735,613029.812041,-0.0018524842689922325,153823.73249451,0.00589667769381126,388382.08031232003,0.03630516166178541,636560.7963315101,0.033123117706770844,237697.48258945,0.006044588265461969,1097676.5051012102,0.01316913517138377,204474.01170211003,-0.008922591634591474,171404.33625601,0.038562022393405934,241613.99596558,0.007821101480828938,350916.05891342997,-0.013494522657442352,478755.79725092,0.015241780331592649,184566.10103991002,-0.022060230856949536,44724.558044850004,-0.0037351989351000073,450538.5568887801,0.023596610316780037,1322168.7305639,0.04511383092823158,1568477.5457756699,0.019325021132335595,2369998.63735575,-0.004084343920508209,100062.31028692999,0.02728896385737909,2388842.25453179,0.006506890692120063,320825.16345848003,0.013008934652986743,350206.87635078,-0.005254509197925026,45835.83362258,0.01824514696627105,38802.202415980006,0.011407133193269385,1092109.8896433099,-0.011995536550658475,71553.21163905,0.04054515205212551,11969.539411680002,0.014589044838948718,211991.58536141002,0.01213136740286974,152373.89086294998,-0.0035300155473051943,205153.69860534,0.011740443305063825,625204.9017716,0.030655605114085004,114544.69661174,0.032456645661744235,168400.27556831,0.02362061975747229,87625.25650110001,-0.013216531811178746,31722.513382780005,-0.005072081868142149,35644.7089103,0.01497156384465405,198157.61693815,0.011576916612690438,65360.29280655999,-0.002948520175483596,51832.24602899,0.04036050420150826,9074636.32336682,-0.043962906214001465,428.23094495999993
2026-01-30,0.0008348642622057248,395298.63467532,0.012278061514637484,1234150.58467287,0.007639980541782953,2647303.63922174,0.027972685845089766,8806553.955473611,0.018859166455657696,1340179.12646805,0.03521329515466927,1958417.99891798,0.024637006780335955,584951.05695053,-0.015245286058557418,785416.20744536,0.006523707495955453,1275925.71506595,0.015355145590663118,315333.4325339,0.0043681979070341465,567428.03540823,0.019758262697916276,78640.20405499,0.010473902068407254,4011595.7153984597,0.0009261133942454073,2570835.19199022,0.04563657680329456,433566.28808287,0.00935418764167772,916390.32362048,-0.02827612003391168,5713319.42426552,0.013480703316089,263690.63979965,0.02563340281059351,75146.89775838,0.03871317969672321,2258625.5732995607,0.01513184860937217,330721.19284586003,0.010752663802915969,128852.07655723002,0.005555707406786974,1386802.0551372701,-0.003436201517552862,434435.91999673,0.017337510901871224,764547.58741885,0.0007960889091816348,240534.64281738,0.06638328518327058,484664.36632762005,0.013282507653654884,726809.6791125501,0.02591972238034229,31077.789030800006,-0.04402851453644725,1562836.7434082502,0.007381421093255874,1198621.8581257898,-0.029581842401686802,7555.6065998,0.019771273609078478,1430251.24920852,-0.0028706819010086188,423330.94357498,0.02317230196196302,631983.56762141,0.002303370722707766,139995.61643169,0.004203774222984401,392272.39899370004,-0.002111776717417921,616517.23076915,0.041298934125411316,239290.08923714998,0.005140172084207582,1045515.93535718,0.04605873847413467,255219.45144553,0.005209672875647021,168017.14164378,0.016276235461894106,264116.47217802,0.012633979307008495,361389.99608006,0.000914724380373468,506544.09501094,0.000504344644436743,181620.65890663,-0.012282254384099314,41485.64212432,-0.011492688161741694,431344.8482746801,0.0010922591707562112,1274609.84868775,0.04179190996177738,1562451.1309327302,-0.015985348825509806,2431409.8537492496,0.0224333459164391,99506.44398003999,0.004401481471908061,2365363.66301519,0.017597921459256895,341533.60079220997,0.04730874967951601,386257.03490723006,0.01330563687405047,45880.93124703001,0.03711323110884967,40818.0901571,-0.009201250059341713,956867.74756061,-0.017343253644530383,69580.11045104999,0.031183423462423403,13696.35000472,0.0028432086870518744,226207.44102251,0.02160552640957739,149250.34005922,0.013941858801468397,212051.56147755,0.02334914108420199,664703.41047882,0.005335513595523332,114814.10210013,0.01307810241790018,167781.21272691997,0.015519599407106836,91323.33792267,0.005539575059120055,31427.57113294,0.017623034002092624,39113.79058544,0.02325714048894696,213742.24943214998,0.017706723969225444,67795.96204839999,-0.03918752122646841,45811.30375297,0.023802982888083805,9760869.98607837,0.012856956391302694,435.77325792
