date,20_ER,20_MKT,40_ER,40_MKT,45_ER,45_MKT,10_ER,10_MKT,25_ER,25_MKT,50_ER,50_MKT,55_ER,55_MKT,35_ER,35_MKT,30_ER,30_MKT,15_ER,15_MKT,60_ER,60_MKT
2001-03-30,-0.032096083745214735,1076634.63004233,-0.04299653562889025,2043487.88572343,-0.0365548530506408,2059963.4083823496,-0.02134382506574136,624748.53669991,0.012692398069934222,678555.95118808,0.019913289111438064,1163602.87016625,-0.01962989402899386,372047.38563237,-0.044016704296052415,1595273.91708099,-0.021220487421918587,948784.1441454301,-0.03126799118260509,224231.88282094998,-0.018006725078442858,158802.85078906998
2001-04-27,-0.002260739764349598,1220186.35246917,-0.0029410976216570203,2162019.65829341,-0.05292147966232786,2247339.97260326,0.004736411671159631,673626.7244107501,0.0031957319268514682,706912.3787940601,-0.023541297274926598,1225710.54561106,0.024849097683634948,395701.63278466,0.007320408622301291,1666776.4107972798,0.006814323513367152,954757.6379982799,-0.0014126566221310264,234015.76833713002,-0.0033794263405193875,158526.93818634
2001-05-25,0.02162740244129957,1367878.3127338702,0.02523613449406271,2290811.8617613497,0.03440973366138063,2481676.4170322,0.012027299625450159,698373.82510701,0.022693500030248927,779513.9841835401,0.015082374286327681,1333879.89219059,0.02031703974372532,405145.34492346004,0.02213403551208324,1799332.72315607,0.007120417615411899,994979.02113281,0.0026623188877462753,263099.92371518,0.011870188686864276,164823.12036950004
2001-06-29,0.034680440126164315,1269738.440634,0.04377557560357162,2291468.13927439,0.05540541592017316,2117086.58834951,0.02006765898700513,635750.0182819,0.03885067584156754,753799.31575463,0.03723444204957203,1219033.04138281,0.025600142009992034,367238.92684406997,0.01056771932654122,1735984.76742608,-0.004602025334905989,957552.9419973,0.010842108012374285,238640.84720481996,0.012587828250445743,168829.48599195
2001-07-27,-0.003100923280916532,1227406.89244447,0.013185789451177926,2236787.72091299,-0.015329475096333926,2035907.23041855,-0.006286030071570546,599952.7817313799,0.01803632614219649,773147.37080891,0.011211052246955604,1191513.93347925,0.003668693441142515,350339.68368153,-0.004014962206105026,1718592.87565007,-0.007526289151441824,973104.62000953,-0.013964970765728807,240344.40393669994,-0.0003262576714326982,172178.40123750002
2001-08-31,-0.024346677459772783,1195675.31766627,-0.00714906328842317,2194076.0963732097,-0.0823035860641651,2006556.93834968,-0.024819548821917222,588668.5011022001,0.001492316506190247,749690.62740625,-0.0294563258224721,1154019.77352339,0.0009826810766307979,365184.42915973003,-0.016055110599255955,1784971.15495291,-0.006613373352202319,1021941.38572974,-0.008970903048116728,244360.52038315995,0.006283039584829425,178856.5790738
2001-09-28,-0.05099222973748763,993830.3022422702,-0.0299561491207852,1893321.3055848,-0.11146172229726499,1516591.24020063,-0.050052869403647324,487770.74400367,-0.04942102087806276,598632.2673379001,-0.023481186980706358,1036346.63481283,-0.03730299010176708,337587.09288933,-0.008717435652335261,1581259.7725754902,-0.001656876568888181,946111.8887871401,-0.031075972061212525,204613.66612557002,-0.015674395792432905,157702.26579891
2001-10-26,-0.027476510178167095,1070401.80845122,-0.013559961815737933,2051933.12755587,-0.028010507384554684,1758785.06882147,-0.013584415698438117,590852.2170787199,-0.02118964783786972,671016.1201164001,-0.028057596975564585,1025340.0178629097,-0.0186882603309944,342498.90612821997,0.009156977895281635,1782014.89997512,0.007596659590469439,998800.8058770101,-0.013808831705994902,230220.12144644,-0.021593952294205316,160506.90665765
2001-11-30,-0.0055458535182969,1163982.90460051,0.00966156473272727,2186276.76055987,0.04566318741645391,2035675.1541816199,-0.005781674448933283,546518.1894667799,0.014179450280135156,742799.22677732,-0.009859114518445039,1089834.4100401402,-0.017459620593089212,340411.1361674899,0.022748400964252003,1807526.84949728,0.013619664433972273,1021407.7367942901,0.010706701393490189,250053.24443334003,-0.012655078832232908,171657.23312177
2001-12-28,0.048292897043630933,1193664.9308571902,0.02806952848151889,2172153.45449675,0.14170443589367362,1999523.5105907999,0.03498605104349982,563300.8480121801,0.07815821551954527,776349.88489459,0.012503136886466763,1050255.32106322,0.008749112866141013,343991.68281292,0.022281602054874904,1770466.8711616402,0.01351297194662168,1034352.7159086501,0.04769237045099818,246734.48414455,0.006709170283427175,174724.40269761998
2002-01-25,0.014741533560069294,1127187.73478835,0.01351270146740163,2189232.9349042904,0.04304545803358899,1999950.1341881,-0.0067832895026801576,538429.1400724599,0.034941404047790565,735715.2988487501,0.0011390650906959042,1016373.60429746,-0.009226971842750944,338484.11732247,0.011332090537913913,1701064.86796274,0.008585353982071931,1011967.2047469099,0.014078759948150728,227879.24924,0.012546984016225466,172690.65360848
2002-02-22,0.00117567758087313,1149036.12857452,-0.008026881053675154,2105137.70308105,-0.02938149727997928,1845264.9190717698,-0.0015442707585139653,543834.0064999,0.011707061810133704,756447.07492906,-0.009679102426351647,946150.82667463,-0.008600260462173999,327346.59359525,-0.0010654251721872445,1708571.48871843,0.006757914135479476,1055271.4870894004,0.008808569394246783,252713.55586273997,0.00753850900891148,176007.53434465
2002-03-29,0.01115093754941854,1172747.5861091,0.0005372866422306318,2230360.5343358098,-0.006986592925236081,1821694.0674260003,0.028960820864643372,602582.9417592902,0.017143753442074028,777565.63241746,-0.019623375293873983,966256.38695326,0.009136537134138745,360080.86981686996,0.005267079468593186,1714380.68702539,0.020351211917386047,1090832.47662967,0.030304768575646686,262307.46803340997,0.00936020786905348,186884.62926885003
2002-04-26,-0.0007119817322721088,1132356.40167365,-0.0005774564065487509,2249578.7897725804,-0.03419557439757908,1744526.7003059098,0.016122150800098257,603966.4202421299,0.01676181690345841,809849.9417403298,-0.027863964644086484,878392.54482935,0.009405468144107886,367545.29479139997,-0.001534235311133403,1668457.2866540202,0.021992633893291525,1089994.81801061,0.022088409304147308,264983.08880614,0.014244956859576552,186421.134273
2002-05-31,0.004126516979623044,1134017.26828063,0.0055237900644812595,2242382.35178917,-0.0033966494630126073,1667378.33669675,0.017670070741643805,591718.02965349,0.016755877327280393,822730.04390088,-0.01288097441212177,883826.9994784798,-0.0066311028579700065,354195.19169079995,-0.0046398607878108174,1578452.5910955402,0.017604436108511305,1074103.52481777,0.027580918727966426,275446.89181806,0.008838562343998007,188248.43860098
2002-06-28,-0.03879522134051183,1083439.57161535,-0.029720619748617675,2129576.9310128903,-0.090390483941718,1384296.63213931,-0.028534758463914133,559727.03378749,-0.03411326578312825,767783.41004369,-0.051926727746879994,756552.94076572,-0.03329997165997946,324761.3726384,-0.02326197124217798,1434518.65320811,-0.0009787358968510625,1079224.3977077596,-0.0193051984360282,265585.60465893004,-0.009377966740027024,188865.62696984003
2002-07-26,-0.059967634228576976,918961.19582755,-0.05568046912412527,1792393.92111304,-0.1093142358915392,1239086.6044068797,-0.06584978421866136,434573.28348066,-0.07644973798269387,614394.3554897,-0.09276598803689279,610657.35736326,-0.07964223435631239,258131.60103110006,-0.05000597742992746,1175514.0468776799,-0.03055791011393567,896248.5905241799,-0.052583590845151976,221980.12626419004,-0.04034969546441146,164605.88389656998
2002-08-30,-0.03715638827590473,1047510.8340641401,-0.02190664497146881,2045583.6450471699,-0.07226297736866333,1328686.3112733997,-0.039727791369395984,518674.76420603,-0.0534445119514272,689291.6162821499,-0.04949410034467824,691853.77018561,-0.03792878616146147,312644.46763446,-0.026446352694371598,1463892.7325780499,-0.015474679323296247,1028782.86164506,-0.03740358521714821,243511.21215598003,-0.01792613404647359,180478.41584898
2002-09-27,-0.047801866942035226,930579.89420413,-0.04083005130442864,1782255.20881909,-0.05947279985543597,1057170.21478079,-0.05107852469927381,465148.92277494,-0.05360753743972036,627650.62008799,-0.0561972767017038,629353.97903707,-0.06053141928346434,261024.01655657,-0.03409550842494347,1318410.43886697,-0.031229698678888314,964945.15068639,-0.051063858206029676,221646.08743190998,-0.03509957278166912,174913.16673789
2002-10-25,0.007030975210418165,959944.86924707,0.03925214848945857,1941295.53527157,0.04121492178926692,1176312.45292201,0.018132601071153994,515071.7092018201,-0.0027502065055193745,637910.9358727001,0.06444399488816616,697850.9524191,0.004100572372299626,252953.87741419,0.02173245832219569,1425467.62493721,0.016101860294899656,1015183.7742884599,-0.0001699389751141543,229965.19242791,-0.007405492422266249,165243.29285442
2002-11-29,0.01125412951354827,978374.8090792799,0.02099440474529342,2006236.27535566,0.06687122511826811,1440530.60635949,0.003207123047945848,496762.9324688301,0.010794707174572038,646253.75580456,0.028573793041537125,787404.0582977801,0.002335136020752682,274927.91813053,-0.0010539671357932454,1431327.67563046,-0.011327370036709528,954752.8684704902,0.019886405527360054,236658.41297677,0.001929403347385956,172393.44855831
2002-12-27,0.0125091405033948,959571.2624941301,0.03583422747115952,1964257.3877438297,0.08824194936239468,1307611.6180993402,0.01639850830065329,513165.72051014006,0.009491414664165664,613105.00238544,0.04711220526711806,738154.9271088301,0.017628462946286165,278863.346555,0.007805139436660445,1392463.09037599,-0.005599530500462545,943792.22684151,0.036840360190268685,237544.18281645,0.007339288031106681,172697.86496906
2003-01-31,-0.011873660047328736,888823.75878754,-0.008149505166374258,1846748.28158902,0.03614307818729708,1255885.29011766,-0.01626766307428865,467141.90201905003,-0.010949963094901372,577906.79723681,-0.0020924518279397553,686395.46507285,-0.012397950912902043,264541.94106966,-0.012210548492546944,1334171.3349514701,-0.027339398569978923,897899.30376321,0.01702404275440891,222339.49025832,-0.003290452308703691,166324.76054652
2003-02-28,-0.03339409113155656,873927.40641288,-0.02226448732432182,1771228.6390024,-0.0417322211544994,1263620.1404193798,-0.0216418107236258,500188.80040506995,-0.030925991629281606,566448.24855469,-0.03670408339765768,645663.22717247,-0.03176667957146806,257857.64821831998,-0.020515483103215906,1315128.9433569,-0.018153280094466293,873462.20774639,-0.03363874079141259,214047.88603944,-0.020077771692951277,169075.24184499
2003-03-28,-0.009476040873099244,922961.04967289,3.7134988902109804e-05,1827785.1277123399,0.008317347413522256,1299201.4602763602,-0.00743308607073165,504366.6886511901,-0.00929357445133789,602680.60466341,0.014717709238845094,666030.0092714999,-0.014952159739976014,270961.24148280005,0.01348884134427631,1382442.48138966,-0.0037660423902055344,891339.5372672899,-0.015365396239048661,222453.99181459003,-0.013702835657190389,175135.28986658
2003-04-25,0.013873350875989059,961268.7797579902,0.025614745761059446,1937196.89967996,0.03685392197804199,1342886.31000848,0.002923358793800754,505848.65538561007,0.01362548426082292,641033.8049130199,0.04383616722734521,685088.37620973,0.008924056320111638,281188.22513137996,0.025276006428056087,1448015.3436294498,0.009207386208629147,911919.2223008999,0.004880136901793702,225313.80713542,-0.0012235588101622234,197320.95718506002
2003-05-30,0.040454646854890974,993729.88433116,0.05502147327768021,2009678.3421417898,0.09224781658573121,1418112.8208540399,0.028750515888093343,541932.3521037198,0.05382005181123148,665600.3730846901,0.08492562476089384,762471.02160447,0.047743180073556477,319041.48265631,0.04457376593800881,1519195.0026965302,0.03673293372673794,955282.17605008,0.0398913916365468,235796.92038777,0.014271134128047834,226451.33398257996
2003-06-27,0.03992891797626466,1055279.73917365,0.04804551257307474,2100494.97531708,0.08596051016391215,1501600.59435295,0.02526536464561726,553963.9967839201,0.055153190293770395,713732.80099671,0.07586185868526388,795724.8549554299,0.04633309359776254,328694.23053954,0.0453143792625818,1621849.4038641602,0.03209096231056171,986159.4305001999,0.044303251497880426,241450.52090029998,0.019141998283367913,224928.36244078996
2003-07-25,0.04139128157188661,1049215.5438671,0.04842030902805803,2181171.0953064403,0.07818676490427301,1560265.00358428,0.015147093513185035,531579.93278585,0.04834061459307445,728528.64048983,0.04968099395650237,770977.0117320601,0.03602450731826419,306931.6321352599,0.03527470560084616,1550737.04550197,0.027257996266864114,975914.00956689,0.053273464043926994,243951.86137774002,0.026332257133075968,230995.69171355997
2003-08-29,0.026997975952949872,1116060.25922536,0.021655263271773445,2169924.2361230804,0.042392232098753056,1664338.75304747,0.011854038113028468,546506.28143015,0.029434491902597785,772282.14295357,0.010780069678437153,781209.9505051699,0.009356338931048125,312913.72524512006,0.008082570716299264,1490741.6064430198,0.012023857943165767,978159.1876309899,0.034174747043553694,260920.80460209996,0.01990795054961326,217048.94879531
2003-09-26,0.016988526874331736,1139416.92832099,0.012066864921109076,2241872.4970943397,0.034561356154575916,1781305.3720836397,0.007338399710818189,545940.2236952201,0.01973288419575034,789954.63490538,0.001364390848406256,787986.90641294,0.0016668407966703754,326449.90145731,0.0015423493283793887,1542870.8855446898,0.004256177868574782,997496.23325395,0.023056221142255567,260888.19076304004,0.01566936461011075,224399.43437216998
2003-10-31,0.027734299744592114,1127258.07634241,0.025245258556829298,2294921.35536885,0.042130731376346486,1798932.03263996,0.009284218734285586,556716.6577671401,0.044151828717081565,825980.60634448,0.008023377901185545,787191.33525945,0.008451427988903066,331299.89346560003,0.006155716545706668,1511191.6631383798,0.01514769113114859,1018712.3981155999,0.0385024989183111,266621.65440584003,0.02340597491905467,228509.72923473996
2003-11-28,0.027362667666048463,1173264.5359284198,0.026015221228216586,2323395.02586418,0.030665949496100846,1885257.33728222,0.00318274207996272,546491.50796324,0.04160666861539664,854582.61353165,0.004910908276312925,784205.3128095099,0.013994752512802605,331872.09874779003,0.013501549066375265,1566812.47013998,0.018387553212852393,1049999.9737268803,0.03884852352977695,275771.31663579,0.025477771393828494,228282.24272446
2003-12-26,0.042979764780872176,1241307.65126605,0.036461657501380085,2406778.9314408097,0.05365172048941766,1892667.3649956498,0.024939237096445268,613736.24929689,0.05530509011473042,850048.8136891101,0.028745185437648525,834134.22757069,0.01464393471896025,350610.83332657005,0.018573290756309157,1606526.9275340904,0.019272482418159417,1059884.1424640801,0.05504123828478283,304698.98163586,0.029574439550183917,235977.36818386
2004-01-30,0.030859437682916588,1300268.71355731,0.0273172244795362,2541485.52770705,0.04114494961620023,2110773.11199504,0.020607932062684728,648710.0900347498,0.037490926867976636,891443.3383895,0.019598458928274907,885443.21624084,0.0178402263480744,360106.95210237004,0.022459439389071217,1706694.0986603498,0.013281579939312404,1078533.7257541101,0.029491972251138657,299477.4374948,0.02829557948292282,242477.09277697
2004-02-27,0.032111415683412116,1260377.88732933,0.029989770954847783,2552287.21331039,0.021565887926774864,1934994.54220141,0.03940666148875173,650474.2746165099,0.03961356972775891,892298.02338751,0.02343630517010366,847395.89923205,0.02541668182133634,362248.99309463,0.018620060385823377,1700098.90406887,0.021385966117792674,1131606.59649523,0.04987385138324017,308217.4948994901,0.026622527397032927,249208.24814428
2004-03-26,0.009112982759058062,1197276.68309992,0.013575568620467934,2491632.47097845,-0.001480278353502386,1818802.96961298,0.007620061857053378,643855.1263835101,0.01663700144154627,880858.5511654101,0.0004078202708833024,826260.97589654,0.010295024192412194,365354.03308334,0.0034078865513719426,1613904.98223022,0.007640232185707689,1098121.2610792199,0.01633556327157873,294668.68391209,0.02331328570635411,259837.65872622005
2004-04-30,0.0024999200483426976,1285773.5022658801,-0.011528561293816377,2510993.57394401,-0.03532156900699457,1895642.5957173402,0.03724043318401099,684541.49925765,0.0015494686723927435,926942.18220881,-0.005093409794988631,875984.1543383799,0.0024427525123833843,362295.4533545,0.007518719912166149,1729287.82836847,0.011039833566138963,1139460.63427538,0.009574697138400961,314482.75256247,-0.017080298745450296,233172.50402418003
2004-05-28,-0.0011031240962341214,1250381.6491839,-0.011122228829344574,2462349.6813985696,-0.0070988199914546425,1804818.56825962,0.014451413793169464,675211.5533235699,0.004186617490522723,883190.31351222,-0.020358834363787673,837333.7422832999,0.0040432569923902414,350096.75166855997,-0.0071657609873948475,1647309.0953599298,0.002398714883338142,1094369.6241603696,-0.004908000519131823,297698.5275804399,0.0027694832675392517,234140.14422854997
2004-06-25,0.01970618100502545,1321576.1752621199,0.0008300510358478691,2510978.74503233,0.016618537136979403,1832556.6809170698,0.02506219189175895,710101.43424641,0.021866166017404088,919160.0061698,-0.006656317322954506,838747.65178707,0.00616197682071406,363750.9052409,0.0007673797956783556,1684845.29648748,0.004411075856707472,1132530.2133797596,0.01757175556964866,313938.26686679,0.016382893719672997,248073.71607400995
2004-07-30,0.00890383877406403,1304150.82138266,-0.0029481857533400478,2423659.11585051,0.006124082863308121,1698191.5032750499,0.00788403691137242,719167.8065532102,0.008841450732520628,867614.56885331,-0.015943668973715394,800196.83982536,0.0010635636505072397,360491.11079668,-0.01509864039725702,1572846.32362644,-0.010257400297177584,1070166.3135938498,0.003547587171582653,307938.62622900004,0.01877096562207308,246833.89114062
2004-08-27,-0.006561192191573067,1314317.11439218,0.0038506264587924756,2495008.73935072,-0.01676607766513702,1674426.19585911,-0.004716715282684233,706599.09320616,0.002171702631774807,881915.0178511,-0.010279038913179227,808014.94552619,0.010267582135107853,374414.52171584,-0.005097729855930962,1606126.55477854,0.001794037506260345,1083510.4764589402,-0.004393627246981609,319486.90896062,0.024226154493893492,263533.30906959
2004-09-24,-0.007387854317849266,1370231.4474554001,-0.0010715946605168274,2548381.52252145,-0.027513497392513315,1722815.5328306903,0.011221508006756089,770919.43966899,0.004874590096615249,919385.9194554599,-0.002431880887051841,819243.31467419,0.008177867203186213,383163.07644359,-0.007327886438799099,1642086.35719827,-0.007943020134332374,1060795.15551017,-0.005428015032512111,329283.5215247,0.01923673255481445,288966.48471910995
2004-10-29,0.005941227475736518,1346609.22451762,0.017610859863420945,2373985.03385824,-0.00016609000421031442,1741862.90245956,0.01747885101016444,795786.52449191,0.02252627466412524,913247.0511109501,0.012962171252023591,811324.0492010601,0.021218402823737173,395029.43723374,0.01052963673581448,1507863.2974303,0.009282582398006518,1034163.2950298,0.013957663924360337,331274.83340381,0.03365348731255818,297191.86693543
2004-11-26,0.03159619014753579,1474724.86438455,0.020935159895522214,2560481.30644989,0.028961507640253664,1875845.30245261,0.04970221474932626,829483.8187091299,0.033930433514760494,997995.0959912001,0.0273087720481228,859974.89050333,0.035060940576078684,419094.29076437,0.015655926448289247,1594043.66058058,0.01533449544820375,1112334.85350721,0.033956732178928514,368022.60853742,0.02790352155982999,310582.04375733
2004-12-31,0.03500184597528587,1502894.0885538901,0.02607729894094329,2624436.0861516204,0.03115283903750462,1906237.9077966004,0.03039620446925737,813182.24949417,0.04879066389809286,1030765.5196329299,0.03177699084383483,855806.95705013,0.03299902616670503,425369.09275068005,0.0348312644107636,1677475.88375656,0.04202913073467096,1134774.83406119,0.03741631388837487,386036.6485431,0.019090607851675816,320549.05305628
2005-01-28,0.019516412403754325,1424026.02593951,0.010165527890300077,2542348.19465235,0.011453256196984306,1757359.26469827,0.03131237301189157,830127.6123271999,0.027472708393021475,986276.98229204,0.009249270155482494,834145.99213604,0.023437146223973755,424490.22967515,0.00454884595292589,1625420.4010208198,0.007038977795864881,1133124.8854744702,0.027765682676398503,365509.20406965003,0.0229552456744651,306374.89813782996
2005-02-25,0.0077406190860577215,1476281.0308055598,0.005787184034600148,2563478.83999317,-0.0014894137094191688,1810379.73581948,0.0651011406101712,959045.3743942799,0.012517910482873913,1028083.16450358,-0.004503736281062157,828000.78051666,0.018823785685319977,444363.3320393601,0.013997976361309094,1693023.81117454,0.0001394394890862537,1150658.23247604,0.0333338154574748,395189.5777312501,0.020838976709500075,311731.83413162996
2005-03-25,-0.0021879637946881107,1492759.09637505,-0.015461178086272776,2486241.3040211797,-0.016196171999956273,1754394.3961961803,0.05517310376130012,995753.23236529,-0.007205032322152788,1009861.9284817501,-0.024753900456649658,822167.09298887,0.008609822775967892,445377.86515205004,-0.006665382498046507,1662473.4475744101,-0.013124310876861478,1125859.89563478,0.01285728662294199,396396.53343951004,-0.0049507743475794945,297998.97427082
2005-04-29,-0.001711773093295339,1447091.01554929,-0.0025448514712362465,2412507.5356500503,-0.004895722646334585,1677487.27867826,0.030567886494430964,965583.08807583,-0.01065625751264849,959640.96098431,-0.017227271199488657,793571.24017031,0.02066448886289095,454660.15078913997,0.009735519766779154,1722747.4806263898,-0.0049499735484077965,1116788.5202446203,-0.0007218269770358043,362950.81791244005,0.02592955018346206,300249.02920514
2005-05-27,0.00017040108238902847,1489535.24921615,-0.008786847321878146,2494362.56849226,-0.0069683386099381565,1795491.8874800901,-0.003839753014771706,912900.9422544102,-0.009665516145029298,1017225.22435424,-0.006016547197859948,802304.1912144601,0.021000876690266734,450981.24929947004,0.00014424112143436585,1775990.3086378,0.0014075503501392967,1153598.1076920002,-0.016901905345245282,356736.51069455,0.0170120286516635,319165.67136727995
2005-06-24,0.005738102725879435,1489038.5443275,0.0011455161339894136,2541213.99703093,0.0016956177342617796,1806756.3058966,0.015320096904383766,1028296.9489055101,0.007862538058505147,1063833.8750330498,0.0024849646656625265,806861.8212048899,0.022410047870023347,471742.76729093,0.006514632575907466,1791602.76952992,0.004209251316070771,1146263.92617652,0.0005002622727517269,364210.02999541,0.020121105220522524,333702.61177139
2005-07-29,0.030598667675611636,1502569.00504069,0.02024763245023045,2597944.40596998,0.04282152536708701,1887222.4700492402,0.032017476079150946,1050736.8301351601,0.052610616909867514,1108108.16138561,0.02190071526895434,811870.09942583,0.02955061139098357,486586.4292258899,0.018963801958685807,1784415.2639339701,0.018956035054866618,1142620.1192934501,0.03423646859221763,366076.08057083,0.04033054571271808,343262.93039197
2005-08-26,0.010716649129973051,1491097.47082764,0.0018555784107027482,2571136.5783433397,0.02203555048940868,1875213.27905027,0.006847705541414212,1068298.87024694,0.019523959072687842,1063981.91960524,0.01655293002956606,934851.3407627101,0.018838428756411167,483238.26897116,0.004094991149884703,1793476.0334616,0.00631197010138279,1136253.96018013,0.0003019597318060912,360993.78823109996,0.011213060262222792,340139.21185155003
2005-09-30,0.011238207277967295,1470421.8807008,0.0029554748695891134,2533342.69127977,0.013881302386111273,1834421.6730513498,0.04178718518237809,1169189.31945599,0.01484548027067526,1016257.3137172901,0.007689707253916378,914789.9147209098,0.027600371146361956,502900.33840966,0.008879742229341965,1796577.34966131,0.011022282137287875,1105035.37384763,0.014991484946800044,359203.3972243501,0.011888111598008788,339373.74296334
2005-10-28,-0.012635707048505978,1479694.3441859703,-0.008351545627633319,2572047.1689880597,-0.018458023742257926,1823907.3225734802,-0.0070473094040129775,1036959.69936169,-0.01861303777508287,1015822.4631558,-0.007829551457336971,896132.64690403,0.00011785207258234345,475391.02926781,-0.003275129936042108,1743635.88280202,-0.004098555981633766,1170508.8547717102,-0.021324556222906306,355818.28939667,-0.012417745539101212,334462.52666485996
2005-11-25,0.01273951798121906,1573054.65098335,0.013271660113402675,2739554.45904613,0.01755997298796194,1910942.7192312898,0.03541729030994019,1074494.0321805899,0.017208156543087313,1074642.7436269298,0.011985460662326282,1018788.52857759,0.01614967713999266,477887.09838013997,0.020211759503167854,1805244.92226808,0.007709212982717601,1186672.19763033,0.013155339368320935,377889.32115449,0.021719294916879406,352153.3731168301
2005-12-30,0.007705905593163182,1588094.6932145199,0.009744400745527966,2767411.36700721,0.01430672050714889,1935588.59712125,-0.011212692901084419,1079986.55512348,0.015026265331449594,1084812.59142358,0.008440862363529762,1011816.6737026001,-0.004965214594751261,489228.57842374,0.00710074533453801,1865483.46140421,-0.0011738981287476875,1197522.5145489497,-0.0002131408786548313,389456.79968051997,0.01041609919523282,357364.74121816
2006-01-27,0.02299919311278977,1560336.4690254,0.011873998505511206,2705039.46341999,0.040337875207176584,1944985.72654998,0.05508920535585268,1183722.09833751,0.03453638026672929,1015368.13877832,0.01358554532109591,976077.81574388,0.01345838901629297,503887.47919236,0.01721777803018589,1842263.8017635897,0.005588287318697196,1164690.3780100304,0.04054725846227187,382909.20375676,0.02759371603478762,367508.36133274005
2006-02-24,0.010856002743541426,1629800.2887356603,-0.0025891970271549707,2790357.76211913,0.017252158563008598,1982626.0783530201,0.027758903600806302,1110093.1246376,0.002264472788689339,1043920.30751448,0.002252720132142994,997300.89858746,0.008500021552555253,502117.86862986,0.008298893467917241,1882897.8352585998,-0.002651864716419214,1186426.67050476,0.02362494652288093,399461.9648849,0.013957716715620148,381071.16833053005
2006-03-31,0.02272083093591259,1685742.39342504,0.0020344941384296948,2838755.99755086,0.03163963487617501,1993489.6726602302,0.048192753680090836,1139363.30853067,0.011504712353952177,1054467.47343187,0.012934384723133838,1023369.2229013201,0.010344184211805248,487662.94370605005,0.01175939040944445,1861070.92830939,0.0008024920850370636,1193613.97076206,0.03910000543176016,413035.57320301,0.029377752197194948,425393.30804368004
2006-04-28,0.013603799743146072,1740690.1182378202,0.013478343156376905,2868782.91037725,0.010069375608802965,1994036.3261347,0.021460132933251563,1218451.9675617497,0.0032446502453213934,1045297.9949403701,0.0062948246825623826,1032442.5144024801,0.003272820537893283,502322.99156676,-0.0024202021427217335,1794286.67134123,0.0004947624745972602,1166520.47088446,0.018325509292061122,433513.69861746003,0.004725560941740325,422431.54760597006
2006-05-26,0.0002940263818650454,1677779.33241216,0.0047050523550063415,2805229.29042021,-0.017792573365220794,1847152.65462636,0.006621304663795926,1120243.4964138,-0.007999060990282062,1001018.8727714699,-0.00043653486482289204,1013439.2457758001,0.005570814760813207,493292.37972984003,-0.012968952233667407,1736141.73233984,0.0009529707168740631,1175895.2027440902,0.00029629865358664657,398666.25641712995,-0.0014456079159179402,408001.1228911
2006-06-30,-0.0015393001375999659,1645731.78020648,-0.003245540191242748,2744512.5979702203,-0.03134746369804536,1777279.25390248,-0.0039056967029996647,1097231.4714016498,-0.017844672861211074,972691.4627151401,-0.0010743295826739253,990380.9567175298,0.003157291822795052,502880.10283958,-0.017435515138210823,1696223.2061083498,0.004993347249893172,1191967.4584014998,-0.006138466138776268,391783.7201701599,-0.006147349181537319,414865.85703042
2006-07-28,-0.014681124570959107,1587129.8872394399,-0.002067456775388669,2795280.48705459,-0.03647219317946264,1696867.51986697,-0.009406538082025715,1148248.37096351,-0.028931128363210275,930817.6789747,-0.0029059018919620713,987292.4147848403,0.0052598815897980135,532106.2972660899,-0.00955224157547687,1766773.46133531,0.005438682807042566,1217463.3853461202,-0.01907963726180023,384376.92528442,-0.006156425551135054,431002.91988672
2006-08-25,-0.004455669588584501,1587099.36736523,0.010842910170216397,2840281.0179226003,-0.009344600839312708,1821579.14597564,0.005829766974770653,1191688.38394303,-0.01899254512583269,942202.3142928301,0.0007976020413151879,1007756.78483755,0.008804934199950836,536707.53216111,0.0020736007266162035,1790455.96721943,0.007745016806155254,1241550.76625119,-0.0028837726781182436,397192.08500266005,0.0004860475637763952,441955.50369916
2006-09-29,0.008751178663783298,1611741.3427139,0.024750778472411594,2953951.7912597,0.017763994540975662,1932540.98083841,-0.013197571229091112,1077934.2429260304,0.01596453771038472,1007158.89911202,0.015485531961379119,1071507.2905468098,0.005954404326661852,533242.63812986,0.014518179855830607,1833792.2903634598,0.014307551799781482,1259310.32946489,0.0024971051346613232,396214.26203481003,0.010936813035556695,461852.3811449899
2006-10-27,0.02478969989035023,1696443.2397761801,0.022249486974778087,3024637.8951346697,0.03268208630049356,1997657.5738350202,0.008756229204237314,1126372.2124820002,0.047657641440527525,1066532.59047812,0.041425068685113337,1140502.01631098,0.016262686912242846,560471.7283964299,0.015892532382418507,1888970.33767036,0.01701915979394313,1283974.3235805498,0.02784278053136613,423768.50386277004,0.03084750074741483,483652.30384755007
2006-11-24,0.027295985645195957,1737117.68986778,0.023494168970576233,3097567.49624242,0.04430556548129905,2079878.5387116596,0.021563066464734992,1170807.33427571,0.05274178787028745,1098883.76279985,0.047536423774061504,1155593.9845976103,0.02077280799945854,565091.52322591,0.010278313466651954,1865070.76073194,0.014955414654815279,1283434.45977627,0.04302994321223718,443379.6858959899,0.04375293685725839,506692.4446641401
2006-12-29,0.0211655508698069,1733812.69793237,0.01594547521688411,3142675.2675608196,0.028084320865509403,2034317.6670460799,0.03077012039353902,1208228.0395810904,0.03269829459529155,1091644.5151669402,0.03539527588599028,1176997.19507041,0.018320268862115102,585584.0529559699,0.006182854826026362,1883147.73906935,0.007554856593877027,1292843.24657083,0.03973050314875656,444977.04801599996,0.03682333606299335,502338.28716397996
2007-01-26,0.008390394871223337,1732275.0994552998,0.012107189174069463,3104091.4687250196,0.009001041301357638,2008484.68168808,0.010411066461852164,1164523.05050472,0.009068172806123927,1125378.2665772699,0.01882784577074022,1282799.45815719,0.0074525744218742465,563752.32586735,0.007601492062261347,1918645.23276813,0.006522662514984588,1324854.1985834201,0.01921769510208279,451066.1280148099,0.030490826082912897,529604.05076435
2007-02-23,0.008019599740855091,1802449.0120704002,0.012505741067720955,3190639.4298055996,0.014326673940801836,2053913.16774246,0.013953575049335497,1194154.53501574,0.011941493722751198,1161323.95256293,0.018649142792236728,1297576.0891298898,0.011028236596355961,595214.3342349101,0.008338990315130955,1939270.49228354,0.007688745885044938,1338953.0880897501,0.022806601272568887,484720.3338662199,0.02486545914251105,465904.9903168499
2007-03-30,-0.005201735620837674,1781231.8221545,-0.0035725410748252157,3073867.76329159,-0.010331605161882019,2019726.41089219,0.022469336443354474,1238729.84358214,-0.006858239812143291,1135345.28575971,0.011482112533564634,1295840.5475562399,0.023146375616409122,627229.7468966701,0.0011123837058321351,1928026.16731153,0.004014254553837869,1324651.42866046,0.015261959053559536,503124.66685839003,0.009983297251613359,444764.75391935
2007-04-27,0.011884193078803609,1801675.3421178402,0.009015073440705203,3126103.7226987705,0.01692910077482169,2045343.22535115,0.02294957114083379,1282018.91974692,0.017197775869879924,1148029.86738021,0.019130014859332918,1228458.5808716295,0.026827720443333983,653713.58884914,0.019332310284195645,2000935.2449537097,0.009319719646255437,1346967.75921408,0.02463222773930701,490177.1485022,0.022452496379061403,443098.03031695005
2007-05-25,0.00760666309058472,1875267.81398615,0.007736168121609481,3182350.42742793,0.009083147018223808,2138164.1359376702,0.022159955647059828,1370290.9848339302,0.0039690729794803915,1150987.8852881899,0.015074766886942982,1272681.8199037402,0.015381530027993466,665317.94102248,0.02143358982799544,2022270.0325382198,0.00862712999541148,1339337.9139962099,0.011119149907715519,504953.19837180997,0.0025147015950234084,420170.78115286
2007-06-29,0.018063857651758067,1900305.1577917798,0.012573568271929831,3091223.2819569,0.02190012291806569,2140173.24171385,0.020297957020809505,1376455.98214192,0.02035914858763308,1126608.0886655399,0.02095947829009526,1268531.54731984,0.013993796452427387,609886.62269451,0.016714743390223254,1940081.4721354202,0.009407022938401231,1320899.8287844697,0.023714088806123794,507388.19381715,0.00321487647505886,401010.29964866
2007-07-27,-0.0012742828705580383,2051041.5381344198,-0.02855412711233387,3073363.8968074196,0.008221015043528991,2301341.2740452,0.005854054281300234,1632262.57205969,-0.012877366127197538,1305716.56586537,-0.002455726083355529,1281743.8466817501,-0.013275655933150724,637247.26033962,-0.01824250974357394,1956451.51568062,-0.007919138655117815,1346821.5106326102,0.004397299203954631,533099.84657896,-0.03356906221778415,399095.63036876
2007-08-31,-0.0017295518966468052,1940372.9475724401,-0.029485695502403902,2963856.60924453,0.0018637103559073363,2179322.70835093,0.014298676085833722,1517955.51762786,-0.007169057487054521,1243647.51075794,-0.0011316961487692649,1218617.5997879102,-0.0024246274478112464,599790.5988430999,-0.017499022027960744,1893361.3705122902,-0.006484851996258632,1321254.2150253,0.010255711509878408,496763.35415230994,-0.025096738712699376,377364.4324678401
2007-09-28,0.011051756821136198,1997196.91960841,-0.014765673983325,2987352.1183359195,0.012616340057037129,2266557.73655874,0.02989291536466407,1653049.6078775101,0.0027102848442715913,1286074.05110088,0.009987730219404472,1250155.8581117003,0.006515952677938666,630008.34642893,0.0026020366688704797,1954646.90308714,0.007487215785155435,1353231.14722667,0.027588828238748208,524054.1479338999,-0.0013037099485119824,401701.36066621
2007-10-26,0.016045242078853175,1976674.0925504202,0.004982513919286408,2850184.8930014903,0.02461530317499368,2312305.71865165,0.039610958866689285,1624307.48373392,0.026664832153744347,1268707.11711112,0.01998203518661611,1252856.31842961,0.030848313815479284,612149.7330840799,0.0180413805887682,1932165.21558754,0.019281873690200395,1362875.9080244498,0.04018531184297405,522823.37840545014,0.016779512832774027,383833.25080574
2007-11-30,-0.000930712618147227,1855369.37410798,-0.01281550407788314,2478289.6002943204,0.0015428261345210295,2127255.51663002,0.01498472099620125,1570627.1843726402,-0.000669004054170223,1112762.08341246,0.007865156811323135,1150009.8598556896,0.02626749947424752,630057.89128341,0.022209240807524115,1907661.2748677002,0.02148740797535819,1364205.56328693,0.011302722879964217,485879.13646391005,-0.0016550831274040813,347820.4655708
2007-12-28,-0.01106745322361138,1976779.6195748902,-0.0351064313973066,2619834.34120204,2.443683620203564e-05,2298274.3412723504,0.017986793941002506,1751929.47056406,-0.01725111743138093,1138699.43390982,-0.001201426148840844,1219105.60011137,0.02299414565214839,660315.43084038,0.005436510666023251,1969528.2207274202,0.009731273087099321,1416487.33434511,-0.0009482867641920282,526766.33782189,-0.035657645792964696,368685.29683695
2008-01-25,-0.041223841331223504,1713059.1793874898,-0.056172496804829164,2213078.7322398904,-0.05224388586678522,1924099.8983355402,-0.03927223300232639,1512951.29075327,-0.047931132289629294,963313.02821472,-0.05465938235405199,1025084.88241916,-0.028089799960570327,573546.02473122,-0.028048539616769858,1852390.26116574,-0.021667676990093532,1311146.9381647299,-0.04132362588977509,454316.19822103006,-0.05918696693428354,299431.7476024
2008-02-29,-0.025698524932817466,1832051.91675052,-0.04655762098007626,2364750.92567531,-0.03201040907653188,1879891.9024156597,-0.007437731973088236,1649870.7882526098,-0.02927742870415429,1036304.65011327,-0.04064316406721031,1012135.83096103,-0.02705282083036853,569324.1654348499,-0.028815137765801524,1797229.91261455,-0.02220854346756815,1328522.79725769,-0.01104755818153848,516758.40715265006,-0.0451364646437057,329866.0749866
2008-03-28,-0.022474395136441873,1823383.87703811,-0.044178410526472485,2309725.79141917,-0.03440308711700398,1915886.14449545,-0.02633676844715805,1564889.08481031,-0.03391187117137215,1020025.56257752,-0.047965524559239275,988210.1693443499,-0.039281768902013854,544769.62967595,-0.03340192971639193,1705165.74809351,-0.021721011380010927,1337502.0631194804,-0.023297013219573556,494761.55626945,-0.03314267284059358,338054.12868998
2008-04-25,0.022531575996068372,1851317.9254957,0.0047628535879884245,2247288.9865850303,0.02874763934540872,1981488.59407007,0.06273929881201992,1802055.6456200802,0.016271346622283578,986433.18922262,0.021988030091570143,1012811.4761883199,0.018492915286508826,582945.86277438,0.005986129171532362,1681435.3635081402,0.010204180020531894,1235737.49896237,0.05259971552544861,553687.42968178,0.009951356920579777,342130.93534940004
2008-05-30,0.024334836013506434,1835859.3184924498,-0.0014489149418425028,2181193.5711356597,0.040966260958006866,2020566.4905174302,0.05910050160403359,1849310.9959684,0.018353968360426895,965814.78904802,0.02910043368603737,1049724.14773289,0.020348179307120906,584096.4450003399,0.005693029571469534,1679219.3559114598,0.009227171654190852,1223854.2581746003,0.052005893560821984,540888.94652021,0.024686193362246207,343368.12928317
2008-06-27,-0.0008933931456062741,1770787.8520683697,-0.023774337831583878,1924934.46205623,0.01007437254486832,1980049.45942873,0.04246308117223653,1886402.3614529502,-0.013788672155855197,902769.5093573299,-0.005182824413280874,973570.9995180101,0.0105444188744982,591109.0918879902,0.0007214830141835274,1659319.5943129899,0.0002234177867258619,1167632.30767775,0.02795865477769951,547158.03699107,-0.008496265402415912,320084.89225674
2008-07-25,-0.019759755161265782,1678321.2353049498,-0.041375324616242326,1869420.29534734,-0.023579951415514,1878515.17038757,-0.02405397624392403,1679047.8374041999,-0.035342529701949066,844340.47499337,-0.03885408115708906,917331.20567612,-0.025675438732614315,561066.0097314501,-0.007131783352950612,1714613.44383248,-0.011086943540030883,1169007.4594460598,-0.016683863427722545,508455.8549273799,-0.01649692672615303,313175.72629152006
2008-08-29,-0.010916220264836156,1703722.6219468098,-0.026438223434824923,1866024.99230596,-0.02052690953810262,1960862.5979386698,-0.039202372044588665,1583148.22358348,-0.021312974950863862,896420.7667641401,-0.03380568798463125,923119.7287235099,-0.030835845128342067,538925.50994981,-0.0014554764189122944,1781678.33671979,-0.002245419050757559,1231035.34638962,-0.023450457661094055,486169.22570734,-0.013071326090462076,312913.53027088
2008-09-26,-0.006111104750888438,1610253.50216185,0.03147103606350375,1929970.34301471,-0.01744110143262809,1742917.35290556,-0.06217172391122345,1513279.1842569602,0.002543144430975524,881018.2645227001,-0.021364662538632027,857182.90949321,-0.041589079156394544,495004.82223105,0.006401516810680623,1677172.71060475,0.018306160351490484,1207054.7749447904,-0.04215024440208087,450585.2785965399,0.018612400602708103,314673.41286368
2008-10-31,-0.06715717288652863,1042488.57003769,-0.0457155823128869,1285331.41865897,-0.0887893743613313,1214038.61375449,-0.1069012224578751,963836.9166283698,-0.06678228930397793,543774.53073972,-0.08865340453858059,591200.37092684,-0.07248884896383236,376195.33981864003,-0.03502126662417375,1320402.65355007,-0.025618889371237578,966792.82642199,-0.10011416264401936,257660.75194899002,-0.0748406581989316,181911.23453249998
2008-11-28,-0.10613490644165845,1030002.9605813801,-0.11306549378930138,1145557.95964231,-0.1255948015118636,1184798.98838357,-0.09351284553378898,1084305.19251095,-0.10872512983541975,518600.74946674996,-0.10783638866072727,576962.3239047101,-0.07371183527987583,410949.81476837,-0.0723453333473206,1297077.90537307,-0.057518428197520566,1015429.3624097502,-0.13052750436681365,251025.01428346997,-0.1497110104620148,167787.3663005
2008-12-26,-0.09123827516195224,1086109.34162613,-0.133883318650555,1186553.6014767103,-0.10595681104547107,1206638.8738721702,-0.0893437768188865,1010670.3229790999,-0.09158917480450317,582564.8959938199,-0.07781294753309818,618440.8988310702,-0.0625447732703154,403806.79013996,-0.05217031228625341,1383594.658519,-0.05469033961136244,1013916.81318324,-0.10499661084862287,268793.63676244003,-0.13447328329883063,190184.98366509
2009-01-30,-0.04886420037548158,1010043.15524487,-0.0738439996041772,957847.7575941798,-0.04576931398308609,1204436.61360926,-0.010719074609723619,1057710.46361959,-0.0397672614201902,559942.10785132,-0.03145428287569141,612712.98302766,-0.011352470746440402,421027.12863476,-0.0250990857267684,1382971.93409832,-0.023282005690037213,914484.57166952,-0.0507195283665904,263320.93380118,-0.08396759377681819,176567.22154238998
2009-02-27,-0.06553667081984271,866093.2018887,-0.06544188203053805,817939.3503398999,-0.03967537015244231,1099101.8070678199,-0.03951147513320732,889145.5415730099,-0.0343875185682576,504270.69629557,-0.03776504344084075,549471.90063004,-0.03329366493798914,365954.45214296004,-0.03247935871797179,1315332.0135138398,-0.025339054101609186,842381.5815886903,-0.059740333230297496,233822.81942349,-0.08059462037995077,140311.27705566
2009-03-27,-0.015631714529521234,925840.7471008,0.00399103867612165,1096398.34386959,0.008578270664460187,1277241.25316557,-0.02064911473155521,991511.6145211799,0.021903862279534756,583064.79805799,-0.003881058969045142,616703.60841827,-0.019245325559744675,380953.4328633,0.006724592004371899,1304626.69886066,0.003088105798577709,950596.68819262,-0.005333205273331539,268543.36431513005,-0.012276314008489825,159149.03395772
2009-04-24,0.04744316521504845,976995.2304311601,0.08713393623896172,1101245.26408298,0.05120637835214921,1342814.1153227,-0.007083809005918925,939840.5975405,0.09788803435112822,651737.89325316,0.027659943802974603,629749.1490449999,-0.01980629574657707,366450.29782437,0.009601462879232404,1239276.17693558,0.012186314300963093,948029.29818156,0.05613984569902011,282485.9933052199,0.10885661809851258,175043.81816688
2009-05-29,0.10709906772053693,1045198.6353716599,0.1827141984610232,1285484.18132057,0.10475892332064735,1396452.19154234,0.04663003181833332,1035221.00781757,0.15185114240815553,665855.0806646299,0.07640318911508313,652777.6159022701,0.016226992660867048,375763.91568343,0.0595895988450444,1285803.80585029,0.056445038332201915,1008999.3635351401,0.14022621102972851,328251.4626169401,0.17672344143756202,195329.30878322
2009-06-26,0.051292847484700976,1028974.3697645299,0.10569148306202826,1267970.22552949,0.07077048192165371,1489251.7822156101,0.02382463938422744,1003719.7984021498,0.08743789741447847,675740.3911095699,0.04399679444651422,667868.02620096,0.014687314575012652,402760.61553131003,0.048500770007699895,1320081.68993416,0.03610353788967793,1004298.61194365,0.07717861814137784,318050.64426849,0.10033788273213681,193022.61618831
2009-07-31,0.048294157296846,1134444.1278208,0.0687436700780464,1424069.88547981,0.08044238551406434,1682974.56538098,0.03803277100890252,1084684.62579414,0.07624364183548751,766951.59816592,0.04833445653827512,726445.6312875199,0.04794335655946454,437480.83689931995,0.06511612444932308,1425658.57513333,0.044868285747157566,1076601.03079887,0.07698036686614795,355687.90937193,0.04132123190045362,224425.99011906996
2009-08-28,0.03582694387682098,1207090.04359781,0.039845043801808665,1652632.2371660997,0.060171260037000726,1727672.84344698,0.03889688411025367,1118160.2414027199,0.05222462442608421,812362.4705119099,0.04095014352204178,749726.19407783,0.04602560003698287,440038.43054247997,0.053312218251762786,1471326.09352588,0.03208809488683816,1085976.0862479701,0.06552628406267713,375670.36251484987,0.02158747736960831,252746.38566749002
2009-09-25,0.04825828186707419,1285337.4842492598,0.045832179822211085,1756457.53185627,0.05689452889932413,1813703.42689841,0.0564374870513374,1143673.60308022,0.059022094494056716,863073.71049866,0.05260688905024849,793027.5367029001,0.040945387588963496,440647.96578927996,0.04340502304020209,1493812.50506211,0.03258396075882444,1120297.33163999,0.07973374204575279,405469.37513636996,0.05662154744521524,277860.2480111
2009-10-30,0.005863699399405384,1245255.40857553,0.00450510083914344,1732059.8521439298,0.018047073232414317,1813388.94516105,0.04303904023820188,1199689.9504003501,0.004616053138693883,866007.93352696,0.02140759981996748,789423.08357188,0.012297652895365253,431705.01367816003,0.012970110116558202,1480595.6568650801,0.015947423446539395,1134625.4245653497,0.024216960213664537,397155.96161716006,0.012259997010955889,271914.59444251005
2009-11-27,0.013460849143890634,1310390.1571492502,-0.016661458616643702,1755529.9508566,0.023229968485550263,1866257.94492202,0.03339966646486887,1207825.6243532798,0.002836263549666991,883046.19331004,0.027699094458288553,818581.5757073698,0.023420713690780744,436442.18511747,0.03319014990696616,1590084.70252862,0.02674357159839703,1194209.65464492,0.027389364284479564,425226.51122622995,-0.015262914866014958,284417.55728696
2009-12-25,0.02538301356393962,1337840.06702381,-0.007946260529423857,1761082.33565184,0.03597012806463349,1922473.2523625698,0.023081586441184455,1195074.97385743,0.022716727877134378,910042.96472663,0.03564175312314738,854314.54799212,0.031277415767708226,466844.3539639,0.04367918345779712,1637165.09165252,0.026507834621262716,1174899.4272207199,0.038991260109404624,424356.99826676,0.012105763284425964,302589.88580636
2010-01-29,0.009757387798963148,1332453.75674714,0.0032590330376058036,1748504.66440678,0.032434776471847934,1868119.62418016,-0.003950059429079911,1170490.09623514,0.0333299870769182,903016.58786335,0.01989104869223825,821714.23951786,0.004229052589486165,452352.2597860599,0.01904988531713081,1525087.1053884197,0.012134759259363092,1163236.56995023,0.02246335274047456,413065.58789911,-0.004197421894381147,293694.13767505996
2010-02-26,0.01931656005900812,1369761.5859046201,0.021126035397483436,1799364.26431818,0.01989134624958816,1883177.9540824,-0.011253333071177422,1165657.15887672,0.038685320509142,936412.9601205799,-0.003743015923960401,828970.54111189,-0.003018013115351928,444938.0811486599,0.019965076885886085,1520087.8682835898,0.00945299189082662,1205900.3835508602,0.004853883919493609,424430.44584323006,0.00953576773734199,303162.95768697
2010-03-26,0.028242019277314012,1470644.66603505,0.026781920576824117,1968559.9871796798,0.026412982466778916,1992710.5360504203,-0.013154133461665624,1185324.87561165,0.05189072324783379,1035070.6875468099,0.006926130101612642,879127.4192103499,0.0034840378908187345,452294.55670953006,0.02363687080874776,1577864.24140026,0.011257096942705165,1258285.33086414,0.01368633805223257,452862.10864185,0.03449531281547302,332796.5101061
2010-04-30,0.055844456294386675,1537468.97484307,0.03536583734069038,2069808.52972536,0.05999951254516243,2111863.71879248,0.020714501307374615,1285249.0994170897,0.0751805337491074,1125537.39783925,0.04124475310456721,900859.8247293101,0.033651791337348066,466980.0523937401,0.031609955810973527,1526396.3685013,0.021460627925456964,1249470.77613317,0.057501882365879636,482013.13874253,0.0634237479820939,352661.82381575997
2010-05-28,0.008372424349561713,1342759.11607754,-0.0014007581590522139,1799382.03635537,0.011825034832684201,1861905.6465336399,-0.015866790232649697,1083937.47326406,0.02380661637893188,975281.5438715899,-0.0006168757030043791,819659.71425061,0.0018966176327016194,431412.0983896299,0.0011396652195565962,1405613.3836351,-0.0007732198307898947,1176568.58505981,0.002406614165334186,420389.24636523996,0.01393599255066243,316549.8018099
2010-06-25,-0.02014506429899624,1385094.2174037602,-0.031784414349693084,1839536.7613901698,-0.020054057707583485,1932023.80758543,-0.025560277451539576,1150741.9002449098,-0.015724729759681696,975412.26138328,-0.02349057598598769,852511.82702855,-0.0200231637659277,457631.85943406,-0.020961319150922267,1433520.2005139901,-0.012865064505070252,1189365.87981186,-0.02800347497956346,441094.2632671401,-0.014722610902352724,338677.47022129
2010-07-30,-0.023264284747403018,1453865.14268942,-0.03337823869428316,2021755.25785885,-0.01948504551080894,1990542.07415653,-0.021226279551312177,1136881.17161833,-0.025447751157479902,965114.13365387,-0.018530942294000773,857886.27754799,-0.017456813407915252,493835.41988416004,-0.01678359006557372,1424915.9745712,-0.0029752922972147685,1214569.6076226798,-0.023848395228367677,450818.83963043994,-0.021906641771016325,347632.72969706
2010-08-27,-0.0081779423490498,1355772.80779764,-0.019063189173901405,1884778.6461318,-0.0016267291973898854,1855574.76675185,-0.003078016426916991,1098660.09971106,-0.008004660194810432,920252.61791087,0.002893001583997995,824800.03921206,-0.0006295265178051741,488057.87042119005,-0.00547192806847056,1407605.2752487902,0.007093319013399663,1191748.0798563499,0.0027735287075418124,434301.8681244599,0.0037664191451948796,337048.12918138
2010-09-24,0.030039120868601027,1470130.24269942,0.018128099525285702,2031844.29224199,0.032537454834615745,2009966.44911595,0.022907043749839977,1160320.3044379503,0.03523070647509223,1012640.35861377,0.03220672972695611,897747.02703291,0.016985673414579728,502619.17419607,0.02818133812335427,1496626.22632563,0.02601631699245082,1241880.07468089,0.0334359469709303,476281.83841932996,0.028794894599879967,369796.11250256
2010-10-29,0.034473165894486124,1537153.82358387,0.016558438878217025,2017000.1535528698,0.037834137320732895,2107625.4148147805,0.02423530553172596,1237169.5353828599,0.0392114226026158,1081815.5850742399,0.04222345675814319,957087.0085667002,0.022146208036887466,513556.18104642,0.03066905963623725,1539188.7585303,0.024704669055569353,1265817.7000314998,0.04254828015432143,506490.40386551997,0.031999745053020216,379654.49554925
2010-11-26,0.05503030637492366,1550720.0897651198,0.029715216596771094,2028631.37645726,0.06200104060906605,2154229.52802592,0.06039129411864561,1317622.4698033,0.06326689529969992,1143498.43296485,0.05141368690918161,948865.3723816398,0.017792740849844405,505427.08138195,0.0258798534262586,1517110.9314547698,0.02538978567096932,1272078.53650193,0.0558734439964701,508193.03720027005,0.039669598091087804,371942.61523422005
2010-12-31,0.049124880714209326,1649953.1727752602,0.03969794070251843,2209004.76715621,0.041854822594210236,2250240.91532982,0.0545024250810602,1405270.33621634,0.04806283271179344,1184858.60226415,0.0349193204220608,989640.65083755,0.010237321265851274,511318.53629308,0.02540341663505026,1569251.06827093,0.02178252055539308,1297162.5374509902,0.0460037160863092,550351.94361467,0.026209830385587593,392150.5606968799
2011-01-28,0.03727276051953217,1707673.27126073,0.03210706799677082,2335710.2151919603,0.0324950347962505,2322604.13586614,0.037092611519339444,1477416.6338453202,0.03195885657142469,1179925.46086234,0.028874213885500287,1001684.1484357201,0.01581897709949715,522867.86733226007,0.015080885875343949,1589961.39069016,0.015290422231634127,1299072.49540442,0.04205246306239844,540699.37211678,0.03439702000122483,399956.24687079
2011-02-25,0.04804135216687591,1793626.57166366,0.043686049199660015,2431445.6458471296,0.042513195035321374,2418957.85305605,0.04911878194230969,1589211.12949947,0.03937368169007701,1239883.8593438799,0.04034212820159769,1054625.1861474998,0.0243765285346551,523406.58458512,0.02762911095207979,1623405.9258256098,0.021203297455976093,1314601.38551796,0.05026239938732087,580302.03646837,0.04329664520733343,426850.14139605
2011-03-25,0.022900201192248518,1735933.06325289,-0.002277516742400107,2301825.1306536403,0.02561524503532497,2267335.41471513,0.03834826740593138,1603660.26098614,0.025090557488482476,1173952.73722499,0.01765098104291935,1016977.4573714,0.012754099179809016,502678.76233910007,0.011427036970894842,1610549.0404442102,0.00593535707579409,1297972.64103348,0.016792706678073793,561600.8395260299,0.020556843706399718,420336.61763295
2011-04-29,0.0321087538134406,1777680.0913832,0.008498000091722184,2255599.5461095897,0.03354865572871832,2369118.91189229,0.045419768514954,1627493.42183492,0.042367734315979316,1236885.81380001,0.02863568441656101,1039198.9783242302,0.00885455248988236,517793.67332177,0.02485349417233052,1708378.05623822,0.021381295271787615,1343995.20494805,0.03253795736652195,589156.59852738,0.02091757427678461,444416.87102058006
2011-05-27,0.00598979810866484,1731937.05225232,-0.009140399318582211,2177426.99261111,0.006981090758562091,2289924.4935537903,0.018595641790927,1523604.31690438,0.013683108973885695,1225969.85857424,0.009477042781698067,1048847.62839716,0.008219988589903558,533471.69639493,0.011570212987729013,1757538.57548374,0.010598214278699765,1391787.9599847,0.008338244116124808,562820.9033727801,0.007958094762059019,452732.2870398499
2011-06-24,-0.011320438747862462,1680413.3883865501,-0.030412392092281564,2095499.84928348,-0.013520964796845787,2170732.141794,-0.008473489336015452,1494337.07063587,0.007654695839936581,1178123.98704441,-0.003442056027950746,1006863.2756082299,0.008790955747257433,528508.0279620399,0.0028963883972288372,1730266.73888041,0.006372283286112595,1365420.6415037098,0.0013599452971495658,545136.6538012901,-0.0032607972312172226,448341.85203019
2011-07-29,-0.025494557396957697,1733658.12183881,-0.03621149700565454,2138103.0384227596,-0.017791341651146094,2333214.25963293,-0.009276053783292004,1611773.6788065901,0.003847960982395102,1253771.86537199,-0.011015732029738273,1055178.4426915501,0.0015692436599838214,543839.9419543899,-0.004286870395282232,1705289.7942733802,-0.0017327131228732809,1364784.66933754,-0.00688797355051572,625598.8619798899,-0.009294627645854142,460153.08758068003
2011-08-26,-0.05297960743177834,1373195.0171309798,-0.061578485395801394,1713200.2006199101,-0.03985748594963886,1922029.16630181,-0.0505380441466228,1289991.7135358,-0.022280384692520742,1035683.99866569,-0.034000580552569305,889367.3600975999,-0.005196350869237745,507787.75366720004,-0.024158095302143322,1482190.93877523,-0.005972651888836672,1287133.86241084,-0.03603419417523007,515649.33012605004,-0.03494727113774155,399346.36323018995
2011-09-30,-0.05629416995162208,1387074.50112507,-0.0616770684677521,1741385.58290309,-0.02161221518255987,2062113.4026978803,-0.06475310614698314,1229941.3357170601,-0.021304889938815713,1111696.21557618,-0.027015332953392247,906262.50447633,0.00874984596640083,530869.6529592299,-0.012812018678794793,1525971.97205738,-0.0026557119987392665,1305416.00226559,-0.06358123178159567,487814.49884957005,-0.035636874013341736,395504.95418599
2011-10-28,0.0030303832617281992,1538925.07319247,2.3929577159162267e-05,1914845.6719163503,0.011254069101745149,2220764.55793917,0.005219294003227069,1405869.7088348102,0.002314735707874013,1216438.85151333,0.002537961271061251,973938.28884836,0.016220492961296625,554132.53467628,0.013143451942109415,1605527.5339106398,0.008214471586305255,1348606.5802097297,-0.004150579096580048,537815.4348792101,0.002700233660735112,425345.22330666
2011-11-25,0.010199313068779838,1464097.43706285,-0.004162648940079518,1743989.6204965198,0.002638374598210345,2092713.19037887,0.015483829326822369,1338903.5323966902,-9.915094599174034e-05,1135909.04211851,0.0006726736406465031,920878.36643572,0.004357636672413615,542241.4971195001,0.005321265126700719,1523209.0257263603,0.003528246972543949,1310381.19623048,0.006130094949994645,510098.19359942,0.0013611134700509302,407327.71132716007
2011-12-30,0.06878324110657127,1570813.5905401302,0.05149264578647793,1891127.36487279,0.02938956927727152,2144157.6898822496,0.07723304031891517,1426198.9045639304,0.042495083177536364,1186936.84210872,0.04470317601911486,986521.9512371703,0.026946353764119826,572827.50839612,0.040172001917475275,1646728.15658539,0.026302436779904355,1392844.5467359,0.0675849727291046,535729.92549202,0.051605904120456396,442119.38521241
2012-01-27,0.035546358779157905,1656205.5703752998,0.019822298134843146,2019231.3453100503,0.010161873404885016,2304748.64868862,0.011766006217944143,1465683.4334868798,0.02017308666293115,1244779.0860406598,0.00740371103564676,983334.4726203099,0.007223852041722466,551303.1379472999,0.023078440694370733,1682825.26270654,0.007561657610100478,1376721.1336330802,0.033426124314917864,578942.05817348,0.02029012853534632,465735.12233491003
2012-02-24,0.08096079246304375,1707230.85504797,0.07815244471503457,2116159.25875891,0.07203495294078995,2462881.09162341,0.07088655015574934,1520568.01886975,0.07226595130442276,1309047.46791624,0.043506227445340405,1012296.51224235,0.025537848166166763,553080.54916393,0.05786033132771299,1720870.32274619,0.027016560330998765,1403185.32139767,0.09221530468213353,593055.43965739,0.07055147082771213,484179.58270996995
2012-03-30,0.048441703070254846,1733834.8545591303,0.05296653184395361,2290056.41855445,0.05751287145157756,2626676.41449285,0.03579109292684897,1484418.61863883,0.053768371190854855,1376856.2971698001,0.02962145476904059,1054020.7113736998,0.018776306768652766,562583.2722195201,0.042863426851417454,1777116.1087107,0.02435396965790329,1447448.9753199702,0.052274060107972836,594619.6328416499,0.04653501513565374,499957.6354658699
2012-04-27,0.013007925806529829,1679180.55140233,0.022825945556020865,2194957.43675743,0.0323842048613446,2488720.95017727,0.030932104760371643,1408635.5824604898,0.03664969308772348,1340366.4894564,0.02984504953427244,1002073.64246571,0.017742120422508154,552433.02119897,0.014626364238716397,1732970.9221469702,0.02161228880370869,1437053.73055002,0.017466527621813603,573444.85991293,0.025696541920489785,495969.33547062
2012-05-25,-0.018211596530779632,1609305.2818103898,-0.018510246021622608,2031034.3884910003,-0.012526591606629884,2361524.2010643696,-0.015111642899665548,1307234.82422752,-0.0015164082983001393,1274316.1745799999,0.006031993808532683,1020320.4960347601,0.0064396282675712735,560586.55635065,-0.006307745835553353,1711459.48796233,0.008058449100276113,1413166.39425308,-0.02502330497994802,532335.68479244,-0.007007235310506434,490459.71869035996
2012-06-29,-0.016341338783539036,1586053.16107539,-0.018897033243657158,2057942.08748733,-0.015774539990741444,2339527.76996433,-0.010336434836795774,1263298.8103667,-0.013743111024341238,1247225.07098941,0.014723796510155577,1035251.28504357,0.01404458303675343,572006.00134077,0.003559683244583448,1742963.4635597498,0.010670748631074882,1422118.9147080402,-0.018854661402940766,531807.70762675,0.009828549935749274,499281.99290974997
2012-07-27,-0.0035468951235590545,1620878.5449256701,-0.009191716907562542,2086681.3708226602,-0.01619850001309504,2346331.7766121402,-0.0075437980630582765,1385539.3638132,-0.008259619763563965,1251944.60713379,0.017520472271651467,1074394.8213189298,0.01985375261655998,583319.0022881499,0.01317821984758729,1744721.48898241,0.014453037713581978,1463181.69944756,-0.011959558330027379,547318.3111646699,0.012537536358469095,524280.64382501994
2012-08-31,0.026403871524258347,1677950.94269706,0.02771063226507216,2191569.75381694,0.029963629494056628,2524109.0343971597,0.018039865031164594,1436459.91547672,0.025763964882031053,1304928.9875293002,0.0281093193355651,1128643.2222621199,0.009012071750697122,571500.5420565702,0.026791950802892112,1782852.36871204,0.01667668609679518,1499674.26927259,0.024911445213453023,566414.75321573,0.029021017573586317,537543.79627258
2012-09-28,0.021815888712349372,1721417.57519488,0.02607659450811293,2308768.03901659,0.02996381583797461,2561708.44778639,0.01604529962095217,1490422.92764671,0.02658457742857805,1357100.8906351998,0.024406394561340198,1203757.18030519,-0.0009679930725063472,572183.8979917997,0.02130014943392166,1863539.8769799902,0.011565890150751325,1524876.9228589302,0.026517569751493827,593972.5346208899,0.020897049374645996,543827.41098357
2012-10-26,0.00894465269378441,1682609.22574776,0.01692824429160958,2370629.31441404,0.017675001600391073,2375557.0468089897,-0.005387011464897139,1467724.4032111198,0.01591480650444473,1335522.6471581399,0.010247610719015015,1158345.0505212701,-0.011365869204870174,563251.6996010201,0.011921406205728999,1845264.0631333098,0.0036838430917904277,1468802.80500658,0.012462002287828695,590040.24512171,0.009006398045838481,544559.1390902
2012-11-30,0.007745247019858827,1683748.85946936,0.009972094348879593,2321467.236334,0.0013318369008649712,2332001.14419913,-0.011284047491885644,1410491.22483342,0.015118953944621906,1363308.9609448698,0.011519320791174188,1120464.0136557599,-0.009484150652455772,526586.33009979,0.012396725662131944,1810747.66407309,0.0061452384793511715,1463259.54276744,0.00856383757325654,579817.81309328,0.008092500277205225,538961.1557965601
2012-12-28,0.0021759070462591314,1744500.4830251,0.0019655540466558177,2403504.10241616,-0.011318175669281708,2326292.6228529103,-0.023896665018849555,1429118.03546596,0.006699380729451674,1374847.62359701,-0.004696483874074496,1152983.57789644,-0.02292214702712276,543568.23787185,-0.0032197423804661593,1829985.83457878,-0.00943006037010141,1442096.2147650002,0.003531902205349561,599268.02383321,0.0012654859606897714,559644.0233323099
2013-01-25,0.02818945137839879,1850126.08547365,0.03838812818660274,2532037.2888884097,0.028280279190430756,2361651.5706026,0.02401993600057048,1505811.36194568,0.037867594550285724,1444934.58714643,0.027626536545385334,1169697.37837024,-0.008090137881766072,550403.6917206299,0.019323837617872135,1878998.3227982102,0.012069301795539887,1505278.6230822797,0.030362730081635085,633912.0200699,0.01673982904688389,586853.46460662
2013-02-22,0.03451818005225887,1899141.2320913798,0.04198063445425184,2620499.4654029002,0.0199430765518605,2360881.31567573,0.03281055377862604,1527191.90053658,0.0323460804599006,1468664.49350633,0.03368347541757241,1228017.36207246,0.00662782054269573,565568.4809842799,0.02985246712311881,1917785.37667757,0.01521045861750267,1546899.77645551,0.0365418643564241,631945.57310528,0.026198987246640403,598671.61979048
2013-03-29,0.04489762166276049,1927632.4115700799,0.04349905951716066,2701010.54978756,0.03087789415130752,2381572.0758468,0.04520589806697907,1539293.5375899198,0.05020841961189471,1468935.03495194,0.051311083387790474,1280583.13364831,0.033119522150084846,585905.4070303901,0.05391783219332347,1990302.84192095,0.04609072298283254,1616920.28742471,0.037232458229530155,633418.3719830001,0.03429984904321039,615291.4741200099
2013-04-26,0.02111204650045019,1877784.7780711302,0.023683960910629354,2661931.86776275,0.0031566268020257306,2285543.09764081,0.02032552647903478,1531616.24335785,0.023523825069519732,1479679.64018633,0.03374182670035053,1321666.8252578399,0.023815443793985785,620537.1804744899,0.0349291741308099,2111151.4728041,0.025366307408257176,1677021.99268415,0.015846363144928148,612428.89520942,0.020418521145078965,646766.38910938
2013-05-31,0.029621497092741485,2028938.2696281797,0.03927523233793087,2897662.7591482904,0.012641656706058477,2467952.1164982505,0.030930855203612842,1630073.3709980901,0.03355946161960302,1588283.60653774,0.03567738763515671,1416689.8512754003,0.021433096810316788,596151.27524292,0.04060017817158453,2162393.1843560496,0.01972932862705321,1695171.13885935,0.02902809515487813,651839.74335787,0.023310442994468834,659118.64923286
2013-06-28,0.012047529807601823,1944228.19076148,0.027452723091460685,2817693.10135341,-0.002254651049777435,2356532.7512800796,0.00957215670582328,1550643.63611341,0.016440791050952794,1526657.6657016403,0.02176709520917948,1380283.4722908998,0.0042419154677545735,567142.1963694401,0.018291451502858505,2082828.9115151605,-0.002262148961798171,1612639.1065196397,0.012220780368018026,614873.48434999,0.006663648204095434,588871.52543902
2013-07-26,0.029312950823103978,2099246.4272665996,0.04331609874945094,3094080.15737984,0.022856735224922146,2466681.9175347304,0.028564852589533844,1662377.8160834298,0.026247294303944516,1684230.4836743702,0.035764270022367324,1447162.35746575,0.009282580085383083,611112.24941347,0.03681821560092934,2252410.46233946,0.012431777998725555,1686052.8184826002,0.023547835600400826,659503.6058748199,0.0014074189748375814,647801.8752212301
2013-08-30,0.0049693404214458895,2072261.59937505,0.01534713193673011,2985533.6832401,-0.0017027493813127417,2541545.70783332,0.00437115489805813,1607622.8194618004,0.006976377055225365,1683079.3159118202,0.017383875355273554,1415232.97334256,0.004715816679134357,576418.24120451,0.01700450977808004,2200774.62588301,-0.0035271820848179394,1607482.3224596803,0.004911349489420246,665245.6094365399,-0.015235609669423134,592387.95695772
2013-09-27,0.029725119458405017,2167460.19114126,0.030769792408160083,3039686.73628203,0.019495295268692925,2591336.2931582797,0.022163711471067354,1661607.09635867,0.031131183852090707,1746801.4429365299,0.030482656250119967,1478040.5556514298,0.012902750260927258,588580.3256125,0.03392970056844858,2265931.2751822695,0.012017840513667333,1688710.1602547402,0.02323452818145497,683132.17809316,0.006583382177245875,614486.8919992
2013-10-25,0.022966542885366037,2209397.4220837904,0.019349916910640207,3141821.2685133503,0.014163605809811328,2636888.16041318,0.015371997335250163,1703886.16680625,0.02747552418832261,1790163.70573313,0.0307761763134288,1540777.0034953798,0.012428292976747569,600054.1335509899,0.027876253070260378,2324462.1079837,0.00957362829599966,1708317.33878318,0.02081835800730069,708492.8346754899,0.005765326418701451,652051.57484244
2013-11-29,0.04567285100493917,2304606.21507202,0.04213790450141651,3264340.59643496,0.030544067491912446,2669609.62852713,0.03248511086295399,1726908.9149345001,0.04777133437592877,1865575.91072097,0.04426186694821919,1546737.44340021,0.019286630046034748,599630.74973388,0.049984224225672745,2459401.9466627403,0.029003414221051405,1767961.19169477,0.034336660397527294,711392.1812793199,0.015918170335765952,628123.98045868
2013-12-27,0.03710513278340847,2364509.2265161304,0.03492666930340957,3326933.0298633203,0.02667230628441308,2774833.27403929,0.02704299551587247,1732944.54201708,0.03792540992486722,1895924.17971928,0.0400805452691621,1613223.9625372898,0.01178045920706652,592939.77206909,0.038490504836075565,2550406.1039228495,0.021529565369110132,1747944.28643562,0.02915515861676475,732166.6316654,0.009353753555566769,634147.3700967699
2014-01-31,0.008889122388068025,2277309.93635475,0.006012727538226865,3180944.11633577,0.007232083832991921,2716924.85703359,-0.0037685957108614908,1664253.3647346897,0.008648506783340039,1812887.54899968,0.023584471291102884,1607256.7518034803,0.007403358636312736,591374.74451805,0.021985559317376634,2563005.8353942903,0.0014043603545899617,1686919.80736372,0.00037666821488800835,702637.06704523,-0.003425862055158969,638053.3746301201
2014-02-28,0.013329811238319037,2341229.28953008,0.00938889643882812,3259798.75360517,0.015832926111878733,2790806.77850606,0.005028478423545266,1727120.5064481501,0.02192456391439887,1882418.4528405198,0.026467950919251873,1748382.9866558302,0.009411280982906904,625067.83484842,0.029369613922939,2762950.12721614,0.0062700787299705425,1697722.6955664698,0.01770751338149459,738001.6243032801,0.006287511848599895,686023.1680565
2014-03-28,0.0013626583713094698,2332752.57426945,0.00804526058939592,3369152.1326240003,0.010564299357689282,2822816.38679532,0.0026169686110010413,1730927.63818891,0.006838363433765005,1877846.6618353801,0.004696367475511351,1706992.05500894,0.007648837123083272,631596.7904311401,0.01362617308304421,2670782.4083124,0.0032305061388436585,1730615.03397545,0.0028941286867210664,750006.2980786,-0.0036274875037139147,683738.8323256699
2014-04-25,0.01693277967100388,2357479.30133744,0.01015451661153537,3263496.3251623195,0.023223023482983073,2785840.8603736,0.036639364227478044,1843408.73565687,0.005319482325966027,1847662.5963059799,-0.005842747905568553,1687302.53359333,0.018732084715573707,654588.9215348,0.008174240628389293,2647136.6482332703,0.015937777117376484,1769400.6806012301,0.02488377781450976,754545.58965338,0.006330300062296238,708364.0183703
2014-05-30,0.009263955350640823,2379987.10211142,0.00373767144000554,3277740.48978171,0.01831793803653902,2864143.2618726203,0.030786645038875342,1855529.2124531802,-0.008233599673017289,1846504.93906868,0.000681489164882169,1757134.25784516,0.021946641905653458,647320.30195497,0.005056794637788841,2721205.5271444404,0.019128332312906626,1787715.4232086097,0.011031605617873568,756870.1235875201,0.013179941335536776,734304.91022344
2014-06-27,0.022356577633999217,2432322.85078736,0.006442155335192527,3399465.64346694,0.024394582534856178,2974334.8269356405,0.038778565976089585,2000487.85214887,0.014560737423193918,1886351.8515508398,0.024530498452948857,1797790.97106408,0.021216742201187095,678046.9950135401,0.01732674208074988,2818241.0119301705,0.018406214496280875,1833699.7298623403,0.0310631196755796,781752.1819293599,0.023005290923156285,745903.67373029
2014-07-25,0.018938844858412525,2432291.3542590495,0.007598509241924479,3335088.76748991,0.031202777436063003,3024149.1626416193,0.0226669659314863,1949398.88916976,0.020636162982338127,1874334.1609270303,0.04167827125367141,1875767.43191209,-0.0019991718649742273,670856.5271181001,0.03093382766912922,2849979.6553938203,0.009935934521179033,1816040.0152418201,0.03089926261012313,777653.9024175899,0.019886916743033164,758341.4720834501
2014-08-29,0.01616455741339986,2441848.78085686,0.012475230062119197,3397732.62527058,0.022413505997278836,3107072.92934303,0.013048437149300318,1925666.16781636,0.013729731638661754,1927787.63621942,0.0278033211686349,1855187.62300151,0.010910616745849543,671542.97038383,0.031120087593777726,2948527.40322047,0.003292273795689461,1820687.22468589,0.01611856575467533,784273.1191066699,0.016909357802119968,772728.55983177
2014-09-26,-7.113371466090177e-05,2417998.8453661203,0.0035716871751418433,3430599.8696885603,0.010803712690994168,3098329.3154364596,-0.01996785393447901,1834878.59571805,-0.0017969971223138746,1881053.2695722901,0.016825835649971217,1864067.83654159,-0.009777419722862552,662753.4159929501,0.025611086093833973,2997394.70202603,-0.0016616080593134372,1830261.36391207,-0.0003372248702604298,778524.11219412,-0.004009701658455579,739749.8821689
2014-10-31,0.009223211794342958,2389162.6972998297,0.014084034693522374,3382503.5768775595,0.01716364090516421,3006133.1051678704,-0.012555313769091837,1676240.0295268502,0.009595685251956634,1868066.1589707998,0.004690020232880449,1829055.7846155898,0.011530358513779083,695458.40513288,0.028553604751072048,3018444.7749516,0.0030839953152416366,1833309.2551917299,-0.0045409967741132165,716942.07025434,0.001777018369781752,797276.5688838499
2014-11-28,0.008023124524813496,2540461.53800976,0.008978052138649903,3570915.67481908,0.02267780610822418,3257932.94837379,-0.01993589060697961,1698306.9729357902,0.013592688988007575,2014838.82387541,0.021614549807917414,1870815.31644514,0.003275693177316595,707458.2634596201,0.02846654015367804,3153472.7585534,0.009133469984033504,1924936.9770206206,0.00910811223932868,764661.19501074,0.012274768305507725,826016.0968150003
2014-12-26,0.017132409644033748,2554915.78068582,0.01932601803606382,3639310.8889329396,0.027445725005903192,3299865.4415459,-0.00038825372944455556,1612639.32015724,0.022899427213722203,2021411.66011331,0.01765814483339006,1878354.9217705303,0.030981789577450222,732413.68091952,0.035019424667957356,3223656.59248826,0.014708803919983391,1955271.69057549,0.011734929898507912,746616.64372545,0.029262191290769117,856802.94059795
2015-01-30,-0.006073898536014904,2506929.24845086,-0.012980612189738313,3454979.5403795703,-0.00045595620414333796,3204874.44421707,-0.031465001760446115,1573458.5827338602,0.012552923184445721,2028328.65131517,0.0003151580783248536,1831799.39406262,0.0012896507258195935,769797.1490540401,0.02495413001105677,3308212.62679274,0.0018188978774549883,1966279.6390330899,-0.002851106182115695,730508.84141086,0.017942060306650392,913805.80149134
2015-02-27,0.008213305029896697,2578157.18367282,0.011105906441746267,3579595.6919967197,0.016025620932430908,3375757.4158532694,-0.00549850578432798,1605654.28557319,0.013057930208951907,2128060.59237965,0.0036231856862140484,1907136.0304125,0.02065375850547808,721153.78820133,0.024031928642396082,3401877.3093324797,0.008632021390996841,1967979.1427667602,0.0021947164903424947,781580.9657165201,0.018542655042501827,894640.9315646699
2015-03-27,-0.0011453592734832025,2550766.69415301,-0.0021164333196980172,3610615.50539508,0.001116157426586867,3323270.40676648,-0.016898348251369457,1558697.0514989598,0.007886962035707766,2164626.25317511,-0.0010329850388229923,1937322.56031134,0.006755549658413509,711820.0431609501,0.02222559391789847,3551908.6124224,0.0025341926153390937,1950981.6875696904,-0.007021368105727316,752586.1696610099,0.014455971349653596,912144.13236642
2015-04-24,0.020297849632851524,2543071.62017336,0.027560042978261295,3593955.3566829497,0.03518610027128727,3300976.17126747,0.02106558173715889,1663081.67405994,0.023808173514835017,2142503.5857154,0.023935489274751344,2257405.18781674,0.009060048103920373,711311.4307132701,0.029854546821882752,3375832.8372578397,0.013852111397999517,1947166.2585490001,0.02108353577424824,754118.5228126701,0.004880261681651505,877203.49318438
2015-05-29,-0.002222656312016129,2537946.54851121,0.005017965065505829,3694405.69758448,0.006980914945576855,3385482.97122268,-0.010642525394403093,1614621.94532185,0.003978556168045314,2158221.1769021302,0.001795617029579347,2284941.10975432,-0.0028221280025933523,701659.67845892,0.01968644379459529,3429277.10160555,-0.00014984858988047287,1941872.4090561897,0.000424704219232323,765057.3620361602,-0.0029198694146720574,862328.89870557
2015-06-26,0.004239866122238019,2520756.7133925,0.014034662655573191,3780553.89892349,0.01166083113967685,3348264.40384649,-0.0015639488800741638,1567462.0621308102,0.010911230823896376,2178491.12614036,0.008859292934598114,2322838.16571065,-0.0014979697519780892,677697.6375642801,0.02281335090976397,3522933.7270200895,0.003517363131221499,1941468.54413823,0.004723480751143479,764098.24262892,-0.0022681789959430438,844854.71019776
2015-07-31,-0.006441851894716796,2361475.06258964,0.009054469755668832,3756323.7531985,-0.008951877823267456,3154971.78386629,-0.05405512126026516,1397444.0165088302,0.016647499493382338,2152769.4406927,0.012733190617341048,2675770.1034900006,0.0054077476736771836,669402.40035609,0.022609079950946832,3435357.27181791,0.010328999681871372,1953006.83505593,-0.02404916444117151,673113.36346686,0.012622934579006467,850099.76357319
2015-08-28,-0.018740358339808815,2219724.30464512,-0.010730814149414469,3441006.26846761,-0.03185317035458815,2823771.9688468003,-0.0467796192473265,1230472.87407906,-0.0034342731935558435,2012030.8924028198,-0.004625206086426987,2483778.5768221896,0.00024154673415781894,665269.27850403,0.005762780389294156,3164840.6652386,-0.0071592087579555415,1826454.4995323298,-0.03293274098724642,637174.66893654,0.0027536579055359375,805048.20983424
2015-09-25,-0.029968999990545996,2280757.5579263,-0.0278732728043371,3492169.8105693897,-0.03427252479141045,2997751.41413071,-0.060368291675687684,1287693.7618366699,-0.007077636758150397,2133951.75527051,-0.016049119959049753,2585971.685870051,-0.00395338193187838,656623.2862337199,-0.013340941204223713,3209939.0279358397,-0.010337298964884955,1876951.6644212902,-0.04232180154380038,647269.1842078401,0.0014358677263291656,824818.30162862
2015-10-30,-0.002685504048962914,2415497.47842588,-0.0009346341965670951,3639623.11887409,0.0038837243381334313,3191881.9017405896,-0.014687523476771007,1357701.11403772,0.004609140055995685,2202870.6819990003,-0.0011060491665259202,2744969.39885148,-0.018410965741768443,691543.5456171,-0.004798486143166492,3144591.5661094296,-0.0032149367744005023,1912741.5670800596,0.007273181957556886,661691.9982507899,-0.011519693728705815,866283.3339435499
2015-11-27,0.016688017896309217,2442088.7338361302,0.02310434407977656,3714333.9428233,0.019891323588336486,3164563.1544641396,0.001870733681688437,1357886.95978705,0.02740858773379628,2198013.05220375,0.03723091118017179,2821106.76440832,-0.0004345436324765561,663286.4941529302,0.02148353309601126,3211270.5033756695,0.015266308908378837,1884004.4183172602,0.016274037540295466,674771.1490505299,0.00990863881746323,865157.4134322
2015-12-25,0.0208500957832757,2330091.00713108,0.019877267069571502,3568480.5756490696,0.028582448249850467,3051640.5192736695,0.014051820769190912,1203842.82450248,0.031727666561190235,2130379.99222697,0.03947363967717671,2728085.87131336,0.00010941041905025235,663715.9743423102,0.0263596757580084,3213335.05558923,0.018113723112825275,1898412.9553567502,0.025502742144387358,634649.4854919,0.007788053559289056,857038.1192274501
2016-01-29,-0.02771922489772647,2113453.955885,-0.03281875392547856,3123817.33143944,-0.02820657671812697,2751005.1480543297,-0.036644301897360745,1102095.6334323601,-0.014301179249959987,1954950.31392679,0.0020261030837440954,2536209.10479367,0.022352944230922912,671249.34875048,-0.02479934121356031,2976002.20910175,0.0007130225473516594,1847842.8538934798,-0.04701345992224636,555442.90955049,-0.014370662687024156,812554.37246058
2016-02-26,-0.0227057142027986,2234291.2680805,-0.042499432514566574,3186331.0716648,-0.02360159290372256,2813232.17529545,-0.028754119097676938,1184364.74641371,-0.021147692116657252,2000957.2942598998,-0.007013981332706674,2550723.10735204,0.0265224375739623,719806.28719487,-0.031236437500975267,2946696.1718471004,0.0004300949920221127,1929598.98683943,-0.027073925641574213,603698.98180658,-0.02051853663417897,822823.24512903
2016-03-25,0.004269669790119236,2388806.1885915697,-0.018126272935995294,3355402.31978584,0.0053630159402877735,3016583.59808767,0.004763559390707878,1288132.80810078,-0.004692468278608251,2109957.7223804398,0.004700825195063094,2678399.1433063797,0.02536030558939015,752990.5251328801,-0.01639031151280533,2991265.62536943,0.004667599573526663,1995937.6295706802,0.017400772094914238,663819.65755552,-0.0027848846661415526,887749.72475982
2016-04-29,0.03596849700303911,2384736.5009883903,0.024809420807619907,3440136.2843784606,0.020692885236416644,2950003.4493382904,0.062022214369792245,1382235.8271077098,0.02025876221098604,2140514.1069848696,0.01545041256735257,2686934.7573024197,0.014664411185453592,732287.8655109899,0.020082357632990037,3169389.22864488,0.011539320063644233,1965408.33011864,0.07380124891076081,661529.61111167,0.019484539570641946,898303.31177073
2016-05-27,0.03621566939584565,2339816.9689462604,0.03202385750759908,3407924.59225139,0.03134422945129431,2874501.94252083,0.05949234290959024,1374112.0557722002,0.03064553858727199,2089066.20727856,0.02753154018831563,2661314.8165272,0.014942669797824479,740628.00791035,0.01911983456309225,3074550.1652447903,0.013484924202141898,1951859.33725518,0.06078879514917984,647280.49166339,0.028457709780768194,902749.5767261302
2016-06-24,0.006943650970071511,2407358.5678929696,0.0027914230014335407,3322964.82193005,-0.0015513269672776681,2938381.5180234406,0.01808071927912325,1417968.3704048102,0.007421539902296647,2120537.60419318,-0.00017949688679622734,2666707.62307201,0.01044092210868421,782108.42721985,0.004551608379176951,3129200.01052348,0.006349027217583107,2013541.2344567303,0.016282502029075,664093.1014538199,0.016432922746317538,935320.0580668399
2016-07-29,0.0212857315729401,2452482.2394147,0.014782945421302133,3468226.11786565,0.03688406963689346,3070653.8765621996,0.004925329584894493,1406711.1560976198,0.02205709610129771,2204446.4989876403,0.030955584420258173,2760327.6213852097,0.01140702886672437,816657.3065561499,0.017301052960085012,3275391.6193073103,0.016999018917902547,2131416.6121798996,0.01952291688615474,690507.56647992,0.028010526737713766,1017760.4718429298
2016-08-26,0.018412861450928686,2480947.90243722,0.01403072697266559,3554003.3878009506,0.02292367606687051,3194337.3221890205,0.022717177787949253,1442297.0961989097,0.01526804550246921,2202811.05299461,0.015228729005519765,2775606.0149834305,0.0078591924675547,781883.0057018299,0.00862916981184648,3253549.27095207,0.011803064026693877,2105686.31266141,0.025321373877561993,694845.7429836601,0.018225525067505154,999107.8928817702
2016-09-30,0.030130930362026315,2451751.09040961,0.023874735655119377,3520009.91260202,0.031741073639560344,3151600.56785288,0.03631112989688849,1397631.78331012,0.023678823159192352,2117855.52492327,0.02640919373231274,2785426.32755118,0.012685883608412218,774203.32532388,0.026062944562688116,3181259.8017795803,0.013159966596317187,2029815.81148028,0.04582188349765424,675177.8213874999,0.024362292258953627,998369.9658888399
2016-10-28,-0.002320807593363194,2425837.6860408196,-0.00121609194667635,3622635.22750483,-0.004435809615690067,3231934.62485459,0.021590403660395135,1452887.5362330102,-0.011737748783046575,2112801.50496248,-0.007497937040728122,2818518.9656977197,0.002290126268298474,737521.5299346,-0.018354163703685755,3045585.20820321,-0.0008179366174275808,2025075.72308421,0.004832520190893484,674451.48083926,-0.010935849370157093,952121.7741380599
2016-11-25,0.029384121841350006,2618163.57261459,0.03253791154818362,3993923.6946504903,0.008524106213616198,3287369.40076618,0.021946726409331114,1501259.14557913,0.01112189276935702,2134700.48224774,-0.005268542645344728,2767374.99236983,-0.001626919317612401,720311.1377026401,0.0042034190152603675,3075612.50512881,-0.004145489284194013,1975429.8844033303,0.02745436300580348,710519.6762295599,-0.006877244802898053,901469.83130618
2016-12-30,0.03421639413392599,2689649.7731685704,0.04516814964144375,4194661.8605227,0.012877716891683277,3363696.27485878,0.019736868720839087,1584484.95563102,0.010600704617119235,2140631.3500637403,0.0024530439084225965,2864538.9505289397,-0.0002358113706093019,753624.38101894,-0.0047759700507343265,3065790.7331656097,-0.0030063135176611696,2014787.87825006,0.025148790223510412,729810.63389077,-0.007880934539467333,940719.69065659
2017-01-27,0.04671830827422063,2686212.80713225,0.05703167973270798,4159571.38421444,0.03578884513568681,3320714.08979465,0.023260440836818656,1545026.1860780201,0.02775902327262915,2170710.19711895,0.01821517250707318,3002388.09581469,0.0024207852879068632,737264.40039275,0.01812662572243214,3077802.0119098695,0.0027686865173253013,2010586.8605272297,0.045702438320803,745910.4527886901,0.011045822195812936,964026.9431983699
2017-02-24,0.015573437753344813,2773551.27433827,0.02471193460345318,4374795.559061879,0.04452745688013306,3545219.9678636,-0.0028039687587214446,1494050.97875535,0.017001094786178332,2225869.96197364,0.03207691844704634,3031593.60983572,0.020127627475913363,754819.6241515699,0.02262191985015293,3236651.6770336796,0.019909082308686103,2090340.88191119,0.020122315619478425,771515.00467634,0.022962475557568078,971985.80103699
2017-03-31,0.007385070419329461,2711031.1129977796,0.014068701958752572,4212170.84534728,0.038485543684882426,3560060.1381985396,-0.006835905605532639,1416093.4486069202,0.016540272975854607,2230916.08712005,0.028994099809097243,3049284.8217004603,0.01785776331053369,787900.9678693099,0.02714320486323117,3237486.4346860796,0.019527542130806725,2074318.4328519201,0.013397556167387479,760166.1197665099,0.021170346415219816,960207.1808266798
2017-04-28,0.0047962018416415324,2787487.1536049303,-0.0022457434053091514,4265704.98380319,0.034420937942814846,3593961.0156339398,-0.015387886501924977,1403614.7550497204,0.016432302287577142,2313967.9022618397,0.028830310266631236,3132691.413693411,0.02036666547966051,791429.27834566,0.025285326277807475,3243097.90685446,0.015053051202972177,2101558.26401081,0.005277127653100634,775957.1232948201,0.020890623156758076,990577.2442063
2017-05-26,0.0031551478207156687,2778338.3211096,-0.01436958754341195,4214548.96327372,0.020671929820547733,3724060.57552805,-0.01605494754966179,1392427.00789394,0.013795843029491328,2346139.01062371,0.026067181758195675,3209741.27388262,0.02732167186586862,795791.8385844799,0.012913331660368541,3270262.55447562,0.012589126181254325,2107512.4672094,0.005319015802055712,763851.52926006,0.018809561869166103,985254.97120378
2017-06-30,0.009747419930087873,2831940.45291455,0.006768201648706478,4348956.46179231,0.01442291047713692,3819238.4362397697,-0.01620812184439996,1325211.1278138196,0.018692455607011705,2379742.37230759,0.02392314997267631,3209473.7666356303,0.013378371080505701,816281.6995461698,0.019139983103631738,3512034.35722646,0.0010714794303475835,2075666.8406844498,0.011008568832374202,779439.90446206,0.012321805751225809,1017217.85986659
2017-07-28,0.013561406940147635,2842834.44657671,0.014943590217909178,4484375.204680771,0.01891342044856329,3915686.4536436806,-0.009531046787733843,1357346.2360885402,0.01597629914074511,2374242.11414667,0.02712812230604593,3316867.67039217,0.01397735302133357,809057.47404711,0.014233746167931174,3527389.9489144497,0.004214958600192612,2050032.83391393,0.015426123909653025,801055.9240541,0.007235794358843683,1011692.71234679
2017-08-25,0.005488544646807159,2777577.2063508,0.011347867627151422,4412286.942137579,0.011636841978499356,3849016.1476382203,-0.011504601409600048,1281747.41674653,0.004242930533827675,2284122.04642194,0.011621805995754426,3203035.0603869297,0.006667847457225147,832704.4651517,0.0018611938213362804,3424125.614799,-0.005115265496124212,2059099.6144926301,0.0076852530822982875,770982.90769732,-0.0015454970854681988,1008220.2428164601
2017-09-29,0.022855437017952264,2959003.6411488904,0.020223508024417844,4597253.69669878,0.020921480708190936,3930767.33441532,0.010603159215238564,1427185.85809451,0.016173944129436218,2365413.0551198404,0.02098082506086714,3240714.0615783096,0.002740978122077227,824104.50481117,0.014325349170396101,3584570.4402901195,-0.0016265673990543828,2030814.0289670494,0.021093309416935633,736009.3137650401,0.0014360505200078492,1016320.3140908999
2017-10-27,0.023637617472479625,3023692.5716254697,0.02401445664107578,4748939.08218104,0.030055588422807727,4179632.5337284403,0.009925813798193638,1449656.92951489,0.022222496649302252,2427574.27084406,0.016559275731740375,3283380.16016793,0.00715557692309381,852746.97110331,0.011796694081490002,3652925.1536145303,-0.007921944963458185,1942603.97080815,0.028411429614422383,689314.23118595,-0.0008437749402810721,1019207.4956752199
2017-11-24,0.03372917251990466,2956633.2240804196,0.03186513629734418,4706801.02611395,0.03423551932996423,4400086.02113125,0.028083916909404264,1449051.7610486099,0.030149565859842478,2518503.64780609,0.024822947096684807,3353612.7356079794,0.004887285818176037,860370.05287058,0.027439822243284662,3544128.8503170903,0.000706263592228608,1985084.4243468803,0.03270395593316787,688689.5954696301,0.006340185547088205,1042966.82143512
2017-12-29,0.0217116112198511,3138109.6996766003,0.021767438464769986,4971182.957967039,0.03295014427113942,4415502.618769141,-0.0004021486529437513,1555334.26724546,0.02564173185201475,2651383.58391157,0.02439859203983977,3508202.13294777,0.011079203986255719,819569.9157305701,0.02118309307340524,3623904.21285138,0.0157802006290185,2073621.9782969004,0.023410375395411846,720596.60134201,0.008519370452175407,1029431.12138188
2018-01-26,0.036884329553536634,3295159.00641081,0.03909805016349283,5267730.874612249,0.03638754704069236,4664293.52433913,0.027670986383918544,1674746.7997608802,0.045707994509649144,2855036.58574648,0.04183448022449627,3727330.53650056,-0.003005778015088487,784072.8309032499,0.050195944239163605,3907949.8692457904,0.03481775676798123,2136035.6585068293,0.024381093268581032,751442.2147256699,0.0052359563158128584,1003104.2672241001
2018-02-23,0.018499783112231136,3176773.3948833896,0.019972937544130397,5110306.98795859,0.027129839709995225,4598523.2575995,0.010222113449109511,1464000.9470786802,0.028440859048625797,2780033.26479861,0.027996422351977888,3583790.22125314,-0.002599318553494998,780501.63505656,0.013934104222956661,3714708.35940097,0.016650352521454075,2033555.0987699898,0.017325362000119568,721355.15897139,-0.0024020419375779816,974564.46316251
2018-03-30,-0.0016192007160369152,3081371.49842937,0.0013510820153562518,4940875.723932089,0.01886020859605455,4690738.71053334,-0.027681792977392834,1462314.9656749202,0.00427313143687089,2749897.80884846,-0.0062492954541097535,3377484.2099863305,0.008423716487675651,778603.4764147302,-0.006394941728051769,3559213.34760162,-0.011857851493541505,1903337.22194965,-0.004241366692708592,690777.53605411,-0.0017241151062099393,974696.1222335601
2018-04-27,-0.02109790184684447,3116851.31943441,-0.01757462945319633,4967927.18337739,-0.008618850929373312,4545822.900189269,-0.03321978208105136,1604489.04402235,-0.01778612439136764,2731017.94893259,-0.03984753536529271,3425554.32515609,0.005960618628663053,790628.43822515,-0.03011600832244262,3593719.0612429203,-0.02814746312979501,1854944.63623024,-0.021530610197412727,707691.1140188301,-0.001225927137676206,970935.83720128
2018-05-25,0.006109420708849488,3159844.42416849,0.0067811001110770356,5062389.0401721895,0.007589406341000371,4797310.68772686,0.005211260447594755,1689569.6213355497,0.0057726631047842186,2813323.29648906,-0.013967934252031832,3480577.4388063895,-0.005539670635611601,775420.98817383,0.005050060965030096,3632485.76264175,-0.016409439003226247,1833010.20812287,0.0019006897446351132,724523.3559081799,0.0012704588402075215,997545.3617348201
2018-06-29,0.006720635651623305,3012401.73169596,0.006186361319872893,4909557.330486041,0.013553688316661427,4736909.8541576695,0.035068886510186234,1612321.61395583,0.024770256880734108,2869469.16189698,0.02395294735687228,3700317.47722522,-0.00048459022978712197,815995.9948747901,0.02121954850791731,3704837.6831269097,0.008134124322825759,1905259.0205989303,0.007668685957729868,699151.6472527101,0.013333927046655297,1053128.34920287
2018-07-27,0.011913911703336836,3021224.60868614,0.01645727334638514,5110414.92788696,0.028527496952258466,4912613.8866574,0.021431627435890426,1638842.2136059802,0.030728690435189727,2960432.7718729796,0.036419729501808745,3670507.92738539,0.005221699640480091,829252.48803961,0.03163391923260258,3862327.35505035,0.013497133167094116,1931134.06984902,0.011757580563907421,700662.42234689,0.009302566343814248,1059275.7335800899
2018-08-31,0.008734443428241444,3154780.7278041104,0.012648448672473112,5224375.86702113,0.04000338600460586,5143367.9593153,-0.0015877355087811295,1649806.0903209,0.042393454133678087,3036760.7440269105,0.028923420590765046,3774484.393425201,0.007465120715153067,848561.26265055,0.03916025258538745,4068986.43251824,0.017690943228996257,1981929.4053466101,-0.0021992877584908585,706808.1110398201,0.02035588687297335,1092692.44353414
2018-09-28,0.019205366422568378,3188977.51497646,0.02005883009947046,5217776.63032398,0.03507691383312665,5179034.9225075,-0.0009890511560124728,1687275.67958613,0.03810917308228612,3036856.02996141,0.027200566004529827,3656751.6715573203,0.0018686827346648448,842258.12209879,0.03712484867615175,4171503.04688501,0.017254478923455465,1989935.6618468,0.006628223809656516,858533.32782081,-0.0023385390931279226,1089075.7281646
2018-10-26,-0.031070628661583947,2915038.83874599,-0.024336663499134797,4731236.664123571,-0.012577452779674243,4820273.28041139,-0.04247238464158858,1544655.3827559801,-0.014818625014077654,2766045.40965386,-0.020111674673619056,3467542.01782016,0.003541709498068379,864278.99258176,-0.011773732126097051,3937632.5322342003,-0.0015872036473515798,1945087.91510802,-0.041424786786002775,755309.4129484401,-0.01044643092541465,1012437.0315505101
2018-11-30,-0.014270207009928185,2816529.68465024,-0.006273676775349543,4779538.08285247,-0.030657721754717905,4501018.1718710605,-0.033562022802415215,1416936.9225017698,-0.019160418368766655,2703203.67464354,-0.01897350259713806,3358564.2863119,0.004545006695942521,866492.13894414,-0.004638314342060717,3946744.14999415,0.0071065526876456,1949666.8426385801,-0.02101545230251523,779069.7780554801,-0.01902221664025667,1054496.0643481896
2018-12-28,-0.0576783970167822,2424962.65993357,-0.04695681078635479,4109986.5083077205,-0.057619361384629926,3965617.83949557,-0.07652084451876254,1186454.71488646,-0.053532594556034804,2360786.27227893,-0.04512115262808089,3070703.11915821,-0.0022432984056610893,821429.12830515,-0.03799766519324792,3561260.5170827303,-0.023144239575902517,1744528.66050039,-0.050823702141000654,690445.04003368,-0.03747771721887813,957252.85276647
2019-01-25,0.006920893766943442,2782660.3884368995,0.011618225803775094,4665513.63676802,-0.0024406959292355805,4501717.3206528295,-0.0031076544540147785,1369876.18177937,0.010444978270431527,2750507.62776483,0.005319167410192963,3454770.50715295,0.017941007932125275,858546.3978287401,0.02009475657118093,3890314.10696792,0.009156409547724943,1875007.2436626,0.0047823316274909,790874.3731789701,0.01045174578949357,1050052.4544119001
2019-02-22,0.007163612114850239,2977717.5669162404,0.0048930561695245,4755315.21780291,0.010808795368409209,4811790.65720681,0.01667881623097001,1413064.18711989,0.017140245672017124,2818741.8382523106,0.008979193128002407,3547833.3473613597,0.02141413056506086,904654.93179786,0.016613269054556207,4002722.1860948205,0.01060598604379645,1943795.88312865,0.0016937461052330006,821052.5612419699,0.025445786284855967,1122477.26346772
2019-03-29,0.05550822884030807,2885588.44638732,0.04546420253673069,4617744.41761167,0.052828171708596536,5035406.001516471,0.049399447568946014,1410628.6298580298,0.055975961322495105,2845508.7732036402,0.04116986518740109,3687412.2074296307,0.030067134316376892,952325.82485237,0.055319214763329,3930988.4781950302,0.030886762804193443,1984723.3986457102,0.04182876477309144,804596.58324665,0.04622166920106713,1142735.4823321002
2019-04-26,0.04070053558952022,3055797.10219527,0.03424648600358525,4910930.806518249,0.05198520816294141,5332999.911143061,0.01410680380364538,1463263.0071062201,0.03968079834026732,3012387.5707313996,0.03799190130311062,3757142.16191495,0.013995309355465535,923275.0902624199,0.03071912785935295,3729625.5169049096,0.021666042327247143,2027099.06739667,0.026183992436183894,804090.35437148,0.022879099203477325,1128208.37921372
2019-05-31,-0.0009313242365692578,2897676.62166271,0.006082612360141449,4851175.25117552,-0.0030207516790957557,4954220.01897708,-0.04385931788381306,1304191.0369779898,-0.009832994296651005,2857068.13733432,-0.008643734947177531,3537967.0668860096,0.004199549401598604,955490.8312566901,0.0009990769414088192,3824474.19280596,0.0030417396789462654,2033172.4335121699,-0.01910832487389758,802125.0044129,0.0029303801375883762,1173590.48723779
2019-06-28,0.0198038647192438,3041017.1908855103,0.025182762048580276,4974924.73254557,0.017022956882160413,5290062.39439953,-0.0030332642273348236,1349446.8795887,0.011792595366801745,2987588.57286484,0.0023089132894205597,3600629.0444809604,0.013872531757796255,981161.77223741,0.014705585698086592,3999523.7293601697,0.01835384857132951,2088592.7390387098,0.021764193133141624,786378.68101122,0.009371433324408639,1203146.52437941
2019-07-26,0.009859243191184891,3070625.6932859197,0.018674018046289778,5112073.1328691505,0.019961479064667297,5474014.80406671,-0.019867469771537298,1335021.46699924,0.011596882839273487,3110838.6805342296,0.010497945444807024,3641010.01987024,0.00940313600093582,966703.6123680101,0.009500161525748384,3958752.0164282303,0.017972098475486496,2125556.01932015,0.012865919089378218,786741.69715625,0.01056074000230936,1185013.1575921103
2019-08-30,0.025224716039565435,2922290.31414021,0.026576906142122134,4916648.70857709,0.029779253441247273,5200953.82466371,-0.0030654623162293475,1187472.7259963998,0.024102741538690603,2933884.2949413,0.01910314684238262,3621066.5787951704,0.019223515202345005,997043.7128250101,0.019949391309320882,3871297.0376791703,0.026341791821015103,2146627.70316435,0.0254287994368033,742299.8179737099,0.024232402899456044,1238468.49816911
2019-09-27,0.006584791501279667,3069718.1362949098,0.009998968372928222,5174164.39153781,0.006334229967966565,5387226.189259911,-0.00857990690737698,1295087.7685614,0.00038002352533550617,3018509.26377655,-0.0006011225418291617,3711689.93493589,0.019313825803388186,1031754.4847367102,-0.00363236259545368,3947630.3499535103,0.013457003412526845,2171867.7190207597,0.007796053788525917,781113.7241368599,0.01242957600619234,1286346.98438081
2019-10-25,0.0059238214506417575,3040028.2326011397,0.0036678348239898365,5123051.048474819,0.002367107773121332,5337932.5431135,-0.005605660601267838,1202164.05187109,-0.0022764958698813435,3066965.69788498,-0.002791298365200342,3842515.5409519505,0.015754077110958147,1035534.61776102,-0.008707989855294185,3970697.95442694,0.0007471031336781966,2181546.19612505,0.0057961419975855934,775593.2850114701,0.010504773475196781,1314565.3205412403
2019-11-29,0.03802088979279498,3212461.1482708203,0.02739940945363052,5369781.54121566,0.033189851029220376,5744981.452909289,0.013326125306295154,1221355.78114937,0.01752916929468236,3055735.4642399196,0.019282989666982574,4017063.8412709697,0.01842036875626345,1012324.52638265,0.027875053022806913,4343469.60290885,0.014584041472547039,2200528.8133539697,0.028538426907992343,800549.00363519,0.023153728276413144,1278002.47689549
2019-12-27,0.03365614649722781,3220118.6889809202,0.026511808381146106,5516042.02614632,0.04643658278916687,5967502.134631559,0.013043262481254002,1284659.30941047,0.024161982982617465,3151492.18654508,0.0320744998011247,4143778.2843672195,0.015850512553929465,1037937.87083666,0.04383664873632282,4524083.318060521,0.023194940282484276,2253860.50480178,0.021980380424796015,821944.02563194,0.026019785298485504,1279038.6962980102
2020-01-31,0.02074681689768006,3193892.2504048403,0.013650909305083309,5450708.30785485,0.0487547356814276,6158876.367451491,-0.018644004244234992,1160910.41506468,0.019607345363147736,3134357.29163465,0.02966092301397072,4191636.052358249,0.028582206695979242,1101105.12899129,0.029098085297014735,4390181.795483029,0.016842097868117325,2253620.32539615,0.004350230369089806,782154.60863596,0.0190258426513121,1334095.0551508698
2020-02-28,-0.03135025407446476,3135365.2606282597,-0.029594629363299617,5309960.01378338,0.0034361338728730057,6107477.498832321,-0.06785087317506877,1052885.94573686,-0.010234414844435328,3194207.0008079195,-0.0012564855760785899,4124980.0559381894,-0.01701631640780437,1121770.85450793,-0.010865853096186744,4312087.352627439,-0.020388627117279505,2223822.09495614,-0.03993947179176341,766718.9612275399,-0.013867554384912828,1380318.9883232901
2020-03-27,-0.09588469452195572,1931730.7839534902,-0.09661547649684607,3357751.43643325,-0.045979434612788105,4677879.36775163,-0.19879015618412987,509227.18205561006,-0.06504891771123428,2184259.55366752,-0.06837472520941316,3179076.24880099,-0.05085780342878869,730532.1642086501,-0.04070655695253606,3325596.9787809798,-0.04352304348755941,1745071.6542814898,-0.09442610912128543,543104.62107576,-0.07757334206113531,823505.3333001499
2020-04-24,-0.06739574988973905,2363833.42342926,-0.07234465295796504,3991659.84473328,-0.0012876094548074269,5740493.342129769,-0.10948176326065157,693066.6317915099,-0.00947347723942809,2822866.73067181,-0.023895042466953925,3776643.8062083395,-0.03562134183654059,931724.46407718,0.009756644283348603,4336809.46363254,-0.015172281462891483,2151529.0176871596,-0.04709588420142223,672778.64958178,-0.061988437548545224,1016898.49162663
2020-05-29,-0.0060445351057923586,2545339.38749405,-0.011085284641939367,4185375.7073644903,0.04776455182826704,6312606.49835113,0.02162032206990434,795960.0098648402,0.05306950167643373,3120441.19713895,0.03046512290168382,4104803.71852023,-0.00114950263710496,907854.4875918,0.05067357521567701,4472127.02192738,0.02015417542335468,2124126.9855695004,0.026746670085880907,755827.33931553,-0.021756113172244775,1042599.83905707
2020-06-26,0.05203770418316263,2733671.67449034,0.04947561424046602,4448169.46226969,0.09533616790743565,6810943.28287981,0.10947639914244364,817849.49623359,0.09999682065835658,3359753.8431166597,0.07030214109005452,4178851.34365618,0.005412467255165648,926055.3881998501,0.080273658074061,4485054.570965029,0.032604639364202374,2172774.16993486,0.07373883656573518,786177.16200225,0.026410266856743015,1129522.27151421
2020-07-31,0.05815567047562305,2833714.79111046,0.055585047013175085,4602834.62469548,0.07513742622721871,7190881.72740176,0.0612896512129313,789868.9988446301,0.08247462678111148,3710498.04478215,0.06222225501564509,4448882.095536619,0.028480154500352472,968553.1775273199,0.05147445798417473,4730283.97524424,0.030417663429551416,2243372.8801196497,0.06150697731982632,882076.2436275498,0.05119376485659671,1130835.49974911
2020-08-28,0.05150943584884092,3051170.4316668,0.04723048685285439,4841146.1789429495,0.08396477404372954,8004960.89675681,0.027117793516061795,778552.1950760802,0.08879169308435278,4104330.38882604,0.0603857799860849,4746497.41642378,0.012886644320052687,972639.29497853,0.051586504426203876,4754124.8716390105,0.027422723160490384,2347542.617951769,0.04933944570189732,900018.05589083,0.035495871215464825,1172439.0885529998
2020-09-25,0.039458203251153456,2973039.55680375,0.02959502113416252,4613012.91563281,0.06087383258934254,7640768.321035699,-0.019045475708605254,677226.9152515901,0.07475312669501617,3907927.87632603,0.043184654918200664,4376613.148761519,0.026285991152392538,936183.0420248901,0.04300348929428259,4676907.145387811,0.024216661528505205,2285487.8232191,0.037112890360496927,888941.6874772799,0.0289850175185958,1125740.7608177701
2020-10-30,0.016892713162525407,3113765.3158109197,0.007483937856803901,4722083.58931032,0.03100252306811714,7949352.995023371,-0.052378821539285615,632160.5090619401,0.026833669290509114,4165959.60900087,0.014918291324363446,4625302.07857712,0.0018875896574874216,1036750.42802357,0.005850133945889484,4848770.39785805,-0.005502430979972069,2349422.85343903,0.012956341340198895,915557.8720405201,0.0040786936569698375,1153181.90318823
2020-11-27,0.04583990494975622,3511034.7414249703,0.035070361764751555,5296590.1019076,0.04133780448382239,8234182.429395929,0.01486661767588203,818342.6654878402,0.05001346036282585,4379307.41620498,0.031006795920234004,5075909.9347922895,0.0029769897864348645,1025643.7571498,0.006645959225154254,5015457.1529141795,0.0031113310647746736,2441400.4889462506,0.03649151687490295,1009125.21222882,0.027793717993815387,1251774.64797843
2020-12-25,0.07510813049444849,3568211.52811958,0.06668748844463004,5555410.83405404,0.07366760556920586,8920391.4892773,0.07047497827977357,827268.2443518899,0.0841975268032541,4621314.3881505905,0.05424318778026657,5176133.481518511,0.005983841494303367,993927.46152092,0.03493399760682071,5254335.72875751,0.019585524905767093,2460597.9987250296,0.06550207417939273,1031423.25142931,0.05461424165561468,1250464.42084395
2021-01-29,0.06208703523443459,3630964.10445744,0.057952344839919505,5621666.921025369,0.0743773348135478,9325594.18276434,0.11188034879099192,904445.0700324101,0.10916206126787148,4982211.28144172,0.053114173426885306,5391044.752964339,0.0016572451297976706,1043684.39342349,0.05224309929585809,5539401.07848408,0.013190256623486586,2430806.6709485003,0.05816186139085469,1061180.5479510403,0.05383439601313277,1301524.37248547
2021-02-26,0.026342414439207852,3755979.2306711897,0.02693219974936871,6116400.083725739,0.038302887088323995,9228761.582234912,0.03250538434749043,1054063.3834086,0.05014115096053583,4895427.46768067,0.029100838047717417,5681635.63565744,0.0017465173910407963,992077.0406975701,0.027436754769348974,5418722.211186251,-0.006576695149192001,2422073.30795609,0.02798340801107809,1093108.3651251,0.028860213626597023,1360814.83178927
2021-03-26,0.05325413141401611,3990788.18720563,0.05257908184722317,6256743.655327,0.018627431445764106,9104431.40678907,0.04076136012103198,1089249.7474606098,0.03944876520945642,4947569.24895536,0.038833757431044905,5800956.88434432,0.028286777685526635,1014144.4936283801,0.006583448741412716,5454123.30618373,0.011614319645628014,2484145.76009755,0.048523997627226374,1144990.5127476603,0.04027295145337072,1371915.32804209
2021-04-30,0.06854308074544291,4187193.8272723597,0.057517551009323,6602981.14576687,0.03278025703358348,9796583.58829536,0.03394773993275026,1048706.7272671799,0.060662043696142594,5268104.033871179,0.058854909527306466,6233097.02370985,0.04740870066074348,1085946.2830186402,0.024804434707320272,5762550.87170354,0.04251455725694634,2563946.3107775403,0.07341475319436223,1220724.6683734902,0.04435955922217394,1476491.86689865
2021-05-28,0.05174795693909929,4231717.22467574,0.04322564752505037,6763238.64139151,0.016394638210516347,9405888.385702189,0.01962524261211333,1150851.74958789,0.037212300499800635,5033278.69264873,0.047598442976173744,6260185.65977682,0.046142377806849995,1078260.54757303,0.023515797139610224,5702443.1477162205,0.04142411661944623,2640075.324007631,0.06782125251741042,1277664.1618679601,0.032173908748070405,1476242.92304014
2021-06-25,0.02994917518227949,4160747.70486609,0.024765947198245722,6626323.30476648,0.03638091478220026,9862071.391524361,-0.005050819756818186,1205067.98859712,0.04712170240150976,5123690.586831249,0.04083278670765534,6446447.07431636,0.021896885650683887,1062076.75070138,0.02877263888404269,5847653.737349341,0.02056400511228419,2593083.51484155,0.03238556288060926,1208136.15024684,0.02552599494071807,1544700.43278838
2021-07-30,0.018627269168428474,4238486.9199545495,0.014984903429589235,6868328.79688419,0.02618285500659133,10562225.14524389,-0.01525536940685794,1124046.42385953,0.021621463210874957,5452868.18746643,0.030105037852550857,6722645.454692898,0.01228619748285124,1075098.6733439101,0.021588130948706364,6069690.84556754,0.011072080720251091,2693513.09548359,0.023488210071380553,1088576.54572236,0.01798735071377526,1591015.9916311707
2021-08-27,0.0185293311685759,4230061.05712308,0.021233725462940785,6964149.93139597,0.04290362084340196,10924127.66967921,-0.0042498762258244855,1074865.59044547,0.03156777400336715,5282595.07177956,0.03772344034087527,6824429.411838991,0.01479479964322865,1124223.25530842,0.03579526866827973,6310436.92258159,0.009539496889247793,2722086.88553368,0.01703033602522444,1109935.1295554002,0.0274074710202738,1596433.4873361401
2021-09-24,0.001687209044740507,4061297.60678748,0.00849276597691125,6744402.82446296,0.026150219386467395,10832528.65164946,-0.008208487779855243,1100078.28504284,0.012240234821300457,5282424.332218999,0.0326482380804858,6689078.22448929,0.010248858290500219,1076770.1071597796,0.01910709255163695,6144460.364960641,0.006354019517850543,2644048.44657186,0.0014366151740741225,1040247.26476244,0.013881203165889703,1595755.63209627
2021-10-29,0.012203231249933234,4310043.48676819,0.017694335839210696,7241169.45165546,0.024573724338740215,11350805.47325149,0.028180043001644953,1351854.51800432,0.022141772908071015,5667309.8316250695,0.02162302381127005,6571302.92230069,0.009495928278611695,1102816.44882265,0.017590468018178256,6115521.09988842,0.008097307928131767,2693657.6772273798,0.023776543481585817,1116554.51145516,0.01728795891418362,1632337.7946901997
2021-11-26,0.0031861380334845977,4380816.578694301,-0.009819144509873425,6888854.078377681,0.02506892642543213,12059991.375901558,-0.0006209949884971241,1275426.7863892002,0.021334337041649984,6001119.337423661,-0.007793045304760941,6693125.34925046,0.003927890856124601,1115062.6333007403,0.006797115554328193,6077437.73209497,0.014253652415196973,2737638.65483852,0.014395911648602253,1147969.0243089201,0.0030538059041938515,1618389.7449014
2021-12-31,0.023581124042746673,4317756.929837691,0.008899107634405736,6933569.520691769,0.0322423524996269,12396204.7068292,0.004742078137299008,1282826.8145721704,0.02372234158495145,5916892.503459521,0.005876040872543544,6670219.10307344,0.032927160400322064,1151919.5076238099,0.021137074785215527,6369889.977200669,0.032521229563713595,2847732.1905170903,0.042633745580925766,1156872.74487508,0.028092339760472936,1687379.7447679
2022-01-28,-0.018929823411383412,4077843.90394017,-0.0020373868552383614,6703839.051082831,-0.019778264355722497,10691097.910708759,0.04923551202383,1434501.18280136,-0.03558830930179271,5205930.8298456,-0.02604104608530941,5928429.44378024,0.007339334785329979,1118849.1950934199,-0.013607976310228247,5731543.272174681,0.013595375885767636,2802330.70787226,-0.010999095348062527,1076473.88657323,-0.014406681560956178,1561894.1746223
2022-02-25,-0.01570729380316125,3939682.0116220703,0.003826792513060688,6726602.02586917,-0.019627764052633577,10581559.94833751,0.06332073190268664,1530405.0255682399,-0.033497792107011135,5176428.77933581,-0.023307165003511654,5667587.73715469,-0.001232221710941285,1068694.4039564398,-0.014719967709818352,5670778.015396759,0.008568909696391703,2807884.4407869005,-0.004002632898675798,1097382.0200978199,-0.015404758572024125,1528108.71906895
2022-03-25,-0.009683668668277868,4111095.6565123806,0.00381589979650892,6745639.11858396,-0.020537831207140048,10784898.71418127,0.10136894093779597,1764482.2649438903,-0.024524104861748372,5152435.77616632,-0.02688897915536082,5803432.63524091,-0.007330904694133419,1145598.60101626,-0.018514958652429733,6018698.22184636,-0.0031657406896665723,2758929.56254496,0.008560425781466537,1143465.58844642,-0.02324351901438565,1574265.6625915202
2022-04-29,-0.016130542965423707,3897252.3170571495,-0.027593859943618005,6291859.974145731,-0.022475342372591793,9894696.804185148,0.0438971892553818,1682372.0079224003,-0.017563016096972778,4969987.13893263,-0.0521950946484329,5198227.62193134,0.0015818183200687229,1184139.80730815,-0.010701133849439642,5841635.65405136,0.01102758508876538,2945802.6973124505,0.004079531388354316,1099651.52675513,-0.005175729885606771,1607240.72019757
2022-05-27,-0.009402959596746991,3601220.7528968602,-0.021360530017603387,5978264.53035566,-0.024861683395793716,8981535.115083711,0.0599343589556302,1898011.27346573,-0.028027052441905988,4022524.56436254,-0.05176600700710664,4853662.23014509,0.021391634534128567,1168555.66352902,-0.000287566067679804,5694428.4457952995,0.008325274068998828,2629564.2644197005,0.017542920267203985,1069807.71199216,-0.005359040978075547,1428286.97816777
2022-06-24,-0.051048332877869806,3359077.93383452,-0.05012030162216399,5440188.37848337,-0.052975925288131054,8377812.0068909,-0.018384374687145873,1642637.28858925,-0.053365750549412394,3853203.40996467,-0.05687922508905887,4573174.578532561,-0.035997034897605494,1042514.08521992,-0.03038875635650673,5294531.3402755,-0.004161331823889251,2526864.38849589,-0.05501320907832806,939531.67471559,-0.04180820014118781,1303762.0487435402
2022-07-29,0.0012871484731180388,3634975.27101247,-0.004934648344992307,5861512.12613428,0.006589448109811896,9063285.50934577,0.02952244039386371,1709235.5356290701,0.009818213421645494,4421650.09594408,0.004081667125403724,4584360.65239278,0.0012673940025573227,1140924.0059683097,0.004775341246482814,5758864.95126217,-0.006382206803391989,2711306.19487211,-0.010742872333389117,1117177.82699542,-0.011829680649107922,1433973.2887861803
2022-08-26,-0.00025937137983488446,3888645.9143329,-0.020708125353915904,5996303.073805651,0.00016800630164819053,9537569.38698914,0.005419016593770311,1835093.7034449703,0.017924308617742517,4675050.91878346,-0.002255321727694692,4770160.77257718,-0.010544596230547473,1228836.7326553704,-0.0036925571896642977,5754184.939827461,-0.009622334928216077,2785940.03168712,-0.020792419005419303,1139952.31203179,-0.019097485869489776,1463015.5456836498
2022-09-30,-0.01675361731783054,3388538.14529789,-0.04028804501052623,5343766.39122241,-0.028105327767121553,8138418.4824402295,-0.015210664572788133,1592604.6563294602,-0.009636940491860388,4156631.2810426005,-0.054537622750843284,4094149.2389656403,-0.01582314547314407,1123914.27211015,-0.007218656222024012,5349095.10695526,-0.010718195222222393,2531703.07279993,-0.016733766753714747,985293.2493345799,-0.027467286579635767,1220389.64642443
2022-10-28,-0.003400793044514453,3609041.4058188703,-0.017834389397058448,5724861.96312321,-0.0206424414376379,8369622.23258581,0.03376445577834131,1984766.17280722,-0.0167738386424197,4142312.6904936694,-0.04017860436901278,4151641.47438404,-0.006590044811049718,1032118.1803106801,-0.0030332239814764264,5644557.70076641,-0.0025653051382209923,2578279.06264255,-0.005948978235148702,1066688.6637819,-0.025766981441076586,1204037.86445006
2022-11-25,0.01133799480611261,3945174.54176274,0.002551810093338573,6099993.86991948,-0.0056200153742787095,8557354.25331941,0.05284339024288173,2036206.61396924,-0.016052502086768006,4011764.8583551403,-0.029638476005031326,4019357.9181136806,0.01948412648799331,1116226.0270602698,0.015920012060907707,5867168.045277379,0.012204206228630821,2755227.74003574,0.020267639655061294,1162248.6613756197,0.002302749839321746,1319862.77979252
2022-12-30,0.045128143811652935,3843533.58985236,0.03138415208374068,5858866.31607859,0.01553909286737153,8123005.1347266305,0.08749694534748231,1970116.0391249498,0.0021399690476326394,3764732.75315085,-0.002278391342810487,3838047.94235785,0.03750005921929157,1147328.7448234197,0.030017328046638304,5926823.20980193,0.012918019417682378,2732412.73728027,0.051271274242616786,1130706.2996532698,0.013532121627755613,1282598.85996756
2023-01-27,0.019881843534913277,3934686.32222924,0.020325722867928074,6220654.07724753,0.021820135213883526,8684853.609844,0.021029099510704974,2042343.8506875301,0.03878310766901548,4154044.0672642505,0.02883277014972667,4338645.3016614495,0.00046551312327394615,1156342.4333079995,0.001292513357504489,5861157.04649792,-0.011192516216526857,2670959.05707727,0.04255976978068557,1195002.9062803602,0.028919016523403736,1355706.70956751
2023-02-24,0.0004944515597181219,4044974.48691797,-0.0007746548298232453,6278029.98977957,0.002353612609798396,9097081.702467902,-0.005880043224616404,1888693.01610582,0.01704291943353902,4402262.72771249,0.008781852601205464,4211690.314706979,-0.014849940035311747,1143470.9407643701,-0.008372855256045019,5742000.47065932,-0.016011951202133782,2693501.61412951,0.010815549376910268,1192612.4564240102,0.002798008680145017,1358297.52849196
2023-03-31,0.018433491409434316,3812627.9825138696,-0.0005692590187865275,5564122.818200611,0.05991771538144819,9454708.907625949,-0.0012743504907185947,1786526.7234052098,0.04920308850823374,4118491.6544273896,0.06994698896525935,4484858.208961619,-0.0011686517456637694,1104040.50134317,0.001958874376706982,5564989.364281781,-0.0008359438328558355,2676352.155278,0.02188007141747008,1122936.0993696698,0.012704833350203226,1207809.90406391
2023-04-28,0.0005160386384106139,3914579.0350969397,-0.022814352510290854,5800041.04813421,0.0296305000488412,9519299.48030296,-0.004409283546705299,1905992.1554196596,0.0031629513150013386,4274154.57488469,0.02924809867541061,4614696.98080982,0.007817159941925694,1168580.06289718,0.0072232296042133125,5842028.22381003,0.006342712093973048,2800358.39365065,-0.005098076175168345,1168483.3506776898,-0.018270783534469853,1253839.44635058
2023-05-26,0.011638055444664903,3902941.6644390803,-0.01585239157087918,5667372.681124141,0.053708443126291985,10318516.723001141,0.0006771831425625805,1754138.87068309,0.02791027853204098,4335332.446940189,0.05190675748183476,5105868.76645997,0.010143397884898315,1102371.2057035195,0.006988130514198344,5710556.73377191,0.010258245334185343,2709635.1469982807,-0.006124966248639978,1123002.30966626,-0.006602342470849124,1237441.5348347798
2023-06-30,0.033183036862223105,4141582.3926265505,0.016520387724746698,5796087.03677169,0.05381033040971898,11006446.647939561,0.02803003121735099,1771630.1683718301,0.046443012071123904,4713516.17316137,0.03575392326972893,4951972.0940699,0.0030346057368530557,1099095.42222554,0.007701019640519462,5786076.56620814,0.005259085767792649,2703308.2787843207,0.019380563069467987,1166313.82290547,0.009671287108077294,1252425.32653763
2023-07-28,0.045479817649775156,4354902.93247027,0.044167306710738055,6287480.981297111,0.04913266567237704,11578874.722059209,0.04779634489033782,1910463.9850237102,0.04635817346442454,4977793.73070347,0.04152627319627526,5121399.56160009,0.0009694158088856691,1144713.4486881502,0.013467789873797325,5970779.72792937,0.012562224974211524,2777604.53945881,0.041774636909175336,1218752.3709362198,0.02172804794977069,1344053.63456624
2023-08-25,0.031172486729130252,4203026.30465396,0.03195540148001397,6006487.36670834,0.00862927997068606,11021193.9722143,0.040815523169437706,1965667.8327674302,0.011366556851907638,4766317.2086945,0.014360159614985017,5132323.6206461,0.0026266316437057874,1050436.33937995,0.015305492764048438,5829982.047459001,0.01116420317780334,2659117.2515699095,0.03363423172498562,1162642.9086281601,0.011717825492277116,1238530.4344488
2023-09-29,-0.0032109156994713562,4083932.03410471,0.0025829272026414974,5982879.69918431,-0.025543240301952687,10797460.963908048,0.011643628765048701,2036044.5655786,-0.024110794198550233,4659121.469580481,-0.005458568345921085,5210637.436644039,-0.016354451571585504,1055259.7041465899,-0.005450405404980499,5655667.2358526,-0.011766066856766297,2584248.9669104796,0.00040996308071291265,1133157.3098383201,-0.016064170669232464,1190560.19616616
2023-10-27,-0.043482902518533595,3880369.6667614505,-0.036666629691842895,5643441.63894926,-0.040329249266250755,10699291.798571879,-0.020918165006796465,1972234.2840631797,-0.06078133664168096,4381764.73053486,-0.03274895937307701,5353317.498951621,-0.028635165421136023,967599.2493090701,-0.023234462336059768,5406858.79467139,-0.029528526394996774,2467578.0134107005,-0.044471921802081475,1061541.43506849,-0.05441535090964852,1099313.15624069
2023-11-24,0.013923577915876102,4206522.61240595,0.007395601432236787,6220583.289977821,0.02963820693285903,12086277.98370443,-0.011141303365223695,1884475.0634774,0.011904278873620274,4860328.8147234395,0.0229632755141825,5603733.4485873,-0.007177499038957332,1038664.4488481199,0.006343468112772051,5549949.50275171,-0.0017771290049820813,2555173.6084016906,-2.4370408628107112e-05,1161953.4859459,-0.00736808188796733,1220746.26261736
2023-12-29,0.047288742208033946,4545813.7846877705,0.04557703272985569,6714759.116245849,0.06073105204638923,12591411.59909445,-0.0102299063053197,1893397.58800449,0.05532735415683221,5238576.503369491,0.04409584579067809,5799349.69796786,-0.001068022017981945,1060776.1436181401,0.020900467436170817,5912114.111124241,0.006400031974092248,2638628.757024721,0.027797506198427555,1253638.5200445799,0.03701627177565145,1362969.5945545798
2024-01-26,0.06829114855236579,4530792.42614546,0.06306095358845634,6791288.724754911,0.0958039549459302,13190479.20578647,-0.010585377981701446,1794735.97841691,0.07763351223953877,5108739.21643312,0.0767832475099545,5971569.26278604,0.010503240602381022,1018831.36280576,0.040477986956639615,6025226.75914176,0.021797346144784315,2647584.9914531205,0.04352658264658772,1209305.4711824497,0.05677255963382073,1327485.58018942
2024-02-23,0.041283237340093176,4726004.95765637,0.02755263992693818,7069490.619064599,0.0748441236073879,13445934.408229,-0.016025220453774223,1875545.5792420902,0.0518699304243601,5299136.66476597,0.057912988982670145,6082824.14606611,-0.0050228508692625445,1034206.1833176699,0.031142794847280282,6297052.354158821,0.01057890533291986,2711430.82002017,0.021769323656253572,1250019.9949905903,0.018515075802289633,1318256.6968278699
2024-03-29,0.032803875797665846,4982962.26708482,0.02970149940785525,7385307.9295181,0.05574469307218229,14082751.975832542,0.005411570772415787,2048866.5048022503,0.03749599197938228,5445493.44408876,0.04265526209140509,6328788.6802567,0.0002189936672059437,1089113.45024826,0.030299099274431366,6297767.7429483,0.011667355825745214,2799673.10176415,0.016945963694317456,1325887.9688385802,-0.0010644856194679659,1324006.61881324
2024-04-26,0.0170857505892909,4777753.70828112,0.010746142572498656,7230297.02969027,0.03297591389313176,12983571.98309211,0.005855201962734539,2107599.14282342,0.01893479064687139,5146540.43218222,0.029543439757169845,6382962.123003599,-0.00869853391086347,1119622.75314826,0.008323539404880554,5996131.18006888,-0.0014961430975779558,2782204.9917496997,0.002995918716778726,1281295.13893708,-0.022051668651178483,1238360.70021609
2024-05-31,0.014466706623820018,4909779.8821879905,0.016412469327809424,7377399.01978663,0.020094987268174457,14531321.636939779,0.008070233049927041,2080472.45732693,0.00745589337528231,5270352.649041819,0.018911298985965906,6949514.0784338685,0.012357956891200427,1201106.34057093,0.0076611770165907695,6215164.121599521,-9.5823632940158e-05,2893921.1239213496,0.008947878918619465,1316182.2064367502,0.003935559687363318,1270982.20971767
2024-06-28,0.00685073944254787,4845475.4770960305,0.009909968913036787,7345220.78635015,0.02488532252396995,15358523.936503239,0.0032079477640442784,2090704.3666282601,0.0064999220894878165,5430382.4908139,0.02161736702109867,7173989.606687031,-0.00011408204256639256,1177086.99819592,0.00888149259087082,6353948.7243963,0.0005954386151978854,2910405.8969471497,0.000630995590083895,1283095.39806708,-0.005497146754551577,1307727.3275929
2024-07-26,0.033000911831255794,4986665.45828505,0.04105488533890808,7683598.061130649,0.02271846712622004,15864152.205965491,0.0023848440661173318,2042750.86203853,0.01997121774112122,5604174.73210176,-0.0013227744142028557,7129877.95463538,0.026576076169432694,1200560.6791930702,0.028326609648706196,6478958.058509329,0.014488661165217534,2923499.65048987,0.027926984908004535,1302619.4447649198,0.04225675903575496,1393543.91960175
2024-08-30,0.025808314032286457,5050398.2238119,0.03667019568906148,7907251.8772833,0.02630168115904233,15651205.579680929,0.008804263163307536,2006282.83135276,0.015237378560657553,5523274.07380628,0.018175435202767178,7006441.678926281,0.026855639895044265,1282694.73492937,0.019246139855328102,6748437.72757942,0.01724153291484674,3074201.6860573,0.019997877468888887,1335699.93187799,0.022351627661286625,1477454.68869256
2024-09-27,0.017452447627652315,5212155.33256768,0.023219422079873084,8052321.484247471,0.025199989333697013,15710134.17101536,-0.002306322120870438,1983906.9500850202,0.009468269271064462,5898270.402992089,0.017659169275285318,7026072.32619282,0.029033671463193446,1358083.02876654,0.012395997072139623,6700681.60689958,0.013791090644213626,3114194.0162132,0.013202195139058048,1365866.4433737304,0.017006227857313684,1534138.23766839
2024-10-25,0.010602897867319796,5380476.41051463,0.008610142079558791,8232928.88098561,0.04020365870711792,16640656.225153912,-0.0012795635369507864,1998553.78929128,0.018304961604148393,5812209.809390811,0.041561499212101664,7123759.35828361,0.020445244266149725,1374398.12829751,0.00502163576535985,6559739.63295963,0.00784454181710198,2776572.5952055603,0.000546379343424569,1387374.56789659,-0.003940237560961019,1497564.4240303598
2024-11-29,0.03295375506003917,5673438.535603271,0.03862997460010189,9005571.60918327,0.0381375601940761,16771032.316101061,0.017555979031629556,2125316.99077242,0.04029640391070888,6466005.51284545,0.024269051149411736,7391460.954724778,0.009212603668464903,1381705.01623942,0.012623045681987584,6340379.1537257405,0.010162157966312022,2822003.4217028,0.012207653621985202,1391350.29205403,0.004489136455702314,1532166.12778081
2024-12-27,0.015928298529866023,5219877.88742018,0.024177229491643696,8543674.42100701,0.031237086023176566,17393034.24946684,0.00499638441361629,1895852.23967161,0.03525748859439208,6755185.9388440205,0.023553657472706956,7973767.515639738,0.002361726902661984,1292391.4729951299,-0.0007822044588676302,6056539.30126481,0.0025963477593171067,2723473.2343126796,-0.0027654379736932466,1239926.68740019,-0.00927189705836747,1398698.84267687
2025-01-31,0.01698842698818752,5431324.3980546,0.023147710755071903,9127173.561273482,0.028205480455114933,16905153.73621205,0.00033108301701845276,1950835.1674017499,0.03884403575806334,6943987.231746131,0.029413460717982925,8442291.46106984,0.015204800891325473,1323506.5648578298,0.007849512601440862,6352199.39800142,0.005343448032047799,3055991.23889317,0.006417742854847259,1363085.3006726,0.0008841435318691878,1432620.3177959102
2025-02-28,-0.026099395106257632,5272966.7697722,-0.01806240684523354,9146949.83096569,0.006847976307027069,16522886.67573331,-0.026484780428614647,1966063.6257519298,-0.010189234999832049,6341441.965467978,0.022335178778854856,7733918.71045443,0.0017050619963457892,1347625.56773967,-0.010224462607067272,6386527.066149469,-0.003962231263588795,3198536.13510632,-0.022373455644951076,1349206.0817531003,-0.018258797471211625,1496617.23317269
2025-03-28,-0.033059078317531625,5005082.26433816,-0.02820831617680818,8599853.439950742,-0.023494753885082938,15030894.92528385,-0.010410682927186077,2004784.8764701,-0.03607618301263062,5770008.31845875,-0.010691325380146173,7044867.96654479,-0.0032410417350053765,1338950.56568873,-0.018179274251086532,6180731.20620163,-0.011107946355423266,3065686.4122215505,-0.029630010886476058,1291170.5150068,-0.023783371682441407,1442105.3798996303
2025-04-25,-0.030147658634702472,5039678.47840278,-0.026384700795299504,8400724.25917359,-0.03513294748005248,15162557.26174292,-0.019308293146011974,1793478.41174558,-0.045370161024074554,5759775.714407019,-0.04137990431945091,7135671.698755269,-0.011070870883265464,1341963.58832597,-0.024513267404968224,5929783.22930842,-0.00807426930997962,3108335.59939605,-0.03296576436532911,1246146.0009328602,-0.023046568330799516,1389122.9015628798
2025-05-30,0.006112078224136755,5563293.72521382,-0.004552746515112362,8942267.913063461,0.01674472211930253,16870260.997891046,-0.03194498793233186,1771234.4244074603,0.011006414978617804,6277416.242357962,0.016052870316852465,7756175.627105429,0.0009617453345028899,1395057.56475925,-0.02921460500272805,5720626.83830198,-0.003200212021514353,3197472.84297006,-0.017842957738403355,1301879.8954189098,-0.027093901525347814,1425316.88079402
2025-06-27,0.049283343895574115,5761334.0975166,0.03122826200234568,9129777.36075728,0.06460163627898405,18284515.674719714,-0.016270376048990082,1867527.41584995,0.06230036829362376,6471541.887891499,0.06959637253532992,8247769.759978919,0.019687088302913998,1391430.12905591,-0.018028270277563017,5821778.27277795,0.002030077518062823,3114977.93577577,0.009632710645371634,1331880.071975,-0.012819294411295446,1420479.1352517
2025-07-25,0.06803972213548179,6076585.06548112,0.04721728830731526,9344230.8248986,0.07954822565867037,19266196.69688005,0.009855996625351965,1947911.7292703702,0.07303772233176246,6659800.183903201,0.0766183381186823,8417615.99680615,0.02718347354661245,1441823.56988551,0.0048819022020841814,5907260.90810429,0.0008104012795441418,3112006.4191965098,0.034652257661033976,1375885.25930204,0.013037878557699643,1472158.34110427
2025-08-29,0.03801410550347446,5971053.035965419,0.027887640584334687,9421100.56007903,0.05642315243536167,19419876.49318648,0.012901637110935227,1998592.9036735,0.04893233210508925,6819866.35737931,0.05314936355264319,8967400.462643081,0.00843945402568188,1436533.6614518696,-6.076612991698328e-05,5973831.2884538,-0.007759613224692229,3102835.59781742,0.01762832515823537,1401033.6586096806,0.004052395598986017,1490311.2393910098
2025-09-26,0.03176555317406858,6006784.35189199,0.021861547788369205,9419980.723141879,0.05464114126697587,20601809.10176175,0.007649814764663672,2055460.60454683,0.048161400037433515,7031415.005999531,0.05703524370357431,9775195.2318875,0.008130835256447236,1482234.22665764,-0.00636898268510872,5952115.251336469,-0.00914809582601888,3026684.30649072,0.009065359607151881,1368434.2248346002,-0.004696786297091828,1474215.93149383
2025-10-31,0.03337268380262315,6120483.73997185,0.01878581851537163,9124830.070840811,0.04979361191290101,22144324.78100705,-0.004895874887406544,1926114.8663282902,0.04171793897139517,7230365.060061071,0.05976349957056287,10235826.3349835,0.02277797598580161,1558198.9600380799,0.0036116047677991806,6374145.594853461,-3.826780766559264e-05,2943573.4504958196,0.002300654313492994,1368941.74825254,-0.007833551625781145,1439606.734822
2025-11-28,0.025173256333322163,6033804.743908679,0.018406409303420357,9333968.081662752,0.03515522047706508,21111467.377214886,-7.532680973917037e-05,1949727.30347186,0.017960134764167565,7106833.035204779,0.05402430866393766,11069477.39502544,0.023684852611398428,1580439.95480029,0.03157827141534847,6968210.7111373,0.008939952807612773,3049778.04884664,0.012583963313453522,1403603.4686653803,0.006391775666416903,1480291.9518531002
2025-12-26,0.024871718500614988,6180095.874399081,0.017594374342782042,9719076.43879639,0.017432977969195025,21364776.21856007,-0.0013065731453867774,1921993.6831705999,0.005676551189978788,7306648.594544301,0.034183476291534884,10991151.067922039,0.020039188763250736,1500900.98196319,0.03619383739270095,6913133.4729337,0.007785289835064811,3011440.94603749,0.021260976049234197,1465669.40222838,0.006998948464062385,1448674.8233107699
2026-01-30,0.012911057747840664,6509905.84369211,0.005137182438501002,9319884.96094515,0.007007540972693863,20533819.92715489,0.03646371133922695,2213637.4503635103,-0.011505492497788906,7385858.5389297195,0.021648889939964958,11566143.89823579,0.010490131566812087,1517115.55710269,0.022988879170988206,6803531.02279934,0.015583238828763783,3178170.9292913103,0.027272989642928975,1540645.92737829,0.012562484056774683,1463712.2910076599
