instrument,ER,Name,Vol,Sharpe,mktval,mktvalER,sector,industry,size,BM,HML,INV,MOM,OP,SMB,intercept,beta_bm,beta_hml,beta_smb,beta_op,beta_inv,beta_mom
US25400W1027,24.908238608892113,Digital Turbine Inc,39.64826190030476,0.6282302783290648,1413.59160016,35210.0768723109,45,451030,mid,1.7631782790681394e-05,0.0018050541516245,,0.0017921146953405,-0.0018050541516245,,0.0507750817684396,-1.407752763857645,-0.8737919932469027,-1.0134514133587151,-12.162025641200998,5.070403534819252,-2.576931121539745
US91532F1021,21.48552389860081,Unusual Machines Inc,39.50027057498465,0.5439335879437621,1594.73770936,34263.775166454194,45,452030,mid,1.98912252282496e-05,,0.0018083182640144,0.0017921146953405,,,0.1368364948205513,0.2300505886364772,3.7536786725576055,1.4326796868585048,-6.296101581682651,5.991436511650187,-4.7927681941845615
US34962G2084,18.37884580167163,Forte Biosciences Inc,41.73515174812571,0.4403684911124592,1500.9488333800002,27585.707164889947,35,352010,mid,1.8721392944813324e-05,0.0018050541516245,0.0018083182640144,0.0017921146953405,-0.0018050541516245,,0.448351777297936,7.658908992792917,9.436575495210406,3.891896057684311,17.34531250364524,-4.986928844109528,-11.866087372431936
US3371851029,17.30900530155833,First Tracks Biotherapeutics Inc,47.576328741642214,0.36381548890737014,1469.7629582099999,25440.13483569094,35,352010,mid,,,,,,,,,,,,,
US22041X1028,17.260129982964358,Corsair Gaming Inc,26.514430984856602,0.6509711633194117,603.1541492800001,10410.51901633709,45,452020,small,7.523165069882614e-06,,,,,,0.0052478683591491,1.1887522126509893,2.3160591513562525,0.2493116371712626,-3.4853289243049645,-1.4521481828269167,-3.3226391309855985
US92892B1035,17.258463280125692,Voyager Technologies Inc,28.908606151431485,0.5970008788981718,2178.44739924,37596.65444746885,20,201010,mid,2.7171858802766634e-05,0.0018050541516245,0.0018083182640144,-0.0017921146953405,-0.0018050541516245,,0.0452178552099843,0.7826188689757088,-0.0253894042441511,0.5838539800039566,-5.009837738748858,10.317776930691045,-2.5754889916699035
US0494681010,17.10765509940845,Atlassian Corp,23.293487096431353,0.7344394177044195,40463.36998242,692233.3778189984,45,451030,large,0.0005047011813229,0.0018050541516245,,-0.0017921146953405,,-0.0017921146953405,0.0341974008256065,0.569953647039144,4.981581590872747,3.022868278105557,-1.6203489048611517,4.188907434218116,-5.807716150583113
US00835Q2021,15.745859740824262,Aeva Technologies Inc,35.494762297445476,0.4436107955555312,1071.754974,16875.703497134753,45,452030,mid,1.3368041309994696e-05,0.0018050541516245,0.0018083182640144,,-0.0018050541516245,,0.0355497439649613,0.0800074945622666,3.103051759452957,1.639231556062048,-3.607807251226512,2.471565980419178,-1.6459873848566997
US00835T1079,15.47650742533085,AEVEX Corp,40.158745034224154,0.38538324372789623,1475.8803618000002,22841.473378297684,20,201010,mid,,,,,,,,,,,,,
US75776W1036,15.24179195855031,Redwire Corp,32.861914891199284,0.46381326252634775,3027.9520488,46151.41518827577,20,201010,mid,3.776776320614629e-05,,0.0018083182640144,,-0.0018050541516245,,-0.0112114725618057,-0.8115435537876017,-9.973627746974824,-2.138656767534864,-14.259831507658992,13.683394187244073,-3.857884891397077
US92259N3026,14.75360613323931,Velo3D Inc,53.65922784441807,0.27495002678787267,274.53939413999996,4050.446089199708,20,201060,small,3.424340498637551e-06,,0.0018083182640144,0.0017921146953405,-0.0018050541516245,0.0017921146953405,0.3164907129532712,2.631694935657192,13.3415412929883,8.824452325594319,4.954750181588761,8.387515815531472,-2.8091460517245808
US76029N1063,14.70747601172009,Replimune Group Inc,48.83670927717786,0.3011561636605421,1329.99140274,19560.816651592504,35,352010,mid,1.6589034289628696e-05,0.0018050541516245,-0.0018083182640144,0.0017921146953405,-0.0018050541516245,,0.1371028330526751,-5.344398842419913,0.274263988637891,-17.453600498663334,-27.40324897209513,0.1718679593456116,-8.052705603600751
US92766K4031,14.321297897960331,Virgin Galactic Holdings Inc,32.57768760429076,0.43960449470557555,482.8997411,6915.751047141019,20,201010,small,6.023227178053241e-06,,-0.0018083182640144,-0.0017921146953405,-0.0018050541516245,0.0017921146953405,-0.1076164691421684,-0.1717365010239682,-4.026420794545631,-4.79835408858097,-14.546570331785968,-0.4713514494040784,-4.0931504723243055
US22663K1079,14.243009384034211,Crinetics Pharmaceuticals Inc,31.12591281138823,0.4575933072338053,8691.88809492,123798.64370092079,35,352020,large,0.0001084142569276,0.0018050541516245,,0.0017921146953405,-0.0018050541516245,,0.1642337515271864,3.684409780518432,4.99830572934093,3.484320840940531,6.7680138630194,-4.087349888428063,-6.105771154676109
US3441741077,12.998037015600051,Foghorn Therapeutics Inc,20.35887929481235,0.6384456053488211,300.8267915,3910.157771201199,35,352010,small,3.752224224270464e-06,-0.0018050541516245,-0.0018083182640144,,0.0018050541516245,0.0017921146953405,0.0592072768697536,2.5807707810388023,-0.3411919692076799,0.5843843122133408,3.521040099309399,6.183267811718993,0.3929954321513785
US75644T1007,12.94174159471303,Red Cat Holdings Inc,30.617954882692807,0.42268471700010624,1463.72906244,18943.203290770052,20,201010,mid,1.825714930000197e-05,,0.0018083182640144,,-0.0018050541516245,,0.0404131149008791,-1.719645210456369,-5.087716428494433,-1.1479289960955434,-5.811065302390471,12.138946175074304,-0.7762396742864928
US03213A1043,12.75969028807997,Amplitude Inc,20.73497983128367,0.61537027727555,1590.34988457,20292.37197679693,45,451030,mid,1.9836495719661627e-05,0.0018050541516245,-0.0018083182640144,-0.0017921146953405,-0.0018050541516245,,0.0610273281524267,0.9111030894072794,4.164390974952415,3.609942078430072,2.300121895039527,3.453063098830756,-2.991846901372626
US91332U1016,12.68952657309157,Unity Software Inc,20.712131725747618,0.6126615425739589,17271.480040500002,219166.90493054542,45,451030,large,0.0002154278396343,0.0018050541516245,,-0.0017921146953405,-0.0018050541516245,-0.0017921146953405,0.0354540235083509,0.0336533756346168,5.243404128247298,7.034817071294116,1.4796570017402322,-1.1448312602968018,-3.363503774899261
US69608A1088,12.61756893542374,Palantir Technologies Inc,18.538930926655077,0.6805985191563735,402520.87193759996,5078834.849619539,45,451030,large,0.0050206584291503,0.0018050541516245,0.0018083182640144,-0.0017921146953405,0.0018050541516245,-0.0017921146953405,0.0659771560237196,-0.4856656316069237,6.698834180704619,2.553841373524489,0.4796655151609394,1.2785089923047952,-3.001345564931446
US7534221046,12.59421767367304,Rapid7 Inc,21.724752504618046,0.5797174292777733,860.66515839,10839.404348909944,45,451030,small,1.0735109862369202e-05,,,-0.0017921146953405,,,-0.019609205998509,0.3962643910997291,3.7976582018359406,3.977650369966885,-1.042592668273543,1.9919501950052725,-4.901705783666602
US02080L1026,12.51464339092379,Alpha Teknova Inc,27.52310489075517,0.454695916052966,96.95199968,1213.3197020321575,35,352030,small,,,,,,,0.0416038635155006,-1.4245827939879652,5.063033948293913,3.19313727545168,-3.5367524722893497,-3.292500813754482,-1.1822958467171307
US62548M2098,12.43077069031003,Claritev Corp,38.29296149616181,0.32462286030178145,289.75927663999994,3601.931123301947,35,351030,small,3.614178682671269e-06,-0.0018050541516245,-0.0018083182640144,-0.0017921146953405,0.0018050541516245,0.0017921146953405,0.0347266718120845,-1.116063214437917,7.108687583196583,7.351736977844173,0.9234720607023764,2.1684678908838477,-0.2944892632545385
US05637B1052,12.380044338398811,Backblaze Inc,36.45180555499364,0.3396277399680914,937.927911,11611.589124401773,45,451020,small,1.1698811168797084e-05,0.0018050541516245,,0.0017921146953405,-0.0018050541516245,,0.1409986997235533,-1.9900214130992775,5.906101701235949,4.74792570264222,-2.543841399473985,2.8210599714788573,-0.8968693431920447
US4383331067,11.97320336579504,Honest Company Inc,19.969999032589588,0.5995595365956524,441.84768068000005,5290.332137486509,30,303020,small,5.51118323809672e-06,,-0.0018083182640144,,,0.0017921146953405,0.0714374706495351,0.958855522019372,4.168284807391005,3.1861647714196746,4.018923825914432,2.04944797053814,0.675390286107074
US0080731088,11.96517702331452,AeroVironment Inc,25.77878922143898,0.464148138243966,9684.695591640002,115879.09717088638,20,201010,large,0.0001207975832951,,0.0018083182640144,-0.0017921146953405,,,-0.0144173552823848,1.8593259230377224,1.0919148595715735,-1.9873283910311832,-2.021328678183226,3.7469222568864007,-1.4577241069940414
US68989M2026,11.94282022111014,Ouster Inc,25.83362994808045,0.4622974102018343,3314.05138802,39579.119930643385,45,452030,mid,4.133629134759362e-05,0.0018050541516245,0.0018083182640144,,-0.0018050541516245,,0.0161215007226721,1.665768724761246,3.5224633079244887,2.852609988183031,-1.9760171955993515,-0.5850129353939133,-0.787531477320155
US88554D2053,11.9204207317457,3D Systems Corp,25.112155109249294,0.4746872850970556,595.4576076899999,7098.105211583573,20,201060,small,7.427165808470075e-06,,-0.0018083182640144,,-0.0018050541516245,,-0.002499346617995,-1.1160099359890228,-2.378654323315102,1.2087402582317268,-6.080556121861629,4.140858172847103,-0.91537762850056
US70451A1043,11.66548281792132,Paysign Inc,27.503859190684413,0.42413985386721414,469.07364966,5471.970600448375,40,402010,small,5.850773803905723e-06,0.0018050541516245,0.0018083182640144,0.0017921146953405,0.0018050541516245,0.0017921146953405,0.1401793754323116,-4.073910594898075,5.914508386067153,8.078691837480752,0.9545301209956828,-1.9893899018365,-2.5323695922459857
US75606V1017,11.384051916308099,REalloys Inc,35.9308370438326,0.31683236052699004,949.5097635,10809.268442725424,15,151040,small,1.18432720637052e-05,0.0018050541516245,0.0018083182640144,,-0.0018050541516245,,0.2461993346984571,2.111579736177826,-0.1555632762082206,-9.393994674309871,0.0337650168544256,15.339442551517708,5.872666384071236
US6821431029,11.210990962010731,Omeros Corp,36.733001161005944,0.3052021508635075,1189.1552129599997,13331.608344922504,35,352020,mid,1.4832379038573807e-05,-0.0018050541516245,0.0018083182640144,0.0017921146953405,-0.0018050541516245,,0.2422717280998465,3.987369737229703,9.755437127475002,0.9285524625324616,5.568696523061135,0.7376738256679967,-3.328753606977868
US98956A1051,11.17815225934022,Zeta Global Holdings Corp,19.2745151491484,0.5799446664594362,6213.17768834,69451.84621460001,45,451030,large,7.749720600229887e-05,0.0018050541516245,0.0018083182640144,,,,0.0311596746098935,1.574718342745166,1.466863412363903,1.982307184132419,0.1634362164655523,2.440471627037012,-2.2011017366782197
US69553P1003,11.11834415438376,PagerDuty Inc,19.31763937497498,0.5755539762682913,844.31992704,9387.439525234908,45,451030,small,1.053123515853394e-05,,,-0.0017921146953405,0.0018050541516245,,-0.0158822073587335,0.5265778768226047,5.065284494411512,4.3641856161218975,0.099172952667422,-0.0978903748465258,-3.634518025468708
US5009461089,10.97639593262825,Korro Bio Inc,36.99302558825234,0.29671527965298305,182.78582524,2006.3295887064344,35,352010,small,2.2798946792569693e-06,,-0.0018083182640144,-0.0017921146953405,-0.0018050541516245,0.0017921146953405,0.1358801874074329,-0.7329568620886354,4.066195069256436,6.932401794444806,2.1821722174108964,8.860121914719592,1.046486290881245
US0094221068,10.965099665059071,AIRO Group Holdings Inc,23.630414843863658,0.46402484837910013,112.38708845000001,1232.3356259200593,20,201010,small,1.40180850806075e-06,-0.0018050541516245,,-0.0017921146953405,,0.0017921146953405,-0.0065651025775262,0.2546763841170143,0.1151724829543882,0.3734340968879307,-0.0589650341181757,9.989585658819792,-0.951209960131653
US74874Q1004,10.95471126956948,QuinStreet Inc,14.494460092724834,0.7557860865109386,1120.6197540700002,12276.06584881281,50,502030,mid,1.397753360480682e-05,,0.0018083182640144,,0.0018050541516245,,0.0650768949951297,-0.0286377835226784,2.893811301180775,3.450342797081103,2.5617227725035203,2.4463158336818385,-0.8255879035733744
US80401C1009,10.94738969699303,Satellogic Inc,40.10659547485413,0.27295734198772315,662.8511368500001,7256.489706191808,20,201010,small,8.267767908476951e-06,0.0018050541516245,0.0018083182640144,,-0.0018050541516245,,0.0822391910609824,-6.909670974845059,-16.06989716922844,4.923905292981003,-9.928678520058597,16.75469149055609,-1.6646675723509066
US74758T3032,10.94435575359517,Qualys Inc,16.150705136829707,0.6776395000016381,6384.1265132,69870.1517364199,45,451030,large,7.962945731725617e-05,0.0018050541516245,,,0.0018050541516245,,0.0140051534105761,-0.3176044761389058,-1.4790938755796934,0.8571418771160397,-2.3294224087507063,2.81139400883135,-2.621710121870242
US3584351056,10.93543275423047,Friedman Industries Inc,17.864483954226877,0.612132585651491,312.49780029999994,3417.298681025592,15,151040,small,3.897797169162354e-06,,0.0018083182640144,0.0017921146953405,,0.0017921146953405,0.1122396236891173,-0.4472615455418509,2.3196105191864884,2.8983992555322624,1.3383863355004806,2.731923240712647,0.7603295173524036
US8334451098,10.87291924027848,Snowflake Inc,19.77470846731044,0.5498396731487848,108868.9918596,1183723.756259966,45,451020,large,0.0013579271529992,0.0018050541516245,,,-0.0018050541516245,-0.0017921146953405,-0.009808895869064,-0.5426185332108554,0.6049915536353222,-3.0132082310435484,-7.08708216044344,-0.608241896581357,-3.858814784168028
US7332451043,10.83365414779982,Porch Group Inc,21.89835572623674,0.4947245484198551,1550.11908852,16793.454092928376,40,403010,mid,1.933469544200752e-05,0.0018050541516245,,,-0.0018050541516245,,0.0436539824219336,0.7573998301687161,3.902203211726014,2.397706270495114,1.9171774889624968,1.5835337825355162,0.3988577578001873
US09624H2085,10.806707501605981,Bluelinx Holdings Inc,23.866962935863885,0.4527893863432115,651.5267820299999,7040.859362860805,20,201070,small,8.126518792106813e-06,-0.0018050541516245,,-0.0017921146953405,,,0.059718489283047,1.289929332180388,-1.7767549454848075,0.1947230479013768,1.7509717481744986,10.348524282286112,1.9235863903992256
US45569U1016,10.772833581466761,indie Semiconductor Inc,25.21526188947981,0.42723464974049513,1074.15940107,11571.74046769512,45,453010,mid,1.33980318219852e-05,,-0.0018083182640144,-0.0017921146953405,-0.0018050541516245,,0.0267793414830662,0.7799836423763153,1.9215970511831784,-1.2305638642750074,-3.419884242391279,6.921251249845282,-1.7668303954616575
US74467Q1031,10.62015561674925,PubMatic Inc,19.026265510037604,0.5581839279571926,797.0820975,8465.135914774899,50,502010,small,9.94203588070982e-06,,,0.0017921146953405,,,0.0756225651616428,0.649592053947503,2.2119574554704804,0.588340515055046,0.3991327760534116,1.1440223475788185,-0.0846209722877195
US7811541090,10.54128524980428,Rubrik Inc,18.681052695781066,0.5642768328673966,20315.414289959997,214150.57699841843,45,451030,large,0.0002533949494484,-0.0018050541516245,0.0018083182640144,,0.0018050541516245,-0.0017921146953405,0.0307057593600468,0.5161296068690536,3.947616750161728,2.2535657333146277,-0.8122703579348904,2.285423978395342,-2.425423339149151
US89785X1019,10.52663632291784,TrueBlue Inc,22.981402931220696,0.45805020496016774,295.26892669999995,3108.188608829185,20,202020,small,3.682900761310948e-06,,-0.0018083182640144,0.0017921146953405,-0.0018050541516245,0.0017921146953405,0.0134908622169433,2.3053090627982726,-3.8020967824088303,2.214591023717204,-0.48854781339872,5.827128517927849,0.2691906961382593
US8085411069,10.38004185407859,"Mativ Holdings, Inc.",20.709480015405425,0.5012217518912622,659.71131743,6847.831086532726,15,151010,small,8.228604819216135e-06,,-0.0018083182640144,-0.0017921146953405,,,0.0063644225624917,2.430485073997797,-1.601022133620192,-0.6988700017004328,1.0533792746290076,5.235413878147157,-0.3933871383638605
US92337C2035,10.328239657707421,Verastem Inc,23.18447778419154,0.44548079770637694,539.3057009199999,5570.078527869641,35,352010,small,6.726780900028932e-06,0.0018050541516245,,-0.0017921146953405,-0.0018050541516245,,0.007369149430983,3.318586127879736,3.2296449985250613,0.0501335952876449,4.17634995969561,-2.9879805700844377,-2.2236633477213017
US03782L1017,10.25284826970471,Appian Corp,18.738484235034903,0.547154622599367,,,45,451030,,,,,,,,0.0053100684560441,1.4663507648637777,-1.1160992115895874,-2.4611563089412547,-1.1042759359574303,0.6984664185946254,-1.887484961789808
US40701T1043,10.22106112310742,Hamilton Beach Brands Holding Co,15.714285302369575,0.6504311794292149,316.98536064,3239.926746231689,25,252010,small,3.953770683129189e-06,,,0.0017921146953405,0.0018050541516245,0.0017921146953405,0.0783411976340956,1.7295458297042503,-2.8302755789625698,-0.7229032958997454,0.6423791025122598,6.400180482013047,0.3136813989941901
US4510511060,10.17905388749643,Ibotta Inc,22.580937711773316,0.4507808319310515,458.8700624,4670.86309252845,50,502010,small,5.723504064729485e-06,,-0.0018083182640144,,,0.0017921146953405,0.1065741331402912,-0.5379631641740066,4.73438185630276,1.392557633858584,0.960068545357005,4.409895493818634,1.8257934269551523
US8162123025,10.15013104122638,Cartesian Therapeutics Inc,28.35679687231613,0.35794349717741364,106.87460885999998,1084.7912849088139,35,352010,small,1.3330511365837662e-06,-0.0018050541516245,-0.0018083182640144,-0.0017921146953405,0.0018050541516245,0.0017921146953405,-0.0139980300699507,1.6053902501476904,-1.905731378582875,-1.250667145229197,0.3605328873893301,3.214754137637169,2.5922750484745327
US82657M1053,10.143989845941299,Sight Sciences Inc,25.311906595773905,0.4007596111955844,352.54018086,3576.1640149301493,35,351010,small,4.397247333110564e-06,0.0018050541516245,-0.0018083182640144,,-0.0018050541516245,0.0017921146953405,0.064360721587691,1.9634687506871509,-1.2781294290883465,-4.96436665736154,-3.684495140516714,3.4117530083675094,-1.0315764442964923
US55955D1000,10.123902055561631,Magnite Inc,17.89082166419798,0.5658712744211724,3468.01157632,35109.809526217585,50,502010,mid,4.325664274060611e-05,,,-0.0017921146953405,,,0.0624176113047806,0.6193695221653872,3.4184973553613194,3.583896265453886,3.827982555945296,4.221144639096623,-0.0558023100334501
US68376D1046,10.04748166891879,Oportun Financial Corp,19.399108206444815,0.517935235063063,323.37857536,3249.140308050674,40,402020,small,,,,,,,0.0382706638068995,1.8519217278795288,0.3276224203568534,2.5338070536721515,3.0188324481399755,4.909737214278267,0.8797673557048808
US02927U2087,10.00349069186124,American Resources Corp,29.25645656062402,0.3419242064100422,265.07480735999997,2651.6733680726707,10,101020,small,3.3062883410768902e-06,,-0.0018083182640144,,0.0018050541516245,0.0017921146953405,0.0776535674358108,0.2297909527279246,1.2951875918344886,-3.018463072760606,-3.282391256453592,8.687473091907734,-0.0667384445767698
US68218J1034,9.90775824391546,OmniAb Inc,23.373170127612102,0.42389449911250343,413.40331910000003,4095.900142875039,35,352030,small,5.15639561418795e-06,,,,-0.0018050541516245,0.0017921146953405,0.0342717629844509,-0.733496766674624,-3.814198699039792,-3.153560543415676,-8.562677042298064,7.817443134348766,-1.962428460666523
US1241551027,9.877714372600629,Butterfly Network Inc,28.66700590832777,0.3445673539883407,2004.18068256,19796.72433341145,35,351010,mid,,,,,,,0.2337836348406684,-0.722958346351382,4.210179740792405,4.003718274665047,3.886641898443821,0.6144886404695992,3.42829223821776
US26856L1035,9.87168124915679,elf Beauty Inc,19.337950615203862,0.5104822866491079,5252.752776209999,51853.50108736852,30,303020,mid,6.551778886688385e-05,,0.0018083182640144,-0.0017921146953405,,,0.0630292196052287,2.651480039834314,3.867984884299797,1.1730094766297383,5.847724465331258,3.9968830088871448,0.6220619642470627
US3433894090,9.85693928102037,Flotek Industries Inc,20.405072578583,0.4830631816211296,1208.45899372,11911.706924701017,15,151010,mid,,,,,,,0.1684159708892845,-2.090316648448882,5.725172858225912,3.5475271648178643,0.0571858925602584,4.352907958666108,-2.322280970595335
US70439P1084,9.80828821106537,Paymentus Holdings Inc,17.3836125725999,0.5642261164129498,4934.6964715,48400.925226599335,40,402010,mid,6.155066025688168e-05,0.0018050541516245,,-0.0017921146953405,,,0.0430210558745014,1.9919212577306644,1.009969081687332,0.9456890454890132,3.582933097351144,0.2022970219468796,-2.1846289276049795
US50077B2079,9.72495494416787,"Kratos Defense & Security Solutions, Inc.",22.464132799259023,0.43291032113595085,11819.4790784,114943.90150097477,20,201010,large,0.000147424820426,,0.0018083182640144,-0.0017921146953405,,,0.0050581404451591,-0.1492096955288603,-3.128518843848824,-1.941139446589755,-3.830384885348325,8.248006141405252,-1.276491284160933
US03969T1097,9.68053207160427,Arcturus Therapeutics Holdings Inc,23.344875274189537,0.41467482511278264,214.20054399999998,2073.5752359470816,35,352010,small,2.671731683342145e-06,,-0.0018083182640144,-0.0017921146953405,-0.0018050541516245,0.0017921146953405,-0.0179758933480098,1.7641762783215764,-2.0695535819208257,3.567357350373033,2.9208004883331453,6.800523516829296,2.6344053137603183
US81727U3032,9.65078888142325,Senseonics Holdings Inc,21.992239283803695,0.4388270224274354,361.67441145,3490.4433887169575,35,351010,small,4.511178945115508e-06,,,-0.0017921146953405,-0.0018050541516245,0.0017921146953405,0.0169811603373918,1.9292746104483756,-3.625686986090522,-1.5246548089992724,0.4081151213931633,10.250961895326649,1.575310399787738
US75901B1070,9.646548630494909,Regenxbio Inc,25.506275118745233,0.3782029553741231,653.79523386,6306.867517816282,35,352010,small,8.154813279661181e-06,0.0018050541516245,-0.0018083182640144,,-0.0018050541516245,,0.0753262960386419,0.1511740861179676,5.274879075111495,1.8843726535728067,2.5971904262404863,-0.8298411359221645,0.7029683377979066
US3383071012,9.619550269450169,Five9 Inc,19.19179835540929,0.5012323541185424,2442.3111189600004,23493.934582472815,45,451030,mid,3.046304120079284e-05,,,,,,0.0234707242102028,1.811001695648556,2.836889551485359,0.5850399869387989,-0.1469817882470337,1.0136509129913365,-2.789673232219886
US1421521071,9.59369725581246,Caris Life Sciences Inc,18.93041415723556,0.5067874995299861,2523.5234862499997,24209.920345014914,35,352010,mid,3.14760062041306e-05,0.0018050541516245,0.0018083182640144,-0.0017921146953405,,,0.0323465921720812,1.1848529134131245,4.5406676461798,3.0405672351475137,4.0900710821011845,5.291167008093272,0.4278517863619621
CA75585H2063,9.5038621046257,Real Brokerage Inc,18.625428859456438,0.510262726100958,413.13272832,3926.3564808610727,60,602010,small,5.153020524906447e-06,0.0018050541516245,0.0018083182640144,-0.0017921146953405,-0.0018050541516245,0.0017921146953405,-0.0166142095636047,0.7535294126289338,-1.020825250176502,2.3075465929151866,2.3742777392663306,7.203909439181276,0.6364713918058996
US70432V1026,9.42951674165945,Paycom Software Inc,14.255393022685723,0.6614701346117586,8699.60235331,82033.04603631659,20,202020,large,0.0001085104771714,0.0018050541516245,0.0018083182640144,-0.0017921146953405,0.0018050541516245,,0.0389450436911896,0.9194654233443288,3.632314355031699,2.419647700982053,2.2177846662954144,2.202811749253873,-2.419884197090349
US9290332074,9.40787319467799,Vor Biopharma Inc,33.33994699656647,0.2821802084942386,1241.52183702,11680.080011107833,35,352010,mid,1.548554996913302e-05,-0.0018050541516245,0.0018083182640144,-0.0017921146953405,-0.0018050541516245,,0.1995687294830311,0.0508573860801938,13.020969911134127,8.863046518291483,11.061472124387386,4.432748669492581,-2.56328814107865
US46655E1001,9.28692177549895,Dakota Gold Corp,18.990753109869026,0.48902335372222633,658.3264194000001,6113.825959712115,15,151040,small,8.211330932437637e-06,,0.0018083182640144,,-0.0018050541516245,,0.0651938868178826,3.9730429395323696,0.6923168675115392,-0.1554865318736862,3.090633385759576,4.695863376689838,-0.1678130008994215
US34986A1043,9.26224664862376,Forward Air Corp (Delaware),26.343220170759555,0.351598877760004,447.0171857,4140.38343012705,20,203010,small,5.5756626744754165e-06,-0.0018050541516245,-0.0018083182640144,-0.0017921146953405,0.0018050541516245,0.0017921146953405,0.0511055500879249,4.220106081611813,-2.355951901700598,2.961727402037288,8.118511032586339,7.344750919711927,3.698644461278509
US90364P1057,9.25031733828114,UiPath Inc,20.023600554737182,0.46197072864064403,7686.7954317,71105.29705767478,45,451030,large,9.587769720249892e-05,,,,,,0.0956473656584097,-0.5095392581025013,8.219662391642942,2.4229286750276837,0.8374244109436733,-0.3767491406311172,-3.870503737015886
KYG386441037,9.246285900142471,GigaCloud Technology Inc,18.144980211605706,0.5095781749174053,1634.2372737100002,15110.625061392047,25,255010,mid,2.0383904824582035e-05,,,,0.0018050541516245,,0.080049324510863,2.641008883375098,-0.4003529958561441,-0.5143465852071866,3.410523708850982,0.1437241724717688,-0.8112105249220668
US28106W1036,9.188187066825659,Editas Medicine Inc,23.631127556208526,0.3888171245731217,432.0891446,3970.115890129482,35,352010,small,5.389464639529699e-06,,,,-0.0018050541516245,0.0017921146953405,-0.0123819381683882,0.6809549201543197,2.935620439210985,2.555249306427509,0.0707151364703599,-3.029296728065879,0.5968862808327995
US4532041096,9.18602598782995,Impinj Inc,21.994254137651815,0.4176557172768343,5042.54158774,46320.91806969294,45,453010,mid,6.28958165696132e-05,0.0018050541516245,,-0.0017921146953405,,,-0.0010101876736756,2.113428581378551,4.614555009952097,1.2889915130892118,0.876577842383807,-0.7172321759788162,-1.9737976729204545
US45827U1097,9.174231941887161,Intapp Inc,18.64243529318132,0.4921155309168614,2788.8879022,25585.904474705916,45,451030,mid,3.478590684436987e-05,0.0018050541516245,-0.0018083182640144,-0.0017921146953405,,,0.0475844751480221,-1.3252999303316155,4.375540865403508,4.413449033138539,1.7617582527209668,-0.2403900501455043,-4.180858339342628
NL0013056914,9.16798910722137,Elastic NV,15.047084316061389,0.6092867504859648,7809.940294159999,71601.44754490814,45,451030,large,9.74136878425376e-05,0.0018050541516245,,-0.0017921146953405,0.0018050541516245,,0.0300327590475892,-0.5368235431714942,4.129273712075071,1.9557706896693268,-1.5727004015774493,2.605319833541423,-3.900500893621574
US00191U1025,9.12747667063278,Everforth Inc,23.19310826043496,0.39354262344402147,1251.48226611,11422.875187629668,45,451020,mid,1.5609786787035014e-05,-0.0018050541516245,,-0.0017921146953405,,,0.0113405228841385,-0.604058210155997,-1.193778148192108,-2.721692614024698,-2.1181054449364973,5.082430306686792,-4.859025057134266
IE000JMT8VI3,9.08443012927777,NIQ Global Intelligence PLC,22.60154723004413,0.4019384176142543,5146.98,46757.38018679009,50,502010,mid,6.419848093162803e-05,,,-0.0017921146953405,-0.0018050541516245,,0.0579051448534672,2.865724319787771,-2.2313135291015307,0.8684199368743934,3.706438869024805,8.094610833483395,-1.199492566504314
US16935C1099,8.991042717821621,Chime Financial Inc,19.032872584622865,0.4723954662043873,10359.251737800001,93140.47489922767,40,402010,large,0.0001292113482382,0.0018050541516245,,-0.0017921146953405,,,0.069342756647802,3.2633300250380293,0.0337524086746627,2.8409065641618287,5.44248038337847,5.922824243230922,-0.157232848443768
US88025T1025,8.87080130708878,Tenable Holdings Inc,16.107640822203578,0.5507200840275022,4144.2136473,36762.495839324,45,451030,mid,5.169093736769557e-05,0.0018050541516245,-0.0018083182640144,,,,-0.00932852731533,1.054065292107894,0.5318218877367459,0.7928400590006903,-1.5372348386605674,0.6023675193278784,-1.2150947426498788
US0327973006,8.75840456178968,Anavex Life Sciences Corp,24.98898253044183,0.3504906432712938,288.63016000000005,2527.939710014086,35,352010,small,3.6000951670790934e-06,,0.0018083182640144,-0.0017921146953405,-0.0018050541516245,0.0017921146953405,-0.0362680811812723,3.081864834551677,-0.4481820900888527,0.2205063256058763,2.797115903219795,8.110910832029564,0.8078611614149656
US7707001027,8.65680238108972,Robinhood Markets Inc,20.734625331514806,0.4175046446550516,84848.13175752001,734513.5090295136,40,402030,large,0.0010583140343889,0.0018050541516245,0.0018083182640144,,0.0018050541516245,-0.0017921146953405,-0.024828347878061,0.5422995767562638,3.67253312628653,2.3955590718296214,-0.7963591305844481,-2.0196514803375605,-0.3480452178388783
US4622601007,8.65205745515823,Iovance Biotherapeutics Inc,27.469200564746867,0.3149730344268561,2698.36487082,23346.407897315254,35,352010,mid,3.3656809567146696e-05,,,0.0017921146953405,-0.0018050541516245,,0.163615092382027,1.6909223625566243,-0.5662878629770642,-4.301002109521999,0.3736302538000235,7.3414352979938915,1.27591318637983
US60937P1066,8.634094363868371,MongoDB Inc,19.851435329783946,0.4349355208040939,35872.153262110005,309723.5563002064,45,451020,large,0.0004474347573089,0.0018050541516245,,0.0017921146953405,,-0.0017921146953405,0.0707774467339265,1.3801800383277412,4.215072373446955,0.7332856227293814,-0.0092665609043207,4.428891484820591,-2.640874598460321
US73933G2021,8.63092704526648,Power Solutions International Inc,28.50320694525199,0.3028054724454156,163.19402682000003,1408.5157397066816,20,201040,small,,,,,,,0.0657491023576189,2.609505235974552,4.064730394973728,3.865785764654492,7.114991408171444,7.889977871813539,3.331669780554704
US9892071054,8.56252875120817,Zebra Technologies Corp,13.54430824845683,0.6321864944401085,17666.03640437,151265.94463230832,45,452030,large,0.0002203491564457,,,-0.0017921146953405,,-0.0017921146953405,0.0347589725569142,1.2782240948792976,1.1824476994426858,1.3251384685161811,1.7914259468745053,2.8226215841515487,-0.8969268948386728
US55318A1088,8.5582561643231,MNTN Inc,20.398661611584636,0.4195498865211219,741.72375882,6347.861931146164,50,502010,small,9.251549177797706e-06,,,-0.0017921146953405,,,0.0081292201676352,1.6515227640646724,3.7686911408317303,1.18531099526572,3.0180179566280327,2.5335123623721723,0.640741372652087
US80359A2050,8.551086543810719,Palladyne AI Corp,22.99072893405154,0.3719362952057477,233.17153545,1993.8699791861789,20,201060,small,2.9083575946254416e-06,,,-0.0017921146953405,-0.0018050541516245,0.0017921146953405,-0.0524106985775095,1.305242060211828,-6.40413240865829,-3.7934212119934,-5.260373308524516,7.161681190227791,0.9353421040119188
US55083R2031,8.52361587866195,Lyell Immunopharma Inc,24.743025334369275,0.3444855980009134,264.11638665000004,2251.226627064759,35,352010,small,3.2943339224322854e-06,,-0.0018083182640144,,-0.0018050541516245,0.0017921146953405,0.0680568389488195,2.600437241276332,5.136532650078,0.0756043934486707,2.801235493754608,-2.966032100927721,-2.161264399579458
US24703L2025,8.51702186223798,Dell Technologies Inc,19.083510798356667,0.4463026720938269,282104.6672572,2402691.6184689435,45,452020,large,0.0035187024433035,-0.0018050541516245,0.0018083182640144,0.0017921146953405,-0.0018050541516245,-0.0017921146953405,0.0929736010766502,-0.4621319027882,3.254152066166388,-0.9851861864566276,-5.291795669846387,-3.385216383829716,-1.3163745346230402
US68236H2040,8.51382608987173,Ondas Holdings Inc,29.32563025933783,0.2903203107514038,4379.5202151,37286.47346843903,45,452010,mid,,,,,,,-0.0315266522623441,1.6660867766019527,-6.095477125637499,-1.378290736634117,-4.071390717192514,2.8746565430261675,-0.4793993672015456
KYG596651029,8.50461352914512,MeiraGTx Holdings PLC,15.437451002207279,0.5509078880917007,771.2116125,6558.856713501324,35,352010,small,9.61935231909418e-06,0.0018050541516245,0.0018083182640144,0.0017921146953405,0.0018050541516245,,0.0473138416012768,0.1455526532038455,2.370573747064337,1.5288069726350524,-0.0269287285827583,-0.8603836597044952,0.2808858136445401
US71535D1063,8.50322005892867,Personalis Inc,25.730180465597247,0.33047650288726005,1478.16103183,12569.128536183556,35,352030,mid,,,,,,,-0.0038947272268012,0.5451052821093297,-5.514030757085731,-9.834941435287185,-12.486753936856584,0.739061198298961,-1.065262593428994
US7501021056,8.46260706739295,Rackspace Technology Inc,105.52530391884943,0.08019505041085524,372.94608569999997,3156.0961806013565,45,451020,small,4.6517709746952125e-06,-0.0018050541516245,-0.0018083182640144,0.0017921146953405,,0.0017921146953405,0.1854054541673828,6.52589441500225,2.0594228980366305,-16.561428663678193,-8.013012848914457,-8.509068983598873,7.289984738218726
VGG069731120,8.45953379853408,Aura Minerals Inc,20.901088912461507,0.40474129524851665,3097.06506342,26199.726580260587,15,151040,mid,3.862981251490782e-05,0.0018050541516245,0.0018083182640144,0.0017921146953405,0.0018050541516245,,0.1096219940121304,3.100471442871028,-2.163283451768631,-1.100294562860435,2.572003588640799,5.809927281119393,2.527731022043287
CA66987E2069,8.45000224604601,NovaGold Resources Inc,23.120103988660073,0.365482882351678,2560.34643984,21634.933167303905,15,151040,mid,3.193530033076289e-05,,,-0.0017921146953405,,,0.0203106773062515,3.9789365082706114,-1.864256274482001,-7.130876028268378,-0.6730600535078141,2.373809189359293,2.3438657473679
US92552V1008,8.43750080827448,Viasat Inc,17.715146393880616,0.476287388242474,9899.84476728,83529.94822571687,45,452010,large,0.0001234811472976,,,0.0017921146953405,,,0.058236063624845,2.051508101701468,-0.7945699505205917,-1.8389128982321945,-1.92850562104214,1.505987805310729,-1.3828071033146956
US6121601016,8.42671297876813,Airjoule Technologies Corp,21.607462190145842,0.3899908700342959,174.41431587999998,1469.7393793089602,20,201060,small,2.175476518701282e-06,,-0.0018083182640144,-0.0017921146953405,-0.0018050541516245,0.0017921146953405,0.0828236802062189,-0.5359933687306202,6.424268183747701,3.365477424713454,0.2061877227298501,3.475890451669416,-1.470761736546346
KYG254571055,8.40706721403849,Credo Technology Group Holding Ltd,25.51008880961717,0.32955852395421964,41294.66976919,347167.0643311036,45,453010,large,0.0005150700157675,0.0018050541516245,0.0018083182640144,0.0017921146953405,0.0018050541516245,-0.0017921146953405,0.0152374587944846,4.381790209618625,3.935464332613997,4.08803641258934,1.461425573766141,-4.626983741058275,1.839128912635406
US98138H1014,8.382635452010451,Workday Inc,14.306353024321602,0.5859379701982399,48706.3861145,408287.87898271723,45,451030,large,0.000607516640869,0.0018050541516245,-0.0018083182640144,-0.0017921146953405,,-0.0017921146953405,0.0112915840109228,0.0055418924086326,4.139554826779706,2.412344943791924,-0.1354805711171816,0.3629561246717645,-4.092355691678543
US13463J1016,8.36830184249807,CAMP4 Therapeutics Corp,50.08132964025845,0.16709424255723263,198.95933642,1664.9517815456793,35,352010,small,2.481627510759462e-06,-0.0018050541516245,0.0018083182640144,0.0017921146953405,0.0018050541516245,0.0017921146953405,0.256286373789839,-1.3729215759302926,14.293724821823249,4.524573698912565,2.377807537504097,-1.6551495644827448,-1.1350745744290331
US7867001049,8.34337501844893,Sagimet Biosciences Inc,19.493830233103083,0.42800080428938914,565.1750354999999,4715.467272241686,35,352010,small,,,,,,,0.0338019959779518,1.5384356128650278,1.2614759489292893,-1.3785118807040444,-1.5475037323807834,4.1175933655787,-0.3550219003914749
CA7142661031,8.3384335296452,Perpetua Resources Corp,22.06949705934616,0.3778261691792373,3125.37527276,26060.733967106,15,151040,mid,3.898292685273007e-05,,0.0018083182640144,,-0.0018050541516245,,0.0395630604274356,3.021758380732285,-0.9773209326140222,-5.396124801046256,-0.3395479022443822,3.952643400332196,2.2948542215373875
US65250K1051,8.29335017671607,Newsmax Inc,21.281995659494058,0.38968855691013843,1095.2763081599999,9083.509963831659,50,502010,mid,1.3661423822177996e-05,0.0018050541516245,-0.0018083182640144,-0.0017921146953405,,,0.0070221118778681,-0.4012462941213865,3.0992723111012435,3.4293590712301976,-0.2575654097466453,3.292498514013724,-2.5225933288956863
US4663671091,8.27723837791267,Jack in the Box Inc,21.564122409205545,0.3838430435907369,320.12810088,2649.776602452235,25,253010,small,3.9929702038910144e-06,-0.0018050541516245,-0.0018083182640144,-0.0017921146953405,,0.0017921146953405,-0.0326464836153705,4.12511928000999,-3.0024088772202955,0.6704288931193236,2.57186148033268,1.5891663435853935,0.1340540094368034
US88025U1097,8.26390833691497,10X Genomics Inc,18.57303457395247,0.4449412024734283,7093.078913609999,58616.55396857745,35,352030,large,8.847224807205865e-05,0.0018050541516245,,0.0017921146953405,,,0.0831894686527842,2.759459107585032,-6.982878937599258,-6.596981313722131,-2.6982601488347706,3.4354928126474986,0.5530047270682266
CA98936T2083,8.20064611939261,ZenaTech Inc,24.9700031048185,0.3284199078777895,116.20290299,952.9388854670995,45,451030,small,1.449403310641063e-06,,0.0018083182640144,-0.0017921146953405,-0.0018050541516245,0.0017921146953405,0.0172795913031421,0.5553753135055299,2.2253073671578085,2.2312407244137957,1.985117774775344,10.276918642503324,0.0409324644601178
US00847G8042,8.16647923033942,Agenus Inc,24.47684632141849,0.3336409896561443,325.30308915,2656.5809211087276,35,352010,small,4.057518033059381e-06,-0.0018050541516245,-0.0018083182640144,,-0.0018050541516245,0.0017921146953405,0.1405401797790324,5.099130911781852,4.593680878919888,-0.5845299578462926,7.722195854466959,-7.072937768414022,-5.806874121638633
US0869211039,8.12493745795949,BETA Technologies Inc,20.06222909829787,0.40498677480703427,3020.3387287200003,24540.063272702875,20,201010,mid,,,,,,,,,,,,,
US92214X1063,8.090633851813719,Varex Imaging Corp,17.756795639964352,0.45563591629136757,766.1136432800001,6198.344976657509,35,351010,small,9.555765151520147e-06,,,,,,0.0920856253876531,2.1849176928196803,-1.1307206171639188,0.0618780812487036,2.2108495184343333,9.674727192266603,0.2706482779093441
US91733P1075,8.01086688392912,USA Rare Earth Inc,31.387169116995622,0.25522744195466074,4308.57907298,34515.45341252551,15,151040,mid,5.374107368964288e-05,,0.0018083182640144,,,,-0.0177592068336108,1.7442643251621637,-6.942995612487262,-1.1122638410055337,-4.861092934913852,9.87597802432367,1.538286630019281
US77313F1066,8.00040506044413,Rocket Pharmaceuticals Inc,20.14644414256676,0.39711251294913813,362.04960412,2896.5434849334424,35,352010,small,4.515858737823209e-06,-0.0018050541516245,,,,0.0017921146953405,0.0600221448943246,2.3097139713685637,1.1055675699978469,-5.006792860202929,1.9361460127872925,2.969285345117308,2.4884818443883883
US04523Y1055,7.9997921718833895,Aspen Aerogels Inc,24.83219693052267,0.32215402423981215,405.49668452000003,3243.889202547765,15,151010,small,5.057775854772237e-06,,-0.0018083182640144,-0.0017921146953405,-0.0018050541516245,0.0017921146953405,-0.0013726937408267,-2.101754991448578,1.5410508040922974,0.5688522924193706,-6.779305033052771,3.675875537996778,-1.66527830634889
US0193301092,7.992168582656619,Allient Inc,14.759623890712088,0.5414886342521179,1586.26199825,12677.67330627576,20,201040,mid,1.978550735522944e-05,0.0018050541516245,,0.0017921146953405,,,0.0928072747749578,0.8254604412589412,0.2843310235495475,-1.172587620252724,-0.030031084142521,3.570850275635722,1.558640559256596
US7731211089,7.99095588532681,Rocket Lab Corp,26.218704516463603,0.30478072935712824,47679.485457259994,381004.6649240458,20,201010,large,0.0005947080691896,0.0018050541516245,0.0018083182640144,0.0017921146953405,,-0.0017921146953405,0.0783323839333285,0.1747680628763779,4.229213044213944,2.3463919412656145,-4.020047629712038,5.339311293772797,-3.158482847724973
US75524W1080,7.93792522681967,Re/Max Holdings Inc,18.190351122519406,0.4363810887076625,242.99695056000004,1928.8916238904765,60,602010,small,3.030910377924516e-06,-0.0018050541516245,,,,0.0017921146953405,-0.00549502173743,1.25425858245676,-1.7581957727624866,2.931641957610028,-0.3579893394411517,3.276595239477344,0.2355970492802114
US85209W1099,7.91713774269074,Sprout Social Inc,16.917249106281492,0.4679920294932024,590.17612965,4672.505710887159,45,451030,small,7.361289728275136e-06,,0.0018083182640144,-0.0017921146953405,,,-0.0249999806989241,0.5122604778944657,1.8042185094013703,3.9675371911801394,1.1629105727286757,1.5600389535640704,-2.7339803596599284
US05464C1018,7.90052535263219,Axon Enterprise Inc,19.25685653955749,0.4102707696036946,47595.526947169994,376029.6673180051,20,201010,large,0.0005936608514407,0.0018050541516245,,-0.0017921146953405,,-0.0017921146953405,0.0478301395792327,1.06662720917698,5.028854950220872,-0.2640909479579523,2.175726018840824,2.097284141569953,-1.0469254522586944
US68622P1093,7.86925379603149,Oric Pharmaceuticals Inc,21.742062776334272,0.36193685378357887,1221.55669944,9612.739694135918,35,352010,mid,1.5236524034657474e-05,,,,-0.0018050541516245,,0.0677775879932291,1.3494225553643109,-2.7312384997750305,-6.35796893346642,-0.4948249205977539,4.772555960418026,1.9081480115529184
US8485603067,7.86374212806284,Spire Global Inc,26.957581933690083,0.29170799322453966,513.0943384,4034.8415645466107,20,202020,small,6.399845559900893e-06,,,,-0.0018050541516245,,-0.0117415764209136,-2.765383844607924,-4.233318658327305,4.212977004636034,-5.876408525484893,2.6771595078421155,0.0544457755227845
GB00BYW6GV68,7.86355063092324,Ferroglobe PLC,18.35210166251695,0.42848229459103654,337.77168192000005,2656.08472247002,15,151040,small,,,,,,,0.0347121958598055,1.548460105319572,1.3265021113905542,-1.5063385066832062,0.2186976894050674,5.057778039354251,-0.169967984374129
US15961R3030,7.813550230774161,ChargePoint Holdings Inc,19.62227704814935,0.39819793653922986,147.2924145,1150.8766793077584,20,201040,small,1.8371839920986096e-06,-0.0018050541516245,-0.0018083182640144,-0.0017921146953405,0.0018050541516245,0.0017921146953405,-0.0595807941731138,3.746011497917052,3.0256144768011186,1.262762344171493,2.134988979405565,-0.8580020665651181,0.5421331664095426
US5006001011,7.79799632516589,Kopin Corp,26.66711226195884,0.2924199759075483,905.0575244999999,7057.635250114737,45,453010,small,,,,,,,0.0628689024909101,4.517580705860668,4.099620300734366,2.611821109992836,-1.642903325379927,1.6866690380006673,-0.4863073954860206
US09263B2079,7.7969254819425196,Blacksky Technology Inc,27.026382426580845,0.2884931234553289,1146.2904288000002,8937.541054017538,20,202020,mid,1.4297724925184192e-05,0.0018050541516245,0.0018083182640144,,-0.0018050541516245,,0.0235986157001381,-0.2641176509282958,0.9488850347087568,4.23747706661649,-3.080811642094692,0.9302498933094396,-2.058850408610651
US31188V1008,7.77569779146331,Fastly Inc,38.530742670813716,0.20180503287711735,4457.63956176,34661.25809551671,45,451020,mid,5.560031094073031e-05,,,0.0017921146953405,,,0.2337981739039957,0.8597580194909256,0.705449711399609,-5.806879596290371,3.902422235716048,-3.239933170619984,2.7643512557058667
US6792951054,7.72578161498633,Okta Inc,16.13872873426825,0.47871066811983487,25452.298181239996,196638.89734777395,45,451020,large,0.0003174675012248,,,0.0017921146953405,,-0.0017921146953405,0.0197970108513116,-0.8664167588290768,1.4810007774729952,1.5150707878147305,-3.1304824439507057,-0.5383347999361465,-3.031923854772701
US74624M1027,7.71616748628541,Pure Storage Inc,18.624048008333528,0.4143120487464771,37279.186197920004,287652.44445557013,45,452020,large,0.0004649847336251,0.0018050541516245,0.0018083182640144,,,-0.0017921146953405,0.0392364838267427,1.5325857325309822,0.94783936942267,-0.9666309582997864,-1.4514220380008245,3.8998881202729807,-1.0969895864639914
US8361001071,7.675222286714679,SoundHound AI Inc,21.411555201673902,0.35846169110194526,3257.35816707,25000.947999707743,45,451030,mid,4.062915460641507e-05,0.0018050541516245,,-0.0017921146953405,-0.0018050541516245,,-0.0404430492384814,3.1786023374884778,5.387358705265076,1.4016296514010351,1.3240198655959974,-1.1827026183848264,-0.0577056998854736
US37637K1088,7.63783907079835,GitLab Inc,14.989715090719208,0.5095386419670692,7560.508456930001,57745.9468874413,45,451030,large,9.430251487389363e-05,0.0018050541516245,,-0.0017921146953405,,,-0.0248620738134395,0.930812420682895,0.8748871742544515,-0.0488122300268352,-2.752984452520657,2.4404280880087565,-3.05272402271284
US81762P1021,7.63637166780132,ServiceNow Inc,15.558076967549365,0.4908300481948422,127954.19668960001,977105.8023767389,45,451030,large,0.0015959776521958,0.0018050541516245,0.0018083182640144,-0.0017921146953405,,-0.0017921146953405,-0.0375685150890699,-0.1627972756332472,2.7842355317828744,-0.0643201565429626,-2.4517858150481207,-1.0976094272989565,-3.0719106022692624
US6391931010,7.634509330274911,Navan Inc,22.096787744385814,0.3455031300743987,5391.9376718799995,41164.79846422864,25,253010,mid,,,,,,,,,,,,,
US79589L1061,7.61670721637627,Samsara Inc,17.789732604382927,0.42815186634675506,22161.31521968,168796.2495581259,45,451030,large,0.0002764189432541,0.0018050541516245,0.0018083182640144,,,-0.0017921146953405,0.0189485695215622,0.1255006729980397,4.19921752017111,0.7718496604737268,0.2044638516730609,-3.1509682733510305,-2.0983929890563915
US04342Y1047,7.59007092572422,Asana Inc,15.817802605756931,0.47984357340265416,1230.7201621400002,9341.253320361413,45,451030,mid,1.535082025990289e-05,0.0018050541516245,-0.0018083182640144,-0.0017921146953405,-0.0018050541516245,,-0.0226285343453478,0.3458807086786605,4.417355528737464,2.8555855950683786,0.2979648654883537,-0.6730198776707561,-3.643426778482907
US8986972060,7.582863268809439,Tucows Inc,26.462430433456703,0.2865520341329779,99.56497277999999,754.9875749534735,45,451020,small,1.2418777625860006e-06,-0.0018050541516245,,-0.0017921146953405,0.0018050541516245,0.0017921146953405,-0.0672868448782507,1.054321616718184,-0.986439197229789,0.3401543146885655,0.3517394413682726,-2.969256655028163,-0.8341121900495105
US23130Q1076,7.541594277153039,CuriosityStream Inc,16.56184545171888,0.45535953702371557,111.9402526,844.2079683912256,50,502020,small,,,,,,,-0.028785332252599,1.740460854530821,-2.1668852787662827,0.342794513876407,0.259237878140601,3.838868894401137,0.6720156847523294
KYG8068L1086,7.53803017706796,Sharkninja Inc,12.521050365031888,0.6020285804551799,13040.111080080002,98296.75083396133,25,252010,large,0.0001626498106697,0.0018050541516245,,,0.0018050541516245,,0.0561300934738882,1.8819934943296093,-1.4332134352101846,0.5323195117043804,2.6434220018156838,3.398426420673003,0.3989524933032894
US18538R1032,7.52729358076664,Clearwater Paper Corp,14.91123310054768,0.5048069150290574,331.72900138,2497.021582641802,15,151050,small,4.137668685241043e-06,-0.0018050541516245,-0.0018083182640144,-0.0017921146953405,,0.0017921146953405,-0.0023232794423031,0.653428022516291,0.3065241006278744,1.485043038970508,1.036444470913514,-0.4981706517933403,-1.719818720422457
US12634H2004,7.5036112454221495,CPI Card Group Inc,18.379831170866684,0.4082524575805624,170.02831662,1275.8263886300297,45,452020,small,2.1207697800197174e-06,-0.0018050541516245,,,-0.0018050541516245,0.0017921146953405,0.1259280240896028,-0.3873080468569032,6.651924046148582,6.205417668452059,4.82065477607029,0.8141014994576983,-0.269958021535865
US26622P1075,7.5000877692193,Doximity Inc,17.415460231571576,0.43065688012211034,4325.453240759999,32441.278947354054,35,351030,mid,5.395154583806028e-05,,-0.0018083182640144,-0.0017921146953405,,,-0.0555135050574586,-0.8281035710714961,3.187790905794432,4.27516446929673,0.9628210797364116,0.8437581538404035,-1.4915048120082637
US00091E1091,7.4992843126013105,Absci Corp,26.91523901581465,0.27862596011853874,1333.9474995,10003.651556834095,35,352010,mid,1.663837883777354e-05,0.0018050541516245,0.0018083182640144,0.0017921146953405,-0.0018050541516245,,0.1469171316677615,-1.4946350633129115,7.597502591377335,2.944946727099888,-2.9888002969103358,-2.686679737363733,0.4608210575665705
US25400Q1058,7.49564078416317,Trump Media & Technology Group Corp,22.347053462141695,0.33541964701796545,1105.06557907,8283.174623651983,50,502030,mid,1.3783525777470264e-05,,-0.0018083182640144,-0.0017921146953405,-0.0018050541516245,,-0.0220909627332855,1.9971646328433064,4.510438634562106,3.5554568292853084,4.215147752181034,-0.909969833380284,-2.734341900850173
US1271903049,7.484442651473221,CACI International Inc,12.66680697239611,0.5908705064965105,14601.98659422,109287.73126202036,20,202020,large,0.0001821311444639,,0.0018083182640144,,,-0.0017921146953405,0.0239462586756779,0.7764125739452042,-3.2049809892648167,-4.112017938516106,-2.7797861991823622,5.22816719290432,-0.7040747560811362
US83193G1076,7.46088296469586,SmartRent Inc,19.289412786896158,0.3867864225376652,264.30617655,1971.9574500857912,45,452030,small,3.2967011792073578e-06,,-0.0018083182640144,-0.0017921146953405,,0.0017921146953405,0.046548575514472,-0.5481263032044008,1.1012216793108969,0.4995512054838487,-0.0350410001659911,4.674763029241635,-0.6438085217101427
US0942351083,7.45826225389718,Bloomin' Brands Inc,20.303776970605654,0.36733373621542015,882.8212857,6584.312672073288,25,253010,small,1.1011464096624973e-05,,-0.0018083182640144,,,,0.0017891123665842,1.091752397081612,-0.3925230586624777,-0.531907485338144,-1.7561126767750317,0.932797041090147,-0.1710257118308107
US4884452065,7.42422975631285,Zevra Therapeutics Inc,17.557308094216317,0.42285695030655185,654.4014644599999,4858.426825018638,35,352020,small,8.162374817420073e-06,,,,0.0018050541516245,,0.0328786983139765,-1.188854501903353,1.5313302157934177,1.8148470909179557,-0.8760851077543892,2.1882031328397424,1.3330206437434895
US1248051021,7.41603256340682,"CBIZ, Inc.",16.78186602882444,0.4419075060347332,2809.8786826200003,20838.15180953258,20,202020,mid,3.504772566172167e-05,,,-0.0017921146953405,,,0.0561077137061445,2.2578120814930824,7.541337663056604,4.500788797773241,5.462340447318281,-3.188163354886232,-5.451179855347216
US90184D1000,7.37657476860059,Twist Bioscience Corp,19.36000261140958,0.3810213726031884,7693.56148438,56752.13152635482,35,352010,large,9.596209043969032e-05,0.0018050541516245,,0.0017921146953405,-0.0018050541516245,,0.1502318506771602,1.3654968757621244,-0.7966016745223516,-0.4812598295292987,1.1894823484346313,4.347733958178446,3.0587703772234485
KYG037AX1015,7.37102858582574,Ambarella Inc,18.698246119761027,0.39420962472174076,3413.38453905,25160.155011753166,45,453010,mid,4.25752775885112e-05,0.0018050541516245,,,,,0.0006347586497724,3.08543157727276,3.6925916722662686,2.094366141675219,3.2584302510256875,-3.119705064585091,-1.8817002257696556
US50105F1057,7.36910225988199,"Kronos Worldwide, Inc.",19.173678320088122,0.38433430126766216,182.60574768,1345.6404278961286,15,151010,small,2.277648564874968e-06,,-0.0018083182640144,,-0.0018050541516245,0.0017921146953405,0.0298800012849639,0.296717303709991,-3.182399211679265,-0.4652941196512583,-0.4282490805300897,5.389347825876988,1.062166706128029
US68236X1000,7.353906777088009,Oncology Institute Inc,22.920906841741292,0.3208383868868487,404.51765112,2974.785096023091,35,351020,small,,,,,,,0.1160576431884647,-1.1211466353142048,8.202162840271331,2.320063791695929,-0.4019719148129328,0.3050024121793457,-1.2170219217231932
US57164Y1073,7.31368999693475,Marriott Vacations Worldwide Corp,15.759997833947127,0.4640666879522673,3803.28142527,27816.021315524937,25,253010,mid,4.743847655475856e-05,,-0.0018083182640144,,-0.0018050541516245,,0.0867472987853071,0.1203291563487599,3.076105419736324,1.353848637060412,2.168775280590158,2.338337796898322,0.8477753592694199
US87288V1017,7.30031355915309,TSS Inc,31.82936489776631,0.2293578141631536,221.40710640000003,1616.341300944771,45,451020,small,2.761619415336244e-06,,0.0018083182640144,-0.0017921146953405,,0.0017921146953405,-0.0414044691165152,0.1631485654981419,-1.066293086765408,1.3370938678508897,-1.976451428850692,0.1709120293469297,1.5961105686300243
CA6544846091,7.293816572753039,NioCorp Developments Ltd,23.91559841500927,0.3049815625008776,695.70558645,5074.348936205883,15,151040,small,,,,,,,-0.0160536539117651,1.0869476409959933,1.5194691485005838,1.5031494263445306,-1.1252869644723538,-0.4267208435425307,-0.0270093345197326
IL0011407140,7.29213737906506,Urogen Pharma Ltd,16.871227630384798,0.43222328207652433,2132.18150518,15548.16045287428,35,352010,mid,2.659478251383689e-05,-0.0018050541516245,,0.0017921146953405,0.0018050541516245,,0.0372092211127927,3.70451968804856,-2.404203011519808,-3.2489254220260584,-0.3823474673720402,-1.0404561399952228,1.2709979157749265
US64110D1046,7.246543484645331,NetApp Inc,11.342427751884157,0.6388882206846382,40442.67051084,293069.5704919855,45,452020,large,0.000504442996012,0.0018050541516245,,0.0017921146953405,0.0018050541516245,-0.0017921146953405,0.0252490831248205,-0.1931823513471422,1.562204040868071,0.2084826269829325,-3.2415722927402486,-1.572168779344078,-2.7075043805633987
US7404441047,7.240728407124091,Preformed Line Products Co,14.162794222530508,0.5112499901753405,1099.29973104,7959.730790485201,20,201040,mid,1.3711608131625784e-05,,,0.0017921146953405,,,0.0763132682925963,0.2210153713417784,-0.6547901994440293,1.4655843002099624,0.1224230722415293,3.3967576661963617,1.1317411389297167
US67079U3068,7.23403358154272,Nutex Health Inc,27.179533333742974,0.2661573873515252,772.9218259,5591.342444467916,35,351020,small,9.640683877085255e-06,,0.0018083182640144,0.0017921146953405,0.0018050541516245,,0.1409187329267604,-0.737554808222848,7.4661907255485715,5.478610970516199,1.8760873459913048,2.276554139471438,-1.651574578508992
US74065P1012,7.19812462614294,Prelude Therapeutics Inc,31.576714257282905,0.22795673316398818,182.75563169999998,1315.4978131060793,35,352010,small,2.279518074062865e-06,,0.0018083182640144,0.0017921146953405,-0.0018050541516245,0.0017921146953405,0.2381112697861013,2.3333533846206,10.024669372994651,5.817687884442508,9.470963062081363,-4.322023371336634,2.032636313665765
US94419L1017,7.1967440383464405,Wayfair Inc,18.229796099145215,0.39477918453974875,12738.1773057,91673.4015841964,25,255040,large,0.0001588837790051,-0.0018050541516245,-0.0018083182640144,,,,0.0282371734503576,-0.4757749991247049,0.1966401238801672,0.900801690312914,-0.976285931568537,1.3949765843441415,0.4563866055026172
US10576N1028,7.19433761427385,Braze Inc,19.995503960886282,0.35979776395468094,2832.90836787,20380.899228758284,45,451030,mid,3.5334975818004286e-05,,,,-0.0018050541516245,,0.0667803000263655,-1.526647895868227,8.596209509733146,6.356237095349729,2.7835122861692136,-4.506613693677412,-3.739838533598128
US3493811034,7.18688213867494,Figure Technology Solutions Inc,28.30931935817463,0.2538698316178219,6727.96818845,48353.11440314449,40,402020,large,,,,,,,,,,,,,
US1630721017,7.18538299215679,Cheesecake Factory Inc,11.223545305091656,0.6402061734358644,5183.616847079999,37246.272330866035,25,253010,mid,6.46554537445514e-05,0.0018050541516245,,,0.0018050541516245,,0.0869628996779368,2.2735179275995314,0.0083718299769968,0.0012724023333916,3.458235776690345,3.3277527751303784,0.2338345753094235
US83422E2046,7.13292132223224,Solid Biosciences Inc,17.967711868312133,0.3969855134872161,829.38944955,5915.969689129655,35,352010,small,1.0345006734401368e-05,,0.0018083182640144,,-0.0018050541516245,,0.0650259120454873,-1.3139461787476636,-0.1011366867455092,3.518031756016123,1.5055115943169932,1.5367784631378014,1.4690063448295154
US09227Q1004,7.12324037303092,Blackbaud Inc,15.335525571201083,0.4644927452899174,1600.5529225,11401.12319672463,45,451030,mid,1.996375860702349e-05,0.0018050541516245,,-0.0017921146953405,0.0018050541516245,,0.0478819273024276,2.258802692081092,5.682196665954703,2.027203975438423,5.584663914409975,0.5299518622398396,-2.850473295055166
US7995661045,7.1188175686658,Sana Biotechnology Inc,23.498889676121788,0.30294272056179444,968.7166532800001,6896.117130428801,35,352010,small,1.208284034399718e-05,0.0018050541516245,,,-0.0018050541516245,,0.0241682734136184,2.364167379748581,2.5616969421548355,-2.708209059024,-0.7230438265808465,2.0668296967377056,0.5084177283364129
US50180M1080,7.118294035062229,LB Pharmaceuticals Inc,15.281060789345077,0.46582460034617196,1495.84927266,10647.894954927851,35,352020,mid,,,,,,,,,,,,,
US78573M1045,7.1082586188305905,Sabre Corp,21.705810679684546,0.3274818307285584,835.93951168,5942.074238720395,25,253010,small,1.042670591309524e-05,-0.0018050541516245,,,-0.0018050541516245,,0.0554530392921736,-1.7074642249969334,4.591991447987201,4.124680341118457,1.1087524431680225,-1.1585249466555445,0.1202671360238755
US75734B1008,7.0972376029762,Reddit Inc,19.305425415074737,0.36762917420272373,31933.15328768,226637.1762949256,50,502030,large,0.0003983034580328,0.0018050541516245,0.0018083182640144,-0.0017921146953405,0.0018050541516245,-0.0017921146953405,-0.0337728937776528,1.064576890524697,1.5395063708701184,3.1485415510768746,0.2362271677149299,0.9080566008967216,-0.3608507541742347
US63010H1086,7.0937569372172105,Nano Nuclear Energy Inc,25.153483193401346,0.28201887121057473,686.5102659300001,4869.9369614117695,20,201040,small,8.562869142035524e-06,,0.0018083182640144,-0.0017921146953405,,,-0.0619086331552994,1.389081761315904,1.195617225428733,-0.8749597435508393,-3.1290249256167693,2.3223754520502053,-0.0704832202380277
US51819L1070,7.07195051693756,Latham Group Inc,15.79857364899773,0.4476322150377296,705.63666981,4990.227611832927,25,252020,small,8.801433518578816e-06,,,-0.0017921146953405,,,0.0202249258877401,1.708770692853681,-0.9462196733474596,-1.1755562840150175,1.4697170312587726,5.39794778988637,2.439455103237833
US00217D1000,7.06702555531364,AST SpaceMobile Inc,27.44830697795546,0.2574667195681459,22298.35267924,157583.02822558544,50,501010,large,0.000278128216796,0.0018050541516245,0.0018083182640144,,-0.0018050541516245,-0.0017921146953405,0.0357843004640981,-1.4397062938527203,-2.736643389919899,-3.372297976209613,-8.840899154096455,8.6811388354243,-2.6464382517669174
US78781J1097,7.05354318138835,SailPoint Inc,18.23963489105744,0.3867151521134106,1206.74817228,8511.85034223845,45,451030,mid,1.5051816701715291e-05,,,-0.0017921146953405,,,0.0043734687100875,0.7769292821689706,4.734364634485537,1.2548580531933071,-1.7475318661027428,-0.8124121591064872,-4.67964165471302
US92556W1045,7.03775856391438,Via Transportation Inc,19.693627270985225,0.357362230282644,1374.2406399200001,9671.573832476159,45,451030,mid,,,,,,,,,,,,,
US3499321038,7.005262346126701,Forward Industries Inc,42.737374558545426,0.1639141949754137,,,45,452030,,,,,,,,-0.0851629880322294,-2.1521894667890304,3.778234953411462,9.096244624881834,0.2517947362734807,-4.732231240272482,-1.529484682856697
US46222L1089,7.00505196638929,IONQ Inc,28.842277361040015,0.2428744401387553,18048.04059576,126427.46226480234,45,453010,large,0.0002251139095236,,0.0018083182640144,-0.0017921146953405,-0.0018050541516245,-0.0017921146953405,-0.0616762119892414,2.014281407961807,1.7313877900580832,2.542104282333365,-4.430622258324215,-2.586953060676356,-0.1076729529813779
US21077F1003,7.00196209935666,Contango ORE Inc,19.53414113422317,0.35844739992635016,438.28736699999996,3068.8715323608226,15,151040,small,5.466775307641171e-06,,0.0018083182640144,-0.0017921146953405,,0.0017921146953405,0.0116577695117362,4.555793317112897,-0.006212854247537,0.046351137962326,3.4131510786014765,4.354578535534975,0.7849606924347384
US4576693075,6.97564574621945,Insmed Inc,16.963981069152226,0.41120334417869386,26688.73783296,186171.18053645352,35,352010,large,0.0003328896608998,0.0018050541516245,-0.0018083182640144,,-0.0018050541516245,-0.0017921146953405,0.017351833947572,0.1210770504137426,1.5897861828080746,-2.984407964366063,-1.4095505217166568,1.126734261834999,-0.2445333799999409
US98386P1021,6.97480309147621,X-Energy Inc,28.91059248153117,0.2412542425732677,4263.49879808,29737.06459735349,20,201040,mid,,,,,,,,,,,,,
US5627501092,6.972493411668671,"Manhattan Associates, Inc.",12.881790054114981,0.5412674311860382,11338.535499279998,79057.86406670114,45,451030,large,0.0001414259925321,0.0018050541516245,-0.0018083182640144,-0.0017921146953405,0.0018050541516245,,0.0095471130112908,1.4745001442467771,2.938640219286308,2.7487133088580107,2.992405059058478,-1.8316991251966177,-2.5622099951324318
US00289Y2063,6.94406060244988,Abeona Therapeutics Inc,14.51958707635978,0.47825468905764723,291.94712175,2027.2985061428135,35,352010,small,,,,,,,-0.0178822407152693,2.685952888196665,0.0864915558618637,0.9038123205239336,2.722702483335505,-0.5759359798800896,-0.2063631062063713
US0352551081,6.93329038371981,Anika Therapeutics Inc,14.364765238046111,0.48265949835062344,276.24468159,1915.284594421688,35,352010,small,3.4456106150634497e-06,,,0.0017921146953405,,0.0017921146953405,0.1250627547386969,2.536752976775936,2.10906157588659,-3.3147581348954,3.775718731195037,-0.7259574022305701,1.4061795743675307
US00509G2093,6.923852918989939,Acumen Pharmaceuticals Inc,23.531005533210152,0.29424381840453256,170.24590828,1178.7576289905714,35,352010,small,2.123483809224298e-06,,-0.0018083182640144,0.0017921146953405,-0.0018050541516245,0.0017921146953405,0.0868179332785575,2.6925678520888825,0.4871141102961469,-5.5357226639695405,-1.2642469983623976,5.6858754190208405,1.3424778676283535
US65443P1021,6.88125111957145,908 Devices Inc,20.43107189094336,0.3368032355963544,379.41743875,2610.8666751833694,45,452030,small,4.73248841198509e-06,,,,-0.0018050541516245,0.0017921146953405,0.0160979487676917,0.9916161086318316,-1.5300563750752625,-1.1924493434777164,-2.192739918781803,2.94897375392392,1.3804566971961705
US4859241048,6.86753533090522,Karman Holdings Inc,21.08334508351386,0.32573271953297844,2922.85286127,20072.79529180914,20,201010,mid,3.645685696859062e-05,0.0018050541516245,0.0018083182640144,,,,0.0663703793891123,-0.7529291931511893,0.0734772633038178,-0.5585386545994202,-1.2275218103308037,7.095994568533167,-1.301205320890121
US1275372076,6.85044520644989,Cadiz Inc,17.247798853426207,0.3971779393223313,195.03965272,1336.108454043375,55,551040,small,2.432737144122626e-06,0.0018050541516245,,,-0.0018050541516245,0.0017921146953405,-0.024779876819597,-0.5366056638382039,-0.2005965613496537,-1.337808115094398,-3.6415524997918207,0.7874154350584746,-0.4836887213297205
US7141572039,6.8486789697847605,Perma-Fix Environmental Services Inc,17.935892918163006,0.3818420973538128,341.9002124,2341.5647944288226,20,202010,small,4.26453459432152e-06,0.0018050541516245,,,-0.0018050541516245,0.0017921146953405,0.0958201640162697,2.9007989950824427,1.8195665643231853,-1.0413257254004178,3.900726288994528,3.3538323933398964,-0.3682806543733306
US8190471016,6.8387563970319105,Shake Shack Inc,15.89080798590452,0.4303592619769889,3047.4026448699997,20840.444331936673,25,253010,mid,3.80103712444345e-05,,,-0.0017921146953405,0.0018050541516245,,0.0214996616762142,3.296493079735728,1.2105223881333864,0.1320491237024449,4.966002638723376,3.22103180986827,1.2557944243275387
US3893751061,6.81080262546095,Gray Media Inc,16.858312266296966,0.40400263786055646,505.6721971199999,3444.0335277675026,50,502010,small,6.307268904185127e-06,-0.0018050541516245,,-0.0017921146953405,,,0.0320525034855896,2.734365939911097,0.8117642518301659,1.2293714654744496,5.137853432305014,2.591452256322958,1.3348692988789388
US57060D1081,6.78970625204969,Marketaxess Holdings Inc,13.805022797539605,0.49182868812500496,5594.3500743,37983.99367562936,40,402030,mid,6.9778545199282e-05,,,-0.0017921146953405,0.0018050541516245,,0.0484983966714924,2.640779446278964,2.605497982715597,0.1820075927109969,5.246941883952664,-0.1472251331909976,-1.518644194035088
CA28620K1066,6.75806569071343,Elemental Royalty Corp,17.47744421417007,0.38667356667825825,731.76808315,4945.3367762951475,15,151040,small,9.12737164948752e-06,,0.0018083182640144,,,,0.0430530007467168,1.5424748908128276,-3.988552734387941,-1.5340332743291447,-0.2317847608410295,8.53910573075055,1.0906554455768998
US92557A1016,6.7532450542202,Viant Technology Inc,17.079642952168957,0.39539732025619423,810.6192232,5474.31025993122,45,451030,small,1.0110884973987915e-05,,0.0018083182640144,,,,0.0031556607399679,-0.5623032601259923,-1.6371826261621052,-0.3731692421943484,-2.431242018108314,1.6844177721521596,-1.7226266297754669
US35834F1049,6.74806218659331,T1 Energy Inc,37.269037007146565,0.18106349743620495,1062.98613367,7173.096533491549,45,453010,mid,1.3258667224857785e-05,,,0.0017921146953405,-0.0018050541516245,,0.0797889994809464,-3.14006886993974,-1.3800695340502005,-3.4537374702856685,-13.48979334465923,4.706065091555791,-3.2669872012174515
US9224751084,6.73727825529507,Veeva Systems Inc,12.97329985519453,0.5193187801480942,36184.90810965001,243787.79457699525,35,351030,large,0.0004513357606382,,,-0.0017921146953405,,-0.0017921146953405,0.0198501736198667,-0.1644206662006787,3.0690967786606023,1.1582874576223003,0.3116988482361151,1.1378644993961935,-2.038500824369657
US85256A1097,6.7350310364524795,Stagwell Inc,15.067562250761506,0.44698876462993176,2144.9501805,14446.306037311848,50,502010,mid,2.6754046695755835e-05,,,,,,0.0214431253252132,-0.8561602273127542,-3.263190142435679,2.503488728777223,-0.4587766494073216,0.5384443598476758,-1.202162231811294
US03945R1023,6.72366467696547,Archer Aviation Inc,19.343948739714204,0.3475849097532714,4115.25806586,27669.61529402012,20,201010,mid,5.132977327866859e-05,,,-0.0017921146953405,-0.0018050541516245,,0.0075764536993206,1.94701886845388,3.759912781504611,-1.1241338054105183,-0.9674191688533648,4.906634804939898,-1.2295402143499308
US25056L1035,6.6741759676745795,Design Therapeutics Inc,16.64856680964109,0.4008859167270544,561.1853960300001,3745.450083593368,35,352010,small,6.999687184745247e-06,,-0.0018083182640144,0.0017921146953405,-0.0018050541516245,,0.0750799321632137,0.6382334814379208,-2.873254231835221,-0.2540507994835466,0.4403358809182571,0.8226049773547498,2.063052235516825
US00246W1036,6.64572142399291,"AXT, Inc.",37.66794510673635,0.17642909389300407,5010.1038662500005,33295.754600367334,45,453010,mid,,,,,,,0.358314092927105,-0.8747269468268275,2.998030005826411,-5.037722507616236,-3.573332430868677,-4.6926123596914335,2.348153255173685
US21873S1087,6.642909618735759,CoreWeave Inc,24.55970892370416,0.27047998163871795,48288.05606112,320773.1920784656,45,451020,large,0.0006022987939073,0.0018050541516245,0.0018083182640144,-0.0017921146953405,-0.0018050541516245,-0.0017921146953405,0.0453824294837807,0.911835723292134,2.888037054501865,4.634795885951327,1.3615004813281573,6.207991264296622,1.2186745163281738
US14167L1035,6.63691956954144,CareDx Inc,18.45845659658164,0.3595598329044772,2263.5609696,15023.072095988437,35,352010,mid,2.823348366312733e-05,,,0.0017921146953405,0.0018050541516245,,0.1103471485969863,2.399808993556074,0.5539907015766814,1.6322738467622755,3.235800225812877,-1.247350417807767,-1.631535214285238
US39813G1094,6.63432762419777,Grid Dynamics Holdings Inc,15.13144807539736,0.43844631334291834,488.84197610999996,3243.137825973999,45,451020,small,6.097344905532409e-06,,,-0.0017921146953405,,0.0017921146953405,-0.0066237786771429,1.4063728300415614,2.4328487283254683,-0.5298135370907032,-1.3497908666033445,0.6847157575444359,-3.598564931120502
US7006661000,6.62693055441228,Park Ohio Holdings Corp,12.655071496116687,0.5236580888891705,477.3214348699999,3163.1760010159137,20,201060,small,5.9536487483454415e-06,,,0.0017921146953405,,0.0017921146953405,0.0736425175642095,1.3329356207053855,-0.9750193302234108,-0.6977294430360097,0.5009033003831973,2.3701400788311617,1.2877056835389673
US29970N1046,6.62537860741227,Eve Holding Inc,17.537204635494064,0.377789889843845,134.74820627999998,892.7578832746876,20,201010,small,1.6807195970137167e-06,0.0018050541516245,0.0018083182640144,-0.0017921146953405,-0.0018050541516245,0.0017921146953405,-0.0492516652552397,1.058693946493757,1.3339797664117168,0.4872316471052518,-2.3091508782185524,2.0249173969250247,-2.2113432019623858
US1096411004,6.621492190998329,Brinker International Inc,13.829754614454774,0.47878594925159307,10006.23512544,66256.20774439415,25,253010,large,0.0001248081583565,0.0018050541516245,,,0.0018050541516245,,0.0200244954328329,1.6304521219600534,-5.363134174128133,-1.8637370444599204,0.2069367284394894,2.241320905228673,-0.3388217650874546
US45257U1088,6.61372766301299,Immunome Inc,15.579974643361355,0.42450182457974067,2555.33203443,16900.270164292953,35,352010,mid,3.187275545782821e-05,,0.0018083182640144,0.0017921146953405,-0.0018050541516245,,0.0913816725611906,1.6254094404460329,0.8673045934538077,-0.7812042570977868,-0.2638669763977585,1.5278949579309422,-1.124222539808086
US9092143067,6.600643037244989,Unisys Corporation,23.870790592557373,0.27651547658848763,194.38055108,1283.036631062046,45,451020,small,2.424516143833613e-06,-0.0018050541516245,-0.0018083182640144,,0.0018050541516245,0.0017921146953405,-0.0816137758379615,0.7881472419414115,0.6097321577811717,1.8416204932543827,-3.874286068475965,-0.988536705465082,-0.9777323840430692
US09581B1035,6.58362819335135,Blue Owl Capital Inc,13.087039239613,0.5030647553514966,18809.4905586,123834.69234417498,40,402030,large,0.0002346115044083,,,-0.0017921146953405,,-0.0017921146953405,-0.0315238357626931,1.1341241594981537,0.9245047927862644,1.3848190481299478,0.2256107131319388,2.1380131599981502,-2.6704819661126606
US91388P1057,6.57315150577265,Universal Logistics Holdings Inc,23.96505263452273,0.27428070390731085,128.97636088000002,847.7811607274488,20,203040,small,1.608727145740892e-06,-0.0018050541516245,-0.0018083182640144,-0.0017921146953405,,0.0017921146953405,0.0564723309872769,-0.2741551921707168,1.3192257381626418,5.121587866844662,4.995330161958542,4.971344046506005,1.450340520332294
US98585N1063,6.567828785445359,Yext Inc,16.250197148596396,0.4041691756344416,487.61461197,3202.569284700335,45,451030,small,6.08203594506667e-06,0.0018050541516245,-0.0018083182640144,-0.0017921146953405,0.0018050541516245,0.0017921146953405,-0.0278902141782638,1.6824078328338783,0.6365219542977396,-0.5527959387296222,0.3818939323568643,1.7211035538885062,-1.9719862578871927
US55287L1017,6.55868279504763,MBX Biosciences Inc,32.428871550011095,0.20224825846724184,2227.2533059800003,14607.847938143981,35,352020,mid,2.7780616768252947e-05,0.0018050541516245,0.0018083182640144,0.0017921146953405,-0.0018050541516245,,0.1062292575082807,1.3613516843560634,-5.933594376732913,-3.955573427021111,-1.682344855788664,-0.1367800144287191,1.0150307842743065
US92790C1045,6.556550489744679,Viridian Therapeutics Inc,18.06793896645354,0.362883143557111,2452.1130888899997,16077.403273871067,35,352010,mid,3.0585301551453505e-05,,0.0018083182640144,,-0.0018050541516245,,0.0033129747429313,-1.8382097995905,-5.0857289512416965,-6.586855306681659,-7.77198932035424,3.348202146473892,-2.490837413458684
US6323071042,6.5158719544244095,Natera Inc,12.597655592031597,0.5172289325440758,43027.4282354,280361.2129100518,35,352010,large,0.0005366827792428,0.0018050541516245,0.0018083182640144,0.0017921146953405,,-0.0017921146953405,0.0316225142805482,1.0349778258758895,-1.2328743251138323,-2.0269892712134894,-1.651753869572335,1.2754208503968685,-0.1349358823691393
US89680M1018,6.51551023041079,TriSalus Life Sciences Inc,23.05397310287828,0.28261984176590066,161.1567595,1050.0185152221013,35,352010,small,2.0101145043819315e-06,0.0018050541516245,0.0018083182640144,,-0.0018050541516245,0.0017921146953405,0.0325752012503292,2.6426666383441564,0.0188455237807287,-0.8367501973546791,3.543499087569195,-0.3089835278253028,2.0313807236117465
US98980F1049,6.502221308654329,Zoominfo Technologies Inc,19.031917204941454,0.34164825533005627,1019.451825,6628.701379661544,50,502030,mid,1.271566210631786e-05,,-0.0018083182640144,-0.0017921146953405,-0.0018050541516245,,0.0039007960329551,0.9187344360092172,5.863468734106988,4.47324929914699,5.394929148733576,0.9379481458309348,-1.4866244441373884
US1921085049,6.500891894606629,"Coeur Mining, Inc.",19.657598443835017,0.33070631253256816,19138.170403649998,124415.17685468875,15,151040,large,0.0002387111408486,,0.0018083182640144,,,-0.0017921146953405,0.039525333971641,3.230619271828148,-0.742658719178641,-2.8117409546343355,0.7718130888544807,3.279006184809905,1.910993600261428
US29362U1043,6.49367703352095,Entegris Inc,18.511606930869114,0.35078948347225275,24449.43349176,158766.72474803985,45,453010,large,0.0003049587311024,0.0018050541516245,,0.0017921146953405,,-0.0017921146953405,0.0862344974603523,1.864933765799724,-2.2321305350501617,0.9149371046875155,2.2145967821127166,7.839855699850074,3.825884593991971
US2829141009,6.48695151815893,8x8 Inc,24.792861734389867,0.2616459361430214,293.61053943,1904.637334502901,45,451030,small,3.6622156326470817e-06,,,,,0.0017921146953405,0.0052844702556164,3.166510902207417,1.3131677011650948,-0.7948819189907526,2.3994050547612584,-1.2993125772144358,0.5640991294127348
US8036071004,6.485006152330921,"Sarepta Therapeutics, Inc.",19.23367456052878,0.33716938133285296,1808.26787885,11726.628319404634,35,352010,mid,2.255459530435852e-05,,-0.0018083182640144,-0.0017921146953405,,,0.0429773074903011,-1.8396276556883115,4.578728459763095,2.333418203635052,-0.2815536924230986,0.5435090521984574,-1.081484288304681
US1598641074,6.47403830949885,"Charles River Laboratories International, Inc.",14.358467631060151,0.45088643689903574,13246.927810230001,85761.11812659474,35,352030,large,0.0001652294437568,,,,,,0.0758625632643329,0.4901607184191482,1.5444046057618537,0.2304188899694568,0.4634420979064164,3.707155772339061,-0.9698471570743044
US88023B1035,6.472681432359161,Tempus AI Inc,19.26108883754767,0.33604961209364653,5334.44211964,34528.14445978847,35,352030,mid,6.653670321209369e-05,0.0018050541516245,0.0018083182640144,-0.0017921146953405,-0.0018050541516245,,-0.0393394291531742,1.2257294392741684,0.6082722556461319,-0.2349874021065671,-0.5348728785054938,1.703680467110877,1.626953590562255
US46578C1080,6.46693557776662,Ivanhoe Electric Inc,21.550781748797736,0.3000789323165687,1060.75089835,6859.807723687518,15,151040,mid,1.3230787048119437e-05,,0.0018083182640144,-0.0017921146953405,,,0.0098995564038323,3.3021778071945165,2.032790858481401,-1.0735006052009275,0.2007677250692701,0.9496567074902812,-0.3437200331354784
US22788C1053,6.451186128502511,CrowdStrike Holdings Inc,14.148444324121298,0.45596434355005794,217484.8783821,1403035.430577659,45,451030,large,0.0027126973133236,0.0018050541516245,0.0018083182640144,0.0017921146953405,,-0.0017921146953405,0.0081481544090756,-0.1673275919847364,1.3328764766346848,0.9609915280106688,-4.481018053635327,-2.22470291338568,-2.518794173640629
US17306X1028,6.43804441112594,Citi Trends Inc,13.844219379164954,0.46503484485481084,546.3237551399999,3517.2565984444127,25,255040,small,6.81431736219117e-06,,,0.0017921146953405,,,0.0584620061986277,2.41473117897272,-2.8339430472674687,-3.264583984403281,0.9739396277434574,1.2226446381500005,1.6407572941946031
US44862P2083,6.4374639025487195,Hycroft Mining Holding Corporation,31.97531029807278,0.2013260807335064,1945.13405805,12521.730284314981,15,151040,mid,,,,,,,0.2514290927796708,3.5895633878541897,-3.756181443142799,-3.760788745611517,1.5710371407573538,11.535734169179443,1.3875871540771056
US12468P1049,6.42938038674858,C3.ai Inc,16.34167313839411,0.39343464603039985,1420.7324695599998,9134.429474605937,45,451030,mid,1.7720851131341574e-05,,-0.0018083182640144,-0.0017921146953405,-0.0018050541516245,,-0.0516958109031194,-0.3603245049974089,4.018975680150603,3.3346760856494813,-1.0901046911160766,-1.785517545340158,-2.719379246355045
US5635714059,6.40052366319403,Manitowoc Company Inc,15.755526077588895,0.4062399206268533,717.26003584,4590.839832057318,20,201060,small,8.946412213354837e-06,-0.0018050541516245,,0.0017921146953405,,,0.1156689899896613,2.237881110271897,0.1116095205479412,-0.984424204016868,2.8181055283153125,6.6881976959419465,1.7137290032979056
US15687V1098,6.39260451917487,Certara Inc,18.104279903753948,0.3530990767464523,915.6876756300001,5853.62917338507,35,351030,small,1.1421407851450629e-05,,-0.0018083182640144,-0.0017921146953405,,,0.0071352576107845,1.751260531886888,3.3561943807033856,2.4801613251219385,3.392045053797906,-0.2448217472591182,-2.107670027596497
US71944F1066,6.37846725410933,Phreesia Inc,15.642550453265486,0.40776389203064917,720.8196876999999,4597.724774111763,35,351030,small,8.990811888903885e-06,,0.0018083182640144,-0.0017921146953405,,,-0.0479081272825539,0.269023002511246,1.4251527780688082,-0.880284702559809,0.1337098369553668,1.8267276330329587,-1.1321906300892928
US00760J1088,6.36924138967261,Aehr Test Systems,29.82178208091552,0.21357682020447105,4084.28239022,26013.7804469002,45,453010,mid,5.09434124764275e-05,0.0018050541516245,0.0018083182640144,0.0017921146953405,,,0.1716604920133559,9.730806917488088,2.6684230609811133,8.945616348774793,11.424510209895628,-0.3136114800919696,7.543095942010108
US04626A1034,6.35881565531572,Astera Labs Inc,24.472170135271067,0.25983865019600094,48170.7913216,306309.1819847367,45,453010,large,0.0006008361462685,0.0018050541516245,0.0018083182640144,0.0017921146953405,0.0018050541516245,-0.0017921146953405,-0.0072441599653154,1.7894208498626802,3.0351710738012003,7.678083427535041,0.3456656073405817,-4.609507728452712,0.7398552460945318
US04035M1027,6.346734939672951,Arhaus Inc,16.60950569444727,0.38211461896754273,1314.08141304,8340.12641771577,25,255040,mid,1.6390588371754943e-05,,,-0.0017921146953405,,,0.032686856852056,1.146900475873021,2.0530381522400623,2.764678155173116,3.095126099703034,4.556109827941752,0.5079557067243022
US72703X1063,6.34146373163837,Planet Labs PBC,29.483650614198893,0.21508407539548086,8408.31471909,53321.02283531031,20,202020,large,0.0001048772352254,0.0018050541516245,0.0018083182640144,0.0017921146953405,-0.0018050541516245,,0.1276753965419975,-3.0471860550846284,2.60429842447311,5.371857472003521,-4.137188213413474,0.6063221366663001,-2.1131248152239985
US34988V1061,6.338534212584911,Fossil Group Inc,21.226622183313157,0.2986124762501219,300.2181246,1902.9428540151796,25,252030,small,,,,,,,0.0795613122102518,3.5023101638645144,-1.5893920120025968,-1.2484507473595188,4.444371720607629,0.8940817083353982,1.2297778512169462
US31846B1089,6.31645504801089,First Advantage Corp,17.1301346319368,0.3687335320899767,1679.3138351999999,10607.310351543567,20,202020,mid,2.094614652229197e-05,,-0.0018083182640144,,,,0.017349659729626,0.1391804391890265,0.7692902355805358,2.840610590964116,0.4166140127744258,-0.2639180707221782,-1.6633954001285909
US03214Q1085,6.31412024544224,Amprius Technologies Inc,28.633004720061514,0.22051895381480155,1527.77222988,9646.537567109743,20,201040,mid,1.9055962208483812e-05,0.0018050541516245,,,-0.0018050541516245,,0.0243475215802712,-2.956871872528633,-2.9027297769663427,2.1221734540561785,-5.956312240368272,0.5595639098160352,0.8401553496764003
US1468691027,6.3003451940048,Carvana Co,16.344932461757427,0.38546168414864035,80757.92054897,508802.7766085246,25,255040,large,0.0010072966715318,0.0018050541516245,0.0018083182640144,,0.0018050541516245,-0.0017921146953405,-0.0015779430695476,2.1145431167036555,0.1346713581104233,3.6679205785101017,2.8855982301426195,1.1227264638626488,-0.4038572749495466
CA7847301032,6.29644663811998,SSR Mining Inc,18.698130133142797,0.3367420481772884,6597.84455548,41542.97617019026,15,151040,large,8.229517073795287e-05,,-0.0018083182640144,0.0017921146953405,,,0.0480958151789784,2.297822762843667,-0.3243105686194438,-2.4534381557437737,0.8453946085833524,1.467114950881124,2.671524559447318
IE00BGH1M568,6.29330533909413,Perrigo Company PLC,16.40307354779782,0.3836662269882361,1802.70447235,11344.969680649121,35,352020,mid,2.248520271956022e-05,-0.0018050541516245,-0.0018083182640144,-0.0017921146953405,-0.0018050541516245,,0.0021729199257919,2.586909079450188,2.863186774874608,1.9631086054517777,3.521780836381245,5.702896340998101,0.0832834903067883
US80517M1099,6.2743930176437,Savers Value Village Inc,16.8299449264049,0.3728112626084507,1643.33733564,10310.944304372817,25,255030,mid,2.049741024956712e-05,,,,,,-0.0236292053732163,1.8689335641268552,-2.303156148728371,2.3149500097898,2.056513393430044,2.11164682170933,1.08765735565632
US35104E1001,6.23882837611196,4D Molecular Therapeutics Inc,19.147836293812954,0.3258241965504922,647.28273339,4038.2858844408443,35,352010,small,8.07358260900761e-06,,,0.0017921146953405,-0.0018050541516245,,0.0326723300511807,-0.2775743558598359,-1.7076389483815595,-4.533937966113923,-4.660032698883402,-0.0333596376467716,1.7444789790217483
US81764X1037,6.2292926722584605,ServiceTitan Inc,17.613370999188025,0.35366839616025975,7692.85602148,47921.05164334474,45,451030,large,9.595329117360932e-05,,,-0.0017921146953405,,,0.0246690472206939,1.0590989284690528,5.083080664510615,2.790815095967916,2.726899956036376,-0.5348926360126782,-2.523600199235106
US74587B1017,6.21829279170952,Pulse Biosciences Inc,24.33948763246104,0.2554816636080835,826.2241504799999,5137.703679266106,35,351010,small,1.0305525836479032e-05,0.0018050541516245,-0.0018083182640144,0.0017921146953405,-0.0018050541516245,,0.1602861546685641,0.5684395781185692,5.027201006053851,1.8631677887910123,4.097790000339375,0.0996450524016943,0.3034886695320491
US5949181045,6.1981539299472,Microsoft Corporation,10.159310322926025,0.610095934953392,3675693.1804839997,22782512.131897025,45,451030,large,0.0458470634348331,0.0018050541516245,,-0.0017921146953405,0.0018050541516245,-0.0017921146953405,-0.0024617364923863,1.7925623767971175,2.790061420887884,1.6556947716610568,1.6813549869938171,-1.48855261984494,-1.9368839371159243
US6974351057,6.174838768090931,Palo Alto Networks Inc,13.110140220632484,0.4709971567179037,309839.62212,1913209.7105572203,45,451030,large,0.0038646416097466,0.0018050541516245,0.0018083182640144,0.0017921146953405,,-0.0017921146953405,0.0318015534670341,-0.2345246279462023,2.095011387502719,1.955196437483703,-2.843527914210159,-0.8083512809374098,-2.1383724581413057
US82982T1060,6.17439124552026,SiTime Corp,24.47040851058174,0.25232072618854184,17504.209129109997,108077.83560653258,45,453010,large,0.0002183306785723,0.0018050541516245,0.0018083182640144,0.0017921146953405,,-0.0017921146953405,0.0791588215070905,3.3920623583960525,2.54693559015199,4.15306352826791,2.5344587169894828,0.4438876623960873,1.784133441871836
US5322578056,6.16656677414709,LightPath Technologies Inc,28.646689945073415,0.21526280299646278,992.61546711,6121.02955898502,45,452030,mid,,,,,,,0.0967949367827092,2.388866655046878,3.12270992818888,5.084104258160007,1.920382356315648,2.4163682858950186,1.3934413282145313
US35905A1097,6.15688091725295,Frontdoor Inc,14.26440400393568,0.4316255285222019,5923.964781199999,36473.14571584883,25,253020,large,7.388984220756719e-05,0.0018050541516245,,,0.0018050541516245,,0.0728547931402448,1.6478393704568095,2.5494987111839964,0.5254885901756102,2.96759860919438,2.956500799200464,1.590209721748532
US81663L2007,6.14772442469281,GeneDx Holdings Corp,21.058811039615158,0.29193122124168874,2030.06308572,12480.268415748096,35,351020,mid,2.53210555118919e-05,0.0018050541516245,,-0.0017921146953405,-0.0018050541516245,,-0.0188831741564128,2.25946249937135,1.196329682788758,-0.881941443995561,1.7956418646012433,0.1071222283462216,1.30459332821205
US45258H1068,6.1305464905692695,Immix Biopharma Inc,23.83049809159851,0.2572563303966611,646.980876,3966.3463388272316,35,352010,small,8.069817530088324e-06,,0.0018083182640144,0.0017921146953405,-0.0018050541516245,,0.2213728276844378,1.4975970414880198,4.662476726392419,-4.546457591410091,0.6883665441592187,2.5750154115467185,1.9465572930851955
US9115491030,6.12780203380242,United States Antimony Corp,36.0486001196288,0.16998723982254652,518.0755215199999,3174.664234433505,15,151040,small,,,,,,,0.0284361020324326,0.2454546214009578,1.5417722344675795,-1.4414854138189157,-1.3480931335982045,0.5823404913073527,2.109765640699802
US81642T2096,6.11810525373306,Sellas Life Sciences Group Inc,31.702452788684397,0.1929852334932521,2572.28602638,15737.516652099614,35,352010,mid,,,,,,,0.225685875803042,-0.7736041673146421,-1.1281595162860203,-1.994458842660308,-4.294027828539753,9.477305409447526,-0.2471736820521697
US15117B2025,6.1169370177701206,"Celldex Therapeutics, Inc.",14.165235028875198,0.4318274285813838,3282.93804188,20081.525235421526,35,352010,mid,4.094821337587274e-05,,,,-0.0018050541516245,,0.0763902656880626,0.7673865640154094,2.392003862061435,0.1897685949263801,2.230996186505401,-1.668067790392313,1.0432215512240466
US04317A1079,6.09721393980578,Artiva Biotherapeutics Inc,47.57049260541846,0.128172184181067,414.11192976999996,2524.9290308335158,35,352010,small,5.165234142526109e-06,,0.0018083182640144,0.0017921146953405,-0.0018050541516245,0.0017921146953405,0.1870282588814079,6.637090614201039,7.834682632018705,2.6619083999312574,10.192261605040532,-3.843100453448998,4.78409469102223
US8887871080,6.08965933185676,Toast Inc,12.221984376314955,0.4982545505178309,18266.54216856,111237.01897752643,40,402010,large,0.0002278392881058,0.0018050541516245,,-0.0017921146953405,0.0018050541516245,-0.0017921146953405,0.0217434815460993,1.2093253433826037,3.676612652871021,2.898603387778668,4.024133521720001,0.2689038290034323,-1.2726983976685284
US31816X1063,6.08138808711816,Firefly Aerospace Inc,29.401920834128077,0.20683642138302852,3474.08905116,21127.283769312056,20,201010,mid,4.333244731972399e-05,,0.0018083182640144,-0.0017921146953405,-0.0018050541516245,,-0.0096408972995281,-0.481748855614766,1.8982033973780896,8.984664662689797,1.353113274012816,3.9633415616939383,-1.6328569242291209
US09681N1063,6.07615405988868,"Bob's Discount Furniture, Inc",25.156041502442164,0.24153856079855818,579.1051734,3518.732250456948,25,255040,small,,,,,,,,,,,,,
US7069151055,6.06854012566748,Penguin Solutions Inc,22.094403459482837,0.27466413097760667,3195.3190785600004,19390.9220425522,45,453010,mid,3.985533865206421e-05,,,0.0017921146953405,,,0.0174402050315903,3.291732020015197,0.0671241791065644,3.420355921928365,-1.081869891841083,-1.7514404262065766,1.534234022072418
US98420X2027,6.06754533518094,X4 Pharmaceuticals Inc,20.252165492723506,0.29959982982367866,386.57691439999996,2345.5729536563613,35,352010,small,4.82178882912232e-06,,0.0018083182640144,,-0.0018050541516245,0.0017921146953405,0.0602435727873405,-1.4453348130085093,6.165339572100708,3.4912356378720366,1.4172149145141546,-1.371606583827684,-1.8715748180208656
US48563L1017,6.0675237865659,Karat Packaging Inc,10.487310127153293,0.5785586306689003,323.21038245,1961.0866835804368,20,201070,small,4.0314156213197895e-06,,,0.0017921146953405,0.0018050541516245,0.0017921146953405,0.1083663506775611,-0.0704488823280156,2.1950539286055366,2.4171144918399845,3.2915714321463514,1.8539973026667291,-0.7437619270804836
US40171V1008,6.0560524421733595,Guidewire Software Inc,17.182004851045683,0.3524648313555093,14559.97779672,88175.98909381605,45,451030,large,0.0001816071671053,0.0018050541516245,,-0.0017921146953405,,-0.0017921146953405,0.0159069382903629,0.4309856034059702,5.518592619694482,1.0614854044861832,1.1612673419543895,-2.6751851342961084,-2.7028591383842
US2183521028,6.04977482663662,Corcept Therapeutics Inc,22.02504233699062,0.2746771031843214,10950.04252644,66245.29162705716,35,352020,large,0.0001365803046318,0.0018050541516245,,,,,0.0607177671121276,-0.3688648279631595,7.675174526973503,5.906448078840608,1.516500934265719,-9.099280390797636,-3.2177091614477984
US60770K1079,6.04454098962336,Moderna Inc,19.42600845722898,0.31115712746300234,23442.16154715,141697.10635712073,35,352010,large,0.0002923949891161,,-0.0018083182640144,0.0017921146953405,-0.0018050541516245,-0.0017921146953405,0.1316097008240414,0.208116405600118,-3.321038917578188,-2.2423927920457656,0.8289729727496549,7.469490234300381,3.602796977218401
US83406F1021,6.04207264138526,SoFi Technologies Inc,14.66515126286668,0.4120020675602757,22802.55516837,137774.69473648642,40,402020,large,0.0002844171539755,,0.0018083182640144,-0.0017921146953405,,-0.0017921146953405,-0.0472697950702209,0.9220316125663268,1.7154927591387534,1.7431345976823596,-0.1330719760608619,-0.9096082142032867,-0.2834237497821735
US00165C3025,6.03622268701288,AMC Entertainment Holdings Inc,24.718980130511238,0.24419384032605065,2219.9150740400005,13399.901733162127,50,502020,mid,2.768908671698561e-05,-0.0018050541516245,,-0.0017921146953405,0.0018050541516245,,-0.0338573513966967,4.12513571802709,2.7685627097949626,4.982490816038045,4.9780339980413935,-6.945177638164445,0.5701209084771119
US3168411052,6.03444376603954,Figma Inc,20.08521520537768,0.3004420766387337,13291.4909617,80206.75477520145,45,451030,large,0.0001657852816715,0.0018050541516245,,-0.0017921146953405,-0.0018050541516245,,-0.0280975296407827,2.151499279114438,4.967178050551159,-1.8308649955807117,0.4835723613674606,0.4577851908239023,-3.497237648998897
US30260D1037,6.02972868872193,Figs Inc,20.09652560190578,0.3000383652460863,2309.478765,13925.530365314591,25,252030,mid,2.8806218103985703e-05,,,0.0017921146953405,,,0.1327407069166922,2.4108334737415724,1.0064419856740665,-2.8593578986425787,3.641385015003591,3.197493664762714,2.365234034133439
US26818M1080,6.0179477011599705,Dyne Therapeutics Inc,16.87570806417303,0.3566041601499387,4677.4517511,28148.660012818924,35,352010,mid,5.834203689379083e-05,0.0018050541516245,0.0018083182640144,0.0017921146953405,-0.0018050541516245,,0.0791110264468565,-0.2994437134906331,5.346648154816516,-1.7140037059080002,-1.7940670800689715,-3.640741787998104,-2.206256288543293
US30233G2093,6.0017494740376796,EyePoint Inc,18.262401217625502,0.32863966805445277,1202.78522343,7218.815582101296,35,352020,mid,1.5002386687186431e-05,0.0018050541516245,-0.0018083182640144,,-0.0018050541516245,,0.0602631318991944,2.394755061667457,3.3345330397370665,-0.6587610849479106,2.896165185261947,0.2166390643857725,1.3315849291478523
US4330001060,6.00053660886051,Hims & Hers Health Inc,28.796238483514767,0.20837918161761612,5578.20485822,33472.22246347266,35,351020,mid,6.957716529365793e-05,0.0018050541516245,0.0018083182640144,-0.0017921146953405,-0.0018050541516245,,-0.0113178004432434,-2.310401577554792,6.183197084942172,13.188047133630471,3.992835464152612,-7.907162709911395,0.6260222017946098
US7433121008,5.99412182243892,Progress Software Corp,14.101996786507993,0.42505482827607527,1763.896489,10573.010437238292,45,451030,mid,2.200114923983232e-05,,,,,,0.0052310907111619,2.4825942895655824,0.2462650119416592,-2.5795910923286964,0.2553563552327023,2.50449595417013,-1.326073742547801
US12510Q1004,5.98396297183312,CCC Intelligent Solutions Holdings Inc,15.402016933077382,0.38851814004839563,3236.40947679,19366.554470801162,45,451030,mid,4.036786078101004e-05,,,-0.0017921146953405,,,0.0330411090426077,-0.8796970599244817,3.316267651198419,2.9795397553247858,2.1274886717899038,2.593140454743554,-2.5409675099181666
US55087P1049,5.95909655326249,Lyft Inc,14.61475228379416,0.4077452999234441,6350.074164639999,37840.7050674674,20,203040,large,7.920472105449502e-05,,0.0018083182640144,,0.0018050541516245,,-0.0032590466525801,0.2099646433388743,2.4012645520806024,2.885356152869181,0.5481045076855908,-2.625359437238364,-1.2100815945060248
US80810D1037,5.9570205944366,Schrodinger Inc,14.723773939081326,0.4045851708321109,1281.09735132,7631.52330529142,35,351030,mid,1.5979176892134066e-05,,-0.0018083182640144,-0.0017921146953405,-0.0018050541516245,,0.0076661019353925,-0.6001016692783192,4.556356125829873,2.097690016159813,-0.8044996364929637,-0.0632426702972432,-1.183654683043977
US22658D1000,5.9537011739722905,Cricut Inc,12.552759775238336,0.474294201480427,1063.8000604800002,6333.547668951571,25,252010,mid,1.3268819365490064e-05,,-0.0018083182640144,-0.0017921146953405,0.0018050541516245,,0.0389611720353846,0.9613900610211966,3.3467331875344977,3.619407454652981,3.683689101229728,1.5235158433937224,0.2740417434191909
US35909R1086,5.95147667627894,Frontier Group Holdings Inc,24.495999053365914,0.24295709120960174,376.2639027,2239.3258410447384,20,203020,small,4.693154234666911e-06,0.0018050541516245,,,-0.0018050541516245,0.0017921146953405,-0.031408394572735,0.4993947888163375,-4.4444681214278905,-0.9250066826686636,-3.491824782375636,0.5827633723802531,0.7350876168498386
US76680R2067,5.93119157094274,RingCentral Inc,17.6810438130968,0.3354548313798847,5319.16223727,31548.970226172754,45,451030,mid,6.63461166473571e-05,-0.0018050541516245,-0.0018083182640144,,-0.0018050541516245,,0.1237897476414987,3.0291735814080623,4.739225148104885,-0.3281764058517074,4.974548735652261,-1.6576514064345094,-1.1657582947850549
US45685K1025,5.93030754005507,InfuSystem Holdings Inc,15.564899398249638,0.38100519562124296,228.88826304,1357.3777921362203,35,351020,small,2.8549321719235165e-06,,-0.0018083182640144,,,0.0017921146953405,0.0644507614308886,-0.3456868581641181,2.926337307752039,1.926451826321728,2.300610152797087,2.656118549282334,0.9028561952417974
CA0203987072,5.92861682947453,Almonty Industries Inc,25.69467202414102,0.23073331404675615,3343.6431826000003,19823.17924412014,15,151040,mid,4.170539094776241e-05,0.0018050541516245,0.0018083182640144,0.0017921146953405,0.0018050541516245,,0.1670965542784542,3.570072461702172,1.964305179085472,-1.7213118445534357,3.2217355194501938,3.925347709907481,4.671685107632944
US24661P8077,5.92306948212895,Delcath Systems Inc,13.330898863689068,0.4443113358441499,580.51,3438.401065070677,35,351010,small,,,,,,,0.0685739490870469,0.124074585999096,1.6753784309504902,3.481071489446888,2.243778284891769,3.555023983933503,0.3604949127594724
US00510N1028,5.90909815365994,TIC Solutions Inc,19.185982276004097,0.30799038947567714,1781.3345720399998,10526.080830692183,20,202020,mid,2.221865512513352e-05,-0.0018050541516245,0.0018083182640144,-0.0017921146953405,,,0.0213730820228207,2.1496507553736293,3.0278503677481767,3.7662697432692505,3.3301112057549678,3.5931281126001693,1.0196402195575014
US46125A1007,5.90895883530674,Intuitive Machines Inc,26.198097184291584,0.22554916083179355,4062.74910769,24006.617235519403,20,201010,mid,5.06748270092414e-05,,0.0018083182640144,0.0017921146953405,-0.0018050541516245,,0.0926925785380971,-0.4232214194133832,1.541320573579899,4.130345061850626,-4.773255402501706,7.123990347143532,-2.135321257519028
US09175A2069,5.90695467213317,Bitmine Immersion Technologies Inc,21.776154477794492,0.2712579339091569,10821.84956782,63924.17486575668,45,451030,large,0.0001349813488928,-0.0018050541516245,0.0018083182640144,-0.0017921146953405,-0.0018050541516245,,-0.0489109323270085,1.105871444490492,4.88715171661168,4.880791952064133,3.0388408928144166,-2.5371858262733635,-2.445878071671697
US90291C2017,5.88641254151322,US Gold Corp,21.521750962243864,0.27350992732142926,216.77948776,1276.0534954932755,15,151040,small,2.7038989487677147e-06,,0.0018083182640144,,-0.0018050541516245,0.0017921146953405,0.0414366765497291,2.7481985628823056,3.091151385254375,-0.3368868482285054,2.742516332604524,0.1848210127442235,1.2290199573481306
US00032Q1040,5.8687926517075395,Whitehawk Therapeutics Inc,16.228490711084586,0.361635148714043,209.87942551999998,1231.7388302363756,35,352010,small,,,,,,,0.076965690572474,2.183883629078218,1.8503196435280964,-1.83904377963783,0.1789606271217481,0.3610780795218736,1.1749651380395136
US01644J1088,5.85827291209723,Alkami Technology Inc,14.340322987442718,0.40851750112093704,1445.7267747,8469.462002518705,45,451030,mid,1.803260606762064e-05,0.0018050541516245,,-0.0017921146953405,,,-0.0229135416684442,0.3951217053417813,0.2151265310005344,2.730560054406358,0.4063441078500861,1.248560186005471,-2.033590261541636
US74017N1054,5.84137534005671,Precigen Inc,24.699219072648283,0.23650040606042488,1960.3630079800002,11451.21613237377,35,352010,mid,2.4451683742092065e-05,0.0018050541516245,0.0018083182640144,0.0017921146953405,-0.0018050541516245,,0.0553221305243327,0.1714171549136631,1.1426342296499812,1.1889981063605046,1.4131637378957644,1.6568923070501416,-0.063108398471175
CH0499880968,5.83909190136566,ADC Therapeutics SA,26.176973687443745,0.2230621450395729,93.40220190000001,545.3840406840103,35,352010,small,1.1650092826568631e-06,-0.0018050541516245,-0.0018083182640144,-0.0017921146953405,0.0018050541516245,0.0017921146953405,-0.0968032904951433,2.3128292003672746,-0.7450960642747305,-4.125977478662945,-2.339303928026051,-2.251065686054285,-0.4822262557546464
US73931J1097,5.83528457902221,PowerFleet Inc,17.377667627087106,0.33579216177011995,385.40732416000003,2248.9614153130624,45,452030,small,4.807200484749416e-06,-0.0018050541516245,,,,0.0017921146953405,-0.0690434345392828,0.7247846279139173,0.866677989136162,2.4525653081072525,-0.6128050377086691,-2.6916976673185333,-1.6588720117449276
US4834671061,5.83365856406499,Kaltura Inc,16.093549257515335,0.362484276819223,151.82035764,885.6681295459956,45,451030,small,1.893661202294256e-06,0.0018050541516245,,,-0.0018050541516245,0.0017921146953405,0.004176895934684,0.4271513771225793,0.8531629740202593,0.6126100334137672,-0.9822563817698066,2.973222695885115,-2.099159089064108
US03237H1014,5.82705536332867,Amylyx Pharmaceuticals Inc,16.18684536972938,0.3599870901482572,2067.2822711999997,12046.168245910232,35,352020,mid,,,,,,,0.0553600504093726,1.6263513737909283,-1.317342704596827,0.6302924832227083,1.522259724304413,-2.038326989209196,2.001230588214221
US5533681012,5.80119328636771,MP Materials Corp,17.183637871556748,0.3375998336167306,8495.61413661,49284.699692872535,15,151040,large,0.0001059661242421,,0.0018083182640144,-0.0017921146953405,,,-0.0370192906551998,1.2968804206708209,-3.629776621226718,-1.4702514848868515,-2.0656875679577174,6.085888346730277,1.3569709748710783
US74275K1088,5.79729695375414,Procore Technologies Inc,15.4241787471845,0.3758577392532077,8258.619982780001,47877.672468383564,45,451030,large,0.0001030100869803,0.0018050541516245,,-0.0017921146953405,,,0.0263790104718588,0.967843047042149,4.903646345872864,1.8481823327612483,3.026159719178425,-2.533227106238693,-2.34901852371127
US08205P2092,5.79128869279734,Benitec Biopharma Inc,15.297972957325978,0.378565755669216,416.83716352,2414.0243518310917,35,352010,small,5.199226088664156e-06,,0.0018083182640144,,-0.0018050541516245,0.0017921146953405,0.0211773386464229,0.4993899107973831,4.451936115980848,2.442203972243674,1.880241638452704,-0.3573018137749768,0.1442280247432481
US2220702037,5.78710453411968,Coty Inc,14.787505451715813,0.39135096538193975,991.1602567,5735.948015587796,30,303020,mid,1.236278027890967e-05,-0.0018050541516245,-0.0018083182640144,-0.0017921146953405,-0.0018050541516245,,-0.007615994964253,2.8940088879168533,2.11601422268441,1.9773262267748324,3.835954887985028,0.7968125927923271,-2.1324418894076507
US12529R1077,5.78663319036357,C4 Therapeutics Inc,21.12299309864096,0.2739494901759864,431.46468961,2496.727893367142,35,352010,small,5.381675788248331e-06,,,0.0017921146953405,-0.0018050541516245,0.0017921146953405,0.0035132250466774,1.9792945092408516,-1.91952441910764,-6.068576773586086,-4.292280503864831,0.0768210085242092,2.0114307700784413
US0090661010,5.78294004288957,Airbnb Inc,9.087919803776014,0.6363326446264159,109418.6043374,632761.2284598409,25,253010,large,0.0013647824907265,0.0018050541516245,,,0.0018050541516245,-0.0017921146953405,0.0790479852097353,1.2768214943375449,3.431744430917094,1.9632414956557165,3.7059132939054296,2.5504065804664457,0.1917822820578593
US04963C2098,5.76650524404093,AtriCure Inc,10.133987816315786,0.5690262657269846,2175.74655224,12546.453903195932,35,351010,mid,2.713817103350607e-05,,,,,,0.056728636702366,0.68060530000866,2.4242860400886785,1.930316669843818,2.636495521957675,1.8203487071789644,-1.944862960955464
US45867G1013,5.7333951391882,InterDigital Inc,13.545394281102633,0.4232726652473261,8744.97933946,50138.4220371612,45,451030,large,0.0001090764660775,0.0018050541516245,,,0.0018050541516245,,0.0511456877259491,2.53520694341971,2.128658152605656,0.3589749339096139,4.072502093350436,-0.4941177031363796,1.6959836303133793
US00215F1075,5.70429721763841,ATN International Inc,15.546042697135544,0.3669292133546927,331.08856555999995,1888.6275833158,50,501010,small,4.129680504447994e-06,-0.0018050541516245,,0.0017921146953405,,0.0017921146953405,0.0366448571726332,1.325117716640831,-6.161660906242297,-4.170759737301818,-1.6914811696261254,4.798420535067007,1.6105754738704172
US74168J1016,5.6887218341507495,Prime Medicine Inc,23.220678224545644,0.2449851713692596,425.40284710000003,2419.998464607663,35,352010,small,5.306066191788122e-06,0.0018050541516245,-0.0018083182640144,,-0.0018050541516245,0.0017921146953405,-0.004271947498416,1.42962809881146,0.6405689600048133,-0.892659230976393,0.0308315710778718,-0.1310841144204642,2.4712781375896324
KYG961151035,5.68675173858555,WhiteFiber Inc,34.273179812300164,0.16592425242505962,326.31161879999996,1855.653165531565,45,451020,small,4.070097462453803e-06,,0.0018083182640144,,,0.0017921146953405,-0.0022747009380879,1.3950917318157037,-0.6676793403829784,-2.131539267777585,-7.8450269652508435,1.662453408463147,1.908532724507381
CA8274271052,5.68292982407266,Silver Bow Mining Corp,24.736584173914206,0.2297378564525313,205.37765331,1167.146791193454,15,151040,small,,,,,,,,,,,,,
GG00BMF1JR16,5.65437306130442,Genius Sports Ltd,18.63219259830015,0.3034733046834369,2050.1509194,11592.31813026385,25,253010,mid,2.557161183957594e-05,,0.0018083182640144,-0.0017921146953405,-0.0018050541516245,,-0.0199299974206174,0.8958957753450314,2.556430829729141,2.10895978471388,-0.118437854328176,2.4906899662615025,-2.6843657754929118
US6988841036,5.64974443543729,PAR Technology Corp,18.861913829933673,0.29953187605338333,770.6500947200001,4353.976084313541,45,451030,small,9.6123484860713e-06,-0.0018050541516245,,-0.0017921146953405,,,-0.0522218917036898,0.5127282558805728,3.195694118891776,3.51659926040657,1.3444023458966454,1.4002784102643435,-2.204912274441264
US4227041062,5.62513038506355,Hecla Mining Co,20.45262822740359,0.2750321534484591,11560.13479374,65027.265483697236,15,151040,large,0.0001441900091166,,-0.0018083182640144,0.0017921146953405,,,0.0548354593065373,2.091618210427746,-2.9868877655817263,-3.5872340837010794,-1.6242114643304806,4.088006490305662,0.8397359155753692
CA2926717083,5.62318128183687,Energy Fuels Inc,20.90588371503309,0.26897601452711273,3684.7903225000005,20720.243968975647,10,101020,mid,4.596053243961776e-05,,0.0018083182640144,,,,0.0330362852127483,0.6373352248086981,-2.1910715534243503,-1.2381351193584662,-2.4952065672165302,7.004641396334182,1.594300271802875
US68170A1088,5.62214001312552,Omada Health Inc,18.119357231470133,0.3102836343091052,1218.4408443000002,6850.245024365473,35,351020,mid,1.5197659852789466e-05,,,,,,0.0015723292545845,-0.1365986301262894,2.3141445355538317,2.197940924453891,-0.8813254822013336,1.0515657493748942,-0.3894339213826979
US4333131039,5.61833166435272,Hinge Health Inc,18.749051995647413,0.29965950628634525,6901.73706838,38776.24791031627,35,351020,large,8.608563382401016e-05,0.0018050541516245,,,0.0018050541516245,,0.0708435371261883,1.5507275863240113,3.342825270886149,-0.2166345060124619,1.9421675606675413,-0.4996087166060965,1.6476259888906524
US64135M1053,5.61208102910333,Neurogene Inc,23.263185150122254,0.2412430195129078,655.4690889300001,3678.5456391476973,35,352010,small,8.175691338793664e-06,,-0.0018083182640144,0.0017921146953405,-0.0018050541516245,,0.1424670523873621,2.5934880779485,9.550802313554325,-3.5960273127258624,1.5752232654634477,-2.3547779734548926,1.259274053188241
US30052C1071,5.59783515254708,Evolus Inc,18.446007964203122,0.3034713615764672,466.12343544,2609.2821523320413,35,352020,small,5.8139756676497264e-06,-0.0018050541516245,,-0.0017921146953405,0.0018050541516245,0.0017921146953405,0.0115243776883918,1.069650804886691,2.5606481856441583,1.3402684852373596,-0.2809720211132613,0.9183209849154016,-0.0216211625850362
US46269C1027,5.58427076474016,Iridium Communications Inc,17.57089554256949,0.3178136681315414,4660.24498836,26024.0698450256,50,501010,mid,5.8127416275552766e-05,0.0018050541516245,,0.0017921146953405,0.0018050541516245,,0.0567584273637509,1.4687101035808836,0.0873652581634365,0.6034445465206968,0.5125489756847619,0.3488442901548114,0.1521211745410826
US20464U1007,5.5836544946387106,Compass Inc,16.72749925395382,0.3338009112939534,8925.60218935,49837.47878192124,60,602010,large,0.0001113293818814,,0.0018083182640144,,,,0.0051001817815833,1.724618414383707,-6.8324965433920894,-2.451330062919726,-1.4233079005364375,5.469520837623478,0.964421404605095
US02361E1082,5.57976276233273,Ameresco Inc,16.57404058103454,0.3366567575994462,1356.5791068499998,7569.389584560223,20,201030,mid,1.6920663752988103e-05,-0.0018050541516245,,,,,-0.0305508287498072,-0.1059783059169833,-0.8111073429548423,-1.982044036298344,-5.53699710864683,2.1432646242434554,-0.247816379134409
US25809K1051,5.57453277653652,DoorDash Inc,13.968253700747509,0.3990858768722249,93136.76590869999,519193.9542586573,25,253010,large,0.0011616984892545,0.0018050541516245,,-0.0017921146953405,,-0.0017921146953405,0.0499177068604916,1.1251329987365462,5.977477380876293,4.953625056723026,5.058022078447282,0.7765874258552841,-0.4739953509769564
US91680M1071,5.568096440749111,Upstart Holdings Inc,18.649464193175874,0.2985660275852087,2590.23822191,14422.696224109377,40,402020,mid,3.230814168651583e-05,,0.0018083182640144,-0.0017921146953405,,,-0.067795197905182,0.9356051024923048,1.8445918999852624,5.311866128432807,2.367591121951841,0.8626773832587208,-0.053658869630076
US9182841000,5.55644597425559,VSE Corp,15.017928169634306,0.3699875183509346,6584.875154220001,36588.50304164138,20,201010,large,8.213340289360828e-05,,0.0018083182640144,,,,0.0334800593855495,1.4204419067774805,-3.531328757629766,-3.3603643492775364,-1.3233352632027104,6.5269422860508906,1.8102662954816
US29082K1051,5.53652146085658,Embecta Corp,21.737696566554444,0.25469678647438,287.03379263999994,1589.168752942417,35,351010,small,3.5801836151552777e-06,-0.0018050541516245,,-0.0017921146953405,-0.0018050541516245,0.0017921146953405,0.0353344408015457,2.056936008335142,3.323820362385734,1.6409328466400377,6.467965995862892,4.8825266062776285,1.0828834087600367
US02451V3096,5.51792550299411,American Battery Technology Co,28.5195590032316,0.1934786404785875,323.32032422000003,1784.0574626498626,15,151040,small,4.032786929276093e-06,,0.0018083182640144,,-0.0018050541516245,0.0017921146953405,-0.0136004620364133,0.8747472282719243,2.878380030088514,1.39223357078175,-2.4735874969904037,-0.3594467255883045,0.3855139901752079
US98139A1051,5.50876409058996,Workiva Inc,11.632679746572574,0.47355933547582185,3675.8998391,20249.66503423949,45,451030,mid,4.584964109575633e-05,-0.0018050541516245,,-0.0017921146953405,-0.0018050541516245,,0.003313168103158,0.1644766773183387,1.102654981818065,0.559168545742968,0.2948057145148954,0.7850689214465361,-2.2359461608212303
IM00BLCY1J27,5.50353858378046,Lifezone Metals Ltd,22.689781562785548,0.24255582049353186,132.73460207,730.5100038949907,15,151040,small,1.6556038336962898e-06,,,-0.0017921146953405,,0.0017921146953405,-0.0279630641870427,3.60940377253063,-0.0908847306158435,3.3716006738398985,1.9804002727228,3.2974772535428656,1.1999255446497583
US61023L2079,5.4930071777641,Monopar Therapeutics Inc,22.46143196789658,0.24455284888403744,496.51490356000005,2727.3599291219302,35,352010,small,6.193049626861926e-06,,0.0018083182640144,0.0017921146953405,,0.0017921146953405,0.0974049549759606,-2.072400057970901,4.8420438202478255,2.6528007378469938,-3.0155087628006445,-9.289602928335176,-1.3369655145257304
US08975B1098,5.49077955299188,BigBear.ai Holdings Inc,20.494824746222793,0.2679105394157534,1542.0631455000002,8467.128788733744,45,451020,mid,1.923421335263555e-05,,,-0.0017921146953405,,,-0.0975293828022166,0.5385245005674991,0.2578716185273841,0.4938820974664185,-4.861957850461533,-0.8333158592045733,-1.2567479667305554
US05368V1061,5.475123999487639,Avient Corp,12.19278595186737,0.4490461836286976,4215.77622696,23081.897596698145,15,151010,mid,5.258354019609603e-05,,,,,,0.0484764035145999,1.4894947488181356,-1.599776617384733,-1.7055275244943835,1.3327396995167893,6.205085798750565,1.474870003886044
US05348Y1055,5.4538351957102,Avalyn Pharma Inc,16.056447220205285,0.339666373321188,1651.7457868699998,9008.349306797643,35,352020,mid,,,,,,,,,,,,,
US76010Y2028,5.44966733171265,Rent the Runway Inc,22.939636750200105,0.2375655460919673,96.15654672000001,524.0211913902853,25,255040,small,,,,,,,0.0637392128726247,1.70036874299394,5.142898244995508,5.1596576376783405,6.787293688326871,2.221032077381415,-2.5301289650805185
US20454B1044,5.43927560381856,Compass Therapeutics Inc.,23.69335958026677,0.2295696220450185,255.13904240000002,1387.7715689079494,35,352010,small,3.1823591598238653e-06,,0.0018083182640144,-0.0017921146953405,-0.0018050541516245,0.0017921146953405,-0.0464629279449726,1.3924760161573415,-8.814294178165456,-4.266856273295725,-1.554002840296694,4.398399431245165,1.6272899368935103
US1143401024,5.41868777533796,"Azenta, Inc.",18.56775349327629,0.29183324613288103,1437.06134664,7786.986751448875,35,352030,mid,1.7924521847733574e-05,-0.0018050541516245,-0.0018083182640144,,,,-0.0075733447692286,2.7758111192825417,-2.959698135330229,0.1431468805853155,0.910286845886778,3.8507903913824366,-0.0646170122318872
US7504911022,5.417962783569729,RadNet Inc,12.42365118019333,0.4361006844918048,5190.95984582,28124.427255657618,35,351020,mid,6.474704325229981e-05,,,,,,0.0015690596527881,1.4701903633765971,-1.0872200167475352,-1.8808495313254872,-0.0522784226098522,2.041153966223578,0.382902660569155
US1924461023,5.4030695088916305,Cognizant Technology Solutions Corporation,12.404884453438184,0.43555984170365214,26454.122088819997,142933.4604425999,45,451020,large,0.0003299632896343,,,-0.0017921146953405,,-0.0017921146953405,0.0013190132988316,0.9752204404658312,1.2362591827395513,-0.118666403673888,0.1401320686532816,0.8459305189837854,-4.02229566187104
US6516391066,5.398769224416499,Newmont Corporation,13.092410577596203,0.41235868615783405,123770.60767520001,668208.9476041984,15,151040,large,0.0015437955843489,,,,0.0018050541516245,-0.0017921146953405,0.0476941038706257,2.6334291021806533,-0.8972367938220354,-0.931728033313681,1.7982764473842372,3.55940171678139,1.1150081986688438
CA9279263037,5.37978238757173,Vista Gold Corp,24.551359520373666,0.21912360425936409,301.22022400000003,1620.4992558556114,15,151040,small,,,,,,,0.0255442467840214,2.8109494266124875,-2.9490191094160942,-1.9313074323863388,-1.2230530221671692,1.5403229357341437,2.521237783313566
US5766901012,5.36110062540034,Materion Corporation,15.737080009361353,0.3406667960136974,5792.108330579999,31052.075593458954,15,151040,large,7.224519159092594e-05,,,0.0017921146953405,,,0.0784666068918188,1.3621339934416803,-1.6772612032215504,-0.2626825483535051,0.1103617708802153,3.964905780618375,3.1845285977858344
US79957L1008,5.35411569435315,Sanara Medtech Inc,18.406419748423605,0.2908830596896334,108.03352115999999,578.4239711589892,35,351010,small,1.3475062945973937e-06,0.0018050541516245,-0.0018083182640144,-0.0017921146953405,-0.0018050541516245,0.0017921146953405,0.0576073127279314,1.7497826841776831,5.57199255331386,3.5970244135969205,4.408747701645046,0.0068234820719215,-2.672504168650498
US63947X1019,5.33881427002431,nCino Inc,14.713182984483742,0.3628592314562068,2197.2210844,11730.555279793009,45,451030,mid,2.740602370505121e-05,,,-0.0017921146953405,,,-0.0013585090620933,1.8414232866888904,4.35177527976231,4.3365136546615695,4.26350231394192,0.1407147403342777,-1.715971690725672
US3580101067,5.32780677778776,Frequency Electronics Inc,24.91116974413367,0.21387220401572693,595.4172508700001,3172.268064796942,45,452030,small,7.426662436290813e-06,0.0018050541516245,-0.0018083182640144,0.0017921146953405,,,0.1941319812258083,0.2723947878524039,9.033050508602916,5.188645810943473,2.487217249228641,6.402257524340601,-3.407981792375949
US6963894026,5.32558072090271,Palisade Bio Inc,35.15496306359802,0.15148873037551847,342.40441868,1823.5023708741078,35,352010,small,4.270823578784678e-06,,0.0018083182640144,0.0017921146953405,-0.0018050541516245,0.0017921146953405,0.1669401614917559,-0.5012454905986431,11.1195990671417,-5.176352113471113,-3.7998279033286737,-7.560770872762792,-1.648903171931326
US00827B1061,5.32224709190397,Affirm Holdings Inc,18.075264719239193,0.29444919200762826,24990.061397,133003.28159668492,40,402010,large,0.0003117020039082,0.0018050541516245,0.0018083182640144,,,-0.0017921146953405,-0.0198005348664713,1.644543893856814,3.040893805391119,5.102943290684814,2.373317069907638,-1.460128571386098,-0.0385788862356525
US2545431015,5.32009243633854,Diodes Incorporated,16.447408157385343,0.323460838658015,4648.1098788300005,24728.374209633934,45,453010,mid,5.797605458427655e-05,,,0.0017921146953405,,,0.0630257849211953,2.070016286136026,0.2650655697088189,2.4821238985743426,2.6828416444758454,3.094392092530536,2.847762061342518
US7599161095,5.30815903663676,Repligen Corporation,13.863497462810654,0.3828874388209825,8808.61662185,46757.53792154185,35,352030,large,0.000109870216366,,,,,,0.0183423514984586,0.5694595165101213,0.2531382612170443,-1.0969910575367208,-1.304677106609846,1.0231729145545705,-0.1755778986863085
US68389X1054,5.297670042270259,Oracle Corporation,18.48761379530275,0.28655239669795934,255309.7873188,1352547.0117771982,45,451030,large,0.0031844888678106,0.0018050541516245,0.0018083182640144,-0.0017921146953405,0.0018050541516245,-0.0017921146953405,-0.0558716840913338,0.1044294234097504,3.623508598945469,3.696559486637974,-1.539949228721759,-2.02870352277874,-1.4125803603973686
US56418H1005,5.29433776001726,ManpowerGroup Inc,17.024828397587452,0.310977452246597,2666.43101674,14116.986416407797,20,202020,mid,3.32584973681041e-05,,,,,,0.0575975406398322,0.350648631295449,-1.388955916194922,2.790791620243159,2.130763566351596,3.727752649692448,-2.3899965202534594
US74767V1098,5.29355945960899,Quantumscape Corp,21.53245157831205,0.2458410014464297,3111.91644756,16473.11474849404,25,251010,mid,3.88150544046218e-05,,,-0.0017921146953405,-0.0018050541516245,,-0.0243800457806229,-1.1383244500261476,6.850269038946367,1.7019246909835273,-4.667414219586973,-3.612175651190325,-1.26489312003549
US25862V1052,5.2928569385572,DoubleVerify Holdings Inc,14.299203627104434,0.37015046967542176,1712.2312608200002,9062.595109245682,50,502010,mid,2.1356726847256103e-05,,,-0.0017921146953405,,,0.0350921277317281,1.6537473774880138,2.0816241884741404,1.7574865077528046,4.088494924307232,3.5360400252503768,0.3399487720094953
US5949724083,5.29057888280825,Strategy Inc,19.12815858370372,0.2765858961100192,36383.48740889999,192489.71016844615,45,451030,large,0.0004538126479307,-0.0018050541516245,-0.0018083182640144,-0.0017921146953405,-0.0018050541516245,-0.0017921146953405,-0.0885637335928908,2.1277016291269875,3.477626047969683,4.513053294447678,3.246612968069435,-1.5648152952103604,-1.4008457759183617
US65487U1088,5.28531204889232,Nkarta Inc,25.995670029027902,0.20331509220537533,155.58854298,822.3340008817945,35,352010,small,1.9406619240178354e-06,-0.0018050541516245,-0.0018083182640144,,-0.0018050541516245,0.0017921146953405,-0.0257328280472848,3.3431787737924976,-3.270007215752041,-2.2551607158727816,-0.3579107928148781,3.416830674090953,3.3106152322149613
US5322061095,5.28338551903043,Life360 Inc,19.51166145896734,0.2707809137700186,4078.2088713599996,21546.749694524857,45,451030,mid,5.086765724040141e-05,,,-0.0017921146953405,,,-0.0358374277467479,1.6437427473803534,2.853706472279231,1.913620756542162,2.739230475336276,-1.951617359939386,1.12433838553954
US0404132054,5.27954099163888,Arista Networks Inc,13.841739189494394,0.3814217938484166,205274.61864859998,1083755.7636983225,45,452010,large,0.0025603982706479,0.0018050541516245,0.0018083182640144,,0.0018050541516245,-0.0017921146953405,0.0451351278255629,2.6781702446529483,2.925443195788807,3.1329436097577834,3.976138601914931,0.0313827542658986,0.3489792172348625
US9026731029,5.269892005524,UFP Technologies Inc,13.798151513427305,0.3819273908099752,2352.4127160400003,12396.960965952198,35,351010,mid,2.9341734938549067e-05,,,,,,0.0285180523496683,0.3812499890037227,-2.6865883343447763,-0.5255710382646286,-1.230697506578533,4.507649465841299,-0.2200828378942662
US4474621020,5.26616845463031,Huron Consulting Group Inc,16.303695593158444,0.32300458656994085,2359.66635828,12426.400539426519,20,202020,mid,2.9432209899211336e-05,0.0018050541516245,,-0.0017921146953405,0.0018050541516245,,0.0558495873688165,1.9350666102827607,4.083339361713853,1.346380797787096,3.669274468331946,-1.1516617760356247,-3.396848432145188
US5352191093,5.2642182791326,Lindblad Expeditions Holdings Inc,15.082246550584212,0.34903409525079604,1500.35453443,7898.193765325888,25,253010,mid,1.8713980230987107e-05,-0.0018050541516245,,0.0017921146953405,,,0.0914696715801439,1.184252119161771,-1.7424266523321863,-1.150609661411217,0.8615481447676525,4.758446997581451,1.3222058170524864
US65345M1080,5.25344242434987,Nextdoor Holdings Inc,14.562078508344284,0.3607618528728279,989.22955012,5196.860486020943,50,502030,mid,1.233869850094265e-05,,-0.0018083182640144,,,,0.0265318061334439,1.0902647563455834,2.363987905609188,2.5076769371161416,0.6598674278125596,2.152068013742006,-1.114313222509254
US00218A1051,5.24822324783206,ASP Isotopes Inc,24.46737523781863,0.21449882534682382,443.737248,2328.8321408826205,15,151010,small,5.534751884480045e-06,,0.0018083182640144,-0.0017921146953405,-0.0018050541516245,0.0017921146953405,-0.1085313230384708,0.1046959734463325,-0.975965649286534,1.143948710062769,-4.499657690267342,2.062208784913296,0.3875970873090711
US42824C1099,5.23262486492286,Hewlett Packard Enterprise Co,12.507034039258487,0.41837456014736246,77405.20965342001,405032.42470705253,45,452020,large,0.0009654781786491,,,0.0017921146953405,,-0.0017921146953405,0.0832548950451988,-0.7397189368413059,3.86387968697331,3.0070022268652297,-1.16941493260721,-1.0561157315596978,-2.1476931261172147
US8726571016,5.22220413644621,TPG Inc,10.598183322570357,0.4927452165622362,18395.781683179997,96066.52719906402,40,402030,large,0.0002294512975783,,,-0.0017921146953405,,-0.0017921146953405,0.0018680473412604,0.810916725689531,1.416896776854336,2.7110270559562264,1.362890558546608,2.026858688411433,-1.92297102717394
US1993331057,5.21193568529384,Columbus McKinnon Corp,14.361018824575748,0.3629224185943375,540.7771856400001,2818.495911629888,20,201060,small,6.745134785946131e-06,-0.0018050541516245,0.0018083182640144,,-0.0018050541516245,,0.0175342319209827,3.0174513368153755,-1.4237123412034518,-1.5148283933969326,1.0964824522943952,2.583807757179524,-1.3635055637818854
US75704L1044,5.19632179699048,Red Violet Inc,13.890651599714847,0.3740876919767502,872.26616576,4532.575689916,45,451030,small,1.087980967671288e-05,0.0018050541516245,,,,,-0.0013821351126459,1.1090211348178969,1.4991867585066605,-0.4210319507369156,-1.8550516305485452,-2.1121234962428987,-1.8729915564127515
US45765U1034,5.18740999048943,Insight Enterprises Inc,11.908158406954163,0.43561815464766324,4463.8704902,23155.92637711443,45,452030,mid,5.5678029552545725e-05,,0.0018083182640144,,,,0.0052030173803948,1.370840885392109,-1.0048929661240118,-0.7262471352110396,-1.2467959997755858,3.6067623629480208,-0.587240050934585
US7703231032,5.168319458239,Robert Half Inc,16.516783382290157,0.31291319493725656,4279.305581459999,22116.818304410474,20,202020,mid,5.3375944295872375e-05,,,,,,0.0038906539126369,-0.4480497975019042,-4.350878775836241,1.9789039951624487,-0.9039334768522403,4.911655933545188,-1.4011018474131325
US2561631068,5.15375193139982,DocuSign Inc,12.365764041427054,0.41677585906815173,11719.9076618,60401.4967478293,45,451030,large,0.0001461828622894,0.0018050541516245,,-0.0017921146953405,,,-0.000566861970343,-0.1626078679538318,4.210155565328193,3.150331573849102,0.9182274444065868,-1.947979349771606,-2.9741739481109017
US8629453007,5.14209784951,Strive Inc,46.019178987146006,0.111738148369537,1056.60497847,5433.1661875721475,35,351010,mid,1.3179074828845176e-05,-0.0018050541516245,0.0018083182640144,-0.0017921146953405,-0.0018050541516245,,-0.1749007123784568,0.7916717593387621,-2.530366337606163,8.250627735470728,1.4572461297842034,0.8488208202748047,-1.453837823303492
US8789721086,5.13170230586167,Tectonic Therapeutic Inc,22.99736507844665,0.22314305523075556,421.09490952000004,2160.9337181703954,35,352010,small,5.25233311946527e-06,,-0.0018083182640144,,-0.0018050541516245,0.0017921146953405,0.0570760837115438,-0.9115003555745292,-1.0262397635311458,-2.8059288359423578,-1.8011392489255649,2.3172493497154645,0.5124212412338403
US98980B1035,5.13083376146123,Ziprecruiter Inc,30.696600896512038,0.16714664202590038,364.7544741,1871.4945703563158,50,502030,small,4.549596685869162e-06,-0.0018050541516245,-0.0018083182640144,,-0.0018050541516245,0.0017921146953405,0.0014928506505045,2.311680892886281,6.247259300308331,7.178173433594662,4.269083510291546,-5.215606317032239,0.0081267263037991
US5253271028,5.13054814158,Leidos Holdings Inc,9.95557354990215,0.5153443059672265,17907.1291294,91873.38807587625,20,202020,large,0.0002233563153449,,,-0.0017921146953405,0.0018050541516245,-0.0017921146953405,-0.0003413345312487,1.03801831576302,-0.0762362949332765,-1.1536497402368877,0.1630794822778736,3.493991577783434,-1.3336379510427845
US45675Y1047,5.12215789286853,Information Services Group Inc,12.017562932088682,0.4262226810721836,179.91590991,921.5576979981299,45,451020,small,2.2440981141666846e-06,,,-0.0017921146953405,,0.0017921146953405,-0.0003832228722279,1.0761660009148164,0.9837268878179616,1.3614708772238706,0.1054091862176516,2.714284508984895,-0.9368344858076664
US1417881091,5.12104729878335,CarGurus Inc,13.010758883808789,0.3936009685919417,3202.04385069,16397.81801216186,50,502030,mid,3.993921699535626e-05,0.0018050541516245,-0.0018083182640144,,0.0018050541516245,,0.0571733086852051,-0.6725192172774259,4.764445524162468,4.660097127720734,4.175420113390235,-2.607766510312752,-0.5340334004234693
US50015M1099,5.12044624758033,Kodiak Sciences Inc,31.713797905943153,0.16145799575208747,2455.26283431,12572.041366766085,35,352010,mid,3.0624588448096853e-05,0.0018050541516245,,0.0017921146953405,-0.0018050541516245,,0.1840865016604885,-1.5224297519969503,8.596766864670006,6.226201132627024,3.788580890739925,-10.733184692461071,-0.8695387220281945
US15643U1043,5.1124759217881195,Centrus Energy Corp.,19.115384637029507,0.2674534684426098,3459.04445216,17684.281474062776,10,101020,mid,4.3144795453576176e-05,,0.0018083182640144,-0.0017921146953405,,,0.0123279405409716,-0.114002213031905,4.022302351493311,3.2299299949411524,0.1198571701322579,-0.7151485105784983,-1.2627946510833044
CA10919W4056,5.10145902912963,Bright Minds Biosciences Inc,16.725831337683985,0.3050048111890159,543.6567561600001,2773.442667459758,35,352010,small,6.781051780595324e-06,,0.0018083182640144,0.0017921146953405,,,0.0351623706060589,2.3928767372827826,1.6110756948961038,1.0492588958000226,1.4032259170231751,-2.8190556955470414,-1.210902849726114
US05352A1007,5.09836621211432,Avantor Inc,15.045036895185609,0.3388736264080409,8935.325902499999,45555.56367553589,35,352030,large,0.0001114506661322,,-0.0018083182640144,-0.0017921146953405,,,0.0045335384672519,1.5996594996252569,0.5807005603808741,0.2022658554404186,0.9811534772185616,0.2482525736952747,-2.0790153536189897
IL0011974909,5.094812869235319,Oddity Tech Ltd,25.274909610902192,0.20157590858555238,376.0478436,1915.8933930214707,30,303020,small,4.690459321142581e-06,,-0.0018083182640144,-0.0017921146953405,,0.0017921146953405,-0.0941223114536952,-1.7987324055639269,3.389986234636404,9.666649479163622,2.5865739487381134,-3.544104812532806,-1.9062995669188243
US0937121079,5.08634583882743,Bloom Energy Corp,28.85634365663134,0.17626439092045404,59033.20505724,300263.2968955391,20,201040,large,0.000736323453598,0.0018050541516245,0.0018083182640144,0.0017921146953405,,-0.0017921146953405,0.0584308239112469,3.4810831912557725,-4.79110165437431,-5.385281802623374,-6.228558007038069,2.23180966595292,3.073866868357592
US6907421019,5.069188611831319,Owens Corning,11.618444847808533,0.43630526100810024,12106.897447659998,61372.14666628773,20,201020,large,0.0001510098008802,,-0.0018083182640144,,-0.0018050541516245,,0.0116856819330088,1.7218780270023637,0.053680117585469,1.1532623413789769,2.3480304725509384,2.459267492344084,0.8906990305227762
US64107A1051,5.05901978111432,NET Power Inc,20.17833432895393,0.2507154306515342,385.66747148999997,1951.0993672002528,20,201040,small,4.810445312474492e-06,,-0.0018083182640144,-0.0017921146953405,-0.0018050541516245,0.0017921146953405,-0.0432929712119878,0.6845250516749452,-0.3506572294394613,-1.963484180671132,-4.45576447213336,4.044997474718349,-0.5081352797533273
US6833441057,5.05479613644186,Onto Innovation Inc.,17.106182077316603,0.29549528431272204,16170.30507919,81737.5956393758,45,453010,large,0.0002016928416828,0.0018050541516245,0.0018083182640144,0.0017921146953405,,-0.0017921146953405,0.1086101982558805,1.8766008009719977,-1.2070684918434051,2.2459827105714494,2.8321332212224224,3.50456764977325,3.637867542608792
US04683R1068,5.03925841433873,Atea Pharmaceuticals Inc,16.11366648723874,0.31273195447662916,362.30622875,1825.7547117957702,35,352020,small,4.519059626774719e-06,,-0.0018083182640144,,-0.0018050541516245,0.0017921146953405,0.0800698610582333,0.3924140283673067,0.757435126843002,0.3630266108669725,2.3640854385332064,2.9121960871953383,0.3690206458769697
US67079K1007,5.02596131403227,Nuscale Power Corp,26.736622898140872,0.18798040923791276,3797.8078742999996,19087.63545435893,20,201040,mid,4.7370204741466906e-05,,0.0018083182640144,-0.0017921146953405,-0.0018050541516245,,-0.0999475150334622,0.5930508395738657,0.7671957418420561,0.511220620220798,-2.385346757096763,3.564923879498234,0.0404992872241756
US29479A1088,5.02543575370657,Erasca Inc,33.890431500102686,0.14828479695489694,5193.10517167,26097.616402468913,35,352010,mid,6.47738019847358e-05,0.0018050541516245,,0.0017921146953405,-0.0018050541516245,,0.204217320346509,3.352611496253345,-25.84143550721925,-8.983135112931148,-3.1402791047574183,16.692313017877,7.753062413965524
US18915M1071,5.01328900704844,Cloudflare Inc,15.29687377100755,0.32773291341072713,111689.332288,559930.9017640109,45,451020,large,0.0013931053684213,0.0018050541516245,,,,-0.0017921146953405,0.0735050219419166,-1.2354946031615082,5.807813973173344,2.541683930289544,0.458489433639015,-1.8216562528363724,-2.2634912646569734
US78137L1052,5.00912961362015,Rumble Inc,18.741620755169585,0.2672730218510296,1239.0417852599999,6206.520899058644,50,502030,mid,1.545461618745448e-05,,0.0018083182640144,-0.0017921146953405,,,-0.0408042243896574,2.07427191471651,0.6054450612153149,1.0650891575129768,-1.88076448307104,0.2599311147684449,-1.0337719595730328
US30212P3038,5.00670067117661,Expedia Group Inc,12.343622034413013,0.4056103352175185,39585.00120381,198190.25209564244,25,253010,large,0.0004937452535197,0.0018050541516245,,,0.0018050541516245,-0.0017921146953405,0.0609168797510082,-0.1092479345311877,1.9240255653648368,3.3384301452588625,2.345125041711748,-0.2065015060319082,-1.039067940235726
US81734D1046,5.00268549480649,Septerna Inc,17.716619135243413,0.28237246940951166,1892.1670038399998,9465.916423861821,35,352020,mid,2.3601072340572134e-05,,0.0018083182640144,0.0017921146953405,,,0.0911925284864503,0.946174452565761,-0.5351171997975921,-4.296326295621021,-3.183150615480691,-1.670068340755766,1.182476481627629
US6458272050,4.98739241776609,Idaho Strategic Resources Inc,23.711166470214412,0.2103393953237675,442.3145377,2205.9961715926934,15,151040,small,5.517006363793005e-06,,0.0018083182640144,,,0.0017921146953405,0.0014186911592938,4.891822905041948,1.823685731772624,0.7229619551847377,3.743553531914098,-1.9040095953312368,2.619345190971617
US79546E1047,4.97363556819414,Sally Beauty Holdings Inc,11.272419650094122,0.44122164739959907,1523.45524096,7577.111172990431,25,255040,mid,1.90021162384465e-05,,,,0.0018050541516245,,0.011210437303824,1.6708045886699974,-0.6830359485747641,-0.5602821175020812,1.378729729943252,0.8113801263252276,1.1395622957052114
US85208T1079,4.96736581887205,Sprinklr Inc,9.865189591747905,0.503524617816487,1367.2714690999999,6791.737560726312,45,451030,mid,1.705403000154953e-05,,-0.0018083182640144,-0.0017921146953405,,,0.0185735677407688,-0.4674768311745637,3.43246601735804,1.1368450177037972,0.6873123900719638,0.0288220169614656,-2.9281659380491023
US0441861046,4.95760124051568,Ashland Inc.,10.347138524318348,0.47912775390646256,3337.3956547599996,16545.476838129813,15,151010,mid,4.162746529098775e-05,,,,,,0.0358566217844977,1.701095744983228,-0.3461879336453111,-0.5933078627849635,1.8853268593249357,1.7493521270761527,-0.1047557313679473
US45254E1073,4.94828814938692,Immuneering Corp,27.123080027616606,0.18243828298071585,231.89286686999998,1147.4727250601798,35,352010,small,,,,,,,-0.0212586205327743,0.6212403812204856,2.971718966955596,2.5474173696746454,0.6882056730666425,-4.388620698209831,0.6054886946906354
US30049H1023,4.94508747560897,Evolv Technologies Holdings Inc,14.992517209536576,0.32983703847032797,870.58156471,4305.101992143481,45,452030,small,1.0858797582555565e-05,0.0018050541516245,,-0.0017921146953405,,,-0.0105514440064262,-0.1515570619135759,3.519670377708498,3.777978891770552,1.7422050700689171,-0.5997892458746739,-1.1863640711861012
US05356F1057,4.92604542042585,Aveanna Healthcare Holdings Inc,13.732638258124027,0.35871078286881064,628.87077158,3097.84598438133,35,351020,small,7.843929496080582e-06,0.0018050541516245,,,0.0018050541516245,,0.0422469769076173,0.5458577073801908,0.0178640079327649,-0.2643598520198796,-0.6065922910122572,3.043026183833621,-0.5481493538814335
US6700024010,4.91578955679221,"Novavax, Inc.",17.480459411903958,0.28121626788851,1211.28803345,5954.437065100883,35,352010,mid,1.5108442565960826e-05,-0.0018050541516245,-0.0018083182640144,,0.0018050541516245,,-0.035031392238878,0.5910115290920368,-4.958228273450417,-4.039410422753978,-4.841926045326457,4.684764526024021,1.0528572318273015
CH0334081137,4.91129160530372,CRISPR Therapeutics AG,15.094970913181278,0.32535946134318594,5086.69700132,24982.252281306522,35,352010,mid,6.344656875375686e-05,,0.0018083182640144,-0.0017921146953405,-0.0018050541516245,,0.0109557104926261,1.3803277341979392,2.291037598825404,-1.295981746544665,-0.0264400417135862,0.6272544126471584,1.0961418727981838
US4074971064,4.90079871267727,Hamilton Lane Inc,12.146695002473807,0.4034676685039979,5292.90054892,25939.440196475953,40,402030,mid,6.601855359120187e-05,,0.0018083182640144,-0.0017921146953405,,,-0.0158177182327901,0.6856909090805432,-1.0909371511691486,1.989033111326549,1.3451510913383256,3.9323950292043497,-1.9095566678548896
US0144421072,4.89862326747093,Alector Inc,26.293417042578593,0.1863060727153979,191.43750555,937.7802189538252,35,352010,small,2.3878074229256984e-06,-0.0018050541516245,-0.0018083182640144,-0.0017921146953405,0.0018050541516245,0.0017921146953405,0.0140789387816692,2.0979436311790685,-4.431816101265535,1.2072504322711346,2.6275645723014773,6.523771631108147,3.499467612959614
US7476191041,4.86969513706764,Quanex Building Products Corp,18.09288342055361,0.26914975484425224,952.5584781,4638.669388576122,20,201020,small,1.1881298799016796e-05,,-0.0018083182640144,,-0.0018050541516245,,0.0440641946155015,2.478794397858506,-1.583500228832496,-1.1260434608344776,2.8015977575444007,7.231056377041105,1.182886345229058
US03990B1017,4.86338896450287,Ares Management Corp,11.897212723475697,0.40878389565199447,41076.73202664,199772.12523620258,40,402030,large,0.0005123516698619,,,-0.0017921146953405,,-0.0017921146953405,-0.0200415843773865,0.6017360108363927,1.0770860469646772,2.3788875214452228,0.3623415490372491,0.6510901246899834,-2.759544466317734
GB00BRXH2664,4.85403651160627,Anglogold Ashanti PLC,15.022822577333638,0.32311081932965224,48619.77547356,236002.16533475928,15,151040,large,0.0006064363429893,,,,0.0018050541516245,-0.0017921146953405,0.0296357404766879,2.832205873682456,-2.4880315141370666,-4.367930646850464,-0.3053525656727169,2.6709917727779176,1.843782960396851
US42238D1072,4.85302220817682,Heartflow Inc,24.99324163683263,0.19417338009587776,3562.33163778,17288.074551037244,35,351030,mid,4.443310052111231e-05,0.0018050541516245,0.0018083182640144,-0.0017921146953405,-0.0018050541516245,,0.0658059447982525,-1.073938327621127,1.9203779549354931,3.1347016162575008,-0.8485130051323672,6.442319902613209,0.625133189259259
US8776191061,4.84745810421561,Taysha Gene Therapies Inc,23.12073819010608,0.2096584488072251,1590.7134937100002,7710.917016569667,35,352010,mid,1.9841031030550896e-05,,0.0018083182640144,0.0017921146953405,-0.0018050541516245,,0.0978150470003735,2.461389777604264,8.808350388760097,3.295009721532619,4.109268376384521,-4.961748679964867,0.7096920139775715
US2057504092,4.8446314292035995,Comstock Inc,22.273052093140958,0.21751089203870339,254.83645213999998,1234.5886853441827,10,101020,small,3.178584939788678e-06,,0.0018083182640144,0.0017921146953405,-0.0018050541516245,0.0017921146953405,0.0162233471487408,-1.4010136400242263,1.6683364757529695,2.2551606461899203,-2.657090147453332,-2.118570276228638,0.8261593889926275
US60365F1093,4.841163442133601,MiniMed Group Inc,16.298538238997487,0.29703052943423824,537.6540308199999,2602.871038521556,35,351010,small,,,,,,,,,,,,,
US67576A1007,4.838261165230509,Ocular Therapeutix Inc,16.036975017065373,0.3016941262352773,2145.92698584,10382.555199009832,35,352020,mid,2.676623042660264e-05,,0.0018083182640144,-0.0017921146953405,-0.0018050541516245,,0.0028113108523644,1.4027038971689163,3.3021278632445865,2.578689653254458,2.65372777717906,-0.0835433985463116,1.030006657541889
US4577301090,4.82762673303729,Inspire Medical Systems Inc,19.90157401486135,0.24257512141664253,1582.29409014,7638.7252490867795,35,351010,mid,1.973601548365848e-05,,,-0.0017921146953405,,,-0.0709995206221752,3.102275458831945,-6.083493536170767,-3.8359333405568927,-0.2149877708245171,-0.4314215127622396,0.5332682097969672
CH0114405324,4.81975336552259,Garmin Ltd,10.673198320578146,0.45157535920887054,50506.9113555,243430.85598782226,25,252010,large,0.0006299746619515,0.0018050541516245,,,0.0018050541516245,-0.0017921146953405,0.0668177239918688,2.354676686000685,2.4237640112826613,0.5288165074559594,4.87111826560982,0.1425067646953656,0.3661110038770451
US33829M1018,4.80201159165815,Five Below Inc,11.022530371371081,0.43565419462399113,13193.22916864,63354.0393992117,25,255040,large,0.00016455965852,,,0.0017921146953405,,,0.0661010096157858,1.222810592148372,1.376297263175302,-0.2282694908517149,1.7706414846957608,0.6822038523582472,-0.5970297549721548
US8683581024,4.79491892572373,Superior Group of Companies Inc,10.141419980269735,0.4728054784292838,140.83003809000002,675.2686149481348,25,252030,small,1.7565785207872026e-06,-0.0018050541516245,-0.0018083182640144,,,0.0017921146953405,-0.0066166254561807,0.7087239702416692,-0.7810764765301316,1.3217987435059015,0.8654788215659479,1.4287526958415833,0.4514002440321256
US90138F1021,4.79478415859965,Twilio Inc,16.512976250686354,0.29036462511719274,34993.82179956,167787.82241338937,45,451020,large,0.0004364792949504,,,0.0017921146953405,,-0.0017921146953405,0.0728241045976991,0.5065879472673596,4.058492524559741,0.079846454822989,-1.2101742404965008,-0.6662171546716207,-1.3583417651310092
US9621491003,4.78762853277597,WEYCO Group Inc,10.249577698308608,0.4671049553159666,272.93813376,1306.7263968720004,25,255010,small,3.404367915885724e-06,,,,,0.0017921146953405,0.0394923452950727,0.0619054521102261,-0.036615852982072,0.8953887546334238,0.5214878680083176,1.6226190947504826,-0.0945100139184506
US65290E1010,4.7789712986869,Nextpower Inc,16.267998602207737,0.2937651653128581,15011.198021929999,71738.08450570903,20,201040,large,0.0001872352544544,0.0018050541516245,0.0018083182640144,0.0017921146953405,0.0018050541516245,-0.0017921146953405,-0.0030367280857402,-1.4151734314427995,-2.496753857841502,-2.573883053572733,-6.847729489634615,2.4770293677129507,-1.112656857320511
US0028962076,4.774395779917509,Abercrombie & Fitch Co.,17.939178955350673,0.26614349473856286,4691.9626268,22401.286564924594,25,255040,mid,5.852303160854155e-05,,,,0.0018050541516245,,0.0628739268242999,0.747967188625202,1.5588040426242773,1.5211728556493622,3.661698095696942,0.2901063150989569,-0.5463998043773871
US1263271058,4.751700057867439,CS Disco Inc,23.998535569189237,0.19799958393994496,213.95356389999998,1016.6431619645748,45,451030,small,2.668651090986949e-06,,,-0.0017921146953405,-0.0018050541516245,0.0017921146953405,-0.0056158213845703,-1.564915322550464,3.906988612259432,6.50892771251789,0.4002336347349954,-2.796357943568779,-3.259811077752347
US40131M1099,4.750469040081421,Guardant Health Inc,16.88463724831301,0.28134859933434775,20085.71736068,95416.57846973624,35,351020,large,0.0002505299307511,-0.0018050541516245,0.0018083182640144,0.0017921146953405,0.0018050541516245,-0.0017921146953405,0.0189036663504502,0.3650614023330958,-2.732573954438429,-5.249509786957341,-6.660069244423408,-0.0536796513725021,-1.6464568830023931
US02156V1098,4.74449075211507,Oklo Inc,30.062878918966998,0.15781890899083917,6514.0119902999995,30905.669647145027,55,551010,large,8.124952390482787e-05,,0.0018083182640144,-0.0017921146953405,,,-0.0630330868004001,1.4772376571739785,2.872520347079259,2.662166907653888,-0.9688584179123828,-1.2255525865184005,0.774106061618802
US7745151008,4.74180575145179,Rocky Brands Inc,15.07774848981427,0.31449030700141356,333.01038274,1579.070548169694,25,252030,small,4.153651404584444e-06,,,0.0017921146953405,,0.0017921146953405,0.0550439816374992,3.222257600484138,-1.2947162432897874,-3.1575222103201237,3.330715970958757,0.1739226163180733,2.137225301757965
US30052F1003,4.74123232541784,EVgo Inc,16.01941547896136,0.29596787296294313,491.53283360000006,2330.4713596685488,25,255040,small,6.130908075247757e-06,,,-0.0017921146953405,-0.0018050541516245,0.0017921146953405,-0.0855411645307925,3.0654032729900607,1.1975863385474836,1.6288497800158297,1.6037082255752129,0.6302841777207218,0.7563518549557023
US02157E1064,4.73907531424935,"AlTi Global, Inc",15.482858166130171,0.3060853017833882,249.12146672000003,1180.605393182343,40,402030,small,3.107301705249123e-06,-0.0018050541516245,-0.0018083182640144,-0.0017921146953405,-0.0018050541516245,0.0017921146953405,0.0245028620122758,2.4406982268809245,0.8001226725415993,-0.0157939613025597,2.9658948977017885,3.626849705524105,0.4439345435443293
US2300311063,4.72575054157792,Cullinan Therapeutics Inc,21.43122828712019,0.2205076852463009,1142.72426515,5400.229814906844,35,352010,mid,1.4253244027826208e-05,,-0.0018083182640144,0.0017921146953405,-0.0018050541516245,,0.0574113962946558,2.1592039201627866,-5.846139557487486,-9.804178657548068,-5.225760351231367,4.427246900082199,1.9659326470972425
US5165482036,4.7027271721326205,Lantronix Inc,20.488259226549694,0.22953278363632745,107.73463050000001,506.6465742320178,45,452010,small,,,,,,,-0.0028525842075581,1.580452897813294,-2.078459467484046,-0.5257705710708866,-1.5812880541788727,4.014167178215491,-0.8485893739807004
US39854F1012,4.69163820112337,Grindr Inc,14.539994064539629,0.32267125971979677,560.9236258100001,2631.6507107628267,50,502030,small,6.996422114650329e-06,-0.0018050541516245,-0.0018083182640144,,-0.0018050541516245,,0.0466258232365265,-0.0926926247847655,4.6637513935800845,4.18644973980078,4.451455958275707,-3.4789641078001914,-0.7246899775527899
US76954A1034,4.6885002979302195,Rivian Automotive Inc,16.158698021791764,0.29015334599404397,14995.57691856,70306.76685030408,25,251020,large,0.0001870404118269,,-0.0018083182640144,,-0.0018050541516245,-0.0017921146953405,0.0226185235108199,0.5983190052318961,3.294843928006032,2.848529456041,2.4598388895910066,-3.711220920371317,-0.439479661357515
US64049M2098,4.68591188480948,Neogenomics Inc,18.39294425873293,0.2547668181283494,2026.0898650000001,9494.078578095536,35,351020,mid,2.527149737593061e-05,,-0.0018083182640144,0.0017921146953405,,,0.0211845276122631,1.7113606580192586,-2.059447018884378,-2.5513969440607527,-2.1994565921658333,0.9556714713917324,-0.4412170415620473
US89377M1099,4.6776946636422405,Transmedics Group Inc,17.088125133856312,0.2737394902600772,2979.62626464,13937.781877754791,35,351010,mid,3.716499382820005e-05,,0.0018083182640144,-0.0017921146953405,0.0018050541516245,,0.0043835168657733,3.773216344628379,-1.9290767029670968,-4.093747319313641,2.409668708390859,3.313247670404352,1.7175316771108262
US0922441029,4.67688430454397,Black Rock Coffee Bar Inc,22.404577198153376,0.2087468227219859,428.62858610999996,2004.6463068567323,25,253010,small,,,,,,,,,,,,,
US6904691010,4.674661309544019,Ovid Therapeutics Inc,24.974278650694476,0.18717903227263094,462.68056467,2162.8749343408285,35,352010,small,5.771032607160294e-06,,0.0018083182640144,0.0017921146953405,-0.0018050541516245,0.0017921146953405,0.0590827682206651,-2.471426207199457,0.5925220091357032,4.279642912438547,-0.9331743328366072,-3.653226377628429,0.0430877025833481
KYG235491019,4.67271541097634,Connect Biopharma Holdings Ltd,25.060891865745848,0.1864544740070955,107.42866232000002,501.98356600323734,35,352010,small,1.3399618668541218e-06,0.0018050541516245,-0.0018083182640144,,-0.0018050541516245,0.0017921146953405,0.0219640743972996,-2.522409828851651,-4.805828925545041,-3.788088644111781,-4.832810686473556,0.4874274101406834,-1.0979706061959529
US43538H1032,4.6511028337628,Holley Inc,15.65302378553511,0.2971376583520472,185.09157528,860.8799502904286,25,251010,small,2.308654388829581e-06,-0.0018050541516245,,-0.0017921146953405,,0.0017921146953405,-0.0362559710037598,4.001577195013455,-4.903350016245235,-3.606051057506059,1.4517893858049016,2.507939272411425,1.0894700695693658
US00461U1051,4.64080996043114,Aclaris Therapeutics Inc,25.44008564380173,0.18242116105304212,825.93061398,3832.987019983391,35,352020,small,,,,,,,0.081183132792071,-0.9218540343880838,-0.1720990447349613,1.8300016189827264,-1.2276611078011994,-0.1819237844379875,-0.7198811381214723
US00534A1025,4.639277983649579,Invivyd Inc,42.55546041163531,0.10901721985320433,122.94628902,570.382011821904,35,352010,small,1.533513825828913e-06,,0.0018083182640144,,-0.0018050541516245,0.0017921146953405,0.0049516006824584,1.0930127060812251,3.109454741647081,-3.801202318668029,-2.7017629093419187,-0.155023710570525,0.4150171297212044
US2521311074,4.63830834701261,Dexcom Inc,11.618545750778846,0.39921591277477064,33714.334821669996,156377.48061732983,35,351010,large,0.0004205202043084,0.0018050541516245,-0.0018083182640144,,0.0018050541516245,-0.0017921146953405,0.0015601923325233,1.482434282017038,-2.938518703407261,-1.7257629782831776,-0.5858762426361697,3.027097085187339,-1.1079070514568266
US8200144058,4.63000569653176,Sharplink Inc,18.79467933421953,0.24634661832734195,1269.36341378,5877.159836770402,40,402030,mid,1.5832819034630326e-05,,,-0.0017921146953405,,,-0.068445661330137,2.108654334325924,1.558867197551025,3.0879358851832635,3.38827047821275,0.452459651363978,-1.5483882483615974
US03783C1009,4.61790128357871,Appfolio Inc,11.503961404433293,0.40141835679308735,6886.137129569999,31799.50148954031,45,451030,large,8.58910551828986e-05,0.0018050541516245,,-0.0017921146953405,0.0018050541516245,,0.0115356461201336,1.2105296095281042,4.29126912570498,2.64274427433518,3.3521011243120613,-0.0560193116694043,-1.290062789778064
US3364331070,4.61781363747591,First Solar Inc,13.938361395889164,0.3313024756868365,22888.55402744,105695.0769300166,45,453010,large,0.0002854898210762,,,,,-0.0017921146953405,-0.0473409453870354,-0.8514466588282446,0.6738832873933344,-1.4718280254999927,-6.80196419691409,-2.4298935241213413,-2.412804344308443
US01741R1023,4.60786119561168,ATI Inc,11.056403015578617,0.41675951836407765,30772.62022785,141795.96263520507,20,201010,large,0.000383828084219,0.0018050541516245,,0.0017921146953405,0.0018050541516245,-0.0017921146953405,0.119665527394467,1.6658999074788643,1.167819640201698,-3.0815138426119906,0.5577149000522665,2.5209880295331137,1.6900801334170237
US11135F1012,4.60133979050492,Broadcom Inc,13.246279501112143,0.3473684659997244,1831889.137947,8429144.382229287,45,453010,large,0.022849224184152,0.0018050541516245,,,0.0018050541516245,-0.0017921146953405,-0.02956160680022,2.3491257273341,0.341069954281618,0.6302974603836557,-0.0745615310539959,-3.9201850611945632,-0.0228374448451369
US70438V1061,4.59843639893087,Paylocity Holding Corp,10.932336632517394,0.4206270400833775,6318.047355119999,29053.138927952717,20,202020,large,7.880524941864825e-05,0.0018050541516245,,-0.0017921146953405,0.0018050541516245,,-0.0043694546568151,0.1227718657557946,1.3077981421233804,2.157147014273217,0.7244450859472595,-0.0169100487647493,-3.190435339610688
US1925761066,4.59573888855178,"Cohu, Inc.",14.602402842799318,0.3147248393313579,2726.72212214,12531.302894993234,45,453010,mid,3.4010510661407875e-05,,0.0018083182640144,0.0017921146953405,,,0.0628069121932494,1.6952115127691167,-2.128399379359934,0.7545750935975781,-0.2350863601744612,2.0427014544609032,3.307446577871914
US78463M1071,4.58254821497407,SPS Commerce Inc,15.369390470309439,0.29816069959486213,2831.7867692600003,12976.799404659601,45,451030,mid,3.532098607509155e-05,,,-0.0017921146953405,,,-0.0059467744586844,-0.2603487487873868,0.6466397315803122,4.246620190014609,1.5705978224208534,1.6547754787519415,-2.899411176616277
GB00BRXB0C07,4.5804794426639,Kiniksa Pharmaceuticals International PLC,12.545342399534922,0.36511394402704433,5737.71000598,26281.462730358347,35,352010,large,7.156667918082417e-05,0.0018050541516245,0.0018083182640144,0.0017921146953405,,,0.0690477674945594,-0.1960276981722657,-1.00658908583664,-0.9439066833759424,-0.5758252025238055,-0.509086352109557,-0.934036065104068
US4491091074,4.56941324885835,Hyliion Holdings Corp,33.061001978948035,0.13821157785139043,506.46059699999995,2314.2277619565093,20,201040,small,6.317102646430615e-06,,-0.0018083182640144,0.0017921146953405,-0.0018050541516245,,-0.065514969643603,-2.459051290544178,-5.654490280361641,-6.170525130709147,-23.016171159827863,-1.548955228116657,-6.060475974818662
KYG9572D1034,4.55356833336355,Webull Corp,17.46144415012195,0.26077844960674396,2890.99307332,13164.33451064332,40,402030,mid,3.60594685992568e-05,,0.0018083182640144,-0.0017921146953405,-0.0018050541516245,,-0.0388924220561305,2.195611808697977,2.51754296841545,5.61718646255311,4.3319604581326345,-1.004478230682607,0.5872928865595297
US34984V2097,4.55031382838719,Forum Energy Technologies Inc,13.977631546845357,0.3255425508346699,853.09870674,3881.86684225825,10,101010,small,1.064073321781791e-05,,-0.0018083182640144,0.0017921146953405,,,0.1598405006714955,1.1591086702820232,-1.6601662918819176,-1.209482468849691,2.9683796174014976,5.325950131612959,0.5411891991696588
US4042511000,4.545390557515909,HNI Corporation,11.650321549261701,0.3901515111232237,3445.4931528,15661.112042722842,20,202010,mid,4.2975769571687816e-05,,0.0018083182640144,,,,0.0330154095190781,1.9267827283588383,-1.4632553551625136,0.3190632590532902,3.135796635056376,3.63745258022192,0.99739040981283
US5893781089,4.54039978182994,Mercury Systems Inc,15.33761633107557,0.2960303402967923,6536.1041560799995,29676.525884283394,20,201010,large,8.15250803444421e-05,,,,,,-0.0051113770551784,0.5980134045424076,-4.08367428629484,-1.8747415880773808,-4.440599656254131,4.731368535511043,0.0941950387926685
US28658R1068,4.53362681128515,Climb Bio Inc,33.67026827592095,0.13464777809707387,863.2323168699999,3913.5731761296297,35,352010,small,1.0767130129540776e-05,,0.0018083182640144,0.0017921146953405,-0.0018050541516245,,0.440999084183542,1.088484711520768,13.864990972909636,8.824856224622474,12.619138361195626,6.815978317748491,0.1739556587887833
US74366E1029,4.53310594166557,Protagonist Therapeutics Inc,13.49766160777466,0.3358437982364663,9707.15132625,44003.54535367069,35,352010,large,0.0001210776745428,0.0018050541516245,0.0018083182640144,0.0017921146953405,,,0.1025542910804198,-0.1719453373184379,1.9467888326513867,-0.7140701329707932,0.5288697828728643,-1.6396626492658404,0.1126245906466946
US2537981027,4.5324007061481595,Digi International Inc.,9.933169623933901,0.45628947030436007,3153.26912828,14291.879223691463,45,452010,mid,3.933084799322611e-05,,0.0018083182640144,0.0017921146953405,,,0.0627700129915015,1.0447264357941113,-0.2244361837254276,-0.1727430643487729,-0.0618385840362365,0.6045594291968789,0.5604860707826826
US0900431000,4.52553453207743,BILL Holdings Inc,13.821320815310798,0.3274314077902159,4470.2143675199995,20230.109486000423,45,451030,mid,5.575715698011696e-05,,,,,,0.0416632611359811,1.4706567600851377,4.21321324892193,1.3725987586884865,3.012681725915397,-1.2828404946108962,-1.7636146572122584
US29337E1029,4.50829968590084,Enliven Therapeutics Inc,27.74234542095768,0.16250607572981518,3348.4525523900006,15095.827590193707,35,352020,mid,4.176537840346585e-05,,0.0018083182640144,0.0017921146953405,,,0.0975600575338728,-0.6586960932628096,-6.277661894913585,-2.050273076189864,-1.1623022734489026,3.8148598099253697,2.675560850385417
US00108J1097,4.50747176875721,ACM Research Inc,22.38214763002362,0.2013869197570141,4763.938018320001,21473.31612568657,45,453010,mid,5.9420783455263945e-05,,0.0018083182640144,0.0017921146953405,,,0.0423917249422644,1.2758271316431955,-3.626137867385609,0.1106236103984201,-3.667730161863677,3.814685227801591,1.9952212944425385
US53224K3023,4.503812653278319,Lightbridge Corp,21.550436891571405,0.20898938967867545,287.97116208,1296.9681635551658,10,101020,small,3.5918754604936578e-06,,0.0018083182640144,-0.0017921146953405,,0.0017921146953405,-0.0484270649898819,0.9237466699376404,2.743575114806829,0.9128154802319411,-0.9716458773770325,-0.5355583879226337,-0.1161026843599615
US26740W1099,4.49774310757625,D-Wave Quantum Inc,31.95379935479057,0.1407576938703516,7796.675831540001,35067.44498331537,45,451030,large,9.72482396864192e-05,0.0018050541516245,0.0018083182640144,,-0.0018050541516245,,0.0128587457730474,0.337368743064464,7.412220587215579,2.240037844527591,-4.824703689782734,-3.743201051299579,-1.7951358541710172
US14843C1053,4.49363522420015,Castle Biosciences Inc,17.09225889428798,0.2629047015957538,,,35,351020,,,,,,,,-0.0117195339577932,1.907829883690884,-5.071358763861562,-3.270754939756011,-1.405843459282454,1.022546458634474,-0.6835721420812829
US37940X1028,4.48560992094532,Global Payments Inc,11.905492037342334,0.37676812574196167,24394.561068420004,109424.48514561124,40,402010,large,0.0003042743052404,-0.0018050541516245,0.0018083182640144,,,-0.0017921146953405,0.0210283339804969,1.5709292222611908,1.7121763346281265,-0.0935294808297649,1.585808212402574,0.7818393502553449,-1.2894830366458685
US3724601055,4.4815472312775,Genuine Parts Co,10.828989335857878,0.4138472291627268,18552.4853912,83143.83953824863,25,255010,large,0.0002314058689991,,,,,-0.0017921146953405,0.0023502960110307,0.694254509297169,-1.868179016332553,0.3434893736020243,0.9403393823629148,2.973039749171078,0.2395285259818546
US74967X1037,4.47112274914949,RH,17.077850128995053,0.2618082905856133,2798.24424308,12511.293492911585,25,255040,mid,3.4902608846626435e-05,0.0018050541516245,,-0.0017921146953405,0.0018050541516245,,0.0008865650471885,0.986692689352678,-0.427835563924454,1.615814000219785,1.42038743689823,4.690596944432498,-0.703207064143382
US2210151005,4.4701863916122795,Corvus Pharmaceuticals Inc,61.43276186900587,0.07276551233597692,1042.01969472,4658.022259129326,35,352010,mid,,,,,,,0.01660884468418,2.682913989078029,-25.101747624215893,-9.99430617875344,-7.594775698181472,18.38262844165189,5.191688003234549
US9004502061,4.46810195003833,Turtle Beach Corp,13.570633560045778,0.3292478520084111,33.4628657,149.51549548804076,45,452020,small,4.173836202120622e-07,,-0.0018083182640144,,,0.0017921146953405,-0.007790400911302,1.4400277969690385,3.5485014513201443,-0.0159452247001317,0.7878997290272747,-0.434698642620291,-0.2499497778177251
US8962881079,4.4570887934684205,TriNet Group Inc,13.030332605291582,0.34205487522693084,3106.7424275999997,13847.026858248833,20,202020,mid,3.875051865322157e-05,0.0018050541516245,-0.0018083182640144,,0.0018050541516245,,0.0003119942277976,-0.1892455920184526,-0.0534773773233303,3.3298825212723573,0.3937132328978579,0.9935908286336016,-3.013291328827812
US88033G4073,4.45311503650921,Tenet Healthcare Corp,12.230502906545322,0.3640990947417268,21226.195514419996,94522.69041314804,35,351020,large,0.0002647551589443,,,,0.0018050541516245,-0.0017921146953405,0.0599841809899069,2.404253587484403,0.8396985543781033,-3.3596565732508488,2.0822454346477817,-0.41765560768691,-0.1204713501623786
US68373J1043,4.44955080173072,Open Lending Corp,21.08723320715859,0.21100685699346317,313.94842294999995,1396.9294570392676,,,small,3.915890841672256e-06,,,,,0.0017921146953405,-0.0153179702977749,1.0937837794675975,-1.9647621431413105,3.672372842596219,-0.0524156807616846,-1.189004999248094,0.8300998201880845
US0320951017,4.44850859943099,Amphenol Corp,10.503195861074548,0.42353857418934937,204867.9080334,911356.650634017,45,452030,large,0.0025553253533887,0.0018050541516245,0.0018083182640144,,0.0018050541516245,-0.0017921146953405,0.0187358642473477,1.6295888025023026,-0.0384198017851842,-0.6603817676259398,0.3199341696676772,-0.0628412889731332,1.1145327414721882
US40637H1095,4.44726950299914,Halozyme Therapeutics Inc,11.835279031620663,0.37576380676089166,11068.35405408,49223.95343310687,35,352010,large,0.0001380560088994,0.0018050541516245,0.0018083182640144,,0.0018050541516245,,0.0235997631607887,1.0861858657587935,-1.862436366174949,-0.3085800326244841,0.5915749665717046,2.832000184162061,0.1035700331885391
US36831E1082,4.4447808585137905,GCM Grosvenor Inc,10.864949942243916,0.4090935422750617,2714.5515744,12065.586877341593,40,402030,mid,3.385870694796546e-05,0.0018050541516245,,,0.0018050541516245,,0.0235721627402115,1.6427732840862297,0.5881787323030041,0.5434486460591372,2.393277694235078,2.32408411715092,0.905252910504689
US16679L1098,4.441459501003401,Chewy Inc,12.889668281430257,0.3445751592693873,8926.81308288,39648.07878063883,25,255040,large,0.0001113444854033,0.0018050541516245,,-0.0017921146953405,0.0018050541516245,,-0.0405532506130239,1.1057893308845637,0.6850784903461891,0.8849069824646267,2.019631751928718,-1.0420615099225936,-1.3643854182032884
US0774541066,4.42845770972648,Belden Inc,12.868008739378716,0.3441447545939646,5227.5541248,23150.002366983023,45,452030,mid,6.520348511166281e-05,,,-0.0017921146953405,,,0.0516373569199831,2.8255612927805114,1.680233600230625,-0.2976532268133147,4.895894490511436,1.991242297836472,2.1766582409361086
US09075A1088,4.41803965263994,Bioventus Inc,11.957831287954834,0.3694683045988654,1060.5054761500003,4685.355245472501,35,351010,mid,1.32277258875113e-05,,-0.0018083182640144,0.0017921146953405,,,0.0856535297896383,1.8607483859190543,-0.4488222338450437,-0.2866379307179407,3.6434770503309446,0.4466172596205098,0.0325082732434716
KYG651631007,4.41401963098241,Joby Aviation Inc,18.375692177002115,0.2402097068488514,5014.171767039999,22132.652612832317,20,203020,mid,6.254195869698834e-05,,0.0018083182640144,-0.0017921146953405,-0.0018050541516245,,-0.0761464263828113,0.3142837533013147,2.6264176792271767,-0.5315022645930516,-3.778079249198189,-1.1780652752956635,-1.227440867531571
US97717P1049,4.4091361491434595,WisdomTree Inc,10.969272167489716,0.40195339142108977,3011.4321823399996,13277.81449584927,40,402030,mid,3.756171027181871e-05,0.0018050541516245,0.0018083182640144,0.0017921146953405,0.0018050541516245,,0.0351067283443304,2.294643770674278,-3.4775289539874628,-0.663146874821694,0.383447381707944,5.766266610741537,0.1347119802455163
US2567461080,4.40906392207385,Dollar Tree Inc,12.389988540509908,0.3558569814377242,24843.329740600002,109535.82886346376,30,301010,large,0.0003098718142736,0.0018050541516245,-0.0018083182640144,,0.0018050541516245,-0.0017921146953405,0.0166540861683233,1.110072001031155,-0.6121736751931135,-2.2539129976074337,-0.2143654515950989,1.3832570738650358,-0.1220924557314499
US82489W1071,4.39311890351093,Shoals Technologies Group Inc,20.973652074040324,0.20945893867231719,1412.8178927600002,6206.6769919024355,20,201040,mid,1.762213230830813e-05,,0.0018083182640144,0.0017921146953405,,,-0.0194486352692723,-1.6897393972816066,2.975631679605052,2.6612513884066487,-5.978417451147594,-3.153532003736023,-3.7609637492365695
US22410J1060,4.36025137306673,Cracker Barrel Old Country Store Inc,17.822320679077073,0.2446511569161444,1276.13609034,5564.274140124994,25,253010,mid,1.5917294891733567e-05,,,,,,0.0311371345933894,1.2919172841904936,-2.9842037465316498,-0.2415620249066856,2.3822640490325906,4.404439667864839,2.383373482052771
US67059N1081,4.3558704885298996,Nutanix Inc,14.066927314883559,0.3096533017499249,17183.62212193,74849.63248696442,45,451030,large,0.0002143319844124,-0.0018050541516245,,-0.0017921146953405,-0.0018050541516245,-0.0017921146953405,0.0496333411979049,-0.2507903307525112,7.8410499316596125,4.788019483299472,2.307656265447098,-2.110510836965772,-2.5784044343967647
US8753722037,4.3549147008568,Tandem Diabetes Care Inc,20.60703506437923,0.21133145487700894,1566.5756558899998,6822.303353839744,35,351010,mid,1.9539958844333343e-05,0.0018050541516245,0.0018083182640144,0.0017921146953405,-0.0018050541516245,,0.066208710026877,2.9649923144749333,-1.8843786066153836,-5.88191035537368,0.6581021446738582,0.5217949137083902,0.1561420679533308
US76655K1034,4.35455020636378,Rigetti Computing Inc,31.50028575995835,0.13823843502712205,6302.2979470499995,27443.6728258926,45,453010,large,7.860880644166635e-05,0.0018050541516245,,-0.0017921146953405,-0.0018050541516245,,0.002289011384234,0.042071663626219,7.443108420318762,0.7707375423967942,-5.900554155478979,-4.832623466960644,-1.3899394493595023
US2575541055,4.336943380869649,Domo Inc,27.46651546899327,0.1578992932600275,37.279844370000006,161.6805742803222,45,451030,small,4.649929430309631e-07,-0.0018050541516245,,-0.0017921146953405,0.0018050541516245,0.0017921146953405,-0.1111829707802913,1.5343026178082029,4.901920209779826,4.969375006533615,1.4686466838655463,-4.323768694824762,-3.511696421779561
US53228F1012,4.3288148294867,LifeStance Health Group Inc,12.842691890965048,0.33706444616428594,1416.25522545,6130.70662226599,35,351020,mid,1.7665006292111178e-05,,,0.0017921146953405,,,0.0651320812832063,1.1655862386750315,-2.6499678774451443,-0.7223350869644776,0.5030962284933644,2.2036018880198665,0.9423516391669376
IE000R94NGM2,4.32623788193154,James Hardie Industries PLC,15.213008413710977,0.28437753824105205,9302.2,40243.530025303575,15,151020,large,0.0001160267009629,,0.0018083182640144,,,,0.0463591307895586,2.5004348064084603,-0.3318226322825355,-1.4292081385070128,1.1691228392876054,4.117268704520895,1.2377109495870524
US28225C8064,4.32589764755591,eGain Corp,16.408934009531833,0.26363063225454053,132.45330976,572.9794611017782,45,451030,small,1.6520952638165257e-06,,0.0018083182640144,,0.0018050541516245,0.0017921146953405,0.0486544024054532,0.1892999068936595,6.035603716851645,-1.623653781613043,-2.058194548095706,-0.9483713605372692,-1.6393506311470083
US6067102003,4.32561536120937,Mitek Systems Inc,13.702201497177779,0.31568761867210243,854.53382659,3696.3846469707278,45,451030,small,1.065863352330284e-05,,-0.0018083182640144,0.0017921146953405,,,0.09231463838813,1.3238527974765522,1.3277527296173808,-1.4523058645310425,1.8000192488091014,2.0404875728702896,2.3136426747636163
US9467841055,4.31020948265068,Waystar Holding Corp,14.981660626606097,0.28769904685974074,2156.70067344,9295.831693900196,35,351030,mid,2.690061104940513e-05,,0.0018083182640144,-0.0017921146953405,,,-0.0074010665940616,1.1829491826874567,2.354603487427153,1.0864120903188952,2.731045479257553,-0.1050010522166746,-0.0096112857761529
US3580541049,4.30543941757993,Freshworks Inc,13.373057759641206,0.32194876407199813,3019.12678784,12998.667479037815,45,451030,mid,3.765768538430568e-05,,,-0.0017921146953405,0.0018050541516245,,-0.0108078705297598,-0.1369495654050835,0.7824566612071415,2.8355642821532205,0.0146147820069617,-0.167582829579451,-2.406775871636193
US76674Q1076,4.2950919913926,Rimini Street Inc,13.116120430928207,0.32746664793231417,245.10651165000002,1052.7550152260922,45,451030,small,3.0572230151235074e-06,-0.0018050541516245,-0.0018083182640144,,-0.0018050541516245,0.0017921146953405,0.019243388342876,1.4012414877855903,1.9329815591936192,1.420826170237098,2.203176371204452,-1.0132122824931225,0.0029358867654185
US39874R1014,4.293009031430739,Grocery Outlet Holding Corp,16.03775011604937,0.26768150148034914,1055.30535644,4530.435426114155,30,301010,mid,1.3162864592918229e-05,,-0.0018083182640144,-0.0017921146953405,-0.0018050541516245,,-0.0162666381354526,1.81683207797763,0.451428162578254,-0.2088801950377303,1.586711250789004,4.137614518322724,1.2250809059677723
US45826H1095,4.28548797114037,Integer Holdings Corp,12.758010292045768,0.3359056681285358,4115.16829728,17635.504237211637,35,351010,mid,5.1328653591692656e-05,,,,,,0.0277526656778129,0.8722951871815454,-2.564681010651644,1.4965353768955505,2.3881197114123065,1.9602683400297367,-0.910389126293043
IL0011684185,4.27387108543923,Jfrog Ltd,19.867834407520252,0.21511509497086959,8675.33904501,37077.28070085022,45,451030,large,,,,,,,0.0012128458103152,-2.0617488309235954,-1.6249714464960467,1.174136326821232,-6.674114660966401,-0.8752630393606649,-2.8639054972811007
US67080M1036,4.2679056587057,Nurix Therapeutics Inc,17.440438962000208,0.24471320177231493,2739.50517566,11691.949641252866,35,352010,mid,3.416995418317243e-05,0.0018050541516245,-0.0018083182640144,0.0017921146953405,-0.0018050541516245,,0.0962116211143188,0.9180724800301424,1.1633174447708203,-2.634038587909855,-1.1806412153979475,-0.7154497044186463,-0.1421784697475686
US74934Q1085,4.26586583719528,RCI Hospitality Holdings Inc,12.993589447425618,0.32830541971914184,216.30772603,922.7397387927732,25,253010,small,2.698014646433593e-06,-0.0018050541516245,-0.0018083182640144,-0.0017921146953405,,0.0017921146953405,-0.0019561891837619,0.1583787983258777,-1.1540626912550962,1.9293113892881208,1.2328960290145583,3.6896453187276608,0.5850529299568148
US93627C1018,4.26023473958813,Warrior Met Coal Inc,11.885983973232747,0.35842507857844874,5080.383471879999,21643.62615733253,15,151040,mid,6.336781985646853e-05,,,,,,0.0488247394472122,-1.8439183152194216,-0.1105866503925344,0.2515525185931207,-2.397447205576997,1.8171861944637469,-1.7626570910376782
US92645B1035,4.25949259344077,Victory Capital Holdings Inc,7.9604413596488,0.5350824660341058,5525.851735599999,23537.32454024002,40,402030,mid,6.892416276708289e-05,,,,,,0.0395261554738347,1.3856670330306602,-1.1525401660701842,0.0871094289521969,0.5140856230158055,2.957091330240994,-0.8307757782841916
US8982021060,4.25702685900426,Trupanion Inc,12.248689949039134,0.3475495646241098,1264.06578,5381.16197700817,40,403010,mid,1.57667414432645e-05,,,-0.0017921146953405,,,0.0328014616451383,-0.1012483691257196,4.25349715130259,4.324797960515673,4.0427152688853365,2.5925031552779947,-0.1688755750182522
US44916Y1064,4.256577390237419,Hyperliquid Strategies Inc,21.354751592449077,0.19932694472280924,839.7581099399999,3574.4953840391127,35,352010,small,,,,,,,,,,,,,
US0865161014,4.22264959722605,"Best Buy Co., Inc.",12.343207607224214,0.34210310087911217,16773.6784065,70829.3663672065,25,255040,large,0.0002092187405688,,,,0.0018050541516245,-0.0017921146953405,-0.0126343171094815,-0.4956616315972028,0.3547436553745308,-0.9471738858661072,-2.7990003859547423,-1.7965879708796373,-1.5235406046076936
US7665597024,4.2210811830665005,Rigel Pharmaceuticals Inc,16.463278544230402,0.2563937171885966,774.81564687,3270.5597473484554,35,352010,small,9.664305579409817e-06,,0.0018083182640144,,0.0018050541516245,,-0.0203540220304872,2.9456874573380065,-4.582081961854847,-4.918626940065241,-1.235083824544237,0.4196688004499725,1.4267726608462328
US77543R1023,4.21584783235682,Roku Inc,12.087533582274315,0.34877651455207725,23247.0486423,98006.01962733401,50,502020,large,0.0002899613382953,0.0018050541516245,,0.0017921146953405,,-0.0017921146953405,0.0590751113757296,1.8220955730316497,4.86992999386424,2.825555976083852,3.057258970731486,-1.4586834002831868,-0.3321974367868875
US2333774071,4.20355669303452,DXP Enterprises Inc,13.529649467824996,0.3106922099520053,2525.3111684400005,10615.28866409079,20,201070,mid,3.1498304033340464e-05,,0.0018083182640144,,,,0.1140462434040273,0.8601251657493894,3.233093566681502,3.679847176040413,4.908847095431615,4.928462240748969,1.2382629977357982
US86889P2083,4.1987978153073,Surrozen Inc,19.923086898484637,0.21075036397229502,266.97660486,1120.9807852243282,35,352010,small,3.3300095349691475e-06,-0.0018050541516245,,0.0017921146953405,0.0018050541516245,0.0017921146953405,0.1029512938754362,0.311746339447887,1.6457329125412348,-1.947822545909355,1.10691002784468,1.076482866225687,0.9067588089869094
US6707031075,4.197957959797851,Nuvalent Inc,13.15216728613018,0.31918374123973253,9140.904086600001,38373.13107009118,35,352010,large,0.0001140148507865,0.0018050541516245,0.0018083182640144,0.0017921146953405,-0.0018050541516245,,0.0192132987918248,0.5123043068236951,-0.1109890727486738,-1.6510989839784056,-1.3321850072969523,-1.30498911468387,0.2772136136271528
US50212V1008,4.19597782256508,LPL Financial Holdings Inc,10.196782381228685,0.41150018365494195,28862.73866103,121107.4113201736,40,402030,large,0.0003600060574481,,,,,-0.0017921146953405,0.0403595493686984,0.890085866515451,3.1515757626969463,2.106497986298306,2.9855659731091766,0.0946747568751443,-2.1192057477653927
US5663301068,4.19547071063125,Marcus Corp,11.164631319571676,0.3757822887780057,877.7232177600001,3682.462052153095,50,502020,small,1.0947875697712556e-05,,,0.0017921146953405,,,0.072017288771563,0.9521494678389262,0.4046543263207966,0.7186635834649592,2.699172460176049,-0.9864149382173276,0.8835426447194822
US24823R1059,4.19394748677073,Denali Therapeutics Inc,14.534163406945334,0.2885578873268068,3511.91741956,14728.797235510008,35,352010,mid,4.380428202423071e-05,,,0.0017921146953405,-0.0018050541516245,,-0.0081205456862482,1.2578658979572186,-7.074638115586078,-4.845439104775835,-3.4519414988692736,3.977443123673316,2.0340650924363333
US81730H1095,4.18980450405886,SentinelOne Inc,13.296487026655392,0.3151061250734561,7856.475564390001,32917.0967057096,45,451030,large,9.799412407087128e-05,,,,-0.0018050541516245,,0.0219248369995637,0.9619327485519176,1.7747658350200546,1.1226944303609272,0.5771141197399176,0.8651124326956439,-1.5424548729317653
US0517741072,4.18521693318223,Aurora Innovation Inc,17.452446716973768,0.2398068878853418,9916.606717499999,41503.15035378964,45,451030,large,0.0001236902197521,0.0018050541516245,,,-0.0018050541516245,,-0.0162632972647649,1.3792100265660137,-0.7105699362655967,-0.9420647144344376,-2.278074816261931,0.941721687656585,-0.3027016575957222
US36241U1060,4.1731208072231,GSI Technology Inc,33.074521988751,0.1261732764767522,183.59784702000002,766.1759955605256,45,453010,small,,,,,,,0.1307024010309992,3.5844574285684248,9.80685948732852,-5.512501485815409,-3.838913773850994,-1.1587993827592504,-0.4821759714523859
US74736L1098,4.17139441770796,Q2 Holdings Inc,12.484790782617525,0.33411808738643495,3977.9006572199996,16593.392595724334,45,451030,mid,4.9616508999539295e-05,0.0018050541516245,-0.0018083182640144,-0.0017921146953405,,,-0.0049066064943633,0.9860267173198436,1.3210431964581058,2.915410040182201,2.550052950773213,-1.1607393122581973,-2.171970233273885
US98423F1093,4.16837902357822,Xometry Inc,23.276765535480017,0.17907896254849048,4906.6803912000005,20452.903618080658,20,201070,mid,6.120121460196978e-05,0.0018050541516245,0.0018083182640144,0.0017921146953405,,,-0.0457293490982254,-0.4495812451558315,-3.3392163563407826,1.2571066332724996,-7.888403456420661,-1.6081627211668386,-2.6513727036856265
US02155H2004,4.165319369688429,Altimmune Inc,18.213601099475067,0.22869279649527835,567.290663,2362.9467868372913,35,352010,small,7.075838416177278e-06,,0.0018083182640144,-0.0017921146953405,-0.0018050541516245,,-0.1166550562676145,1.839993215550788,-12.838674504496248,-7.279136638492261,-7.018499769757028,6.018978775315693,0.5445551020446582
BMG524411052,4.16249210351338,Kestra Medical Technologies Ltd,20.718797061164516,0.20090413990856593,676.79309166,2817.1458997471573,35,351010,small,8.44166645092697e-06,0.0018050541516245,,0.0017921146953405,-0.0018050541516245,,0.0600547205113577,0.1956082704751804,3.2598152067478923,1.7333131039366991,0.3970584514315909,-0.6626238486829841,1.1305470242244242
US76029L1008,4.15751901107407,Repay Holdings Corp,19.515495109529255,0.21303681960105578,269.71342572,1121.338694972814,40,402010,small,3.364146007579103e-06,-0.0018050541516245,,-0.0017921146953405,-0.0018050541516245,0.0017921146953405,-0.0139709183696365,-0.2416559422752952,3.803676467554919,6.1708126137722825,3.2512328441680323,-1.5020290151441755,-1.7274991728704334
US4660321096,4.15467517526895,J&J Snack Foods Corp,10.671927604309069,0.3893087855647926,1313.48942392,5457.121902538738,30,302020,mid,1.63832044685278e-05,,-0.0018083182640144,-0.0017921146953405,,,-0.0173622330491839,1.0338641361343035,-2.548564099143026,-0.2663430050931676,0.681440520933235,3.800337657126475,0.2233224951627158
US29772L1089,4.146216743981499,Eton Pharmaceuticals Inc,16.433876212323614,0.25229694385018486,1280.6782104000001,5309.9694396127425,35,352020,mid,,,,,,,0.1605207746579401,-2.495098280813654,5.149871659970874,4.719511464972666,1.3381313985050791,-2.408956671051321,-2.133351332396634
US09857L1089,4.13441740585838,Booking Holdings Inc.,9.417358524074853,0.43902092028130985,158990.8218271,657334.4211336906,25,253010,large,0.0019830986798804,-0.0018050541516245,-0.0018083182640144,-0.0017921146953405,-0.0018050541516245,-0.0017921146953405,0.0232290477754185,0.3036326860637467,2.5498801915685965,3.490875558223173,2.8067129760307554,0.7735781306565878,-0.7301292553027705
US4158581094,4.13412359042818,Harrow Inc,18.99743132813671,0.21761487219091633,1302.66956864,5385.396994247525,35,352020,mid,1.6248247994464165e-05,0.0018050541516245,,,-0.0018050541516245,,0.0447320742750761,3.2284014449647307,2.036174365212621,-0.0531986217574249,4.96524661085522,-0.3725359669201349,2.8194076717721623
US5171251003,4.12743001678742,Larimar Therapeutics Inc,28.29126806556561,0.14589059801851276,444.94076772999995,1836.4618804212412,35,352010,small,5.5497634326961325e-06,,,,-0.0018050541516245,0.0017921146953405,0.0995005856970813,1.5179990039602187,3.9015292672656607,0.5014261970539051,5.541767913472888,-0.3694668613362284,2.398055337896253
JE00BF0XVB15,4.11144172042419,Caledonia Mining Corporation PLC,17.763449444740942,0.231455142381787,369.3201088199999,1518.4381035941494,15,151040,small,4.606544024602302e-06,,,-0.0017921146953405,,0.0017921146953405,-0.0332140010838897,2.5622366476653906,-2.191501123415305,-1.3747355206782157,0.0704591642964074,1.048568261110176,1.6486833929634184
US45719W2052,4.1041146219488995,Inhibikase Therapeutics Inc,14.918810339420157,0.27509664166079967,268.07838064,1100.2244018130068,35,352010,small,3.343752026955372e-06,,0.0018083182640144,,-0.0018050541516245,0.0017921146953405,0.1142995806714133,2.778725184125784,5.520528963915403,0.5312971140911362,6.613934879102515,0.2897207409157158,0.6279174723723613
US84265V1052,4.09802847824332,Southern Copper Corp,12.409634817901175,0.3302295787408524,17160.6472913,70324.82130483649,15,151040,large,0.0002140454184599,0.0018050541516245,0.0018083182640144,0.0017921146953405,0.0018050541516245,-0.0017921146953405,0.0403518028713716,2.521041930881171,-2.3397712071768426,-3.716775989782679,-1.036272989083287,2.656273853931311,0.7896773663944768
US6081901042,4.09379700413173,"Mohawk Industries, Inc.",10.827168061283153,0.3781041340598314,7767.161549280001,31797.182681049635,25,252010,large,9.688010690042056e-05,-0.0018050541516245,,,,,0.0009280944860449,2.1760137021430057,-2.3544362158864347,-1.3558754810378648,1.1295845237587727,3.425813365962917,1.2877374838838755
US2036681086,4.09355653897365,Community Health Systems Inc,16.61541551141812,0.24637100024134553,386.63969031,1582.7314324952474,35,351020,small,4.82257183547966e-06,-0.0018050541516245,-0.0018083182640144,,-0.0018050541516245,0.0017921146953405,0.0208183204450391,0.1918054127844884,1.0580883398225267,-2.468774451838569,-1.1045720436215456,1.2092996928128636,1.5054388227560798
US42727J1025,4.08675066485491,Heritage Insurance Holdings Inc,15.39650375782652,0.26543368086261065,729.4851837,2981.2240594877812,40,403010,small,9.0988969562092e-06,,-0.0018083182640144,,0.0018050541516245,,0.0645275039810802,1.652589559141584,0.8888841310193931,0.6133237058831913,3.756704358102074,-0.3717828716275406,0.9065495159051562
US45778Q1076,4.07550805547771,"Insperity, Inc.",19.5688741509877,0.20826482014408615,1883.9521089,7678.061995956169,20,202020,mid,2.3498607637744284e-05,0.0018050541516245,,,-0.0018050541516245,,0.0380084903969169,-1.396533240159347,2.611826326066455,8.096705423844952,2.7978535869129124,0.6701334376444945,-2.4524473126404147
US75629V1044,4.06689253552458,Recursion Pharmaceuticals Inc,16.370043453282833,0.2484350482716043,1616.76603075,6575.21370214688,35,352010,mid,2.0165985334314067e-05,,-0.0018083182640144,-0.0017921146953405,-0.0018050541516245,,-0.0478161646793548,1.2997595874303272,0.9654250844639026,-0.1499664568597174,-0.6285882963023317,0.9527960504122982,0.627047162965604
CA1130041058,4.04557479686832,BROOKFIELD ASSET MANAGEMENT LTD,7.3216115286094805,0.5525525058329139,20707.17930028,83772.44269144614,40,402030,large,0.0002582814495989,0.0018050541516245,0.0018083182640144,-0.0017921146953405,0.0018050541516245,-0.0017921146953405,-0.0051096168918914,1.0277209107538283,1.0851756146757434,1.207188495292601,1.213819515735565,0.8673110586625385,-0.8273046233111041
US15746L1008,4.0421543468705305,Chain Bridge Bancorp Inc,8.181395360637378,0.4940666192857869,209.46380208000002,846.6850180897005,40,401010,small,2.612650117874791e-06,,0.0018083182640144,0.0017921146953405,,0.0017921146953405,0.0499548050009409,-0.0386326809139884,0.8792110091242212,1.654871094839803,1.4431370739117542,-0.246492487159369,-0.8756390520726718
VGG1110E1079,4.03376720838708,Biohaven Ltd,22.94190575063744,0.1758252889812784,1881.5007572000002,7589.536056948822,35,352010,mid,2.3468031833025958e-05,0.0018050541516245,-0.0018083182640144,,-0.0018050541516245,,0.061964622756022,0.8737425018204195,3.887170717984192,1.6723069653561409,2.4488154510253866,3.9763830052743536,1.773437783688662
US0109111056,4.0329661087722295,Alamar Biosciences Inc,18.45208563237261,0.21856424195738255,1687.2430407600002,6804.594000646883,35,352030,mid,,,,,,,,,,,,,
US40434L1052,4.032083412876919,HP Inc,11.37579836864063,0.3544439943654469,27475.25960352,110782.53851184028,45,452020,large,0.0003426999774135,-0.0018050541516245,,,-0.0018050541516245,-0.0017921146953405,0.0021808861102644,0.0208616239028125,2.825653807729528,0.4052376844309147,-1.446362473452344,-1.3970837874775637,-2.6938367942764097
US3563901046,4.03118153039548,Freedom Holding Corp,11.21211901892972,0.35953788249924284,2757.1840716000006,11114.709505334531,40,402030,mid,3.439046373710432e-05,0.0018050541516245,0.0018083182640144,,,,0.0126461364600943,-0.6300243398804724,3.1998032552167537,3.7155779629884713,2.429605783943736,-2.3922689497564784,-1.3111243185980377
US44930G1076,4.02987932041888,"ICU Medical, Inc.",10.913476242658195,0.36925716708550077,4438.0907515300005,17884.970141733036,35,351010,mid,5.535647787341965e-05,,-0.0018083182640144,,,,0.0119752071167229,1.6396031084204634,-2.956367194863005,-2.9601051215476377,-0.8300878034179301,1.8248068261267203,-0.2763120055122452
US15118V2079,4.02722121016862,Celsius Holdings Inc,16.705046465700768,0.24107812082040087,5123.07303605,20631.74839202351,30,302010,mid,6.390028844413495e-05,,0.0018083182640144,-0.0017921146953405,,,-0.0254189303573327,2.4507588932587017,0.404932826960116,-2.0838881860132163,1.3539595898904764,5.489827106703595,0.4811935966904276
US6245801062,4.02343956016984,Movado Group Inc,12.874296681880997,0.3125172317826372,779.01243201,3134.309436813152,25,252030,small,9.716652243042557e-06,,,0.0017921146953405,,,-0.0071356815066461,0.734588666410479,-3.85373430767049,-1.8729614985256933,-3.1389292843250205,-1.0116184536685593,0.5849519766450271
US4335392027,4.01579595080885,Hippo Holdings Inc,9.80421221922613,0.4095990438613564,647.377031,2599.7340597364555,40,403010,small,8.074758786750186e-06,,0.0018083182640144,,0.0018050541516245,,0.0178195905268284,1.4299877953261408,2.554768301123715,1.1975336047363654,2.638282147028035,-0.2650958762663065,-0.1555398821512832
US0044685008,4.01031150182462,"Achieve Life Sciences, Inc.",27.50185800350025,0.1458196570324163,703.03868729,2819.404133866769,35,352010,small,8.769028781962213e-06,-0.0018050541516245,0.0018083182640144,0.0017921146953405,0.0018050541516245,,0.0732757723715851,4.736194681036915,3.1819877391958507,-4.632155871837683,-1.2070175252042936,-0.5590988908505736,0.719038366394958
US6404911066,4.00536408214956,Neogen Corp,16.328321618074778,0.24530164066071478,2526.8454994,10120.936204438027,35,351010,mid,3.1517441802843804e-05,,,0.0017921146953405,,,0.0788217173496803,2.7745977733007408,-3.565623926195592,-2.675204018192488,1.829154692668149,5.334327230165658,0.6416687885261481
US9189052098,4.00371509988188,Valhi Inc,11.790140329886507,0.33958163243680584,38.801368620000005,155.34962543997696,15,151010,small,4.839709739443598e-07,-0.0018050541516245,-0.0018083182640144,-0.0017921146953405,,0.0017921146953405,0.003497435799526,-0.1357372613228369,-2.4952064168599444,0.2289004160435774,-0.3096143369306046,4.680148146603816,0.9229729439155974
US03823U1025,3.9963872673578695,Applied Optoelectronics Inc,33.423556062817866,0.11956798552035768,12086.4431506,48302.10751470258,45,452010,large,0.0001507546736406,0.0018050541516245,0.0018083182640144,0.0017921146953405,,,0.2965161587800489,3.114854686566084,6.46738043982229,-0.1408347488353747,5.90111660960709,4.326507541410216,5.342552626630779
BMG491BT1088,3.99199109571226,Invesco Ltd,7.404186478167886,0.5391532354679498,11653.05363406,46518.88634502491,40,402030,large,0.0001453489894115,-0.0018050541516245,-0.0018083182640144,,,,0.0256156734097496,1.2934683974316972,0.3942382785049576,-0.079826917876929,0.0838575777866617,1.0856404264419364,-1.166785410299494
US65345N1063,3.9751810771879197,NextNav Inc,23.49624846838853,0.16918364999995908,2219.1493541399996,8821.52052003112,45,451030,mid,2.7679535863009267e-05,0.0018050541516245,0.0018083182640144,,-0.0018050541516245,,0.0577337995131577,-0.9241073751431318,1.4412760289476885,1.3370718608443255,-0.3080903447030279,5.051395126839838,-0.3013461090517552
US3024921039,3.97400464073277,Flywire Corp,13.563153619769595,0.29300004645971695,2230.6902856799998,8864.773547329827,40,402010,mid,2.7823486349198047e-05,,,,,,0.0175290970178641,0.6295459192381911,1.1467047154493448,1.2575792301263296,-0.0901488594704915,0.0469540413156257,0.2056283318983706
US6005441000,3.96791545189965,"MillerKnoll, Inc.",14.081297164179428,0.2817862165421374,1600.75657632,6351.666753910109,20,202010,mid,1.9966298789009808e-05,,,,,,0.0419209234013921,2.602100891493338,-1.112879100711489,0.4935389403377823,3.998510118558135,4.1407083552545245,0.9804202674142148
US00164V1035,3.96766070862676,Amc Networks Inc (Nevada),12.800325455030071,0.30996561162182096,487.25255848,1933.2528314589586,50,502010,small,6.077520037860115e-06,-0.0018050541516245,-0.0018083182640144,0.0017921146953405,,0.0017921146953405,0.0337327135130072,2.526721496529076,2.116308168402849,1.469543976244002,2.061051014743577,-2.6544900658880985,-0.203645481377734
US46266C1053,3.9644095603725997,IQVIA Holdings Inc,12.296412304251136,0.3224037599163796,38608.55016298,153060.105378243,35,352030,large,0.0004815659418602,0.0018050541516245,,,0.0018050541516245,-0.0017921146953405,0.0075969821778185,0.4498965926740703,-0.1090988600258348,-1.077872180876582,-1.572323754999223,0.277946431162451,-2.268445717942954
US74766W1080,3.9620628845886303,Quantum Computing Inc,25.008186154556174,0.15843063787602177,1696.40335041,6721.256751951261,45,452020,mid,2.115930470754623e-05,,0.0018083182640144,-0.0017921146953405,,,-0.0786996445873584,1.4394987124808802,2.580838333069541,3.4400181330666384,-0.7461225129745459,-1.617221312675882,-0.3618734832164882
US36116M1062,3.9585734773818797,FutureFuel Corp,15.767928401813153,0.25105222300011737,139.35525159999997,551.6480029176387,10,101020,small,1.7381834517648849e-06,,,,-0.0018050541516245,0.0017921146953405,0.0723428650915695,1.7350132565309524,1.9831102367773887,-1.3854744339016292,2.698058964582486,1.366967263122362,0.7786599914501601
US0231351067,3.95069092950209,Amazon.com Inc,10.239876211187193,0.38581432509759356,2585502.69312,10214522.03791241,25,255030,large,0.0322490752524659,,0.0018083182640144,,0.0018050541516245,-0.0017921146953405,-0.0077465839147925,1.9738897242571876,1.2116893639982294,1.6471715902999255,1.3330437588984,-1.557176747103476,-0.9606612176537188
US26210C1045,3.9427882660127604,Dropbox Inc,9.949374048819266,0.3962850573982257,7100.213019479999,27994.63657939677,45,451030,large,8.856123205094712e-05,-0.0018050541516245,,,-0.0018050541516245,,0.0017814294480786,1.3455009645164564,0.6959833457480176,0.2722017679276983,0.5967011804946164,-1.211936346858652,-1.162516988060466
US3666511072,3.94025962601033,"Gartner, Inc.",14.04830161999002,0.28047942965600486,11093.69149272,43712.024692178886,45,451020,large,0.0001383720437531,-0.0018050541516245,-0.0018083182640144,-0.0017921146953405,-0.0018050541516245,,-0.0043793120829603,-0.5678262879348437,3.470404021368048,3.2068684358283823,0.2683333266211516,0.717686884350138,-3.0718179841778737
US98401F1057,3.93680672765701,Xencor Inc,15.029173672000478,0.26194432332572787,1714.35427047,6749.081425573821,35,352010,mid,2.1383207228864963e-05,,-0.0018083182640144,0.0017921146953405,-0.0018050541516245,,0.1151794373130253,1.5525712095163278,4.528751185825027,-0.4299747546103467,1.8453260306191364,-4.767364157855294,-0.6601680479988823
US2041661024,3.93535242705071,Commvault Systems Inc,15.25632646847727,0.25794888665905014,6054.28397486,23825.74113451952,45,451030,large,7.551531855859375e-05,0.0018050541516245,0.0018083182640144,-0.0017921146953405,0.0018050541516245,,0.0074497458952239,0.3406104954086905,4.3904536108643,4.591920794784524,2.1734959290526863,-0.392305393452443,0.3785617406245447
US29384C1080,3.9316394626761597,Entrada Therapeutics Inc,22.378149839847026,0.17569099728143728,247.21146478000003,971.9463505550257,35,352010,small,3.0834781770589096e-06,,-0.0018083182640144,,-0.0018050541516245,0.0017921146953405,0.035707197070009,0.9886077510440736,-3.9803658788796192,-3.1229213883258047,0.1836295921397904,1.1361036364101669,2.2973515756385794
US3968791083,3.91734887513117,Greenwich Lifesciences Inc,27.58794604568548,0.14199494477204147,110.81286079,434.09263556577343,35,352010,small,1.3821731054727177e-06,0.0018050541516245,0.0018083182640144,,-0.0018050541516245,0.0017921146953405,0.1797741551038939,0.2974644944541585,0.848666533239463,5.3761313471850976,4.0789313210534,14.477272210812558,-0.90502315370922
US10948W1036,3.91549946740312,Acadian Asset Management Inc,9.604790351490943,0.4076611070220102,3221.87970994,12615.268288306988,40,402030,mid,4.018663043621354e-05,0.0018050541516245,0.0018083182640144,0.0017921146953405,0.0018050541516245,,0.0505380816406802,1.773755643582804,0.2271439592768822,2.001891762732273,2.30324675366863,1.2285752310314622,-0.3726952963344843
US20563P1012,3.90725322767267,CompX International Inc,9.192017347690404,0.4250702625854389,47.42083469999999,185.28520944050712,20,202010,small,5.914819082743346e-07,,,-0.0017921146953405,,0.0017921146953405,0.0255374642578571,0.1486162828311736,-0.1123853101863583,0.5020914342041644,0.5643840076072415,1.4677500727866746,-0.0552746510571491
US0936711052,3.9020146781081397,H & R Block Inc,12.036262155930075,0.3241882427914449,6567.207255,25625.339103188267,25,253020,large,8.191303050219096e-05,0.0018050541516245,,-0.0017921146953405,0.0018050541516245,,0.0276343225095343,-0.9012060177023816,3.1823965781848824,2.57791967885082,-0.7620600336578743,1.4850860969486164,-3.2351420683024177
US3984331021,3.90115591104722,Griffon Corporation,12.293702135709712,0.3173296268270134,3803.2798446000006,14837.187647128045,20,201020,mid,4.743845683900042e-05,0.0018050541516245,-0.0018083182640144,,0.0018050541516245,,0.0232664693786346,2.319937684431354,-1.0886812601858908,0.2694091584151985,1.834485476691949,3.1340287426982085,2.080598023158333
US58450V1044,3.89851006205809,Mediaalpha Inc,16.14267456355721,0.2415033547699181,475.392402,1853.3220626229645,50,502030,small,5.92958784662809e-06,-0.0018050541516245,0.0018083182640144,,-0.0018050541516245,0.0017921146953405,0.0537934527198881,0.1622896077425862,4.035539567600754,1.7720942753283135,2.47796781317015,-1.8397419918105855,0.3607119566462622
US75383L1026,3.8905710399679596,Rapport Therapeutics Inc,23.49732262575608,0.1655750785710111,2105.3051962800005,8190.839426941031,35,352020,mid,2.62595532717514e-05,,0.0018083182640144,0.0017921146953405,-0.0018050541516245,,0.0722470976829875,1.0249644061978016,3.912735713398433,2.3181000031131167,0.8914169939901678,-4.167168410243841,0.37093525215773
US74006W2070,3.8896313507299802,Praxis Precision Medicines Inc,73.1557872602182,0.05316915443605847,9505.82840339,36974.16817248525,35,352010,large,0.0001185665659268,0.0018050541516245,0.0018083182640144,0.0017921146953405,-0.0018050541516245,,0.3306714452884779,1.7417668242482278,11.919662384607689,-14.57346915557918,-8.890545339358411,-0.8947211202565133,-1.9808831752255116
US87969B1017,3.8893095671074303,Telos Corp,12.877543275270153,0.3020226361480302,246.0383055,956.9191354560508,45,451030,small,3.0688453159118207e-06,,-0.0018083182640144,,-0.0018050541516245,0.0017921146953405,-0.045423116481336,-1.1336802200296603,0.25254393564929,2.4304738011374685,-1.7289930093403916,-0.2244413409241406,-1.176697739240666
US44925C1036,3.88678651971119,ICF International Inc,12.162090701429747,0.31958210270987936,1560.9441829800003,6067.056808428262,20,202020,mid,1.946971726456626e-05,,,-0.0017921146953405,,,0.0026402246776699,1.546390193357284,-1.1031008479827418,0.4619547186472301,1.5053731368187373,3.975555587561882,-0.6451429148994431
US7437131094,3.88487293844869,Proto Labs Inc,11.819796278139142,0.32867511816881395,2172.3121696,8439.1567615418,20,201060,mid,2.709533384579095e-05,,,0.0017921146953405,,,0.0485680093925001,1.2716571359549218,-0.3446068418365208,-1.0486041219077595,0.0004081373678366,2.2011594188446315,1.1609023305703086
US09203E1055,3.88169794140866,Black Diamond Therapeutics Inc,18.95049486159574,0.20483359246069835,114.50978658,444.492402838731,35,352010,small,1.428285004068585e-06,,-0.0018083182640144,-0.0017921146953405,-0.0018050541516245,0.0017921146953405,-0.0496361163239065,3.5295688258997338,0.5107927823595253,-0.1683619609759828,1.2607491926874506,-1.7678190797774431,1.550703060229702
US13100M5094,3.87372588808653,Calix Inc,12.479285173974453,0.3104124822922698,2238.137952,8669.932925771367,45,452010,mid,2.791638137972656e-05,,,-0.0017921146953405,,,0.0201247750627375,-0.0630577107960604,4.695127563476235,-0.6801063256307951,1.286014761347904,-0.1930125636761039,-0.3416123394898526
US9168961038,3.86851805600456,Uranium Energy Corp,17.205917971170518,0.22483648140636725,5440.968783360001,21048.485980585327,10,101020,mid,6.786541441546702e-05,,0.0018083182640144,,,,-0.0168530792248476,0.7798917242693268,-3.7757654295478,-1.4163728748028637,-2.765828467567684,5.796077319674413,0.6150649601157996
US5951121038,3.86464214341778,"Micron Technology, Inc.",21.141973941470674,0.18279476429763059,1094085.163305,4228247.630596627,45,453010,large,0.0136465666262571,0.0018050541516245,0.0018083182640144,0.0017921146953405,0.0018050541516245,-0.0017921146953405,0.0927137503157564,0.3088196946747366,-5.920875321067693,-3.7251724705524234,-9.826249472457102,3.431530819743116,0.7919386292780737
US5303071071,3.86131763627654,Liberty Broadband Corp,13.378441966874943,0.28862237066447444,4713.853865,18201.68706375483,50,502010,mid,5.879608187066661e-05,,-0.0018083182640144,-0.0017921146953405,-0.0018050541516245,,0.0135082565411787,0.3100114144952834,1.3256827296297269,-0.1643744615435325,2.6390068001007085,2.32855336700159,0.0632694578234954
US89531P1057,3.8562354965644,"Trex Company, Inc.",14.87508738008988,0.2592411995996691,5019.82206453,19357.616031677775,20,201020,mid,6.261243507647103e-05,,,-0.0017921146953405,,,0.0179444635013143,1.0751837247913656,-0.1647462469328559,1.179087564072253,2.2743243631485144,5.487888754372316,1.939635908943642
IL0012165630,3.85575252104854,Nexxen International Ltd,11.137113159750013,0.346207537423916,504.0424316,1943.4628763571363,50,502010,small,6.286940775717805e-06,,,,,0.0017921146953405,0.032733700900484,0.5992840786050642,3.578182289575952,3.1037288706136463,2.9850044659583315,-0.9164811317312058,-0.8848699439053436
US3020811044,3.8460777055063997,Exlservice Holdings Inc,11.780450584725969,0.3264796773132821,5122.323842870001,19700.855532446174,20,202020,mid,6.389094372857741e-05,0.0018050541516245,,-0.0017921146953405,0.0018050541516245,,0.0030700125852343,0.6626062982652294,2.3059417564576883,2.8416441521853266,2.390356780845266,-0.5092025786605827,-2.758894443520754
US4657411066,3.8459493747385998,"Itron, Inc.",12.440592029323216,0.3091452051215463,4381.75614434,16852.01230358144,45,452030,mid,5.465381413556211e-05,,,-0.0017921146953405,,,-0.0078929412845657,1.0626104089725152,-0.5463022070438464,1.1276426726726163,2.110202451215564,0.8984736547278612,-0.4725526991788531
US0926671043,3.84035928906779,Strata Critical Medical Inc,17.754883833990345,0.216298756160585,413.3990146,1587.600745810581,35,351020,small,5.156341923992695e-06,,0.0018083182640144,,,0.0017921146953405,0.0090109308607812,-0.0299876737154004,1.7897568875399952,2.922204860110662,-1.1963846270734404,0.7770220455312015,-1.2905661150912318
US1420381089,3.83516907310862,Caribou Biosciences Inc,18.04603318836861,0.21252144629660438,151.06081626999998,579.3437707172474,35,352010,small,1.8841874133619635e-06,,-0.0018083182640144,,-0.0018050541516245,0.0017921146953405,-0.012212183084822,1.687463085196916,3.673882008520631,-1.5116111304333502,-0.0273291003948163,-2.988450847245767,1.3056749864686648
US5367971034,3.83427024637399,Lithia Motors Inc,10.285192071454567,0.3727952010751059,8128.025185760001,31165.045131537994,25,255040,large,0.0001013811730179,,,,,,0.0198301237962146,1.4148062413335842,1.8515367278578,1.571938774721225,2.106012232602561,-0.7408056352269266,-2.1652177295688206
US52567D1072,3.81651015491039,Lemonade Inc,22.140653485580934,0.1723756779534934,3053.44439856,11653.501554558488,40,403010,mid,3.808573027226463e-05,0.0018050541516245,,,-0.0018050541516245,,-0.0350291387223553,-1.5766752913654751,-4.514533163540824,0.5883535989012947,-3.719264315932888,1.4258621745491844,-0.3102385459878629
US5303073051,3.81644402416808,Liberty Broadband Corp,13.354237598040445,0.28578524203643735,4731.239428999999,18056.51044571545,50,502010,mid,5.901293268394732e-05,,-0.0018083182640144,-0.0017921146953405,-0.0018050541516245,,0.0146682468743427,0.284066036678669,1.4459389183739706,-0.0849296577924169,2.690717410452895,2.345406081077753,0.0507336357400594
US58039P3055,3.8160865415693004,McEwen Inc,18.15750446404322,0.21016580495002415,686.94921956,2621.4576715044504,15,151040,small,,,,,,,0.0246863653134563,3.484266392966165,-1.455845437396559,-2.8970082535654345,0.2360535919680724,1.79420628362973,1.8393324142698624
US74265M2052,3.80134928589224,Pro-Dex Inc,17.518298698908463,0.2169930625814193,137.04520283999997,520.9566839507911,35,351010,small,1.7093701240911826e-06,,,,0.0018050541516245,0.0017921146953405,0.0395176950634721,-0.039167541659778,-0.0268621888259472,-0.895124346880348,-0.9338230413616858,1.917331878725898,-0.1891093702667353
US4195961010,3.77448516578053,Haverty Furniture Companies Inc,9.80940320699433,0.38478234466794425,402.38557118,1518.7983693430356,25,255040,small,5.018970817559323e-06,,,,,0.0017921146953405,0.0121058082992986,0.6485523303617088,-1.866631074648688,-0.4607613490163733,-0.3442970451439021,2.9840767261973986,0.5053482958875439
KYG290181018,3.7738139877888197,Dlocal Ltd.,12.521691402286777,0.3013821269464943,2153.9725728900003,8128.691824885756,40,402010,mid,2.686658334555962e-05,0.0018050541516245,0.0018083182640144,,0.0018050541516245,,0.0285348950107229,0.5996509575119273,3.3111561763743564,3.0439199128822123,3.569851841898657,-1.6563029226022037,-0.7461735322841101
US3580391056,3.7712242572071704,Freshpet Inc,14.636474797073044,0.2576593277748361,3415.4891424999996,12880.575504423716,30,302020,mid,4.260152838887441e-05,,,,,,0.0603222738924222,3.975863464864089,-2.0112274858419896,-2.9080502030940933,3.751252695669213,5.491826903692069,2.2965366379960908
US70339W1045,3.76177995947749,Pattern Group Inc,19.227975703600272,0.19564097736888286,1239.11511072,4661.278390992227,25,255030,mid,,,,,,,,,,,,,
US1272031071,3.7587154517979995,Cactus Inc,12.55742648794112,0.2993221147189266,5829.730035289999,21912.296363455418,10,101010,large,7.271444857122123e-05,,0.0018083182640144,,,,0.0466124745078911,2.066238711949117,-1.2878590546444275,-0.3970802876080377,0.9495300350569318,3.298029752126056,-0.9303175211113204
US00724F1012,3.7565427042409296,Adobe Inc,11.10206467266962,0.33836433267125127,104688.7836349,393267.88637954084,45,451030,large,0.0013057872538732,0.0018050541516245,,-0.0017921146953405,0.0018050541516245,-0.0017921146953405,-0.0056018161747518,1.139991875117781,3.636659989193216,2.091153873929594,1.8780823365760424,-0.8461961763876533,-2.678728737606286
US4595061015,3.7546453923855596,International Flavors & Fragrances Inc.,10.40981308428029,0.36068326702766607,21461.61640476,80580.75914727847,15,151010,large,0.0002676915728296,,-0.0018083182640144,,,-0.0017921146953405,0.0082718965245558,1.6539071394228242,-2.329781507432404,-3.7401868016545703,-0.6244637665548503,1.8210862336772915,0.7676142255825147
US8170705011,3.75429678319014,Seneca Foods Corp,11.795576856487994,0.31828004928179,1116.9970542,4193.538447415923,30,302020,mid,1.393234752898659e-05,,,0.0017921146953405,,,0.0483408332199706,-0.7669748952645532,-2.948554646736732,-2.869662608315368,-1.804037282860872,2.33405045030148,1.0799221248113369
US45769N1054,3.75030007815308,Innovative Solutions and Support Inc,22.79504282199115,0.1645226160547081,314.76476448,1180.4623208291798,20,201010,small,,,,,,,0.2344683004041733,1.4361811921477547,6.282792626879121,3.187902966117309,9.007463571668808,7.557512416874752,0.0736633999993936
US62886E1082,3.7497048356155,NCR Voyix Corporation,14.68712750619647,0.2553055275126812,1120.0974036000002,4200.034650639287,45,451030,mid,1.3971018307158897e-05,-0.0018050541516245,-0.0018083182640144,-0.0017921146953405,,,-0.0328333108156183,1.0040926854447625,1.5064712234722295,2.8140658266486684,1.9404614063824328,0.7778220581617354,-0.6078699502862345
US14575E1055,3.74936944261246,Cars.com Inc,14.159695519018486,0.2647916713729136,599.29746078,2246.9875864837713,50,502030,small,7.475060444815782e-06,,-0.0018083182640144,,,,-0.003879970947417,1.817255979372,1.7936571255828613,5.079377047837603,3.8772258576521335,-1.1733893619355968,-0.5855526407102776
US68237F1084,3.74697517139713,Once Upon A Farm PBC,21.47481507743497,0.1744823020773915,579.44970694,2171.1836649775237,30,302020,small,,,,,,,,,,,,,
US91678A1079,3.74517598060058,Upstream Bio Inc,25.31837807807163,0.14792321881962475,269.47219531,1009.2207933147204,35,352010,small,3.3611371313300197e-06,,-0.0018083182640144,-0.0017921146953405,-0.0018050541516245,0.0017921146953405,-0.0464606691505179,-2.041425705382662,0.6710529575033513,2.507327803523443,-4.502187081892233,0.8030933822697874,-3.768872238381772
US34354P1057,3.74162031862633,Flowserve Corporation,12.86426604523942,0.2908537731937659,10221.28349286,38244.16199932488,20,201060,large,0.0001274904649742,,,,,,0.0315835063627722,2.5788296236382577,-0.6981183538670479,-3.42205514451728,0.3959013974141701,1.4596728349146255,1.0594370850803454
US4771431016,3.7390830437394302,JetBlue Airways Corporation,17.56756572980819,0.21284013398595406,1912.24849267,7150.055914358681,20,203020,mid,2.385154952869633e-05,,-0.0018083182640144,,-0.0018050541516245,,-0.015572495613166,2.9357340988156397,-2.397836393322564,-0.7973861234388211,2.0679643239785253,0.4415788081737339,1.927211983950732
US1264021064,3.7380656463519903,CSW Industrials Inc,10.898032659012728,0.34300371115704004,5389.281689199999,20145.48874091234,20,201020,mid,6.722071928767515e-05,,0.0018083182640144,,,,0.0497290382718907,1.87456799791308,2.2916733787840093,0.1980748883330262,3.1704865163863456,0.2291091791291067,-0.1958383292175928
US00847J1051,3.7356115366230203,Agilysys Inc,13.172613355693022,0.2835892495856595,3059.4683890200004,11428.98540995656,45,451030,mid,3.816086773863882e-05,0.0018050541516245,,,,,0.0162756369113474,-1.1101147811007093,4.185891565427773,0.6083717964235356,-1.897650155157584,-1.964276932329068,-2.081984120204316
US4228061093,3.7330524736123296,HEICO Corporation,8.662145722791832,0.43096163388130543,33758.75229684,126023.19376778448,20,201010,large,0.0004210742251969,0.0018050541516245,,,,-0.0017921146953405,-0.0077219788140283,0.3343413411722907,-0.8119052779423245,-1.270327956863307,-2.385880956682779,1.2246811916880818,-1.118465275630295
US0453962070,3.7323973114685702,Assembly Biosciences Inc,14.335880072259748,0.26035355294934726,475.16216496,1773.4939870082892,35,352010,small,5.926716091108894e-06,,0.0018083182640144,,,0.0017921146953405,0.0333187146072596,1.0557897939002947,1.206114524994132,-3.860924938289545,-1.4511602652970217,0.1448766726894268,0.3017003552627523
US09180C1062,3.7251849096231497,BJ's Restaurants Inc,11.634347948186528,0.32018854225550325,1374.6530002499999,5120.836612499487,25,253010,mid,1.7146100125540584e-05,,-0.0018083182640144,0.0017921146953405,,,0.048584977114764,0.650338029915229,-0.643601078798973,-0.631627050487692,-0.7040607092452713,0.3189526896652191,-0.6930035779711343
US04206A1016,3.7214077902145504,Arlo Technologies Inc,17.001522639784827,0.2188867355625066,1460.4303839999998,5434.857008083626,45,452030,mid,1.8216004756030564e-05,0.0018050541516245,,-0.0017921146953405,,,0.0337907856584507,2.1824171841277256,4.850198562858118,-0.73533551739779,3.6487403764104616,-1.273282686262838,0.2426361067047293
US0970231058,3.70954667866254,Boeing Co,9.105373122511281,0.40740194045331324,182943.318285,678636.7787276256,20,201010,large,0.0022818590961084,0.0018050541516245,,,0.0018050541516245,-0.0017921146953405,0.0025275803752928,1.9300552901845884,-0.193326261007795,1.4227545784058044,2.1940009792795707,2.7685350585895137,0.3986841801704925
US71385M1071,3.7044316807494897,Perimeter Solutions Inc,13.490609766402946,0.27459334640121436,5108.518614539999,18924.158197400466,15,151010,mid,6.371875058080914e-05,,0.0018083182640144,0.0017921146953405,-0.0018050541516245,,-0.0012494130083154,2.0517431496544103,-0.2522048836733601,1.3515335853449035,0.5712018574438975,-1.0430895155038502,1.0084801565008754
US35137L1052,3.70304864941712,Fox Corp,11.155257543322033,0.33195546001839354,26972.504339200004,99880.49576467198,50,502010,large,0.0003364290915252,,-0.0018083182640144,,,-0.0017921146953405,0.026212032532528,-0.0680936529751751,2.070367087793899,2.516002331117486,0.2733095581528612,1.1932081709408826,-2.814625670909064
US1567271093,3.7004853805352496,Cerence Inc,21.069349158353738,0.17563358757420622,376.36625214000003,1392.7378137709136,45,451030,small,4.694430843197001e-06,,,-0.0017921146953405,,0.0017921146953405,-0.1058061796563448,1.6973496776620975,-3.0827480519418797,1.885110180868068,-4.02137728149339,-0.2019310078851593,-0.4756706271145117
US42806J7000,3.6892727504337897,Hertz Global Holdings Inc,26.859044553618673,0.13735681263973853,772.74549915,2850.8689130344524,20,203040,small,9.63848454670169e-06,-0.0018050541516245,,-0.0017921146953405,0.0018050541516245,,-0.0760688815545958,0.2857232054331837,-0.4901491723226618,3.111193415210526,-0.9569065206332152,2.707919388919376,0.5791825958740819
US03676C1009,3.67884404257173,Anterix Inc,17.905904625191532,0.20545424090978476,1757.681112,6466.234687622054,50,501010,mid,2.192362460173048e-05,0.0018050541516245,0.0018083182640144,0.0017921146953405,0.0018050541516245,,0.1161144064812145,0.824443406942365,-2.6175839832166377,-1.856902118298804,0.1137049881352938,0.7211132677363907,2.5087822563438973
US07373V1052,3.67740541530541,Beam Therapeutics Inc,18.859140523900106,0.194993266561912,2725.64307294,10023.294596619235,35,352010,mid,3.399705163893441e-05,,,,,,0.0047774087211172,0.860098058937007,0.3976854559380567,0.0443243827659798,-2.0182970946754155,-1.0818520206971174,1.4930528488228845
US4937321010,3.6749511864635798,Kforce Inc,15.811911492659716,0.23241663022017192,988.8934883000001,3634.1352981141936,20,202020,mid,1.233450678884291e-05,0.0018050541516245,,0.0017921146953405,0.0018050541516245,,-0.0028741984693172,-0.2453917605360691,-3.9471645690408783,1.4515244873960569,-2.910042931989037,0.7380549680385253,-2.018349486137493
US4037831033,3.6735841850032704,Gyre Therapeutics Inc,12.822510738413401,0.2864949197506247,100.51981364999999,369.2679977041158,35,352010,small,1.253787529747605e-06,,0.0018083182640144,-0.0017921146953405,,0.0017921146953405,-0.0004007508137406,1.7588845142634897,-1.8840345513350063,-2.0020761598856907,0.945442823831628,4.278622369023668,1.785591980564587
US52603A2087,3.6698157796763997,LendingClub Corp,13.622566362173098,0.2693923950972028,2186.4596608800002,8023.904165123335,40,402020,mid,2.727179605259368e-05,,,,,,0.0107888779286763,0.9026762505245144,2.5380185222497698,2.6623068896320734,1.8354580183976044,-1.4640584828835057,0.1102726704599627
US16119P1084,3.6622044549992303,Charter Communications Inc,13.292700703830992,0.275504920827998,11813.48906465,43263.41228164592,50,502010,large,0.0001473501067524,-0.0018050541516245,,-0.0017921146953405,0.0018050541516245,,0.0128081856477102,0.3040323790272986,1.4610866028394809,-0.1135007047941261,2.7314746182906298,2.3030843508194923,0.0964122929041992
US86800U3023,3.6559983289015303,Super Micro Computer Inc,25.508843071698017,0.1433227809911085,26425.531476540003,96611.69891856505,45,452020,large,0.0003296066778197,,0.0018083182640144,-0.0017921146953405,,-0.0017921146953405,-0.0162657134547048,2.8652373991933238,1.843360124508824,-1.938391105831296,-3.3683585282141792,3.187983128543724,-0.6755977982908239
US9467601053,3.65428461031596,Climb Global Solutions Inc,13.062436244957318,0.27975521118632646,445.97068275,1629.7038026254263,45,452030,small,5.562609602639025e-06,,,,,0.0017921146953405,-0.0059633368648996,1.1062873537572533,-1.120271412343992,1.950479522674624,1.2550267760820928,2.797339342197861,-1.0891863042078869
US64073B1035,3.6356941901255198,Neptune Insurance Holdings Inc,15.07289454601983,0.24120743225696928,3223.8533327799996,11720.944831805038,40,403010,mid,,,,,,,,,,,,,
US46620W2017,3.62565358268112,JJill Inc,13.783254277281623,0.2630477178859812,132.63203138,480.8777997511717,25,255040,small,1.6543244655063786e-06,,,,,0.0017921146953405,0.0258444818849584,0.8909113745197297,-2.352168130332577,-2.1260478868847223,0.9608923791859638,2.1698530225488293,0.9263026856730864
US64082B1026,3.62490346632265,NerdWallet Inc,13.322713701822876,0.2720844677332272,600.282376,2175.9656655347962,40,402020,small,7.487345330510002e-06,,-0.0018083182640144,,0.0018050541516245,,-0.013142244938706,0.9900327330001388,-0.4879564928695981,-0.4406130586486951,0.4870377533874903,-1.1462872479034223,0.3114185961177191
US0718131099,3.6232327526065697,Baxter International Inc.,12.666697280843373,0.2860439996530278,13768.127132099999,49885.12916707587,35,351010,large,0.0001717303830895,,-0.0018083182640144,,-0.0018050541516245,,0.0169041735456056,2.309035422717992,-0.9988122936849751,0.1448605646942069,2.762227615709413,1.998855675758537,0.2961183823468702
US2681501092,3.6184914306136498,Dynatrace Inc,10.690309552324708,0.33848331640001716,13894.7352962,50277.98059994471,45,451030,large,0.0001733095716251,,,,,,0.0073976139746504,-0.6011888548971651,2.7496240852002454,1.092750078757199,-0.6428055511541939,-0.1337776107257053,-1.3054874922555122
US68287N1000,3.6179959889170403,OneSpan Inc.,11.811313663031553,0.30631613824980974,561.7767417599999,2032.5059983545636,45,451030,small,7.007063062943995e-06,,,,0.0018050541516245,,-0.0172502483863961,0.6434961423027148,-0.5473885179102517,2.279424642733786,0.0815486900502338,-0.6669653069526802,-1.100375180252102
US0008991046,3.6175874177522003,ADMA Biologics Inc,15.456655606957687,0.23404722921585785,2039.1759001900002,7376.897079110861,35,352010,mid,2.543471999980244e-05,,,-0.0017921146953405,0.0018050541516245,,-0.0379584632305777,3.7422474267962222,-1.4276739142105783,-1.3098947184590242,2.8932539658928618,2.5906823435410984,1.4092651786107468
US0126531013,3.61271254949034,Albemarle Corp,15.583097457728805,0.2318353305105289,15999.800921279999,57802.681577655356,15,151010,large,0.000199566136716,,-0.0018083182640144,,,-0.0017921146953405,0.0160879416799493,0.7538202753908024,-3.911792305948919,-2.698603341717037,-2.196107039538738,2.6447772527054587,0.3517326788572605
US8902608392,3.6086823529874397,Tonix Pharmaceuticals Holding Corp,20.32689103099791,0.17753242970035632,217.87119545000002,786.2279382446924,35,352010,small,2.7175158610773367e-06,-0.0018050541516245,0.0018083182640144,-0.0017921146953405,-0.0018050541516245,0.0017921146953405,-0.0398729858995,-0.6327366536087341,-1.6418774884190903,1.9384922172425003,0.1943199272837678,6.992095486438412,0.657898432699896
US6402683063,3.6077062172730696,Nektar Therapeutics,31.717848372133183,0.11374372482475026,2460.3604032000003,8876.257523357117,35,352020,mid,3.068817062233929e-05,,0.0018083182640144,0.0017921146953405,-0.0018050541516245,,0.1251253459551025,3.049461698959544,5.418172432494568,-1.945187079824204,4.244006852812506,-10.821572952244528,4.711962880854599
US7444302084,3.59037498419234,Public Policy Holding Company Inc,11.224796961081132,0.31986101812273027,165.84377120000002,595.4413274005981,20,202020,small,2.0685757828887006e-06,,,-0.0017921146953405,-0.0018050541516245,0.0017921146953405,0.0145865386766805,1.4256712420902098,4.5720582944961246,0.3186852103174162,1.7008855407225747,-3.8151877816599984,-2.1485732485558158
US5015751044,3.5860684589864,Kymera Therapeutics Inc,15.921822010054763,0.22522977940098615,9483.445738,34008.28564355081,35,352010,large,0.0001182873860743,0.0018050541516245,0.0018083182640144,0.0017921146953405,-0.0018050541516245,,0.1334918236375324,0.8671245400379107,3.61678067140836,0.0701602224265103,2.609485536513158,-0.954704612030338,1.8379321536014168
US75943R1023,3.57980040181931,Relay Therapeutics Inc,18.35702379136997,0.19500984704842247,3519.54453565,12599.266942940827,35,352010,mid,4.389941533869224e-05,,0.0018083182640144,0.0017921146953405,-0.0018050541516245,,0.1692111676036026,2.833139131914524,5.792445214604786,1.1577223839503603,4.144760271174029,-6.395025850588569,3.0505688003977305
US02128L1061,3.57878772502628,Alta Equipment Group Inc,17.599974259268762,0.20334050904316325,140.64410063,503.3353809320049,20,201070,small,1.754259315645491e-06,-0.0018050541516245,-0.0018083182640144,-0.0017921146953405,0.0018050541516245,0.0017921146953405,0.0015514640969092,3.392038961207205,-4.724358878890246,0.6462550169670478,3.5853899027894047,7.16849001778056,3.9611747751389896
US3463751087,3.5667628535290903,FormFactor Inc,19.339744297368224,0.18442657765720613,10191.6493112,36351.1961793835,45,453010,large,0.0001271208366783,0.0018050541516245,,0.0017921146953405,,,0.1567100494170377,3.135162813200043,1.9157120389140143,-2.040786562977237,2.170573147754196,0.274689145164575,4.334796904826564
US10316T1043,3.56617849378832,Box Inc,9.59407502057663,0.37170633814514226,4367.50022709,15575.285381463962,45,451030,mid,5.4475999527435214e-05,0.0018050541516245,-0.0018083182640144,,0.0018050541516245,,0.014684246264399,0.3474816810261776,3.535706060165303,1.995197236803212,1.360939652275406,-1.6575906788644468,-1.8569492432225796
US1630861011,3.5624352170643996,Chefs' Warehouse Inc,12.18010785991468,0.2924797758801911,3942.5396382400004,14045.042051938515,30,301010,mid,4.9175449639932224e-05,0.0018050541516245,,0.0017921146953405,,,0.0517714779148972,1.883021668715664,0.0794673884339413,-1.370590177340017,1.5368404321173574,-0.3734988288133567,0.3098991431465097
US76243J1051,3.55980745767167,Rhythm Pharmaceuticals Inc,12.302722338665847,0.289351198838623,7151.57087904,25458.215349274134,35,352010,large,8.920182062281878e-05,0.0018050541516245,,,-0.0018050541516245,,0.0241266048490919,0.8563287988922258,1.5589807162400429,0.0918888322347444,0.4884473298360138,2.1478123710707067,0.6640037327978436
US4228062083,3.5575067020607,HEICO Corp,7.999515570863757,0.44471526688666396,39176.13700692,139369.3699629661,20,201010,large,0.0004886454745527,0.0018050541516245,,,,-0.0017921146953405,-0.0119357860736232,0.2882906240888325,-0.6418924878958114,-0.8249207472048262,-2.107981602896708,1.3079271010715716,-1.0350841785968845
US69318G1067,3.5511161793726798,PBF Energy Inc,18.742937586189736,0.18946422688774414,6097.67862711,21653.56522934531,10,101020,large,7.605658173719679e-05,,,0.0017921146953405,0.0018050541516245,,0.1218552706669109,-1.952209916277848,-1.06111876952753,-0.3795089779859864,-0.4567607140716363,-2.5489324452435405,-2.75435309229892
US26603R1068,3.54244185687833,Duolingo Inc,15.477895262605344,0.22887103167294867,5987.39339823,21209.992987486934,25,253020,large,7.468098980497772e-05,,0.0018083182640144,-0.0017921146953405,0.0018050541516245,,-0.0326680968917157,-0.480704625466582,6.071927068749824,5.8659060230252695,2.739144690662366,-2.907140781947195,-1.8012682949236911
US2641471097,3.5290437570813205,Ducommun Incorporated,9.378327196632886,0.37629778563797156,2867.30547725,10118.846494134188,20,201010,mid,3.5764012295829155e-05,,,0.0017921146953405,,,0.0692793450031249,0.7365086098023326,-1.6053423688063853,-0.0858904899722272,0.5048422757411983,2.948012976457563,1.1796503112707852
US78413P1012,3.5282135117718503,SEACOR Marine Holdings Inc,12.30327740074809,0.28677021551650295,217.56636472999998,767.6205877474684,10,101010,small,2.713713695697775e-06,-0.0018050541516245,-0.0018083182640144,,,0.0017921146953405,0.0212006174259821,0.7701940288455358,-2.7910561030561905,-2.82391272424818,-0.9798507997790252,0.0553482538061425,-0.3968980480164189
US5809071039,3.52058907200308,McGraw Hill Inc,16.817715246877405,0.20933813067484053,2506.15,8823.12430280052,25,253020,mid,3.125930603709352e-05,,-0.0018083182640144,-0.0017921146953405,,,-0.0367850373713428,1.7143589313365772,-4.744527523328863,-2.332775442491918,-0.9960813024008977,0.4537476188196545,-1.269780588583015
US7473011093,3.5174555957848996,Quad/Graphics Inc,11.215403732417803,0.31362719343021017,391.4832035,1377.0247848068736,20,202010,small,4.882985163133995e-06,,-0.0018083182640144,,0.0018050541516245,0.0017921146953405,0.0603463636407144,1.9615341995965196,1.7474922592585784,2.1985776384961877,4.869272702040321,-1.4776609250686934,0.3795252997518518
US0116421050,3.51079403743277,Alarm.com Holdings Inc,7.928870472912851,0.4427861508680946,2579.97107852,9057.747079217008,45,451030,mid,3.218007920926796e-05,,-0.0018083182640144,,,,-0.0006356586210398,1.4423541389866892,0.0800827792347407,-0.1036423897288564,1.5627359177731748,0.2276129566333299,-0.6923323033656293
US5898891040,3.5103412748390697,Merit Medical Systems Inc,8.251024247336554,0.4254430928344701,5294.335292090001,18584.923698660692,35,351010,mid,6.603644919834257e-05,,,,,,0.0355887636394553,1.0179376860251867,2.001284836175061,-0.2016874730376473,2.132209710433368,1.0621681189561332,-0.7594336220955317
US69370C1009,3.5102027262664897,PTC Inc.,9.956321820136374,0.35256019137179817,16066.64459109,56397.179645598866,45,451030,large,0.000200399880399,,,-0.0017921146953405,0.0018050541516245,-0.0017921146953405,-0.0049594458804385,1.2947706559407144,2.6388633774498524,0.2174169379738759,1.6259328663630777,0.6397480399396408,-1.5614768275362425
US0536041041,3.49248410537486,AvePoint Inc,11.601049221339537,0.3010489860650375,1854.3424547,6476.261548961551,45,451030,mid,2.3129285273843354e-05,0.0018050541516245,,,,,0.0033217541263402,1.0015624494701307,2.9120637537458127,1.7104974963885833,1.9727345861033023,-0.3221114069558979,-1.7262694790157076
US9120081099,3.45200911584749,US Foods Holding Corp,9.184411476525632,0.3758552330402938,,,30,301010,,,,,,,,0.0442777596903596,0.984762704835314,-1.9245288946669208,-1.5102655790505894,1.5759014046366675,2.1441878872452858,1.814141010609964
CA29259W7008,3.4518285046444803,enCore Energy Corp,20.148426823677326,0.1713200010527909,229.16147328,791.0261056342284,10,101020,small,2.858339933831075e-06,-0.0018050541516245,,-0.0017921146953405,-0.0018050541516245,0.0017921146953405,-0.0805552844967109,1.3607460182115785,-4.192959227829816,-1.8332252784964784,-2.056292168790974,4.778072050579624,1.7412334572191703
US18507C1036,3.45025294383732,Clearpoint Neuro Inc,34.555416763533955,0.09984694924815213,431.20638567,1487.7711015593682,35,351010,small,,,,,,,0.0697801227497694,-0.1442992567855331,7.232570303419314,5.232680798819974,1.3850957432115043,-5.248673213403349,2.3780500108328395
US0240611030,3.4442027637925303,Dauch Corp,14.946056864212732,0.23044223604149588,1525.4807439200001,5254.064994321549,25,251010,mid,1.902738041533363e-05,-0.0018050541516245,0.0018083182640144,,,,-0.0293385507977315,1.097845749495997,-4.687781608715395,-1.8305309858768408,-3.089401812399285,4.77862759348913,-0.8753214952554548
US8935291075,3.44415735844242,Transcat Inc,15.033514930647456,0.22909860896343878,853.34651618,2939.0596830025506,20,201070,small,1.0643824154563054e-05,,0.0018083182640144,,,,0.0477553927440146,1.1870669730116714,1.5235986342245835,-0.8033494255362944,2.079828012826569,2.491019456709403,1.8699737297584025
US0197701065,3.44002919750118,Allogene Therapeutics Inc,19.29548317555431,0.17828157845041145,490.8723416799999,1688.615187624975,35,352010,small,6.122669733942444e-06,,,0.0017921146953405,-0.0018050541516245,0.0017921146953405,0.0324741818965444,2.7046342421456893,-7.359801271513484,-7.452109771863098,-1.317363917323336,4.342110445978504,4.162926475534675
US0476491081,3.43712395113372,Atkore Inc,12.232162307283184,0.28099070833022,3128.51834666,10753.105340866352,20,201040,mid,3.9022130535246e-05,,-0.0018083182640144,,,,0.021782497062144,1.3489680495756282,-0.2008786929723065,0.0821695237065669,-0.9043433881911956,2.71000839988144,0.2216069644526427
US9633201069,3.4354060416245398,Whirlpool Corporation,14.417266793463542,0.2382841415671155,2675.6973243,9192.106753458836,25,252010,mid,3.337407638127246e-05,-0.0018050541516245,,-0.0017921146953405,,,-0.0763323138374423,2.029193712685228,-4.208657674413308,-1.9671244079414143,0.0807103753755451,4.971891164449677,0.5431547031077637
US9258151029,3.4326862635509903,Vicor Corporation,24.884227503879977,0.1379462658833095,7469.99931019,25642.164020824584,20,201040,large,9.317359078032308e-05,0.0018050541516245,0.0018083182640144,0.0017921146953405,,,0.1196413562434965,4.71316698378609,-1.5352030690175935,-5.219529361997775,-2.228302730015056,3.4080073193687825,4.216471657477846
US92243G1085,3.43239283582235,Vaxcyte Inc,13.43885291670564,0.25540817040683533,8433.007265920001,28945.393723981637,35,352010,large,0.0001051852263186,,-0.0018083182640144,0.0017921146953405,-0.0018050541516245,,0.0489212117345955,1.81817933223832,-1.4556522130923126,-4.101829015518482,-0.5447701324603207,1.2295606342697465,2.027690070882988
US3397501012,3.43024482443753,Floor & Decor Holdings Inc,14.242020757636014,0.2408538003708755,6152.05192032,21103.044259348648,25,255040,large,7.673478192980139e-05,,,-0.0017921146953405,,,-0.0298751770175691,1.7555876792265697,-2.9027738667390945,-1.618384076102235,0.8691331256304792,3.224649617361222,1.488841785433794
US0042251084,3.42785322634998,ACADIA Pharmaceuticals Inc,11.104051280962338,0.3087029354976919,4819.839390599999,16521.70200555693,35,352010,mid,6.011804343730571e-05,,0.0018083182640144,,0.0018050541516245,,0.0303169983878965,1.2968077725785354,0.7410458865834553,-0.7093419794940712,1.5118258660941433,1.978680773490809,0.0843879070417451
US4592001014,3.4258945646557395,International Business Machines Corporation,13.652292004848162,0.2509391509820582,220456.4707189,755260.6247790667,45,451020,large,0.0027497620996586,0.0018050541516245,,,0.0018050541516245,-0.0017921146953405,-0.0514422237633034,-1.3552953123725335,-1.1880826776794509,-0.0110435242988651,-4.955908163604356,-0.0653178228019171,-1.101096810765523
US77311W1018,3.42405010514356,Rocket Companies Inc,15.55333213323182,0.22014897359695734,37502.498504940006,128410.43394898603,40,402010,large,0.0004677701166815,,0.0018083182640144,-0.0017921146953405,,-0.0017921146953405,-0.0373228515512037,1.996205629197991,-2.2865311652761595,-0.9015010178293136,0.3890576909601368,1.396433820143661,1.5965896835934956
US2199481068,3.41914643664192,Corpay Inc,9.866310038172905,0.34654763770986213,,,40,402010,,,,,,,,0.0012815501979535,1.8320161673140447,-2.1528354456425345,-1.0296237020362151,0.0561611878097614,1.5844385534692524,-0.6970667218588094
BMG4690M1010,3.41639871733141,Ibex Ltd,15.234362307387373,0.2242561026446605,411.30371145000004,1405.1774722314285,20,202020,small,5.130207126631669e-06,,,,0.0018050541516245,0.0017921146953405,0.0077324265220153,-0.0711919438820343,2.378918957623194,3.633843052881475,0.1946907854024934,-1.9441883320207995,-2.2050280942997134
US22266T1097,3.41628252294491,Coupang Inc,12.02900953303898,0.2840036424912391,22283.788246099997,76127.71633015663,25,255030,large,0.0002779465540572,0.0018050541516245,,-0.0017921146953405,-0.0018050541516245,-0.0017921146953405,-0.0338926346688519,0.4117639084130723,3.388546688018619,2.3998365144150298,2.307185503042756,-2.786386960486832,0.8763980099078563
US09260D1072,3.4033683753494497,Blackstone Inc,9.088930483688124,0.3744520195701205,176949.2816841,602223.5893244675,40,402030,large,0.0022070952453792,0.0018050541516245,,-0.0017921146953405,,-0.0017921146953405,-0.0018240420255082,0.4867993003752136,1.668436370966135,3.7407705889541223,2.2472016069509264,0.6382503302373939,-1.30690835816825
US0464331083,3.40126174173312,Astronics Corp,14.299706042147337,0.23785536092197632,3916.5231099,13321.12021431649,20,201010,mid,4.885094447407911e-05,0.0018050541516245,,0.0017921146953405,0.0018050541516245,,0.0688160540592585,1.0633222154605635,-6.157170433217063,-3.767304836066968,-3.6926118052177896,7.062052174085787,2.325870405222358
US85916J4094,3.39913920939955,Stereotaxis Inc,13.201119566601326,0.2574887070941567,90.91025008,309.01659558324656,35,351010,small,1.1339270710689403e-06,0.0018050541516245,0.0018083182640144,-0.0017921146953405,-0.0018050541516245,0.0017921146953405,-0.0608345158742301,0.5573080955987773,1.4657131753685229,0.2800615169646723,-0.4229708753682031,1.2992951554320706,0.6454159924303975
US50155Q1004,3.39301093893414,Kyndryl Holdings Inc,17.803756864241482,0.19057836864470667,2845.42672266,9654.5639959209,45,451020,mid,3.549111774225524e-05,,,-0.0017921146953405,,,-0.0427597850142458,-0.2563954101652036,4.241464953547163,5.53292587666642,2.2282358189740017,-1.4760702729164574,-3.3389911806899626
US48251W1045,3.3909896169240796,KKR & Co Inc,10.131416201803324,0.3347004554329242,77945.6782766,264312.98572005535,40,402030,large,0.0009722194647236,,,-0.0017921146953405,,-0.0017921146953405,-0.0019620033482052,0.400113736021963,2.2668910749001103,4.089620235842414,2.3705576987974477,-0.1043232023134403,-1.743047294780288
US20848V1052,3.37844853628046,Consensus Cloud Solutions Inc,16.560462425276793,0.20400689603472788,701.7269373,2370.7483441897552,45,451030,small,8.752667273520354e-06,0.0018050541516245,,,0.0018050541516245,,0.0652240021922347,1.6707567032591004,3.5195106583702462,-1.2849909240831254,1.4716900322048057,-0.0373081817356275,1.3580967163381297
US19247G1076,3.3736196387397297,Coherent Corp.,19.33897458481126,0.17444666592557367,63023.11754598001,212616.0270477206,45,452030,large,0.0007860897866374,,,0.0017921146953405,,-0.0017921146953405,0.0866666906517711,1.6859907522929916,-1.6579746259851191,-1.7023232252374214,-1.1045203344678702,1.3269439910818082,3.001660991883797
CA25253X2077,3.37225147847234,DiaMedica Therapeutics Inc,15.898616625126385,0.21210974250066442,219.76661980000003,741.1083085394187,35,352010,small,2.741157562422751e-06,0.0018050541516245,0.0018083182640144,,-0.0018050541516245,0.0017921146953405,-0.0083361114668807,0.4592328175163888,-2.151554055718163,-2.252684423529336,-1.518786814103379,0.0195808957639029,0.5491215727447478
US2246332066,3.3649076808751697,Crawford & Co,11.131289028388824,0.3022927238968851,329.29126494,1108.0347066417066,40,403010,small,4.107262704188139e-06,,-0.0018083182640144,,,0.0017921146953405,0.0369179115091068,0.825236157201104,1.4058848841740967,0.9592577979950796,1.6003609196662871,2.080647601444193,0.7753916530826193
US86989Y1091,3.35643546272679,Swarmer Inc,54.31451925756659,0.061796284098734854,93.92810625,315.2636267642699,20,201010,small,,,,,,,,,,,,,
US70451X1046,3.3447048693476,Payoneer Global Inc,15.013379607247405,0.22278160926091625,2226.2324145000002,7446.090397077615,40,402010,mid,2.776788314927404e-05,,,,,,0.0111715244451782,-1.5696675006046097,-1.3225092759509895,3.600133440369418,0.3035884930943322,1.375588005466466,-0.1623591096726802
CA67000B1040,3.33903601266061,Novanta Inc,13.761291307474398,0.24263973038976538,6249.00537408,20865.65398736281,45,452030,large,7.794408611448189e-05,,0.0018083182640144,,,,0.0273821149772029,1.4673836396794289,0.02118031739086,-1.761559828790076,-1.2714102068532989,3.809092716581928,0.3108355202153302
US18914F1030,3.3367762945221,Clover Health Investments Corp,21.30297059969768,0.15663431909207318,2168.93027736,7237.235133966092,35,351020,mid,,,,,,,0.0325740011705843,0.0372429459128784,3.816369968906258,3.05339647880746,-2.1206408981761093,-1.7361848481655362,0.7878410165309111
US2067871036,3.3328418729131495,Conduent Inc,20.478986896677004,0.1627444702088241,218.31869367,727.6216839030749,20,202020,small,2.7230975237112708e-06,-0.0018050541516245,-0.0018083182640144,-0.0017921146953405,-0.0018050541516245,0.0017921146953405,-0.030491771997631,2.739932156295877,5.768460709089237,4.050617360920653,4.8341656962984505,-4.348211780354021,-0.9403628811442166
US29452E1010,3.3245655918097903,Equitable Holdings Inc,7.724822205305095,0.4303743831834231,14398.32689866,47868.182186914404,40,402010,large,0.0001795908891915,0.0018050541516245,,,-0.0018050541516245,-0.0017921146953405,0.009868536043797,1.1262453342572425,1.5535323940943566,2.262718896619832,2.024800577079433,1.233989517404087,-0.5621478124269637
CA03879J1003,3.3224665634430703,Arbutus Biopharma Corp,11.487375345517725,0.2892276489197742,721.3822780500001,2396.768498281517,35,352010,small,8.997829100133928e-06,,0.0018083182640144,,0.0018050541516245,,0.0363185265211694,0.0637260658117423,3.3165531260294463,-0.087961774745393,0.1828959494109208,-0.9573695414589534,0.036619715996472
US3741631036,3.32173390196218,Geron Corporation,14.461011965258567,0.22970272826980448,938.2916956,3116.755335204098,35,352010,small,1.1703348668205732e-05,,-0.0018083182640144,,-0.0018050541516245,,0.0607404039177467,1.940701803350046,1.676718344009452,-0.4875869867323494,3.987666938518512,3.452726667388072,1.5998557967781857
US5494982029,3.30998226669252,Lucid Group Inc,19.594907793187353,0.16892053290719314,2413.6693375199998,7989.202704850682,25,251020,mid,3.0105791151322325e-05,,-0.0018083182640144,-0.0017921146953405,-0.0018050541516245,,-0.0747710841678555,-1.131878225649746,0.5067869914390735,0.5304128005465993,-0.6460839471930879,-1.4127820482549145,-2.1641380891280506
US75960P1049,3.3097558141834003,Remitly Global Inc,16.311688723282114,0.20290699941197973,5200.5169348,17212.441161713534,40,402010,mid,6.486624919338457e-05,,0.0018083182640144,,0.0018050541516245,,0.0756637611294122,2.878676780201294,3.7784999656468266,1.9325363336274968,5.574860719203839,0.5336303036517073,2.1453891841793404
US7789203061,3.30262200085462,SharonAI Holdings Inc,424.4266381126544,0.007781373043739101,2314.57775553,7644.175418102084,45,451020,mid,2.8869818010398937e-05,,,,-0.0018050541516245,,1.4816988749852644,33.45685346921204,5.666076512566354,-86.67563567444886,23.613462609100843,-18.20864423459522,56.77033015741237
US74019P2074,3.28837660160431,Precision BioSciences Inc,19.490534757014085,0.16871659205866157,190.41719016000002,626.1634326653825,35,352010,small,2.375080989539682e-06,,,0.0017921146953405,-0.0018050541516245,0.0017921146953405,0.089750032689594,-2.308751898369992,7.538099858613098,1.6306711208201286,-0.6217671540336696,-5.096121890035184,-0.028140815916846
US9427491025,3.28706435002025,"Watts Water Technologies, Inc.",6.351971432278774,0.5174872691203231,12691.8974007,41719.08347995565,20,201060,large,0.0001583065279571,,,,,,0.0343853646502629,0.9463508316038328,-0.936017499595756,-1.091881940306997,0.6300459600589312,2.5249863325981066,1.2595674923022082
US1030021018,3.2856134520394598,Bowman Consulting Group Ltd,19.370474755440597,0.16961966567787026,589.81609918,1937.9077096952483,20,201030,small,7.356799054275411e-06,,,-0.0017921146953405,,,0.0398686064961572,1.0455894938292931,1.1315598733326553,0.1327913948988818,0.3897273904175435,7.44241464920487,0.2179016954099051
US76155X1000,3.28162978448271,Revolution Medicines Inc,22.429461556599488,0.14630889717087953,42541.077039820004,139604.0654778469,35,352010,large,0.0005306165019393,0.0018050541516245,0.0018083182640144,0.0017921146953405,-0.0018050541516245,-0.0017921146953405,0.0845203450678446,2.6353508144624427,-3.27229634269156,-2.4454583543277977,-1.7830241281020518,-0.7946846676561354,1.4593025427875488
US1200761047,3.27973571786233,Build-A-Bear Workshop Inc,13.53962881910283,0.2422323212609054,452.20046508,1483.0980169568334,25,255040,small,5.640313918980006e-06,,,-0.0017921146953405,0.0018050541516245,0.0017921146953405,-0.0238741075546902,1.1575905050198307,0.8584137547502293,2.8556672170866158,1.824754147090789,2.333185310762916,-1.5061577482493096
US20603L1026,3.2738823912104897,Concentra Group Holdings Parent Inc,7.736867603176361,0.42315347232598394,4068.3642775499998,13319.34616930073,35,351020,mid,5.074486524043426e-05,0.0018050541516245,,,0.0018050541516245,,0.0347512884208719,1.306391002845402,-2.4118890731192093,-1.6366264246628848,0.44258552872963,3.346427145567275,1.0857078182438065
US2935941078,3.2693482230102195,Enovix Corp,19.94897253374158,0.16388554435475122,821.1022613199999,2684.4692189562147,20,201040,small,1.0241640314566732e-05,,0.0018083182640144,-0.0017921146953405,-0.0018050541516245,,-0.070194719297079,-0.4898301832674612,4.609092040113267,3.3658019629908216,-1.866152387830268,-1.3195585156181986,-0.566791737605034
US23355L1061,3.26173369001233,DXC Technology Co,13.233595374132436,0.24647373580637089,1704.78384048,5560.550886682222,45,451020,mid,2.126383488484565e-05,-0.0018050541516245,-0.0018083182640144,-0.0017921146953405,,,0.0191249997991363,0.921894813167614,3.334907097031436,2.215263824118267,3.4427746214539448,-0.1240352895903469,-2.097277798578088
US2893951051,3.26062626647057,Elmet Group Co,19.697901775565676,0.1655316542655941,188.2897126,613.9423826097546,20,201060,small,,,,,,,,,,,,,
US35137L2043,3.24516251060629,Fox Corp,10.69102946260916,0.30354069474375045,15293.34729755,49629.397311691275,50,502010,large,0.0001907545132995,,-0.0018083182640144,,,-0.0017921146953405,0.0213588425075515,-0.0507519014723033,1.5956637639358473,2.089709199617042,0.0339303872933797,1.6811628071511184,-2.4961051564801178
US67577R1023,3.24447397290552,Opus Genetics Inc,21.50768189684063,0.15085186718249338,266.46675378,864.5444472838335,35,352010,small,3.323650142696912e-06,-0.0018050541516245,0.0018083182640144,0.0017921146953405,0.0018050541516245,0.0017921146953405,0.1266561399172144,2.122809856767077,1.814227416158668,-4.259020045693507,1.9223279679532448,-4.137256862077874,4.684620781364128
US45826J1051,3.2376378885012698,Intellia Therapeutics Inc,27.465757852493805,0.11787906621361632,1581.00350357,5118.716845011485,35,352010,mid,1.971991794737414e-05,,-0.0018083182640144,,-0.0018050541516245,,0.0142184482912738,-0.7344620820021008,-3.2438277562773603,1.8421603864577247,-0.7300044651051714,5.122686996014823,3.516181504772188
US55826T1025,3.2339352634639003,Sphere Entertainment Co,14.020100472444408,0.23066420029014692,5668.6656318,18332.09768346389,50,502020,large,7.070548602692987e-05,,-0.0018083182640144,0.0017921146953405,,,0.1011496895381546,1.3425131253021432,-0.4744877052839364,-1.7676712345742738,-0.2267862383429628,-0.3239793014970085,2.610239242804593
US30303M1027,3.2284285854270305,Meta Platforms Inc,11.323248443721898,0.28511505346480426,1500978.1724579998,4845800.83806543,50,502030,large,0.0187217588922697,,0.0018083182640144,,0.0018050541516245,-0.0017921146953405,-0.0397824846242587,2.451119534125991,-1.5109418471450908,1.3374703731174953,1.7025191086651852,1.765708964375872,0.4474789203062611
BMG0750C1082,3.22816491013496,Axalta Coating Systems Ltd,9.452105548550287,0.3415286566102807,7950.408782639999,25665.230653347247,15,151010,large,9.9165756741033e-05,,,,,,0.0140410251264545,1.749012665665988,-1.059454793144978,-1.0099571077075564,0.9293410207572952,2.280728337308733,0.4433389358389324
CA45245E1097,3.2188172009197498,Imax Corp,11.802578391079923,0.2727215269633326,2337.16479525,7522.906244334786,50,502020,mid,2.9151547031837985e-05,0.0018050541516245,,0.0017921146953405,,,0.0535961730842555,1.6748310284607435,0.0830087135054611,-2.554779248454748,0.4273315233412217,-0.392809617665081,0.0640184284857737
US87583X1090,3.21613734926331,Tango Therapeutics Inc,29.980902765580637,0.10727286547740562,3940.8746914200005,12674.394283842386,35,352010,mid,4.915468269374709e-05,,0.0018083182640144,0.0017921146953405,,,0.0929146119716844,-3.769596785712308,-4.898198050349714,4.848907681033031,-0.9941732628949906,-5.543844975006018,3.156184438226723
US0320371034,3.2156852515672303,Ampco-Pittsburgh Corp,23.24342262783017,0.13834818146433292,170.19719677999998,547.3006155435316,15,151040,small,,,,,,,0.1740474977572584,5.185035912307849,-0.7925329502805756,-0.4756124762023335,6.126652417217253,5.476235388205748,3.3744445856271623
US61218C1036,3.2153498093083397,Montauk Renewables Inc,18.35475021780983,0.17517807494805612,87.5151012,281.3916639550201,55,551050,small,1.0915792475622012e-06,-0.0018050541516245,,-0.0017921146953405,,0.0017921146953405,-0.0009394993881944,1.8376316356408855,2.8246077551842403,1.719324855453102,1.1816044460071362,1.6984911360643826,-1.8221997120688849
US83085C1071,3.21512882101729,Sky Harbour Group Corp,9.561399661544476,0.33626131474750454,512.6477865599999,1648.2286735997757,20,203050,small,6.39427570150136e-06,,0.0018083182640144,,,,0.0104212598288084,0.4833930636456999,1.4168202272687391,2.2032542409035427,2.459265137486822,-1.0854785324625331,-0.2597747479667563
US8308301055,3.2057496576238798,Champion Homes Inc,15.081802290651428,0.2125574646745627,5046.693405000001,16178.435655211444,25,252010,mid,6.294760234713668e-05,,,,,,0.02599977618917,2.3490513108382745,-1.9472588519914007,-2.2828893957787137,1.699670544505313,2.015687788399932,2.5494467291466227
US35138V1026,3.2024404237508604,Fox Factory Holding Corp,15.028790569522355,0.21308703511014726,879.3614512300001,2816.1026585071727,25,251010,small,1.0968309447248273e-05,,-0.0018083182640144,-0.0017921146953405,-0.0018050541516245,,0.0413972479255277,-0.548605294470749,3.491899794021741,4.266769597119923,3.081134550721596,4.497782266235673,-0.4148714835487364
US0235861004,3.20132345292349,U-Haul Holding Company,9.421681586958517,0.3397825986132623,5022.27551133,16077.928381464042,20,203040,mid,6.264303701345283e-05,,,,,,0.0035901324272296,0.8555412166430513,-1.664424532493055,0.7861171022636633,0.2014273721728888,1.5781341418527512,0.2245680760947851
US23834J2015,3.20023856787725,Dave Inc,21.343156387643102,0.14994214116006147,3508.6155615,11228.406839766592,40,402020,mid,4.3763097820735874e-05,0.0018050541516245,0.0018083182640144,0.0017921146953405,0.0018050541516245,,0.0660917290441039,2.9649770084216414,7.276004311823438,4.0666528871966126,6.141254793653374,-6.7606575091250525,1.6168540637965574
US52472M1018,3.1989480901056204,Legacy Housing Corp,9.51793024240835,0.33609703040817634,246.05153507,787.1060881797326,25,252010,small,3.069010328850938e-06,,,,,0.0017921146953405,0.0090072633287834,0.8090678006322033,-0.605093958551364,0.6602508100823113,0.9745672817327276,2.526545356819617,0.6274826290474755
US9418481035,3.19817933088606,Waters Corp,10.47032779405868,0.30545169108276116,40431.04952693,129305.74692305815,35,352030,large,0.0005042980470295,,0.0018083182640144,,,-0.0017921146953405,-0.0175202674958607,0.5981763413767198,-1.4510069145400066,-2.1630483068505955,-3.544809310193034,0.1572643129225539,-1.1652962367043396
US6687711084,3.1979899778285805,Gen Digital Inc.,10.143596679824231,0.31527179941898037,15439.44821725,49375.20066196884,45,451030,large,0.0001925768357308,0.0018050541516245,-0.0018083182640144,,0.0018050541516245,-0.0017921146953405,-0.0238646120804338,1.1199051964903022,0.5291189297232864,-0.1886161258187229,-1.0900666509417385,-0.0427451534113194,-1.8354823233057127
US15102K1007,3.19477193758893,Celcuity Inc,18.746431558925664,0.17042027052171516,3624.5003835499992,11579.452113145851,35,352010,mid,4.520853369549e-05,-0.0018050541516245,0.0018083182640144,0.0017921146953405,0.0018050541516245,,-0.0041395199330307,1.3759192911416376,-2.9277003016657988,-5.678168643820054,-5.184858964081615,-0.2585134413557622,0.0411436065096892
US75886F1075,3.1901059427755203,"Regeneron Pharmaceuticals, Inc.",9.454016831264745,0.33743391827119823,81315.46445352,259404.94639272575,35,352010,large,0.0010142509382522,,,,,-0.0017921146953405,0.0471268951429073,1.4880645631328446,0.6193503316373146,-1.7932507197859129,1.677307566043924,-0.4875900996034619,-0.3822642436319261
US3847471014,3.19000117788458,Grail Inc,24.217718530646273,0.1317217876592214,2587.7763135,8255.009488166816,35,352010,mid,3.2277434207544705e-05,,,0.0017921146953405,-0.0018050541516245,,-0.0132786248161489,-0.4867401478106923,-0.5086323471210594,-3.9356882664880737,-9.758362193352443,-4.827606946647943,-2.975996445821681
US00091G1040,3.1734400696350704,ACV Auctions Inc,21.388000320482494,0.14837479063416623,1368.46920018,4342.754993912668,20,202010,mid,1.706896934770992e-05,,-0.0018083182640144,-0.0017921146953405,-0.0018050541516245,,-0.0323082703730262,0.756452494077798,1.290736215784841,3.767566935942712,0.1743719644926327,1.866661916797483,-2.1402776938187253
US25787G1004,3.17238290847978,Donnelley Financial Solutions Inc,13.821551207988115,0.2295243754294607,1146.5004138,3637.1383173041154,40,402030,mid,1.4300344076223912e-05,,-0.0018083182640144,,,,-0.0035680871909004,1.7528351822841004,-2.138583021072355,0.0183705727916225,2.526485790492032,2.03178275357295,0.3954465073478163
US29261A1007,3.17232728836296,Encompass Health Corp,8.071682055757076,0.39301935661604975,12012.4857411,38107.53631756248,35,351020,large,0.0001498322000068,,,,,,0.0034725356245625,1.357693677888721,0.7382536364062704,-0.6956853266758367,1.0685464493342287,-0.4189858449467294,0.0733065218189756
US79466L3024,3.17023220702993,"Salesforce, Inc.",11.339509429848494,0.2795740174336878,156538.21497929998,496262.49075835187,45,451030,large,0.0019525072196549,,,-0.0017921146953405,0.0018050541516245,-0.0017921146953405,0.0145884560436124,0.5450039966425623,5.084778986207006,1.7316474659740586,1.6125193722559563,-0.4422823248899934,-2.6098993100569494
US53222Q1031,3.1688673813959602,Lifetime Brands Inc,20.2208664499246,0.15671273974552047,118.21307574000001,374.60155976697615,25,252010,small,1.4744762732249769e-06,-0.0018050541516245,,0.0017921146953405,,0.0017921146953405,0.0858739364998041,-1.2387030109395596,4.465219934783039,6.588205181572695,1.8063699166773008,-5.8887728861692175,-1.4984146512978258
US35671D8570,3.16731094493125,Freeport-McMoRan Inc,12.99326204217832,0.24376564827597758,94840.55157124999,300389.5170149368,15,151040,large,0.0011829498738273,,,,,-0.0017921146953405,0.0481930921280696,2.049050708692408,-1.091450874841447,-2.788853654120979,0.3887888142519429,4.1354174461571045,0.3941187095734783
US00773J2024,3.16688734765179,Spyre Therapeutics Inc,18.11227917807405,0.17484753390315938,7950.0749223,25176.991684315657,35,352010,large,9.91615924880786e-05,0.0018050541516245,0.0018083182640144,0.0017921146953405,-0.0018050541516245,,0.1718560715887845,2.456477172102375,3.203480741113937,-1.5858377065310754,2.1525784175062883,-4.358241628066594,1.6413487865390737
US00650F1093,3.16654788167654,Adaptive Biotechnologies Corp,18.89751228502577,0.16756427163091125,3825.3639076,12113.197978252672,35,352030,mid,4.771391221232581e-05,0.0018050541516245,0.0018083182640144,0.0017921146953405,-0.0018050541516245,,0.0333595382686247,1.5970877779602255,-2.496621128921614,-3.376205355246689,-1.8950342829121256,1.8182563160264624,0.7122162314719404
US21871X1090,3.1525533641433903,Corebridge Financial Inc,8.161903008729428,0.38625224543487335,13591.155336239999,42846.8424778588,40,402010,large,0.000169523007024,,,,,,0.0033100631410493,1.2788126338596264,0.8840402560993201,1.7978831155609205,1.5103891086472987,1.7993029478268237,-0.5939276716510182
IE00BDB6Q211,3.1524414444017603,Willis Towers Watson PLC,8.402608690665446,0.37517413465937594,30702.288662100003,96787.16721639033,40,403010,large,0.0003829508358748,,,,0.0018050541516245,-0.0017921146953405,0.0291105322044465,1.052076444103269,1.7351791704308934,1.4717873991320083,3.230887637487785,-0.6891706169095898,-0.959086715339267
US75574U1016,3.15085770043271,Ready Capital Corp,13.73575420054036,0.22939094966541818,301.8567056,951.1075252670095,40,402040,small,3.765070382738161e-06,-0.0018050541516245,-0.0018083182640144,-0.0017921146953405,-0.0018050541516245,0.0017921146953405,-0.0624983836905785,1.2313606015904353,-0.5735966619004915,2.8113553659962824,1.5845365852822215,4.075917979870006,1.2877161023848929
US68752L1008,3.14573168277089,OrthoPediatrics Corp,10.996293677389518,0.28607199617077483,435.7582967999999,1370.7786802740407,35,351010,small,5.43523011706156e-06,,,,,0.0017921146953405,0.0176948035721944,1.6808642761374035,-2.5550967204531925,-2.520770136331908,0.2468960873420063,4.209412895199943,1.2228320953619214
US9780971035,3.14564443067318,"Wolverine World Wide, Inc.",13.702723770092463,0.22956344179825453,1693.9079681999997,5328.432166241251,25,252030,mid,2.1128179708570943e-05,,-0.0018083182640144,-0.0017921146953405,0.0018050541516245,,0.0181908317454457,1.33963313512979,3.213593805300365,3.2989797309259474,4.449413806644275,2.35345495621077,-0.5659490783731623
US67066G1040,3.1432138704740598,NVIDIA Corp,8.93994963018986,0.3515918993390689,5213022.067636,16385643.270080836,45,453010,large,0.065022226199691,0.0018050541516245,0.0018083182640144,,0.0018050541516245,-0.0017921146953405,0.0303204037157323,1.1878174189618496,2.835885763285126,1.9272634896365644,1.454226597439046,0.5864907501279473,-0.5728084311335639
US7055731035,3.14224520530254,Pegasystems Inc.,14.780245731272617,0.2125976294598442,2698.0183032,8477.835077048694,45,451030,mid,3.3652486815796566e-05,0.0018050541516245,,-0.0017921146953405,0.0018050541516245,,0.0087200500679104,-0.102233045854083,6.64420939864514,1.7678197691931754,1.8809252951209632,-1.633833867258046,-1.4727174537268186
US04335A1051,3.1397341749667897,Arvinas Inc,12.88348678238837,0.24370220795031844,538.94110645,1692.1318102154796,35,352020,small,6.722233299080401e-06,-0.0018050541516245,-0.0018083182640144,,,,-0.012758593687209,2.267091853227894,-3.538384861025773,-4.759819637980947,-1.8410516121903957,2.56607843049525,0.4820180454397346
US8545021011,3.1378973574710702,Stanley Black & Decker Inc,10.514173847037698,0.2984445000740741,15362.894238090003,48207.18523281015,20,201060,large,0.0001916219749831,,-0.0018083182640144,,,-0.0017921146953405,0.0278985207334234,1.9046154758238023,-1.3486625965799115,-0.9946999047895952,1.4395191375149092,2.2608019888432445,1.1963734150960412
US5341871094,3.13422637982963,Lincoln National Corp,8.437176566649384,0.3714781070504858,8662.5734624,27150.466263066173,40,403010,large,0.0001080486143806,-0.0018050541516245,,,0.0018050541516245,,0.0350492391945842,0.4100042690831175,3.4823677888783555,3.023764302540683,2.77996751748594,-1.0090737374586018,-2.023845462058077
US3746891072,3.13043716046583,"Gibraltar Industries, Inc.",12.941519085122435,0.24189101293870358,1410.94449492,4416.873078252259,20,201020,mid,1.7598765344475238e-05,,0.0018083182640144,-0.0017921146953405,-0.0018050541516245,,0.0105640429524751,-0.1845125989273309,1.709198916076665,1.360940739900262,1.012609548154733,3.1843345879540936,0.0240345496561403
US04965B1008,3.13019597961074,Atomera Inc,40.722697397076686,0.07686612576492646,207.72893622,650.2322810046599,45,453010,small,,,,,,,0.0104253743640797,8.363603301723499,-3.459108631295045,0.4137016888627718,4.8685506563449295,-1.210512475219807,7.884008684487572
US85220G1094,3.1290443070977196,SpyGlass Pharma Inc,17.375782256463896,0.18008077339560907,838.85630918,2624.8185587126836,35,352020,small,,,,,,,,,,,,,
US89422G1076,3.11716412472119,Travere Therapeutics Inc,18.952766703318204,0.1644701363930916,5756.48077212,17943.8953474998,35,352010,large,7.180080767405921e-05,0.0018050541516245,0.0018083182640144,0.0017921146953405,-0.0018050541516245,,0.1114813208802648,1.0783766163736364,7.268163666809459,3.5293412766432004,1.167286787491419,-5.775226238898402,0.3059725943034571
US95058W1009,3.1132746848429997,Wendy's Co,11.641478848757288,0.26742948428543833,1493.0970999900003,4648.421403411365,25,253010,mid,1.862345797006733e-05,0.0018050541516245,,-0.0017921146953405,0.0018050541516245,,-0.0142040495446881,0.7919194959360554,-0.2704538665833794,-0.2193037213269792,0.1205366641234089,2.681442221701567,0.109213259916743
US1295001044,3.11272095774408,Caleres Inc,18.948082970165306,0.16427629975260363,429.96864597999996,1338.3724155147906,25,255040,small,5.363015578095301e-06,-0.0018050541516245,,-0.0017921146953405,,0.0017921146953405,-0.0221728502281328,1.918554740591576,0.1767655986987898,2.508621183255002,2.206645843821403,0.1573686729139762,0.3137911889863553
US09290D1019,3.11254662204061,BlackRock Inc,6.893118677275512,0.4515440351116711,,,40,402030,,,,,,,,0.0022679664227582,1.478514434090235,0.2249592568017168,0.830156139056085,1.377607937968183,1.2665282987339856,-0.6449738963380036
US97785W1062,3.1054887798188697,Wolfspeed Inc,33.51270276388168,0.09266601985817184,1644.85592859,5108.081630654793,45,453010,mid,,,,,,,,,,,,,
US9119221029,3.10303030923368,United States Lime & Minerals Inc,10.918088963563614,0.28421002243059806,1257.9354229,3903.4117443173873,15,151020,mid,1.5690277261668998e-05,,,,,,0.0083827115000993,-0.1598559554057426,1.2513314449048467,2.513104055149934,1.879445028309568,-0.4933056304131752,-0.4125146810474034
US6177001095,3.10093424071172,Morningstar Inc,11.46294314425801,0.27051815591225653,4309.66418724,13363.98524418156,40,402030,mid,5.3754608361844686e-05,0.0018050541516245,,-0.0017921146953405,0.0018050541516245,,-0.0167532276444244,2.0549372192324937,0.7835443488436573,0.9015448110223508,1.8639277382057104,0.6458859045155492,-1.763710207119308
US29357K1034,3.10078402693726,Enova International Inc,11.86276837560071,0.26138789267056234,6302.441249520001,19542.509157222124,40,402020,large,7.861059385892617e-05,,0.0018083182640144,0.0017921146953405,0.0018050541516245,,0.1028112903411013,0.827155884106472,2.286470889545127,4.473683284806343,4.3049637469917945,0.434343961099584,0.2307039218656946
US30050B1017,3.0983075950880403,Evolent Health Inc,24.038938424764577,0.1288870390339786,514.74433872,1594.8362941847467,35,351030,small,6.420426077812504e-06,,-0.0018083182640144,-0.0017921146953405,-0.0018050541516245,,0.015586080167841,1.5048612900632632,3.944474907653772,4.420287966263169,2.990870193764994,5.847555188199447,3.12783784786596
US7802871084,3.09575800460174,"Royal Gold, Inc.",12.52333071654734,0.24719925351098887,19473.1823256,60284.26005954532,15,151040,large,0.0002428897575292,,0.0018083182640144,,,-0.0017921146953405,0.0220579379393058,2.1006572070855007,-3.142547100363993,-1.932113462422064,0.949351229738046,4.146981116421306,1.3788979152543033
US25382K1007,3.09489510680487,Digimarc Corporation,27.121149571260194,0.11411371404715366,137.05630616000002,424.17489129133423,45,451030,small,1.7095086162316805e-06,,-0.0018083182640144,-0.0017921146953405,-0.0018050541516245,0.0017921146953405,-0.1145410047157356,0.6711217909543348,-0.0502904774201519,3.5873849918327383,-7.612599342599401,-4.332357720782178,-2.7849595527502
US8585861003,3.08700262447665,Stepan Co,10.983190690900562,0.28106610468251214,1397.97786128,4315.561326731614,15,151010,mid,1.7437032020762123e-05,,,,,,0.0120313537135322,0.5745966641087834,-3.2517993576253783,0.1902869555587329,0.1444105226244368,2.863236971147721,-0.4406876024452547
AU0000185993,3.08309208252679,IREN Ltd,26.901579156311126,0.11460636063825624,15729.999456960002,48497.03678390409,45,451030,large,0.0001962008925995,0.0018050541516245,,0.0017921146953405,,-0.0017921146953405,-0.0247550720017962,1.001508955050646,-1.6372355864795136,-0.6324928553310564,-6.3555710852352,0.6372567829413285,0.3863504676242184
US11133T1034,3.07968701688609,Broadridge Financial Solutions Inc,7.782526343370054,0.3957181615594119,19362.358411129997,59630.00381505224,20,202020,large,0.0002415074465508,0.0018050541516245,,-0.0017921146953405,0.0018050541516245,-0.0017921146953405,-0.0239942170122652,1.2725505131489498,0.820433568061262,-0.2711704496056216,0.9133856760677674,1.1420162302766776,-1.225277708103854
US85914M1071,3.06897980132068,StepStone Group Inc,12.081760291421384,0.2540176039992947,4976.590716799999,15273.056389299203,40,402030,mid,6.207320880147229e-05,0.0018050541516245,0.0018083182640144,-0.0017921146953405,-0.0018050541516245,,-0.0244287305465668,-0.2062863507594339,-0.3416064134274569,3.8807526363246208,-0.0741171035910904,1.4697561716256562,-2.401193606260549
US7631651079,3.0572287914265,Richardson Electronics Ltd,13.084180436979455,0.2336584095696158,290.79367169999995,889.0227854858653,45,452030,small,3.627080732326636e-06,,,0.0017921146953405,,0.0017921146953405,0.0356414641984518,1.8470298639332137,-0.9722765685671284,-0.0987639497953583,-0.0849228513862836,1.473108061803662,0.5507240847381489
US14280C1053,3.0524516766170398,Carlsmed Inc,19.978858940293332,0.15278408470369947,226.38484861999999,691.0288107308137,35,351010,small,2.823706986881738e-06,,0.0018083182640144,,-0.0018050541516245,0.0017921146953405,-0.0283885994971728,3.163616222315661,-3.6727881973591927,-5.136175170427411,-1.3023162904908905,0.9306355407454472,0.9569166398218748
US6811161099,3.0513495730963,Ollie's Bargain Outlet Holdings Inc,10.272220575250822,0.2970486810269642,4611.12722807,14070.161098864117,25,255030,mid,5.751476854865624e-05,,,-0.0017921146953405,,,-0.0548522858740797,1.3707596874170356,-1.2664940236741802,-0.9714834259385908,0.2167221569942928,0.9555575308248856,0.1078944980700173
US90291W1080,3.0507006243246,US GoldMining Inc,23.392600457079478,0.13041306074209222,16.18482884,49.37506744677479,15,151040,small,2.0187399711411425e-07,0.0018050541516245,0.0018083182640144,,-0.0018050541516245,0.0017921146953405,-0.0080369501301416,1.1359697204555053,-2.2874494476188008,2.330312114797943,0.9198924641384164,3.5426028052024225,1.233905905325135
US59516C1062,3.04425049732262,Microvast Holdings Inc,26.41356633482086,0.11525329290007313,185.76514263,565.5156278365849,20,201060,small,,,,,,,-0.0904917128960982,2.3242765622248798,4.96789137805286,0.1831653667692081,-0.657993604418633,-2.242128975240991,1.083639349561245
US3030751057,3.03606094357154,FactSet Research Systems Inc.,12.927833286810616,0.23484685145723724,10056.78994891,30533.027181588473,40,402030,large,0.0001254387306281,,-0.0018083182640144,-0.0017921146953405,0.0018050541516245,,-0.0183849692792984,1.256513413201758,1.0203361999022351,1.5913316218520812,1.3860063125590658,0.6778666762650409,-1.633353236334348
US88339P1012,3.0338282328556,RealReal Inc,19.72877282648454,0.15377683445079215,1179.1339791,3577.2899561129448,25,255040,mid,1.470738380042006e-05,-0.0018050541516245,,,0.0018050541516245,,0.0336289392273124,2.802380333479892,2.686427698745232,2.542073379315431,3.3669412206981724,-3.5976694008950454,1.299093148036083
US6512291062,3.03273548700757,Newell Brands Inc,19.283786639917512,0.15726867049699647,2645.84940102,8024.161371751077,25,252010,mid,3.300178207790626e-05,-0.0018050541516245,-0.0018083182640144,,,,0.0684177297098919,2.234348533790149,-2.691047485860813,1.7790803623573996,6.016959278201456,4.998394108145658,4.119753657483598
US6515871076,3.0305340263939597,NewMarket Corporation,10.200253290330979,0.29710380126213753,6740.715938,20427.969012365076,15,151010,large,8.40772110268962e-05,,,,0.0018050541516245,,0.0024445594958479,0.2968536627627265,0.4021486604324189,1.3329078434276118,0.109462656016141,0.0313209764304021,-0.6096014599601124
US80706P1030,3.0295614068184,Scholar Rock Holding Corp,18.65205824480146,0.1624250453787197,6314.91597568,19131.42572722109,35,352010,large,7.876619160158495e-05,0.0018050541516245,0.0018083182640144,0.0017921146953405,-0.0018050541516245,,-0.0081801844891116,0.332693286002729,-5.08527091106272,-0.4947179599153997,-1.7518555790498576,-0.3915390538975403,1.2166964225633516
IE00B4BNMY34,3.02187019763225,Accenture PLC,12.212367112730172,0.24744344562670836,108205.712633,326983.6182192222,45,451020,large,0.0013496540455107,,,-0.0017921146953405,0.0018050541516245,-0.0017921146953405,-0.0203451575342457,0.7510792078383391,0.8945356976428018,0.0314602312653489,-0.3708257155141923,1.393854250085394,-3.599550658359787
US90400D1081,3.01805143102587,Ultragenyx Pharmaceutical Inc,16.37681781586758,0.1842880262184797,2493.63745488,7525.926089160292,35,352010,mid,3.110323657708154e-05,-0.0018050541516245,-0.0018083182640144,,0.0018050541516245,,0.0096623453424591,1.1388935174751589,4.416697024320595,1.105292219882696,1.7529820650783343,-2.1928956037894176,1.4124353002432029
US52886X1072,3.00985990875076,Lexeo Therapeutics Inc,21.20515827898598,0.14193998786292908,378.1273562,1138.1103698282982,35,352010,small,4.716397162361739e-06,,0.0018083182640144,,-0.0018050541516245,0.0017921146953405,0.0297688401697808,0.9856979245803388,6.4926382770948345,-1.0492307544460124,-0.5646355295392591,-2.515044112292837,-0.3117595833102234
US8522341036,3.0089691735108297,Block Inc,13.356485002630942,0.22528151477863578,48774.55682504,146761.13793819761,40,402010,large,0.0006083669367825,,,,,-0.0017921146953405,0.0080206973915913,2.022670953955445,2.614102054533288,1.247494849015668,2.488444253370202,-0.9660122063251192,0.4957183353956526
US2342641097,3.00683841467273,Daktronics Inc,14.215419151124488,0.21151950446954487,881.2054368,2649.642358588703,45,452030,small,1.0991309550698032e-05,,,,,,-0.016596630091699,1.9891268343763249,-4.604808110524349,-2.9682515773721474,-1.0808586153870892,3.2072614055169386,1.3454188916437175
IE00B8KQN827,2.99989861584388,Eaton Corporation PLC,7.600952569376784,0.39467403440064447,174996.0261632,524970.336665163,20,201040,large,0.0021827322135988,0.0018050541516245,0.0018083182640144,,,-0.0017921146953405,0.0211700788088109,1.3364390839187927,0.1375019095873648,0.0487724577935028,1.271759970743282,0.8720687358489314,1.000806312470626
US70450Y1038,2.99973906563171,PayPal Holdings Inc,11.836083183273619,0.2534401811125193,52675.49838501,158012.75030713456,40,402010,large,0.0006570235319807,,,-0.0017921146953405,0.0018050541516245,-0.0017921146953405,0.0220619356676988,1.4597325154449166,3.974496984499777,2.566915777099895,3.602782480550593,-1.0130337448744489,-1.6144805834851437
CA31447P1009,2.9966289481465,Fennec Pharmaceuticals Inc,18.64348839813037,0.16073327502630955,340.44890936999997,1020.1990571830461,35,352010,small,4.24643243540552e-06,0.0018050541516245,0.0018083182640144,,,0.0017921146953405,-0.0053882046070214,1.8870709876488845,-1.7346831526326276,-2.1944964346951457,-2.259654703193119,2.798288510259781,0.962157498281007
US82835W1080,2.98828779991777,ARS Pharmaceuticals Inc,18.30093093171508,0.16328610883608866,394.77239296000005,1179.6935256267118,35,352010,small,4.924011350690256e-06,0.0018050541516245,-0.0018083182640144,-0.0017921146953405,-0.0018050541516245,0.0017921146953405,-0.0568721722631016,-0.096719318286119,-0.6108719721226903,0.4468208877779298,-1.107487406917868,2.997246686018411,0.829380178322803
US4131971040,2.97595944107066,Harmony Biosciences Holdings Inc,12.366821160073181,0.24064061431394143,1684.6486541699999,5013.446067264193,35,352020,mid,2.1012687925973207e-05,,0.0018083182640144,,,,-0.0055876903605637,0.9152684814222518,-1.556726478641458,0.5089130088764442,0.1397035107234464,1.6904652548962782,-0.4784118678359038
US25659T1079,2.9715459478336403,Dolby Laboratories Inc,8.310673802075845,0.35755776470151024,5760.274843249999,17116.92136886759,45,451030,large,7.184813127024425e-05,,,-0.0017921146953405,,,-0.0047229337920258,1.8014498322239385,0.1378885959521071,0.116545913982339,2.298788166488891,0.6106156239154708,0.3146890746313217
US46489V3024,2.96953579925226,Perspective Therapeutics Inc,25.798289899651987,0.11510591635348351,290.79604501,863.5292659381665,35,352010,small,3.627110334714208e-06,,0.0018083182640144,-0.0017921146953405,-0.0018050541516245,0.0017921146953405,0.0387260751224404,3.3104215897671434,-2.8686096174180573,-2.4244530181075503,3.316680879935157,6.528784612207176,2.7531977711373017
US56400P7069,2.95456887369612,MannKind Corp,20.827978905503155,0.14185576464721047,1217.55243427,3597.3425243870834,35,352010,mid,1.518657868006868e-05,-0.0018050541516245,0.0018083182640144,,0.0018050541516245,,-0.0606027185245271,0.5060025446018552,-0.5557022908810796,2.085921850992563,-3.2377525038232458,0.3139502673756248,-1.6968203949391265
PR30040P1032,2.95375975735148,Evertec Inc,10.798238548219492,0.2735408876328743,1871.6572941,5528.425994865944,40,402010,mid,2.3345253936448435e-05,,0.0018083182640144,-0.0017921146953405,,,0.0149624396146516,0.7789571361036136,0.1586867017957619,2.1433503221318677,3.3214143268278526,1.1024399428478957,0.2517935357155493
US9100471096,2.9487267530709,United Airlines Holdings Inc,12.342605289476976,0.23890634788304518,40450.17383577,119276.50975590355,20,203020,large,0.0005045365852746,,,,0.0018050541516245,-0.0017921146953405,0.0079951649518226,0.6716759982625939,-0.2122503724526474,-0.6526461215267498,-0.4912482404081133,0.8296369387978697,0.5445242488948827
US6936561009,2.94834338006199,PVH Corp.,13.29507106209379,0.22176213773449863,3773.0984178000003,11124.389742443,25,252030,mid,4.706200273330948e-05,-0.0018050541516245,,,,,-0.0416919067491952,2.9966977869897478,-0.0157195819524664,0.924075873806721,2.0455114358472297,-4.723775705463711,0.4580706260195871
US0905722072,2.93754489361223,"Bio-Rad Laboratories, Inc.",11.015791370181834,0.2666667146187738,7948.890579920001,23350.222932926357,35,352030,large,9.9146820139692e-05,,,,,,0.0040757894200099,0.8663298760006806,0.4306471640661846,-1.237600013597676,-0.9344348895927952,0.3014738461512328,-0.8331768715352732
US57638P1049,2.93741337540114,Masterbrand Inc,13.967558125455533,0.21030257035750408,1834.2082656399998,5387.827892762262,20,201020,mid,2.287815075370879e-05,-0.0018050541516245,0.0018083182640144,-0.0017921146953405,,,-0.0221797740865143,0.5650675872851642,-0.4131469929693041,1.8340989569170976,0.9036281953099328,3.3261528667477918,1.18009789811924
US8085131055,2.93388380821819,The Charles Schwab Corporation,5.781565867050008,0.5074548791251906,185382.3091904,543890.1552638127,40,402030,large,0.0023122807241568,,,,,-0.0017921146953405,0.0352316485358245,0.0668942386083289,1.053897201858454,0.9783174415542736,1.192855530477398,1.421752329505548,-1.2707620675219853
US03076C1062,2.9338279784109598,Ameriprise Financial Inc,6.626479564614713,0.44274308096829434,50211.428450399995,147311.69362376357,40,402030,large,0.0006262890922293,0.0018050541516245,,,0.0018050541516245,-0.0017921146953405,0.0240594455684399,0.9457751112581788,0.2435467519978726,1.6512543052614594,2.1841189941931445,1.5859537740869358,-1.1284656416034704
US74587V1070,2.92432707354775,Puma Biotechnology Inc,13.963594798914801,0.20942508828564818,384.8150754,1125.325143301539,35,352010,small,4.799813343022492e-06,,,,,0.0017921146953405,0.075077007794812,0.0323278379471375,2.2137037009206635,3.8995421670302575,2.649295754398797,1.39423737729829,0.0233393870872158
US9011091082,2.9161847731519996,Tutor Perini Corporation,11.658727441835214,0.25012890881107686,4247.17935066,12385.55975124029,20,201030,mid,5.297523257454864e-05,,,,,,0.0573179362110716,0.5393214397040048,-0.3113632371390307,1.1230537598233057,1.7149747722743514,2.088716484528223,0.7003184655312087
US8669661048,2.9095482621177102,Sunbelt Rentals Holdings Inc,12.122129175337035,0.24001957247224395,34633.39831364,100767.5438746817,20,201070,large,,,,,,,,,,,,,
US04649U1025,2.89789698051179,Asure Software Inc,11.352414194829455,0.2552670234523032,227.51273944000002,659.3084806511416,20,202020,small,2.837775212773568e-06,,-0.0018083182640144,,,0.0017921146953405,0.0089417987093089,1.4283357248125002,1.5495615263195408,0.7757133216784712,1.1407475678827526,1.7884801476691898,-0.5981111753896501
US14316J1088,2.89437571668451,Carlyle Group Inc,9.243091513890949,0.31313935519676583,12751.287212160001,36907.01606334563,40,402030,large,0.0001590472993762,,,-0.0017921146953405,,,-0.0096810945633737,1.1050363456122043,0.5624009483683181,1.9888006156596496,2.178436003138242,1.541222645681968,-1.0764277763229466
US2528281080,2.8927293003006502,Dianthus Therapeutics Inc,17.80176150916534,0.1624968011627002,5975.13867225,17284.4587105771,35,352010,large,7.452813613308677e-05,,0.0018083182640144,0.0017921146953405,-0.0018050541516245,,0.1042036213972942,-2.7214875401752114,-3.039886263791804,2.247108929347042,-2.723966654632924,-3.715752376337424,-0.1568219083475484
US0162551016,2.87956539424226,"Align Technology, Inc.",9.763304181466905,0.29493758882452586,12030.315143219997,34642.07916824493,35,351010,large,0.0001500545868302,,,,,,0.0306069338203473,1.969934355967836,-0.4579335140253919,-1.870095407760248,1.5150340203513015,1.8674486424159564,1.5251043432821163
US5312297550,2.8751983089024,Formula One Group,7.40333809671682,0.38836512277853047,24247.11479388,69715.26345112613,50,502020,large,0.000302435202146,,0.0018083182640144,,,-0.0017921146953405,0.0113515019574724,1.1134030001132946,1.9256694261021796,0.6756874995156436,1.6440441092949372,-0.4950269057218299,-0.0494438878937852
US0235865062,2.8742064540549,U-Haul Holding Co,8.594142711374364,0.3344378317398526,7346.0877844199995,21114.172922033824,20,203040,large,9.16280375191186e-05,,,,,,0.0066613848214722,0.9181688069195568,-1.1155334774847003,0.7623031357834971,0.6101692385532935,1.3285184103021772,0.176196658301014
US34964C1062,2.8670128669536,Fortune Brands Innovations Inc,13.77818834019839,0.2080834429145507,5682.74171227,16292.493608652021,20,201020,large,7.088105752393303e-05,,-0.0018083182640144,,,,-0.0121154640638417,2.4481765385276804,-1.6812263244062524,-1.5422158280502685,1.8737287418845463,2.3383011323423046,1.0898380696852232
US6668071029,2.86555280578478,Northrop Grumman Corp,7.664366560501955,0.37387992643153395,83037.67830096,237948.85204116988,20,201010,large,0.0010357321782891,,,,0.0018050541516245,-0.0017921146953405,0.0037625583034904,0.3227545954396822,-2.947206206182128,-2.6069688253403864,-1.1522365134689236,4.01080010454606,-0.3027549533407863
US53635B1070,2.85082363056974,Liquidity Services Inc,10.667403096149105,0.26724626461325696,1008.50728734,2875.0764063506585,20,202010,mid,1.2579150464098344e-05,,,0.0017921146953405,,,0.0127321004141105,1.2564301566871925,-2.8575356924844826,0.1145176165457826,0.1969618085436975,0.8749384261658423,0.7000205085757781
US5312297717,2.84685853121268,Formula One Group,7.010666072228059,0.4060753289177729,24364.263705870002,69361.61198777148,50,502020,large,0.0003038964050636,,0.0018083182640144,,,-0.0017921146953405,0.010553914565601,1.118100262712102,1.7633965288073097,0.4769077212581155,1.4472181900855725,-0.4641441492935458,-0.0064178544593366
US88160R1014,2.84668007450042,Tesla Inc,11.636885327464997,0.24462560164460664,1177438.195488,3351789.8500514203,25,251020,large,0.0146862322257337,0.0018050541516245,,,,-0.0017921146953405,-0.0132843856999461,-0.3997585488025804,2.0755477695839417,1.195791572153845,-1.9184593230379547,-0.6462071054488396,-0.4836082665297213
US5904794089,2.84208694627258,Republic Airways Holdings Inc,18.17527412073173,0.15637106364358694,834.2268422400001,2370.945218560499,20,203020,small,1.0405343720822097e-05,,,,,,0.0058127477541146,2.460827819388665,1.6952179458897985,-2.4198050898276744,0.9048352208137064,-1.6763852711484593,0.5272949979706327
US00776X1090,2.82500902311948,Aeluma Inc,29.09213399677125,0.09710559642799012,215.53152523999998,608.878503569704,45,453010,small,2.688333063910263e-06,0.0018050541516245,0.0018083182640144,-0.0017921146953405,-0.0018050541516245,0.0017921146953405,0.0071044166721587,3.1291359424174057,3.8176100860854216,4.709847214862258,4.521109620180999,1.6526066832790298,1.0062453638763502
US6294452064,2.82479711570558,NVE Corp,15.160880115018413,0.18632144666240896,578.8677747,1635.1840203474676,45,453010,small,7.220240178903338e-06,0.0018050541516245,,,0.0018050541516245,,0.0317203936138484,1.73637199171811,-0.0888687853567696,0.1454307552294902,0.2998549990692414,-0.2373171270012372,-0.5144953050957731
US62878D1000,2.82278199101274,N-Able Inc,19.80000633876028,0.14256470138026633,244.86166152,691.1910884281132,45,451030,small,3.0541689899666365e-06,-0.0018050541516245,,-0.0017921146953405,,0.0017921146953405,-0.0256815983706645,0.4476098538954868,5.5136054335705,5.6081398466805314,5.169422111764916,-5.663676898344001,-2.2938071855491806
US5653941030,2.82075716221238,Maplebear Inc,10.097986838864882,0.27933856591651707,9867.57941728,27834.04531499202,30,301010,large,0.0001230787003372,,-0.0018083182640144,,,,0.0288795509406569,0.7731084238058891,1.8928922555482268,2.580410298152552,3.0436064655940607,-0.8452679088477597,0.8858020536340769
US45676K1034,2.80840474558282,Infleqtion Inc,29.814184202931322,0.09419693413267026,,,45,452020,,,,,,,,0.0443793444460598,0.4822264548097311,8.109162271266468,3.020362571612166,-1.1114978134091311,-0.931915669762538,-0.8721423662490928
US2854091087,2.8057421103934397,Electromed Inc,14.18544229357332,0.19779024526183256,282.1912769,791.7559487840255,35,351010,small,,,,,,,-0.0053877764016889,-0.965967089713752,-2.331220187521244,0.7145972069656781,-3.835529276728292,0.0355112525533526,-1.405269145205652
US4612021034,2.7990023573339897,Intuit Inc.,14.016514661353789,0.19969317800889363,92129.02164025,257869.34874993388,45,451030,large,0.0011491288559545,,,-0.0017921146953405,0.0018050541516245,-0.0017921146953405,-0.0049754204076524,-0.2173499414015014,5.451839945814864,3.632009564881437,2.77335919925278,-1.626559955517641,-2.762635988161656
US83570H1086,2.7890652670314298,Sonos Inc,10.951913366943867,0.2546646575428234,1882.74098584,5251.087490422857,25,252010,mid,2.3483501252898555e-05,,,,,,0.0015897796137134,2.1849008127429155,2.378736921376104,-1.141526885259765,0.2782766738119667,-2.0649401952386266,-0.5885639400888375
US6304021057,2.7873572226641796,NAPCO Security Technologies Inc,12.360448935190705,0.22550614765524085,1308.1162654599998,3646.1873206144237,45,452030,mid,1.6316184854902538e-05,0.0018050541516245,,,0.0018050541516245,,0.0386961034005668,2.465903606816285,4.057032756131586,0.4160171209162021,4.415705575067572,-1.5018680118997176,1.7596730136456995
US49845K1016,2.78691203843308,Klaviyo Inc,19.915362213380295,0.13993780321809415,5216.2861828,14537.330758757456,45,451030,mid,6.506293963458194e-05,,,-0.0017921146953405,,,0.0064082105937608,-0.2165235813727181,5.22769665917932,5.645459037976642,4.458464982799101,-2.9645774014020434,-2.523522181238224
US6979471090,2.78063744700099,Palvella Therapeutics Inc,21.731449851164214,0.1279545297734483,1527.37033764,4247.063156280329,35,352010,mid,1.905094939100517e-05,0.0018050541516245,0.0018083182640144,0.0017921146953405,-0.0018050541516245,,0.1429173624534769,3.110148863843309,2.7092522724713786,-6.99941108908014,2.024677866255037,-3.1742577630962665,3.968515425274002
US88162G1031,2.77422487947022,Tetra Tech Inc (Delaware),9.84639218305384,0.28175039424539755,9298.0270143,25794.817873057265,20,202010,large,0.0001159746511506,,,,0.0018050541516245,,0.0047513141002867,1.8160069115347897,-2.468713397910299,-1.3331150404976555,1.2478142924540103,3.448487744466455,0.2108105751611797
US46333X1081,2.7718139210082398,Ironwood Pharmaceuticals Inc,27.63977279147877,0.10028352772359904,754.2294494,2090.5836874813,35,352010,small,9.407533140866724e-06,-0.0018050541516245,-0.0018083182640144,0.0017921146953405,-0.0018050541516245,,-0.0014242570171242,2.32378997728331,-13.969763152295249,-6.854440104666093,-6.458394809972757,2.930426660650326,1.3540014990882718
US7493604000,2.76845430818655,R C M Technologies Inc,16.612871345488855,0.16664514222812604,161.4711324,447.0254521405408,20,202020,small,2.0140356897422925e-06,,,,0.0018050541516245,0.0017921146953405,0.084797343400706,2.563905962365772,4.085654934490121,8.071142921509686,8.593158305921271,0.9152502381668244,2.5775050691882315
US9222801022,2.76843453996712,Varonis Systems Inc,20.331929465343674,0.1361619193439556,5023.67901335,13907.726498266082,45,451030,mid,6.266054294851931e-05,0.0018050541516245,,,-0.0018050541516245,,-0.0321405314874972,-0.3104099557698289,-0.1359690414543718,4.674393326481828,-0.0576542589723154,0.787275621175201,-0.9926539383857552
US73642K1060,2.76705061830406,Portillos Inc,16.191331239823743,0.17089704220850602,343.62139812,950.8178021304516,25,253010,small,4.286003010485019e-06,-0.0018050541516245,,-0.0017921146953405,,0.0017921146953405,-0.0049974775872096,1.48629698165116,-2.635891263314785,1.655181337163337,3.426779023241648,3.8544354421491103,2.2441232293502003
US2197981051,2.7663667964252,QuidelOrtho Corp,22.864252124154596,0.12099091548691913,972.4711584000001,2690.2119230789117,35,351010,small,1.2129670431806735e-05,-0.0018050541516245,-0.0018083182640144,-0.0017921146953405,-0.0018050541516245,,-0.0502087112898071,1.133237290558353,-0.4561265860207724,-1.9603973959975696,-0.5907282734902095,0.9169190277051592,-2.082910668293377
US89142B1070,2.76373392844611,Torrid Holdings Inc,20.393572148106994,0.13551985441170736,47.51786184,131.3267269744227,25,255040,small,5.926921315503413e-07,-0.0018050541516245,-0.0018083182640144,,,0.0017921146953405,0.0539335112847707,-4.085792302123272,-0.2285299537928478,6.834039877480366,2.6739751707055994,-4.864720465092033,-0.8850908539916965
US2960561049,2.75952916419685,Escalade Inc,10.129075263781559,0.2724364359364643,203.47912032000002,561.50656682816,25,252020,small,2.5380029504385034e-06,,,0.0017921146953405,,0.0017921146953405,0.0221018378120128,-0.9830929119424556,-2.07971680263251,1.205627694833356,-0.5442965358198045,-0.7653634867853112,-0.03731270589949
US47233W1099,2.75913822141868,Jefferies Financial Group Inc,13.35227480786405,0.20664180906414825,7915.12998567,21838.937670959185,40,402030,large,9.87257229397419e-05,-0.0018050541516245,,,,,-0.0366370472317939,0.9382466317082808,-0.3637481256707821,3.539583943610061,0.8285686603493613,-0.2739892378753673,-1.726430961447586
US29786A1060,2.75819433409513,ETSY Inc,15.376866295894297,0.17937298023015144,7254.75371416,20010.02058965171,25,255030,large,9.048882412252592e-05,-0.0018050541516245,-0.0018083182640144,,-0.0018050541516245,,0.0319622619670579,1.6730972751327051,3.0103984278946303,2.87277102883524,2.739215613717303,-2.51851035380526,0.872250791313306
US15678C1027,2.7580526002901298,Ceribell Inc,16.003943660197578,0.17233581040087714,703.83891456,1941.2247484875907,35,351010,small,8.779010047701358e-06,0.0018050541516245,-0.0018083182640144,0.0017921146953405,-0.0018050541516245,,0.0650858761104393,1.097851112616849,-2.184316201482756,0.4995755837948494,0.8681175617678689,3.34550467031292,0.4937350240708354
US8292141053,2.75579863381655,Simulations Plus Inc,15.417863929929137,0.17874062492320983,305.34423846,841.4672351918227,35,351030,small,3.8085705152063526e-06,,,,,0.0017921146953405,0.0045024375670376,0.4037326790354399,2.907832088408613,3.2275783190565623,-0.1163349229331488,-1.98725951756748,-1.359534222248606
US19240Q2012,2.74293000239006,Cogent Biosciences Inc,37.11633698160165,0.07390088099883656,6517.2062148,17876.240458337877,35,352010,large,8.128936559075915e-05,0.0018050541516245,0.0018083182640144,0.0017921146953405,-0.0018050541516245,,-0.0068159646900765,2.229790283493903,-12.843013040919796,-9.68930287975017,-6.692807159634591,-4.866478425156759,1.099549614108604
US28036F1057,2.7364619450218197,Edgewise Therapeutics Inc,16.94048283966043,0.1615338813493153,3655.11901912,10002.09410034736,35,352020,mid,4.559044112310642e-05,0.0018050541516245,-0.0018083182640144,0.0017921146953405,-0.0018050541516245,,0.0623433263591026,0.0499470394325842,-4.186838260188512,-3.439693524600859,-3.0045781429939424,0.6081537952994198,1.171876676157121
US86150R1077,2.73618654490079,Stoke Therapeutics Inc,14.729078535892382,0.1857676662007841,1922.9526280200002,5261.557107269939,35,352010,mid,2.3985062623590143e-05,,,0.0017921146953405,-0.0018050541516245,,0.0531667822358587,0.8249480809706222,2.0272858611499838,-2.159426768056435,0.1489694428977709,-0.7160500552694495,1.3997998678643664
US89532M1018,2.73373653605919,Trevi Therapeutics Inc,15.575597550484076,0.17551407111017886,2324.0799746999996,6353.422339560907,35,352020,mid,2.898833955821793e-05,0.0018050541516245,0.0018083182640144,0.0017921146953405,-0.0018050541516245,,0.0854855885576627,1.2788243729977795,4.064517680639832,-0.23735602994404,1.434804896935686,-5.083347358235874,1.383600903004253
US47103J1051,2.72897642303152,Janux Therapeutics Inc,18.9279686294506,0.14417693078724902,893.06048464,2437.141006923663,35,352010,small,1.113917802166543e-05,-0.0018050541516245,,-0.0017921146953405,,,-0.0810471059732022,1.392777272046073,-4.002327543635691,-5.014708661496943,-3.9975787956399857,-2.971757539964031,1.2565794154482024
US03980N1072,2.72771786192194,Ardent Health Inc,14.345003161748453,0.1901510812626039,1183.92656018,3229.417625406787,35,351020,mid,1.4767161849893276e-05,-0.0018050541516245,,-0.0017921146953405,,,0.0599063864026548,1.06142187722915,7.1500118654643,2.3797540841214686,4.507306885870658,-0.936236208676865,0.2126504132678043
US4586653044,2.72647803602077,"Interface, Inc.",9.784463997613937,0.2786537961288074,2143.5160175100004,5844.249341599729,20,202010,mid,2.673615832522276e-05,,,,0.0018050541516245,,0.0101393241337108,1.591836220764149,-3.3361873248470038,-0.8340839064185994,0.167255389593159,2.950095755997232,1.4885438144681005
US26929N1028,2.7246263903318297,EVI Industries Inc,15.278090142653426,0.17833553571759655,82.67557792,225.2600614367675,20,201070,small,1.0312156862098644e-06,,0.0018083182640144,-0.0017921146953405,,0.0017921146953405,0.0180020975465229,-1.391066541588912,4.2217011659247135,5.985158311969585,2.5487571813473764,2.8204803709045234,-1.840354265687312
LU0974299876,2.7184666299979803,Globant SA,14.728650204311505,0.1845699770371494,1578.5667247999997,4291.280964594004,45,451020,mid,1.9689523911376245e-05,-0.0018050541516245,-0.0018083182640144,-0.0017921146953405,,,-0.0413176916096023,0.9916923053932848,0.0749375254150244,-0.0400858909228301,0.0130170883597937,1.6246698751768478,-2.8552419824865263
US05366Y2019,2.7130874542672,Aviat Networks Inc,14.348508561232054,0.18908497999559595,258.31958673,700.843629948651,45,452010,small,3.222030212464774e-06,-0.0018050541516245,,,,0.0017921146953405,0.0477039525791597,0.9961556049058328,1.8386173815581208,-0.8844835580387922,2.893463184838353,1.7623705901362623,1.6425634568569714
US42226A1079,2.7128022254816497,Healthequity Inc,9.049794016541208,0.299763974795801,8559.1031688,23219.15412444768,35,351020,large,0.0001067580254001,,-0.0018083182640144,,,,-0.0059099707770517,-0.4942716529534851,0.0418509359009703,0.6749562982294427,-1.0221238874594256,-2.2111335454974315,-1.340767711796838
US23284F1057,2.70469855813172,CytomX Therapeutics Inc,20.37086867547254,0.13277286311252406,696.5331032400001,1883.9120800242406,35,352010,small,,,,,,,0.0138305985221284,0.6478682342541434,-4.513243594102206,-3.659288934892073,-3.190394928075333,2.6450938827020423,1.0226092257952173
US45720N1037,2.70200405052972,Inhibrx Biosciences Inc,27.502194000038372,0.09824685443372082,853.1402753999998,2305.1884798008405,35,352010,small,1.064125170532444e-05,-0.0018050541516245,-0.0018083182640144,0.0017921146953405,0.0018050541516245,,0.1169860637696791,6.421067499770919,8.68657124159812,-1.9617453589608775,0.9960461569478825,-7.675431147150774,2.364507893290326
SG9999014716,2.70185765341746,WAVE Life Sciences Ltd,41.45441860059569,0.06517659020741001,1005.8755648,2717.7325931404903,,,mid,,,,,,,0.1954771065612273,3.9197438199113903,13.396818959862353,3.901837069500147,10.329656193973866,5.340968634603761,-2.639050682864666
US76134H1014,2.6977027563726703,Resolute Holdings Management Inc,42.95940868635686,0.06279655234708602,513.6557455999999,1385.6905207317789,20,202020,small,6.4068480136551484e-06,-0.0018050541516245,0.0018083182640144,0.0017921146953405,,,0.000292545388532,1.0835424667836588,-11.776661063535531,-6.873407317578669,-5.495706532417212,-0.2448811109430195,-0.0020352826447902
US38268T1034,2.69010982468936,GoPro Inc,33.91642869061891,0.07931583390539668,107.7441299,289.84354239659666,25,252010,small,1.34389670620053e-06,-0.0018050541516245,-0.0018083182640144,-0.0017921146953405,0.0018050541516245,0.0017921146953405,-0.1116085854437599,5.918309369108627,6.598750460405192,8.962649657481542,6.365099771174395,-10.505678749922414,0.8904727155028823
US05589G1022,2.6777740771373697,Baldwin Insurance Group Inc,20.876783674193323,0.12826564277942296,4236.032547739999,11343.138146248337,40,403010,mid,5.283619806990548e-05,,0.0018083182640144,-0.0017921146953405,,,0.0251432905915656,1.9065302454388289,-1.1524667458247384,0.8425761067529511,4.166050099691305,-0.0189944034720603,2.0348845998869924
US75134P6007,2.67215303228648,Ramaco Resources Inc,26.3331238506745,0.10147497302026455,587.8010650800001,1570.6943984347447,15,151040,small,7.331665455884622e-06,,0.0018083182640144,-0.0017921146953405,-0.0018050541516245,,7.73302983634299e-05,-2.652432626229128,3.4057283179828524,3.993659351418798,-1.7829654947762514,5.985063977699018,-1.322351010800583
US8923561067,2.6705707184074,Tractor Supply Company,9.417806132911426,0.2835661172802055,18615.140992139997,49713.05045263435,25,255040,large,0.0002321873747369,0.0018050541516245,,-0.0017921146953405,0.0018050541516245,-0.0017921146953405,-0.019121595584104,0.458471859255126,-1.3148266265271171,-2.388969598014857,0.0312936743744005,4.06471471488194,0.2239975294660271
US68243Q1067,2.65480458156221,"1-800-FLOWERS.COM, Inc.",18.425974436599553,0.1440794673137593,171.93475487999999,456.4531749851995,25,255040,small,2.144548858291235e-06,,-0.0018083182640144,-0.0017921146953405,-0.0018050541516245,0.0017921146953405,-0.040155202263023,1.1574002642113257,-1.3128276185545962,2.649682134888163,0.1855469296630174,2.786287191473786,-2.0051019538629955
US0527691069,2.65381570238373,"Autodesk, Inc.",9.593145571350522,0.2766366550622588,52997.5541165,140645.7413022992,45,451030,large,0.0006610405455958,0.0018050541516245,,-0.0017921146953405,0.0018050541516245,-0.0017921146953405,-0.0068368270389519,1.0723043344552965,2.357385869207886,1.0346124120083449,1.6866881421513846,-1.128768509404497,-1.5817278227530038
US6311031081,2.64490536303904,Nasdaq Inc,7.712175443275277,0.34295191836504396,38892.41022502,102866.7443856698,40,402030,large,0.0004851065394106,,-0.0018083182640144,,,-0.0017921146953405,-0.0004980024308262,1.38910007090947,0.4473927961457897,0.8320579999920009,1.1508666216789836,0.2524771218366892,-1.7185741852981402
US45768S1050,2.64232802542996,Innospec Inc,7.466194621493475,0.35390559172182556,2282.4704718,6031.035694853483,15,151010,mid,2.84693426166133e-05,,,,,,0.0016114902474741,0.6777720626880086,-1.0052453665324377,0.241791282036988,0.1728320350753844,2.3199244388857485,-0.4275480697621382
US3976242061,2.63608611746267,Greif Inc,8.593342962660484,0.3067590958392916,972.9464427500001,2564.7706107679637,15,151030,small,1.2135598671916582e-05,,-0.0018083182640144,,0.0018050541516245,,0.0479940189748794,0.8224726885664142,-2.611026813006616,-1.4236520690796148,0.9605038201656124,1.7129716945749651,0.152885760530261
US05153U1079,2.63572714182981,Aura Biosciences Inc,14.51299762046781,0.1816114913512161,781.30414296,2059.30453562375,35,352010,small,9.745236842501727e-06,,0.0018083182640144,,-0.0018050541516245,,-0.0035418386819008,0.6213466467158848,-0.3713232751703941,0.0664475907403211,-0.12199308187282,-1.1548864963046466,0.3557638665704972
US25961D1054,2.63480704198351,Douglas Elliman Inc,16.880150912563995,0.15608906908660442,146.04040304,384.788282343902,60,602010,small,,,,,,,-0.0552332206906589,2.201347156048696,-4.356540163029079,-0.1305550472570598,-0.0697812573616859,4.207836970897341,1.1599377960504325
US4829311020,2.63407015572581,Kailera Therapeutics Inc,17.238878268432188,0.15279823400976825,1854.5008841699998,4884.8854327593235,35,352010,mid,,,,,,,,,,,,,
US90337L1089,2.63127898356401,US Physical Therapy Inc,9.893783437144567,0.2659527571308373,1188.7258281599998,3127.86928885713,35,351020,mid,1.482702330532924e-05,,,,,,0.0443468735893645,0.7128857943218913,2.411754768325548,0.8876556778687573,2.853132222768602,1.7670782165040184,-0.4289251772023689
US36322Q2066,2.62894099638082,Damora Therapeutics Inc,149.45001187143538,0.017590771412198822,1586.15016198,4169.8951872453,,,mid,,,,,,,0.2278453544418051,1.8447600932339716,-1.106974378572561,-6.343504721503189,-2.7441660313697804,-4.980568950141902,-2.304421801287369
US09062W2044,2.62747093708518,BioLife Solutions Inc,11.770884548041336,0.22321779865918306,1665.3723355200002,4375.71741100447,35,352030,mid,2.077225365669608e-05,,,,,,0.0339554559831311,2.173164770880244,2.011841420748097,-1.695948468014652,0.7097127436775179,0.0756603456116037,0.3046304180945175
US42222N1037,2.6186064039948,HealthStream Inc,8.963532728793421,0.29213999471247426,670.7565078000001,1756.4472868462683,35,351030,small,8.36637190658672e-06,,,,,,-0.0155704743645109,-0.2508206897540921,-0.5906715655905266,0.8816633356636709,-0.6988063790874959,-0.6391061102649652,-0.5191260330351107
US02079K1079,2.6158301394636396,Alphabet Inc,9.841563958757456,0.26579415125742883,3931776.6235350003,10284859.793481437,50,502030,large,0.0490412021405625,0.0018050541516245,0.0018083182640144,0.0017921146953405,0.0018050541516245,-0.0017921146953405,-0.0172031020390634,1.8296858300508467,-1.7226636306480183,-0.9205121977233698,-1.58708124219297,-1.7419584683200835,-0.2837329579762054
US02079K3059,2.6139302714045303,Alphabet Inc,9.894265508539993,0.2641863884841558,4204755.336178999,10990937.257088019,50,502030,large,0.0524460761984403,0.0018050541516245,0.0018083182640144,0.0017921146953405,0.0018050541516245,-0.0017921146953405,-0.0179720647211492,1.832646959235772,-1.8575327381635716,-0.9872525885528384,-1.7059565560811865,-1.6562806339599463,-0.2186677183361061
US5184391044,2.60874202265646,Estee Lauder Companies Inc,13.18415010133989,0.1978695632713812,31007.8705268,80891.53487635388,30,303020,large,0.0003867623703113,0.0018050541516245,,,,-0.0017921146953405,-0.0185369218279512,3.0781649173904877,-0.9768049153326032,-2.216798129061801,-0.2694712932859711,3.223132519855728,-0.3632034267657344
US2910111044,2.60757115985598,Emerson Electric Co,8.039683339526766,0.32433754536524667,90739.59179859,236609.94263110752,20,201040,large,0.0011317984437136,,,,,-0.0017921146953405,0.0150164418543707,1.7976266571308854,-0.4858843464894693,-1.2607112488011134,0.5064871662449556,2.361637424813522,0.3759839714646324
US0079031078,2.6060429925561497,"Advanced Micro Devices, Inc.",18.999438812448616,0.1371642088106647,834343.2217708001,2174334.3064825153,45,453010,large,0.0104067953272182,0.0018050541516245,,0.0017921146953405,,-0.0017921146953405,0.051328063955848,1.8087543218934872,2.5715584265475626,1.2642718361404883,-2.9336065632312014,-2.598934379929924,-0.0918584924791415
US2244411052,2.60584241042961,Crane NXT Co,12.907420584020276,0.20188715425107562,2533.4945038,6601.887424592361,45,452030,mid,3.160037509230437e-05,,,,,,0.0007258895512088,1.0406552341960675,0.2446397809251455,0.553977599551017,2.057646546417867,0.4024206698515495,1.1959281827715258
US83422N1054,2.60380296705475,Solid Power Inc,19.218165412405188,0.13548655197722534,433.71168500000005,1129.2997722493153,25,251010,small,5.409702648795365e-06,-0.0018050541516245,0.0018083182640144,-0.0017921146953405,-0.0018050541516245,0.0017921146953405,-0.0410628103353247,1.7676218051556438,2.399640845512694,-2.820566628204933,-2.5233762362678496,1.9816086147104837,-0.0185570645089219
US45784A1043,2.6021868398633003,InnovAge Holding Corp,20.844714215899042,0.12483677218651984,212.65834608,553.3767495564713,35,351020,small,2.6524957889419497e-06,0.0018050541516245,,0.0017921146953405,,0.0017921146953405,0.1276639036003003,1.7511067663760844,-0.3347178737852458,-3.5613161307562087,3.1183425631882766,-2.1323663193780784,3.9171993002454455
US92921W3007,2.6013542466797,Vuzix Corp,30.253732595813766,0.0859845719347586,242.02181336,629.5844719731577,45,452030,small,,,,,,,0.0217993366826828,0.5756718219664274,4.423410819147368,-0.1876189929215079,-5.662986479409518,-0.1833444074169747,-2.6607751154224744
US3131483063,2.58686358111677,Federal Agricultural Mortgage Corporation,8.708972902259635,0.2970342898237266,2418.3933708,6256.053735736745,40,402010,mid,3.0164714201430636e-05,,,,,,0.009703370000184,1.9354376458291636,0.0872453173641303,1.3697061370056585,2.5722034113625507,0.1581228184950028,-0.3513269257053278
US49428J1097,2.58575567506655,Kimball Electronics Inc,9.705598009858761,0.2664189957630626,608.08356726,1572.355534957257,45,452030,small,7.584649891310528e-06,-0.0018050541516245,,,,,-0.0202781443032914,0.5059320204936256,-0.0324507540459099,2.0144212549730254,0.6833617083601242,0.5030548706200941,-0.3879903496890311
US0269481091,2.58231761626542,American Integrity Insurance Group Inc,11.611264282471167,0.22239762642934505,211.6625749,546.5799958683689,40,403010,small,2.640075496438094e-06,,,,0.0018050541516245,0.0017921146953405,0.0675588550711831,0.9026521199551232,3.8987809336440935,0.6658535570389522,3.172898791597946,0.6965963285460888,0.5366312920988286
US80004C2008,2.5783410265991398,Sandisk Corp,30.98654755595411,0.08320839944957688,192364.0795696,495980.19839828106,45,452020,large,0.0023993646165672,0.0018050541516245,0.0018083182640144,0.0017921146953405,0.0018050541516245,-0.0017921146953405,0.2252794317952764,0.5958209620566266,-13.738548630022374,-9.366373056084369,-14.737250093535073,8.651773227012129,4.553716098205382
US03769M1062,2.5767975566061403,Apollo Global Management Inc,10.784960622736035,0.23892507786944825,59526.75706353,153388.4021539914,40,402010,large,0.0007424795468924,,,,,-0.0017921146953405,0.004881958840701,-0.0538624773881592,1.7731788808501854,3.948402522467502,1.1568089963088206,-0.1422252978718392,-1.7583278334966164
VGG2662B1031,2.56947676319657,Critical Metals Corp,46.74448277818205,0.0549685569394271,319.32820104,820.5063924056427,15,151040,small,3.982993022198944e-06,,,,,0.0017921146953405,0.0101423102167325,3.2099095971031137,-3.83470294637938,-4.88710786388586,-5.29789921417499,8.527316710743797,3.3784755336404277
US19260Q1076,2.56694405010861,Coinbase Global Inc (Pre-Reincorporation),17.076257024668312,0.15032240650866346,38328.14644246,98386.20746216418,40,402030,large,0.0004780684553914,,,-0.0017921146953405,,-0.0017921146953405,-0.0605142663750617,1.3374091632582157,4.128261277088931,2.055720702427988,1.3145042488344123,-2.6576318567976225,-0.4538583338515139
US6200763075,2.56165158445104,Motorola Solutions Inc,7.02782397605949,0.3645013866564372,76851.46130032,196866.66760734253,45,452010,large,0.000958571253989,0.0018050541516245,,,0.0018050541516245,-0.0017921146953405,0.0289923425678867,1.3299237945284663,-0.1157741839479424,-0.8598194705228952,2.403963615249606,2.4213526936429437,0.929013519577356
US6031701013,2.55909032601506,Mineralys Therapeutics Inc,37.39511592147607,0.06843381182154247,2129.8949687500003,5450.593609956275,35,352010,mid,2.656626245636614e-05,,0.0018083182640144,0.0017921146953405,-0.0018050541516245,,-0.0069593433473454,-0.4311667495225667,3.9318684720571713,2.819516813175742,-4.112213672923617,-11.168087005464844,-0.38747743041943
US1570851014,2.54926394131143,Cerus Corp,22.780340631425727,0.11190631354276998,565.00724928,1440.3526071690624,35,351010,small,7.047357308389325e-06,0.0018050541516245,-0.0018083182640144,0.0017921146953405,,,0.0203455094229205,1.598000273854236,-5.801930821760353,-4.707233838764136,-5.8765202210033465,6.779550858614674,0.8554720342741524
US1858991011,2.54838388294596,Cleveland-Cliffs Inc,18.772424421611024,0.1357514525407934,6667.83506664,16992.203417967277,15,151040,large,8.316816509505162e-05,,,,-0.0018050541516245,,-0.0511724504812813,1.9200478043720617,-1.0740076924079651,0.090653885885017,-2.948217631291014,-0.5464394690362552,-2.7098412581402584
US8313491057,2.5458596115201604,Slide Insurance Holdings Inc,10.891888370348907,0.23373904734928966,1456.5866180799997,3708.265041650612,40,403010,mid,1.8168061314804687e-05,,0.0018083182640144,,0.0018050541516245,,0.0649001364497665,0.7929119747946263,2.687934310125841,0.2464609505886906,1.7451712747530077,-0.396480411355985,0.0247872210583716
US01021M1045,2.54496557402138,Aktis Oncology Inc,19.728839841455617,0.12899722408784123,1339.9,3409.9993726312473,35,352010,mid,,,,,,,,,,,,,
US6819191064,2.53924207156998,Omnicom Group Inc,9.780193887004012,0.2596310564910315,23745.71407459,60296.11619767034,50,502010,large,0.0002961812115503,,0.0018083182640144,,,-0.0017921146953405,0.0423901561538772,1.3392504924162023,1.7449291058798928,-0.0630925497981792,2.4215858205703515,1.978631339480569,0.0469830981188174
US5019761049,2.5376493118875,Kyverna Therapeutics Inc,22.675473962368223,0.11191163263440197,493.84567133999997,1253.2071280545713,35,352010,small,6.159756189977042e-06,,-0.0018083182640144,0.0017921146953405,-0.0018050541516245,0.0017921146953405,0.0788783285790742,-0.1610961153497103,4.928608568444291,2.8699638869575583,0.6863874509027561,-3.840192270116752,0.26541941350259
US1431301027,2.53429231244619,Carmax Inc,15.049727353364357,0.1683945664224708,8471.43109081,21469.082688857423,25,255040,large,0.000105664488175,,,,,,0.0150053053786613,0.0917544801876781,-2.194031022087094,-1.0008110251004003,-0.256016083780942,4.263913876417192,-0.228513496382942
US4923271013,2.53387495125004,Keros Therapeutics Inc,14.752928362852476,0.1717540334317814,190.39950225,482.44852948175065,35,352010,small,2.37486036755303e-06,-0.0018050541516245,-0.0018083182640144,-0.0017921146953405,-0.0018050541516245,0.0017921146953405,-0.0394623386265316,1.1814265272192677,0.7552732164472316,1.4550614057812423,0.748570335553313,0.3176089509691078,-0.6714329051619793
US20451Q1040,2.5334415608711502,Compass Diversified Holdings,21.132963129557428,0.1198810382311118,843.31591875,2136.4915975054882,40,402010,small,1.0518712124237952e-05,,,,-0.0018050541516245,,-0.0220901805845266,4.888780768218132,-7.847274106366247,-2.137337032622414,0.1968693633956659,2.992358367640464,3.80944635621354
US0067391062,2.5332131536909297,Addus Homecare Corp,7.701882997024116,0.32890828835879776,2111.3424364200005,5348.480431885001,35,351020,mid,2.633485600189752e-05,,,,,,0.0054108288210585,0.9880205585230422,0.6353881975348624,-0.4797327486569442,1.1530852374835885,-0.8780396120225537,-0.5255325451485132
US55354G1004,2.53139029075166,MSCI Inc,8.426210325115136,0.3004185978133736,40000.534529619996,101256.96473315658,40,402030,large,0.0004989282167901,-0.0018050541516245,,,-0.0018050541516245,-0.0017921146953405,-0.0184352660407594,1.0715014904223388,-0.0497919710537089,0.250051915425346,-0.1252527676829787,0.3109807415773238,-0.4869220203282145
US3886891015,2.5298417611047697,Graphic Packaging Holding Co,10.671929199169966,0.23705571072393677,3323.5692870000003,8408.104378177804,15,151030,mid,4.145500847029017e-05,-0.0018050541516245,,-0.0017921146953405,,,-0.0859047791367753,1.1406542583882318,-2.8130676690482472,-0.8596582048523569,-1.704089279472596,2.7587717360434496,-0.6237843688775463
US02157Q1094,2.51970682304388,Alto Neuroscience Inc,36.057468968477664,0.06988030206021033,1155.23782296,2910.8606247506696,35,352020,mid,1.4409326119159786e-05,,0.0018083182640144,0.0017921146953405,-0.0018050541516245,,0.4082557242880227,0.8523745297154812,17.667041175701193,-10.59366134322265,-2.8062677378712846,-4.973457708126627,-0.6484139435556499
US4525211078,2.51454952400589,Immersion Corp,11.07512360596035,0.22704482708008994,223.68478806000002,562.4664773436314,45,452020,small,2.79002902691776e-06,-0.0018050541516245,,,,0.0017921146953405,-0.0158678335979947,0.8215991171130661,-0.801240238922245,0.4791866468731303,0.1670095493423536,-0.4476813413752379,-0.2491339517827385
US4969042021,2.50898649422566,Kingsway Financial Services Inc,10.990015738720087,0.22829689728159208,190.21403921,477.24445539000016,40,403010,small,2.3725470798703576e-06,0.0018050541516245,,-0.0017921146953405,-0.0018050541516245,0.0017921146953405,-0.0115975041674383,1.358239792645569,1.5159817330136036,1.9274062301218315,2.4676650212191777,2.246694898769481,1.168478295936393
US14040H1059,2.50377863678729,Capital One Financial Corp,7.878082601662182,0.3178157380907662,135065.84738,338174.98322961654,40,402020,large,0.0016846815467592,,,,,-0.0017921146953405,0.0240391119289974,0.550944168032923,2.750514168947171,2.3055798530916265,2.1751961390366708,0.6146045274220271,-0.6297594500395929
US7766961061,2.49221369488546,"Roper Technologies, Inc.",7.364719994001486,0.3383989746949444,39351.15992848,98071.4996833858,45,451030,large,0.0004908285422336,,,-0.0017921146953405,,-0.0017921146953405,0.0054225969467088,0.4269030887528776,2.8758514089657305,2.315533288652964,2.9019726536473733,-1.3770362896388606,-1.0246439678357675
US8825081040,2.49154156608334,Texas Instruments Inc,11.187936704310951,0.22269893296082877,254713.7840574,634629.980433388,45,453010,large,0.0031770548960423,0.0018050541516245,,,0.0018050541516245,-0.0017921146953405,-0.017913521559767,2.682781380538603,-3.73219729761803,1.1983195564710387,0.9805182286495556,1.7180155773245505,1.4339818844464611
US5787841007,2.4904968657068203,Maze Therapeutics Inc,21.153323391621655,0.11773548863216685,1110.45127823,2765.5754279519474,35,352020,mid,1.385070181173244e-05,,0.0018083182640144,0.0017921146953405,-0.0018050541516245,,0.0438359290445628,0.2939998325605653,0.1577643943785045,-3.174808634509916,-3.3980215705765437,-1.7864189612313193,0.3242952329516655
LU2369833749,2.48986582409393,Ardagh Metal Packaging SA,8.026237187069169,0.3102158291690256,721.161948,1795.596487962204,15,151030,small,8.995080914884792e-06,-0.0018050541516245,,,,,0.0386502019345876,1.3469992784394755,-1.550103008481833,-1.2079878804999964,1.080225801811626,3.061521789403862,1.0358598400659027
US30234F1012,2.48971596427488,Exzeo Group Inc,19.05145224874014,0.13068378891900606,189.3191978,471.35102910637374,40,403010,small,,,,,,,,,,,,,
US8693672011,2.48951439193951,Sutro Biopharma Inc,25.031733579611473,0.09945433399655697,296.77729931999994,738.8313578580796,35,352010,small,3.7017147514338654e-06,-0.0018050541516245,-0.0018083182640144,0.0017921146953405,0.0018050541516245,0.0017921146953405,0.1160424420860236,0.59640896878334,1.8154506869943503,1.198525225738298,3.1527022691018702,-0.938748123656484,3.677291492243557
US3596941068,2.48393500885861,H.B. Fuller Company,11.12642788625325,0.22324640345060992,3363.3098132399996,8354.24299074455,15,151010,mid,4.1950693593611313e-05,,,,,,0.0037885729863641,0.8961872315548456,-0.5105281326002875,-0.977659442525306,0.1484266842023712,2.3022635640898814,1.020403204684629
US8740541094,2.47919627860876,"Take-Two Interactive Software, Inc.",9.180199781692105,0.27005907687902103,45493.46435608,112787.22753261382,50,502020,large,0.0005674417433091,0.0018050541516245,-0.0018083182640144,,,-0.0017921146953405,0.0065232083974405,0.6225620357612633,2.772603679632231,1.6553451861969508,1.1649265530573882,-1.594305536911666,-0.3144227066444438
US2289031005,2.47203310752193,Artivion Inc,11.929960984495454,0.20721217032768682,1251.73502432,3094.3304219638085,35,351010,mid,1.561293944998008e-05,,0.0018083182640144,-0.0017921146953405,,,0.0288591116396544,1.4679281216988291,3.2888314953648705,1.0275066435122049,4.547654581538013,0.2627125205570806,0.0398316894178676
US92915B1061,2.46248347219483,Voyager Therapeutics Inc,15.216088340707087,0.1618341992407491,166.36183042000002,409.66325781332915,35,352010,small,2.0750375556091357e-06,,-0.0018083182640144,,-0.0018050541516245,0.0017921146953405,-0.0003608305529603,-0.7650552087845173,2.0134342339533866,0.4407674391678879,-1.1617186408779665,-0.7554655912984246,0.4182217585808072
US91879Q1094,2.45238942471892,"Vail Resorts, Inc.",9.349766545601817,0.2622941880695982,5062.95227825,12416.330625036864,25,253010,mid,6.315039990304516e-05,,,,,,-0.0017523398873998,0.3000686212897957,0.6242923816104177,-0.8333908789007696,-0.1084794602175063,0.4337933558604929,-0.6805689332711736
US6541061031,2.45058570868345,"NIKE, Inc.",9.908550189354001,0.24732031042406402,59333.0322954,145400.68099596084,25,252030,large,0.0007400632103547,,,-0.0017921146953405,0.0018050541516245,-0.0017921146953405,-0.0651668883979258,0.947983175609456,-2.42261110328372,-2.79961341864231,-1.2349102033094532,2.08130981346568,-0.2952959096039018
US8542311076,2.45043500473777,Standex International Corp,8.791025046600353,0.27874280777818927,3948.16391124,9674.71905254488,20,201060,mid,4.924560141494295e-05,,,,,,0.0378462536143504,0.4065658563436993,-1.0039438156317886,-1.8261658146731667,-0.6612405669642412,1.367791926547402,1.884478564201114
US57064P2065,2.4472108220474498,MarketWise Inc,14.693605314539795,0.16654937775045964,42.96872894999999,105.15353849606353,40,402030,small,5.359506207820641e-07,-0.0018050541516245,-0.0018083182640144,,,0.0017921146953405,0.0142715016806653,-2.445878766417346,-1.0877761338884655,1.7110295913933635,-1.2366529683821028,-0.5057058326117498,-1.5061594989007574
US78397T2024,2.44379780764509,SAB Biotherapeutics Inc,17.64428483580572,0.13850364752023653,305.50280535,746.5870859437547,35,352010,small,3.810548326168131e-06,,0.0018083182640144,0.0017921146953405,-0.0018050541516245,0.0017921146953405,0.0267853113905911,0.1012086638417398,-2.9973203644125057,-6.607817311737271,-5.368449530888611,1.7297924354585363,-0.053346395591445
US5950171042,2.44265746146811,Microchip Technology Inc,14.138221604240163,0.1727697817903447,42085.42783082,102800.28431003013,45,453010,large,0.0005249331717038,0.0018050541516245,-0.0018083182640144,,,-0.0017921146953405,0.01037711561119,2.372452181038565,-0.0274292399740443,2.61685485945224,2.210438752661484,2.8262950710032424,1.5084613540344725
US12763L1052,2.43692532794497,Cadre Holdings Inc,11.07203165496046,0.22009739530081504,1014.543981,2472.36792361302,20,201010,mid,1.265444637797825e-05,,,,,,0.0055111709094157,2.3719550610016524,0.4791943129064656,-3.921945474106657,-0.9023819187165784,1.0516698126544326,-0.3097240100193237
US76118Y1047,2.43540559675361,Resideo Technologies Inc,16.70079946515824,0.1458256894727964,3068.18786402,7472.281895925811,20,201020,mid,3.826962608810225e-05,-0.0018050541516245,,,,,0.0337428479866935,2.085927001463544,5.348355686095324,2.7504522005614955,5.513579987688019,-3.0704539521652103,0.9709948591697452
US4316361090,2.43026723156457,Hillman Solutions Corp,10.927003321390831,0.2224093065668837,1671.48649494,4062.1588566554005,20,201060,mid,2.0848515804001447e-05,,,-0.0017921146953405,,,0.0163793731076885,-0.1146039108563163,0.7957545098157455,1.991938975353749,1.80568505874204,2.3525681283626896,0.5465658668357707
US0003611052,2.42887073176358,AAR CORP.,10.858682074779205,0.22368006679235677,5711.8031126099995,13873.231405814542,20,201010,large,7.124354149619907e-05,,,0.0017921146953405,,,0.0555705575207666,0.3939856721329635,-2.8110148763794887,-1.2514648677323736,0.016198200482844,2.8281762636881003,1.933041329350495
US6496048405,2.42678681484822,Adamas Trust Inc,7.995529957263385,0.30351794412872557,843.7627911999999,2047.6324165436915,40,402040,small,1.0524285981618432e-05,-0.0018050541516245,,,,,-0.0119255880156546,1.2222915004854698,-4.110138140400519,-2.2690550508719785,-1.9366217669015475,2.432942034374017,0.8085274052312585
US51509F1057,2.42433014276021,Lands' End Inc,16.26372242667127,0.14906366938386093,146.53013004999997,355.2374111027886,25,255040,small,1.827675988623212e-06,-0.0018050541516245,,,0.0018050541516245,0.0017921146953405,-0.0314929668617916,0.183415260552644,-4.2699291161084965,-3.376342838768437,-2.950918506394798,4.040343087079597,-0.073323357858366
US2825641036,2.4229833050383,Eikon Therapeutics Inc,28.566212814426212,0.08481989967583907,454.02709716,1100.100076453682,35,352010,small,,,,,,,,,,,,,
US0373261058,2.4181930852227,AN2 Therapeutics Inc,51.08639124252347,0.04733536713804588,146.01528484,353.09315213691093,35,352020,small,,,,,,,0.3373421255860333,-14.764399387721298,12.444799696788792,21.01745137334413,2.7626641855741134,-15.460105857041286,-2.639413533357688
VGG6375R1073,2.41724928491478,National Energy Services Reunited Corp,15.387683016915345,0.15708988041003644,3296.6524825,7968.83085593566,10,101010,mid,,,,,,,0.1286537537420454,1.9473984745246853,-3.332774577556463,-4.2325260734900585,-0.4502198764234868,6.291231083540206,2.5027614599984997
US92242T1016,2.41459067331091,V2X Inc,11.150701250486527,0.21654159851207178,1400.0963373,3380.659557781346,20,201010,mid,1.7463455854228363e-05,,,,,,0.0035489131840161,0.3901020313244843,-3.268327993155487,-2.707028832211658,-2.9470643502595357,1.4545832416392632,-1.7406907324145178
US00846U1016,2.41225627506099,Agilent Technologies Inc,9.364523746227842,0.2575951901486373,41813.45153348,100864.76084359572,35,352030,large,0.0005215408008108,,,,0.0018050541516245,-0.0017921146953405,-0.0174295292018143,0.547318322394974,-0.6618015250049599,-2.006511476407214,-2.697383387401982,0.0712560981081845,-0.7404929169352635
US4050241003,2.40901255219381,Haemonetics Corp,14.58254436622726,0.16519836948159825,4092.3139025200003,9858.435558687916,35,351010,mid,5.1043589840482486e-05,,-0.0018083182640144,,,,-0.0045586301397395,2.0103005660494797,-4.259740116263023,-3.489826576915521,-1.9704392888171056,-1.5615775226933426,-0.4347379769857584
US7655041058,2.40764783525305,Richtech Robotics Inc,30.76207048774957,0.07826676803864199,389.47684392,937.7230801451782,20,201060,small,4.857959762367211e-06,-0.0018050541516245,0.0018083182640144,-0.0017921146953405,,0.0017921146953405,-0.0769867836066233,0.3150693308201658,0.6516468607002378,1.4325427872705196,-4.506730082429455,2.287586651461769,-0.9391195727277716
US5926881054,2.40274795510982,Mettler-Toledo International Inc.,8.779255451696274,0.273684706901378,28313.745824679998,68030.79488174907,35,352030,large,0.0003531584485326,0.0018050541516245,,,0.0018050541516245,-0.0017921146953405,0.016111870735165,1.2504226894195831,0.7732385376721871,-1.5290766855603832,0.8423308017877572,-0.1265638369675901,-0.1573047093623658
US20030N1019,2.4004328228549,Comcast Corporation,7.426496159238385,0.3232254849911716,92188.638201,221292.6330319755,50,501010,large,0.0011498724556263,-0.0018050541516245,-0.0018083182640144,-0.0017921146953405,,-0.0017921146953405,0.010695384334603,0.8189547709591186,-0.4833914697430869,0.128460708055331,1.854265222490128,3.51505526147898,0.0911923237888581
US98980G1022,2.38300279237697,Zscaler Inc,15.413532765328597,0.1546045821330025,18694.13757589,44548.18204442511,45,451030,large,0.0002331727021863,0.0018050541516245,0.0018083182640144,-0.0017921146953405,,-0.0017921146953405,-0.0029441004904577,0.0039992369420643,4.524852115546776,2.148407198280211,0.3060366795645686,1.0406729926836522,-2.464512713905292
US8243481061,2.38032520071531,Sherwin-Williams Co,7.375390983324749,0.3227388495195796,80919.87975814,192615.62902715337,15,151010,large,0.001009316795022,0.0018050541516245,,,0.0018050541516245,-0.0017921146953405,0.0025793088450175,1.27061673360849,-1.5856804038448928,-1.2067024656255594,1.0018127798750742,2.460944178152408,1.319577698063985
US5839281061,2.3738755699055,Medallion Financial Corp,8.083682327881245,0.2936626494732258,183.19152653999998,434.873889467001,40,402020,small,2.28495500728855e-06,-0.0018050541516245,,,,0.0017921146953405,0.006695508476633,1.7666242259438514,0.0163639718788765,0.4528802677152499,1.304781390782744,2.40439784791966,0.5689301141965881
US2774614067,2.37370472288096,Eastman Kodak Co,17.18818125913407,0.13810098270982196,760.8063539999999,1805.9296356876434,45,452020,small,9.48956712672877e-06,,-0.0018083182640144,,-0.0018050541516245,,0.0741993869520766,-0.4219366121052821,3.786622608079934,5.419028954283013,3.523913752094044,-3.073717023317494,0.6536136827350096
US3205511047,2.3724613880478502,1stdibs.Com Inc,16.579687616160687,0.1430944564803106,147.78061207,350.60379603815306,25,255030,small,1.843273299301768e-06,,-0.0018083182640144,0.0017921146953405,,0.0017921146953405,0.0383737137243675,-0.569815646172122,-2.68573924671022,-2.836372650021928,-2.930924847058278,-0.3647898494938117,0.6322459432503019
US4500561067,2.37183599358814,iRhythm Technologies Inc,10.403281923016344,0.22798920678489565,4110.173765760001,9748.658077531278,35,351010,mid,5.126635660655786e-05,0.0018050541516245,,-0.0017921146953405,,,-0.0211530984038705,0.5249874923660197,1.549298423560116,0.1553171512499818,0.2169733212578668,0.0310657475445817,-0.361303882245383
US0326541051,2.36842849061694,"Analog Devices, Inc.",9.832287728253348,0.24088274835684437,189197.5643368,448100.9017306086,45,453010,large,0.0023598685493991,,,0.0017921146953405,,-0.0017921146953405,0.0030646708104505,2.6536675133378798,-3.1480508746283515,-1.2441018742088334,0.6300998122097663,1.3612330756852078,1.7861358495678754
BMG2004J1036,2.3649219606655203,Carnival Corporation Ltd,11.489384779150647,0.20583538684830668,35775.86802636,84607.1359574102,25,253010,large,0.0004462337878333,,,,0.0018050541516245,-0.0017921146953405,0.0107084633125308,1.7429400524909089,1.562175662185557,0.7968620044636059,2.468063630848952,1.989758493536626,0.6190163562768598
US1374041093,2.3619820533863,Candel Therapeutics Inc,19.044270267031514,0.12402586291138941,731.6471055999999,1728.137332839231,35,352010,small,9.125862691819756e-06,0.0018050541516245,0.0018083182640144,0.0017921146953405,-0.0018050541516245,,0.0805651584884863,0.988785740402279,3.370167116879319,4.4881416814315855,2.4562984867223854,1.624336653689011,-0.5505317349805829
US47248R1032,2.35831901928589,Jefferson Capital Inc,9.683035442604245,0.24355162523825502,184.2804591,434.5921115782656,40,402020,small,2.2985373052941743e-06,,,,0.0018050541516245,0.0017921146953405,0.0573279555675537,1.2907119601451775,1.596863937551882,0.2853567920855168,2.595647771903033,2.209696814863844,0.1133938845025427
US5500211090,2.3560247461257,Lululemon Athletica Inc,12.137245760841497,0.19411527067590273,12932.74866156,30469.875882059383,25,252030,large,0.0001613106750643,,,-0.0017921146953405,0.0018050541516245,,-0.0208545249706001,1.825896684653427,1.2465260183254463,-1.0093831998621718,2.0240236662146867,0.8053218687958834,-0.1909784891765075
KYG694511059,2.3558267135979998,Patria Investments Ltd,9.069050926263031,0.2597655182171014,1834.3414788,4321.390657617899,40,402030,mid,2.2879812326614085e-05,,0.0018083182640144,-0.0017921146953405,,,-0.0095261353483462,1.0479721365380477,1.7524172342691684,1.6544595155067978,1.6661325206471365,-0.1824093893449162,-0.2171598838579777
US86627T1088,2.35449681515317,Summit Therapeutics Inc,19.478041393321345,0.12087954674747138,1670.8813054500001,3934.084712180996,35,352010,mid,2.084096725204792e-05,0.0018050541516245,0.0018083182640144,-0.0017921146953405,-0.0018050541516245,,-0.0206975864190203,2.1050443483083603,3.689175519954807,2.905261727212926,4.8100588284456105,-2.428484544387703,1.2566593102744483
US21871N1019,2.35302632654166,"CoreCivic, Inc.",10.099810544389637,0.23297727380131375,3163.3500811199997,7443.446020943055,20,202010,mid,3.9456588108530885e-05,,,,,,0.0811593247377588,-1.4603975703908234,1.9777282059886767,3.937860718468018,2.3567699762144807,0.2458182743335839,0.8440824776373647
US6710441055,2.3526591874752203,"OSI Systems, Inc.",12.075030212530708,0.19483671229524366,3547.62185635,8346.345154029725,45,452030,mid,4.4249624847485774e-05,,,,,,0.0372696775505445,1.197493109594984,2.9748108814691627,-0.5641553876790142,2.7691858558235527,-0.8673725319590381,1.0302556123869948
US1569441009,2.3442725291636,CG Oncology Inc,14.927240213061706,0.1570466138216429,5757.87941544,13498.038539852561,35,352010,large,7.181825300637236e-05,0.0018050541516245,0.0018083182640144,0.0017921146953405,-0.0018050541516245,,0.0736101628839472,-0.4343486297329496,-2.659864008093729,-1.560696658273852,-1.498845431425427,-0.0294090819530671,2.014851844729047
US63845R1077,2.3441447747989197,National Vision Holdings Inc,15.551141909193172,0.15073779073504315,1493.38579608,3500.712510639857,25,255040,mid,1.8627058887581853e-05,,,,,,0.0098149296459587,0.6014928602577898,0.8146518794570307,0.6746027223337348,2.931057849084995,-2.884576282606956,0.388118998869526
US46817M1071,2.33821623124701,Jackson Financial Inc,8.32138047540252,0.2809889823159307,9109.674504999999,21300.38878896807,40,402010,large,0.0001136253230054,-0.0018050541516245,,,,,0.0454433856960076,1.0304153883744616,0.5437762052633214,1.677660556975762,2.315518177137267,2.229686231844454,-0.4447175179973247
US4881522084,2.32916571019159,Kelly Services Inc,11.980157915149347,0.19441861507069746,553.76947593,1289.8208746869232,20,202020,small,6.907188126048626e-06,-0.0018050541516245,-0.0018083182640144,,-0.0018050541516245,,0.014289172500138,0.730999741205159,-2.0269648588805778,1.0424730587196689,0.2858968873775629,4.512461852868708,-0.5329826277989466
US72352L1061,2.31936050033995,Pinterest Inc,14.48711871370277,0.1600981220748997,13560.08773864,31450.731882145694,50,502030,large,0.0001691354996755,,-0.0018083182640144,-0.0017921146953405,,,-0.0009824967221513,-0.2219812855965576,5.008740945374004,4.682888540326658,2.751479034344465,-1.643949791450311,-1.875900949348955
US30779N1054,2.31831193253334,Farmers & Merchants Bancorp Inc,7.862129462362995,0.2948707399987995,441.75226432,1024.1195455966779,40,401010,small,5.509993106142053e-06,,,,,0.0017921146953405,0.0273614911880551,0.3803597066591643,-0.1571225879961446,1.1649943602968165,1.0907684951305598,0.9763586848521064,-0.331031060978823
US8261652015,2.31721690429382,Sidus Space Inc,50.90459979743495,0.045520776383956234,263.13262458,609.7353657479756,20,201010,small,3.282063420022687e-06,,0.0018083182640144,0.0017921146953405,-0.0018050541516245,0.0017921146953405,0.3000526682646235,-1.3714500118307296,8.919686938659993,13.813754060754178,5.368530402337036,14.415974820547303,-4.063799579914965
US2566771059,2.3087435764776303,Dollar General Corp,11.049238540298026,0.20895046912575369,27098.56088749,62563.62838078049,30,301010,large,0.0003380013997353,,,,,-0.0017921146953405,0.0371184111001922,2.1517666831886517,-0.5047031826720685,-1.1080716627376894,2.709350900878309,2.55388104178565,0.5819704757915432
US04280A1007,2.3062352284574197,Arrowhead Pharmaceuticals Inc,16.205785551418575,0.1423093759410844,10623.475668840001,24500.23383613906,35,352010,large,0.0001325070235659,0.0018050541516245,0.0018083182640144,0.0017921146953405,-0.0018050541516245,,0.1046942753629223,1.0135574501671245,2.9917499711378994,1.876037153937792,0.1665154501456394,-3.5379599824800585,-0.9865123927140236
US8835561023,2.3002171268326,Thermo Fisher Scientific Inc,9.407063539090009,0.2445202073180757,217074.64453740002,499318.8151660262,35,352030,large,0.0027075804506864,,,,,-0.0017921146953405,0.0107409553545765,0.6320304661611512,0.2311476472810627,-1.7672487840387414,-1.0633532044073732,0.4910239755464208,-1.093501757452839
US8292421067,2.29564033887037,Sinclair Inc,12.84283497065755,0.17874872207852047,905.5661062800001,2078.854083090141,50,502010,small,1.1295161124843158e-05,,-0.0018083182640144,,,,-0.007918942546978,2.6880533732147027,-1.2044607865072745,-1.1527673721161404,1.982918245126282,0.3071537451949025,1.5829020027474074
US2074101013,2.29426571769203,Conmed Corp,11.848991016694645,0.19362540780556947,1501.7306493600001,3445.369146034039,35,351010,mid,1.8731144565819054e-05,,,-0.0017921146953405,,,0.0252605802825482,3.5141159225559497,0.6697229737546189,-2.144679204067044,3.64350185064314,1.443590419658646,0.2151325365317595
BMG762791017,2.2859166364850503,Roivant Sciences Ltd,9.388817630428015,0.24347225885788565,16266.43916001,37183.72389223877,35,352010,large,0.0002028919257971,,,0.0017921146953405,,-0.0017921146953405,0.1091588051204216,0.8883075388908153,2.3542018936734816,-3.345253779291028,-0.4771672163820325,-1.6327580489482787,1.3157521074572818
US4335351015,2.27674839363601,Hirequest Inc,13.754336731022216,0.1655294935815348,91.11302900000001,207.44144241506123,20,202020,small,1.1364563403936624e-06,,,,,0.0017921146953405,0.0548523196469644,1.1008582018321047,-1.0986170525619197,0.3894191287679667,0.3117828668541653,5.319804706927072,0.1221967138293276
US2925541029,2.27496171494216,Encore Capital Group Inc,8.635746210507381,0.2634354529981605,2120.65899372,4824.418021160766,40,402020,mid,2.6451061782019535e-05,,,0.0017921146953405,0.0018050541516245,,0.0785402034361818,1.6022971149119996,-0.7739835848472052,-0.3150286036462033,2.2762345886977293,-0.70142463144869,1.7189213907524137
US4041111067,2.2726866445965,HBT Financial Inc,6.5739081556391,0.34571317255885126,536.42774428,1219.1321702161824,40,401010,small,6.6908840353675e-06,,0.0018083182640144,,,,0.0438236826563184,0.4953267472016753,0.5506447688771513,1.1034185489325603,1.7701710824518535,0.8955184972067164,-0.2684167172385518
US20459V1052,2.2701226041605698,CompoSecure Inc,15.424413834419441,0.14717723658936144,1680.65204997,3815.2862083656964,45,452020,mid,2.096283812696001e-05,,0.0018083182640144,-0.0017921146953405,,,-0.0253512194682282,1.3515252413943668,-3.6286438646955097,-1.7353364404756235,0.8832291102689197,4.0610043600439205,2.501392123276681
US02376R1023,2.26884586297896,American Airlines Group Inc,14.347694441576271,0.15813313227555043,9679.80746824,21961.991128749167,20,203020,large,0.0001207366135426,-0.0018050541516245,,,,,-9.609891449869484e-05,1.339731314339233,0.911939783372676,-0.9619336155747452,-0.3947489739918906,-0.286694796847748,0.7783470817564684
IE00BDVJJQ56,2.26719613546075,nVent Electric PLC,9.309948646546195,0.24352402161765246,27402.364133170002,62126.53406521129,20,201040,large,0.0003417907493879,0.0018050541516245,,0.0017921146953405,,-0.0017921146953405,0.0293391316090137,0.7388929331550604,0.1224647165462646,-0.6277648573657477,-1.4429707900351472,0.2386294845047938,0.5281876925436623
US60510V1089,2.25928463498233,Mission Produce Inc,10.344493735190994,0.21840456312486867,774.9059626000001,1750.733134858372,30,302020,small,9.665432091008898e-06,,,,,,0.0183383624484074,0.5685774810081868,-2.3045747440373225,-0.9729556990196035,1.3212303978632385,2.49260347677174,1.266676267459781
US28617K1016,2.2577654057147,Eledon Pharmaceuticals Inc,24.636988026470902,0.09164129167448848,127.78662648000001,288.5122245795301,35,352010,small,,,,,,,0.1004601065473259,0.0635387651730512,3.7812479024681114,-1.2482128995827906,-0.7162381193593964,2.552429065350598,1.632503930501433
US45841N1072,2.25713139551227,Interactive Brokers Group Inc,9.172377317078858,0.24607921343461503,152107.44958080002,343326.49994012335,40,402030,large,0.0018972421111936,0.0018050541516245,,,,-0.0017921146953405,0.0085976561854638,0.9621300050087536,-0.85744006060889,0.1873246304465812,-0.664385813269062,1.320952932476533,0.3830707549725029
US1572101053,2.23472376245619,CEVA Inc,18.372208547998834,0.12163609816521509,906.7274193100001,2026.2853100026348,45,453010,small,1.1309646227255076e-05,,0.0018083182640144,,,,-0.0095440185093746,1.6821086246290555,2.188664001201148,3.498283395755408,-0.2209238348110371,-2.7717207696295194,1.6242962227476494
US35953D4016,2.22539102215034,FuboTV Inc,19.784034598273966,0.11248418572541778,1062.8167653,2365.182887689485,50,502030,mid,1.325655468661752e-05,,0.0018083182640144,-0.0017921146953405,,,-0.1083628308705122,1.642595473528313,2.7170770423564674,4.827187502932422,1.8425347132842755,0.782272721441128,-0.4348777324121696
US8110544025,2.22532981794822,E W Scripps Co,20.55188596795594,0.10827861839141706,274.829181,611.5855713215884,50,502010,small,3.4279550213685405e-06,,-0.0018083182640144,,-0.0018050541516245,0.0017921146953405,-0.0091993068317612,3.8442954639182174,-5.413165350821804,-3.9257929071530304,1.2721263334008106,-0.579131376555138,2.245428486219188
US7043261079,2.22200611357887,"Paychex, Inc.",7.2081305572835355,0.30826385508980814,38799.384454930005,86212.46946195143,20,202020,large,0.0004839462253765,0.0018050541516245,,-0.0017921146953405,0.0018050541516245,-0.0017921146953405,0.0062706102471002,0.0635499276476669,1.7465084823664538,1.5669789801546594,1.17800538088611,0.1301084868254693,-1.5966701824039005
US08265T2087,2.22137290899682,Bentley Systems Inc,10.307924099582815,0.21550148095160346,5904.69560832,13116.530860194547,45,451030,large,7.364949706775611e-05,0.0018050541516245,,-0.0017921146953405,0.0018050541516245,,-0.0053305249811195,0.694384516412425,2.774128476817925,0.352585497165925,1.875240645922279,-0.2970778870891647,-1.0191390267482756
US7547301090,2.22101136467689,"Raymond James Financial, Inc.",6.057425676677893,0.36665928452546387,31217.6237215,69334.69706365836,40,402030,large,0.0003893786300345,,,,,-0.0017921146953405,0.0196135370257647,0.9611123201492258,0.9873657752349416,1.9197817068188547,2.494320854588974,0.4035548137581882,-0.6635302558454101
BMG4388N1065,2.21508351367576,Helen of Troy Ltd,17.649530546553084,0.1255038205029403,693.92714094,1537.1065695883494,25,252010,small,8.655380111361565e-06,-0.0018050541516245,-0.0018083182640144,,-0.0018050541516245,,0.0107454549129493,3.9549916497209487,3.2162001611569746,5.512050348015765,5.426627219804966,-2.91408061322555,1.5181462386300906
US0530151036,2.21253044897289,Automatic Data Processing Inc,7.790395901481839,0.2840074467270703,108277.397904,239567.0397981534,20,202020,large,0.0013505481786729,0.0018050541516245,,,0.0018050541516245,-0.0017921146953405,-0.0079743417578866,0.2388398470404784,0.4293218820634275,1.0933937083970533,0.2812609692931519,0.3965233202565087,-1.823624077728521
US4131601027,2.21218507033578,Harmonic Inc.,13.614350444232958,0.16248921161514998,1483.9539626,3282.780801129341,45,452010,mid,1.850941526320094e-05,,-0.0018083182640144,,,,0.0085472046567294,0.3122302849067826,0.0628649713896684,-1.154375477976893,-3.165891310913361,2.038896416101231,0.5253559059806275
US98937L1052,2.2087038536813397,Zenas Biopharma Inc,28.17204467213327,0.07840055201481724,1410.9865128000001,3116.4513483137553,35,352010,mid,1.7599289435120235e-05,0.0018050541516245,0.0018083182640144,0.0017921146953405,-0.0018050541516245,,0.1507407606406248,2.645399231828151,9.458429492942576,-4.524817237072096,2.952719118269898,-8.307685285939542,0.3950473836726784
US09061G1013,2.20835710274053,BioMarin Pharmaceutical Inc.,8.144286119357966,0.27115416506445383,12931.96139053,28558.388789143228,35,352010,large,0.0001613008554022,,0.0018083182640144,,,,0.0238669791471304,0.9462143098913512,0.1416913231781329,-1.4223028590619669,0.3439756877209079,2.041223110076588,0.0031900414264366
US9252831030,2.20516967378776,Versant Media Group Inc,13.484989865441193,0.16352772199251575,5518.09,12168.324725231501,50,502010,mid,,,,,,,,,,,,,
US7625441040,2.20444159989241,Ribbon Communications Inc,13.48031783114843,0.16353038759951902,308.921317,680.9990022883503,45,452010,small,3.853187554410143e-06,-0.0018050541516245,,-0.0017921146953405,,0.0017921146953405,-0.0703769713985949,1.2537093468696452,2.296506896406513,3.775123725872443,1.267552306323234,-1.5656906842832286,-1.0234249255775358
JE00BV7DQ550,2.20170196530349,Amcor PLC,8.270670013711184,0.2662059980211386,21237.120846539998,46757.810705214826,15,151030,large,0.0002648914310351,,,,,-0.0017921146953405,0.0001020050286813,1.766032967552213,-2.5228546477555485,-2.855036777183724,0.2699468901166592,2.325659827140611,1.0240618156129278
US83601L1026,2.1978101723146,Sotera Health Co,9.066323706874142,0.24241470339827012,2922.6112231499997,6423.344675959885,35,352030,mid,3.64538430069589e-05,0.0018050541516245,,,0.0018050541516245,,-0.0007078130098116,1.78012119381198,-0.7219961795220372,-0.1177663557964128,0.7270598387950871,1.421301692065959,0.3270966192756979
US7392761034,2.19780138819142,"Power Integrations, Inc.",16.421000580836175,0.13384089339576075,3452.87373965,7588.73069825247,45,453010,mid,4.306782791738839e-05,,,,,,0.0137123013512038,1.2943350770350823,-0.6059112455058742,2.477928178832645,0.8598063963654634,1.8278218008375535,2.140215034169096
US4583341098,2.19672987971967,Interparfums Inc,9.48777877898506,0.23153257795020613,2069.56623584,4546.277988328693,30,303020,mid,2.5813779833672452e-05,,-0.0018083182640144,,,,0.0165026096518886,0.9700762659036162,-1.2555496231553218,-0.077178113710395,1.8374513874394915,2.135573355490885,0.2256238053475998
US4435731009,2.19645701173538,HubSpot Inc,18.23073223527386,0.12048100884755193,10766.21017446,23647.517827509455,45,451030,large,0.000134287356584,0.0018050541516245,-0.0018083182640144,-0.0017921146953405,,,-0.0046854970094368,0.8125785822827982,7.505821894078209,3.2533168375638266,3.819186304578664,-3.0536561329163825,-2.778102169415672
US3596161097,2.18971001703719,Fulcrum Therapeutics Inc,26.522099014218025,0.08256171639595063,278.83346205000004,610.5644249360442,35,352020,small,3.477900574029189e-06,-0.0018050541516245,0.0018083182640144,-0.0017921146953405,-0.0018050541516245,0.0017921146953405,-0.0892561021678491,1.735150970811426,-1.2080944719380864,0.4830841734636657,-1.5930373995757332,-1.8312362482591769,-1.1922526255436416
US75513E1010,2.18884164154226,RTX Corp,7.423137495718835,0.2948674523144204,,,20,201010,,,,,,,,0.0416038081069952,0.2785966026066683,-0.0173215676339857,-1.311351506452453,-0.1428655352893797,1.6843750740546173,-0.747395301218022
US6153942023,2.18444652956523,Moog Inc,8.450706499632211,0.2584927697654984,13612.871648100001,29736.590229108962,20,201010,large,0.0001697938754231,0.0018050541516245,,0.0017921146953405,,,0.0489999514287262,1.0758409638819852,-4.151264923497315,-2.4879566506176616,-1.3809177371366483,4.148307182190172,1.6527523618534512
US2546871060,2.1811207645811,The Walt Disney Company,6.406926444215175,0.34043168492287557,184378.69129679998,402152.192133739,50,502020,large,0.0022997625592903,,,,,-0.0017921146953405,0.0017158274782329,1.0373574647618158,1.0017276157450818,0.981487855145747,1.2512332622976712,2.285497157778364,-0.0753767075123128
US81282V1008,2.17231105430538,United Parks & Resorts Inc,12.982653885184792,0.1673241136609458,990.3832057200001,2151.420385783955,25,253010,mid,1.2353088091933537e-05,-0.0018050541516245,-0.0018083182640144,,-0.0018050541516245,,-0.0100770067171363,0.4735406396914013,0.8547831849156223,1.7046937650418503,0.5305496432947987,1.6121808366233623,0.5059061639521292
US6877931096,2.17168039601091,Oscar Health Inc,20.768588534015713,0.1045656228613724,9344.01657718,20292.21762066277,40,403010,large,0.00011654828075,,0.0018083182640144,0.0017921146953405,0.0018050541516245,,0.011519172841848,2.408827890961736,-0.1457704933068022,1.6884816538649927,0.4083597245454822,-2.553553133574596,1.316834220783761
US58844R1086,2.16739044940691,Merchants Bancorp,9.966778728786057,0.21746147961999512,1393.94799036,3021.2295612762196,40,402010,mid,1.738676728466162e-05,-0.0018050541516245,,0.0017921146953405,,,0.0331509812088405,1.0912946525012286,-2.6707932467563635,-0.0055361560203606,0.995935024793775,1.5820969839946093,0.7397794675540147
US3976241071,2.166806465092,Greif Inc,7.847910412321168,0.2760997961559459,4344.3743272500005,9413.418379065008,15,151030,mid,5.418754928284422e-05,,-0.0018083182640144,,0.0018050541516245,,0.0400644904537413,1.0672556130574866,-0.900917663805596,-0.7311660837635516,1.7842267629599555,1.0409750583530997,0.0512871637186325
US50216C1080,2.15943535496782,LSI Industries Inc,11.911121036128387,0.18129572761605708,801.871862,1731.5904489566765,20,201040,small,1.0001778798871583e-05,,0.0018083182640144,,,,0.0007269219926317,0.9370719942075404,-0.9664929794621296,0.8348357574598848,0.2976238377035456,3.180566835571295,1.4032035145493529
BMG9001E1286,2.15880943638439,Liberty Latin America Ltd,16.717607816541587,0.12913387250586839,1329.56003136,2870.266741939494,50,501010,mid,1.658365377769483e-05,,,,-0.0018050541516245,,0.0410844867833468,-0.0663140131424487,-1.0969160385269103,0.0318925484173145,0.903025067535161,-0.4432314250829538,0.5394421189718658
US74179A1079,2.1561116479196603,Princeton Bancorp Inc,6.509395637994798,0.3312306960318431,224.24096912000002,483.48856546042487,40,401010,small,2.796966294825337e-06,-0.0018050541516245,,,,0.0017921146953405,0.0119946718057688,0.5036639927573323,-1.182806562011434,0.1322629262356112,0.215864670388596,0.9337271593028788,-0.4371135387519334
US98980L1017,2.1510596944327403,Zoom Communications Inc,11.573728061619939,0.1858571138858833,30994.58673346,66671.20626794554,45,451030,large,0.0003865966810424,,,,0.0018050541516245,-0.0017921146953405,0.0052072280682964,0.2199730335752537,0.6669996332715724,2.4486618347654283,-0.3592539784518821,0.0965755910963772,-1.758744427111765
US05463X1063,2.15053633143315,AxoGen Inc,15.226677394542318,0.14123477339869067,2474.3120268000002,5321.097908935394,35,351010,mid,3.0862189763981544e-05,0.0018050541516245,0.0018083182640144,0.0017921146953405,,,0.076682666740585,0.8248990102108668,-0.7727651741952273,-0.408295979111787,-0.845796964813486,0.58553435379319,0.4174996068292804
US45073V1089,2.14976465669731,ITT Inc,7.8877264859724505,0.2725455377440453,19485.062138880003,41888.29791971512,20,201060,large,0.0002430379349005,,0.0018083182640144,,,-0.0017921146953405,0.0257437758239595,1.7803087711180896,0.3581056962839823,-0.4510877138354837,1.762504858997945,0.8185533304834868,1.1651422220863594
US68404L2016,2.1497186042564698,Option Care Health Inc,11.940653207004832,0.18003358501320219,3563.5480976999997,7660.625642788442,35,351020,mid,4.444827347281956e-05,,,-0.0017921146953405,,,-0.0038032290234705,1.736900865038216,-2.074875921417977,-0.8818754912010616,2.063851300261389,2.206467436794644,0.657425357126018
US5679081084,2.1486121221851398,MarineMax Inc,17.598913059149826,0.12208777411216643,1010.0327534,2170.168617759274,25,255040,mid,1.2598177661360575e-05,,-0.0018083182640144,,,,0.0809530863487165,1.4236301401306275,-1.1537152399331403,-0.9264525206160216,0.1347168461125076,7.43062106079506,1.2078401823257532
US5128073062,2.1485774350705302,Lam Research Corp,15.036491625967235,0.1428908743153921,414686.76461189997,890986.6250675328,45,453010,large,0.0051724040797779,0.0018050541516245,,0.0017921146953405,0.0018050541516245,-0.0017921146953405,0.0747014282062269,0.4259819080233331,-2.329592159256282,-0.6266959467593463,-2.4738296226709355,3.006748120553305,2.030081815316411
US10240L1026,2.14802408915741,Bowhead Specialty Holdings Inc,9.897634077159777,0.21702399506911316,1056.80617776,2270.045127398848,40,403010,mid,1.3181584395383716e-05,,0.0018083182640144,,,,0.0009319063597719,1.4882094290332657,-0.6023070540511974,-0.3398043979396994,0.9144884032955968,0.5491351444557175,0.2194282302180061
US67011P1003,2.14389778877693,DNOW Inc,11.966292953706953,0.17916139919613008,2904.60080218,6227.167237073399,20,201070,mid,3.622919832848471e-05,,0.0018083182640144,,,,0.0074189356547214,-0.6172284411507982,-0.8153238672723354,1.9969218034344864,-0.1778350783907684,3.063228185674562,-0.8611510614456022
US98379L1008,2.13684498260831,Xpel Inc,11.012535403894105,0.19403751309191772,1183.99078542,2530.004769279199,25,251010,mid,1.4767962933799854e-05,,0.0018083182640144,,,,0.003487204328363,0.7470679749074556,-2.80061177885357,-0.2305787391527682,-0.7884858550148555,1.7878578174926627,0.1253934084719182
US09058V1035,2.13511400856503,"BioCryst Pharmaceuticals, Inc.",12.077281191423504,0.17678763744287487,2407.31606347,5139.89425015842,35,352010,mid,3.0026546517973773e-05,-0.0018050541516245,,,0.0018050541516245,,0.0613921176252545,-0.1596956767394402,2.4144191459126123,-0.4759110779561268,2.0692384851155463,-0.1166712739818902,1.5745427310664284
US4581401001,2.13286033630341,Intel Corp,20.98741657617022,0.10162567310571838,541281.790644,1154478.4620278738,45,453010,large,0.0067514287437091,,,0.0017921146953405,,-0.0017921146953405,0.0268574037669455,2.4690831793391865,-3.0796900693088523,2.732630343722946,-2.5273944816807488,-2.5445044272959074,3.587295752454884
US49714P1084,2.1315550377881203,Kinsale Capital Group Inc,8.927192567707674,0.23877103822074952,8173.697052,17422.68512854451,40,403010,large,0.0001019508399748,,,-0.0017921146953405,0.0018050541516245,,0.0078380349283711,1.4985009677854704,0.329207302810345,0.1107872884043246,2.4700841716979216,2.2929784955451704,0.2736970925837874
US53190C1027,2.12858608731989,Life Time Group Holdings Inc,9.92964914531626,0.21436669676530593,5300.01699192,11281.542431559925,25,253010,mid,6.610731726042858e-05,,,,,,0.0101982281756648,0.1422489077271889,-3.2675002273513143,-0.2542594650049969,-1.277995715568037,0.5868246156742686,-0.0620716741072805
US69354N1063,2.1259696343786003,PRA Group Inc,20.78759887326194,0.10227105339776063,760.4259994499998,1616.642584022698,40,402020,small,9.48482294969186e-06,-0.0018050541516245,-0.0018083182640144,,-0.0018050541516245,,0.0854169270838003,1.101262340173866,3.946607024508232,3.281982471458932,6.3013671178035615,-1.6898793670264896,2.396697084751641
US1920051067,2.1256550884255097,Codexis Inc,23.124413640468923,0.09192255083629464,166.64517749,354.2301694931907,35,352030,small,2.07857175458998e-06,,-0.0018083182640144,-0.0017921146953405,-0.0018050541516245,0.0017921146953405,-0.0163298753886316,-2.427252529953471,7.318659747822772,11.355412440497757,2.5058991178961127,-6.330105082098288,0.8268191496680757
US2186831002,2.1227778572906497,Core Molding Technologies Inc,11.01652872046675,0.19269026670324074,194.72051643999998,413.3484006590319,15,151010,small,2.428756544938994e-06,,,,,0.0017921146953405,0.0452003607532962,-0.3798604751710183,3.1225267280278404,6.303614322930374,3.96214729040052,-2.6393492495114383,0.118644729018624
US7841171033,2.11389857870335,SEI Investments Company,5.828040283802346,0.36271173083316344,10651.1483172,22515.44728928766,40,402030,large,0.000132852185581,,0.0018083182640144,,0.0018050541516245,,0.016372474600274,1.453442691140722,0.3386016749389328,1.60421096440169,2.1123925989208243,0.4775810110480019,-0.6831955166840858
US48020Q1076,2.11314904176657,Jones Lang LaSalle Incorporated,9.377613486551487,0.22533974606620913,17095.50913742,36125.358752250715,60,602010,large,0.0002132329477431,,,,,-0.0017921146953405,0.033960855715578,1.2119774701506398,0.5705994846314953,1.6692299456129829,2.758826093852943,0.933459623415228,-0.0973863779872097
US50101L1061,2.11131737616939,Krispy Kreme Inc,17.859833623023942,0.11821595994307543,265.81757525,561.2252655165394,25,253010,small,3.3155529137433458e-06,-0.0018050541516245,-0.0018083182640144,,-0.0018050541516245,0.0017921146953405,0.0038047164597708,2.261774090333838,2.3440173469410874,-0.548334990759654,2.541038926978742,-2.4845979993824856,1.5837060955829825
KYG6683N1034,2.10824517639981,Nu Holdings Ltd,9.785141967608821,0.21545371374054764,68636.58795305999,144702.75547658003,40,401010,large,0.0008561068204882,,0.0018083182640144,,0.0018050541516245,-0.0017921146953405,-0.0105735505451774,0.8434755303001127,-1.2453336504325945,0.0648996338007643,0.0716023511546071,1.0533411870943203,-0.4529534312448364
US0258161092,2.10703807585958,American Express Company,7.183898828935027,0.2933000764672429,180895.73021500002,381154.19132342737,40,402020,large,0.0022563194507887,0.0018050541516245,,,0.0018050541516245,-0.0017921146953405,0.0017725410253499,0.1103821010697769,1.5384232111356644,1.3293432898529276,0.414588278631388,-0.5817860282116691,-0.4080742726558239
US4491721050,2.1057156109734203,Hyster-Yale Inc,13.452311952475938,0.15653187484890707,503.1881451999999,1059.5711326044,20,201060,small,6.276285228355943e-06,,-0.0018083182640144,,-0.0018050541516245,0.0017921146953405,0.0124834289220943,1.825678178871094,1.277555584493448,1.4132224704151888,3.1720035833612155,1.630242454999481,1.7659600872028078
CA92919F1036,2.1030500520402,Vox Royalty Corp,14.095007063947502,0.14920532089830763,308.7692727,649.3572350201496,15,151040,small,3.851291099966117e-06,,0.0018083182640144,,0.0018050541516245,0.0017921146953405,0.0046918753863499,2.1592366714562727,-2.1772349002922966,-3.419106735999578,-1.344807113373669,1.9954520861934069,1.2951929526088362
US68375N1037,2.1021308944630097,OPKO Health Inc,10.910696146732333,0.19266698166574653,419.32364034000005,881.4731791374097,35,351020,small,5.23024001036498e-06,-0.0018050541516245,-0.0018083182640144,,,0.0017921146953405,-0.0343045477549648,0.0635014375404131,-1.140853149019045,0.2345434731010945,-1.7295347005915396,0.0482036170115974,0.5204139018515059
US05988J1034,2.10028164517934,Bandwidth Inc,33.138965924566016,0.06337800793060941,1660.4815344,3487.478888859547,50,501010,mid,2.071125050485894e-05,,,0.0017921146953405,,,0.0228948936646669,-1.8435538543833987,-1.2448472155686074,1.3847755421757424,-11.82267198329498,-1.4620234535461596,-2.1860510839776426
US46982L1089,2.09971964385942,Jacobs Solutions Inc,8.933105184483374,0.235049246650156,16726.7669292,35121.52109949935,20,202020,large,0.0002086336118951,,,,,-0.0017921146953405,0.0260132652169189,0.6259589837395106,1.8867761166040464,0.0969720860668862,1.503417691957485,1.348418940310682,-0.0649139458822401
US2546041011,2.0972002243544603,Disc Medicine Inc,14.644369513169572,0.14320863881975007,2361.77027207,4953.105144458898,35,352010,mid,2.945845209741865e-05,,,,-0.0018050541516245,,-0.0059993331575267,0.9098690531272452,0.3786799924442038,-1.490237814799249,-1.7621288601914005,-1.8456416837841896,-0.2238787726177569
US85423L1035,2.0913189953604,"StandardAero, Inc.",8.956950626619943,0.23348560046150382,4196.927328,8777.113843193569,20,201010,mid,5.234843714917031e-05,,,,,,0.0018658020407623,0.718992384357781,0.1120261530072039,-1.3647588782487712,-0.8853681079142511,1.4880828186187078,-0.6497815603922555
BMG9001E1021,2.09087411316875,Liberty Latin America Ltd,16.884530240378332,0.12383371544258608,1235.7897644399998,2583.880827786503,50,501010,mid,1.5414053605784835e-05,,,,-0.0018050541516245,,0.0447921616351507,-0.1700513075107909,-1.277780312569034,-0.1125757699890922,0.7225236744263055,-0.2856476414149723,0.5596505284893414
US03843E1047,2.0883451205787997,Aquestive Therapeutics Inc,23.707075457216625,0.08808952940431505,499.95909681999996,1044.0871403330307,35,352020,small,6.236009182820361e-06,-0.0018050541516245,0.0018083182640144,,0.0018050541516245,0.0017921146953405,0.0813464867074768,-0.6960723560981266,9.968810694787136,1.6653550189630333,1.875856440925573,-7.552558480827998,1.15689164448898
US8606301021,2.0813111016959303,Stifel Financial Corp.,7.03180018916757,0.2959855294099757,12505.96369048,26028.801066402233,40,402030,large,0.0001559873695866,,,,,,0.0242274151595071,0.962307322992802,1.802446761133229,1.4305416706072749,2.1467453704436705,-0.3700051140116978,-1.2081778027492005
US12514G1085,2.08100555521562,CDW Corp,12.249873476576882,0.1698797591007559,17362.16243216,36130.7564718809,45,452030,large,0.0002165589246184,0.0018050541516245,,-0.0017921146953405,0.0018050541516245,-0.0017921146953405,0.0005381529958243,0.8770104180875968,2.8160604610483317,2.2857462433345743,2.882358462491683,-2.1073596266286745,-0.0818634940411728
US55380K1097,2.07572538199255,M-Tron Industries Inc,13.615067761745001,0.1524579545483298,325.7920745999999,676.2548784992301,45,452030,small,4.0636171675203e-06,,0.0018083182640144,0.0017921146953405,,0.0017921146953405,0.0131814869240399,-1.952669587493804,-4.066431674185066,-1.754423699318436,-6.077687670401383,2.4901499810319514,-0.2530788155938592
US78442P1066,2.07076914067653,SLM Corp,10.353241225934909,0.2000116770668151,5212.04947065,10792.951203501463,40,402020,mid,6.501009495980673e-05,,-0.0018083182640144,-0.0017921146953405,0.0018050541516245,,-0.0121491903241741,-0.4200705283155329,-0.3681362655582209,3.304309580922629,0.7539172510783665,0.1501506637602035,-0.5659341720671729
US6033802058,2.06675218516743,Minerva Neurosciences Inc,32.02798938962545,0.06452956381448331,210.74169732000001,435.55086344200316,35,352010,small,,,,,,,0.147645746216498,2.7596647560001326,4.769572693403555,-9.461821131846534,0.1160556830159247,-0.0980303534368323,2.686062161032196
US3695501086,2.0613069207360097,General Dynamics Corp,5.96504182643476,0.34556453763678474,106460.56502550001,219447.89947252916,20,201010,large,0.0013278867517961,,,,,-0.0017921146953405,0.0159857307126836,-0.0692307713286198,-0.2562929373846651,-1.3619155937249088,-1.080062334223375,0.768445998251265,-0.8712514013978969
US04247X1028,2.05651819983025,Armstrong World Industries Inc,7.1792929394437515,0.2864513563071837,7617.49648192,15665.520152211384,20,201020,large,9.501332871728368e-05,0.0018050541516245,,-0.0017921146953405,0.0018050541516245,,0.0068479636179044,0.9437564065963472,1.3096590577877398,1.3008522606533122,2.1727347713820264,0.1265782095061018,-0.1300378766778518
US00181T1079,2.05478029152511,Gold.com Inc,14.077954948399658,0.14595729983911418,953.5855732199999,1959.4088421351305,25,255010,small,1.1894109796237748e-05,,0.0018083182640144,0.0017921146953405,,,0.0414027334039974,3.230447321522705,-6.555084680856829,-3.174658213997051,0.4407120345703945,6.982330557176583,2.3855110381414955
US9699041011,2.0539549999856,Williams-Sonoma Inc,9.883214989814903,0.20782255592965376,27346.921610580004,56169.346376265064,25,255040,large,0.0003410992126558,0.0018050541516245,,,0.0018050541516245,-0.0017921146953405,0.0214835036428704,0.7255046058025959,-0.4976266674442119,0.2049595742944046,0.5219785588625909,2.1555128380554214,0.9797684996933618
US9553061055,2.05339755425611,"West Pharmaceutical Services, Inc.",9.054971761447042,0.22677017757236648,24444.818026920002,50194.9295507132,35,352030,large,0.0003049011622307,0.0018050541516245,,,,-0.0017921146953405,0.0279108284912506,1.2077914345807856,3.1992397371037646,1.2595537052056185,1.7559404511689882,-3.00206559159338,0.8757058124219925
US2265521078,2.05194663170374,Crexendo Inc,16.073554916991682,0.1276597891568209,147.98312861999997,303.65348232079026,45,451020,small,,,,,,,-0.0820822341913906,-0.4721893916124128,-3.992863272444187,-0.4865527126541095,-5.8296065819162575,-1.3714365768353145,-1.5947352119068503
US4523271090,2.04599077995096,Illumina Inc,13.616349037683268,0.15025986586335863,28767.288883409998,58857.6078196426,35,352030,large,0.0003588155086742,0.0018050541516245,,0.0017921146953405,0.0018050541516245,-0.0017921146953405,0.0269311318134669,1.1846823386178136,-0.7349618980488515,-3.0405143013136,-2.613107021709133,-0.3501357646575791,-1.2402169563469865
CA1366351098,2.04301250105025,Canadian Solar Inc,27.28323400335995,0.07488161047178832,722.11928488,1475.2987262593067,45,453010,small,9.00702181487582e-06,-0.0018050541516245,,,,,-0.0351487946207112,1.3321141988750007,0.1398931714558364,-6.269445310169294,-7.5368017712025726,-5.147250027741954,-1.8001449358457562
US26828M1062,2.0328933975604,ECB Bancorp Inc,6.489390131484805,0.3132641675675098,152.0022036,309.0042761130717,40,401010,small,1.8959293739979643e-06,-0.0018050541516245,,,,0.0017921146953405,0.0050762228929875,0.8719518981665102,-0.9346863366546704,-0.0216129133695344,0.5770287881811312,0.1888072033956227,0.2249203429155698
US3021301094,2.02553593163562,Expeditors International of Washington Inc,8.070947658559659,0.25096630746792586,24017.01715035,48647.33120874284,20,203010,large,0.0002995651853244,0.0018050541516245,,,0.0018050541516245,-0.0017921146953405,0.0108145468483018,0.3469869326418488,-2.505165024708199,-0.6544710115164303,-1.3814504921712305,1.3959367570411734,-0.5702007145057313
US9682232064,2.02194326157565,"John Wiley & Sons, Inc.",9.70967723143398,0.20824000771414292,2355.5673337900002,4762.823497744411,50,502010,mid,2.938108260795325e-05,,-0.0018083182640144,,0.0018050541516245,,0.0183232333749666,-0.9334741209385836,0.2757791937954101,2.129539620152918,0.7110058625775799,-2.3541149532241503,0.1853999204798855
US28176E1082,2.02096794067681,Edwards Lifesciences Corporation,6.992446166165814,0.2890215945394933,52198.15834335,105490.8045742821,35,351010,large,0.0006510696511491,,,,,-0.0017921146953405,0.0078788155707895,0.8493890856722579,0.2564500072752009,-1.246076108553491,0.0267697105111346,0.4426427048240035,0.5894043757926472
US1314281049,2.01893276275429,Calumet Inc,13.510528621402777,0.14943403173403494,3273.027073,6608.021591061477,10,101020,mid,4.082459347708614e-05,-0.0018050541516245,,0.0017921146953405,,,0.1037947064162276,-0.5960415277430697,0.2390635792900311,-0.6720388152278496,-0.4507012435746763,-0.5356156129943568,-0.9046576382322128
US8962391004,2.0178837926659,Trimble Inc,7.947350398482467,0.25390648348048317,13385.68209224,27010.750947709268,45,451030,large,0.0001669601312916,,-0.0018083182640144,-0.0017921146953405,,,-0.0109266987622199,1.1831739087061588,2.5276938857824405,1.0827471041634458,2.54226950572001,-1.6491883834511392,-0.5960011192598548
US98985Y1082,2.01306317029515,Zymeworks Inc,13.62638301135602,0.1477327599420546,1737.74849769,3498.197499935465,35,352010,mid,2.167500433126158e-05,0.0018050541516245,,0.0017921146953405,-0.0018050541516245,,0.0233973615091601,0.7257294399344496,-0.1902581698117316,-0.8805861216514763,-0.6438693078147592,-2.592932346990093,0.5543386995625191
US09739D1000,2.01278446220888,Boise Cascade Co,11.227245098332187,0.1792767900388921,2876.31549984,5789.40314648852,20,201070,mid,3.587639465663834e-05,,,,,,0.006462493325147,1.388209160743191,-2.1223385856761543,-0.2127495275686048,2.0974910523831043,2.8516970144291776,1.8760082119451664
US82846H4056,2.00995486829172,QXO Inc,17.47104957194917,0.11504488382419935,15041.66078219,30233.05931635543,20,201070,large,0.0001876152176432,,0.0018083182640144,-0.0017921146953405,,-0.0017921146953405,-0.0115602514082488,1.6504586127713914,-1.583155531742841,-0.8110852858372866,1.7110098274020549,3.8853089245851176,2.4192321240568413
US65249B2088,2.00141783765452,News Corp,7.9491991405634606,0.2517760345745539,9732.062363469999,19477.92321141506,50,502010,large,0.0001213883908751,,,,,,-0.0013166469007841,0.0213199780550325,0.1528192235435033,2.3813797110044463,0.970364804231062,0.7448961445720856,-0.8634272506917982
US42704L1044,1.99946146551833,Herc Holdings Inc,15.801381150497194,0.12653713282876014,5731.725596589999,11460.364461306764,20,201070,large,7.149203541066945e-05,,,,,,0.0501796162213193,2.304122429729127,2.9299614777635243,-0.0672000797307148,1.8319403902285745,2.441989472745088,0.1110830098714682
US33748L1017,1.99656813380671,First Watch Restaurant Group Inc,15.852884132327517,0.1259435265621647,523.7457208200001,1045.6940164068378,25,253010,small,6.532700665455191e-06,,,-0.0017921146953405,,,-0.0614078098185563,2.2425718847508014,-2.199340756256982,0.1846177803426112,0.8968232710085355,0.2288286079069417,0.7234349642217749
US0538071038,1.9954850995296198,Avnet Inc,9.709236268346245,0.20552441452426481,7784.935236,15534.722264241105,45,452030,large,9.710179878342352e-05,,0.0018083182640144,0.0017921146953405,,,0.0205217669376176,2.188090925131424,-3.4144718202944127,-0.0860013546457345,0.6370987749517625,3.0936312462856264,1.2755636091216322
US3743964062,1.9892738738184998,Gevo Inc,16.821551632459002,0.11825745432305905,397.11022813,789.9610018451133,10,101020,small,,,,,,,0.034158399838077,-3.764508871186978,3.17140666662792,1.3708432225519576,-2.851114446527148,-1.6088272107403196,-2.817195373063732
US87650L1035,1.98917751469865,Tarsus Pharmaceuticals Inc,12.522006997219586,0.15885452828291274,2941.6309473600004,5851.4261370302,35,352020,mid,3.669107676384558e-05,0.0018050541516245,0.0018083182640144,,,,0.0406640085981897,0.8820537474503052,1.8167752513727569,-3.437272159716912,-0.2250678735650506,0.4188352486921305,0.4569583887943173
US55024U1097,1.9870354541109798,Lumentum Holdings Inc,21.839682738039496,0.09098279851153881,82316.13500561,163565.078701533,45,452010,large,0.001026732340814,0.0018050541516245,0.0018083182640144,0.0017921146953405,-0.0018050541516245,-0.0017921146953405,0.1804490444314,3.2333117927919144,-2.439195711643555,-6.941706797533383,0.2273743114304252,-0.7601939651401499,4.063062348489531
US9581021055,1.98546127436349,Western Digital Corp,20.602716196261852,0.09636890861622077,182082.15071399996,361517.0589954634,45,452020,large,0.0022711177196341,0.0018050541516245,,0.0017921146953405,0.0018050541516245,-0.0017921146953405,0.0938243354806816,1.5170523053073015,-2.8482726478123226,-1.8080239534765643,-3.244867065670134,-1.6475559922222782,1.9107212631590704
US73278L1052,1.98376162484953,Pool Corporation,10.780158119578866,0.18401971500275424,6746.92698873,13384.29484590417,25,255010,large,8.415468170326471e-05,,,-0.0017921146953405,0.0018050541516245,,-0.0251649955712416,0.9603662303597688,-0.972129108980637,1.9512544716045888,2.5472018763684083,2.638649678338834,1.944631848603478
US0554771032,1.98356977134331,Bicara Therapeutics Inc,19.540654733407507,0.10150989301049967,1474.4229224399999,2924.6207391276453,35,352010,mid,1.8390534230057163e-05,,,0.0017921146953405,-0.0018050541516245,,0.0458903109942032,0.4081906364870485,0.7950045117614556,-0.9200056449747134,-0.3313015148711348,-4.001284825318286,1.0365663185201868
US48242W1062,1.97989926239724,KBR Inc,9.497554291208315,0.20846411630728878,4778.81520088,9461.57269135503,20,202020,mid,5.960634712966999e-05,,,-0.0017921146953405,0.0018050541516245,,-0.0203914573781326,0.9407767986987018,-1.519282660044179,-1.019339545959189,0.3207256617894709,2.611301403460722,-0.3285836058468699
US50189K1034,1.9792175876178602,LCI Industries,9.884435626673797,0.20023577089994007,2487.3558966499995,4923.018537314671,25,251010,mid,3.102488645793408e-05,,,,,,-0.004654586603741,1.025268194912634,-2.970951664432139,-1.911633945442486,-0.6117774295782878,3.598743020741814,-0.531481969285293
US3696043013,1.97786541192954,General Electric Company,8.359278630617515,0.23660718817114385,381369.34247219993,754297.2316460755,20,201010,large,0.0047568345827279,0.0018050541516245,,,0.0018050541516245,-0.0017921146953405,0.0270718914399596,0.84282721180991,0.6080340826179302,-1.484286216982552,-0.125486649106198,0.6489749945894911,0.667537519027683
US68268W1036,1.97648977772562,OneMain Holdings Inc,7.13745787122624,0.2769178905690763,7523.42198808,14869.966652956282,40,402020,large,9.383993391121492e-05,,,,0.0018050541516245,,0.0176479350354272,0.7020468616147074,1.5152361370602008,2.3893273385784117,2.1065949178304324,0.4840095951412788,-0.4376410760481051
US04965N1046,1.9747995930566802,Atrium Therapeutics Inc,10.876982536437714,0.18155766881496166,213.51226364,421.6439313488826,35,352010,small,,,,,,,,,,,,,
KYG0260P1028,1.97367082533772,Amer Sports Inc,11.15059630500583,0.17700137027216034,6280.097784840001,12394.84577820675,25,252030,large,7.833190295839701e-05,,,,,,-0.0385877175821011,2.287253765171657,-2.073056018422379,-1.1537506631588754,1.0442808484642565,-0.3769858969076873,0.5043402944512005
US1696561059,1.97333805236982,Chipotle Mexican Grill Inc,12.444177187054411,0.15857521334738545,42078.5235555,83035.15171960798,25,253010,large,0.0005248470544103,0.0018050541516245,-0.0018083182640144,-0.0017921146953405,0.0018050541516245,-0.0017921146953405,-0.0209039291505327,1.8294502984626568,-1.4628275043081498,0.9940705434871064,2.6302192707936016,0.4817463294264417,0.190664122404479
US45256X1037,1.9732219270171598,Immunitybio Inc,42.90411950089706,0.045991432756845245,2963.08772496,5846.8296705664625,35,352010,mid,3.695870798207602e-05,-0.0018050541516245,0.0018083182640144,0.0017921146953405,0.0018050541516245,,0.0696097662227439,3.342815671328033,-28.78799026067139,-15.494795385858811,-7.848373161956844,22.11429310814664,8.928863776907383
US36266G1076,1.9724610304228,GE Healthcare Technologies Inc,9.474079752983792,0.2081955273599621,33193.99245948,65473.856570472584,35,351010,large,0.000414029953867,,,,,-0.0017921146953405,0.0178050006726469,1.4551301160761485,0.3639683417071767,-1.540552919982951,1.367917761053583,1.58838811532312,0.418710737402484
US88642R1095,1.97165294541285,Tidewater Inc,12.413839185068618,0.15882700879389164,4612.94735414,9095.131237824544,10,101010,mid,5.75374710516382e-05,,,,,,0.0589857799938844,1.663458594959661,-3.709576277892005,-2.184155958946328,1.7109545778163842,4.5743262832005085,1.6139434194558877
US08659B1026,1.9700250939467399,Beta Bionics Inc,27.969296195618696,0.07043527588854159,738.9756223200001,1455.8005197853088,35,351010,small,9.217271564771669e-06,,-0.0018083182640144,,-0.0018050541516245,,0.0685538822270974,-0.4352903826227479,7.575632703527134,0.0630808464077881,-0.387778520491442,-1.5958965796926845,-0.1746914789904238
US58502B1061,1.9677281422602702,Pediatrix Medical Group Inc,11.796360984066665,0.16680806436138051,2123.7134594500003,4178.890740256681,35,351020,mid,2.648916025139842e-05,,,0.0017921146953405,0.0018050541516245,,0.0012082463722971,0.7998931842091453,-3.460242652834979,-1.3384411660445918,-0.7205476632224626,-1.801973959515976,0.3487413551166314
US5237684064,1.9676413733552298,Lee Enterprises Inc,20.33847632328935,0.09674477783284616,174.29624375,342.9525004229079,50,502010,small,,,,,,,0.0344293264270284,0.8785516074448829,-7.307706502088297,-5.768127139059791,-3.639710279466285,3.6191025662640537,3.5080366745955684
KYG3323L1005,1.96614748957213,Fabrinet,16.684147078807175,0.11784525036162045,20350.6663725,40012.41159941084,45,452030,large,0.0002538346500396,0.0018050541516245,0.0018083182640144,,,-0.0017921146953405,0.0496287495833623,1.4477117323223043,1.1357944208927808,-0.2811758860488015,0.2676646652274356,1.557637389120803,1.256758721123679
US87874R3084,1.9638678148659001,TechTarget Inc,20.657295128038374,0.0950689721327707,265.55323688,521.5114550420923,50,502010,small,3.312255811013989e-06,-0.0018050541516245,-0.0018083182640144,-0.0017921146953405,-0.0018050541516245,0.0017921146953405,-0.0432783326688386,1.8766570113936047,2.3152857422849413,6.435548042432064,4.173149185799532,-4.050920153727065,-1.171440429172844
US10806X1028,1.96362522033355,BridgeBio Pharma Inc,10.47351721734495,0.18748479422763878,12849.326868659999,25231.262303610296,35,352010,large,0.0001602701518097,-0.0018050541516245,,0.0017921146953405,0.0018050541516245,,0.0422016850339532,0.1290494065984941,0.6793630906759298,-0.1213568765518414,0.1285549831892053,-0.7785730013203866,-1.094994561154616
US4464131063,1.96007226498027,Huntington Ingalls Industries Inc,9.652552741053713,0.20306258018604728,12800.934464,25090.756608716478,20,201010,large,0.0001596665514717,,,,,,0.0398675199951079,1.424689033355641,-0.8002615987270221,-2.4656046416470865,0.833466279950814,3.087053819538903,-0.2589368764187455
US5309093087,1.95897187334129,Liberty Live Holdings Inc,8.805773754754814,0.2224644793177332,7453.7484598500005,14601.683583807111,50,502020,large,,,,,,,,,,,,,
JE00BWK75100,1.9575217835445,Versigent PLC,12.389327474628272,0.15800064915171944,3272.59,6406.166213609896,25,251010,mid,,,,,,,,,,,,,
US1924221039,1.95746913043921,Cognex Corporation,15.525928409300972,0.1260774285978652,11009.075530030002,21549.925504707415,45,452030,large,0.0001373166255725,0.0018050541516245,,,,,0.022471093510848,2.027387623143497,-1.2710735192474008,-2.58977646004497,0.369413171962071,0.0826606384187849,2.2193718395713207
US70014A1043,1.95479733715159,Park Aerospace Corp,9.834887637268274,0.19876153233760302,752.0417736999999,1470.0892566555185,20,201010,small,9.380246177111075e-06,0.0018050541516245,,0.0017921146953405,,,0.0684637925216956,0.7325588908949716,-0.3833165444409587,1.2828410478208307,1.7934633824419484,1.8156954836357588,1.0785858037709175
US6153691059,1.95255784081864,Moody's Corporation,8.013361697296858,0.24366276159446226,72369.39667566,141305.43291437434,40,402030,large,0.0009026662882925,0.0018050541516245,-0.0018083182640144,,0.0018050541516245,-0.0017921146953405,-0.0052837974856098,1.068186640346729,0.130383040875568,0.2345258175779736,0.8811073010295416,0.9005758801265412,-0.464088808115146
BMG4660A1036,1.9504705442774,Himalaya Shipping Ltd,11.287775792995767,0.1727949403006123,532.6928723899999,1039.0017567432146,20,203030,small,6.644298833596318e-06,,,0.0017921146953405,0.0018050541516245,,0.0290813688017768,2.135829445956713,-4.803131524609006,-4.662134561691106,-0.840223383555152,0.6111262984859156,1.4964956984785895
US87918A1051,1.9488479825335199,Teladoc Health Inc,16.37891572907716,0.11898516451084544,1224.75006487,2386.851693029697,35,351030,mid,1.5276355005375364e-05,-0.0018050541516245,-0.0018083182640144,,-0.0018050541516245,,-0.0274698791122284,-0.7195837105668246,3.1628344021110912,1.4669839584229156,-1.8331882907233217,-3.0510697717171054,0.0758414323210073
US36164V8000,1.94305863692771,GCI Liberty Inc,12.010536106856453,0.16177950922760861,1066.97,2073.1852738427588,50,501010,mid,1.3308358143925014e-05,-0.0018050541516245,,-0.0017921146953405,-0.0018050541516245,,0.0482518517427222,1.1857679007935082,2.350062629382512,0.4301452901581194,4.272481750770393,3.226911755844304,0.3270670475041322
US6837121036,1.93861867095277,Opendoor Technologies Inc,30.396909280940484,0.06377683510633515,3160.70649952,6127.404633371244,60,602010,mid,3.942361461282296e-05,,,,-0.0018050541516245,,-0.0527374301990389,0.1254109436430035,2.093963466081936,2.128684865178839,-1.1710141132265224,-7.796741074812951,1.38034196415333
US7416231022,1.93623758758582,Primo Brands Corp,15.284171885924229,0.12668253157823842,7869.980339999999,15238.15174786943,30,302010,large,9.816256966022356e-05,,-0.0018083182640144,,,,0.014802153856645,1.6545863396353089,-0.3105094152387118,-1.4845198243488318,0.364742034688198,4.3370870898813685,1.432559248237983
US29415C1018,1.93578294555182,Eos Energy Enterprises Inc,29.98605044881434,0.06455611581312343,1408.4648310500002,2726.482199356116,20,201040,mid,,,,,,,-0.1095366563877929,0.7135197189276707,-2.20577033974352,0.8768664322961017,-7.632653194148207,-0.0882720532100691,0.1143899201284259
US23804L1035,1.93436145635924,Datadog Inc,18.921719702649277,0.10222968560772017,89590.68071059999,173300.75961557188,45,451030,large,0.0011174680312049,0.0018050541516245,0.0018083182640144,0.0017921146953405,,-0.0017921146953405,-0.0312562262722199,-0.6200645397580659,-1.0112305600489324,-1.484535593171812,-7.738841228125436,-4.042704863227769,-3.041685634700378
US63938C1080,1.92573796827385,Navient Corp,10.372587350841137,0.18565647153771017,837.2788,1612.3795751907674,40,402020,small,1.044341090819401e-05,-0.0018050541516245,-0.0018083182640144,-0.0017921146953405,,,-0.0151260980898301,0.6092718911151607,3.2160122037647563,2.4054185769874272,2.08160427415172,-0.7204503168567041,-0.488981529315633
US2189371006,1.91510949469521,Core Natural Resources Inc,11.865966114827536,0.16139515958183273,4655.205141300001,8915.227565857589,10,101020,mid,5.806455406793205e-05,,,,,,0.0557546728398738,-3.9725843827206697,0.4672592829916461,2.743936177227348,-2.0866769441448763,1.70205451356044,-1.9882166605392828
US00737L1035,1.9125281231892801,Covista Inc.,15.75242347877831,0.12141167521085508,4385.45519544,8387.30639426554,25,253020,mid,5.4699952543231946e-05,,,,,,0.0266138986855907,-2.1779827042281656,0.9763724499666524,4.821518541683428,1.1125067026775644,0.0052814060622186,-0.5556589918514785
US78467J1007,1.9124625086028,SS&C Technologies Holdings Inc,7.421818824410092,0.25768110942196276,16360.715846200002,31289.255669761238,20,202020,large,0.0002040678425562,,,-0.0017921146953405,,-0.0017921146953405,0.0035948307246613,1.275844166143633,1.4876592135139206,0.6047159797986983,1.5053362888661803,0.2687237973251355,-1.5889622958023255
US65249B1098,1.9104498081598,News Corp,7.685279779722359,0.24858558997429467,16487.724117100002,31498.969376505407,50,502010,large,0.0002056520216394,,,,,-0.0017921146953405,-0.0014061441747084,0.2380595329327908,0.0806542328856385,2.1680034278140843,1.106857838430338,0.6913503609355639,-0.6426401832510141
US5309091008,1.9085897402422902,Liberty Live Holdings Inc,8.47639975342885,0.22516514036165325,7572.747134240001,14453.267485859671,50,502020,large,,,,,,,,,,,,,
US49338L1035,1.90379320217101,Keysight Technologies Inc,11.497041672937476,0.1655898322654852,60726.28798125,115610.29425178286,45,452030,large,0.0007574413424984,0.0018050541516245,,0.0017921146953405,,-0.0017921146953405,0.0706250487648442,2.7244021265723823,-0.4291655373737157,-2.5570690226884203,1.9207732594231937,0.3850335775522734,2.619182478904354
US29251M1062,1.9035673706040102,Enanta Pharmaceuticals Inc,15.842041438580583,0.12015922177606463,357.59577156,680.7076426075815,35,352010,small,4.460305911762913e-06,,,0.0017921146953405,-0.0018050541516245,0.0017921146953405,0.0537034378255496,1.5298074899587304,2.6395135013547155,-2.833221819177309,0.0187233456474672,-1.6540512177173796,0.3530040874407486
US8051111016,1.9026048424546,Savara Inc,15.664072880677024,0.12146297179206987,989.9406323799999,1883.465840908757,35,352010,mid,1.2347567857518627e-05,0.0018050541516245,,0.0017921146953405,-0.0018050541516245,,0.0093253738307586,1.261473519857114,-2.518119839627779,-4.636315364324163,-2.2072754301694446,-2.484645058554388,0.977213855220516
US98422E1038,1.90139092893515,Xeris Biopharma Holdings Inc,12.882431663165292,0.1475956541940597,1498.3079328000001,2848.8691121774964,35,352020,mid,1.8688452889571715e-05,-0.0018050541516245,,,0.0018050541516245,,0.0453546171156949,0.2118571914011859,4.057512839650775,2.2447906391739094,1.661303835949526,1.0460735879153482,-0.365316981580536
US0207641061,1.9009309929552303,Alpha Metallurgical Resources Inc,14.474352926575921,0.13133098264206258,1861.0034969600001,3537.639225369329,15,151040,mid,2.321236871199804e-05,,-0.0018083182640144,,,,0.0586377256541851,-4.267441763170567,3.2000615199257627,4.626783237614583,-1.819459728458088,1.9196238503881085,-2.4189654221073256
US46120E6023,1.9000402138215002,Intuitive Surgical Inc,10.383644808749406,0.18298393760738998,138459.7909669,263079.1708344289,35,351010,large,0.0017270143365984,0.0018050541516245,,-0.0017921146953405,,-0.0017921146953405,-0.0056410957261478,0.962078211299927,1.437437811036005,-1.389610335606421,0.0989806469910015,0.5844693919805108,0.4665544579583818
US68554V1089,1.8973749930550101,OraSure Technologies Inc,12.74517814973477,0.14887002525692392,251.53735163999997,477.26068082102057,35,351010,small,3.137435131446548e-06,-0.0018050541516245,-0.0018083182640144,,-0.0018050541516245,0.0017921146953405,-0.0178285013256378,-0.179564711918123,-3.107857946621762,-1.3873090890671536,-2.862883773132385,1.6999936340737798,0.6580625593603723
US3205571017,1.8960078172751402,First Internet Bancorp,9.858590072054344,0.1923203828760118,223.5399336,423.8334615787658,40,401010,small,2.7882222516265843e-06,-0.0018050541516245,-0.0018083182640144,,,0.0017921146953405,0.0048240983753415,0.5642092303562541,-1.813703174338484,2.255453932555268,1.585781390718948,0.8050706870808744,0.0696980312018397
US5132721045,1.89390499674998,Lamb Weston Holdings Inc,11.629197141262457,0.16285775997640187,7024.91239122,13304.516679462407,30,302020,large,8.76220043975486e-05,,,,,,-0.0235514402147239,1.8858796215438272,-2.080372832754568,-3.399907806640146,-0.5925463943444715,0.4428552736487365,0.599671395780309
US9139031002,1.8932567030021399,Universal Health Services Inc,8.876405633241257,0.21329091765613795,9497.84144778,17981.851985061032,35,351020,large,0.0001184669443201,,,,0.0018050541516245,,0.0043794281611484,1.0699148576278017,1.0410707411111455,-1.5053547794571156,0.9470850159128704,-1.5777936921268028,-0.4506397602906589
US7473161070,1.88747106735408,Quaker Chemical Corp,10.562340820127321,0.17869817869892668,2294.8577975,4331.477696473158,15,151010,mid,2.862385020994868e-05,,,,,,0.0136244423698946,1.325788349737011,-0.6574757813729406,-0.3027366771014912,0.7828788463949191,2.4282620943961355,0.5359279066157475
US37892E1029,1.88497962762171,Global Industrial Company,8.955770873573908,0.21047653565856428,692.7046014,1305.7340615988169,20,201070,small,8.640131328318529e-06,,,,0.0018050541516245,,0.0303627440589264,0.865219666589651,-0.203285485053439,1.5912012685940824,3.2252355695717263,1.8559944632793977,1.247661196083507
US33767U1079,1.88102129393941,Firstsun Capital Bancorp,9.036855667930162,0.2081499763922031,812.42762,1528.1936530045155,40,401010,small,1.0133441177330777e-05,-0.0018050541516245,0.0018083182640144,,,,0.0290106393174947,-0.069456675531855,0.8397186757137245,2.969508897940892,2.3202427265951435,1.4885413840652744,-0.016394355860244
US03168L1052,1.87205364692534,Amneal Pharmaceuticals Inc,9.540191834210908,0.1962280926272571,2995.78570143,5608.271547768819,35,352020,mid,3.736655110929084e-05,0.0018050541516245,,0.0017921146953405,0.0018050541516245,,0.0470550278090786,1.0072664832378402,-1.5219102970270568,-1.8325214261947396,-0.0917513897408597,0.602780561311707,0.7614645075582267
US02081G2012,1.87113068486809,Alphatec Holdings Inc,16.516197210990725,0.11329064802053487,1151.75436016,2155.0829247259894,35,351010,mid,1.4365876752707648e-05,0.0018050541516245,,-0.0017921146953405,-0.0018050541516245,,-0.0009585035846515,1.37037268961759,3.077193620073751,-1.5721505770534632,1.8849752261556163,-1.7816483137235322,0.1869820012942924
US21900C3088,1.87102375072786,CorMedix Inc,16.30415779947961,0.11475746087219411,545.6130399000001,1020.8549563597277,35,352020,small,6.805452583469872e-06,,0.0018083182640144,-0.0017921146953405,0.0018050541516245,,-0.0001852974572938,0.2691086479030844,7.170994105930189,4.1876545117807655,3.1630231200858923,-1.7141959778978575,-1.8209867404398763
US6876041087,1.87004441428422,Oruka Therapeutics Inc,18.465235797208653,0.10127379010057973,6998.5867248,13087.668012595936,35,352010,large,8.729364334044779e-05,0.0018050541516245,0.0018083182640144,0.0017921146953405,,,0.2431640851354425,0.1785589488026293,6.364770591359152,1.92184173893222,2.6958495367928896,-3.5426629298480634,1.5514159189642196
US2660424076,1.86450563313428,Duos Technologies Group Inc,20.25764825845731,0.09203958965749505,267.06843867000003,497.950608332592,45,451030,small,3.331154981638877e-06,,0.0018083182640144,,,0.0017921146953405,-0.0490180961433699,-0.3657454893146168,-0.2947034145973604,-1.489352089276846,-7.67719446353443,-1.951793660293343,-1.1931959886434271
US35952H7008,1.86258842637579,Fuelcell Energy Inc,38.266978996508215,0.04867351631143257,1782.01846809,3319.1669742523486,20,201040,mid,2.2227185387058988e-05,,,0.0017921146953405,-0.0018050541516245,,0.0978250255600437,1.1006683453510815,5.863288587399351,5.82461467817182,-2.917742254733977,-7.066561522523693,-0.4225045828237053
US0116591092,1.86083182209128,Alaska Air Group Inc,14.856616780167691,0.12525273079503074,5099.08392864,9488.537637927533,20,203020,mid,6.360107137808307e-05,,,-0.0017921146953405,,,-0.0179798237459519,2.0869509447462167,-1.2886268508648049,0.2449827691483244,2.0006591768642656,2.997005723884711,1.3579979977283592
GI000A3DNK69,1.8596460467573201,Forafric Global PLC,8.360019241709292,0.22244518738417357,52.89756464,98.3707469658658,30,302020,small,6.597933729819431e-07,0.0018050541516245,,,,0.0017921146953405,0.0068977149173594,0.7888650569466004,0.7044404160320835,0.5037624402235449,0.7160145620945945,-1.376213123873392,-0.2509461276229633
US05338F3064,1.85625710852491,Avalo Therapeutics Inc,27.49608841797383,0.06750986105032668,1020.1517654899999,1893.6639664650493,35,352010,mid,1.2724392491165e-05,,,0.0017921146953405,,,0.0761399307363505,1.2251675382463985,4.016782188114322,-5.611750786803558,-2.757426056594065,-2.441452123274421,-0.0153059907253049
US29415F1049,1.85487205617853,Envista Holdings Corp,10.725773346183967,0.1729359735947114,4471.10108384,8293.320460764355,35,351010,mid,5.57682170271273e-05,,,,,,0.0476322420392987,2.0734270691207115,-0.6385094120238691,-1.9249648341042416,2.6754209584384325,1.8649446359755728,2.145673094305141
US0017441017,1.85382658569755,"AMN Healthcare Services, Inc.",18.765165849680976,0.09879084472515155,1323.8711098400001,2454.2274594583137,35,351020,mid,1.6512695639189678e-05,,,0.0017921146953405,,,0.0087968392011717,-0.1686471267620329,-4.149304215682464,-1.3475713932007158,-3.6943700838252167,3.8494117820223863,-0.1909448571602463
US29355A1079,1.8520640333460399,Enphase Energy Inc,22.590005084169537,0.08198599453365843,5178.115518150001,9590.201511676609,45,453010,mid,6.458683545568859e-05,,-0.0018083182640144,,,,-0.0549292443616164,-0.3594760220928463,-5.203013222136496,-3.542463342341047,-8.090571704478283,3.3060162843146816,-1.0885623827655706
US12520L1098,1.84985288864634,CF Bankshares Inc,8.445286427628776,0.21903968616085553,353.91730731999996,654.6949532878364,40,401010,small,4.414424284795386e-06,,,,,0.0017921146953405,0.0407323210629697,1.1762838539411506,-1.130642902580961,-0.1971469306107569,1.669636558122471,1.856325269708814,0.3017345204084191
US3943571071,1.84406621279514,Greene County Bancorp Inc,7.901225396520557,0.23338990096488157,242.10056016000001,446.44946308983316,40,401010,small,3.019729665739565e-06,,,,,0.0017921146953405,0.0281012044370621,-0.2710090893259984,-0.8080596968646989,0.7474677705538405,-0.061552302765977,0.7880077739351387,0.2287119507055525
US9470021018,1.84338281192394,Wealthfront Corp,15.692019431781079,0.11747263122747179,1163.16683092,2144.1617435179674,40,402030,mid,,,,,,,,,,,,,
US78349D1072,1.84193040330781,Rxsight Inc,16.940020739650492,0.10873247628301386,271.14308172,499.4266858666421,35,351010,small,3.3819781622513165e-06,-0.0018050541516245,,-0.0017921146953405,-0.0018050541516245,0.0017921146953405,-0.0141314881523418,2.2123198156421573,0.4722759061619555,0.5590520387529705,2.578214031177532,-0.6883216673063651,-0.3960901225476919
US7818462092,1.84175260853737,Rush Enterprises Inc,8.31878810884157,0.22139674486718508,6285.14120642,11575.675211949749,20,201070,large,7.839480975114417e-05,,,,,,0.0346473616812497,1.634407668373423,-2.023249548746434,-0.0617538668063661,2.268473819093154,2.0287406483849693,1.0555331533667258
US5012701026,1.8402016228122,Kura Sushi USA Inc,20.15535873432588,0.09130086182381947,359.27653446,661.1412617516353,25,253010,small,4.481270132526591e-06,,,-0.0017921146953405,,0.0017921146953405,0.0067593738245679,-0.4402936915889252,-2.377920620098409,-1.2758579934270686,-0.0644335152619556,7.7240295051392,1.2736574431296857
US0382221051,1.8387975179025198,Applied Materials Inc,13.456635820127389,0.13664615305648606,401510.8166992,738297.0931575026,45,453010,large,0.0050080599710327,0.0018050541516245,0.0018083182640144,0.0017921146953405,0.0018050541516245,-0.0017921146953405,0.0761399556769362,0.7496994174229591,-2.593921128898635,-1.415444450717921,-0.8249835597895161,0.4182145024763981,3.4628850786902063
US5327461043,1.83752731460438,Limoneira Co,8.103026986630573,0.22677047943147313,228.99314163000003,420.7811526021944,30,302020,small,2.856240326639535e-06,,,,-0.0018050541516245,0.0017921146953405,-0.0173911692889594,-0.1182642401333787,-2.763669961018953,-1.2204129496156622,-1.0261282084458685,2.922529644955036,0.5538785072429998
US5380341090,1.8362560717899101,Live Nation Entertainment Inc,7.416906345491892,0.24757708756913377,29562.060260550006,54283.51264805416,50,502020,large,0.0003687287228504,0.0018050541516245,,,-0.0018050541516245,-0.0017921146953405,0.0328757356871088,0.8318552581561489,1.3199216455907654,0.6728636479492603,1.787495999923993,1.9491697390163525,0.6946223182617463
US5562691080,1.83440648173625,"Steven Madden, Ltd.",11.57252011181862,0.15851400248272918,3253.80000336,5968.791816437016,25,252030,mid,4.058477349261863e-05,,-0.0018083182640144,0.0017921146953405,,,-0.0104409181102772,0.8310696065188942,-2.07404433505522,0.3945984032019647,-1.6575908673267503,-1.1544002973987888,-0.8745398147676724
US89400J1079,1.83330009286671,TransUnion,10.330048395956595,0.17747255604187714,15366.74571804,28171.85635194185,20,202020,large,0.0001916700146417,,,,,-0.0017921146953405,-0.0066478346106065,1.820134307029292,0.8311037439343334,0.1345830364660998,1.8118417595330223,-0.1560030581381186,-0.3827748395705332
US67080N1019,1.83042441685314,Nuvation Bio Inc,25.30024311673889,0.07234809596126424,1767.3567796699997,3235.0130027989026,35,352020,mid,2.204430957940929e-05,0.0018050541516245,,0.0017921146953405,-0.0018050541516245,,0.0926474581321342,3.0735601543621063,4.845144806146177,-4.701028836991814,0.3960121824148674,-6.254588507002033,-0.5216941883441714
US90353W1036,1.8286639833110099,Ubiquiti Inc,17.531141448619604,0.10430946488398782,2406.8292803500003,4401.282018954403,45,452010,mid,3.0020474853260263e-05,0.0018050541516245,0.0018083182640144,,0.0018050541516245,,0.0917318313514168,2.4293412592586843,6.803628850945612,1.532111774132272,6.664941141440935,-3.2615627458872427,2.5643493157915964
US00790R1041,1.82727826429134,Advanced Drainage Systems Inc,9.577511635802727,0.19078841496371504,10958.60701439,20024.424404305464,20,201020,large,0.0001366871298218,0.0018050541516245,,,0.0018050541516245,,0.0008616499923571,2.2778834541249533,-1.6984078113414358,-2.261576399254181,1.0694268070674744,2.1998601618727487,2.197208026835256
US26142V1052,1.82250995444167,Draftkings Inc,13.463418300780072,0.13536755032977574,12602.904894999998,22968.919626019146,25,253010,large,0.000157196520986,0.0018050541516245,-0.0018083182640144,-0.0017921146953405,-0.0018050541516245,,-0.0467594764596719,0.7525347989979689,0.4479355857049856,2.709410806525118,1.609832820589317,0.8095697816189262,-0.1504147789970147
US29272C3016,1.82019874851383,Energous Corp,32.95438642752892,0.05523388373552909,81.51991600000001,148.38244908215256,20,201040,small,1.0168010703118955e-06,,0.0018083182640144,0.0017921146953405,-0.0018050541516245,0.0017921146953405,0.0041782666916665,3.722825980496921,-14.93406439526496,-3.090024023719735,-2.130486680657252,5.838933639684569,8.89036852862786
US7475251036,1.8143149396665998,QUALCOMM Incorporated,15.523463939204412,0.11687565009795003,173866.3268144,315448.27424432145,45,453010,large,0.0021686414298572,0.0018050541516245,,,0.0018050541516245,-0.0017921146953405,-0.0575211845848235,0.0590263662283057,0.1949802489763857,-0.5071352767215441,-5.9117596549104405,-0.703586111325489,-1.4475157891483823
US1167941087,1.81225497856411,Bruker Corporation,16.994858968633444,0.10663548205424345,5983.46285625,10843.560350292493,35,352030,large,7.46319640025938e-05,,-0.0018083182640144,0.0017921146953405,,,-0.0342807327972985,0.884295568884718,-2.9251877881649886,-4.263869017554355,-6.408844412572533,-2.262963528810166,-1.6719776089809557
US5322751042,1.81054521410863,Lightwave Logic Inc,37.25281988750624,0.0486015614274571,1155.10927006,2091.377560679646,45,452030,mid,1.4407722673858008e-05,0.0018050541516245,0.0018083182640144,0.0017921146953405,-0.0018050541516245,,0.0888532334913819,0.0712125041963931,4.644833272158177,4.448744456511477,2.332850521485296,-7.635399085842899,2.9131093622612134
US48251K1007,1.80997633208927,KKR Real Estate Finance Trust Inc,8.835553459499364,0.204851494633119,372.81594096,674.7880293631905,40,402040,small,4.650147674311445e-06,-0.0018050541516245,,-0.0017921146953405,-0.0018050541516245,0.0017921146953405,-0.032105569060041,0.0820820676045586,-1.4352119349705614,0.3985628748818899,-0.9216335305580268,2.2001941559203164,-0.5309272907550189
US8122152007,1.8081804132161001,Seaport Entertainment Group Inc,9.157481618619524,0.1974538949157815,345.80045385,625.269607532808,60,602010,small,4.313182457020922e-06,-0.0018050541516245,-0.0018083182640144,,-0.0018050541516245,0.0017921146953405,0.0172871686478905,1.332509721811096,1.060833181824158,-1.5884500527696273,0.8027721030008599,0.1962682977488447,1.3646637627735392
US2473617023,1.807682928501,Delta Air Lines Inc,9.687930895647359,0.18659122860931684,58521.79288229999,105788.84593860502,20,203020,large,0.0007299445897281,,,,,-0.0017921146953405,0.0191144282944584,-0.083312956271888,-0.1430303029102149,0.1051283235913347,-0.8011234107224263,-0.1989947133942183,-0.096914128004406
US0758871091,1.8075908316225902,Becton Dickinson and Co,7.046408864762013,0.25652653235353245,49668.86431318,89780.98374961062,35,351010,large,0.0006195216687271,,-0.0018083182640144,,,-0.0017921146953405,0.0237720253517246,1.2746110587223587,-1.5238578811693602,-2.022208683085834,0.6879928307111902,2.4979343077439804,0.5688964424276616
US14808P1093,1.79786513570486,Cass Information Systems Inc,5.428381096551409,0.33119729505487816,665.5194571999999,1196.5142292331027,40,402010,small,8.301049971571996e-06,,,,,,0.028607689817126,0.979535877282422,-0.7533572124653605,0.5453774655941751,1.701884368812597,0.9308453873021753,0.488272500359158
US2372661015,1.79713391482424,Darling Ingredients Inc.,10.254222501611915,0.1752579402818438,10435.3935056,18753.799583450374,30,302020,large,0.0001301610674576,,,0.0017921146953405,,,0.0489596247410468,0.6953959805278102,-4.3865285430420204,-2.63347477609915,-0.7082693095613544,2.67869222883239,0.3016731662482905
US05969A1051,1.79522440333282,Bancorp Inc,10.32507500563146,0.17387034983800856,2662.8817953599996,4780.470382220984,40,401010,mid,3.321422779233616e-05,,,,0.0018050541516245,,0.0197646214769608,0.2059086235424521,3.1952280176915147,4.227314403229117,3.400751109104614,-1.0434021909095337,-0.587884360373705
US2270461096,1.79380194793704,Crocs Inc,12.412703374610356,0.14451339839524271,6108.37959424,10957.223214886579,25,252030,large,7.619005531475981e-05,,,0.0017921146953405,0.0018050541516245,,0.0230292766198167,1.964264360323488,1.0929887324547398,0.6803950143232027,1.5185626200263431,-0.9056103451354692,0.6525206846360068
US57636Q1040,1.79320195349661,Mastercard Inc,5.621577042237343,0.3189855693559845,496305.3257525,889975.6796701543,40,402010,large,0.00619043555475,0.0018050541516245,,,0.0018050541516245,-0.0017921146953405,0.0102095623341172,0.8302390391356161,1.613626328396801,0.9672859816043456,1.8705695128596445,-0.3643212489502782,-0.8862486358571744
US48123V1026,1.7912483427575399,Ziff Davis Inc,19.117510197041398,0.09369673792744995,1858.97925479,3329.893509363234,50,502030,mid,2.3187120260993414e-05,-0.0018050541516245,,,0.0018050541516245,,0.0685347810014034,-3.728018806678774,2.505297600290444,7.870394499200019,1.496841761100701,-1.8923100794277363,-1.6249364552029777
US81758H1068,1.7887014948404198,Serve Robotics Inc,23.13406146098537,0.0773189566327119,355.55652391,635.9844858180805,25,253010,small,4.43487029682495e-06,,0.0018083182640144,-0.0017921146953405,-0.0018050541516245,0.0017921146953405,-0.077400607494598,1.1254347479569955,0.7003737375471301,-0.7693376327475836,-1.521475799417955,1.5354739275917602,0.1668736994537616
CA91688R1082,1.78847308285469,Ur-Energy Inc,17.2086362092118,0.1039288099946769,529.5314805999999,947.0527995772902,10,101020,small,6.604866671328789e-06,0.0018050541516245,0.0018083182640144,,-0.0018050541516245,,-0.0071941971359806,1.008919182441728,-0.7089579326496052,1.1416641386507935,0.1141394616353236,3.1052769944811205,0.915704736414254
US0091581068,1.7875054913335302,"Air Products and Chemicals, Inc.",7.04452165402179,0.2537440551854965,68537.82513072001,122511.73878521925,15,151010,large,0.0008548749479791,,-0.0018083182640144,,,-0.0017921146953405,0.0006000854841098,0.3215318539756766,-2.37006108261387,-0.2207399531923868,0.5254452852288078,1.4102659376132565,0.3516656040913808
US45866F1049,1.78392202606554,Intercontinental Exchange Inc,7.07932061675813,0.2519905683947481,86035.003452,153479.73767064756,40,402030,large,0.001073117931013,,,-0.0017921146953405,,-0.0017921146953405,-0.0119165082395391,1.4649180523669043,-1.4248322919190093,0.1799603142727475,1.419485429897465,1.1868742898080336,-1.2261191961906492
US69376K1060,1.78178765462172,P10 Inc,9.788143783319754,0.18203529638153798,804.59934848,1433.6251860383431,40,402030,small,1.0035798843398193e-05,,0.0018083182640144,-0.0017921146953405,,,-0.0368684512803412,1.0443065175894957,-0.6025771265818358,1.934890408417739,0.635769459119021,2.2261867103690167,-1.463258968303827
US9288811014,1.7804643777450497,Vontier Corp,9.599706500673074,0.18547070971599125,4419.3763454400005,7868.5421549050225,45,452030,mid,5.512305236127163e-05,,-0.0018083182640144,-0.0017921146953405,0.0018050541516245,,0.0179454577800764,1.5597381895357598,1.324923253795315,0.3813902628183969,3.780333794182865,1.364213930034374,0.7535475590019607
US3610081057,1.7700657523667298,Funko Inc,21.870491578199527,0.08093397197030215,217.18589412,384.43331307895875,25,252020,small,2.708968071039989e-06,,-0.0018083182640144,0.0017921146953405,,0.0017921146953405,0.0136246798537782,4.884802895682364,-3.086778634642326,-1.2176886886268292,1.496895177073818,2.1122742169101505,2.3355754634582397
US64828T2015,1.7696417228405499,Rithm Capital Corp,6.368894565388699,0.27785696633408585,5762.56285954,10197.671666733331,40,402040,large,7.187666978606613e-05,-0.0018050541516245,,-0.0017921146953405,,,-0.0189475131684669,1.1823975356830088,-0.4523070086771312,0.5695160700399122,1.2961722046357178,0.7570234759880188,-0.008634087336633
US2371941053,1.76856905103948,Darden Restaurants Inc,7.724670388282066,0.22895074639331017,25462.364787810002,45031.95032999821,25,253010,large,0.0003175930623986,0.0018050541516245,,,0.0018050541516245,-0.0017921146953405,0.013826188064425,0.9422271360899814,-1.1740091335809428,-0.9092380536038926,0.6117518173449471,3.071106803156004,0.8826894367147037
US7710491033,1.76613567765876,Roblox Corp,18.492933635828862,0.09550327235463531,25469.21876466,44982.09594236199,50,502020,large,0.0003176785523173,0.0018050541516245,0.0018083182640144,-0.0017921146953405,-0.0018050541516245,-0.0017921146953405,-0.0784697556309602,1.1789331120734703,1.9331120167341944,0.8149891487808603,1.9415054456962928,0.2660986734456096,2.0616502416754394
US8299331004,1.75756747416899,Sirius XM Holdings Inc,7.875849151110039,0.2231591083637343,5370.970385879999,9439.842854947556,50,502010,mid,6.699232169199337e-05,-0.0018050541516245,,,,,-0.0017541259565389,0.7224243753429664,0.2221477107411233,0.7028709036847783,0.5754943684313109,-1.7627361037153606,0.2223261212891929
US8793601050,1.7409826925296499,Teledyne Technologies Inc,5.778893966683846,0.30126572706934324,31188.17631225,54298.07517119045,45,452030,large,0.0003890113313582,,,,,-0.0017921146953405,0.018671278054183,1.5411348940017349,-2.0957802221082407,-0.7012918890655339,1.2332351453091717,2.7329276363002672,1.1373947160708404
US2544231069,1.7386891618860498,"Dine Brands Global, Inc.",13.162268536759562,0.13209646627632932,431.20454815,749.7306744243763,25,253010,small,5.378431033739991e-06,-0.0018050541516245,,0.0017921146953405,,0.0017921146953405,-0.0027968834271555,1.278526804684864,-2.6988100219729114,-1.0665562867692624,-0.993041770110431,0.3603191631058611,0.3474399719128663
US40609P1057,1.73765738062794,Hallador Energy Co,14.878956651573276,0.11678623853267313,578.6967113600001,1005.5766116398208,55,551050,small,7.218106499236605e-06,,,,,,-0.021740323212277,-1.0425007960131292,0.1357912448055591,-1.62185621650275,-4.092754024287228,0.6071079543756647,-0.2936703638336633
US0565251081,1.73452720617155,Badger Meter Inc,11.423537372564072,0.1518380121325087,3772.67878134,6543.813986380358,45,452030,mid,4.7056768591487375e-05,,,,,,-0.0008198010862543,-0.7023503283107443,2.265881015938484,-0.5204372504441231,0.2000251438911968,-0.9103577177861302,-0.0926257266362343
US00175J1079,1.73159580208925,Outdoor Holding Company,11.246186356379361,0.1539718218440341,189.58010252999998,328.27610970059754,25,255040,small,2.364639963102303e-06,-0.0018050541516245,,0.0017921146953405,,0.0017921146953405,0.039762111156669,1.4590682593411994,0.0559878964010241,-3.406641480557494,0.177331475167016,-0.8581728900497454,1.991291876171104
US9295661071,1.73043091749547,Wabash National Corporation,18.022889969718317,0.096012954659486,491.8152669,851.0523435400464,20,201060,small,6.134430876739992e-06,,-0.0018083182640144,,-0.0018050541516245,0.0017921146953405,0.0630204418958353,0.4474842810673434,-2.5679247373192924,1.224464449282758,3.714869023786436,3.942538525955252,3.641603443515024
US5738741041,1.7300159177906602,Marvell Technology Inc,18.535409704286188,0.09333572580219825,193488.5500744,334738.27153894724,45,453010,large,0.002413390180735,0.0018050541516245,0.0018083182640144,0.0017921146953405,,-0.0017921146953405,0.0876434938919361,0.2358998817329873,4.122586158918296,6.011291403497962,1.0048154730490326,-5.225731596992292,2.813535721841454
GB00BVG7F061,1.7233834435371398,Brightstar Lottery PLC,9.10807365219788,0.1892149217657312,1183.60692472,2039.8085777183578,25,253010,mid,1.4763175024418169e-05,-0.0018050541516245,-0.0018083182640144,-0.0017921146953405,,,-0.0054553487509737,0.1421224331743152,1.6459170118750834,1.2754401367903447,1.2358954748459248,1.9323666076353248,0.3024598401144157
US0311621009,1.7219389000947698,Amgen Inc,7.572333652939025,0.22739870943568885,223971.4028774,385665.07112339267,35,352010,large,0.0027936039846385,0.0018050541516245,,,0.0018050541516245,-0.0017921146953405,0.0280044710445637,1.3711872171983728,-1.8561682726511188,-3.446113711660499,-0.2675741749151705,1.338621306855529,0.6283555849609227
US4262811015,1.72064398738465,Jack Henry & Associates Inc,7.951740509497092,0.216385832174681,10824.14363742,18624.49766831454,40,402010,large,0.0001350099629118,,,,0.0018050541516245,,4.873999240348568e-05,0.7761321375114761,-0.4969276546674059,-0.1941944109767788,1.000256007504227,0.299522077908543,-0.9952847725196564
US7045511000,1.71845481308526,Peabody Energy Corp,17.286022078796574,0.09941297108449003,3087.5292405,5305.779483878702,10,101020,mid,3.851087182621328e-05,-0.0018050541516245,-0.0018083182640144,,,,0.0572796363431836,-3.875772707017792,-0.0409801610769743,0.4065163696610046,-4.225217204787229,1.952952466531665,-1.6272057776914588
US8308791024,1.7144757194914502,"SkyWest, Inc.",9.13567643778651,0.18766817445505457,4125.13195105,7072.438569773618,20,203020,mid,5.1452930631153216e-05,,,-0.0017921146953405,,,0.014146532390837,1.0825081683944413,0.2816786995973509,-1.4078708573484375,1.5398727330259545,1.3150462898142246,0.3446731295024403
US98954M1018,1.7082881634259501,Zillow Group Inc,12.775471064403291,0.1337162563176092,7596.98396628,12977.83778733285,60,602010,large,9.475747531506056e-05,,,-0.0017921146953405,,,-0.0602706206829994,1.1882984794800446,1.3573741378306876,2.796597839505868,2.459766520377049,-0.3771545494648843,-1.2781851900798245
US5184151042,1.70805442836281,Lattice Semiconductor Corporation,12.582432605412343,0.13574914183351866,18265.39466593,31198.28824493619,45,453010,large,0.000227824975261,0.0018050541516245,,0.0017921146953405,,-0.0017921146953405,0.0312230691201394,1.787304195736834,0.2018353611529526,0.495992906823796,0.460218915353197,-0.6331459013330066,1.5416816715762038
US7140461093,1.7077997764028099,"Revvity, Inc.",11.061608038422865,0.15438982926087333,12995.31212375,22193.391139224976,35,352030,large,0.0001620910315519,,,,,,-0.0244253357969144,0.839449571214716,-4.16447320134998,-3.226432856465709,-3.460049070242147,2.247797310876028,-0.0297463091703011
KYG9TY5A1016,1.70233905542148,Zura Bio Ltd,28.822849850169746,0.05906213522503065,400.86736756,682.4121758413855,35,352010,small,5.000034204992556e-06,,0.0018083182640144,0.0017921146953405,-0.0018050541516245,0.0017921146953405,0.1498038264624072,0.4129695823048389,1.7223580225935575,-4.269247397172727,0.1244613085223814,2.4834224202925905,1.2129913362099
US78409V1044,1.7018516749344699,S&P Global Inc,8.858727071085603,0.19211018256666015,123222.9302564,209707.1502471877,40,402030,large,0.0015369643826874,,,,,-0.0017921146953405,-0.0181833426329368,0.8022145241990906,0.0141961747161517,0.9344981572846788,0.815823092798065,1.1920080435680944,-0.9245779039951552
US3773221029,1.70147918692921,Glaukos Corp,15.644993437630912,0.10875550659143399,10523.267769,17905.121087436484,35,351010,large,0.0001312571265492,0.0018050541516245,-0.0018083182640144,0.0017921146953405,-0.0018050541516245,,0.0942082334837844,2.107797996559196,-0.2615090362238668,-0.5431640569452283,3.545951669826505,2.2683172922506127,1.0421256516449149
US6348651091,1.7002570820652398,National Bankshares Inc,7.748299049798809,0.219436171879477,261.0141435,443.7911460050678,40,401010,small,3.255639523442868e-06,,,,,0.0017921146953405,0.0434797832709549,0.5270676231489451,-0.3803537522825118,0.283995395330281,1.4896491767033415,2.166015035549807,-0.0281009173284436
US36828A1016,1.69887637337094,GE Vernova Inc,11.441795915517499,0.1484798702856519,283006.0775699,480792.33870388666,20,201040,large,0.0035299457690541,0.0018050541516245,0.0018083182640144,0.0017921146953405,0.0018050541516245,-0.0017921146953405,0.0646340141186668,2.108242527124242,0.2724128248594815,1.349052822275764,4.046259523948333,0.806153756237696,2.5532963482580167
US7006581075,1.69853520084038,Park National Corp,6.373351644740098,0.2665058034640493,3655.5973592,6209.160794700335,40,401010,mid,4.559640747745494e-05,,0.0018083182640144,,,,0.0204805663576874,0.8525499476550347,-0.1492037174158865,0.7723868364902517,1.7179342997617306,0.3260628818279766,-0.0431945024804453
US6372151042,1.69629522512088,National Presto Industries Inc,8.948447475333833,0.18956307558340982,721.81224576,1224.406665916467,20,201010,small,9.003192104037506e-06,,,,,,0.0612260331449782,-0.2197623629735354,0.5109074043377355,1.820123697854112,1.907612230773804,3.660884067241259,0.534884803457546
US09352U1088,1.69565379618807,Blend Labs Inc,20.173329209516595,0.08405423708587276,338.55561359999996,574.0731114216213,45,451030,small,4.222817283920907e-06,,-0.0018083182640144,-0.0017921146953405,-0.0018050541516245,0.0017921146953405,-0.0915641030656101,-1.4906896777291072,1.701111063848371,2.467274501619755,-1.9609339614963208,-3.5295243555800937,-2.5417056702631244
US1086211034,1.69266979922951,Bridgewater Bancshares Inc,6.271457573894716,0.2699005421443558,464.29249608000003,785.8938861235017,40,401010,small,5.791138290082702e-06,,,,,0.0017921146953405,0.0183995479121103,0.1728331837140339,-1.184930474646218,0.3787613094721219,-0.0604907215761699,1.6775438184905425,0.3169864064977252
US2253101016,1.6912193669607,Credit Acceptance Corp,11.447592903679405,0.147735806225003,3647.4539992000005,6168.6448435452985,40,402020,mid,4.549483503270494e-05,,,,0.0018050541516245,,-0.019978023346917,1.3049734024904085,-2.507702510188539,-0.1582050173907729,-0.4089110232941846,1.7461071928326866,1.1413599936901329
KYG4740B1059,1.69105154125615,Ichor Holdings Ltd,26.5956924749585,0.06358366276224543,2619.0876095999997,4429.0121388989655,45,453010,mid,3.266798121678515e-05,,,0.0017921146953405,,,0.1586398256461119,3.177145825001996,-2.523071234456157,-2.550205474016592,2.816337984515125,3.4062255273656845,6.516019422680932
IE00BFRT3W74,1.6898702542336799,Allegion PLC,7.495789170123528,0.22544260729332005,13974.2463808,23614.663284246577,20,201020,large,0.0001743013164635,0.0018050541516245,,-0.0017921146953405,0.0018050541516245,-0.0017921146953405,0.0090752789982834,0.951912269122169,-0.2314225572352697,-0.0086766464382866,1.5831630152727807,1.193669577161209,0.0153148594823934
US7170811035,1.68727767192315,Pfizer Inc.,6.995534786383113,0.24119352178870654,152559.9817982,257411.05091710502,35,352020,large,0.0019028865630721,,,,,-0.0017921146953405,0.0016337333886782,0.6208959388865807,-1.2636976744914288,-1.543865464539649,-0.3727398799925793,1.4189810519650208,0.0864221406040256
US4128221086,1.67587995048512,"Harley-Davidson, Inc.",9.575497002615794,0.17501754217324805,2863.93892235,4799.617819380326,25,251020,mid,3.572202112614268e-05,-0.0018050541516245,-0.0018083182640144,,,,-0.0100055401220489,-0.1716400492868219,1.1705683872241932,2.6563528839241477,0.5308007345106385,-0.576975434891084,0.0995866320161717
US00090Q1031,1.6701216621432602,ADT Inc,8.30498774971741,0.20109863042243362,3428.3634324900004,5725.784034301372,25,253020,mid,4.276210990666374e-05,,,-0.0017921146953405,,,-0.0047277417439215,2.29358514908814,1.237866020695963,-0.0230696335487881,2.435242753952524,-0.1114451728344099,-0.3642098070167914
US2987361092,1.66380093810229,Euronet Worldwide Inc,9.495189740638361,0.17522566515773835,2563.31144886,4264.8399932616085,40,402010,mid,3.197228300313243e-05,,,,0.0018050541516245,,-0.0189267742147081,0.9615557276023468,0.659048795998795,2.0630623497537925,2.0274392411977287,0.1463919316907923,0.0644574911437096
US7496851038,1.66331049684432,RPM International Inc,8.153896255366082,0.2039896565705867,14356.59363354,23879.472889595418,15,151010,large,0.0001790703485589,,,,0.0018050541516245,-0.0017921146953405,-0.0085502426101085,1.2922670152211655,-0.8672169597592458,-0.7863415285705107,0.843361705579996,1.9297483086857896,1.0783634166327345
JE00BS44BN30,1.6623170465238102,Birkenstock Holding PLC,15.114089618191096,0.10998459639428562,1392.9725720899999,2315.562051925324,25,252030,mid,1.7374600854792658e-05,,,,,,-0.0502352192158685,1.8549561813176405,-1.5410941624977583,-1.346663130678608,-0.143314884328523,0.2067754808381956,1.2236685139670775
LR0008862868,1.66223375290106,Royal Caribbean Cruises Ltd,11.561649011501705,0.14377133843515266,81277.09673712001,135101.5335342455,25,253010,large,0.0010137723762392,0.0018050541516245,,,0.0018050541516245,-0.0017921146953405,-0.0142582170425467,0.788780946488209,-2.142145676765725,-0.1627811576667817,0.5151896606385411,3.1846626470473423,0.5007932964318783
US0239391016,1.6530119200260498,Amentum Holdings Inc,12.615401641580268,0.1310312558403004,3325.4639358000004,5497.031525494143,20,202020,mid,4.147864049817039e-05,-0.0018050541516245,-0.0018083182640144,-0.0017921146953405,,,-0.0471602179236681,1.5060902887539824,-5.913973948737927,-2.614673899032457,-1.4669894898514744,2.962702473220643,-0.5496962708515374
US0044981019,1.64567623367297,"ACI Worldwide, Inc.",9.312503425432272,0.1767168459963901,5345.0819296,8796.274298577579,45,451030,mid,6.66694139739061e-05,,,,,,0.0195598397586993,0.0936750991608029,2.7073477296854804,3.0888856493206567,2.400843994072083,-2.6422820429866394,-0.9049298251911164
US0327241065,1.64528872586993,AnaptysBio Inc,19.048798566591362,0.08637230952483856,1625.63908299,2674.6456555769782,35,352010,mid,2.027665925864153e-05,0.0018050541516245,,0.0017921146953405,-0.0018050541516245,,0.1406621157061949,1.770898465490546,4.905821511508023,0.9291329061280532,1.9591215662412744,-3.739240423191292,2.055575893682123
US69318J1007,1.64383938146457,PC Connection Inc,7.3541943368196625,0.22352406071654776,893.0769405,1468.0750454717906,45,452030,small,1.1139383276244702e-05,,,,,,0.0216538804379153,1.266384682066101,1.2225213389144232,0.6889280404779683,1.692524589761051,-0.8444834900671762,-0.467845747701043
US66405S1006,1.6355803468820498,Northeast Bank,9.709392045868633,0.16845342521502082,1049.21844417,1716.0810668706133,40,401010,mid,1.308694230037035e-05,,,,,,0.0244077105139179,0.2008020880896274,-1.082026223387148,1.949720631405699,1.2161931619452422,2.992930661044986,0.3492547069445616
LU0038705702,1.63533629245353,Millicom International Cellular SA,10.218892492582661,0.1600306778489481,9174.1615766,15002.839379046674,50,501020,large,0.0001144296727477,0.0018050541516245,0.0018083182640144,0.0017921146953405,0.0018050541516245,,0.0450812403601999,1.0468705826640663,-1.9931740483640616,-1.1724796242876478,0.7674231816591189,-0.2270281423361903,1.1435245088384869
US98421M1062,1.63492448712035,Xerox Holdings Corp,28.945538344649652,0.05648278044282955,376.33377257999996,615.2773001214229,45,452020,small,4.694025724386877e-06,-0.0018050541516245,,-0.0017921146953405,-0.0018050541516245,0.0017921146953405,-0.0974232198059008,-0.1763649173929293,-2.116694193651102,-0.8843704456195141,-7.98168971391144,-0.0944918973841983,-2.182613898007121
US6350171061,1.63480260578679,National Beverage Corp.,6.684700911529724,0.2445588258058179,741.38805852,1212.023129967705,30,302010,small,9.247361974950932e-06,,0.0018083182640144,-0.0017921146953405,0.0018050541516245,,-0.0474801192086798,1.0397900894552237,-2.498692358815091,-1.7868497662571494,-0.8828336037997796,1.409538932705544,0.4800179507690706
US29667J1016,1.6321747184473299,Esquire Financial Holdings Inc,8.0968034111266,0.2015826043404241,1298.8666210899999,2119.9772615782053,40,401010,mid,1.6200813682348578e-05,,,,,,0.0157730150126243,-0.4923739640619854,-0.6510318198418864,1.0562008862939498,0.042389291391289,-0.5995119145307838,-0.5819703961701209
US6098391054,1.62710439643701,Monolithic Power Systems Inc,12.266759986263827,0.1326433710498145,66561.95685414,108303.25263282175,45,453010,large,0.0008302298664211,0.0018050541516245,,0.0017921146953405,0.0018050541516245,-0.0017921146953405,0.0177177740262071,3.266868688183039,0.1644269188431353,1.6255536852318793,2.385905922985218,-1.0223815958004017,0.9914912844665624
US87612E1064,1.6251453069667001,Target Corp,7.813402370892728,0.20799457519567338,69959.06423744,113693.64492525753,30,301010,large,0.0008726021184154,,,,0.0018050541516245,-0.0017921146953405,0.0651256370025703,0.2025809423048544,0.9196135878307814,0.5769868220093441,1.653771693804104,1.334859421693222,0.4707727612361802
US04316A1088,1.62389404317915,Artisan Partners Asset Management Inc,6.189756972473196,0.26235182583110406,3322.2856205999997,5395.0398290320845,40,402030,mid,4.143899724955432e-05,0.0018050541516245,,-0.0017921146953405,0.0018050541516245,,-0.008914754445016,1.2745748036947615,-0.5056839633255148,0.0167816098871613,0.6846811475734742,2.3796527510252474,-0.6171919647373008
US82024L1035,1.62245507862981,Shattuck Labs Inc,30.8323911821124,0.05262177263666424,637.5428829,1034.3846882053952,35,352010,small,7.95209707652853e-06,,0.0018083182640144,0.0017921146953405,-0.0018050541516245,,0.2688069541126077,-3.892576967828476,8.054775201656973,13.181914249091822,5.209207351867068,-8.297227721249655,-0.5080923456215947
US30041R1086,1.6206830121544902,EverQuote Inc,18.08229727815775,0.08962815881321512,713.21093175,1155.8888411701005,50,502030,small,8.895907581179846e-06,,0.0018083182640144,,0.0018050541516245,,-0.0241604876477995,-0.5226529112950524,-0.57133859272497,2.01905744907693,-1.3704198557645562,-2.216008935250211,-1.7709433821433
US12479G1013,1.61996033062755,CB Financial Services Inc,6.270918950243888,0.2583290174025526,165.09160514,267.44185124642735,40,401010,small,,,,,,,-0.0049838990659039,0.0788105122522727,-1.0453735565312687,0.1242757401479631,-0.2652617122184656,0.075302759045338,0.2776899805124873
US21217B1008,1.61561475557804,Contineum Therapeutics Inc,18.110007478762803,0.0892111589392017,483.94731360000003,781.8724207745131,35,352020,small,6.036293590428215e-06,,0.0018083182640144,0.0017921146953405,-0.0018050541516245,0.0017921146953405,0.0210194163069035,0.5758689634982144,-1.825689074574199,-1.2122032581445268,-0.1773543955917663,1.209131813005485,0.0952874446923305
NL0015002SN0,1.6153181166554402,Qiagen NV,9.710097230980647,0.1663544739286102,8824.81918608,14254.89030748354,35,352030,large,0.0001100723115773,,,,,,-0.0167642342218792,1.4268847377620857,-3.453028828077468,-2.8901069146410494,-0.8319648330353663,3.971359771031989,0.4405230234999884
US00508Y1029,1.61522386377358,Acuity Inc.,8.859651442500109,0.18231234877088792,10693.9946574,17273.19536969965,20,201040,large,0.0001333866096421,,,,,,0.0182184265925465,0.2411734246673721,2.552500494101489,0.6345622011746572,0.5040469628096429,-0.524197784928525,0.4074920370479266
US7010941042,1.61476876895195,Parker-Hannifin Corp,7.120438640863049,0.22677939525874888,132746.22177899998,214354.45312509834,20,201060,large,0.0016557487667767,0.0018050541516245,,,0.0018050541516245,-0.0017921146953405,0.0371071260681838,1.507837555048284,-1.1216497623473474,-1.180971568591731,1.6434544361941417,1.8226409284552,1.396349499154327
US6174464486,1.61265440414794,Morgan Stanley,6.442695283104358,0.2503074153416885,260400.29483529998,419935.6823075686,40,402030,large,0.0032479829652678,,0.0018083182640144,,,-0.0017921146953405,0.0091679297194617,0.6198929032921278,0.3066116115693694,1.4122418755942718,-0.0425577042979565,-0.4103676462530952,-0.2272617263718334
BMG812761002,1.6096981377917499,Signet Jewelers Ltd,12.493217137115368,0.12884576647672213,3557.4265247999997,5726.382852301535,25,255040,mid,,,,,,,-0.025483047593525,1.34391455095855,-2.1135075542175,-2.174465778190749,-0.72664274156422,-0.0875808039042105,0.7177827586735608
US0536111091,1.6084946930879598,Avery Dennison Corp,6.825735203442287,0.23565149323061635,13453.89757163,21640.52284531584,15,151030,large,0.0001678109856087,,,,0.0018050541516245,,0.0205730571980946,1.120843713336087,0.2366495486851551,-1.672455614919274,0.7715400748421354,2.183449462462074,0.3022723322164434
US4489475073,1.60356157398162,IDT Corp,8.258610853720043,0.1941684385406421,1420.8119148600001,2278.3593905247412,50,501010,mid,1.7721842055646153e-05,,,,0.0018050541516245,,0.0130158138017576,1.1041030404050305,0.9698778965836116,1.5749120604298246,2.416744522775118,-0.3692960537020479,-0.3257766372529754
US4107091096,1.6015960155930102,Hanover Bancorp Inc,5.752753276576476,0.27840512856934774,118.25952768000002,189.40398833819933,40,401010,small,1.4750556700721236e-06,-0.0018050541516245,,,,0.0017921146953405,0.0075659978432346,0.1089886535058109,-0.3625456638522053,1.5326932653793786,0.4263600166612376,-0.2594053659989572,-1.0843892864007516
US5339001068,1.59601068270623,Lincoln Electric Holdings Inc,6.924917020522061,0.23047361838075983,15370.99170529,24532.26696543169,20,201060,large,0.0001917229750052,0.0018050541516245,,,0.0018050541516245,-0.0017921146953405,0.0134906267078848,1.2867711311878047,-1.514717991773341,-1.5625319752762774,0.3583883056156808,2.7769950305130457,0.913943925537707
US9898171015,1.59366122342025,Zumiez Inc,15.43244477841924,0.10326693186350026,250.14103450000002,398.640067068877,25,255040,small,3.120018813666648e-06,-0.0018050541516245,,,,0.0017921146953405,-0.0276781297742167,2.4802496138566497,-0.1037334143708688,-1.8021327227859991,-0.2584503194109685,-2.847861950165199,-0.4400201400901275
US9742501029,1.5863983830707502,Winmark Corp,11.2094850516777,0.14152285994915684,1051.0413381900003,1667.370279445134,25,255040,mid,1.3109679328099884e-05,-0.0018050541516245,,,-0.0018050541516245,,-0.0286301193002556,-0.2373898338619574,-3.0488064527235625,-0.2025464498692515,-0.42914323073138,2.8484052768237005,1.7985041427931936
US4370761029,1.5856468583933798,"The Home Depot, Inc.",7.108996439291642,0.22304791849795577,337583.29777899996,535287.8955693481,25,255040,large,0.0042106895510185,0.0018050541516245,,,0.0018050541516245,-0.0017921146953405,-0.0136171905929584,0.9935084778405257,-1.1895583868317616,-0.4287865039151154,0.9219705726389552,2.1531531886411828,1.230296456743552
US07556Q8814,1.5853825749291401,"Beazer Homes USA, Inc.",13.939679961951384,0.113731633671395,808.0285521000001,1281.034386544563,25,252010,small,1.0078571432996217e-05,-0.0018050541516245,,,,,0.0031482971101485,2.911020807204103,-2.595938359418425,-2.6609170012413568,0.7524001929465114,1.2075831497362912,1.6376376957464651
US7782961038,1.58410391707435,Ross Stores Inc,6.425378317675067,0.24653862212544955,76932.36496855,121868.86069647357,25,255040,large,0.000959580368577,0.0018050541516245,,0.0017921146953405,0.0018050541516245,-0.0017921146953405,0.0319303589343966,0.9367776516135972,-0.4481421077076508,-0.8671132010462541,0.3350879326819469,-1.3085610436998325,-0.5156968184106742
US85208M1027,1.5823586379419101,Sprouts Farmers Market Inc,13.050598284250338,0.1212479767959393,7648.595644409999,12102.821386057032,30,301010,large,9.540122977578864e-05,,,-0.0017921146953405,0.0018050541516245,,-0.0446570053400845,-0.1172708520278267,-1.3070398486294974,0.4236719782411313,0.3565374626862439,-0.6528042508308747,-0.4358846804644944
US2358511028,1.57999386797837,Danaher Corp,9.123029839107668,0.1731874054829257,126588.83671799999,200009.58576895512,35,352030,large,0.0015789474643766,,,,,-0.0017921146953405,0.0001865653845316,0.7263528265171046,0.0794163036050459,-2.050010134102341,-0.7264061107521188,1.231617032628139,-0.1928976557610419
US3119001044,1.5775168522446699,Fastenal Company,6.828408664776705,0.23102261883973754,58438.289173319994,92187.38598725953,20,201070,large,0.0007289030447311,0.0018050541516245,,,0.0018050541516245,-0.0017921146953405,0.0150918786564854,0.2321677205497719,-0.7461212738150443,0.4444816295289154,1.215814106943881,1.9038485006347647,0.551618739858416
US92532F1003,1.57711109454795,Vertex Pharmaceuticals Incorporated,6.7874994158412445,0.2323552457134882,127892.327121,201700.4080100848,35,352010,large,0.0015952059506699,0.0018050541516245,,,0.0018050541516245,-0.0017921146953405,0.0277671507786823,0.710805466298205,-0.0732178010425119,-1.7121567104407756,-0.1783998063189039,1.7922200730113946,0.4792707837243672
US36866J1051,1.57669295979378,Gemini Space Station Inc,26.135198087859045,0.06032833401504707,489.7426052,772.1737177299046,40,402030,small,,,,,,,,,,,,,
US74365A3095,1.5749023358863,Protalix Biotherapeutics Inc,19.27911376360399,0.08168956079607113,152.79361592,240.63502262092214,35,352010,small,,,,,,,0.0479166265843217,1.7026456863757315,-0.6261297623098486,-3.0169854135953216,0.3469958881267158,2.1096527669886047,2.0350209176654426
US98954M2008,1.5745702404447899,Zillow Group Inc,12.6279162178816,0.12468963313322745,7289.45058108,11477.75195416155,60,602010,large,9.092159948775968e-05,,,-0.0017921146953405,,,-0.0642117948861374,1.0565894008479653,1.2831478959208389,2.696795469608923,2.213229147283811,-0.175011330442282,-1.1913188297548305
US17243V1026,1.5719905548617699,Cinemark Holdings Inc,12.254348577962483,0.12828022190332886,3867.5780769599996,6079.7962071715665,50,502020,mid,4.824045118211051e-05,0.0018050541516245,-0.0018083182640144,,0.0018050541516245,,0.0332099805174186,0.55571791274484,-0.9263824667877404,-1.3762398599065753,0.7363654258216885,-0.8354206562485478,1.432273760037687
US5049221055,1.57059974839932,Labcorp Holdings Inc,6.52845097998402,0.24057770414677518,25693.129628850005,40353.62293066293,35,351020,large,0.0003204714012006,,,,,-0.0017921146953405,0.0059012417450921,1.1146215698513375,-1.99672451717635,-1.326742296964298,0.5742248024700278,1.1322466800456166,0.2427061030420767
US45258J1025,1.56872077303945,Immunovant Inc,15.847870227244819,0.09898622026463773,3492.50237551,5478.761026352163,35,352010,mid,4.356211742766522e-05,0.0018050541516245,0.0018083182640144,0.0017921146953405,-0.0018050541516245,,0.0939041230451739,1.24445133025652,3.095367027470368,-2.3123127701998323,-1.1546219350616722,-0.6409305078719569,0.2634028455581531
US71601V1052,1.56739246774438,Petco Health and Wellness Company Inc,19.91392910096436,0.07870834830221811,293.87265236999997,460.61378180080055,25,255040,small,3.665484977501836e-06,-0.0018050541516245,,-0.0017921146953405,,0.0017921146953405,-0.0402109303039109,0.2308212740006013,0.1294304990383169,1.2036610260811085,0.380552978940213,-1.077878799194941,-0.4966379995016728
US4576422053,1.5578916884507301,Innodata Inc,34.63855767695812,0.04497565120868337,2094.4984931,3263.001793873069,20,202020,mid,2.6124760844340563e-05,0.0018050541516245,0.0018083182640144,,0.0018050541516245,,-0.0836962778969999,-1.9009203395527048,-2.180641874887034,-0.7596478294133112,-14.89211529388404,-5.068567076295087,-3.680020017232629
US90353T1007,1.55727483899824,Uber Technologies Inc,8.467454360278163,0.18391298880849027,154387.2990828,240423.4563225405,20,203040,large,0.0019256787623524,,,-0.0017921146953405,0.0018050541516245,-0.0017921146953405,-0.0149100087470897,0.3436472998356666,0.6080620654629841,0.8899382154780839,0.6774392460631418,0.9306859296386925,0.7548440068388473
US5053361078,1.55655037073019,La-Z-Boy Inc,10.127781082626234,0.1536911548572455,1663.22272492,2588.8899490811027,25,252010,mid,2.0745441480407355e-05,,,,,,-0.0207649428082976,1.1468597888427767,-2.8298296651886115,-1.0041925452230596,-0.5651944531303452,0.5581239062606653,0.6781621895965824
US8257041090,1.55620731256768,SI-BONE Inc,11.981956322621514,0.129879234297459,753.17552238,1172.0972555747383,35,351010,small,9.394387468317615e-06,,,,,,0.0067132555812536,1.7510740024384466,-0.651049931877822,-1.4809443297338285,0.4621337090822108,0.0894043152931305,0.0816064183009885
US70805E1091,1.55202523165353,Pennant Group Inc,9.423030257683017,0.16470553412349434,1319.43773382,2047.800654484394,35,351020,mid,1.6457397968345278e-05,,0.0018083182640144,0.0017921146953405,,,0.0344455641404874,1.3881638280987214,-0.3856885113617747,-2.2235962068436588,0.2547801408744431,-1.130524165867909,0.2442582467014142
US00847X1046,1.54849366977857,Agios Pharmaceuticals Inc,20.202919125021808,0.07664702611518763,1929.30289357,2987.5133177786233,35,352010,mid,2.4064269731801644e-05,,-0.0018083182640144,,-0.0018050541516245,,0.0399743996605155,-1.633685593576583,2.7590269862594727,-0.4744980183040368,-0.9843713501602852,2.3438655316664687,1.2356002023361397
US31609R1005,1.54646810001089,Fidelity D&D Bancorp Inc,8.334705494825544,0.18554562017470055,263.50571859,407.5031879698816,40,401010,small,3.286717036062907e-06,,,,,0.0017921146953405,0.0253361290608999,0.2286329325805134,0.6858165563137664,1.0134443205683734,0.9350261032336618,0.3983659819360086,0.1886276518014814
US12572Q1058,1.54365152926548,CME Group Inc.,7.439292132411353,0.20749978651061854,96558.30052432,149052.36826764236,40,402030,large,0.0012043754230638,,,,,-0.0017921146953405,-0.0013668898242332,1.5609384446608057,-1.1333097212078065,-2.128378431696036,0.4233185171878073,0.3749488892961077,-0.7245626063352117
US53566P1093,1.541256540476,Lineage Cell Therapeutics Inc,14.547792258485938,0.10594436001634287,260.88968880000004,402.0979392057483,35,352010,small,3.254087195148451e-06,,,,-0.0018050541516245,0.0017921146953405,0.004242501710562,1.4732485568016749,2.646747248703216,-2.138425770157505,0.6429999360624747,-2.7645246952591824,2.3995643249414504
US1442851036,1.54110568215455,Carpenter Technology Corp,13.568460574717463,0.11357999484673599,25954.095004099996,39998.00328599752,20,201010,large,0.0003237264324357,0.0018050541516245,,0.0017921146953405,0.0018050541516245,-0.0017921146953405,0.0844007803582113,0.7178028042327111,2.0735172320393103,-1.8466362610701887,0.3238246920596264,-0.916826555714832,2.05408746731961
US6284641098,1.53874566571841,Myers Industries Inc,9.247760771603494,0.166391162544271,1219.7859846000001,1876.9403969073135,15,151030,mid,1.521443783986148e-05,,,0.0017921146953405,,,0.075432553330316,0.3984000448629163,-0.3147601642165301,-0.5450110995975738,1.2751268277252188,0.6622240951804957,1.203479245490997
US65342V1017,1.5299218069015499,Nexpoint Real Estate Finance Inc,7.321006663919405,0.20897697231195858,297.04448388000003,454.45483350782797,40,402040,small,3.705047354801354e-06,-0.0018050541516245,,,,0.0017921146953405,-0.0216075023645057,1.496476678838103,-2.684346079145456,-1.119249697786566,-0.435122440710836,0.648895575156858,-0.1596651765308936
US75508B1044,1.5263339719539,Rayonier Advanced Materials Inc,16.696210577183287,0.09141798762647124,543.23835416,829.1631548227322,15,151010,small,6.775833036240622e-06,,-0.0018083182640144,0.0017921146953405,-0.0018050541516245,,0.0283843430176437,-0.3759968924531416,-3.3916126905976505,-2.5894155094350326,-1.5117816185109167,0.3601055829846679,0.7937149676180949
US16359R1032,1.5246121953473402,Chemed Corp,7.583422613293417,0.2010453950798891,6822.1772098500005,10401.174572958002,35,351020,large,8.50932806264533e-05,0.0018050541516245,-0.0018083182640144,,0.0018050541516245,,0.0072574514911844,1.3661542639668842,0.1981666087731099,0.9395530297022244,1.69674530497445,-0.4289759956081077,-0.1709834534408
US6834161019,1.52425782100586,Ooma Inc,10.035436910985691,0.15188753957859774,521.0112951000001,794.1555413885673,45,451030,small,6.498594067519241e-06,0.0018050541516245,0.0018083182640144,0.0017921146953405,,,0.0413969263324062,0.175082436906626,0.8258322240614744,2.2338966395819964,1.7769217773040795,-2.0139464783461887,-0.4606099397580493
US20112C1062,1.52410431429758,Commercial BancGroup Inc,5.846894471022436,0.26066903068819414,296.922408,452.54072304442633,40,401010,small,,,,,,,,,,,,,
US0082521081,1.52373355787979,"Affiliated Managers Group, Inc.",8.53645171054788,0.17849729718461618,9378.96260394,14291.040057722994,40,402030,large,0.0001169841638956,,,0.0017921146953405,0.0018050541516245,,0.0321288077525872,0.9682529503117718,-1.2616735230318916,-0.4152106501013077,0.2588644989433786,0.9198996824540968,0.0524019039433061
US66979P3001,1.52287096187979,XMax Inc,41.3825413522281,0.036799841481890916,581.2562882999999,885.1783228620974,25,252010,small,7.250032201566051e-06,,,0.0017921146953405,,,0.1495434842988719,-3.876334887008576,7.218112455143276,5.905548180426598,-3.613546806907036,-12.595523566126028,-0.6121635248910584
US96924N1000,1.5222428776928099,Willdan Group Inc,15.395371798672205,0.09887665576378596,1243.56854625,1893.0133624518642,20,202020,mid,1.551107865264738e-05,,0.0018083182640144,-0.0017921146953405,,,-0.038389822426116,-0.327361057266251,-3.851827866869403,-0.5034176159899957,-3.557089081383114,6.665406509703454,-1.1552653658337138
US90384S3031,1.52199721632085,Ulta Beauty Inc,10.323300487997537,0.14743319911015004,21892.30290777,33320.02408447879,25,255040,large,0.0002730635422663,0.0018050541516245,,,0.0018050541516245,-0.0017921146953405,0.0042416098063102,2.273232838943848,-0.7306815317220356,-0.6857120818454658,1.8419822707746225,1.542948524007528,0.6412027392659349
US3635761097,1.52018388610934,Arthur J. Gallagher & Co.,8.801331018773304,0.1727220442983881,63696.89755921,96830.99726466839,40,403010,large,0.0007944938708444,,,,,-0.0017921146953405,0.0039200283366786,0.5905441479776651,0.866154976884159,2.2680300304082737,2.6718646653271443,0.5073127158418287,-0.2700125038002405
US65340G2057,1.5113074886929498,NexPoint Diversified Real Estate Trust,14.634752642282665,0.10326839992679389,207.65224409000004,313.8263915371134,60,601010,small,2.590054484886601e-06,-0.0018050541516245,-0.0018083182640144,,,0.0017921146953405,0.0408927714600619,0.7378051095642261,-0.7957652137417459,3.783393936861658,2.2709535990326124,4.915378662608262,0.0660200993988691
US98585C1009,1.5016067177880799,Yesway Inc,18.070224063525057,0.08309840057927612,1527.82385147,2294.1905589642092,30,301010,mid,,,,,,,,,,,,,
US45166A1025,1.49805029646655,IDEAYA Biosciences Inc,11.877863030521315,0.1261211964321499,3470.85422865,5199.514206221312,35,352010,mid,4.329209925324123e-05,,0.0018083182640144,,-0.0018050541516245,,0.0386258009625325,0.000228985528456,1.1416658395927697,-0.9663959011057216,-0.1543375200267291,-1.2551152964367591,0.6436128658079194
US2944291051,1.49721772264242,Equifax Inc.,9.584701602718383,0.15620911163450135,21125.67010062,31629.727677345338,20,202020,large,0.0002635013015637,,,-0.0017921146953405,,-0.0017921146953405,-0.0126292088691569,1.4312077416803055,0.6874720207615944,0.3033906951678357,2.023892926516,0.7312117498336328,-0.2409058645502141
US5797802064,1.49498230427984,"McCormick & Company, Incorporated",9.420604032242716,0.15869282894845727,14690.35225848,21961.81667006498,30,302020,large,0.0001832333328174,,0.0018083182640144,-0.0017921146953405,0.0018050541516245,-0.0017921146953405,0.0024983831031344,1.944356850029418,0.1764554237872462,-2.4026843207763857,1.70038459812105,1.8989147039288976,1.0278213288185878
US00404A1097,1.4949593938898,Acadia Healthcare Company Inc,21.6716915644794,0.06898212764988251,2829.2005526400003,4229.539943367382,35,351020,mid,3.528872809500145e-05,,-0.0018083182640144,0.0017921146953405,-0.0018050541516245,,0.1035683509164502,2.6999341481436043,3.6470491818646624,-1.2911075893563462,6.462460372324027,-2.425154383011422,4.323238285004709
US2582781009,1.48924152845683,Dorman Products Inc,9.47123811251394,0.15723831570543656,3610.54478792,5376.973238523822,25,251010,mid,4.5034465010563695e-05,,,,,,-0.0300631578938852,0.6249098087610423,-1.095897088786847,0.3609542680694322,-0.049850870447156,0.8730750014202588,0.2230498046035178
US5006432000,1.48327260807483,Korn Ferry,7.352742973004966,0.20173051247956744,4273.705669479999,6339.070554513786,20,202020,mid,5.330609637680783e-05,,,,,,0.0062382459796964,0.3143859216555341,-0.4996765728995261,1.16545840715529,0.5748637284140335,0.6321016334005971,-0.9278678556702632
US91688F1049,1.48258672177928,Upwork Inc,15.749440604874051,0.0941358337083069,979.5657214,1452.2911316577815,20,202020,small,1.2218161190945829e-05,,,-0.0017921146953405,,,-0.0678609950870878,0.6403144426638231,-1.7746004498932615,1.600333303112061,0.1695259934560245,-0.8766816245237267,-1.4360806499684426
US44951W1062,1.48147935987224,IES Holdings Inc,15.605584635064846,0.09493264075114762,14790.2178216,21911.402430714963,20,201030,large,0.000184478959855,0.0018050541516245,0.0018083182640144,0.0017921146953405,0.0018050541516245,-0.0017921146953405,0.0470301003511927,1.9553865215307984,0.6579164759609515,-0.7450736565475036,1.230852309050244,-3.045796852260575,1.6169996998867615
US34959E1091,1.4814043898461,Fortinet Inc,11.810293029604015,0.12543333058144873,97581.57825060001,144557.77838854957,45,451030,large,0.001217138805785,0.0018050541516245,,0.0017921146953405,0.0018050541516245,-0.0017921146953405,0.0151751870994663,-0.5386801739945261,-0.2718418630063312,-0.1409607742087431,-4.055952261656444,-1.6464532113219108,-1.517916931940006
US74251V1026,1.48103844549448,Principal Financial Group Inc,5.8033751043257835,0.25520294981286445,24109.527330719997,35707.136879496225,40,403010,large,0.000300719068388,,,,,-0.0017921146953405,0.0185249333912021,1.1800766058019452,-0.28149947849357,0.1428827825942227,0.7471423672115897,0.3623181149892199,0.2381857048715221
US03475V1017,1.48016994229967,AngioDynamics Inc,11.169440391026212,0.13251961517148816,612.56864576,906.7056970491661,35,351010,small,7.640592449190899e-06,,-0.0018083182640144,0.0017921146953405,-0.0018050541516245,,0.0701934226889159,0.4675400957220983,4.192955173616781,0.1074490413005695,1.77663724100876,-1.9099893855317407,-0.3579664444343374
US59356Q1085,1.4795047031037198,Miami International Holdings Inc,12.84438083172588,0.1151869227864463,3861.1069838699996,5712.525941822283,40,402030,mid,,,,,,,-0.0036696199955428,2.4768392059497657,2.2204185243541046,0.498295563085588,1.7064213097705896,-3.695726085879645,-1.2202115150106725
NL0015000PB5,1.4785315573566902,Ermenegildo Zegna NV,13.146940712675681,0.11246202365019851,879.11343655,1299.7969584354632,25,252030,small,,,,,,,0.0196435412054651,2.6223383119687536,2.213896517602865,-2.0970443987328524,0.3924398320840411,-4.59774273577051,0.2596157451988967
US21676P1030,1.47575701033047,Cooper-Standard Holdings Inc,17.904324692031597,0.08242461169101019,481.53855725999995,710.6339016208653,25,251010,small,6.006249079285286e-06,-0.0018050541516245,,,0.0018050541516245,0.0017921146953405,-0.0153118404211721,2.792517696382077,-0.4179566472442094,-1.107330378658264,2.838349043394076,0.2662794234168195,1.3918454488461212
US87164F1057,1.47327807823661,Syndax Pharmaceuticals Inc,12.737314383379282,0.11566630404907545,1749.3732728999998,2577.3132936166003,35,352010,mid,2.182000060279433e-05,0.0018050541516245,,,-0.0018050541516245,,0.0079010146784888,-0.5022762778705014,-3.812228386841541,-1.4853324150516465,-0.8184863845737109,0.0563966084922993,0.9253083478327556
US59156R1086,1.4729642363109898,"MetLife, Inc.",6.30604535554806,0.23357970855935498,51705.838879,76160.85147722533,40,403010,large,0.000644928931398,,,,,-0.0017921146953405,0.0143099141936291,0.8441538473310727,1.3448769284985156,1.8548411934170297,1.401224235629857,-0.3053859915198595,-0.7296644430474264
US74623V1035,1.4701159677891,Purecycle Technologies Inc,22.31262596217281,0.0658871784200312,1358.22573831,1996.7493457516705,15,151010,mid,1.6941202250978426e-05,,-0.0018083182640144,-0.0017921146953405,-0.0018050541516245,,-0.1268845025454034,0.916043318741545,-2.0248361466221017,2.398188039268199,-5.227601099532235,2.0121379717208443,-2.0704887111440025
US8713321029,1.46971006049804,Sylvamo Corp,9.292520678736805,0.15816053698551763,1273.1458176,1871.1552166077227,15,151050,mid,1.5879997104005765e-05,,,,,,-0.031851731851505,1.0240764038744443,-2.389878088927212,-1.0816607311052224,-0.1818055001923194,1.5797951678725828,0.375879570785589
US9170471026,1.46617212060869,"Urban Outfitters, Inc",10.907782850422713,0.13441522816452758,4498.3335097,6595.33118112198,25,255040,mid,5.610788812985068e-05,,,,,,-0.006747913832256,1.1605889619541088,-0.0019743906796015,1.871090056093992,1.3088557499342592,-1.1789917735660636,0.1361981809252921
US8574771031,1.46446033720019,State Street Corporation,5.403085576581054,0.2710414848041082,52407.34421592,76748.47698221263,40,402030,large,0.0006536788346414,,,0.0017921146953405,,-0.0017921146953405,0.0460089112503926,1.2555322273080365,1.454415476287492,1.982903474336298,2.2560558283512098,-0.4069949985413895,-0.0790813782255265
US12466Q1040,1.46144435536974,C&F Financial Corp,7.15256056885654,0.20432463888989857,266.3736705,389.29029717134404,40,401010,small,,,,,,,0.024479952451147,0.0024595461053999,-0.6279819759131559,0.4378474983655642,0.5871529653066765,1.8291216687383445,0.7115151523918759
US87169M1053,1.45952330586788,"Syntec Optics Holdings, Inc",39.19114306139928,0.037241151746487726,83.25468008,121.51214589933434,45,452030,small,1.0384388498856946e-06,0.0018050541516245,0.0018083182640144,0.0017921146953405,,0.0017921146953405,0.2428596930243738,-0.1600598775396975,-7.070250942679829,-4.448383222476255,-4.270847700474374,17.00051275581452,3.8807451206134336
US0708301041,1.45848832625771,"Bath & Body Works, Inc.",16.93781474328635,0.08610841176166552,3897.6075390200003,5684.615095994713,25,255040,mid,4.861500982571239e-05,-0.0018050541516245,,-0.0017921146953405,-0.0018050541516245,,-0.0009640405706824,1.8734759567644763,1.0593967261853316,1.4232758240642729,3.246490624720977,3.3880356056890704,1.905077352539128
US5534981064,1.45491481348555,MSA Safety Incorporated,6.643939912495044,0.21898374046841373,6842.94648184,9955.904204317845,20,202010,large,8.535233656057657e-05,,,,0.0018050541516245,,0.0084906316270945,1.685814569627263,-1.6157196726188303,-1.4694449816591586,1.2340676679794793,1.4863605605647203,0.5536465881412611
US00187Y1001,1.45453891817227,APi Group Corp,6.5838429680436805,0.2209255180040345,,,20,201030,,,,,,,,0.0179793898029381,2.0291135365071926,-0.7009692928685904,-0.7718185732561554,1.7124651833015518,1.498708934772513,1.485248145915497
US56585A1025,1.45370326231672,Marathon Petroleum Corp,11.321706086546799,0.12839966443256345,99546.09186080999,144710.47848893938,10,101020,large,0.0012416422601495,,,0.0017921146953405,0.0018050541516245,-0.0017921146953405,0.0693137777772013,-1.465189182578336,-0.2445073624984191,-0.3539461130853261,-1.0794578658187457,-0.942200709543241,-1.0240860612006175
US4663131039,1.4515847188242,Jabil Inc.,10.30551349844009,0.14085515671236773,37316.7614032,54168.44060889383,45,452030,large,0.0004654534106162,0.0018050541516245,0.0018083182640144,,0.0018050541516245,-0.0017921146953405,0.0505459597133709,1.1620911151736515,1.7109555363189315,1.7895483826899383,1.609619545755948,0.4955746588398882,1.2527630073322045
US6291564077,1.45150494263786,NLI Holdings Inc,13.009516225425443,0.11157255331301853,53.58477069,77.77855950665132,20,202010,small,6.68364920665638e-07,-0.0018050541516245,-0.0018083182640144,,,0.0017921146953405,-0.0039269863960177,0.6956463854273546,-1.6289163037426064,-1.0476583888704272,-0.348689909875804,3.277946260228206,0.4452379403444443
US91347P1057,1.44748884355294,Universal Display Corp,11.090466265760009,0.13051650028654105,3763.1393747499997,5447.102261685411,45,453010,mid,4.69377832035381e-05,,,-0.0017921146953405,,,-0.0199061781064418,0.6421862608193988,2.2163293954887924,1.5492506560145558,1.284874513991767,1.6074318765297766,0.1834908168765089
US9290891004,1.44534425591461,Voya Financial Inc,6.152728949516156,0.23491108868500865,9166.90600194,13249.334934413142,40,402010,large,0.0001143391736839,,,,,,0.0319292564268207,0.5544991061642158,1.6669494983100728,3.183761031801865,2.1893706635347154,-0.2324487362246124,-0.3290244606036901
US0080642061,1.44348827587625,Jade Biosciences Inc,19.372144316882753,0.0745136032575524,1570.14951903,2266.4924220925377,35,352010,mid,1.958453577772837e-05,,0.0018083182640144,0.0017921146953405,-0.0018050541516245,,0.0996904399853395,4.099469807628622,2.509119639971692,4.897681787500218,5.268889054354506,-1.2398509993045588,1.955404816215476
US0231931058,1.44117576676772,Ambiq Micro Inc,23.33685486852406,0.06175535541901698,1520.6996608,2191.595499676852,45,453010,mid,1.8967745780360915e-05,,0.0018083182640144,0.0017921146953405,,,-0.018117815287154,1.6131879132487774,-1.2062901010557416,0.0978205852380673,-5.932691597459766,0.8189787442184757,-0.8239835161284395
US22266M1045,1.44087795040829,Coursera Inc,13.06235993763038,0.11030762873539965,1415.8852280100002,2040.1178053484234,25,253020,mid,1.766039129970853e-05,,0.0018083182640144,-0.0017921146953405,,,-0.0406708908752071,0.4064656829522742,0.8016464741724647,0.8584424020022688,1.363498236566303,0.550232558379518,0.6691629042405266
US1152361010,1.44063865666709,Brown & Brown Inc,8.489896129567466,0.16968860804431138,19923.92162192,28703.171680943215,40,403010,large,0.0002485118462337,,,-0.0017921146953405,,-0.0017921146953405,0.0022154302419248,1.0764465578244748,1.381833235218604,1.4090558180784805,3.4221515987104247,-0.0675477864767763,0.3275640214003641
US9022521051,1.44042605271379,"Tyler Technologies, Inc.",9.614427747761333,0.1498192186268377,13404.487004649998,19308.17230476129,45,451030,large,0.0001671946856926,,,-0.0017921146953405,,,-0.0244965207496726,0.6382863253907325,2.4573586392825097,1.5387525793111494,2.12622408353201,-0.6917656100784895,-0.6583266396834218
KYG169101204,1.43933756058276,Bullish,20.28553506184343,0.07095388690486736,378.8924934,545.3541971734755,40,402030,small,,,,,,,-0.0447520982447214,0.2518238158923194,4.644806843682323,4.19485000744082,2.8912900665188817,-2.815213266424553,-0.3438087914077418
US90041L1052,1.43274059654818,Turning Point Brands Inc,15.06866408859665,0.09508079735033842,1745.57573583,2500.9572210731026,30,302030,mid,2.177263377580539e-05,,0.0018083182640144,,,,-0.0209722963452344,2.120160912936761,-5.34819555593376,-5.148805838089283,-1.915960193220786,6.6599367363418605,1.6490035345108134
US82900L1026,1.4313967701408299,Simply Good Foods Co,13.871157720764106,0.10319230730093522,917.15418545,1312.8115387742737,30,302020,small,1.1439699685247402e-05,-0.0018050541516245,-0.0018083182640144,-0.0017921146953405,-0.0018050541516245,,-0.0511513289663691,0.0794200143312344,-1.2930466121193365,0.513276982811014,1.1004331648686945,4.065549092920188,1.2857152006325172
US86771W1053,1.42680278059629,Sunrun Inc,19.057323222388664,0.07486900253232169,2391.2421870499998,3411.831001562093,20,201040,mid,2.9826056434692564e-05,-0.0018050541516245,,,,,-0.0858106527054785,-1.3438237472252723,-0.1533716491947671,0.133452243388225,-5.760832550360476,-0.3800066387556183,-1.5597031916150117
US6703461052,1.42611730249714,Nucor Corp,8.780794484536589,0.1624132423334361,60576.4234628,86389.0856236928,15,151040,large,0.0007555720765541,,,0.0017921146953405,,-0.0017921146953405,0.0176512879605371,2.028448285342768,-0.9112550662011696,-0.113513532641708,0.0157735422046669,0.1073545465046001,-0.0331423049759349
US96208T1043,1.4235510354432899,WEX Inc,10.485671748627016,0.13576154867042145,6461.78184923,9198.676242280024,40,402010,large,8.059805533189022e-05,,,,0.0018050541516245,,0.0321202627196609,1.098352343299027,0.8235704727414429,1.0086447370275244,2.524278724530891,0.1791363701289967,-1.7953629036555652
US2787681061,1.42295606543951,EchoStar Corp,33.1720020545437,0.04289629739862512,23038.0828626,32782.179745434696,50,502010,large,0.0002873549000298,,-0.0018083182640144,0.0017921146953405,-0.0018050541516245,-0.0017921146953405,0.0556750281512865,-0.4689608044386906,1.8354584717019569,1.9642649204859333,-0.0809408341131314,2.142534086355937,-0.8756076703951405
US4441441098,1.41940208264644,Hudson Technologies Inc,12.084876373212182,0.1174527598637867,209.10639088,296.80604670975254,20,201070,small,2.608192114131245e-06,-0.0018050541516245,,-0.0017921146953405,,0.0017921146953405,-0.0094204559355926,1.6363272966953868,2.2332067130285678,1.6560880066471353,3.9513601311674416,1.2651693618263744,0.5019877814504243
US45780R1014,1.4189094345336601,Installed Building Products Inc,11.884102883315245,0.1193955865634373,5347.55516544,7587.6964759320235,25,252010,mid,6.670026274035043e-05,0.0018050541516245,,,0.0018050541516245,,0.0168385801316679,2.5765974994901555,-1.5130103299741098,-1.5731975842414043,3.209856035815071,2.757724557782284,2.5969889836531523
US4212981009,1.41608203163472,Hayward Holdings Inc,8.439214108518147,0.16779785575121187,3146.44709715,4455.62719776334,20,201020,mid,3.924575653465929e-05,,,,,,-0.0019410985114758,1.5434725890615997,0.1617780206593775,-0.8857497888243934,1.0903532428725533,1.016236709502367,1.5249696703291606
US0997241064,1.41489305562265,BorgWarner Inc.,9.641598245173219,0.14674880861489686,13829.6146212,19567.425689473344,25,251010,large,0.0001724973189231,,-0.0018083182640144,0.0017921146953405,,,0.0209366080609461,0.6358168829095372,-1.2955530771747397,-2.0304235291309487,-1.6763194372076509,1.088981450412398,0.621968223407297
US2774321002,1.40940264350092,Eastman Chemical Co,8.542192734840121,0.16499307464142565,8399.76610026,11838.652546495858,15,151010,large,0.0001047706079716,,,,,,-0.0054976842639106,0.8860666985952854,-2.4761985635030044,-1.7962069340694875,-0.4840075897389507,2.515737770073602,0.4618590508472494
BMG3922B1072,1.40850800656869,Genpact Ltd,11.095369836726514,0.12694556624029077,5225.45641024,7360.097191798724,20,202020,mid,6.517732023669144e-05,,,-0.0017921146953405,0.0018050541516245,,-0.0188378413731821,0.9363964478788872,-0.1235271586950875,0.1341959227014153,1.0789930076076115,-0.3083608410642761,-2.0424337209730563
US86722A1034,1.40455244517454,SunCoke Energy Inc,12.114106154548308,0.11594354773316833,787.6574842499998,1106.306245463364,15,151040,small,9.824482314537402e-06,,,,,,0.0105785490719211,-2.488327940224866,0.8474308614826777,3.4618580461045347,-3.1233625881967946,1.373520081982063,-2.722193780952013
US0223071020,1.4018399186604902,Alumis Inc,38.601119020650884,0.03631604352999538,1662.69117476,2330.826861183073,35,352020,mid,2.0738811434669667e-05,0.0018050541516245,-0.0018083182640144,0.0017921146953405,-0.0018050541516245,,0.1342487547002361,2.9147988830268066,-19.973485554917985,-10.661058173319711,-3.7152787362487207,13.79619277648693,4.031722472338372
US78435P1057,1.40147552740422,Sezzle Inc,20.818655355058354,0.06731825391709079,2213.3114290699996,3101.901802365666,40,402010,mid,2.760671919745264e-05,0.0018050541516245,0.0018083182640144,0.0017921146953405,0.0018050541516245,,0.0248358969583869,1.0648217042138275,0.7003871357389981,1.9926659977093288,1.3932152105977864,-2.08887451360304,1.7666226286496016
US3703341046,1.39607314036346,General Mills Inc,6.876695804648347,0.20301510783998553,20891.453969500002,29165.99774995854,30,302020,large,0.0002605799146868,,-0.0018083182640144,-0.0017921146953405,,-0.0017921146953405,-0.0142957623425341,0.9330481814878516,-0.8540180953864954,-1.0115702658414767,0.3351031916084692,2.506096357947893,0.2996741828282473
US43785V1026,1.39153685355297,Mechanics Bancorp,7.803557910145762,0.1783208210377691,3588.2669186,4993.205657616855,40,401010,mid,4.475659228350096e-05,,0.0018083182640144,,,,-0.0009309411677969,0.4056769576183408,-1.8278857451029635,-0.0681886674477284,0.0580011781179064,-0.3564592927875354,0.2574199756629314
US00081T1088,1.39063704714815,ACCO Brands Corp,11.883394061379272,0.11702355740837417,383.91297581,533.8836070422775,20,202010,small,4.7885614198895e-06,-0.0018050541516245,,,,0.0017921146953405,-0.0032532179790207,1.9577750842612127,-0.7393242440000433,-0.6817666806028655,0.3579474194413947,2.313668711738357,0.5041905415188914
US9858171054,1.38969511588953,Yelp Inc,11.41035952059358,0.12179240394497548,1271.26527066,1766.6711376361834,50,502030,mid,1.5856540969171625e-05,,,,,,0.0182354202207786,-0.1385653373930835,4.92375530036868,5.025039022360981,3.9749212754932537,-2.7194622266703856,-0.8081346164469313
US9478901096,1.38903939851045,Webster Financial Corporation,5.536264589808821,0.2508983044393145,12692.077772159999,17629.79607448898,40,401010,large,0.0001583087777373,,,,,,0.0242192605501061,0.8832885915531806,-0.4094261962398591,-0.3459091413647113,1.1319034343435357,0.9133098215424844,0.5429296734095399
US09073M1045,1.37440131688596,Bio-Techne Corporation,13.825525148957253,0.09941042398592866,11162.287877760002,15341.463158653532,35,352030,large,0.0001392276491211,,,,,,0.0293956983697059,0.7308641904580035,-1.002109062159607,-1.6995240637698468,-0.0188121957435221,1.4167505705275094,1.1374663643493688
US0994061002,1.3719590249222802,Boot Barn Holdings Inc,12.45716905103799,0.11013409381387194,4913.1887330399995,6740.693623440691,25,255040,mid,6.128239340187024e-05,,,,,,-0.018306494488241,1.7276186086651448,-0.5585394416071019,-2.2413950775757066,-0.4014723476159461,1.5925169899712115,1.532494977358326
US9280311039,1.3712206282165,Virginia National Bankshares Corp,6.546438522462891,0.20946055225469704,221.28942204999998,303.4366203210672,40,401010,small,2.760151533879656e-06,,,,,0.0017921146953405,0.0024857834617123,0.3052609022869014,-0.0618856387303001,0.4538530461162658,0.1565767287503488,0.2342396556458976,-0.0533740413537605
US2339121046,1.3705090985828199,Daily Journal Corp,12.99022034528939,0.10550314483924855,751.81214976,1030.3653916711896,45,451030,small,9.377382068811934e-06,,-0.0018083182640144,,,,0.0147543298924841,0.3113676891185356,-2.4939327963972016,1.3875307002052475,0.7634195143057042,2.250945578247024,0.1079440071495213
BMG6331P1041,1.3682581157068698,Alpha and Omega Semiconductor Ltd,20.516752923975787,0.06668979836999106,773.54359328,1058.407299358414,45,453010,small,9.648439205702977e-06,,-0.0018083182640144,,,,-0.0134548674052752,2.951180252205993,2.785762406516157,7.923015980826029,4.740170944414699,-3.448418162718439,3.447890731917777
US93403J1060,1.36823563082574,Warby Parker Inc,21.83775574015797,0.06265458992700695,2987.24988023,4087.2617243106106,25,255040,mid,3.726008348078947e-05,0.0018050541516245,,,,,0.005743220599463,0.8902029165379184,-1.1303670211446262,2.393245486968563,2.16347659687239,2.0586070988162404,1.1595262136999724
US0396531008,1.36576184326976,Arcosa Inc,7.883626133467556,0.17324031101269888,7020.98979082,9588.99995828849,20,201030,large,8.757307765079967e-05,,,,,,0.0208583530788351,0.696672942702656,-0.2414556176714473,0.2399950400560491,0.1910686488498301,0.1884659131702168,0.3025020129109309
US53220K5048,1.3656889584985499,Ligand Pharmaceuticals Incorporated,8.887441786458705,0.15366502434698062,5750.731945490001,7853.711121240579,35,352020,large,7.172910233679634e-05,0.0018050541516245,0.0018083182640144,0.0017921146953405,0.0018050541516245,,0.0489907595073661,0.4205381440987837,0.7415711897767396,0.3078781505359289,0.7795651781753631,-1.2773769133280644,1.5298679029750009
CA8559191066,1.35794791186772,Starz Entertainment Corp,21.36295409646586,0.0635655493025831,445.23,604.599148800865,50,502020,small,5.553371038004568e-06,,-0.0018083182640144,0.0017921146953405,-0.0018050541516245,0.0017921146953405,0.0436047911271793,1.234675537975826,2.558069354747409,6.342551810093465,3.5864853648271677,-5.235806948749548,2.0082175282403454
US81761L2016,1.35714579039231,Service Properties Trust,15.260590334455063,0.08893140833013338,,,60,601030,,,,,,,,-0.0391483290532647,0.8129326542721795,-2.806185477308188,-2.3656399607774574,-0.9265026135622918,4.196584167766398,0.9329719447449925
US44891N2080,1.3559010959998299,IAC Inc,8.149698361953623,0.16637439028783846,2932.0049382400002,3975.5087092365297,50,502030,mid,3.6571011179184666e-05,-0.0018050541516245,,,,,0.0075603591884101,0.4639668329981686,0.8764078326430089,1.8121829925388564,1.622031710198364,-1.1717777018383932,0.4605913268639168
US3794631024,1.3547560275968,Global Water Resources Inc,8.623142680191553,0.15710699426426583,111.93971864,151.65100855502988,55,551040,small,1.39622844708972e-06,,,-0.0017921146953405,,0.0017921146953405,0.0124613528822121,1.2264538411998076,0.6864594818553449,-0.7839611963610983,0.9239850756991764,3.64305384616705,0.4703529804429673
US2383371091,1.35446492616829,Dave & Buster's Entertainment Inc,20.986959013317094,0.06453840812805828,283.78788499999996,384.3807367039801,25,253010,small,3.539697283416595e-06,,,-0.0017921146953405,-0.0018050541516245,0.0017921146953405,-0.1440269214963938,3.209818082067118,-7.768749891024353,-1.675723239505552,-1.4393701055082917,3.511978440311963,0.8309731182186201
US31620M1062,1.34846938299185,Fidelity National Information Services Inc,8.59146123210307,0.15695460254806545,22112.68633497,29818.280498409305,40,402010,large,0.0002758123932913,,0.0018083182640144,-0.0017921146953405,0.0018050541516245,-0.0017921146953405,-0.0280288228160334,0.8595495090835334,1.967614459930328,0.5375852191289323,1.5163327897364862,-1.496219126422618,-1.5829634050235215
US74164M1080,1.34418464221934,Primerica Inc,5.554198769486496,0.242012340214395,9597.877504740001,12901.319539773991,40,403010,large,0.0001197146979339,,,,0.0018050541516245,,0.0134453651237948,0.8793438184005671,0.6891282662283079,1.6942552636051482,2.010817763494045,-0.7714772805600828,-0.1317938405236985
US71377A1034,1.3410750345996199,Performance Food Group Co,7.384598139648669,0.18160433502796172,16465.067011889998,22080.89031265544,30,301010,large,0.0002053694186883,,,,,-0.0017921146953405,-0.017930582617331,1.1619193635157676,-1.5639117267079712,-0.6635507286451877,0.0769354193244413,-0.1044193946228202,0.7379770969867103
US04013V1089,1.34045349933455,Ares Commercial Real Estate Corp,9.761218642581497,0.13732440061193502,247.84581402,332.2257886985291,40,402040,small,3.0913904397038263e-06,-0.0018050541516245,0.0018083182640144,,,0.0017921146953405,-0.0308838796337768,0.9995020322058288,-3.011739679579689,-0.8087051951737791,-0.7033668348419756,1.1658175163489404,0.5576317712851709
US55405Y1001,1.3397512006046501,MACOM Technology Solutions Holdings Inc,16.590690225847,0.08075319244508722,20514.963340899998,27484.946766331155,45,453010,large,0.0002558839324912,0.0018050541516245,,0.0017921146953405,,-0.0017921146953405,0.0194263363787573,1.383566737537022,-6.120550510827917,-3.937117255137092,-4.423037696121347,4.4754128412766905,2.6541906538501383
US3434121022,1.33379552514392,Fluor Corp,12.435884204750653,0.10725377489719584,6873.864296340001,9168.329438904853,20,201030,large,8.573797565857693e-05,,-0.0018083182640144,,-0.0018050541516245,,0.033935525500606,0.980701664454574,-0.387154574413836,-2.1715689699112075,0.3663143198715799,2.2111341308180354,1.938171042307232
US4830077040,1.3285671515514101,Kaiser Aluminum Corp,13.461095453818663,0.09869680785708419,2914.9212652,3872.6686423033966,15,151040,mid,3.635792586354314e-05,,,0.0017921146953405,0.0018050541516245,,0.0674898633901119,2.8216948804138635,1.4661118134007514,1.902225403219017,2.599080153810045,0.6343951282354787,1.8573390441213085
US92537N1081,1.3247408070153102,Vertiv Holdings Co,15.007008859740164,0.08827480675174647,112074.08280389999,148469.11089913917,20,201040,large,0.0013979043765112,0.0018050541516245,0.0018083182640144,0.0017921146953405,0.0018050541516245,-0.0017921146953405,0.0787618926815163,1.8167009386373043,0.7261093979503048,-3.486961158549194,-0.4323761281609967,0.990820414054666,3.1289406539217786
US1746151042,1.3231597440092602,Citizens Financial Services Inc,8.16211877067507,0.16210983706376828,369.60717877,489.0493400452981,40,401010,small,4.61012465920961e-06,-0.0018050541516245,,,,0.0017921146953405,0.0298383187470385,0.1819987699903723,-0.8259748735897572,1.6403130269741422,1.280123854849092,1.3763037511051064,0.3066626530193092
US86272C1036,1.3125236205000401,"Strategic Education, Inc.",8.722330903908082,0.15047854007831296,1765.3596857999999,2317.076286291029,25,253020,mid,2.2019399750202284e-05,-0.0018050541516245,,,,,-0.0010477399729852,-0.4696478056498407,-1.2016299474954506,0.0636039139666337,-0.4778797178652966,1.042070428011362,-0.4406954644148936
US45168D1046,1.30736620814655,IDEXX Laboratories Inc,7.270510785697743,0.17981765610173475,43113.112802100004,56364.626805475964,35,351010,large,0.0005377515261626,0.0018050541516245,,,0.0018050541516245,-0.0017921146953405,-0.0482898457722257,1.3400036903215349,-2.87819173722841,-2.5541881514345475,-1.256426339517147,-0.0239990193400388,0.2329674442492407
US01862Q1076,1.30736268521933,Alliance Laundry Holdings Inc,9.910826367863194,0.13191258091843674,4779.7042383200005,6248.806967564248,20,201060,mid,,,,,,,,,,,,,
US40412C1018,1.30706725974831,HCA Healthcare Inc,7.723227400767558,0.1692384791905013,61880.365032500005,80881.79915525492,35,351020,large,0.0007718361902671,-0.0018050541516245,,,-0.0018050541516245,-0.0017921146953405,6.62458918241713e-05,0.862128746998602,-1.4374052433813778,-3.125963119704964,-0.3614730424487489,0.6554542080195873,0.6969994031886918
US53216B1044,1.30646161237064,LifeMD Inc,18.664971633512305,0.06999537090240919,135.13756397999998,176.55203972915132,35,351030,small,1.6855760706893542e-06,0.0018050541516245,-0.0018083182640144,-0.0017921146953405,-0.0018050541516245,0.0017921146953405,-0.0127193468628981,-2.6124416336209597,5.50677550227311,8.195214742352547,2.411698485352608,-3.872586583545131,0.0085392489110131
US6409791000,1.3063535687948,Neumora Therapeutics Inc,27.927207464308974,0.04677709257054514,216.45991323,282.7731801490233,35,352020,small,2.6999128832748554e-06,0.0018050541516245,-0.0018083182640144,,-0.0018050541516245,0.0017921146953405,0.0676010927588412,4.214070388671322,1.6556289983071284,-11.95577839596416,-0.2504399970823594,1.2231529904192309,3.8792619662063808
US3686781085,1.30520507623371,Gencor Industries Inc,9.628052957294981,0.1355627230160572,218.39487919999996,285.05010495528785,20,201060,small,2.7240477887783528e-06,,,,,0.0017921146953405,0.0233280912973386,0.7116870920093535,-2.740904725365464,-1.7301322801654182,0.113297375963322,5.531899994766894,1.3939013291080973
US05759B3050,1.3036307122773099,Bakkt Holdings Inc,50.36536540488575,0.02588347571386526,315.91467362,411.8360709900944,40,402030,small,,,,,,,-0.05221405725482,-0.2172733858891917,1.1221202608576768,-1.1054755279453712,-7.974408601438771,-2.8306527735464355,-0.3651352028078015
US88822Q1031,1.30153184758083,Tiptree Inc,8.776797985505366,0.14829233277674533,416.66018352000003,542.2964984701533,40,403010,small,5.1970186102680325e-06,-0.0018050541516245,-0.0018083182640144,-0.0017921146953405,0.0018050541516245,0.0017921146953405,-0.036058966776019,0.4593560741083122,-1.7053039792201816,-0.4458282374083959,-0.4278769692268435,0.9956995965522012,-0.1879548699195165
US5370081045,1.30086990921621,"Littelfuse, Inc.",10.07132148230807,0.12916576156380288,11505.5643519,14967.242453937415,45,452030,large,0.0001435093498814,,,0.0017921146953405,,,0.007152131036208,1.5029854980854178,-4.112065752316468,-1.0563338122142123,-0.8457780007192535,2.0536721161473768,1.2538048971280322
US92764N1028,1.2989276791447,Vir Biotechnology Inc,14.46524308889882,0.08979646392126979,1155.95867072,1501.5067133455223,35,352010,mid,1.441831728119558e-05,,,0.0017921146953405,-0.0018050541516245,,0.0266484913283552,1.8646983354276867,-3.7763732299174633,-2.71890273668612,-0.2624863071353243,1.6822799770016237,3.207519743197243
KYG1144A1058,1.2988004548481802,Bit Digital Inc,20.645842111468944,0.06290857247845973,556.06312566,722.2150405315087,45,451030,small,6.935796907985847e-06,-0.0018050541516245,0.0018083182640144,-0.0017921146953405,-0.0018050541516245,,-0.0550929269957734,0.3612651716184146,1.884259047064417,0.3577196077176662,-3.2957094180695914,1.981458500574636,0.795463661117896
US68572M1062,1.2976740770853499,Orchestra Biomed Holdings Inc,16.13402160209016,0.08043091233479173,175.8461052,228.19093227446336,35,351010,small,2.1933352823565e-06,0.0018050541516245,0.0018083182640144,,-0.0018050541516245,0.0017921146953405,0.0447100837661157,1.19159049910337,-0.0263802743672447,-7.920147779144845,-3.1830927549946315,-2.3651370712517217,1.1704796888762574
US04650F1012,1.29739459293789,AtaiBeckley Inc,21.75758019231372,0.05962954434593877,2606.53174254,3381.7001890923725,35,352020,mid,3.251137140053728e-05,0.0018050541516245,0.0018083182640144,0.0017921146953405,-0.0018050541516245,,0.0989956609176222,1.9819540904851856,7.931547787724968,5.27095135929909,6.120016822541892,-3.0744506685489474,-0.9447701450940138
US50060P1066,1.2970002446108,Koppers Holdings Inc,8.794951486815028,0.14747099475820882,843.92098509,1094.5657240939174,15,151010,small,1.0526259140136764e-05,,-0.0018083182640144,0.0017921146953405,-0.0018050541516245,,0.0367377796324759,1.2092578872839097,-1.862600747778707,-2.516621287048737,0.72126533461889,-0.5424660174371272,1.7056495483743952
US21044C1071,1.28783822230776,Construction Partners Inc,13.72566746105881,0.09382700156196375,6777.476259939999,8728.292978334175,20,201030,large,8.45357239465317e-05,0.0018050541516245,0.0018083182640144,,,,0.0196111091755434,1.6028565586296732,0.1979477783644089,-0.7611823874187352,1.73898625526604,2.582260631981253,2.245329888672007
US3193901002,1.28778000233643,First Business Financial Services Inc,5.903405121967524,0.21814189873982942,565.82158397,728.6537207268892,40,401010,small,7.0575145365246446e-06,,,,,,0.0291808366875558,0.392616736609796,-0.0039090033756256,0.823551176991383,0.9761884750619484,0.5675121495984421,-0.3183456580417049
US8064071025,1.28688737099384,"Henry Schein, Inc.",6.874884564477201,0.18718676058115036,8916.22503735,11474.177397504793,35,351020,large,0.0001112124203013,,,,,,0.0129162279067778,1.5012085307425205,-1.871781668997189,-1.5979875333350615,0.715498008839548,0.9337525455215464,1.029046045949957
US5398301094,1.28215451990355,Lockheed Martin Corp,8.537071575346799,0.15018668973165608,140367.6060392,179972.96053120113,20,201010,large,0.0017508105879031,0.0018050541516245,,,0.0018050541516245,-0.0017921146953405,0.0319916898347301,0.1302331909588674,-3.3266724989238656,-2.5842206061757675,-1.3574300363210836,4.587058541022543,-0.4576876879140567
CA98420N1050,1.28140416474041,Xenon Pharmaceuticals Inc,12.175131632929286,0.1052476641217315,5906.9150199999995,7569.145507395681,35,352010,large,7.367717987561972e-05,,0.0018083182640144,0.0017921146953405,-0.0018050541516245,,0.0584257123457099,-1.4003220486050827,2.3968934093800405,1.411223696257263,0.5962843108309605,-3.1027374053092536,-0.3216008764365588
IL0010827264,1.2812768753288,TAT Technologies Ltd,14.542456927811058,0.0881059425989071,499.56677031,640.0833504808971,20,201010,small,6.231115679062583e-06,,,,,0.0017921146953405,0.0201187589897671,0.0987025326114272,-1.3827242704055358,-2.812029389150005,-2.2420448806528155,4.579425102262969,0.6935723788989638
US5486611073,1.28016855063172,Lowe's Companies Inc,7.334584331352765,0.17453866406027269,122354.7677984,156634.72575535838,25,255040,large,0.0015261357587166,-0.0018050541516245,,-0.0017921146953405,-0.0018050541516245,-0.0017921146953405,-0.0152570091833673,1.0606435922691548,-1.9188944693261405,-0.3877247773004648,0.921268604791802,2.6128253576164857,1.2022427621118728
US5186132032,1.2783859445077501,Laureate Education Inc,7.745819815899224,0.16504204524403082,4415.49605206,5644.708090982965,25,253020,mid,5.507465331162211e-05,,,,0.0018050541516245,,0.0391507239813161,-1.4598778624671431,0.5174801359131425,1.5133256345970236,0.016817817845146,-0.5068628345566608,-0.566729031648717
US3453708600,1.2782096746489602,Ford Motor Co,11.561248527645876,0.11055983024605316,57122.83710626,73014.96303261814,25,251020,large,0.0007124953601387,,,,-0.0018050541516245,-0.0017921146953405,-0.0403606297657935,1.562774158842832,-2.179342329341303,-3.0484626993693653,-3.848963682309906,0.0823349213851403,-1.0273244706321325
US85209E2081,1.2745018300814699,"Spruce Biosciences, Inc",519.2066642588043,0.002454710075612936,145.97442585000002,186.04467289091684,35,352010,small,1.8207446686088884e-06,,0.0018083182640144,0.0017921146953405,-0.0018050541516245,0.0017921146953405,1.1200933793376575,-1.545203572671947,55.43913592626729,-72.5297948477869,-53.19666096963533,-23.267143756370864,-12.55376741955246
BMG93A5A1010,1.27418447426661,Viking Holdings Ltd,8.555143371621806,0.14893782826518098,43330.2687123,55210.75565901292,25,253010,large,0.0005404601202431,0.0018050541516245,0.0018083182640144,0.0017921146953405,0.0018050541516245,-0.0017921146953405,0.0204041127190567,1.6272159983278467,-0.351676771670107,-0.334001828767476,0.9280183797084413,-0.8104460620838343,0.7966324491812131
US53947R1059,1.26288285426809,Loar Holdings Inc,11.40130443413203,0.11076652338897328,5638.2488806,7120.447839405992,20,201010,large,7.032609671088137e-05,0.0018050541516245,0.0018083182640144,,,,0.0185054591130995,0.4334447924881822,0.6924681960566891,-0.417115051705615,-0.2258506846065566,2.4875906667640884,1.2167764949043538
US26614N2018,1.2515876712379401,Dupont De Nemours Inc,8.555307615330152,0.1462937076622745,19709.46757164,24668.12661932861,20,201050,large,0.0002458369525567,,-0.0018083182640144,,,-0.0017921146953405,0.0158667256181745,1.3235534827838211,-2.4821563758606757,-3.226220718700255,-1.1244223798045123,1.4699978570839527,0.6042668512393641
US8807701029,1.2500726826875501,"Teradyne, Inc.",17.30382930981718,0.07224254587268335,65311.7055519,81644.37897016299,45,453010,large,0.0008146354334941,0.0018050541516245,0.0018083182640144,0.0017921146953405,0.0018050541516245,-0.0017921146953405,0.1240899110546166,2.487748720771498,0.387331033292956,-1.779216930258818,1.9116905293924216,1.2813343051716044,3.843186716334952
US04621X1081,1.24744140012177,Assurant Inc,5.621751262280038,0.22189551652554612,13839.77801052,17264.31205881755,40,403010,large,0.0001726240872718,,,,,,0.0096381041017963,0.6911319197985435,-0.4093621952742279,0.1742819043900219,0.1543501409263159,0.0388494466134949,-0.2698427912857442
US92826C8394,1.24465821544388,Visa Inc,5.3022355584593415,0.23474215766557482,676015.09458,841407.7412330685,40,402010,large,0.0084319624632088,0.0018050541516245,-0.0018083182640144,,0.0018050541516245,-0.0017921146953405,0.0120100529610365,0.7294573436173233,1.8918724895801933,0.5966478787586692,1.2413204188516656,-0.5893027905897423,-0.6429761453401102
US1524131000,1.2409098628928001,Central Bancompany Inc,5.850327451938222,0.21210947132227356,2581.72101924,3203.6830760125686,40,401010,mid,3.2201906287660416e-05,,,0.0017921146953405,,,0.0194689967067907,0.7901417789236593,-1.2418250250730951,-1.035273940977419,-0.6298760830327386,-0.783545441297495,-0.2781867053839886
US7185461040,1.2400251318100601,Phillips 66,9.88538378261526,0.12544026201499697,92961.42487424999,115274.50313294285,10,101020,large,0.0011595114537391,,,0.0017921146953405,0.0018050541516245,-0.0017921146953405,0.059908256205384,-1.2380255400468363,-0.9455437848795504,-0.5232201048674914,-0.976813607687859,0.5493398423376092,-1.2558757395575473
US4234521015,1.23610661241408,"Helmerich & Payne, Inc.",11.812318504457078,0.1046455538722281,4243.567591,5245.501959461189,10,101010,mid,5.293018295639156e-05,,-0.0018083182640144,0.0017921146953405,,,0.0562085352895326,0.5116790546760723,-2.359738455226565,-2.0908122665562443,-1.7379432489586362,3.95668256566244,0.0744501846683552
US8826811098,1.2321692680271499,Texas Roadhouse Inc,8.559055903501328,0.14396088563028261,13516.72929477,16654.898441257887,25,253010,large,0.0001685946881255,0.0018050541516245,,,0.0018050541516245,,-0.0053324161033605,0.8743514116054618,-2.3537025526020536,-2.206307413594589,-1.2116875445024489,1.3834855714658016,0.1498181408090886
US83089J1088,1.22680842242935,Skywater Technology Inc,20.811648012121417,0.058948163149540815,859.7076898800001,1054.6966347720638,,,small,1.0723167320552086e-05,0.0018050541516245,0.0018083182640144,0.0017921146953405,0.0018050541516245,,0.0351952306165372,0.5960206418808016,-7.434412573538896,0.0880507290855554,-3.262288814976686,5.310158151223813,1.4414245810427415
US87162W1009,1.22366544988821,TD SYNNEX Corporation,9.224796521713287,0.1326495871218353,19363.44098252,23694.373721259137,45,452030,large,0.0002415209495057,,0.0018083182640144,0.0017921146953405,,-0.0017921146953405,0.0117485456921916,1.3794734264273516,0.699818482531166,3.285063179453884,1.2289374946119818,-2.366779133985637,0.9301014034063791
US1220171060,1.2185106870051,Burlington Stores Inc,9.057032827573476,0.13453751468090444,21779.996785680003,26539.15884628781,25,255040,large,0.0002716627436548,0.0018050541516245,,,0.0018050541516245,-0.0017921146953405,0.0454491574698225,0.5703726284373913,2.29553813183864,1.3339036273004132,2.5676952101654416,-0.1206045967729744,-0.6661894074143249
US5502491062,1.21457602560857,Lumexa Imaging Holdings Inc,26.900917662360687,0.045149984876091585,206.69314806,251.0445422912385,35,351020,small,,,,,,,,,,,,,
US5147661046,1.21270377414539,"Lifecore Biomedical, Inc.",18.16509812980209,0.06676010035727799,170.86873179,207.2131559251694,35,352030,small,2.1312523109924226e-06,0.0018050541516245,-0.0018083182640144,-0.0017921146953405,-0.0018050541516245,0.0017921146953405,-0.068987709764715,4.1200302846031045,-3.031058262679861,-1.2591925083611146,0.4623784362396657,3.648715000926401,1.4911310074875463
US57686G1058,1.2093722900025399,Matson Inc,9.13298302635884,0.1324181033198192,6357.454831360001,7688.529707989555,20,203030,large,7.929678039641723e-05,,,0.0017921146953405,,,0.054137377778602,0.8882811546400522,-3.6329432620445417,-0.9592827318543566,-0.0754103604369744,4.021328821431565,0.6849806329666027
US3994732069,1.20648319160778,Groupon Inc,20.895918318048505,0.05773774443622801,540.67661991,652.3172540167234,25,255030,small,6.743880425699971e-06,-0.0018050541516245,-0.0018083182640144,,0.0018050541516245,,-0.0208507433406332,2.241639346074856,4.306135068762693,4.389046656163083,3.048358623422966,-4.97879652682202,-1.3819232409899829
US5717481023,1.20619718216501,Marsh & McLennan Companies Inc,6.094055966158557,0.19793011236904462,89543.07803175,108006.60840427846,40,403010,large,0.0011168742811475,,,,0.0018050541516245,-0.0017921146953405,0.00092393297735,0.9380734780260116,-0.4418517299422956,0.176938901227898,1.6876351363808837,0.7684697929961051,-0.1083430653783612
US8926721064,1.20448919044572,Tradeweb Markets Inc,7.071626400425475,0.17032703967127705,22398.127997599997,26978.303059328835,40,402030,large,0.0002793727182071,,,-0.0017921146953405,,-0.0017921146953405,0.0118041304835166,1.2944508731385176,0.0949625835844654,-1.6417904400644088,1.8998119793578887,0.9439725043206568,0.5545914581059332
US6658591044,1.19791249691562,Northern Trust Corporation,4.901550221929747,0.2443946185751822,34724.885590440004,41597.37440275322,40,402030,large,0.0004331248431955,,,,,-0.0017921146953405,0.0236633180521119,1.184435270560268,-0.2155556737641797,1.5090350345865533,1.4985573337243054,0.7093743074671653,0.2855609428239697
US6200711009,1.1974562165240499,Motorcar Parts of America Inc,17.464948594430318,0.06856339771340215,224.14304511,268.40148275760004,25,251010,small,,,,,,,0.0149632249249181,-1.78712819596493,2.854373400922525,3.807511768681483,1.1824769081233688,-1.178690730296848,1.0984021713051886
US78440X8873,1.19545083956252,SL Green Realty Corp,10.749920686982312,0.11120554973118632,3971.15642924,4747.322287369057,60,601040,mid,4.953238798267648e-05,-0.0018050541516245,,,,,-0.006565281937077,0.1936798902473512,0.9568337023327442,3.5487974427641307,1.266954835512808,-0.0561932703061669,-0.141210642499502
US29084Q1004,1.19524952352539,EMCOR Group Inc,8.272263289914202,0.14448881541073227,36381.93034021,43485.48490406993,20,201030,large,0.0004537932265526,0.0018050541516245,,,0.0018050541516245,-0.0017921146953405,0.0229235646897954,0.7549452426482144,-0.1106659532606801,0.9206996478428155,0.965367334287972,1.1317578702394064,0.6629780056407055
US38267D1090,1.18956406909553,Goosehead Insurance Inc,17.97220013680547,0.06618911763949303,2212.7146773,2632.1658752763906,40,403010,mid,2.7599275889507543e-05,-0.0018050541516245,-0.0018083182640144,-0.0017921146953405,-0.0018050541516245,,0.0578314086727961,2.6163577201957686,3.887014431319149,2.9682825078440667,7.122729168435528,0.4296720551662951,-0.3038031363779174
US30214U1025,1.1878819629008899,Exponent Inc,9.13290516810796,0.1300661663551446,3151.1881475200003,3743.239562146077,20,202020,mid,3.93048918395904e-05,0.0018050541516245,-0.0018083182640144,,0.0018050541516245,,0.0046427211925753,1.2364760245217803,-0.0405009950239464,-0.7893460609294272,1.4825760353417654,0.7212194553798529,0.187302418212706
US1495681074,1.18757743725093,Cavco Industries Inc,13.830568045936799,0.08586613603335123,4375.68990723,5196.470606232963,25,252010,mid,5.457814972508586e-05,,,,,,0.01408481666627,1.798990810581017,0.8473054528266329,-0.4947197198535349,1.7486957129891068,-0.6640053271036439,1.923631994309551
US03852U1060,1.1822722618961798,Aramark,7.710261817986497,0.15333749875239974,16335.20020176,19312.65409106173,25,253010,large,0.0002037495849346,,,,,-0.0017921146953405,0.0282866735814839,1.0249651405922475,-0.2404461394429737,-0.0994871849459304,0.2399157481104143,0.7789282374762819,0.5180991885643795
US5007541064,1.18096520602571,Kraft Heinz Co,6.611819421072979,0.17861425589782076,21897.835110449996,25860.58135272961,30,302020,large,0.0002731325456446,-0.0018050541516245,-0.0018083182640144,,,-0.0017921146953405,-0.0227085959910732,1.024678895706021,-1.249875927954836,-1.5405409029906845,-0.3685510050393333,0.2820723447161746,-0.2440752984950824
US37045V1008,1.17599845025951,General Motors Co,8.888755401608424,0.13230181247272396,75940.61707632,89306.0479935032,25,251020,large,0.0009472102586973,,,,,-0.0017921146953405,0.024894862462999,0.8797370857554722,0.8034884980022051,-0.1055721391110701,-0.0108853307614318,-0.5426913016169554,-1.2983912440429348
US00676P1075,1.1741683052947,Adeia Inc,15.213300228386828,0.07718038082912436,3242.51259288,3807.2555160786333,45,451030,mid,4.0443985184432513e-05,0.0018050541516245,-0.0018083182640144,0.0017921146953405,0.0018050541516245,,0.1482643634588367,-0.7400220401452188,6.356915909275715,6.232811606083686,5.608483642744004,1.02757414050466,1.5130464212603434
US8060371072,1.1737009041042,"ScanSource, Inc.",8.248270146924844,0.14229661288940496,991.50715172,1163.732840399544,45,452030,mid,1.2367107113932684e-05,,,,,,-0.0071370023225267,0.2245972208548226,-0.8088167247295913,1.3243522510420742,-0.3560652137373791,-0.5116018982555821,-0.6334392579558029
US0311001004,1.17123494455855,AMETEK Inc,5.193525767818571,0.22551826965335384,58175.834044719995,68137.56976201503,20,201040,large,0.0007256294317447,,,,,-0.0017921146953405,0.0319014580575526,1.4397646015209904,-0.0176156886884319,-0.8829668078145004,1.0696609325655109,1.6256205400095505,0.793930757986901
US78397Q1094,1.16798585106724,SES AI Corp,27.360881902878937,0.04268816536006259,182.65169328,213.3345934245133,20,201040,small,2.2782216461236787e-06,,-0.0018083182640144,-0.0017921146953405,-0.0018050541516245,0.0017921146953405,-0.0890314208972408,1.0388200645107208,0.7057824260555601,-0.9142155592370792,-5.181336000729504,-0.3259660203442224,0.4699598094207262
US25754A2015,1.16793601521356,Domino's Pizza Inc,7.314931511762758,0.1596646548686701,10609.31063277,12390.995984600248,25,253010,large,0.0001323303425223,-0.0018050541516245,,-0.0017921146953405,-0.0018050541516245,,-0.010590512752063,1.7711430800304062,0.1621363695431521,0.2100445190731177,2.631499566713126,0.3944768838046718,-0.3264919427082658
US8760301072,1.16748022284783,"Tapestry, Inc.",11.46726683056247,0.1018098070009386,25626.628496100002,29918.581947465384,25,252030,large,0.0003196419299956,0.0018050541516245,,,0.0018050541516245,-0.0017921146953405,0.038911542243918,1.3194673192058222,1.9686517435821236,-0.2843339784393517,2.429312063245278,-1.7787779026077306,0.7073627795815907
US74112D1019,1.1671519741832301,Prestige Consumer Healthcare Inc,7.863215657573644,0.14843189160900858,2400.6286908999996,2801.898515864838,35,352020,mid,2.9943134660842435e-05,,0.0018083182640144,-0.0017921146953405,,,0.0070620017763486,1.366056300071517,-0.0365501850547016,-0.7520033621066007,2.535862528917645,2.361327283705565,0.946493680514392
US33768G1076,1.1641517601247602,Firstcash Holdings Inc,6.836440435467298,0.17028624342065019,8108.9398949000015,9440.036651393724,40,402020,large,0.0001011431214456,,,0.0017921146953405,,,0.0234392321297605,0.9415192017058668,-0.2601530785479469,-0.3995628771946433,0.5158675881301652,0.225483974554211,1.0718002665157502
US8910921084,1.16366117461326,The Toro Company,6.790817668500422,0.17135803542642083,9334.63421688,10862.351417399708,20,201060,large,0.0001164312542065,0.0018050541516245,,,0.0018050541516245,,0.0413410047073624,0.5914575323456753,-0.7405750570896976,-0.1581359564864141,1.494037395255851,3.798580003075589,1.1242299897191388
US3546131018,1.1621832797807,"Franklin Templeton, Inc.",7.005134794370494,0.16590448490936394,9025.90900288,10489.760527969225,40,402030,large,0.0001125805126524,,,,,,0.0046955979761172,1.6352745001302285,-1.6205033729203715,-0.1857742393823132,0.4083606599891742,1.7304999515881692,0.5152357639347178
US4824801009,1.16006706990834,KLA Corporation,14.940626702257644,0.07764514119966902,265873.88557439996,308431.53940343944,45,453010,large,0.003316255274601,0.0018050541516245,,0.0017921146953405,0.0018050541516245,-0.0017921146953405,0.0740492640466798,0.6084177351898228,0.6469834554326215,1.5462132082340216,0.9734637777462862,0.6781168567093028,3.0517189685495323
US31488V1070,1.1566625934074,Ferguson Enterprises Inc,8.834897473297596,0.13091975282149815,46093.054609889994,53314.112083144275,20,201070,large,0.0005749204557728,0.0018050541516245,,,0.0018050541516245,-0.0017921146953405,-0.0047618130782038,1.809913720419129,-1.7116181800091397,-2.0428493236825944,0.528013255837031,1.3405826132095755,1.6851925894719788
US29414B1044,1.15660745549343,Epam Systems Inc,14.576788049301305,0.07934583747678683,5003.52019206,5787.108757848515,45,451020,mid,6.240910118962572e-05,,,-0.0017921146953405,,,-0.0239308822486304,0.3830268475682696,0.1748263441451219,0.4298674905402936,0.4448056820536794,0.7832005866189391,-3.6350953304729794
IE00BY7QL619,1.15435997878937,Johnson Controls International PLC,7.814709920938608,0.14771629279500142,92812.4549865,107138.9835696055,20,201020,large,0.0011576533465582,0.0018050541516245,-0.0018083182640144,,0.0018050541516245,-0.0017921146953405,0.0494308813141996,1.602280547874926,1.1856492341905884,-1.3346451702329074,1.997257771654485,0.1567631158415725,0.924275909852662
US74291D1046,1.15139411028767,Prokidney Corp,17.317082559425383,0.06648891961660057,258.57807407999996,297.7252715452408,35,352010,small,3.2252543351950034e-06,,-0.0018083182640144,-0.0017921146953405,-0.0018050541516245,0.0017921146953405,-0.0041587603092287,2.169719271698108,6.759673155500627,0.8067444652765678,3.356194861452295,-2.584116085002304,1.3313426550079237
US4204761039,1.14960714353789,Hawthorn Bancshares Inc,8.14769169647079,0.14109605350382215,257.95558308,296.54758102424967,40,401010,small,,,,,,,-0.0147162682408819,0.0072456564890152,-3.4127986322121155,-0.806427260687206,-1.4994075690624038,1.2626508584993243,0.4457945270612827
US68417L1070,1.1485017863045,Orange County Bancorp Inc,7.433226840633462,0.15450918032344407,,,40,401010,,,,,,,,0.0296515180915245,1.13054863576551,-1.5091346114439208,-0.3288374728829168,1.3309080293151163,1.0000985207964277,0.9282245481853514
US9831341071,1.14687320065052,"Wynn Resorts, Limited",8.64213005831645,0.13270723686307717,8270.70772506,9485.453040284543,25,253010,large,0.000103160857858,-0.0018050541516245,,,-0.0018050541516245,,-0.0261281015238698,1.1501318941053815,0.4780842369231012,0.3103747604189566,1.0894251477831634,-1.0152481156904636,0.3338919314609118
US78351F1075,1.14676302785843,Ryan Specialty Holdings Inc,10.869118621772554,0.10550653348849126,8882.598325680001,10186.235351207019,40,403010,large,0.0001107929930239,0.0018050541516245,,-0.0017921146953405,,,-0.0289791463797779,1.3707469249601725,-0.1168706782201027,0.4161980739243986,1.398178706210287,-0.7149365721835982,-0.1484836289896344
US41068X1000,1.14643291169892,HA Sustainable Infrastructure Capital Inc,7.959168372202834,0.144039283765224,5262.9903544,6033.6653562381225,40,402010,mid,6.564548257624678e-05,,,,,,-0.0016977143827639,1.0088314985642224,-3.2400777858740923,-0.7902165354467452,-0.5548068404629335,0.2123862025732719,1.0687779007779183
US7496071074,1.14507032424508,RLI Corp,7.459412454603137,0.1535067716410382,5762.60820704,6598.591648132651,40,403010,large,7.187723540719037e-05,,,,0.0018050541516245,,0.0241327368351146,0.5411235500301748,0.914804407786456,-0.0952545267351882,2.0105762720321034,0.7498975594897157,0.2167714528911039
US03675P1021,1.14368045573828,Anteris Technologies Global Corp,22.202122276250815,0.05151221317980278,824.63824872,943.1226481153067,35,351010,small,1.0285744822389453e-05,,0.0018083182640144,0.0017921146953405,-0.0018050541516245,,0.0794220241158631,0.2184526916456186,0.3568286121562982,-0.5206369911829798,-2.377331025841265,4.56307388875778,0.046090884611202
US4333231029,1.1433056972800302,Hingham Institution For Savings,12.094773323247487,0.0945289065552366,614.9127704199999,703.0332737514331,40,401010,small,7.669830806885384e-06,,,,,,0.0050333056723512,-0.0315568360804691,-0.2330539111213594,-0.3939136942508506,-0.7206176563750264,1.59621525318763,0.2309023139819145
US1890541097,1.1425217029006098,The Clorox Company,8.28766276280502,0.13785813149012774,12758.036745599999,14576.333868251464,30,303010,large,0.0001591314865683,0.0018050541516245,0.0018083182640144,-0.0017921146953405,0.0018050541516245,,-0.0038956142265722,1.3954855851495096,-2.936001518063814,-2.5802823479360835,0.3788725161396519,3.939923350632326,1.7701883762102446
US9818111026,1.14119481209132,"Worthington Enterprises, Inc.",7.817797966352152,0.1459739452212796,1777.1172878400002,2028.0370293608053,20,201060,mid,2.216605277593128e-05,,,,,,-0.0167279161323011,1.2481733546359588,-1.3211432890074186,-1.2785794076048669,0.0567866707520581,2.0635725870164734,0.4330012536472197
NL0015002J37,1.13814656123953,Jbs NV,11.274702477052923,0.10094692640945221,6568.459910300001,7475.8700595476585,30,302020,large,8.192865492027515e-05,,,-0.0017921146953405,,,0.0069478362680914,0.9970837666834406,-1.7970506851160086,-0.7360098922080911,2.386262039667038,1.0215314754896772,0.4455369520300567
US1330341082,1.1376662614572102,Camden National Corp,6.0813668095174505,0.18707410637962862,974.32516816,1108.4568715042549,40,401010,small,1.2152795567366696e-05,,,,,,0.0328976376558603,0.3356644403953324,-0.5341075894571866,0.9695939217508034,1.0805062569163426,0.9014938578428392,-0.0595334268976994
US95123P1066,1.12992286308983,West Bancorporation Inc,6.974195239600073,0.1620148023207082,450.99169983,509.58583270166275,40,401010,small,5.625236943189748e-06,,,,,0.0017921146953405,0.0356617821703785,0.3603962331727175,-0.5529990744380213,-0.4756328410002922,0.3313441100352405,1.0329241766131465,0.4080488403742924
US9291601097,1.12274350242178,Vulcan Materials Co,7.359730904648526,0.15255224911995585,36466.582869599995,40942.618972368786,15,151020,large,0.000454849100831,,-0.0018083182640144,,,-0.0017921146953405,-0.014091493439181,1.1598739129942452,-1.2745548772296384,-0.6032281434883895,0.3899254364662947,1.431839153563247,1.6747020539745578
US7818463082,1.1225591317118,"Rush Enterprises, Inc.",8.225780830779415,0.13646839793146232,3260.3150976800002,3659.8964851585333,20,201070,mid,4.066603651646373e-05,,,,,,0.0532710289510398,1.2730403558078778,0.9546731482716012,2.1062006541182834,4.09072638478895,0.2024925357343769,1.6146727801747525
US4046091090,1.1218265448746398,"The Hackett Group, Inc.",13.201085259634596,0.0849798727006852,237.8125308,266.78440975525785,45,451020,small,2.966244909416008e-06,,,-0.0017921146953405,0.0018050541516245,0.0017921146953405,-0.0485264119684646,0.2152012741707233,0.8573459572918991,2.3728706872502787,1.2012403362068098,0.7119584154636868,-0.7476230678760776
KYG237731073,1.1211111000015201,Consolidated Water Co Ltd,7.993322969305629,0.14025594915989112,468.81949912,525.5987443605849,55,551040,small,5.847603774374628e-06,,,,,0.0017921146953405,-0.002652315558527,1.2450815802432638,-0.7647357954783331,-0.3959848123139237,1.0116031952670783,2.1850126003638666,0.5645748217119648
US6866881021,1.11899081878127,Ormat Technologies Inc,8.557690984713643,0.1307584979149272,7021.51728663,7857.013377652946,55,551050,large,8.757965712647274e-05,,,,,,-0.0204715313273627,-1.1928286470049063,-2.531487487776607,-0.7134498470442829,-4.740569320235121,2.285549205591606,-0.9140516915214932
US13462K1097,1.11850954509111,Camping World Holdings Inc,20.57671977015462,0.054358010294402966,630.7187027900001,705.464889338098,25,255040,small,7.866978813650916e-06,,-0.0018083182640144,-0.0017921146953405,-0.0018050541516245,,-0.1076513010667277,0.1156204183179405,-5.484052882162089,1.306576964099932,-1.6426988558565585,5.9498894114376215,0.7757309085509276
GB0022569080,1.1174552616828801,Amdocs Ltd,7.104851810419702,0.15728058677368376,6262.78,6998.376463762308,45,451020,large,7.811589755720469e-05,,,-0.0017921146953405,,,-0.0219571565897536,0.5590022976812681,1.1894378415753082,0.9204342420693408,0.5397111936445469,1.562647599079173,-1.4638637795927056
US06654A1034,1.11743516744853,Bankwell Financial Group Inc,6.748634078910015,0.16557945717350395,479.71251181,536.0476309615624,40,401010,small,5.98347274364728e-06,,,0.0017921146953405,,0.0017921146953405,0.0380080615059926,0.1216820112166937,0.0669183563879517,1.244577218388856,0.9469505606423202,-0.8205961653673328,-0.3190329229913375
US8175651046,1.11063949338592,Service Corporation International,7.91492305435911,0.14032220980016225,11135.559598400001,12367.592270935696,25,253020,large,0.0001388942662572,0.0018050541516245,,,0.0018050541516245,,0.0208890676830354,1.0341341513635094,1.0771787238023207,0.4277762928429741,2.315271182080692,-0.4968997639626084,0.2028427630084333
US92839U2069,1.11039886542024,Visteon Corp,9.28543564037864,0.11958500477797293,2841.1644920199997,3154.82582841128,25,251010,mid,3.543795477436567e-05,,,,,,-0.0316011923109847,2.029247249516183,0.5266442395210833,1.5071770404488585,1.7838608545699648,-1.2948616297165592,0.5712505038394594
US7593516047,1.11010446096189,"Reinsurance Group of America, Incorporated",5.950465762496963,0.18655757469581047,16218.8524385,18004.62044366148,40,403010,large,0.0002022983747762,,0.0018083182640144,,,-0.0017921146953405,0.0384631072509499,1.074232293483028,0.6210559198976964,0.2031641759470086,2.104729550850809,0.8766639868504714,0.1222335787975625
US34631F1021,1.10332799105172,"Forgent Power Solutions, Inc",17.531626494471425,0.06293357843321913,13265.912142209998,14636.652193333175,20,201040,large,,,,,,,,,,,,,
US5002551043,1.10209808890598,Kohls Corp,22.018270665490704,0.050053798758741816,2108.56364017,2323.843958167993,25,255030,mid,2.630019596862197e-05,-0.0018050541516245,-0.0018083182640144,,,,-0.0206615462616483,2.135950646407375,-3.1410438356606862,-2.2058609728751675,-0.5051525656095137,-2.828519325942592,1.3748591247019792
US7509171069,1.1005006781289401,Rambus Inc.,19.616092225162056,0.05610193230623682,10865.33651375,11957.31020148101,45,453010,large,0.0001355237632541,0.0018050541516245,,,,,-0.0241148634595,2.9476964411870985,-0.6610340263017727,4.649390677699341,1.4891205741837723,-1.2312265258969977,2.3646907172832585
US83418M1036,1.0988193798577999,Solaris Energy Infrastructure Inc,19.14063006437765,0.05740769118686415,4529.2764699,4976.856761860043,10,101010,mid,5.649384087114127e-05,,0.0018083182640144,0.0017921146953405,,,0.0534122562163522,-1.3944371067177077,-0.2090876803814603,1.1204895780338842,-2.61653786285168,1.635964716398309,1.998927516341043
US73245B1070,1.09852644931443,SBC Medical Group Holdings Inc,14.55899648963964,0.07545344557890064,37.95104082,41.690222119781595,35,351020,small,4.7336480235365357e-07,,0.0018083182640144,-0.0017921146953405,,0.0017921146953405,0.0255368843013084,-1.5016270608021978,-0.7942926534736923,2.543955447479798,0.4224421353549616,4.372334369242787,-0.8994860608789363
US86384P1093,1.08904035813969,"Stubhub Holdings, Inc",23.348900613191603,0.04664204007637116,2885.0385448099996,3141.923410086692,50,502020,mid,,,,,,,,,,,,,
MHY410531021,1.08884291838186,International Seaways Inc,10.034883950626883,0.10850578080814174,3870.93132868,4214.836164775702,10,101020,mid,4.82822764207175e-05,,,0.0017921146953405,0.0018050541516245,,0.0584401731505559,2.2109348125594432,-2.620789884020587,-3.389864717134889,0.7898276565348977,0.8878074777256064,1.3299810134605417
US70959W1036,1.08687661460157,Penske Automotive Group Inc,7.188347855127752,0.1511997800476858,11382.409330499999,12371.274519143162,25,255040,large,0.0001419732325286,,,,,,0.0261046636055596,1.0614931647236463,1.0726282674129055,0.8939474552692891,2.072029516223111,-0.3331132736527389,-0.6266753715267368
IE00BFY8C754,1.0858270512624901,STERIS plc,6.696867006723862,0.16213955722463747,22675.01614742,24621.145920682407,35,351010,large,0.0002828263548264,,,,,-0.0017921146953405,-0.0230887150540406,1.1164456883129836,-2.323155224344937,-1.3355322991990135,-0.2113637014749514,0.9645417855203352,0.0995374459533747
US0605051046,1.08277753746965,Bank of America Corporation,6.315994585751307,0.17143420925539796,409682.5639449,443595.0777325112,40,401010,large,0.005109986490998,,,,,-0.0017921146953405,0.0290891949857342,0.5749345627535153,1.739438213153245,1.4760695750288224,1.5740952078641226,-0.3446632691282806,-0.244735750714724
US8248891090,1.08070099737399,Shoe Station Group Inc,12.525947615569006,0.08627698522631079,273.24622650000003,295.2974695072292,25,255040,small,3.4082107685671147e-06,-0.0018050541516245,,-0.0017921146953405,,0.0017921146953405,-0.0242015458274236,2.060696928943243,-0.2459658366351286,0.7653125308564515,2.2739484870587634,1.8172107884391884,1.0716067221638388
US31942S1042,1.07966431221307,First Capital Inc,13.246170230709522,0.08150765794252053,207.14276136,223.6446469736605,40,401010,small,,,,,,,0.0176667433256756,-0.2852950741484235,-0.378385843901587,1.9911234550762853,-0.6402189207904536,-0.2969816265329387,-0.664411177283828
US01748X1028,1.07817555302256,Allegiant Travel Co,17.357134966646342,0.06211713828891657,1834.1591324099998,1977.5455369175304,20,203020,mid,2.28775379130276e-05,,0.0018083182640144,0.0017921146953405,,,0.0036117633723509,1.1397644955068906,-3.702478587595082,-3.807707616254135,-1.5313456663981422,0.8013368076874721,2.094855663949544
US69343T1079,1.07226608520195,PJT Partners Inc,8.062775957715415,0.13298969124596344,6379.42713569,6840.443360617406,40,402030,large,7.957084179952223e-05,0.0018050541516245,,,0.0018050541516245,,-0.0130144405040163,0.87223581972959,-0.3965573416971371,1.8123923353695812,1.077614398429797,0.3966173407933778,-0.7814774270194519
US57776J1007,1.0711500935122,Maxlinear Inc,40.92288382447869,0.026174843838143055,7179.4231387,7690.2397663821575,45,453010,large,8.954922293654163e-05,0.0018050541516245,-0.0018083182640144,0.0017921146953405,-0.0018050541516245,,0.0894033575990863,9.44146504872609,4.591001923788728,15.692371069046091,9.279191568862196,-9.269893846385033,5.8113430524869445
US65406E1029,1.0697878701662,Nicolet Bankshares Inc,7.748529885659555,0.1380633340714204,3320.8771033999997,3552.6340435299853,40,401010,mid,4.142142875995341e-05,,0.0018083182640144,,,,0.0200209120591991,0.653461247108153,-3.5289067009918624,-1.0817789646851843,0.4943333683596528,2.9874155941771345,1.147995475996634
US0215131063,1.06927174352144,Alto Ingredients Inc,35.05107559364438,0.03050610360485843,305.62570584,326.7969313485076,15,151010,small,,,,,,,0.0603060232919569,-4.258488126769795,-8.23919687313435,2.18355178630825,-5.1007256281211255,-12.239335853687624,-1.0506697179998783
US00123Q1040,1.06730764715267,AGNC Investment Corp,5.514926825155299,0.1935306996793407,12939.03750528,13809.933676180548,40,402040,large,0.0001613891160556,-0.0018050541516245,,,,,-3.549080506021901e-05,1.4047390130415838,-0.9359847611766968,-0.2832072451083725,0.8421613893437518,1.1883648927072734,0.8084297509188172
US64110L1061,1.06478754420915,"Netflix, Inc.",9.89173153855124,0.10764420163035486,322997.9533425,343924.19752414216,50,502020,large,0.0040287659848325,0.0018050541516245,,-0.0017921146953405,0.0018050541516245,-0.0017921146953405,-0.0283176364778303,0.7146253216400089,0.7424716078819782,-0.8973429686204816,0.683540510424985,-0.3079073269301613,0.576429536814557
US91913Y1001,1.06415774760106,Valero Energy Corp,10.331279254035131,0.10300348305708873,97820.89512228,104096.86342164499,10,101020,large,0.0012201238143964,,,0.0017921146953405,0.0018050541516245,-0.0017921146953405,0.0801966403857744,-1.2373818842566826,-0.4410251517147661,0.1314930095395436,-0.2640725258034857,-0.8607855503978294,-0.4768877928386361
US04272N1028,1.0626619564913,ArriVent BioPharma Inc,12.767840679959889,0.0832295752373563,1018.92877327,1082.7768437283785,35,352010,mid,1.2709138061826789e-05,,0.0018083182640144,0.0017921146953405,-0.0018050541516245,,-0.0080830812432032,2.192444394324127,-2.415041119326036,0.0397777063451103,0.6670293613440692,-1.476186832281341,2.2797752942591663
US92347M1009,1.05968427591036,Veritone Inc,29.400824143340472,0.036042672502783805,99.44025242999999,105.37527189262795,45,451030,small,,,,,,,-0.0487033357171079,1.1538939807606634,8.880181755721422,3.927027616441293,0.5074348232289801,-3.903264424895019,-1.284360908916975
US15135B1017,1.05832025771704,Centene Corp,14.55534765303802,0.0727100638847431,33178.422536879996,35113.39668987569,35,351020,large,0.0004138357496192,,-0.0018083182640144,0.0017921146953405,-0.0018050541516245,-0.0017921146953405,0.0066796479441931,2.3498869981112103,-2.898103410024671,-1.732815988580692,-2.70530298856948,0.4095357293040074,0.8624682608869879
US1010441053,1.05635950951054,Boston Omaha Corp,8.64413330982663,0.1222053700062299,403.56182187999997,426.3063682183367,50,502010,small,5.033642238107832e-06,-0.0018050541516245,-0.0018083182640144,,,0.0017921146953405,0.0020619834523398,0.4787207532868279,0.4325606687628647,0.3081955221901797,0.6804731714545156,-0.2778620387539486,0.0086784494567969
US5463471053,1.05566992963564,Louisiana-Pacific Corporation,11.951528278452448,0.08832928350585253,4667.480576320001,4927.318891579452,20,201020,mid,5.82176660444812e-05,,,-0.0017921146953405,,,-0.020055332888772,0.961106717000494,-0.494592889640688,-0.990691082719198,0.2175516589991483,2.111528331504867,1.0840686399188937
US6024961012,1.05545768652644,MiMedx Group Inc,9.458931152009008,0.111583187314168,610.6254368,644.4893108591249,35,352010,small,7.6163547285538e-06,,-0.0018083182640144,-0.0017921146953405,,,-0.0122226659963579,0.6113481068811069,4.023025296110364,-0.6613609050785088,0.4895739257319147,-0.4439834525074352,-1.160433572741191
US2056842022,1.05439515472091,Comstock Holding Companies Inc,16.948951341569302,0.062210052614575725,127.43410290000001,134.3659006439659,60,602010,small,,,,,,,0.0275473118753154,-2.541440118339606,-0.3260130849694547,2.576474233315906,0.0428695893092909,-0.6100676596918695,0.8012330566863948
US9180901012,1.05227148205031,UTZ Brands Inc,28.863450462530572,0.036456884578520116,1696.92816888,1785.6291192002764,30,302020,mid,2.116585078865377e-05,,,-0.0017921146953405,,,0.0800859206654196,3.112084006867467,3.095079602623936,2.0172069235173664,6.250620538569844,0.7835102837067026,-3.931625260831132
US5873761044,1.04898680080618,Mercantile Bank Corp,5.846082410683565,0.17943414531570467,1027.8856498799998,1078.2384794622023,40,401010,mid,1.2820857530768578e-05,,,,,,0.0168997570076359,0.4932505573721327,-1.2953705448444204,-0.2541099709552198,0.3391631960973078,1.63522083900014,0.0202638214282586
US89679E3009,1.0483624877925,Triumph Financial Inc,12.05839706771592,0.08694045169563146,,,40,401010,,,,,,,,0.0311120401859781,0.5500384111552826,1.6186577087383278,2.46036045913354,1.6803703597796875,0.6845164402642377,-0.3295610641482538
US2435371073,1.04749982287458,Deckers Outdoor Corp,12.521575039433936,0.08365559600734816,12591.25681891,13189.339287576573,25,252030,large,0.0001570512340817,,,,0.0018050541516245,,-0.0429249896235221,1.9611599200309688,-4.114350412113414,-0.0209861595631206,0.720296899001303,3.4195529022391336,0.8985018901791401
US00258Y1047,1.04504241282092,Abacus Global Management Inc,16.80846886685965,0.06217356388013269,336.67345711,351.8380419509949,40,403010,small,4.199341073107264e-06,,,,,0.0017921146953405,0.0449057532799093,1.9138437239692656,-0.3095177260480231,-0.2963889620952673,3.498628833537536,-1.0818302154657262,0.996927357177796
US45688C1071,1.04303285768788,Ingevity Corp,10.091613478825778,0.1033564018158614,2616.5879768400005,2729.187234875174,15,151010,mid,3.2636803200535064e-05,0.0018050541516245,-0.0018083182640144,,0.0018050541516245,,0.0559435842823658,0.5303136906317206,0.3201348862144393,0.8518727851393236,2.6280607299338348,2.4168255360712605,1.3977238368101013
CH1134540470,1.04134646466702,On Holding AG,12.852555116784558,0.08102252472016967,16159.34252673,16827.47421155372,25,252030,large,0.0002015561053413,0.0018050541516245,0.0018083182640144,,0.0018050541516245,-0.0017921146953405,-0.0717853722313549,2.672396146442942,-3.2687122645832205,-2.2057184667541327,-0.5334218207726491,0.0779711477019087,0.4676369072924276
US1265011056,1.03989380318798,CTS Corp,9.23247565638527,0.11263434011534916,1774.1119713200003,1844.8880451372797,45,452030,mid,2.212856734655275e-05,,,,,,0.0052709675718992,1.4240328176803616,-2.358476386798592,-1.10763233677119,-0.6105964302359126,1.5696293031574102,0.7139658039452745
US0640581007,1.03919074152187,Bank of New York Mellon Corp,4.896479415919963,0.21223222916921508,110478.23694739999,114807.96097539744,40,402030,large,0.0013779993293207,,,0.0017921146953405,,-0.0017921146953405,0.0279496745279944,1.0310942065062272,0.2594441552439125,1.0191569594630518,1.1368342031159246,-0.2001005403769197,-0.0873153852885165
US7443201022,1.0303743133129402,Prudential Financial Inc,6.338729271509884,0.16255218817185818,43326.38944578,44642.39877352458,40,403010,large,0.0005404117340015,,,,,-0.0017921146953405,0.0131160011721022,0.2629950274788269,0.3622697625103274,0.6407746020849776,0.350190637825998,0.4985435462444845,-1.160295890217058
US6757466064,1.02900688351047,Onity Group Inc,12.129237837117653,0.08483689555179828,268.18512276,275.9643373751404,40,402010,small,3.345083425553273e-06,-0.0018050541516245,-0.0018083182640144,,0.0018050541516245,0.0017921146953405,-0.008067959156254,1.873111648673861,-1.703193675937359,1.0122662743911113,2.578801857083593,0.8670317611272983,1.3186620940324327
US29977X1054,1.0266840594931799,EverCommerce Inc,17.639811409985345,0.058202666436218596,1001.83683176,1028.5699053811427,45,451030,mid,1.2495949613238638e-05,,-0.0018083182640144,,,,0.064076429572435,0.606255963628809,6.188167201607621,4.286642246391061,4.950984042941192,-1.0052076755516102,-2.755092722339267
US92538J1060,1.02266902242306,Vertex Inc,15.1819699636329,0.06736075916845939,1871.17528544,1913.5929999431148,45,451030,mid,2.3339241823759464e-05,0.0018050541516245,,-0.0017921146953405,,,-0.0594251272769191,1.517500164834542,1.8046924804969624,1.9984020321137312,1.2093959424927945,0.3479470232830034,-1.8773802625043563
KYG4412G1010,1.02175766966605,Herbalife Ltd,17.832727030802474,0.057296770589330935,1267.42952184,1295.0058347011943,30,303020,mid,1.5808697525544626e-05,-0.0018050541516245,,,-0.0018050541516245,,-0.0153719030601348,3.8249674300893446,-10.2903556168761,-5.6746273553979165,0.1916694875144149,4.085531607693032,3.0492284159658736
US91529Y1064,1.01957189330675,Unum Group,5.967295111702692,0.17085997495033023,14631.513830079999,14917.88025767856,40,403010,large,0.0001824994388206,,,,,-0.0017921146953405,0.0167577469966089,-0.4630207473627408,0.5247787771186405,1.7075269256866514,-0.1218403486384495,-0.2652368359849959,-0.0420644414105526
US74736K1016,1.01263665414465,Qorvo Inc,9.883023508529707,0.10246223266297781,8611.13021586,8719.946090192369,45,453010,large,0.0001074069607736,,,,,,-0.0034207753836564,0.8094170303941268,1.8214493528818252,0.3499183313836492,-0.2177320624598769,-0.5519925711175571,-0.1536254950328078
US52661A1088,1.00963565734434,Leonardo DRS Inc,10.41486191369392,0.09694181888449489,3442.35750745,3475.5268848485043,20,201010,mid,4.2936658545763816e-05,,,,,,-0.0120651550602197,-0.4669733507550116,-3.281903612915418,-1.0189794760298485,-2.187207858874351,1.8773062344549376,-0.6627253336448959
US49456W1053,1.0085042472791,Kindercare Learning Companies Inc,26.084567609862138,0.0386628700296263,81.2703843,81.96152774455469,25,253020,small,1.0136886517510526e-06,-0.0018050541516245,-0.0018083182640144,,-0.0018050541516245,0.0017921146953405,-0.0824763975152156,4.68554290014308,1.8733095139954816,5.386299556122572,5.473433995151176,-4.362595025647472,0.0509617041326144
GB00BMT7GT62,1.00696751194952,Marex Group PLC,12.572517588401956,0.0800927503078969,3269.8497569600004,3292.6324742147544,,,mid,,,,,,,0.0574169572982825,1.1070855890107514,-0.1230021094598279,1.6510130931062437,2.843051071632853,-0.5050988580323029,1.444000385449065
US7595091023,0.9982350820806399,"Reliance, Inc.",6.229265658672759,0.1602492391203186,21687.82995434,21649.55271462155,15,151040,large,0.0002705131431969,,,,,-0.0017921146953405,0.0182221008804301,1.0247928323356612,-0.9079526122201448,0.6686191471581664,0.4750158937150242,1.543461886610029,-0.019503856605278
US9508101014,0.99364223856768,"Wesbanco, Inc.",6.390597292571488,0.1554850341958963,4005.48596994,3980.0200457226165,40,401010,mid,4.9960581673738136e-05,-0.0018050541516245,,,,,0.0242319182056063,0.3731223829085927,-0.8374035467687566,0.2367217288763831,0.7606106462665244,1.079745750838707,0.025805555759774
US8086251076,0.9927649526268101,Science Applications International Corp,10.857885402423989,0.0914326239255738,5325.3446801400005,5286.8155591006225,20,202020,mid,6.642323049677959e-05,,,,0.0018050541516245,,0.0440755526043602,-0.6870910713015372,1.962782623054003,2.3962290629257663,1.3933512041791047,2.27877994041161,-1.332357097751346
US2966501049,0.98900685259346,Espey MFG & Electronics Corp,12.52765416065732,0.07894589361345901,147.59539886,145.97286088380494,20,201040,small,1.840963127758364e-06,,0.0018083182640144,,,0.0017921146953405,0.0538955798032106,1.2906083589235056,-1.4469830120451743,0.8234448122247016,3.089836246379475,3.6746737980986,2.384411279965068
US4601461035,0.98885323347602,International Paper Co,12.132408324815204,0.08150510657092329,21361.975229879998,21123.85827950148,15,151030,large,0.0002664487445953,,-0.0018083182640144,-0.0017921146953405,-0.0018050541516245,-0.0017921146953405,-0.0044106255450346,1.0709261846679134,-1.6857456220207865,-1.6333037945448383,0.9594791266646564,2.322093084998317,0.6692135925659696
US38141G1040,0.9882591829538099,Goldman Sachs Group Inc,6.341906779571048,0.15582997626790304,300941.14735079993,297407.85239808366,40,402030,large,0.0037536505892275,,,,,-0.0017921146953405,0.0050111243682066,0.6490103628694925,-0.3096244672964825,1.1903833729993574,-0.1390094088083229,0.0391053798600579,-0.2779422233598505
US2283681060,0.9859828089232701,Crown Holdings Inc,6.720423370183593,0.146714389051405,12821.3171996,12641.598346557843,15,151030,large,0.0001599207861225,,,,0.0018050541516245,,0.0385641990869815,1.1383780472834393,0.4005564412191419,-0.7288574691060798,2.037506431565281,1.315143310506268,0.780762126958602
US45167R1041,0.98504686814622,IDEX Corporation,5.247170755109176,0.18772914283132083,17579.33028148,17316.46423787988,20,201060,large,0.000219267667616,,,,,-0.0017921146953405,0.0249385686515027,1.2276865873351233,-1.1719234671433063,-1.2711360361503845,0.2501068312329936,1.740613533343949,0.7711680552549025
US4282911084,0.9842127849894,Hexcel Corporation,8.864951881307842,0.11102291339726929,7805.76807686,7682.536737907734,20,201010,large,9.736164761452492e-05,0.0018050541516245,-0.0018083182640144,0.0017921146953405,,,0.0309435452871432,1.9445305617561075,-1.2720604038989682,-2.451759184682352,0.3586184069295194,0.7420627870588457,0.997488596014966
US54948X1090,0.9831801809584401,Lucid Diagnostics Inc,14.693210556248637,0.06691391082940136,38.24964478,37.60629267639645,35,351010,small,,,,,,,0.0096664123039607,1.4605225927804866,-0.9833389653330742,-4.365091569670664,-0.1777765169170396,5.232471879668144,2.152987376064897
US33741H1077,0.98163947801885,First United Corp,6.780003196512592,0.14478451551818924,263.03377072,258.2043333909107,40,401010,small,,,,,,,0.0055577168374648,-0.3761460641231799,-0.9119693769946096,1.2683980108932231,0.0342462277489208,-0.1078183380089273,0.2289203989687087
US8168501018,0.98049249886656,Semtech Corporation,16.177994623173664,0.0606065536368818,12976.56652005,12723.426133951965,45,453010,large,0.0001618572169107,0.0018050541516245,,0.0017921146953405,,,0.0122458553655067,2.924230707831943,-2.14996632767754,-1.0901828169297416,-1.9906495455205997,0.5511788997332787,2.0282792795938214
US31931U1025,0.97947817558661,FIRST BANK (Hamilton),6.547992772118064,0.14958449248101116,404.66087825,396.3564987595853,40,401010,small,5.047350810787778e-06,-0.0018050541516245,,,,0.0017921146953405,0.0277679824992213,0.1645302429770627,0.9095152074794476,1.6110485507828118,1.8850295386827844,0.5197647564481689,-0.0694595074705959
US92828Q1094,0.97851043808517,Virtus Investment Partners Inc,8.30767855162979,0.1177838588727301,1051.2466381299998,1028.6558084121484,40,402030,mid,1.3112240042204723e-05,,,,,,-0.0099537024409445,0.6255402338287956,0.3650852050056753,2.5442202775182623,1.7481197823613632,1.1362993994076285,-0.6924256727134659
US0367521038,0.97548125252821,Elevance Health Inc,8.544675679060722,0.1141624666830468,86670.7732539,84545.71445130286,35,351020,large,0.0010810479123816,,,,,-0.0017921146953405,-0.0121152594899065,1.1132508831115857,-0.7616889919779424,0.5085942701001525,-0.5356718500208393,0.3343061723888002,0.087413853827056
US9897011071,0.9743998432511101,"Zions Bancorporation, National Association",7.507819501876706,0.12978466557534346,10319.18056533,10055.007925337453,40,401010,large,0.0001287115389516,,,,,,0.0250909246011335,0.3512636296791561,0.4016289427722456,1.9755870248046044,1.6274768989884858,0.7978164034957448,0.1338919884324252
US6005512040,0.97062042182908,Miller Industries Inc,7.705915763687255,0.1259578292307521,615.05013636,596.9802227997764,20,201060,small,7.671544177576498e-06,,,,,,0.0355404919880987,-0.3623496894459247,-0.3603117994565888,0.3566776396650423,0.192861318436477,1.9776131361120264,0.7076706009224969
US9290421091,0.9694267175245099,Vornado Realty Trust,8.65441070079437,0.11201533542145489,6676.08903438,6471.979078500379,60,601040,large,8.327111715442754e-05,,,,,,-0.0256710869092587,0.6306629101011327,0.159555885939668,1.6278382563528582,-0.1100651601796143,-1.3221631824513476,0.0726980012816944
US6802771005,0.96915830101165,"Old Second Bancorp, Inc",6.597533176060253,0.14689707124601187,1252.8288670400002,1214.189496238837,40,401010,mid,1.5626582992601605e-05,,,,,,0.0316958299473339,0.1558231732564166,0.2143672758417861,0.1399341798153534,0.3700407592244801,0.272878735192574,-0.4187221988214741
US17275R1023,0.9673711800540099,Cisco Systems Inc,9.515444881517501,0.10166326347315627,439908.2494896001,425554.5624242482,45,452010,large,0.0054869926377261,0.0018050541516245,,0.0017921146953405,0.0018050541516245,-0.0017921146953405,-0.0040468459379726,0.3044719454510685,-0.9135896144452051,-1.0234354253998463,-2.750564167203384,-1.5548302412208568,-0.761004677453226
US7602812049,0.96151630841016,Republic Bancorp Inc,6.2811825814714055,0.15307886627058037,912.78732694,877.6599009629266,40,401010,small,1.1385231689882088e-05,,,,,,0.010234949857964,0.2182263580241117,-1.0150850626070569,0.9375450423548816,0.4107462033699265,0.0157295749050123,-0.4091173424360267
US91851C2017,0.95818651407887,VAALCO Energy Inc,13.191201289874433,0.07263830586941115,595.3445436899999,570.4511129941966,10,101020,small,7.425755556818028e-06,,,,-0.0018050541516245,,0.0469812544273608,-1.3563346378666137,-4.639482215298759,0.2815712117095389,-0.6486184220346234,4.411750678128412,0.5482660340208917
US05465C1009,0.95809757276905,Axos Financial Inc,7.926291645934451,0.12087589197660635,5228.057023049999,5008.9887440823895,40,401010,mid,6.52097577810171e-05,,,,,,0.0092374600776747,0.8096351027643476,-1.550457189614265,1.8701100899237764,1.897215146102241,1.726811223073657,0.3415899916906143
US74955L1035,0.9551889383816301,RGC Resources Inc,7.438044410831131,0.1284193647715659,178.2266818,170.2401549798226,55,551020,small,2.2230283065107377e-06,,,,,0.0017921146953405,-0.0279352783221675,0.2566824203369252,-1.8525880004974935,-0.4369238032109926,-0.7769430447660495,-0.0049071898841888,0.7995751233340324
US3755581036,0.95476075951008,"Gilead Sciences, Inc",6.175390654685652,0.1546073459799088,171312.88189590003,163562.81723279014,35,352010,large,0.0021367922124694,0.0018050541516245,-0.0018083182640144,,-0.0018050541516245,-0.0017921146953405,0.0010257485446799,0.8753111902999843,-2.7631020768168995,-2.9104274796389373,-1.5012176200755505,2.636985650191722,0.2673628524045484
US63942X1063,0.95465395968273,Navitas Semiconductor Corp,37.18404940473618,0.02567374922756892,2871.6299953999996,2741.4129458523093,45,453010,mid,3.581795217824394e-05,,0.0018083182640144,0.0017921146953405,-0.0018050541516245,,0.0525401067663352,4.006071422274797,4.143844907124626,-1.9978956385968425,-5.494413609949656,-1.8950969479861004,1.7989441159459942
US4523081093,0.9536463790932301,Illinois Tool Works Inc,5.832400694496339,0.16350837828977094,82504.01134239,78679.65167733701,20,201060,large,0.0010290757296409,0.0018050541516245,,,0.0018050541516245,-0.0017921146953405,0.0196934195926284,1.347744204058041,-0.5855850638953997,-0.7776303668592086,1.9330639879101437,1.0860025380343876,0.9082610985835858
IE00028FXN24,0.95101644271594,Smurfit WestRock PLC,11.515787032260018,0.08258371225968211,25711.77523175,24452.3210168107,15,151030,large,0.0003207039685279,,,,,-0.0017921146953405,0.0239344020403488,1.2177946515743867,-1.3398954500772766,-0.9982869771742576,1.519225759673613,3.691263976426735,1.2828807972143843
US01446U1034,0.94797555988655,Alerus Financial Corp,5.988734310397139,0.1582931402117396,735.5058197100001,697.2415412394032,40,402010,small,9.17399258239859e-06,,,,,,0.015154277482594,0.3273084094503696,-1.99481609594481,0.2461336310084072,-0.3989093109133516,1.0169665973582442,-0.0445586172089073
US03212B1035,0.9452561349672799,Amplify Energy Corp,17.967536324203397,0.05260911222948027,179.37918784000001,169.5592777912081,10,101020,small,2.23740355899521e-06,-0.0018050541516245,-0.0018083182640144,,,0.0017921146953405,0.0094490469848202,-0.8734636072145254,-3.574239264914361,-0.5500021105052981,-1.2358011027540765,-0.1130612731442881,1.006199419154057
US12047B1052,0.94274353585369,Bumble Inc,17.560952874359927,0.053684076405110887,330.58778350000006,311.6594959268242,50,502030,small,4.1234342304135495e-06,-0.0018050541516245,-0.0018083182640144,-0.0017921146953405,-0.0018050541516245,0.0017921146953405,-0.019493797549655,0.4757078103921115,5.240870634494354,6.642099391583682,5.527615153767929,-1.8073852067396103,0.9329570602938886
BMG8726X1065,0.9422127043176199,Teekay Tankers Ltd,11.20485922414584,0.08408965123695661,2355.2014707200005,2219.1007469399274,10,101020,mid,2.937651918370778e-05,,0.0018083182640144,0.0017921146953405,0.0018050541516245,,0.0574193929895251,1.7565660694019796,-0.889721279480517,-3.161719853554734,0.6137144001596222,1.7473805582088562,0.7786208354603538
US68629Y1038,0.9415815376293799,Orion Properties Inc,13.390842996459261,0.07031532950377718,149.95409496,141.19400730625884,60,601040,small,1.8703832355884613e-06,-0.0018050541516245,-0.0018083182640144,,-0.0018050541516245,0.0017921146953405,-0.0223682981494273,2.5449254643150034,-0.6125228253132582,-0.2416148991001629,0.7781841882175828,1.5396004450684857,1.4030978752891337
US7403674044,0.93856900555802,Preferred Bank,6.9547658451311865,0.13495335809401587,1187.9411969500002,1114.9647878827657,40,401010,mid,1.4817236569850664e-05,,,,,,0.0229078038105406,-0.0378211324229766,1.9185712627397475,1.1398184762864318,1.1701123957534578,-1.149064601659684,-0.0280914871147945
US31428X1063,0.93719155193042,FedEx Corp,7.526859667426865,0.12451295670971486,72590.44437774,68031.15122169298,20,203010,large,0.0009054234248438,,,0.0017921146953405,,-0.0017921146953405,0.036189410151159,1.7438321548393287,-1.570256028519282,-2.4102643536171877,-0.1545291892262437,1.575177013703225,1.2394880971638025
US09239B1098,0.9355655663526,BlackLine Inc,11.956273775423547,0.07824892470057696,1473.8164439999998,1378.851916130635,45,451030,mid,1.8382969600980347e-05,,-0.0018083182640144,-0.0017921146953405,,,-0.0246138025326179,-1.119749065811757,3.232322492129948,1.5017944693411909,-0.0921020648749604,-1.6802887207816306,-2.5311920385144453
US74144T1088,0.92969493823476,"T. Rowe Price Group, Inc.",5.647207865684632,0.16462913360849868,23150.958246000002,21523.32869659048,40,402030,large,0.0002887627990597,,,,,-0.0017921146953405,-0.0109519237960833,0.5884137700576345,-0.1388455886095325,0.988622516378411,0.3226061421872752,0.1962703562846012,-0.160871187035693
US26817Q8868,0.92933090983214,Dynex Capital Inc,5.133791144111481,0.18102234464643022,4485.9701682800005,4168.950737967491,40,402040,mid,5.5953679693368894e-05,,0.0018083182640144,,,,-0.0091947383831077,1.5477850416646413,-0.5528951710952585,-1.2165993279294098,0.3518690031181887,0.5890464188123357,0.7416232766773736
US0357108390,0.92844694266809,Annaly Capital Management Inc,4.640276726034557,0.20008439097155167,17557.316587100002,16301.03690674874,40,402040,large,0.0002189930899532,-0.0018050541516245,0.0018083182640144,,,-0.0017921146953405,-6.074877505883938e-05,1.1509847153836883,-0.610031237815755,-0.4854655691364137,0.7053194774127355,0.4926320210996492,0.633314340080941
US87422Q1094,0.9269888478804901,Talen Energy Corp,13.138758023136278,0.07055376514645742,17211.229089059998,15954.617423874904,55,551050,large,0.0002146763271829,0.0018050541516245,0.0018083182640144,,,-0.0017921146953405,-0.0157745374240168,0.7788170684882112,0.5449588815330679,-0.0172764483009049,-0.0609086554712062,-0.0651327743099789,1.3107677466884005
US8447411088,0.9250481622189499,Southwest Airlines Co,11.987548665715435,0.07716741662660367,21421.600906049996,19816.012549929343,20,203020,large,0.000267192457964,,,,,-0.0017921146953405,0.0109397845762349,1.311099184914421,-3.935449636370072,-1.8302303271496172,-0.3997437149143623,3.5676622691818416,1.7171310910818447
US03064D1081,0.92333411883887,Americold Realty Trust Inc,12.7845331032195,0.07222274848710343,4242.3087224,3917.068386039656,60,601025,mid,5.291448103957577e-05,,-0.0018083182640144,,-0.0018050541516245,,0.0173506503367344,1.456588059168466,1.8869125152587989,0.1060622075975921,0.8308966008395164,2.262146813597907,0.5112850669329587
US3845561063,0.9227666833685699,Graham Corp,12.468834032822976,0.07400585178529746,1261.4604214000003,1164.0336492559968,20,201060,mid,1.5734244704516316e-05,0.0018050541516245,0.0018083182640144,0.0017921146953405,,,0.1145267740195003,0.5036177279528115,3.8935688746871984,1.785394794630845,2.377892237547452,1.3598719295855837,1.9647284053035292
US3393821034,0.92069360187779,Flexsteel Industries Inc,17.029403100725478,0.05406493677036555,207.92351602000002,191.4338508795482,25,252010,small,2.59343807017844e-06,,,0.0017921146953405,,0.0017921146953405,0.0356345226419019,1.1877876901768258,-2.4587920377511656,-1.2307186570363116,1.017958921599342,-0.0708712775827509,1.915164075963974
US37611X2099,0.91838678968011,Ginkgo Bioworks Holdings Inc,25.530528327562074,0.03597210280559076,416.34530901,382.3660317400673,35,352030,small,5.193091168306709e-06,-0.0018050541516245,-0.0018083182640144,-0.0017921146953405,-0.0018050541516245,0.0017921146953405,-0.0823644753099581,0.5777615846463201,0.3988331645708911,2.076028556074274,-1.1643052895887354,-0.7741134867790702,0.8790116484748758
US43940T1097,0.91801654304965,Hope Bancorp Inc,6.138773319168312,0.14954397162428926,1756.09242081,1612.1218934276874,40,401010,mid,2.190380879497245e-05,-0.0018050541516245,,,,,0.0184914774015576,0.6063851552300201,-0.3894331602928562,1.305743738372831,1.0998641303858947,0.9737507747677582,0.1868104954492624
US3189101062,0.9166247908440801,First Bancorp (North Carolina),6.457658869016092,0.1419438235181568,2646.7460289900005,2426.0730252403587,40,401010,mid,3.301296575331102e-05,,,,,,0.007053643347195,0.3584680925980402,-2.2576988212712745,0.0573452185509759,0.1272773594376892,2.111296984172382,0.602390625320327
US4039491000,0.91299574766477,HF Sinclair Corp,12.41562633550907,0.07353602009216194,15173.240184409999,13853.10376666254,10,101020,large,0.0001892564126244,,,0.0017921146953405,,-0.0017921146953405,0.0432890122373048,-1.3176855300531771,-1.2904395797383903,0.5313208815262576,-1.4871120044121702,-1.4534261663839827,-2.105944163534704
US06652N1072,0.91107918306734,Bank7 Corp,6.5849179458601,0.13835847167087786,221.46717765,201.77413528959147,40,401010,small,2.7623686863646262e-06,,,,,0.0017921146953405,-0.0018167896848699,0.3324597850626662,-1.4401508182006877,1.379702644164512,0.8205514626301542,1.5588898032935226,0.3949162020864867
US71363P1066,0.9106402515732699,Perdoceo Education Corporation,10.214817794425814,0.08914894713738337,1855.5123442499998,1689.7042279651275,25,253020,mid,2.3143877351521483e-05,,,,,,0.0211186077632642,-1.6850515871038063,0.4139728673464788,1.6565102695237095,0.2248858169666134,0.7790813810014933,0.138838688065799
US4435106079,0.91048591358805,Hubbell Inc,7.445061400874431,0.12229394286541577,26911.0485616,24502.130635220754,20,201040,large,0.0003356625512304,0.0018050541516245,0.0018083182640144,,0.0018050541516245,-0.0017921146953405,0.0378658222202774,0.9133475376681666,1.0380421434162148,0.4209715149227774,2.010311315898875,1.9225671896990977,1.487045527619896
US69366J2006,0.90751329600442,PTC Therapeutics Inc,11.284747359522516,0.0804194606305142,5832.76519456,5293.311966535008,35,352010,large,7.275230623037663e-05,-0.0018050541516245,0.0018083182640144,0.0017921146953405,0.0018050541516245,,-0.0161976246848302,-0.5841954052679942,-2.303265432831915,-1.7960105097287502,-3.8645194498447184,-1.4050641428091772,0.7687937624941493
US1397371006,0.90494259704834,Capital Bancorp Inc,6.337344232865776,0.14279524100257385,425.32414416,384.89393560351294,40,401010,small,5.305084526968586e-06,,,,,0.0017921146953405,0.0076312483778181,0.4056168722498683,-1.169636244616313,1.265048526649179,1.2092196534293973,1.2315974726675465,0.2152988605813701
US3789735079,0.90451506652133,Globalstar Inc,16.287695865243577,0.05553364171364967,4178.234854079999,3779.27637697991,50,501010,mid,5.211528519782834e-05,0.0018050541516245,0.0018083182640144,0.0017921146953405,-0.0018050541516245,,0.0689075206686633,1.0916918434627587,2.93196515889482,-1.5933886802806432,-1.4012587995177772,-4.109417986343222,-0.3372622962889496
US88579Y1010,0.90328316396695,3M Company,7.605547102839765,0.1187663624658483,94065.13150452,84967.44960437005,20,201050,large,0.0011732780292956,0.0018050541516245,-0.0018083182640144,,0.0018050541516245,-0.0017921146953405,0.0102055988859472,1.2617300973420622,0.1713369763312364,-2.127071405396789,-0.023085692636131,-0.005356486093963,0.1812400592237827
US4432011082,0.90305606468824,Howmet Aerospace Inc,8.23351330689924,0.10968052531493787,114063.52589270001,103005.75881712683,20,201010,large,0.0014227187772279,0.0018050541516245,,0.0017921146953405,0.0018050541516245,-0.0017921146953405,0.0478578285183247,1.5929310924298337,0.8846227615507509,-2.080830927468136,0.8564847040849857,-0.4704209056226816,1.0250027558389352
US53635D2027,0.89886584648201,Liquidia Corp,16.893149879223692,0.05320889549363996,5561.233042559999,4998.802446284418,35,352020,mid,6.936547517945045e-05,0.0018050541516245,0.0018083182640144,0.0017921146953405,0.0018050541516245,,0.0098305031094432,-1.3861637111869074,-7.143762590051612,-1.92783684830587,-7.130561682087375,0.1278232284639955,-1.811094752339654
US03073E1055,0.8979100485943401,"Cencora, Inc.",7.609961403437599,0.1179914063938265,56453.4874968,50690.15370157166,35,351020,large,0.0007041465365296,0.0018050541516245,,,0.0018050541516245,-0.0017921146953405,0.0017347204298429,1.4514646781752507,-1.5491780222925329,-2.7875909882369747,0.0827698795552468,0.8246931031476832,0.577874127824779
US92686J1060,0.89493769252042,Viking Therapeutics Inc,17.952180402540364,0.0498511975956848,3755.83746312,3361.240512726361,35,352010,mid,4.6846706176904426e-05,0.0018050541516245,-0.0018083182640144,,-0.0018050541516245,,0.0578503238893828,0.0625678083431841,4.961827416218106,-2.652588584434685,-0.3833059279807548,-1.8850914352466872,0.980633380123488
US9282541013,0.8923811517204,Virtu Financial Inc,10.868947497313918,0.08210373193365203,8768.098795470001,7824.486101499771,40,402030,large,0.0001093648359479,,0.0018083182640144,,0.0018050541516245,,0.0185548345571943,0.4094751373756463,-3.5365445005634317,-0.5130763258379332,-0.0895271032362545,2.604538117426722,1.52732966645787
US37959E1029,0.8913783162242801,Globe Life Inc.,5.357421772936797,0.16638195647150814,13820.88060725,12319.63328442731,40,403010,large,0.0001723883792287,,,,0.0018050541516245,,0.025092165251322,0.8089505643854127,0.4128826953475809,1.270039398223061,1.962498108898503,-0.3017280057655373,0.8458991738242584
US0185811082,0.8874499268771799,"Bread Financial Holdings, Inc.",10.756544994679478,0.08250325056197322,4314.98500384,3829.333126133936,40,402020,mid,5.382097511342247e-05,,,0.0017921146953405,,,0.0592063120061417,0.5059765399248041,1.6643491874825826,1.913271144280058,2.015030086211957,-0.3034369218787701,0.2190132321700875
US0378331005,0.8869151080680201,Apple Inc.,6.967338326438067,0.1272961160365296,4371651.425848,3877283.6967916926,45,452020,large,0.0545277775903592,0.0018050541516245,,,0.0018050541516245,-0.0017921146953405,-0.0045248375248005,0.8513990509352642,0.5077147185308315,-0.5508664523536988,-0.9432755578899704,-1.9775764045142097,-0.7554428147491468
US2576511099,0.87663659302008,"Donaldson Company, Inc.",6.751036288131265,0.12985215241121734,11057.07652038,9693.037889588244,20,201060,large,0.0001379153437847,0.0018050541516245,,,0.0018050541516245,,0.0083851029916994,0.8793979061291919,-1.6796430692317592,-0.4722613313412839,0.3408529311108915,1.659205912471195,0.1652602394552859
US55939A1079,0.87554939240468,Magnera Corp,17.726838840111146,0.04939117460827496,398.75159677999994,349.1267182811249,15,151050,small,4.973644114089633e-06,-0.0018050541516245,-0.0018083182640144,,,0.0017921146953405,-0.0472176851742958,3.303860361650776,-5.126148431311618,-2.6908455727977865,-0.0755262377143597,-0.9072924076879384,0.5503920476772115
US1703861062,0.87538114834337,ChoiceOne Financial Services Inc,7.400262056935026,0.11829056074075402,483.04420487999994,422.84779076846445,40,401010,small,6.025029080377639e-06,-0.0018050541516245,,,,0.0017921146953405,-0.0015718548921273,0.9764660872219116,0.005439508407993,0.376077216967892,0.8937274357906215,-0.6218405072623725,0.2125236092699556
US40416E1038,0.8746256713226499,Hci Group Inc,9.567056774751956,0.09142055826728657,1803.76261911,1577.617091645785,40,403010,mid,2.249840102508981e-05,,,,0.0018050541516245,,0.0504087360306349,0.6556322981285196,4.8305847362133925,0.7965905592027497,2.4400087286592025,-0.8772578973948226,0.6479474462116516
US20602D1019,0.8728904001131599,Concentrix Corp,15.975423691572278,0.054639577451310234,1262.2779640400001,1101.8303170849006,20,202020,mid,1.574444194553626e-05,-0.0018050541516245,-0.0018083182640144,-0.0017921146953405,-0.0018050541516245,,-0.0496153610806106,0.7608964373876302,1.4619134458639624,1.6152638453054644,1.124946369309244,1.6918412697923195,-1.1843197599178164
US0576652004,0.87214442576945,Balchem Corp,6.266768184311387,0.13916972833825733,5655.91875464,4932.778014464166,15,151010,large,7.054649373430505e-05,,,,,,0.0190906390291973,0.9544307786940908,-1.1708578705787545,-1.1916788610661628,1.0338920849964168,2.44603774179706,1.1775660863402897
US9344231041,0.8690390953856,Warner Bros Discovery Inc,17.51449546992485,0.049618277436417,63680.48721151999,55340.8330000136,50,502020,large,0.0007942891839419,,-0.0018083182640144,0.0017921146953405,,-0.0017921146953405,0.0823802043825066,-0.7154062983362477,3.5902430087732826,1.4389534011106655,-0.6381128708617606,-3.1613942573939395,-0.5076849938938861
US9271074091,0.8677645587545499,Village Super Market Inc,8.493170357733037,0.10217204202956436,540.9664792,469.4315381239904,30,301010,small,6.747495851853155e-06,,,,,,-0.0013606485004167,-0.0015955106686265,-1.1090744661122454,0.4175363520231723,-0.0739438093325975,-1.223565926899964,-0.1597897870437665
US8610251048,0.86536628702777,Stock Yards Bancorp Inc,6.68549014050754,0.12943946798821757,2422.935757,2096.726919741909,40,401010,mid,3.022137156047318e-05,,,,,,0.0051167823191003,0.6635456439947377,-0.3112781128998277,1.221575893044016,1.4682388014037873,0.3213377068931092,-0.3058882016944112
US26951R1041,0.86365442947478,Eagle Financial Services Inc,6.993301929026653,0.12349737480803805,199.27271697,172.10276468461467,40,401010,small,2.4855363184998303e-06,,-0.0018083182640144,,,0.0017921146953405,0.0087563694301264,0.1955436276026319,0.8041919464288666,2.19999242379374,0.8449968426027412,0.0681009292174912,-0.2419067813017636
US65336K1034,0.86051792485659,Nexstar Media Group Inc,8.840837131462026,0.09733443926868093,5446.54810464,4686.852272636406,50,502010,mid,6.793500550593277e-05,,0.0018083182640144,,,,0.0229475203632897,1.884478551699484,0.1961547894359403,-2.008681770801336,2.3061927928755046,1.524657561937585,0.1811683951808819
US05369T1007,0.85807424688041,Avidia Bancorp Inc,6.076640313112766,0.1412086618042496,392.94857412,337.17905180074996,40,401010,small,4.901262787645036e-06,,-0.0018083182640144,,,0.0017921146953405,0.0394864686188888,0.4864569124877416,-0.1497697509273754,0.6927299566123474,1.6181067809803105,0.3569720390420312,-0.0129034651724114
US1344291091,0.85643646400276,Campbell's Co,8.330553486904394,0.10280667009089799,4479.7427593600005,3836.6150484682457,30,302020,mid,5.587600498066279e-05,,,-0.0017921146953405,,,-0.0369577733819913,0.6594870884838653,-1.7521254847454757,-1.6553794161039943,-0.8556251977677477,2.0275960292651924,0.3865726720071722
US29605J1060,0.85565495770901,ESAB Corp,11.471015959962326,0.07459277893915686,4939.547507,4226.548313203731,20,201060,mid,6.161116741060006e-05,,0.0018083182640144,,,,-0.0263011985512565,2.002782282524261,-1.2126304454895211,-1.896833700666508,0.808108668718266,2.4168278891664965,1.948894641271216
US0079731008,0.85531555604076,"Advanced Energy Industries, Inc.",14.163966048812584,0.06038672735398601,13080.4149237,11187.88236370832,45,452030,large,0.0001631525220725,0.0018050541516245,0.0018083182640144,0.0017921146953405,,,0.0900504710968628,1.9554281424019224,-0.642931498203231,-2.307400215027678,1.9295854299980228,2.004750726231884,3.818676200996375
US74930B1052,0.8552873753306199,RBB Bancorp,7.132062186947874,0.11992146912233183,422.49669486,361.3560892326712,40,401010,small,5.269817642315606e-06,-0.0018050541516245,,,,0.0017921146953405,0.028995076314527,0.6837186484070448,0.1302167521803584,0.6719357734129188,1.3472097663546625,0.413719077151464,0.7802215460846462
US12504L1098,0.85461039585541,CBRE Group Inc,8.243882603336962,0.10366600750834085,44031.17187321,37629.49722454159,60,602010,large,0.0005492025125218,,,,,-0.0017921146953405,0.0010940055136131,1.1891363835760551,-0.4844705357322295,1.1463850993413345,2.045963039986876,1.3289339210836553,0.1832253552804938
US67577C1053,0.8533917118365699,Ocugen Inc,24.53217357721784,0.03478663271113835,451.9648812,385.70308365727993,35,352010,small,5.637375472118355e-06,-0.0018050541516245,0.0018083182640144,,0.0018050541516245,0.0017921146953405,0.0908445148683128,-1.2596336289711871,4.058445887963465,0.8783053264447487,1.631640633671333,0.3038359489177229,1.8519345017082425
US9497461015,0.85036225901798,Wells Fargo & Co,7.629348611004435,0.11145935287206994,268269.82726319996,228126.536337898,40,401010,large,0.003346139948103,,,,,-0.0017921146953405,0.022577063994715,0.0259980356725122,1.9500165790181037,1.652862337456572,1.2495327540809755,0.2328461631803057,-0.5908409774480426
US8330341012,0.8495956110667601,Snap-On Inc,4.507497023167208,0.1884850076883221,20403.997375,17335.146618017694,20,201060,large,0.0002544998496998,,,,,-0.0017921146953405,0.0180736908916215,0.7331587393766873,-0.1217719947923785,-0.0682023458448686,1.0065010920811543,0.1247895538448489,0.5418589395317789
US33751L1052,0.84381186978918,First Western Financial Inc,5.914238657146011,0.14267463974752279,262.0462669,221.11775044416348,40,401010,small,3.268513238595052e-06,-0.0018050541516245,,,,0.0017921146953405,0.020184170931421,0.2724889058540855,0.4252299902291349,0.3202097541431493,0.110089166831193,-0.1608866331764835,0.0934184591999595
US5801351017,0.8431258354916199,McDonald's Corp,4.361937621127028,0.1932915847782745,192602.9279718,162388.50456435618,25,253010,large,0.0024023437819407,-0.0018050541516245,,,-0.0018050541516245,-0.0017921146953405,-0.0122565167359243,1.0139293637332685,-1.1231464329224652,-1.6734655771850464,0.4126620142795802,1.0862455694338706,0.5860973614603653
US1725731079,0.8422626869920199,Circle Internet Group Inc,23.847233072599195,0.03531909485800227,17728.8056376,14932.311473484246,45,451030,large,0.0002211320795235,,,-0.0017921146953405,,-0.0017921146953405,0.0068496346603706,-0.2427844636625167,6.2292575665352565,1.6009282291889375,1.31698202777143,-1.2427868856453297,0.0733097026683086
US9617651040,0.8404475500025099,Westwood Holdings Group Inc,7.2870141008418035,0.11533496962842717,165.96652248,139.4861572007525,40,402030,small,,,,,,,0.0143128897026118,-0.0703695942596409,-0.3157285019307162,0.7404069690739021,0.5701507648750852,1.398393225241103,0.4466393368915722
US00857U2069,0.8393941017661101,agilon health inc,47.53010110360247,0.01766026333368118,1183.9700268999998,993.8174572477225,35,351020,mid,1.4767704011975716e-05,0.0018050541516245,-0.0018083182640144,0.0017921146953405,-0.0018050541516245,,-0.0451088125409206,4.450372302190495,-5.901068275032788,6.58893004074673,-10.521426131425107,-3.6348648474566656,-0.660284705519556
US53566V1061,0.8375175355348201,Lineage Inc,9.903950662950766,0.08456398502345644,2419.32287409,2026.2253311708746,60,601025,mid,3.017630793197533e-05,-0.0018050541516245,,,,,-0.0224793821986134,2.196506162420809,-0.9818805107419036,-2.153013979742435,-0.3625424396581826,0.943517321336294,1.078923575025389
US4461501045,0.8352595077074899,Huntington Bancshares Inc,7.92769042637992,0.10535975331833192,35791.96653122999,29895.580344758117,40,401010,large,0.0004464345851082,-0.0018050541516245,0.0018083182640144,,,-0.0017921146953405,0.0009024600061688,0.7263676232975842,-0.4474012218106803,1.0426601915445255,1.2273590651052118,1.3781208492067467,0.4679880209931742
US6821891057,0.8337799425103201,ON Semiconductor Corp,15.095376634526884,0.0552341264942842,32063.556063,26733.949930884562,45,453010,large,0.0003999299769011,,,0.0017921146953405,,-0.0017921146953405,-0.0118538054275107,3.8000069748120326,-0.8015830717672776,1.7192671677119464,1.1208188033562707,-1.54595690566619,1.6050343363719095
SG9999000020,0.8331092588633101,Flex Ltd,18.37478598369861,0.045339807473263195,46245.635974439996,38527.66751232814,45,452030,large,0.0005768236090437,0.0018050541516245,0.0018083182640144,0.0017921146953405,,-0.0017921146953405,0.0125648379579242,0.1434955662826382,0.172596784233034,1.4380745654139528,-4.025803633760607,-1.5148400184870572,0.0931491875675205
US7751331015,0.82989126210159,Rogers Corporation,9.53485483472486,0.08703763995223296,2531.5687412800003,2100.926777797793,45,452030,mid,3.157635498178926e-05,,,0.0017921146953405,,,0.0623210634004597,0.1004515557606219,1.1753263458230865,0.933922627083442,0.495289932877454,1.5766642372524036,1.8123842628885676
US30257X1046,0.82725102160286,FB Financial Corp,6.688220080034325,0.12368776919772269,2300.8774629000004,1903.403231767022,40,401010,mid,2.8698933729681944e-05,,0.0018083182640144,,,,0.0093518646298498,0.5712736689493252,-0.1373857140755116,0.5070576875746602,0.7813721397169278,0.3321344028812303,-0.2039368002008861
US7291321005,0.82495020325491,Plexus Corp,9.86180071058573,0.08365107219915754,6994.95188004,5770.486975197313,45,452030,large,8.724830578094409e-05,,,0.0017921146953405,,,0.0279107072013076,0.5360805783068768,-3.466617337614317,1.0555033683454615,-0.3695150075464841,2.630754003869021,1.6670150127377992
US2686031079,0.8226829582367701,El Pollo Loco Holdings Inc,10.036838688804506,0.08196634256505723,435.81114309000003,358.53440042982953,25,253010,small,5.435889270883971e-06,,,0.0017921146953405,,0.0017921146953405,0.038919975456505,-1.5365340210225429,1.101482102865861,1.0580790693163649,-0.0210020045272834,-2.957366561062047,0.2597920641302078
US95082P1057,0.82226749701768,"WESCO International, Inc.",9.997620789076366,0.0822463178355503,17260.823643360003,14193.014253689222,20,201070,large,0.0002152949219799,,,0.0017921146953405,,-0.0017921146953405,0.001664451365351,1.562943531876566,-2.1654976474706573,-2.3390910755105097,-2.0349427357679177,1.0830479667022592,0.462220719564162
US8321561032,0.82108896531349,Smith-Midland Corp,15.176982667614698,0.05410093582471864,126.65499671999999,103.99502020860825,15,151020,small,1.5797726806446364e-06,,,-0.0017921146953405,,0.0017921146953405,-0.0269201262371521,1.6031681461071714,-0.5253412277920162,-1.7035339391820574,0.9040143961517384,2.3827005409162245,1.0525459823483316
US5207761058,0.81777398661049,"Distribution Solutions Group, Inc.",15.928174094556026,0.05134135160476372,1599.02548761,1307.6414476946122,20,201070,mid,1.99447068524684e-05,,,,,,0.024360573403885,1.85574708707552,0.3823831120066886,-0.4219559431032348,2.4464166938068272,0.7877698740848935,-0.5653417344163549
US98943L1070,0.8136601993116501,Zentalis Pharmaceuticals Inc,67.4565372152383,0.012061991808376518,284.5982241,231.56624774494765,35,352010,small,3.5498046744030578e-06,,-0.0018083182640144,0.0017921146953405,-0.0018050541516245,0.0017921146953405,-0.0018938076762922,5.400103981439117,-9.25076514557612,0.8107942983449394,2.37598699577768,2.1495290195294974,3.5554529184372776
US85227J1060,0.8133979594227699,SR Bancorp Inc,4.507300476418337,0.18046233298143133,133.38596543999998,108.4958721045321,40,401010,small,1.6637283142438155e-06,-0.0018050541516245,,,,0.0017921146953405,0.0195604696433408,0.1645221268672798,-0.168583537086856,0.919592378743436,0.5740017466258011,0.1115593395930293,0.1185213533477701
US7002153044,0.81152474871094,ReposiTrak Inc,12.490997024240809,0.06496877287986255,118.64041482,96.27963282376219,45,451030,small,1.4798064901247354e-06,,,-0.0017921146953405,,0.0017921146953405,-0.0851597184304703,0.6247958284910426,1.4691349222885848,1.9541137514263065,-1.2446520898609192,-1.3550502084891063,-1.1251516518345708
US01749D1054,0.8069769830892901,Allegro Microsystems Inc,15.856390346178323,0.05089285552835713,5536.728585179999,4468.012529852789,45,453010,mid,6.905983013325835e-05,0.0018050541516245,,,,,0.0002552251348852,2.1139056086381083,-4.70532959227977,0.2113350631844941,-0.0626528541283706,4.7586907744651015,3.735142736968742
CA76131D1033,0.8057727381039701,Restaurant Brands International Inc,5.825850600220839,0.13830988698430163,25877.356709749998,20851.2685709084,25,253010,large,,,,,,,0.0051226784389332,0.947470178980232,-0.1272151238034644,-0.2819361204144881,0.7428533394556472,-1.1823405780336984,0.8276230357202302
US60786M1053,0.80273572920069,Moelis & Co,9.596647526599527,0.08364751617434167,5720.63444568,4592.15766324352,40,402030,large,7.135369505570295e-05,0.0018050541516245,,,0.0018050541516245,,-0.0132031541838895,1.267543003573348,0.4968240181917989,3.398631029316435,2.137525946332654,0.2219977479345616,-0.4687103404182051
US87165B1035,0.7999337122959299,Synchrony Financial,7.34571278306791,0.10889803834146651,26265.169313600003,21010.394393109193,40,402020,large,0.000327606474349,,,,0.0018050541516245,-0.0017921146953405,0.0250791510940625,0.7015795342967867,2.946118946280033,2.502194492674857,2.64803357825198,-0.6821817149562422,0.1827682424965337
US42226B5012,0.7968235741514401,National Healthcare Properties Inc,8.706068133501292,0.09152507905207309,822.5,655.3873897395595,60,601050,small,,,,,,,,,,,,,
US2942681071,0.79681884336398,ePlus inc.,7.929065186884153,0.10049341562761223,2260.83114224,1801.4728558009426,45,452030,mid,2.8199434420713797e-05,,,,,,-0.0070623459198154,1.5682826639013965,-0.9180917971805846,-0.3664004948134103,0.6078657311743119,-1.800528220162376,-0.6338121754637991
US85237B1017,0.79605480590002,TRON Inc,28.658418151505344,0.02777734631728812,76.40279654,60.82081336986842,25,252020,small,9.529750410524708e-07,,0.0018083182640144,-0.0017921146953405,,0.0017921146953405,-0.0065597105397685,-3.591736394362408,3.692074684456414,1.6709413782164295,-1.1247507778195462,-0.998339964521162,-1.0015701604837204
US6935061076,0.79384562373475,"PPG Industries, Inc.",8.608387305443912,0.09221769369423294,25331.41572315,20109.233514828265,15,151010,large,0.0003159597296421,,,,,-0.0017921146953405,-0.0067488031731399,1.169064267592289,-2.662635007403036,-1.554074556043746,-0.0008616736117124,3.063392466538631,1.5175521319739982
US1729674242,0.79317598231238,Citigroup Inc,7.500401255803206,0.10575113987384133,231126.0762949,183323.65260321338,40,401010,large,0.0028828445033437,-0.0018050541516245,,,,-0.0017921146953405,0.0411445765222907,0.3376887427786064,1.954490427650371,2.927576681695078,2.101798159026312,-0.2189522617854151,0.4976574194962828
US2927651040,0.7926910855311199,Enerpac Tool Group Corp.,7.915793643799826,0.10014044342249978,1870.0636843,1482.3828119200925,20,201060,mid,2.3325376779677327e-05,,,-0.0017921146953405,0.0018050541516245,,0.0092163907077169,0.9411531628884776,0.8178337500731986,-0.2223415917436052,1.4745854729454215,2.076034514201905,0.611974863369353
US72919P2020,0.79170349510552,Plug Power Inc.,27.1906737903062,0.029116729552607547,3036.5630021999996,2404.0575419498505,20,201040,mid,3.7875167961488846e-05,,-0.0018083182640144,,-0.0018050541516245,,0.0057277927987729,-1.168913629466074,4.40084084686274,6.066917149597793,-2.1993797115874147,-4.474378918835103,-0.9210229540973328
US1714841087,0.79013021011134,Churchill Downs Incorporated,8.489667674549967,0.09306962774054926,5697.89630088,4502.080001406942,25,253010,large,7.107008129474732e-05,,,-0.0017921146953405,0.0018050541516245,,-0.0025625346521843,1.3184247984377142,1.70061483071984,1.55151518986809,2.3298569397476645,-0.4289118502914043,0.4207598834916246
US0048161048,0.78980741496502,Acme United Corp,8.46052823637459,0.09335202163493511,203.18255356,160.47508739321535,35,351010,small,2.534303861752164e-06,,,,,0.0017921146953405,0.0657481727098491,0.3486160500287687,0.8777751806468164,0.5741416897305285,2.370400481348966,1.7053773942932486,-0.1591412622623145
US8354951027,0.7848375947463101,Sonoco Products Company,8.874795722450955,0.08843444055403692,5704.440452249999,4477.059323917442,15,151030,large,7.115170674830273e-05,,-0.0018083182640144,,,,0.0327625395620231,0.4856700217361643,-2.211308445099554,-2.2058263059991274,0.4656222593484591,2.698507355234412,1.1320237090453251
US03820C1053,0.78330957701734,Applied Industrial Technologies Inc,6.647483631836594,0.11783550293615752,13159.0588127,10307.616792522338,20,201070,large,0.0001641334503466,0.0018050541516245,-0.0018083182640144,,0.0018050541516245,,0.0291692449430885,1.1042015491799833,0.4709426254121344,0.0812988051346195,1.381786532372662,0.2477495246188971,0.750540854479441
US75686R2022,0.78116037435984,Red River Bancshares Inc,5.963713972118113,0.1309855532998337,465.27146282,363.4516300754216,40,401010,small,5.803348980155441e-06,,,0.0017921146953405,,0.0017921146953405,0.036995149431324,0.6165556420682625,-1.4311878829928206,-0.6184096856241139,0.6029609495491961,1.0854796868606833,0.249683748883201
US9029733048,0.77776488316013,US Bancorp,6.2298677050902205,0.12484452639734932,101759.0096565,79144.58425597826,40,401010,large,0.0012692440695425,,,,,-0.0017921146953405,0.0319306344242081,0.682260822520789,0.1643748573837755,1.1958297069333783,1.6335296058590365,1.0084798851104286,0.1837433170582165
US6373722023,0.77753328766441,National Research Corp,16.34436622104347,0.047571944800363766,260.94679314,202.8948179756289,35,351020,small,3.2547994597934666e-06,0.0018050541516245,-0.0018083182640144,,0.0018050541516245,0.0017921146953405,0.0095297238912631,-2.579190715434349,-2.9956965503117776,2.334393790572891,-3.1920073901194588,0.8953681371795397,-1.6512033546115883
US1423391002,0.7760331091578601,Carlisle Companies Incorporated,10.16397300793658,0.07635135478536705,14557.639994379999,11297.210626839524,20,201020,large,0.0001815780076061,0.0018050541516245,,,0.0018050541516245,-0.0017921146953405,0.011950380016053,1.854939978985792,-0.7215977436405211,-1.5484306780373362,1.8767353403368807,2.4344455129821894,1.9448971580242285
US7591EP1005,0.7720062149153,Regions Financial Corporation,6.637373991126647,0.1163119956698805,27092.564491400004,20915.628165354377,40,401010,large,0.0003379266064546,,,,,-0.0017921146953405,0.0118739606955624,0.9910858836053832,-0.6036201110527649,0.8027518232834803,1.3767093846309533,1.270129480145793,0.2457972977975571
MHY2065G1219,0.77181793192682,DHT Holdings Inc,9.782862701562973,0.07889489564271504,2469.5068701600003,1906.0096854059655,10,101020,mid,3.080225485906128e-05,,0.0018083182640144,0.0017921146953405,0.0018050541516245,,0.0619466123474681,1.5439613754297297,-1.7279879997159306,-3.947742453900496,0.9578832217549682,1.901570680550567,2.299902940376436
US92262D1019,0.77130162581193,Velocity Financial Inc,6.049187836415838,0.12750498854883113,414.22085540000006,319.4892192152284,40,402010,small,5.1665927761288285e-06,-0.0018050541516245,,,,0.0017921146953405,-0.0072009328022399,0.5216721444249388,-0.6631356161249616,0.5874838559535392,0.7389457285541934,1.1017442945098068,0.4661208208349836
US5535301064,0.76726066005269,"MSC Industrial Direct Co., Inc.",6.549061307348232,0.11715582188729884,5461.20033486,4190.164173604655,20,201070,mid,6.811776334108747e-05,,,,,,0.0143308511835771,0.7734486073141774,-0.3071516813520554,-0.363493357697269,0.3742836814440539,-0.9184656349928474,0.4961728050894982
US03969K1088,0.76641352197617,Arcutis Biotherapeutics Inc,14.007921959698539,0.054712863491185794,2970.29709531,2276.4758581321244,35,352010,mid,3.704863073773925e-05,0.0018050541516245,0.0018083182640144,0.0017921146953405,,,0.042284424856946,1.7332813502107172,1.35369275439276,-3.857795539518784,-0.5943813273820525,-2.695396475494704,1.1480425023783347
US3156161024,0.76138902937624,F5 Inc,8.88333649753551,0.08570980392192404,22646.6735916,17242.92882450885,45,452010,large,0.0002824728370297,,,,,-0.0017921146953405,0.0090022991871421,-0.4500123908686912,-0.5067583165222007,2.399495010288572,-0.1576875125666295,0.1956022899851786,-0.4813194667724217
US7620931029,0.75632703339079,Rhinebeck Bancorp Inc,10.118803776775962,0.07474470797888817,76.04391973999999,57.51407222436153,,,small,,,,,,,0.0489852216672451,1.6043119162424246,0.0800430986729346,-0.9318590080990906,3.17558733721704,0.1470786907862518,2.0432211765042885
US5538101024,0.75558491876968,MVB Financial Corp,6.461310153723419,0.11693989311660946,349.8362939400001,264.33102773934087,40,401010,small,4.363521646810074e-06,,,,,0.0017921146953405,-0.0011930681355763,0.7481238842835772,-1.908059015523076,-1.0225095915095936,-0.5838248259716952,0.7871983172965729,0.1954648365954204
US35953C1062,0.75322982111438,Ftai Infrastructure Inc,16.520909924116445,0.04559251424855544,526.318845,396.4390494684771,20,203040,small,6.564795343033972e-06,-0.0018050541516245,0.0018083182640144,,-0.0018050541516245,,0.0444328236805664,0.9613709102738236,0.2912288771208691,-0.6695097053533556,1.2791092659232706,6.787855885473976,2.126653380751951
US81725T1007,0.75185678001848,Sensient Technologies Corporation,12.268423325539658,0.06128389606945746,5590.11962322,4202.969339832308,15,151010,mid,6.972577861907544e-05,,,,,,0.0132971493425733,3.2496634005769414,0.267926345619391,0.8546085812798647,3.62357182579946,0.3792760933930703,1.63509785387823
US3738651047,0.75000159126084,German American Bancorp Inc,5.412742886771515,0.1385622053273227,1847.3160695999998,1385.4899917617204,40,401010,mid,2.304164490029214e-05,,,,,,0.0161421872984465,0.3579757117931056,-0.6708524496475079,0.4043307228389923,0.7582317879562218,0.5807752589257408,0.0890841914967171
US2210061097,0.74714593972392,CorVel Corporation,11.357079538273592,0.06578680172187074,1857.7851341,1388.0366198222732,35,351020,mid,2.3172225947367368e-05,0.0018050541516245,,-0.0017921146953405,0.0018050541516245,,-0.0400854849938013,-0.6366106570170831,-1.0105662891831706,1.9351080273963857,-1.088181393841323,1.5316833339350713,-0.8348649898531603
US4101201097,0.7468855316544301,Hancock Whitney Corporation,6.778672546357367,0.11018168034326743,6323.61172665,4723.014106435174,40,401010,large,7.887465404030314e-05,,,,,,0.01597333711633,0.5068198490394721,-1.0476282328987023,0.8881093813540086,0.8506317313838676,1.282787457765211,0.136586069396043
US4571871023,0.74421543512821,Ingredion Inc,4.33498861448417,0.17167644515642305,6574.0637462800005,4892.519711498361,30,302020,large,8.19985517835437e-05,,,-0.0017921146953405,,,0.0005703995062707,0.5314733666262154,-0.0921717789530046,0.3010171380360127,1.3690281505409438,2.350193853543523,0.126444138141875
US3462321015,0.74115112096184,Forestar Group Inc,9.63382075564521,0.0769322099466654,563.96495256,417.98325677303495,60,602010,small,7.034356701022672e-06,-0.0018050541516245,,,,,0.0026359645989892,1.3251915280121451,-1.3924425324658125,-1.098746242819518,0.8461352140553506,1.8694884089170904,2.184604264732529
US3596641098,0.7343125626803501,Fulgent Genetics Inc,16.76113033268523,0.043810444051520535,342.33331664,251.37965503278213,35,351020,small,4.269936720285298e-06,-0.0018050541516245,-0.0018083182640144,,,0.0017921146953405,-0.0685320474918516,-1.2435543795907775,-4.289889324157297,0.5310562376382459,-4.520458632478024,0.6627627241039042,-0.7787534820083354
BMG657731060,0.73340203205134,Nordic American Tankers Ltd,11.069675582717245,0.06625325435881597,1374.5132397999998,1008.0708031507907,10,101020,mid,1.714435688803348e-05,,,0.0017921146953405,,,0.0894184357409168,1.239289879429917,-1.6765209137790205,-4.307355507702299,0.7606890022720318,1.5909237411192152,2.075659016654738
US1489291021,0.73020884645387,CAVA Group Inc,16.99623701598295,0.04296297149581963,7971.18029916,5820.626371125438,25,253010,large,9.942484067126592e-05,0.0018050541516245,,,,,0.0734270855327295,2.045563903985092,2.080650356062574,1.6509342051801013,5.691036794746613,2.803279268607342,3.558275823431917
US0958251052,0.72993020775018,Blue Ridge Bankshares Inc,5.727084308374881,0.1274523245070414,190.41142059999999,138.9870477965649,40,401010,small,,,,,,,0.0172961554005618,-0.0258581084376365,1.501027831875362,1.1772593263890516,1.0192096345948258,-0.0210972996163835,0.2681507695302087
US50050N1037,0.72872730210668,Kontoor Brands Inc,13.616136800421138,0.05351938753172199,4567.95052077,3328.790259157526,25,252030,mid,5.697622380585765e-05,0.0018050541516245,,,0.0018050541516245,,0.0127090319463003,0.2396095509101324,1.2533820647170617,0.3886877072086654,1.0674581951553603,-1.6288567427990093,1.148774568878582
US48282T1043,0.72363412255275,Kadant Inc,11.618907950389438,0.06228073461314369,3900.95403816,2822.8634525225184,20,201060,mid,4.865675083912744e-05,,0.0018083182640144,,,,-0.0006746608168899,1.313606761270399,-2.003242095098785,-0.8821286906242698,0.5298524584499165,3.290697035469856,0.9927950304817096
US83088M1027,0.72322107397867,"Skyworks Solutions, Inc.",11.925704210045847,0.060643888297133075,10430.55978561,7543.600650347589,45,453010,large,0.0001301007762809,,-0.0018083182640144,-0.0017921146953405,,,-0.018483058924663,1.0144340824333178,2.3205151929073664,0.8635461640167903,-0.234576132867498,-0.7003758724671243,0.0412659580102496
US8684591089,0.72275848341701,Supernus Pharmaceuticals Inc,8.708416958724387,0.0829953924855339,2669.29392808,1929.2548312533343,35,352020,mid,3.329420657215579e-05,,,,,,0.0555035320402434,0.5690869698534362,4.242438677224824,-0.0920327183844729,2.0213174513637666,1.015796299899319,0.4595153235430365
US9027881088,0.72221855180142,UMB Financial Corp,7.024771954932661,0.1028102487076882,10909.60560416,7879.119560161092,40,401010,large,0.0001360759333337,,,,,,0.0069953613710413,0.5067986587944728,-1.3361323933526847,1.3067490899162637,0.4972688923355322,1.5650178578199658,0.1373599178345346
US9292361071,0.72161411246028,WD-40 Company,8.417184352010565,0.0857310571186328,3052.7813493,2202.9301039104153,30,303010,mid,3.8077460033158426e-05,0.0018050541516245,,,0.0018050541516245,,0.0157489475790078,1.316901952790308,-1.9287916177746764,-0.5368839173203965,1.7749182558643364,3.0200677401748943,2.150748541942048
US08986R3093,0.72097962742338,Biglari Holdings Inc,16.25899674727189,0.044343426512115744,1216.74910722,877.2513179912058,25,253010,mid,1.5176558750653512e-05,,,,,,0.081230650222077,0.5784018083892619,3.0398973386907318,0.8226290951146287,3.1824040688594324,2.3622592999885343,1.2304912988566743
US31738L2060,0.71820818157246,Finance of America Companies Inc,13.889009172782231,0.05171054123716079,142.24912962,102.16448871464536,40,402010,small,1.7742789044158428e-06,-0.0018050541516245,0.0018083182640144,,,0.0017921146953405,-0.0353783001839507,1.879447871206438,-1.596086587123434,1.2334918725304265,1.7078125576063212,0.3552419537283091,1.3879819220979863
US0291741090,0.71667664836976,American Realty Investors Inc,14.101901912096334,0.05082127594115577,21.70392696,15.554697630154873,60,602010,small,2.707139217721864e-07,-0.0018050541516245,,,,0.0017921146953405,0.0050141203157541,-0.9700558388361936,-2.069730315366738,-0.4680339741711083,-0.9728350753570516,2.180803002801061,2.615481824951968
BMG2717C1064,0.7152224816013101,Cushman & Wakefield Ltd,11.277535116344222,0.0634201068072719,3362.8792036,2405.206809324229,60,602010,mid,4.194532258288998e-05,,,,,,-0.0142892697167936,1.2602785030062742,-0.2226306116845199,1.7410706669834002,1.5833500105598213,0.7816417055735503,0.4480255187121183
US04681Y1038,0.7106362778943099,Ategrity Specialty Insurance Company Holdings,12.303783960787245,0.05775753866933475,223.21307481999997,158.6233086674289,40,403010,small,2.784145329401286e-06,,,,,0.0017921146953405,0.062862681900392,1.6465550554528097,3.4323961605217805,-0.0481158456881263,4.203115728144218,0.0842507140582052,1.3632039339420725
US7611521078,0.70783971061424,ResMed Inc.,7.309325171430285,0.09684063768033599,32129.97362631,22742.871233690432,35,351010,large,0.0004007584057413,,,-0.0017921146953405,0.0018050541516245,-0.0017921146953405,-0.0111142993035617,1.1833048365877905,-1.711254639609756,-0.9029545623474378,1.1473658570913827,2.3768668976986165,0.5798015468232407
US74727A1043,0.70763535110314,QCR Holdings Inc,7.011096396423292,0.10093076903979525,1683.7957662600002,1191.5134082433758,40,401010,mid,2.1002049822031297e-05,,,,,,0.0124137023903371,0.4948108602324564,-1.6383943768898348,-0.1154810158987238,-0.0833618413048795,1.0912039672479106,-0.0361296697773322
US6932821050,0.70590229878912,"PDF Solutions, Inc.",16.15747488384125,0.04368889964947914,1732.30463368,1222.8378231177564,45,453010,mid,2.1607102804572077e-05,,0.0018083182640144,0.0017921146953405,,,0.0765110986706487,0.3025335529187043,1.6102475735299284,2.7204102433063624,1.0124699482888109,-0.5736065933937874,2.9022064245342376
US3138551086,0.7040436895646,Federal Signal Corp,8.027069369983538,0.08770868384385767,7473.20239581,5261.46098760908,20,201060,large,9.32135429913474e-05,,0.0018083182640144,,,,0.0205383655156816,0.9061219406102,1.2201368461422042,0.5558724031363391,2.4006375285189616,-0.0737521577698879,1.216379788579752
US37253A1034,0.70067409450785,Gentherm Inc,9.956057792420557,0.07037666003116876,1321.25109012,925.7664111873407,25,251010,mid,1.6480016031723764e-05,,,,,,0.0250354744937842,1.5727311107126625,2.5440257878518877,-0.01675980593432,1.2298102333447032,-0.1972221244935879,-0.9433598088173996
US05368J1034,0.69964437194348,Avidbank Holdings Inc,5.175574703032183,0.13518196762450044,291.74658786,204.11885822996297,40,401010,small,3.638966492505848e-06,,,,,0.0017921146953405,0.016660650690467,0.4282476645081564,-0.4033243473129586,0.0787421800420826,0.2265260082990854,0.7131992396464306,0.3592986618953345
US26154D1000,0.69814540061285,Dream Finders Homes Inc,14.777791432537361,0.047242878193265836,1143.7807664,798.5252813716006,25,252010,mid,1.4266421808845827e-05,-0.0018050541516245,,-0.0017921146953405,,,-0.0594811579297006,1.5502874736441157,-3.5991948790414723,-0.5859086241998446,-0.0708943472587186,4.9695874238849385,2.3671485744159897
US86881A1007,0.69718465907166,Surgery Partners Inc,13.822451413036207,0.050438568256722716,1172.0309895,817.1220258359779,35,351020,mid,1.4618787935972724e-05,-0.0018050541516245,,-0.0017921146953405,,,-0.0124780860366801,2.374812409185579,2.4939852205668536,0.9411364486508064,3.461939300480375,0.0801408431995889,1.7716227561999582
US24906P1093,0.69346560425445,DENTSPLY SIRONA Inc.,13.397636729575188,0.05176029312122112,2303.39593971,1597.325857168242,35,351010,mid,2.87303467884977e-05,,-0.0018083182640144,,-0.0018050541516245,,0.0138019736468054,2.675092208336059,0.0438452552483015,-2.0741000695118563,3.339163313671992,1.0526315852300223,0.7881136466579922
US70614W1009,0.69278181747181,Peloton Interactive Inc,14.717246631104922,0.04707278710731222,2446.94452625,1695.198676148172,25,252020,mid,3.052083386941706e-05,-0.0018050541516245,-0.0018083182640144,-0.0017921146953405,-0.0018050541516245,,-0.0678841750621588,-0.7496529372703734,0.9088286134442324,4.344477659635255,-1.1664086286121826,-4.624458125988342,-2.1466678617719746
US94188P1012,0.68674465683732,Waterstone Financial Inc,4.993655762667076,0.13752342762019595,309.32738745,212.42893054473498,40,402010,small,3.858252486863975e-06,-0.0018050541516245,,,,0.0017921146953405,0.0261788837395297,-0.4156008749262579,-1.32478628671559,0.262434488037332,-0.355878473762127,1.4505662248491755,0.156111783634209
US61945C1036,0.6824183960369901,Mosaic Co,11.407692668522941,0.059820895939805246,6816.4934094400005,4651.700499066759,15,151010,large,8.502238636375157e-05,-0.0018050541516245,,-0.0017921146953405,,,-0.0410304656361943,0.4234304775194623,-2.240087577493809,0.0762866659121073,0.2320767706879273,2.2801385830031577,0.505822702542611
US58155Q1031,0.68125557354933,McKesson Corp,7.878274160625847,0.08647269181797695,101233.41347500001,68965.8271592676,35,351020,large,0.0012626882880093,-0.0018050541516245,,,-0.0018050541516245,-0.0017921146953405,0.0256506241010018,1.5169788861194298,-0.5140700205009787,-3.029761923795384,0.6949663308440373,-0.2334973886856723,0.7345861597749564
US31946M1036,0.68056726438393,First Citizens BancShares Inc (Delaware),6.5750974808056295,0.10350679459440378,19972.43532193,13592.585670130877,40,401010,large,0.0002491169594933,,,,,-0.0017921146953405,0.0281744845012642,0.2398755450601469,1.5073526515367286,1.6869667193151083,1.3982042718224643,0.8085246725488903,-0.8631893926323746
US46121Y2019,0.67976636608937,Intrepid Potash Inc,13.786826931303864,0.04930549788406478,374.71927481999995,254.72155974803533,15,151010,small,4.673888031281499e-06,-0.0018050541516245,,,,0.0017921146953405,0.045374916402646,-2.2654168860445667,-1.0570993981176502,0.6480077112036019,-0.8290284759792986,2.2375927607719057,-0.4145564539654429
US0383361039,0.67837899257638,"AptarGroup, Inc.",6.550385068086545,0.10356322346321903,8309.24885142,5636.819864892742,15,151030,large,0.0001036415828202,,,,,,0.0009291173472409,1.6902513080645871,-1.646001721962362,-1.6494942241640342,1.7305559528106196,1.039040314742246,1.1981127184364724
US69320M1099,0.67678005523407,PCB Bancorp,6.03048610953296,0.11222645122492193,298.68569018,202.14451789764672,40,401010,small,3.725518184560828e-06,-0.0018050541516245,,,,0.0017921146953405,0.0200986578407343,0.2881916465216963,-0.1449675026802964,0.5054592320284984,0.6864940550892014,0.3307245012433639,0.5271465073291877
US9604131022,0.67593671171947,Westlake Corp,14.178090648798607,0.04767473480477049,2633.12971968,1779.8290442513091,15,151010,mid,3.2843128999797854e-05,-0.0018050541516245,-0.0018083182640144,,,,0.0467050138915688,0.5803018075759058,-0.1735631735855667,-0.7363586438022546,2.932594212096218,3.123225207544177,1.870360753652771
US24665A1034,0.67556765849363,Delek US Holdings Inc,16.70739398146252,0.0404352503594036,3915.7519676399997,2645.355388020379,10,101020,mid,,,,,,,0.0936027902760371,-0.8235382156794776,1.3099820530608095,-2.732249611958496,-0.9681086171759544,-4.836405951377866,-1.1477433013352618
US29249E1091,0.67552273472473,Enact Holdings Inc,5.535247253829375,0.12204020954211074,1294.4337829,874.4194489446855,40,402010,mid,1.6145522719878608e-05,,,,,,0.0268140802789154,0.8313205377192734,-0.1640143103118229,0.6072043572852059,1.6567006424867872,0.173139062497297,0.567228096210322
US0298991011,0.67467590946696,American States Water Company,5.923575385743667,0.11389673727977022,3496.7760399,2359.1905549218072,55,551040,mid,4.361542300916147e-05,,,,,,0.0174332573086351,0.3578746388114787,0.0005682906681765,0.2701582344632265,0.8977694522985817,0.1420515848264263,0.2924725771692357
US6934751057,0.6746335054350701,"The PNC Financial Services Group, Inc.",6.484401882824575,0.10403943457329373,102071.988456,68861.1833787993,40,401010,large,0.0012731478662333,,,,,-0.0017921146953405,0.0226620860417953,0.4408587021230535,-0.4373973729253355,1.5080771204636076,1.4447584292772917,1.361384774379547,0.161255241373635
US12662P1084,0.6745602948633199,CVR Energy Inc,15.774093725385777,0.04276380669513377,3544.71,2391.1206228049587,10,101020,mid,4.421330515042825e-05,,,,,,0.0269346696756485,-2.3403354245961934,3.1140830773446875,2.1059626272706304,-0.6504082859344278,-6.706276105873707,-2.436001968849593
US5745991068,0.67397819805736,Masco Corporation,9.94991456239875,0.06773708395490742,14622.764696170001,9855.424600541437,20,201020,large,0.0001823903105344,-0.0018050541516245,,,-0.0018050541516245,-0.0017921146953405,-0.0024560429233024,2.0219519411851103,-0.8127702757922642,0.2504607534029304,2.1895055677785304,1.209928556056276,2.2495916151014046
IE00BK9ZQ967,0.67360541986739,Trane Technologies PLC,7.0112256806049285,0.09607527279157149,105296.92921100001,70928.5822119225,20,201020,large,0.0013133726772032,0.0018050541516245,,,0.0018050541516245,-0.0017921146953405,0.009533856917195,1.6730214600980398,-0.3442236785732372,-0.985377060324538,1.1122113333606087,1.0622206452506415,1.7338307702494131
US29272W1099,0.67099957438108,Energizer Holdings Inc,13.369954048549749,0.05018712644370412,1412.88078526,948.0424055606662,30,303010,mid,1.7622916768897052e-05,0.0018050541516245,,-0.0017921146953405,0.0018050541516245,,0.0293519527029845,1.4412664810515836,1.3416774018095947,2.216813631547134,3.89769598307111,4.020404225561944,1.6999374477779483
US9113631090,0.66908513904156,"United Rentals, Inc.",11.927538326657194,0.05609582805080598,71442.076686,47800.8318128701,20,201070,large,0.0008910997901375,0.0018050541516245,,,0.0018050541516245,-0.0017921146953405,0.0192180223220731,1.978490348876038,1.569697816296506,2.015330192862031,3.0377862183940803,-0.2135769547877402,1.5340256112774642
US0130911037,0.66823514437691,Albertsons Companies Inc,11.244434501577054,0.05942807922294258,4327.380851139999,2891.707967835413,30,301010,mid,5.397558899700476e-05,,,,,,-0.0413874878310745,0.4774568562651287,-1.077990138765681,-1.8611328570828083,-0.7221092969731575,1.3630022336184222,0.8104327920532733
US3198291078,0.66668049796258,First Commonwealth Financial Corp,5.4573880445758975,0.12216109474296853,2137.46070077,1425.003364364789,40,401010,mid,2.666063012494456e-05,,,,,,0.0107469565995608,0.4202892221541257,-1.1989271180239456,1.0342619858786717,0.9782711191641088,0.6874299684682208,0.1801789850512503
US8936411003,0.66564625053862,TransDigm Group Inc,7.773437779890443,0.08563087135792337,68316.942531,45474.91664402253,20,201010,large,0.0008521198707559,-0.0018050541516245,,,-0.0018050541516245,-0.0017921146953405,-0.0375809152798339,0.52297951552681,-3.0230803414411422,-1.7109788215933126,-1.8816844532898536,2.158735890626954,0.2655647906766951
US9197941076,0.6636517336912,Valley National Bancorp,7.047095372770691,0.09417379765505764,8173.1504668,5424.125477010861,40,401010,large,0.0001019440223964,-0.0018050541516245,,,,,0.0216670355973583,0.6785608425863021,-0.4600464224019973,0.1376471669034549,0.348508687055177,0.7879134277164326,0.5970394524601446
US47805L1017,0.6625737985224001,John Marshall Bancorp Inc,5.4718185409733175,0.12108840846256254,287.05359569999996,190.19419128246227,40,401010,small,3.5804306194898195e-06,,,,,0.0017921146953405,0.0066252717527569,-0.1824602074531935,-0.1366317415790505,1.3841914050159012,0.3994297367329303,-0.4821236427005111,-0.4107017819409879
PR7331747001,0.66147458497875,Popular Inc,6.623424848628529,0.09986896508921927,11096.45285912,7340.021549722665,40,401010,large,0.0001384064863832,,,,,,0.0325939362675667,0.7598438764527577,-0.3741765111798207,1.6120832141605268,1.976520624031836,0.7222325121614397,0.4791500378894444
US2788651006,0.66110524285724,Ecolab Inc.,5.8538636520740654,0.11293485502058213,77253.7405365,51072.85289901304,15,151010,large,0.0009635888984859,0.0018050541516245,0.0018083182640144,,0.0018050541516245,-0.0017921146953405,-0.0088322620241335,1.370304153245651,-2.4111856569378807,-1.9854192528988317,0.4835105200852916,1.4806669371001735,1.4840722171337704
US59540G1076,0.65793492548214,Mid Penn Bancorp Inc,6.61907462426803,0.09939983499655707,826.2341015599999,543.6082720406814,40,401010,small,1.0305649956685371e-05,-0.0018050541516245,,,,,0.0285090733461276,0.5629499129554694,0.1572227443916934,0.8941429968545136,1.4942865084217591,0.6114580801980002,-0.2927645845981646
US52110M1099,0.65666912042872,Lazard Inc,10.034800112119626,0.06543918295249565,4226.901265209999,2775.675535964494,40,402030,mid,5.272230322916711e-05,,,-0.0017921146953405,0.0018050541516245,,-0.0480936155542259,2.6924870312752502,-2.419677214896708,-0.5394862749451681,0.6747714550250197,2.145970928271961,0.1235406403977072
US2290503075,0.65543323788633,Cryoport Inc,16.27343183627888,0.040276276355252355,746.3268656,489.16743404176384,35,352030,small,9.308963906986878e-06,,,0.0017921146953405,,,-0.0226877793957442,0.9355884869362604,-1.0717558925945962,1.2517577445910812,-2.747272196408474,-1.9112722191139155,-0.412291072123658
US92847W1036,0.65519998629525,Vital Farms Inc,17.79160471261148,0.036826356974467574,358.79598300000004,235.08312314439078,30,302020,small,4.47527619554967e-06,,,-0.0017921146953405,,0.0017921146953405,-0.0996387575984777,2.1526225380330333,-0.6690035161096201,0.6164997164048835,3.152725509044858,1.593261331830429,-0.5034372237610548
US03589W1027,0.6550604668309,Annexon Inc,22.84321484038228,0.02867636939056769,929.50404228,608.8813518571454,35,352010,small,1.159373992791574e-05,,-0.0018083182640144,0.0017921146953405,-0.0018050541516245,,0.0226511787428586,0.7064184483614517,-5.073642322489517,0.1673674434283576,-2.07008892739354,-0.8554133217307973,1.0395019727791817
US4611471008,0.6545013478807999,inTest Corp,14.821098329036186,0.044160111035668574,170.9153225,111.86430894973161,45,453010,small,,,,,,,0.0529111386743352,0.0723424883627563,-1.357340761008649,0.6622673987720358,0.3767471776080535,0.0690218696357264,3.5465682938295733
US40145W1018,0.65317530421552,Guardian Pharmacy Services Inc,11.941474090117483,0.054698046429299235,1348.79012125,880.9963977703568,35,351020,mid,1.68235114338576e-05,0.0018050541516245,0.0018083182640144,0.0017921146953405,0.0018050541516245,,0.0293716704005451,0.3011670678415097,0.577945394869978,-0.2226710846610475,0.4681566219653661,-1.0848748600169371,1.0076288457475258
US23204G1004,0.6513257300694101,Customers Bancorp Inc,8.035108397161343,0.0810599805099719,2612.17273325,1701.3753125514627,40,401010,mid,3.2581731696192485e-05,,,,,,0.013811589685154,-0.0931174387794907,-0.1407723067157079,1.7919704192069317,0.4855386099535778,1.569723818896449,-0.2382842979920129
US1912161007,0.65032480220331,Coca-Cola Co,4.721600126334451,0.13773398525981925,340037.7369605,221134.97403049833,30,302010,large,0.0042413038660131,0.0018050541516245,,,0.0018050541516245,-0.0017921146953405,0.0080556900795798,0.9984902206201596,-1.878713605873276,-2.39389819931887,-0.462129987466971,0.8632985289596777,0.5306554167061869
US3175854047,0.6490428749278,Financial Institutions Inc,6.619262341520185,0.09805365635028454,802.9810761599999,521.1691461835051,40,401010,small,1.0015614070059707e-05,,,0.0017921146953405,,,0.0213251259604168,0.4191732367095046,-0.4552034229116678,0.2470728651380781,-0.0487716138081089,-0.1012698885959361,-0.2967267135359523
US36237H1014,0.64887059962277,G-III Apparel Group Ltd,8.369398145308347,0.07752894394043244,1263.14413082,819.6170895751561,25,252030,mid,1.57552456773381e-05,-0.0018050541516245,,,,,0.002833540586053,1.8044715036883847,0.0016441567660143,0.0525770964797676,1.4280896690171854,-1.4624711939292467,0.4534110763114101
US13765N1072,0.64754062022504,Cannae Holdings Inc,8.26474025216897,0.07834978480480397,574.73177952,372.1621729734218,40,402010,small,7.168651750796656e-06,-0.0018050541516245,-0.0018083182640144,,-0.0018050541516245,,-0.0381997108571399,1.1275480988328055,1.6839749400282096,2.2889915132516943,0.6892290542467671,-0.9524513697641672,-0.5578029304834103
US36164V6020,0.6470245055007899,GCI Liberty Inc,11.811324147878569,0.05478001428121012,1066.97,690.3557366341779,50,501010,mid,1.3308358143925014e-05,-0.0018050541516245,,-0.0017921146953405,-0.0018050541516245,,0.0477492347881265,1.0953347532576545,2.007851827721716,0.6752132305130711,4.435032741428032,3.4936280920588394,0.9791835438222692
US5138471033,0.64698790191286,The Marzetti Company,8.046615432117916,0.0804049736651288,2290.7103116800004,1482.0618584439972,30,302020,mid,2.857211845864414e-05,,,-0.0017921146953405,,,-0.0334477819710928,0.7324627691491788,-2.3881469147162178,-1.4174538488813195,0.1041640252481339,3.544872884994174,0.7473467189930035
US64428N1090,0.64491466346703,New Era Energy & Digital Inc,77.98823722297232,0.008269383774160536,457.01565868,294.73609971677524,10,101020,small,5.700374015291182e-06,,0.0018083182640144,0.0017921146953405,-0.0018050541516245,0.0017921146953405,0.2688667031578,-4.407094719307363,7.738718090453193,-6.108928413760417,-16.894694411980737,-11.834128600159858,-0.7265976723311212
US0995021062,0.6436844766927,Booz Allen Hamilton Holding Corp,11.228145337227627,0.05732776494783367,9170.765246519999,5903.079228577825,20,202020,large,0.000114387310191,0.0018050541516245,,-0.0017921146953405,0.0018050541516245,,-0.0228877157671829,0.4084981924032121,-0.4823685001741675,1.030822372770387,0.3947471810796374,2.297595294050387,-1.55897553234415
US68247W1099,0.6435235721629801,One Stop Systems Inc,27.76438227254024,0.023178025927104568,299.90948624000004,192.99882391072893,45,452020,small,3.7407826402265033e-06,0.0018050541516245,0.0018083182640144,0.0017921146953405,,0.0017921146953405,-0.0411630224496012,0.1461389337414558,-10.04234630196268,-1.952234267316335,-8.934360486942548,4.908337408909912,-0.4365328000175085
US08986R4083,0.64173108627195,Biglari Holdings Inc,15.02721572040649,0.04270459000601816,1217.18416414,781.1049158465776,25,253010,mid,,,,,,,0.0727487719407068,0.8163870145279091,2.415270383867134,0.8169749803003421,3.3271060934572354,2.284148743227272,1.1957444401776591
US2244081046,0.64107295180656,Crane Co,8.75864952241243,0.07319312756676975,10777.54053948,6909.189726859308,20,201060,large,0.0001344286806658,,0.0018083182640144,,,,0.0255557939848616,1.4231227965231323,0.7796857938784139,-0.8481470554551062,1.4683538528737827,0.8581981527779048,1.3021981557958002
US05722G1004,0.64076044398953,Baker Hughes Co,10.117129930825723,0.0633342112210309,64241.66303096,41163.51652634371,10,101010,large,0.0008012887516775,,0.0018083182640144,,,-0.0017921146953405,0.009126266156412,1.490064430209904,-3.7883465729961374,-2.293407470081366,-0.2481956557330248,1.8477490667251089,1.2907231764502096
US6292093050,0.6385793664728601,NMI Holdings Inc,6.496964537984493,0.09828887978984753,3366.58864749,2149.834045688887,40,402010,mid,4.1991590620232095e-05,,,,,,0.0388167560585583,1.05939881355272,1.7154464781574716,1.797079602001443,3.445580741341954,-0.1798357249542591,0.3349702026263464
US5966801087,0.63831083935958,Middlesex Water Company,7.076811492393222,0.09019751904451495,1090.8465225,696.299159389454,55,551040,mid,1.3606170934032968e-05,,,,,,0.0227719279917212,0.3897521762549374,1.367073345001915,0.0260696417110151,0.9363269826746634,0.5907501006658412,0.2025594966414475
US3841091040,0.63367733962477,Graco Inc.,5.229031982040328,0.12118444519008545,13152.249934099998,8334.282748320544,20,201060,large,0.0001640485229401,,,,0.0018050541516245,,0.0051688596664545,0.9719611678537704,-0.895295453104073,-1.2914162881626878,0.8939290989831044,1.7678380591659255,0.5397998805475346
US5011471027,0.63152738421487,Krystal Biotech Inc,9.69980103032005,0.06510725140039625,8357.7015532,5278.117399940952,35,352010,large,0.0001042459352465,0.0018050541516245,0.0018083182640144,0.0017921146953405,,,0.0490985094201409,0.4049594319148201,-0.966820092006778,-0.9190713459621463,-1.2973057629021287,0.3985956913072779,0.8006069967027509
US15673T1007,0.6298047159142199,Century Therapeutics Inc,35.588768473150004,0.017696726887005854,250.97749230000002,158.06680823886484,35,352010,small,3.1304519842100365e-06,,,0.0017921146953405,-0.0018050541516245,0.0017921146953405,0.1974045252687058,1.0957873622972356,-3.4068431708235503,-0.4465009465686531,1.683894399424655,10.678414261322878,1.3755299072552298
US3793782018,0.62861981355653,Global Net Lease Inc,5.234319119245265,0.12009581365516178,1728.67875936,1086.6817194080168,60,601010,mid,2.156187713371401e-05,,-0.0018083182640144,,,,-0.0095195139912715,0.3776595215624783,-2.2986839842198634,-0.3186539572141531,-0.3776476319178034,1.17138064155269,0.4386907461644835
US50127T1097,0.62786182624237,Kura Oncology Inc,15.0943266048398,0.04159588186206692,933.17047955,585.9021214857312,35,352010,small,1.1639471542020537e-05,0.0018050541516245,-0.0018083182640144,,-0.0018050541516245,,0.00037588400565,1.124709649264101,0.964954523415062,-1.3838657252140494,-1.4779697125495304,-2.083570823268043,1.168818650406771
US3202181000,0.62522865725899,First Financial Corp,6.4086896326238305,0.09755951576687766,926.72668685,579.416082065298,40,401010,small,1.1559097866043884e-05,,,,,,0.020205329531715,0.3575311018614134,-1.311588637540937,0.577015888455304,0.5389770088225498,0.8087553118349184,0.1988658167780915
US9103401082,0.62490517703296,United Fire Group Inc,9.484522769758126,0.06588683397181579,1142.83180856,714.1615136470846,40,403010,mid,1.4254585420945318e-05,,,0.0017921146953405,,,0.0255984914310025,0.8280346604121478,-2.02543612824963,-1.3418993117866602,-0.4944558356032174,-0.0519180405542076,1.0487042663662285
US0235761014,0.6247150316729599,Amerant Bancorp Inc,7.078422727738442,0.08825624799503273,949.8839595700001,593.4067878884092,40,401010,small,1.1847939425782496e-05,,,,,,0.0280834862936302,0.634604390851599,-1.790411167322558,0.9233205182603296,1.7050956989176478,0.7895399475843766,-0.1360685076933585
US91359V1070,0.62393770681852,Universal Insurance Holdings Inc,9.47424280230901,0.06585620823085274,1076.98814685,671.9735146163165,40,403010,mid,1.3433314877683443e-05,,,0.0017921146953405,0.0018050541516245,,0.0584345243681729,1.4083510645760104,2.612517408006968,-0.4390215353790918,2.0057197022070143,-2.813941767905331,0.8627210916174876
US0138721065,0.6231425047556,Alcoa Corp,14.488462654729668,0.04300956696410982,13133.55132414,8184.074068460826,15,151040,large,0.0001638152944537,,,,,,0.0208503272513956,0.9917386562871796,-0.7477222266207915,-1.2662800041730222,-1.8066996573371,1.742272395681561,-0.2102581155617445
US47103N1063,0.6226881638013899,Janus International Group Inc,13.895441088258767,0.044812407166228266,666.79460757,415.2051098204317,20,201020,small,8.316954971535745e-06,,,-0.0017921146953405,,,-0.0170036317362393,1.6157491261878607,2.688990660031223,1.116941554503801,2.804287744976966,2.896460620811459,0.8077130167686658
US9388241096,0.6201479944713799,WaFd Inc,5.348296047285692,0.1159524433555077,2762.05765728,1712.88451677651,40,401010,mid,3.445125216009141e-05,-0.0018050541516245,,,,,0.0046613837569541,0.3802584691595295,-0.4274157989231287,1.305927866179161,0.7239596634978136,-0.0949769873539113,0.3573290927472347
US92338C1036,0.61848149694299,Veralto Corp,6.1642543052337455,0.10033354665752024,22850.9313004,14132.878197212818,20,202010,large,0.0002850205513444,0.0018050541516245,,,0.0018050541516245,-0.0017921146953405,0.0011921109959206,1.0518668251657912,0.0344837553611086,0.1008483404872503,1.5736348081891527,0.958613452262429,0.3104440008225769
US46625H1005,0.61765317912288,JPMorgan Chase & Co,5.57511717742381,0.11078747934196596,959819.0593809,592835.2934093452,40,401010,large,0.011971860310605,,,,,-0.0017921146953405,0.0268514751444095,0.633687611475441,1.7897694869954788,1.4030399322771283,1.8777191504932924,-0.5971217809950329,-0.0802491834157371
US0316521006,0.6168883876464001,"Amkor Technology, Inc.",19.95061702584108,0.03092076735508351,6756.146404749999,4167.78826232925,45,453010,large,8.42696758364381e-05,,0.0018083182640144,0.0017921146953405,,,0.0506588373754828,2.614384465348908,-1.3071912147209392,3.2866360016150606,2.054046013525712,0.6442159245302954,4.151214721516574
US83190L2088,0.61432553283916,SmartFinancial Inc,6.544345929000954,0.0938711888863952,761.77821798,467.9798096658293,40,401010,small,9.501689223800873e-06,,,,,,0.0336453425944203,0.6006552008523274,-0.2950368815052437,0.9809976919499224,1.541302485592481,0.4281459983458485,0.2494439216810935
US2058871029,0.6127285758779499,"Conagra Brands, Inc.",7.772860964387847,0.07882922114331238,7456.732546499999,4568.953113919703,30,302020,large,9.30081139228694e-05,,-0.0018083182640144,-0.0017921146953405,-0.0018050541516245,,-0.0112896085514448,1.151687814176087,-2.549171235097756,-2.644469662874324,0.0176152356242186,3.5686333530201577,0.6168558436585703
US9204371002,0.60938678142083,Value Line Inc,7.7209400531007,0.07892650081852437,29.084902539999998,17.723955146789123,40,402030,small,3.627771161171114e-07,,,,0.0018050541516245,0.0017921146953405,0.0185315697145538,-0.1346646771670998,0.2241482808751129,1.0375731905141634,1.3150906073147457,1.6709106123422393,1.2649039830673714
US0389231087,0.60655670513382,Arbor Realty Trust Inc,11.043520544092033,0.054924215761821576,924.2793904800001,560.6278617126443,40,402040,small,1.1528572643613745e-05,-0.0018050541516245,,-0.0017921146953405,,,-0.0490836974213891,1.0173395637739753,0.6402206354501803,1.4053615996950364,2.9834875036156308,0.4249179627336214,1.4614774599464715
US57667L1070,0.60621880382999,Match Group Inc,7.2365093574764785,0.08377226835251288,8662.632266699999,5251.4505707379485,50,502030,large,0.0001080493478489,-0.0018050541516245,,,-0.0018050541516245,,-0.0109862066851004,1.5874875637685792,0.2425597244118436,1.5497491830630117,2.250946107342936,-1.545163199399397,0.59479037333631
US55261F1049,0.60304403897587,M&T Bank Corporation,6.105870544919227,0.09876462898114842,36539.611418559994,22034.99485245724,40,401010,large,0.0004557599887513,,,,,-0.0017921146953405,0.0212150858090831,0.6811670758410437,-0.8758119296308993,0.6558677811085301,1.1475987248884718,1.653971048671976,0.2703711109543706
US7323441060,0.60143185661107,Ponce Financial Group Inc,4.918062718302949,0.12229039991149261,406.33821582,244.38474755265227,40,401010,small,5.068272307277672e-06,-0.0018050541516245,,,,0.0017921146953405,0.0126643656887864,0.1783812936015668,-0.8783025201332912,0.609794608304946,-0.0558805320034874,-0.2000215284673026,-0.1595113479354034
US3193832041,0.60140505178489,First Busey Corporation,5.771609594508086,0.1042005773150614,2447.21786048,1471.7691841108822,40,401010,mid,3.052424317785669e-05,-0.0018050541516245,-0.0018083182640144,,,,0.0158084879377106,0.5130955186404793,-0.5762102850164497,0.2737286923605532,0.746993472667058,0.3112000554220503,0.2955075307315944
US1941621039,0.60072086974305,Colgate-Palmolive Company,5.0395880612315915,0.11920039146934636,73198.113,43971.63410491005,30,303010,large,0.00091300289911,0.0018050541516245,-0.0018083182640144,,0.0018050541516245,-0.0017921146953405,-0.0111888316009171,1.3060560889551889,-3.384243907605092,-2.83158117896488,-0.8497875607207198,2.582112054322023,0.9801763199025062
BMG667211046,0.59827810977138,Norwegian Cruise Line Holdings Ltd,13.186407480647304,0.04537081920526327,8684.8158672,5195.935220740905,25,253010,large,0.0001083260447573,,,-0.0017921146953405,0.0018050541516245,,0.0305144500887804,1.0454598159892792,2.405832702614859,0.7880571809617324,3.099074189969925,3.024167241602893,1.3945669965556813
US53803X1054,0.59317976225734,Live Oak Bancshares Inc,8.422563121824385,0.07042746414334419,1534.2107417500001,910.0627630439224,40,401010,mid,1.91362700164633e-05,,,,,,0.001773341708703,1.2490282166332447,-2.051656664907888,1.3402864738383389,1.4613714026452698,2.513906152198961,0.4023793045161379
US2976021046,0.5913020644502001,Ethan Allen Interiors Inc.,7.828415192434756,0.07553279302579967,523.8439827000001,309.75002842032495,25,252010,small,6.53392628969105e-06,,,-0.0017921146953405,,,-0.0089943551082267,0.1285736791004345,-0.128030314269908,1.3480367103241255,1.7285818861409048,0.7123381484298192,0.6087296219597658
US8117078019,0.59102738487898,Seacoast Banking Corporation of Florida,6.84472991350121,0.08634780222857007,3433.0033656,2028.9990014513048,40,401010,mid,4.281998397209363e-05,,0.0018083182640144,,,,0.01210612192693,0.5110916812595391,-0.5109094790245912,0.4572547635641555,0.7477948162990044,1.0893764054270167,0.0914702236446076
US76009N1000,0.58758299777828,"Upbound Group, Inc.",12.708307346318458,0.046236133716777025,1024.6852357099997,602.0876225776251,25,255040,mid,1.27809386408436e-05,,,,,,-0.0176465548048986,1.5673830954751824,-1.691808039704829,-0.2877055683992362,1.8841837157412131,2.199828673449641,1.864857277469172
US69888T2078,0.5862381890982099,Par Pacific Holdings Inc,16.368827235193912,0.03581430609993637,3907.460936,2290.702823092636,10,101020,mid,4.873791162795997e-05,,,0.0017921146953405,0.0018050541516245,,0.1053129034042261,-1.4115756236534267,0.9516054495193093,0.980332416079526,1.393616912993754,-6.300312675413668,-2.030937400657166
US87615L1070,0.58607465605502,Target Hospitality Corp,19.822781428389593,0.029565712469374325,557.31715853,326.6294619990308,25,253010,small,6.951438508554012e-06,,,0.0017921146953405,,,0.0628319585118085,-0.3110908635562794,3.5526802590828352,5.757055553596565,2.4304790897192734,-3.466267772909505,1.9097849440576384
US0008681092,0.58535555246231,ACNB Corp,6.012863686506104,0.09735054426328475,636.41746971,372.53049957876243,40,401010,small,7.938059754211672e-06,,,,,,0.0178340092076974,0.5397055990554216,-0.9211024642544604,-0.6941630199733697,-0.3267890840618407,0.3273987188335803,-0.0874386591479272
US9871841089,0.58180568584833,York Water Co,5.433711784325069,0.10707334303720292,534.4312870800001,310.9351615183852,55,551040,small,6.665982147370072e-06,,,,,,-0.0008735733462631,0.4311145320657978,-1.317416385548703,-1.199862447520228,-0.6236862412856778,1.8236090301359449,0.0225778379364512
US0381692070,0.58127670224272,Applied Digital Corp,27.28290555951163,0.02130552777726673,7382.853166989999,4291.480542050168,45,451020,large,9.208661356018812e-05,,0.0018083182640144,0.0017921146953405,,,-0.0136183920292242,1.054871000954369,-2.688405362811469,-2.2277287090685616,-7.265046091914514,1.784545961426177,1.0354689005488662
US0323325045,0.57999458591919,Amtech Systems Inc,25.00308534738488,0.0231969206144334,264.35538888,153.32469430896205,45,453010,small,,,,,,,0.0741880349453189,1.4001115568571765,0.3736550661376263,8.289475100704742,2.55168838868656,1.6668741844031771,0.7460166495418268
US7462283034,0.5798934590286601,Pure Cycle Corp,7.012272994958341,0.08269693142945088,250.52496591999997,145.27778906038597,55,551040,small,3.124807605141633e-06,,,,,0.0017921146953405,-0.0015717173011044,0.7019524633183273,-0.5601272117777647,1.0460791109419685,0.7375354166317898,0.6635903349026622,0.9300501506760898
US76680V1089,0.57837694924485,Ring Energy Inc,16.500433913184786,0.03505222664373049,269.11776851999997,155.6515139441793,10,101020,small,3.3567163522480185e-06,-0.0018050541516245,-0.0018083182640144,,-0.0018050541516245,0.0017921146953405,0.0358046016672547,0.4269810610290885,-4.359933511833964,-1.3246848588390074,0.698947961300306,4.062149070067142,0.7713031831732946
US55306N1046,0.57705488936328,MKS Incorporated,14.58611846341663,0.03956192257800376,20879.734629599996,12048.752956618471,45,453010,large,0.0002604337389062,0.0018050541516245,,0.0017921146953405,,-0.0017921146953405,0.0415851067566397,0.8178903828336385,-6.142868217899992,-2.556708580055484,-3.377730435786517,3.5243271886373257,2.939501951115427
US6412881053,0.57607826527369,Neuropace Inc,15.691000651364819,0.03671392781591543,366.55604001,211.16496765455412,35,351010,small,4.572067687256424e-06,0.0018050541516245,-0.0018083182640144,0.0017921146953405,-0.0018050541516245,0.0017921146953405,-0.0334703292259303,1.6618696534454236,-6.0878993930683,-2.248983829173108,-2.756478286036149,-0.9880951739536414,1.6867729561668248
US6800331075,0.57607760460585,Old National Bancorp,6.369805659052917,0.09043880385693008,10425.49581058,6005.89465338725,40,401010,large,0.0001300376131242,,,,,,0.0042367180571226,0.7405506467589911,-1.4632281149218025,0.4840863711869825,0.5862634237889074,1.35300889407692,0.1742186316762131
US59100U1088,0.57552462053585,Pathward Financial Inc,7.827918719248328,0.0735220486028647,1773.6684084800002,1020.789837746877,40,401010,mid,2.2123034770066005e-05,,,,0.0018050541516245,,-0.0011103307368779,0.4588455443823654,-4.0247508451418845,-0.9252577047964736,0.0899794033160649,2.972725033981665,0.9584572150621272
US8941641024,0.57301048876177,Travel + Leisure Co,8.149355353779336,0.0703135970744031,4362.0668127,2499.510036356723,25,253010,mid,5.440822833926077e-05,-0.0018050541516245,,,-0.0018050541516245,,0.0196841477718435,0.4917899995896022,-0.1278760751542598,-1.118532089237496,0.3824895823381652,0.2920895764413176,0.6373944001571055
US58506Q1094,0.57104623304738,Medpace Holdings Inc,12.71734934182102,0.04490292888074512,12929.573726830002,7383.384371614647,35,352030,large,0.0001612710739804,0.0018050541516245,0.0018083182640144,,0.0018050541516245,,0.0130399537276172,-1.065196763886558,0.1120935306466717,-0.2674140090234419,-2.064887370843199,0.07087732616453,-1.432131264915749
US45687V1061,0.5710434537587,Ingersoll Rand Inc,8.526373678375121,0.06697377751657775,32263.654024620002,18423.94842509479,20,201060,large,0.0004024258065281,,,,,-0.0017921146953405,0.0136384455383293,1.531977008435563,-1.2347292078263592,-0.8700012988107177,2.076507675643171,1.327134676869633,1.5124785532192964
US1729221069,0.56958067630055,Citizens & Northern Corp,6.267029611273766,0.0908852696779876,445.73662305,253.88296720874231,40,401010,small,5.55969016693356e-06,,,,,0.0017921146953405,0.0285251394205748,0.5509599735591186,-1.0651807943427412,0.2334981886185009,1.3475555467405376,1.391855445504356,0.421195032199866
BMG0772R2087,0.5684570341149999,Bank of NT Butterfield & Son Ltd,4.929188075250482,0.11532467932583666,2521.88358093,1433.5824607987831,40,401010,mid,3.145555160154507e-05,,,,0.0018050541516245,,0.0363144523057818,0.1759007260326732,0.7925587937922456,0.9693496976538862,0.881208969141813,0.5664149771433626,-0.0129615158638728
US7512121010,0.5672035609475999,Ralph Lauren Corporation,9.002916897087703,0.06300219889079295,22688.6999,12869.111376551455,25,252030,large,0.0002829970328024,0.0018050541516245,,,0.0018050541516245,-0.0017921146953405,0.0008719095914474,1.0249747963167444,-1.3294850676870276,-0.8260465744159787,-0.0040257140328981,-0.3795049836916012,1.3186626007551612
US5528481030,0.56579384517936,MGIC Investment Corporation,5.455779977467377,0.10370540005574175,6269.353053399999,3547.1613708701475,40,402010,large,7.819788350689993e-05,,,,,,0.0311901901233074,0.7161426252275234,2.2579776799046622,2.1127490859044515,2.986506702639629,-0.9610262703565162,0.0799111691742309
US74743L1008,0.56532893796526,Qnity Electronics Inc,12.68299072528281,0.044573787855754665,29753.450435520004,16820.486535514527,45,453010,large,,,,,,,,,,,,,
US00751Y1064,0.56298852612453,Advance Auto Parts Inc,15.232566340128814,0.03695953219920584,3377.6881385600004,1901.5996668362018,25,255040,mid,4.213003500233736e-05,,,,,,-0.0538251557062931,0.9927587001738448,-5.918511777259621,-1.6879634069944724,-1.2649391985441514,1.1966811711213856,2.370048427330092
IE00BLP1HW54,0.56286373778154,Aon PLC,6.066845464058419,0.092777002664085,73211.53888584,41208.12042602246,40,403010,large,0.0009131703607042,0.0018050541516245,,,0.0018050541516245,-0.0017921146953405,-0.0032421442336319,0.6702758744829376,-0.0844615513473504,0.2156311105640711,0.9089865872657308,0.0286316517564698,-0.3629810642737621
US2017231034,0.55793134870246,Commercial Metals Co,9.018809412102298,0.06186308227711016,7852.5057195,4381.159106774416,15,151040,large,9.794460804176834e-05,,0.0018083182640144,,,,-0.0115952999009111,2.012427849250215,-1.768119318942381,-0.6600075335458666,-0.3532112992697898,1.8014881262661968,0.0181668404390661
US21833P3010,0.55654121102572,Corbus Pharmaceuticals Holdings Inc,21.537797890069545,0.025840209563964985,175.64065935,97.75126526000494,35,352010,small,2.1907727483105723e-06,,,,-0.0018050541516245,0.0017921146953405,0.0104919101576207,0.5174424554338479,0.9033708810756264,0.9366721802297416,1.3486900799334705,-1.8703733284191293,1.5078893718630928
US8318652091,0.55529475078961,A. O. Smith Corporation,6.694465632956043,0.08294833094010688,8399.93156874,4664.437907113255,20,201020,large,0.0001047726718663,,,-0.0017921146953405,0.0018050541516245,,-0.0005569078924441,1.2169957103263414,-1.6028656446300924,-1.0386588271640298,1.3777744218165358,2.782507412147588,1.3239502756549943
US1746101054,0.55332043568125,Citizens Financial Group Inc,6.575705374826023,0.08414617202886611,31241.880200320003,17286.77076394248,40,401010,large,0.0003896811820346,,,,,-0.0017921146953405,0.0336456345813274,0.4669923026656186,-0.324308472234495,1.2884625707979684,1.3621571105667751,1.1055602931004902,0.3439888507146297
US8946501009,0.55200356318595,Tredegar Corp,14.329987318052677,0.0385208689257209,210.98296359,116.46334767321156,15,151040,small,2.631598678240636e-06,,,,,0.0017921146953405,-0.0204327628539996,2.492649479989858,-4.100132868784048,-0.8751334839040912,1.6258295545173804,2.1828816839345566,2.7452938642036857
US8552441094,0.5517082448609401,Starbucks Corp,8.468554357667145,0.06514786604179283,122561.21147820001,67618.03087266823,25,253010,large,0.0015287107387323,-0.0018050541516245,-0.0018083182640144,,-0.0018050541516245,-0.0017921146953405,-0.00193335043297,1.636179562771091,-2.34834106186685,-1.3319450455333692,0.4359122504537266,1.2941660284266026,1.1489978044269982
US38526M1062,0.54929759453275,Grand Canyon Education Inc,8.332289727470101,0.06592396718057125,3672.16272864,2017.1101535747714,25,253020,mid,4.580302797221482e-05,,-0.0018083182640144,-0.0017921146953405,0.0018050541516245,,-0.0036205700773463,-0.8024178382163575,1.617202798660306,3.082996965962669,1.6581344946026175,0.5552597946803493,-0.3800675791282339
US76171L1061,0.54655071157988,Reynolds Consumer Products Inc,7.381342804363949,0.07404488940098432,1428.8979958799998,780.9652164232783,30,303010,mid,1.7822700057459654e-05,,,,,,0.0094331651072096,0.7673268230207811,-0.9415000988217884,-2.0589598752692373,-0.2873614942700139,1.3197980613673204,1.4648073330467488
US98419M1009,0.5457031838243,Xylem Inc,6.050492141945446,0.09019153665884067,27870.6272245,15209.090011589866,20,201060,large,0.0003476314130664,,,,,-0.0017921146953405,-0.0021708610671189,0.530690672119297,1.0306720598449668,0.3187830788548735,1.0638812210564073,0.7704090644568977,0.2027388171860351
BMG611881019,0.54360112010532,Liberty Global Ltd,9.117844595204927,0.05961947633887068,3413.2175429999998,1855.4288795379282,50,501010,mid,4.25731946403102e-05,-0.0018050541516245,-0.0018083182640144,,-0.0018050541516245,,-0.0269352191660374,0.7330189792956261,-1.5570099525169163,-1.966848882607671,-0.7545439431101308,0.1547831584573444,0.8403665032200706
US60784B1017,0.5416333833504501,Modiv Industrial Inc,5.66237221970702,0.09565485318421456,170.14779936000002,92.15772823699035,,,small,2.122260092864444e-06,-0.0018050541516245,,,,0.0017921146953405,-0.0145840183275048,1.15712845849501,-1.5469776908252342,-0.5727763151848118,-0.6271722491751451,0.7212365570280859,0.3483621031143056
US0113111076,0.5411608481179,Alamo Group Inc.,9.700271760011905,0.05578821516617343,1978.82136288,1070.8606470099596,20,201060,mid,2.4681915517827903e-05,,,-0.0017921146953405,,,0.0104884636791195,1.5981750075951893,-1.0001475424036326,-0.908237377289828,2.403485952045272,4.35773178209981,1.753102117262639
US1564311082,0.53934154816048,Century Aluminum Company,17.882874346307897,0.030159667719850226,2562.9493337599997,1382.305061526989,15,151040,mid,3.196776632746195e-05,,0.0018083182640144,0.0017921146953405,0.0018050541516245,,0.0600375907852577,1.285576175762758,1.038579761326934,1.098689948422379,0.6125544657955957,0.1809371300915808,-0.07572447872708
US2166485019,0.53529360059674,Cooper Companies Inc,7.92411727518148,0.06755245814865614,14764.153425909999,7903.156847118058,35,351010,large,0.0001841538576378,,,,,-0.0017921146953405,0.0233884926413824,0.778914705713659,-0.7220657235140084,-1.91507056499396,0.3735595239708036,1.890726251144122,0.4172447728660774
US90278Q1085,0.53511462167632,"UFP Industries, Inc.",8.793229257894989,0.06085530195813649,4858.73828016,2599.9818966120715,20,201020,mid,6.060323079371261e-05,,,,,,-0.0006198763374025,1.0878221541719673,-1.875023400355288,-0.9168789242412332,1.2001309828643427,3.0524335154266367,1.5134394150006176
US1778351056,0.53504888928044,City Holding Co,4.628290744610972,0.11560399266261162,1983.5393615799999,1061.290532257412,40,401010,mid,2.4740763298386096e-05,,,,,,0.0152204173722481,0.2750156533177927,0.1582682094320294,0.9996402633003986,1.1725288988719422,0.024747320643071,-0.1853362034230987
US4424874018,0.52537382285577,"Hovnanian Enterprises, Inc.",15.564498688480473,0.03375462540561022,701.5043524,368.5520233703492,25,252010,small,8.749890963439818e-06,-0.0018050541516245,,,,,-0.0178802243971435,1.2933411714455203,-4.736792060460106,-2.9075150005592443,-0.293577535789792,2.6954244620266588,3.451125003504112
US4618041069,0.5239311000067199,Investors Title Co,8.812090704553547,0.05945593589226045,405.4004808000001,212.40191984879718,40,403010,small,5.056575902045791e-06,,,,,0.0017921146953405,-0.0089892825237466,0.8335193851187546,-1.3417196440210073,0.4972968489388518,0.4295382820678188,-0.5493539881016015,0.5362189885351996
US74317M1045,0.5226785378486201,Proficient Auto Logistics Inc,21.407935828903835,0.024415176784252493,132.82116366000002,69.42277161716109,20,203040,small,1.6566835197617162e-06,-0.0018050541516245,-0.0018083182640144,,,0.0017921146953405,0.0034381102570275,0.7164222728767746,0.798947815917,2.0384468624730725,3.00842715624324,0.4448802518645383,0.5669977330094541
US1096961040,0.52194704220725,The Brink's Company,8.729493332704454,0.059791218380545734,4659.074358749999,2431.790080973202,20,202010,mid,5.8112814967077576e-05,0.0018050541516245,,,0.0018050541516245,,0.0017457083381144,1.7976833670368118,-0.0319432880133853,0.6570330813903095,1.896913791299152,0.2823242041714582,-1.234427523486602
US87877F1030,0.52144009493713,Tecnoglass Inc,10.443272133638951,0.04993071982271849,1062.2942875800002,553.9228341668861,20,201020,mid,1.3250037801775416e-05,,,-0.0017921146953405,,,-0.0261069032862104,0.2794549845100321,1.7929396242218811,2.4341802164829254,2.233464095793982,0.4437199390492251,0.1614098461743213
US3434981011,0.52034967228524,Flowers Foods Inc,9.817034681482792,0.053004770704002946,1470.45056639,765.148470332682,30,302020,mid,1.8340986879158275e-05,,-0.0018083182640144,-0.0017921146953405,,,-0.0405230802220242,0.7255345962966784,-0.7395735550694218,0.7163611414792552,1.2836800715691965,3.955164359290055,0.7414083403301355
MHY2685T1313,0.5184626514202799,Genco Shipping & Trading Ltd,9.668151135338473,0.05362583229850689,1038.06537681,538.1981276085046,20,203030,mid,1.2947829659124393e-05,,,,,,0.01847856169514,1.331782179247695,-2.658636633518683,-1.8704569843947565,-0.0266273688617021,0.7569385516985643,0.7508488805746394
US8004221078,0.51635083861395,"John B. Sanfilippo & Son, Inc.",7.815529322471206,0.06606728953461136,857.68620902,442.8669932950966,30,302020,small,1.0697953311474069e-05,,,,,,0.0133128240199417,0.7158866171046246,-3.342890321406858,-1.5140092627046156,-0.0544364063811965,2.1620533107851823,1.504156768002293
MHY7388L1039,0.51498312398739,Safe Bulkers Inc,8.931560090532862,0.05765880974514787,426.49303005,219.6367129739968,20,203030,small,5.319664085956656e-06,-0.0018050541516245,,0.0017921146953405,,0.0017921146953405,0.0314616191247702,1.891580416187013,-3.31139817704799,-2.9011150218470583,0.2056048061112415,0.3644631185109166,0.675109417444171
US9293281021,0.50927191328583,WSFS Financial Corporation,6.3816819468974995,0.07980214581728194,4120.05374085,2098.227651443121,40,401010,mid,5.13895899186011e-05,,,,,,0.0151295985636256,0.6693127386465572,-2.316854048641272,0.2431617292445327,0.5228799352709161,1.4086686153887722,0.5984578763794366
BMG3198U1027,0.50765589390754,Essent Group Ltd,6.041248489787062,0.08403161941869296,5941.58140311,3016.2788184202227,40,402010,large,7.410957501511043e-05,-0.0018050541516245,,,,,0.0213336090367352,0.6331263376793517,1.051208465363834,1.6940230269660126,2.2030632297608554,0.1228266290818894,0.3002206693630116
US4378721041,0.5063418921960999,HomeTrust Bancshares Inc,5.3579757644664046,0.09450246034222702,751.7356691200001,380.63526113352214,40,401010,small,9.37642812282639e-06,,-0.0018083182640144,,,,0.0102122297441849,0.1693513641271128,0.0814388513184315,1.136123437165102,0.7183394618660099,-0.5897735471168393,-0.1560330734508764
US74762E1029,0.50615150030294,Quanta Services Inc,8.38831732851028,0.060340051583722076,100065.2501052,50648.176468935904,20,201030,large,0.0012481177410437,0.0018050541516245,0.0018083182640144,0.0017921146953405,,-0.0017921146953405,0.0163331617562207,1.0748022136195616,-1.8009939838199327,-2.513244042483469,-1.617244514588433,-0.4205899199791634,1.1887174398694538
US7075691094,0.50559675854482,"PENN Entertainment, Inc.",13.245688125850624,0.03817066759695817,2486.7394365000005,1257.2873984399725,25,253010,mid,3.101719732660176e-05,,-0.0018083182640144,,-0.0018050541516245,,0.0043766804320122,1.7161891291624198,2.3837900817334923,1.739871903165398,3.421969143256514,-2.532978527477473,2.005898639120479
US12503M1080,0.49982834885662,Cboe Global Markets Inc,9.786527783279213,0.051073103752957455,30864.770586659997,15427.087320168635,40,402030,large,0.0003849774792143,,,,0.0018050541516245,-0.0017921146953405,-0.0017878995454591,2.3586057405366097,-0.6727187237297046,-1.806444141254179,0.2654299929119783,-1.4812084540083728,-1.1488671725777535
US8326964058,0.49432095580348,The J. M. Smucker Company,6.83105489640453,0.07236378030919673,12601.421952,6229.146943795595,30,302020,large,0.0001571780241805,,-0.0018083182640144,,,,-0.0003347367919918,1.3492002388886697,-1.901854777187863,-2.2042044918591484,-0.0221535901345739,1.687011258982032,0.968137236090907
US14149Y1082,0.49304243943215,"Cardinal Health, Inc.",8.238047495329775,0.059849429092471276,54549.24716381,26895.093890832173,35,351020,large,0.0006803948730868,-0.0018050541516245,,,-0.0018050541516245,-0.0017921146953405,0.0380231080421627,0.4585261078233343,-0.8372393043195188,-3.222591799117093,-1.1678781850272302,0.6159737619578425,1.0010119447433434
US84472E1029,0.48819144597570996,SouthState Bank Corp,5.895642989282331,0.08280546275668176,10683.21262016,5215.453016701864,40,401010,large,0.0001332521248739,,,,,,0.0105606828498229,0.7214863891302996,-1.039150028374622,0.7720921117644912,1.1664520925414088,2.2463057367711907,0.1885069792364993
US18270D1063,0.48368500000823,Claros Mortgage Trust Inc,14.512830561317918,0.03332809529916446,211.58130447,102.33870325431326,40,402040,small,2.639061807216325e-06,-0.0018050541516245,-0.0018083182640144,-0.0017921146953405,-0.0018050541516245,0.0017921146953405,-0.0786216214244218,0.2963314079318291,-0.5013611336145541,1.223033678134732,-0.1665498671004703,-0.2049448495077373,1.0811666197438512
US6287781024,0.48342604547679,NBT Bancorp Inc.,5.753075759429956,0.08402914644125777,2697.37831818,1303.9829335125921,40,401010,mid,3.364450425784938e-05,,,,,,0.010618367410706,0.2157814490885768,-0.761082261009754,0.3546466320170698,0.1688415759198495,0.8336884393235751,-0.2565857811343483
US4710241096,0.48269918327874994,Janus Living Inc,8.007606924490167,0.06028007965806622,3255.340567200001,1571.350233081623,60,601050,mid,,,,,,,,,,,,,
US0028241000,0.48240482809952,Abbott Laboratories,6.576810604726078,0.07334935686803346,191435.5416644,92349.42956875337,35,351010,large,0.0023877829273045,,0.0018083182640144,-0.0017921146953405,,-0.0017921146953405,0.0116589857986239,0.5334998825421813,0.9515229513214672,-0.9017773572091348,1.3886068782434131,0.2413826944915532,-0.2520088107511807
US88422P1093,0.47881816782646,Third Coast Bancshares Inc,6.752081383847692,0.07091415825820573,699.11470498,334.7488221390597,40,401010,small,8.720084798596321e-06,,0.0018083182640144,,,,0.0134690297487932,0.475616932065442,-0.722702109160191,0.0830566967126827,0.5622503777224608,1.370942746741216,-0.2022477691930512
IE00BWT6H894,0.47327273759641003,Flutter Entertainment PLC,11.343029094723358,0.04172366425618805,17654.678335500004,8355.477947226118,25,253010,large,,,,,,,-0.055412225660069,-0.6761614157329143,4.262946536414974,5.735206705061087,2.8260985247583603,-1.3641980960104847,-1.5545247735352168
US8631111007,0.46984884852554,Strattec Security Corp,11.795732669469615,0.03983210383714692,328.21571203,154.21177436528572,25,251010,small,,,,,,,0.0011452427482249,1.2369337737544543,-2.436166832010055,-2.1293966154137087,-0.1098887314883747,-0.2453867890113897,0.3856179728587055
US49926D1090,0.46554014062102,Knowles Corp,9.103220653387096,0.05114015779105644,3215.56184705,1496.9731144512436,45,452030,mid,4.010782748763548e-05,,,0.0017921146953405,,,0.0177467896166464,0.9136763198226704,-1.4226664115957428,-0.6971785712723185,-1.14086849657715,0.4192694190051483,1.418398873798261
US4943681035,0.46272971128869,Kimberly-Clark Corporation,6.488657817832828,0.0713136251409292,36621.49638483,16945.854449112194,30,303010,large,0.0004567813431078,0.0018050541516245,,-0.0017921146953405,0.0018050541516245,-0.0017921146953405,-0.0011394991242568,0.8403778565251037,0.0479894664524994,-1.3127843855468848,0.8858181719483693,0.9916092502433697,1.065252337994574
CA36168Q1046,0.46073452829496,GFL Environmental Inc,8.040445947876522,0.05730211126120931,14618.63793152,6735.311251693676,20,202010,large,0.0001823388372391,,,-0.0017921146953405,,-0.0017921146953405,0.0029098440348187,1.1823926239731006,-0.3863951480208281,-0.5032254081792438,2.221533379740606,0.6377823373331195,0.7911655172089322
PR67103X1020,0.46056891009751005,OFG Bancorp,6.626144495226004,0.06950782773139647,2245.20038124,1034.0694925382209,40,401010,mid,2.800447133323233e-05,,,,,,0.0207873771067727,0.6032158990243339,0.7827561176669112,2.2206263161159328,2.2181018161853148,-0.5887559544162696,0.0170239416337501
US5915202007,0.45985008991771004,"Methode Electronics, Inc.",20.982694884044882,0.02191568301683581,570.62819586,262.40342717580165,45,452030,small,7.1174675928345394e-06,-0.0018050541516245,,0.0017921146953405,,,0.0331352575876241,2.808418604634296,-6.10093999688037,-1.380878906135626,-1.0571952489759129,4.410732160704988,4.627000839561312
US29270J1007,0.45922957733977,Energy Recovery Inc,15.30872732950572,0.02999789384547078,412.77190656000005,189.55706818727987,20,201060,small,5.1485199811159e-06,,-0.0018083182640144,-0.0017921146953405,,0.0017921146953405,-0.0220466219766492,0.1398795194188779,2.076243632045763,3.050305240014348,2.021756064125737,0.0630138528303665,0.09043398753672
US0929151076,0.45499393612153,Blaize Holdings Inc,34.273264883046515,0.013275476896471442,50.3024387,22.88730458062498,45,453010,small,6.274242665983428e-07,,0.0018083182640144,-0.0017921146953405,-0.0018050541516245,0.0017921146953405,-0.1105686843420374,-3.9632217365446847,7.458728769166994,7.822088293067927,0.5556480080135038,-9.447013908484788,0.8986570242124486
US8147853092,0.45383918227963,Security National Financial Corp,6.995034181289305,0.06488019508090233,177.86685645,80.72294868591634,40,402010,small,,,,,,,0.0040603945587975,0.2884304969731782,-0.1666114976883889,0.9469231053753572,1.1105222582795755,-0.5642485743384981,0.3582793197486665
US36120Q1013,0.45210452161925,FVCBankcorp Inc,5.161769436014472,0.08758712050655461,282.67384311999996,127.79812261804251,40,401010,small,3.5258017958898878e-06,,,,,0.0017921146953405,0.0328061099860721,0.5167905756809238,-0.9933985900915572,0.4380660750952748,1.2331977440951878,1.4566169461182072,0.3416868743300195
US2041491083,0.45140253497234,"Community Trust Bancorp, Inc.",5.818537525015636,0.07758006767707955,1415.7938900499998,639.0929509669204,40,401010,mid,1.7659252037795055e-05,,,,,,0.0166637891330424,0.5097602646698889,-1.428493631050604,0.7344127464763809,0.8142410423804138,0.5735347114509132,0.0306063241097557
US4791671088,0.45008179578616,Johnson Outdoors Inc,9.55214253394301,0.047118412878243726,461.36100759,207.65019080181938,25,252020,small,5.754573720582421e-06,,,,,0.0017921146953405,0.0316367728267157,0.9285792393573796,0.5819973164137392,0.3797550119913476,2.1595805968182105,0.7427415926882366,0.9046328978336272
US4967191051,0.44934687358217,Kingstone Companies Inc,11.489181611418232,0.03911043351735323,244.1338956,109.7008027232959,40,403010,small,,,,,,,0.065945455076493,1.9047096612835492,3.436553250751291,2.4926757861852087,4.973932068170379,-1.8336078418276456,0.9876758813746808
US90385V1070,0.44694101054129,Ultra Clean Holdings Inc,20.215746321515496,0.022108558518347324,3766.77658742,1683.5269344647666,45,453010,mid,4.6983150298074944e-05,,,0.0017921146953405,,,0.0998363756195024,1.741959691246339,-7.7641792953658255,-2.5754147987243665,0.0606121137249981,5.58329063406258,6.591050830217522
BMG611881274,0.44542491219168995,Liberty Global Ltd,8.546855063479413,0.05211565059702301,3096.0959925,1379.0782855963557,50,501010,mid,3.86177252557813e-05,-0.0018050541516245,-0.0018083182640144,,-0.0018050541516245,,-0.0336590476525613,0.6138094558585894,-1.7018793250485635,-1.7504546250378508,-0.966674739898511,0.1806909508731228,0.5841386970040287
US7110401053,0.44122142023961003,Peoples Financial Services Corp,6.779167118425944,0.06508490092246867,657.0642188,289.9108078075659,40,401010,small,8.195587455456767e-06,,,,,,0.0172311794861323,0.5114774780145305,-1.7712397468555503,0.0296249820690699,0.5633658536508274,0.6935145843650721,0.4894896139355309
IE0001827041,0.44111663456931005,CRH PLC,8.656468698805169,0.05095803495831924,64321.95067886,28373.48241239187,15,151020,large,,,,,,,-0.0128765780658969,1.2089382974877938,0.854063167169347,0.5036549587318538,1.2014322613647836,0.5097065570611715,1.1496422704843186
US7008851062,0.43812255132508005,Parke Bancorp Inc,5.4051631117046535,0.08105630529009274,341.75439976,149.73030954942254,40,401010,small,4.262715867614085e-06,,,0.0017921146953405,,0.0017921146953405,0.0355270098247684,0.2911714128614322,-1.1442115567890654,0.1969732515441771,0.506469975759978,1.2299120291453165,0.2593739501416715
US11040G1031,0.43801633536689,Bristow Group Inc,8.01596621472677,0.05464298671346385,1342.12603084,587.8731256290464,10,101010,mid,1.6740389976009888e-05,,,,,,0.0299477802261264,1.083060333207342,-1.1733084948926449,-1.2612721514149363,1.231568201450529,2.33752490583202,0.9172114005884388
CA24477V1058,0.43747734325991,Definium Therapeutics Inc,27.489276846054622,0.01591447260362175,5663.73961426,2477.7577593623723,35,352020,large,7.06440436193218e-05,0.0018050541516245,0.0018083182640144,0.0017921146953405,-0.0018050541516245,,0.1758792353429289,-0.5948504341899046,0.8320864074368601,1.0494861015993049,1.2052311140952583,0.3633787896758362,3.168237427123725
PR3186727065,0.43722011058724003,First BanCorp,5.903513743142733,0.07406099648621908,4439.17131175,1940.8949718390386,40,401010,mid,5.5369955742904114e-05,,,,,,0.027300002343328,0.5169997290138805,-0.0500430879888606,2.0755290663780546,1.7980291782785802,0.5186713271066372,-0.1120817023375495
US7097891011,0.43360421906749,Peoples Bancorp Inc,5.454128936649903,0.07950017759092863,1430.92617087,620.4556248633202,40,401010,mid,1.7847997562680488e-05,,,,,,0.0220231752790889,0.3899816250448621,-0.8209408195040171,0.584464032211638,0.8976107555503869,0.4490330139519002,0.1388176076950605
US27627N1054,0.43253606454398996,Eastern Bankshares Inc,6.180427579690413,0.06998481237210069,5331.79416682,2306.1932658749247,40,401010,mid,6.650367519398937e-05,,,,,,0.0155939787638733,0.2266147820213111,-1.627785923543564,0.1828404952900627,0.0551171298577373,0.8032489270802362,0.3323448118202809
US0846801076,0.43016866561371003,Beacon Financial Corporation,7.662968876718118,0.05613603193935219,2661.23997496,1144.7820489064063,40,401010,mid,3.31937493028836e-05,-0.0018050541516245,0.0018083182640144,,,,0.0247764597175365,0.671464528019633,-0.6136328834529855,-0.1829728778609781,1.281372905690533,1.0854384964636723,0.7656169369888306
US6777191064,0.4300537077915,Ohio Valley Banc Corp,6.445398341862125,0.0667225957158226,174.86868519,75.20292644258406,40,401010,small,,,,,,,-0.0067518118010737,0.4738106477669038,-1.609740789265356,-0.1203236164668438,-0.5113386571823061,0.4717529951637387,0.3608469616874368
GB00BDSFG982,0.42728630457669997,TechnipFMC PLC,9.040077707492967,0.04726577783977886,30532.2449562,13046.010117765285,10,101010,large,,,,,,,0.0606841031606434,0.7929274971338488,-3.025216908619193,-2.0119458128914296,0.0592502333810807,1.7858313134637194,0.9369007154258462
US8793691069,0.4271195955061,Teleflex Incorporated,10.959914169426307,0.038971071205793704,5794.2311791,2474.829677486025,35,351010,large,7.227166996275408e-05,,-0.0018083182640144,,-0.0018050541516245,,0.0401005605141938,1.5123790280675085,4.155505130083824,1.2546259991448605,3.702664467824501,-1.7929500488691308,0.560253135154432
US1475281036,0.42639502433835996,Caseys General Stores Inc,9.21562906205276,0.046268683501393175,31147.110414799998,13280.97290338823,30,301010,large,0.0003884991148284,0.0018050541516245,,0.0017921146953405,,-0.0017921146953405,0.0341208317336841,0.8883812997387652,-0.9833657273403688,0.0668030395966108,1.263881337335199,-1.5731515733149255,0.6506636974568334
US87157D1090,0.42494443504577994,Synaptics Incorporated,16.00633943279013,0.026548508285114264,4185.72036605,1778.6985762107324,45,453010,mid,5.220865227861543e-05,,-0.0018083182640144,0.0017921146953405,-0.0018050541516245,,-0.0290737460366773,1.8778020152060264,-2.4913942339124397,-0.3222405430244466,-2.790822179575928,0.6487167448997673,0.3056024188372827
US06211J1007,0.42076017457743,Bank First Corp,6.98219534002123,0.060261873821500764,1588.50109066,668.3779962225395,40,401010,mid,1.981343564160077e-05,,0.0018083182640144,,,,0.0132277320464636,0.5864552605542046,-1.1972628251051571,0.3470982887609486,0.7577841559567458,1.4814118206060969,0.3780234056694767
US19058X2071,0.4203497352853,CoastalSouth Bancshares Inc,5.72422524263997,0.07343347221106866,282.33104898000005,118.67778170156409,40,401010,small,3.5215261113019817e-06,,,,,0.0017921146953405,0.0232889072855858,0.2600598784252914,0.4385488979041968,1.0769626670149304,1.1158978638666637,-0.2069601764331016,0.1365934328486306
US06652V2088,0.42005603023367993,Banner Corp,5.975552837991053,0.07029576034589971,2461.0547373,1033.78088313803,40,401010,mid,3.0696831078466766e-05,,,,,,0.0107694817903586,0.3353809990855932,0.6570184157621788,1.8000986645947927,1.4578088804342522,-0.1982127825512885,-0.1334402035725672
US52603B1070,0.41562969624719004,Lendingtree Inc,18.033687249750816,0.023047405141892602,372.92933035000004,155.0005042950385,40,402020,small,4.651561984565569e-06,,,-0.0017921146953405,0.0018050541516245,0.0017921146953405,-0.0519719542129407,-1.465505585998653,0.5381809366914387,5.23856469826697,1.004167860284742,0.3587464957821987,0.5621656065250765
US9264001028,0.41501788324342,Victoria's Secret & Co,19.51481614850238,0.021266809796477104,6069.27924975,2518.8594270444573,25,255040,large,7.570235520320676e-05,0.0018050541516245,,0.0017921146953405,0.0018050541516245,,0.1595604561115952,2.4344989525097813,2.158034064013462,-1.5950599342731089,2.6656251126012185,0.3794407344469366,2.2789445816332767
US27579R1041,0.41335895814106005,"East West Bancorp, Inc.",6.601902179998466,0.06261209979654017,18517.975066779996,7654.570880486306,40,401010,large,0.0002309754203857,,,,,-0.0017921146953405,0.0178933529224274,0.8654740849319215,0.5176406487614107,1.9096623692924293,1.6347717244486009,-0.0389569184965626,0.2093502693548237
US14057J1016,0.41233720513585,Capitol Federal Financial Inc,5.855749084609112,0.07041579124686397,1005.47217655,414.5935871204869,40,401010,mid,1.2541293409635886e-05,-0.0018050541516245,,,,,0.0151931566533304,0.7336603147771393,-0.9900640552372676,0.5800045213232841,0.9284518927157314,0.1344967693924757,0.327565683374083
US74834L1008,0.40867625656254,Quest Diagnostics Inc,6.871888137313472,0.059470737648286254,25747.01629388,10522.194236637599,35,351020,large,0.000321143531661,,,,,-0.0017921146953405,0.0133148527000232,1.119532097525108,-2.0126251369684662,-1.8692959895231371,0.4191335845098117,0.3981640462483305,0.7686452486934553
US7901481009,0.40831680049265,St Joe Co,8.52406859980125,0.047901632385052656,3881.6958932000002,1584.9616475968833,60,602010,mid,4.841654325098972e-05,,,,,,0.0176868942094765,1.9881092016096356,-1.979193973936101,-2.5854137582113097,0.2447732941137933,2.494947839608109,1.7309455543152743
US55277P1049,0.40255763199893,"MGE Energy, Inc.",5.70446049876285,0.07056892270289791,3079.8162979199997,1239.8035558823863,55,551010,mid,3.841466799461711e-05,,,,,,-0.0053946503636542,0.8068939752245863,-0.6121502236727125,-0.6052920785814738,0.6557297049321948,0.7686122004968534,0.766362118332031
US3202091092,0.40091492330639994,First Financial Bancorp.,6.548237036744827,0.06122486419729507,3565.55291064,1429.4833717141466,40,401010,mid,4.447327958228571e-05,,,,,,0.0086874356783981,0.6417881644712676,-2.1810940017157137,0.5605898676407917,0.6316081246659994,1.422526354215678,0.7614558234535977
LU1778762911,0.40080498942381,Spotify Technology SA,12.407368633279843,0.03230378666663817,79763.46078339999,31969.593055697114,50,502020,large,0.0009948927363509,0.0018050541516245,,-0.0017921146953405,0.0018050541516245,-0.0017921146953405,-0.0115968577064188,1.1242949912708906,2.7770079213126064,1.565658479357234,2.3247686146526023,-1.4812793602764516,-0.3390246759406305
KYG3730V1059,0.3970431756743,FTAI Aviation Ltd,15.334325504605399,0.025892444734856773,21977.651552900003,8726.076566426627,20,201010,large,,,,,,,-0.0143434081735881,1.1876573004318665,-9.538016664058013,-6.172277141159391,-4.65622113903918,7.983565940453143,2.769012663914864
US28035Q1022,0.39605571937122996,Edgewell Personal Care Company,14.00551352617067,0.028278557486032994,1253.1230162,496.30653764173644,30,303020,mid,1.5630251926469484e-05,-0.0018050541516245,-0.0018083182640144,,,,0.0902759249144834,1.0513207364073316,0.146850271826097,0.1736694536183164,5.008966647873523,3.219486614586382,3.5358304936238163
US03969F1093,0.39563793206961,Arcus Biosciences Inc,15.314717839099147,0.02583383750365475,3555.72502444,1406.779695677605,35,352010,mid,4.435069597698533e-05,0.0018050541516245,-0.0018083182640144,0.0017921146953405,-0.0018050541516245,,0.0523428111450261,0.6929530426662559,0.5880239192980736,-2.5287018018147043,-2.646575337785181,-4.532786556912718,1.0809626950004696
US12135Y1082,0.39532989465863994,Burke & Herbert Financial Services Corp,6.389651637429648,0.06187033614522191,1313.8125327599998,519.3893701772116,40,401010,mid,1.6387234617606204e-05,,,,,,-0.0034926250389258,0.6280288241812787,-1.9637786462203035,-0.4719944003315189,0.1563279181918615,0.4294424228350455,0.5777775137144296
US25432X1028,0.38863084817185,Dime Community Bancshares Inc,6.473907519256695,0.060030336704048386,1716.3509732000002,667.0269344752963,40,401010,mid,2.14081121793676e-05,,,,,,0.0139722430769709,-0.0228489476506663,-1.758486083261092,1.355368262177176,0.3959611078412404,1.084355091864998,0.1570565786960865
US2039371073,0.38603244891722,Community West Bancshares,5.889535068533354,0.0655454877889626,614.99444562,237.40781191317666,40,401010,small,7.670849544819044e-06,,0.0018083182640144,,,,0.0059564133456519,0.1811993714406636,-1.4636073444787736,-0.1292781888161391,-0.2132163607534355,1.124727663996283,0.8350025556745979
US7509401086,0.38592518213096,Ralliant Corp,13.072243246701584,0.02952249088757872,7993.984960479999,3085.0801018253987,45,452030,large,9.970928409535232e-05,,-0.0018083182640144,0.0017921146953405,-0.0018050541516245,,-0.001183167028705,0.1893451697567755,-2.600727389347973,-0.6875536503953246,-3.4859373382465426,1.4903264703021666,-0.2241365530353113
US03464Y1082,0.38461757720088,Angel Oak Mortgage REIT Inc,6.079241573166594,0.06326736198452104,198.3894507,76.30406987044744,40,402040,small,2.4745193040967925e-06,-0.0018050541516245,,,,0.0017921146953405,-0.0059399777282092,0.9214712996780408,-0.1760578956087504,1.0498071983535495,1.7507614149182,0.8370277641099748,0.9388450512491484
US9746371007,0.37954412976735,Winnebago Industries Inc,14.983486182499764,0.025330829230559543,858.74933364,325.93326852468556,25,251020,small,1.0711213706044288e-05,-0.0018050541516245,-0.0018083182640144,,,,0.0065806923644804,1.1230382832461463,-0.1264427744950895,-0.1258676534800633,1.0000839557263526,3.7402411132127584,0.1095311986033895
US86183P1021,0.37953516279895,Stoneridge Inc,17.910234500138174,0.021190965578704285,199.12529712000003,75.5750520598285,25,251010,small,2.4836975449998034e-06,,-0.0018083182640144,,-0.0018050541516245,0.0017921146953405,-0.0259355924244174,4.192248934026869,-2.513550499355458,-2.0281033850979755,1.5215158062013523,3.691575614141232,2.496438189251764
US3846371041,0.37758602298273,Graham Holdings Co,7.508074771429663,0.05029065832156481,4711.0076889599995,1778.810657515468,25,253020,mid,5.876058140666013e-05,-0.0018050541516245,,,,,-0.0099356825523603,0.1069127122632482,-1.5768171380912075,1.529551622820558,0.4491534408801478,-0.2291305941752243,0.0508781966911383
US12621E1038,0.37757652066159997,CNO Financial Group Inc,5.1293438531807265,0.07361107608870153,4992.42848586,1885.0237773428787,40,403010,mid,6.227075390850554e-05,,,,,,0.0294976813390616,0.5849251706943723,0.9133242945263468,0.9251394819549218,1.171373241435848,-0.4723217811794585,0.1216494979765892
US0477263026,0.37259303103988,Atlanta Braves Holdings Inc,5.920203699906458,0.06293584645504126,3088.0828916,1150.5981646836412,50,502020,mid,3.851777753783177e-05,0.0018050541516245,,,,,0.0150548772542338,1.3896553133893668,0.1546422813188931,0.2029015633813055,1.6399296220128314,0.5655683417320176,1.175045974426228
IE00BTN1Y115,0.37248666668056,Medtronic PLC,6.275466238507588,0.05935601476029033,116505.3383212,43396.6851217547,35,351010,large,0.0014531755982433,,,,,-0.0017921146953405,-0.0112625388057986,0.7533062360571188,-3.1037559782759567,-1.8564591136537585,-0.3541413121753384,1.9720594140969852,0.4237727622325597
US00971T1016,0.37234233188246,Akamai Technologies Inc,17.610548202133092,0.021143142598897616,17599.31456244,6552.9698237118455,45,451020,large,0.0002195169323266,,0.0018083182640144,0.0017921146953405,,-0.0017921146953405,-0.0209334138413672,-1.6469850784258018,-5.186805657962609,-3.460517494808428,-7.533851069979313,0.8038605676052366,-2.240307701293424
US3096271073,0.36956049065095997,Farmers National Banc Corp,5.333495672797497,0.06929048288833055,926.7897090600001,342.50485961047406,40,401010,small,1.1559883944510664e-05,,0.0018083182640144,,,,0.0058792255144777,0.5821573671901372,0.2647797187880564,1.2300680888961306,1.447381606092498,-0.4271391446518163,-0.1012370300998873
US9099071071,0.36674187057601,"United Bankshares, Inc.",5.466954596486534,0.06708339425604617,6563.4767081,2407.1017254106664,40,401010,large,8.18664992461876e-05,,,,,,0.0187557796165404,0.5144599625284878,-0.8449935563172234,0.5792199369356383,0.8589416457726339,1.0379965616925562,0.1313697833351864
US0423157058,0.36601902285078003,ARMOUR Residential REIT Inc,6.480333844382213,0.056481507224829336,2361.4225103999997,864.3255597944438,40,402040,mid,2.945411445263661e-05,-0.0018050541516245,0.0018083182640144,,,,-0.0066898405811845,1.46820179075766,-0.642556512718486,-1.565366434873836,0.0413473961446618,0.3526769571148349,0.7826641750889229
US06777U2006,0.3648811251184,Barnes & Noble Education Inc,20.695443167414204,0.017630988723784363,335.61444998,122.45937811469538,25,255040,small,4.186132036149327e-06,,-0.0018083182640144,,,0.0017921146953405,0.0352191688387251,0.0286385373324564,1.9611261502178725,3.652415031774192,2.5825221153266265,-2.4544455810699057,1.6224498830272989
US6937181088,0.36446153777493,Paccar Inc,6.635316981600785,0.05492752475662479,67547.97422334,24618.63855901983,20,201060,large,0.000842528499265,,,,,-0.0017921146953405,0.0278501450671847,1.6168309239350416,-1.0084044349892425,-0.0379801612633432,2.269374026112993,1.0040122776076537,0.7841456097943399
US72348N1090,0.36308122630831,Pinnacle Financial Partners Inc,7.058449896538596,0.05143922980686765,16064.783235870002,5832.821197656861,40,401010,large,0.0002003766636432,-0.0018050541516245,0.0018083182640144,,,-0.0017921146953405,0.0051251524701477,1.1187475680179584,0.4232001352225488,1.7526232863472355,1.800649585883629,-0.0936591022122181,-0.1114665608695417
US74319R1014,0.36238384779348,PROG Holdings Inc,13.736538667384263,0.02638101610370859,1667.16639482,604.1541730668556,40,402020,mid,2.0794631027846005e-05,,0.0018083182640144,,,,0.0089045252828666,1.2614636735472464,-1.911145270817116,-0.5934165437227623,0.6522393470754082,1.7632500466317755,1.5376928937233831
US29358P1012,0.35995688449059,Ensign Group Inc,8.163130345032164,0.04409544736837982,10217.958354,3678.024454960437,35,351020,large,0.0001274489903884,,,,,,0.0249659440763731,1.240782163096109,0.2770430049035454,-2.7217999157118875,1.268316522731391,-0.0948715233955771,0.7968170227813011
US32106V1070,0.35863032241558,First National Corp,6.446072386696017,0.055635478614195134,246.90288332,88.54686065038793,40,401010,small,3.0796292285540263e-06,,,,,0.0017921146953405,0.0227584899366358,0.4223016174910046,-0.7133915871393592,0.2882796448307709,0.8155877828126472,0.1458214512686345,0.3518253407824082
BSP736841136,0.35686878339545003,Onespaworld Holdings Ltd,8.788289305070863,0.040607309455497315,2494.7138548800003,890.285498310799,25,253020,mid,3.111666255598078e-05,,,,,,0.0511086097227227,-0.2753593087822188,3.356406424148323,1.447886290444924,2.0272149710159386,-0.3642955295275051,1.050717004186872
US4440974065,0.35626837390066,Hudson Pacific Properties Inc,18.755615267333386,0.01899529121399562,731.97457334,260.7793909804712,60,601040,small,9.129947209626725e-06,-0.0018050541516245,-0.0018083182640144,,-0.0018050541516245,,-0.0681984329092233,2.05763263011511,1.2550559028707726,2.695738220712226,-0.1435826127543273,-2.612466085244241,1.1112121256036456
US74386T1051,0.35365326749704,Provident Financial Services Inc,6.335813787783624,0.055818128395587516,3109.9742911099997,1099.852569882842,40,401010,mid,3.8790829811982704e-05,-0.0018050541516245,,,,,0.0117101777467515,0.464547528293968,-1.213510792729236,0.8700213057210354,0.8219141403945756,0.951151567096101,0.1483848869582557
US42328H1095,0.3529289871883,Helios Technologies Inc,10.099540685285671,0.03494505326390665,2639.42280636,931.5288178103352,20,201060,mid,3.2921622913748766e-05,,-0.0018083182640144,0.0017921146953405,,,0.0100532548477535,0.509882853310461,-2.965158781394946,-2.403805344192264,-2.2239887011323023,2.8647566992571454,1.3709919491940064
US8287302009,0.34909984319695,Simmons First National Corporation,5.870907637393252,0.059462669958124936,3425.78909469,1195.9424357821003,40,401010,mid,4.273000009155568e-05,-0.0018050541516245,-0.0018083182640144,,,,0.0022048864587305,0.8043210163749397,-1.6044205248537315,0.6429344961268668,0.9055022861389794,1.1095267840502894,0.3980034832193797
US6673401039,0.34828176559276003,Northwest Bancshares Inc,5.2321888233623834,0.06656521340316274,2279.0999880599998,793.768967803975,40,401010,mid,2.8427302442353297e-05,,,,,,0.0079472542129052,0.1866128222618758,-0.8479512130177818,0.7544220762545435,0.2389367367511549,0.3655690662790226,-0.0030219321503488
US9030021037,0.34686267260079,UMH Properties Inc,5.223870323475275,0.06639955648248812,1311.6890128100001,454.97595660436855,60,601060,mid,1.6360747871005676e-05,,,,,,0.0091562559695563,0.7014924182517176,0.2440061749383527,0.7159972477400955,1.151149455174076,1.2740211112685316,0.2186913973805752
US45784J3032,0.3464120670617,Innovate Corp,34.67885836444913,0.009989142763039246,43.09578753,14.928900839919137,20,201030,small,5.375354273725949e-07,-0.0018050541516245,,0.0017921146953405,,0.0017921146953405,-0.0142885047892202,6.756083460701184,0.0735768366957625,8.719125314204542,5.440607038547552,-5.323989130385037,7.561047203390043
US8428731017,0.34491187526432,Southern First Bancshares Inc,6.958218141237075,0.049568994283211626,571.5883093,197.14759563982514,40,401010,small,7.129443124966011e-06,,,,,,0.0129264276482764,0.6487343205635568,-1.9200447953986128,-0.7641625900809796,-0.1853057457915322,0.6039523525734796,0.3398261201692166
US78410G1040,0.34330101948673997,SBA Communications Corp,10.07845618829948,0.0340628577505048,19481.77352128,6688.1127112652,60,601080,large,0.0002429969158458,-0.0018050541516245,,,-0.0018050541516245,-0.0017921146953405,-0.0194383205505196,2.905910360180043,0.3569415566414293,0.1061339436943078,2.4576285442350616,-0.4201721040310973,1.2791007873009943
US72814P1093,0.34292057584873004,Playboy Inc,18.67234546494245,0.018365158061828254,117.19900368,40.189949830843034,25,252030,small,,,,,,,-0.0224249121216747,2.92939103150728,-2.7447533503335886,-2.8314468134923763,2.0147179973888183,-0.1325970556912464,2.9818329300234017
US90355N1019,0.34066771101291,USCB Financial Holdings Inc,6.15967890493861,0.0553060827147621,217.96954912,74.25518736922645,40,401010,small,2.7187426302134224e-06,,,,,0.0017921146953405,0.0316302412422162,0.4287186633079498,0.4515850010954384,0.5615109534282616,1.3635493707402984,0.3479795529214416,0.0779864919082452
US1266001056,0.33773436086985004,CVB Financial Corp,6.0665596340101615,0.05567148124226027,3840.9035729400002,1297.2051133696143,40,401010,mid,4.790773906011109e-05,,0.0018083182640144,,,,0.0047831383366389,0.2232374203269837,-0.9492480590426036,0.2951680711695197,0.2735504547947133,0.5563563275859751,0.3593580100688186
GB00BYMT0J19,0.33583137861905005,LivaNova PLC,10.678422190338473,0.031449531834665666,4514.27093946,1516.0338330587658,35,351010,mid,5.630667630865583e-05,,,,,,-0.0028333572450969,1.059467488138004,-3.831311769330884,-2.96238984179832,-1.7762889811428466,1.1940531320473056,0.9924072897561966
US3205171057,0.33400484726249,First Horizon Corp,5.928426182665873,0.05633954728812968,12299.52247758,4108.100126525671,40,401010,large,0.0001534124203406,,,,,,0.0115321149547705,0.6648355437098744,0.0399812914649604,1.0881236197615602,1.1960865719392555,0.589385373526609,0.173336174670568
US28618M1062,0.33040715859614,Element Solutions Inc,10.511037016169196,0.03143430644263478,8736.8732556,2886.725467397403,15,151010,large,0.0001089753585795,,,,,,0.0220096714741624,1.194513315238367,-1.6978997079815374,-1.5631593804158503,-0.1063523342112549,1.571539855553152,2.700037200165597
US8870981011,0.32994010565515,Timberland Bancorp Inc,5.32404154214528,0.06197173764391839,331.39521728,109.34057300297458,40,401010,small,4.1335053832311e-06,,,,,0.0017921146953405,0.0218684594911364,-0.0956292401325783,-1.3583266736179382,0.6475944143761199,0.2966836140182898,0.9826311466811668,0.4146247736347774
US1491501045,0.32693834642110997,Cathay General Bancorp,5.2752958980621765,0.06197535697309553,4121.39851812,1347.4432164565658,40,401010,mid,5.1406363377585856e-05,,,,,,0.0092645085779058,0.4834846240100948,-0.8729133293260157,0.781051474835434,0.4341984351410058,0.3375868331734961,0.1831715803280905
US5732841060,0.32633365227022,"Martin Marietta Materials, Inc.",6.601601487937259,0.04943249798802781,32651.833315130003,10655.392019044819,15,151020,large,0.0004072675818565,,,,0.0018050541516245,-0.0017921146953405,-0.0125204817245302,1.068275538012499,-0.7918400035463758,-0.792315865811508,0.4959389904751532,1.7503767349101116,1.467993003763977
US98419J2069,0.32509754979819,Xoma Royalty Corporation,11.344890852050854,0.028655855224858424,704.49933645,229.0310081143457,35,352010,small,8.787247515519766e-06,0.0018050541516245,,,,,-0.0184673435840698,-0.4398850283870845,0.0009801641429996,2.7563296146815235,-0.3418109199474184,-3.780024832857469,0.7627096871595047
US83192D4025,0.32257899489381997,SmartStop Self Storage REIT Inc,7.437946967893397,0.043369359352286696,1888.9326781,609.3300047235896,60,601080,mid,2.3560730470320836e-05,,,,,,-0.0025248624930503,1.0324274441685957,0.0926588382007623,0.1050759602470576,1.4497904245080568,0.4511526154367915,0.9334698320606594
US4642141059,0.32124600098694,Isabella Bank Corp,10.425967235128782,0.030812105365586442,291.95691880000004,93.78999262496878,40,401010,small,3.641589958468593e-06,,,,,0.0017921146953405,0.0331105032896462,-0.1747978319195183,0.6197177871201005,-0.0412094219608979,0.206693748457128,0.7239157340368594,-0.7537156718053017
US8894781033,0.32117993455690996,Toll Brothers Inc,8.94412585293399,0.035909594725967726,13756.9382016,4418.4525112933425,25,252010,large,0.0001715908231259,,,,,,0.0029146516735095,1.4173459988593249,-1.3625745875466069,-1.093170088329574,1.067754744315493,1.4347967064132423,2.1385655209677306
US35243J1016,0.32065371920462,Franklin BSP Realty Trust Inc,6.467757805987172,0.04957726136680511,663.2838478,212.6844326854211,40,402040,small,8.273165128919323e-06,-0.0018050541516245,,-0.0017921146953405,,,-0.0415310372623604,0.6487681399271606,-0.815211366235993,1.0513685658732963,0.4348347469442341,1.2616567387207516,0.2175206166597539
US6556631025,0.32050969846238997,Nordson Corporation,5.4118828555240865,0.05922332523055912,16243.07932828,5206.064457607703,20,201060,large,0.000202600557711,,,,,-0.0017921146953405,0.0147121900852151,1.214989033535465,-1.93159823092648,-1.473406706931364,-0.0064435641302986,1.9954351282286007,1.010268333568631
US89832Q1094,0.31928296276549,Truist Financial Corporation,6.7176573543129425,0.04752891460897459,64723.3043694,20665.04837903462,40,401010,large,0.0008072962827504,-0.0018050541516245,,,,-0.0017921146953405,0.0116778320919117,1.177817578897257,0.0681450392325806,0.980631838962509,1.7187428245219634,0.8377365285024845,0.2591519986530954
US12326C1053,0.31897197093695,Business First Bancshares Inc,6.064269586220502,0.05259858032395724,993.940122,317.03903970765253,40,401010,mid,1.239745364648727e-05,-0.0018050541516245,,,,,0.0135051263864746,0.4323477675228664,-0.959067189844425,-0.0680441350144736,0.2252875940874676,0.687382944199598,0.1590919870789235
US75282U1043,0.3188811037217,Ranger Energy Services Inc,8.603462391161989,0.03706427589539701,306.14990359999996,97.62541916426004,10,101010,small,3.818619607708667e-06,,,,,0.0017921146953405,0.0383029555613062,0.6964653213709808,-0.6100440701318968,-0.104375201067703,1.9928203756185223,2.015833851902986,1.1945414790924485
US68902V1070,0.31728757246842,Otis Worldwide Corp,5.159449265900938,0.061496403223768405,27612.095235009998,8760.974667883149,20,201060,large,0.000344406733546,-0.0018050541516245,,,-0.0018050541516245,-0.0017921146953405,-0.0056582462962667,1.378588351202482,0.5362986836600391,-1.2145080098614454,1.2053173230887673,0.6659058010068561,0.9602666446361928
GB00BJT16S69,0.31714487553959,Tronox Holdings PLC,23.215108471744358,0.01366114123160761,708.8424131099999,224.80573888295356,15,151010,small,8.84141887894873e-06,-0.0018050541516245,-0.0018083182640144,0.0017921146953405,-0.0018050541516245,,0.0195634704501188,0.3056909257248281,-6.964083590841963,-1.540501434270293,0.0324003408067143,3.2286613390513503,2.821367484413429
US3369011032,0.31610220981218,1st Source Corp,5.286016149918062,0.05979970564733895,1589.3366821500001,502.3928373631734,40,401010,mid,1.9823858006625973e-05,,,,,,0.0253112214723261,0.3373779243256163,-0.6310794560686976,0.7260900334677876,1.045011507538642,0.0134949087987842,0.0851085067633518
US3719011096,0.31603310987354,Gentex Corporation,6.589605748736856,0.047959335038233436,5015.788732710001,1585.1553116670036,25,251010,mid,6.256212717243076e-05,,,,,,-0.0161293228995982,0.4891845324840109,-0.2422034337114462,1.5711848339764465,1.296459964087696,0.5216164801447579,0.99614716670323
US4108671052,0.31548090816102997,"The Hanover Insurance Group, Inc.",5.848017095463949,0.05394664601882486,7778.195899200001,2453.8723061340156,40,403010,large,9.701773877443834e-05,,,,0.0018050541516245,,0.0157043439188974,0.6903018610257915,0.0320114134492223,-0.0631162504823577,0.8095042917116025,-1.3134979357170948,0.1424869510401867
US0226711010,0.31239569693428,Amalgamated Financial Corp,7.28111086662685,0.04290494989798237,1150.5944016,359.4407399765129,40,401010,mid,1.435140854465251e-05,,,0.0017921146953405,,,0.0466735637854803,0.4300370976988903,-2.327352781795704,-0.1301554718245798,0.4027435826822743,2.606058437735665,0.4114537342992862
US44267T1025,0.3105691154192,Howard Hughes Holdings Inc,7.862829367025733,0.03949839185390828,3922.46796528,1218.197406237159,60,602010,mid,4.89250948855348e-05,-0.0018050541516245,0.0018083182640144,,,,-0.0450313399248186,0.429373678048457,-3.254935523820868,-1.430771140660429,-1.7893176832182214,1.2118707586562214,1.034417774078618
US1972361026,0.30621969437607,Columbia Banking System Inc,6.889498385210566,0.04444731346964542,9178.00662168,2810.4863826723963,40,401010,large,0.0001144776321439,,0.0018083182640144,,,,0.0100192648567728,0.5849154294436819,-0.5057263641426505,0.0541154890555306,0.2400937097595952,1.044233067851243,0.4259573677282067
US48716P1084,0.30600287279111,Kearny Financial Corp,6.6331057302213745,0.04613266925580838,545.1187112199999,166.80789164550745,40,401010,small,6.799286802694165e-06,-0.0018050541516245,,0.0017921146953405,,,0.0283115741885114,0.3170624972783695,-0.4785607085332826,0.5315661999911576,0.6262730494750284,0.6229617183595109,0.0679653637188968
US1273871087,0.30509658528341,"Cadence Design Systems, Inc.",10.006950443820681,0.03048846769015509,89138.97060744,27195.995548008195,45,451030,large,0.0011118338335891,0.0018050541516245,0.0018083182640144,,0.0018050541516245,-0.0017921146953405,-0.0246339792573437,1.0900755619706648,1.2117894574387322,1.367339997452704,0.7295980171652965,-1.3933942120738714,0.7485963916637657
US3377381088,0.29973884580210003,Fiserv Inc,15.750056885002973,0.019030969093674067,28712.608085070002,8606.284007386928,40,402010,large,0.0003581334729582,-0.0018050541516245,,-0.0017921146953405,,-0.0017921146953405,-0.0473072325332083,1.6646028586202826,0.2290558690704396,3.913087506518144,4.4690488847961385,1.3146122874322743,-0.1456750015732245
US12674W1099,0.29895738147978,Cabaletta Bio Inc,28.689886543443162,0.010420305462940364,446.82928875,133.58291413317252,35,352010,small,5.573319028539025e-06,,,0.0017921146953405,-0.0018050541516245,0.0017921146953405,0.0300238816681113,1.1200474359781163,1.3164311137741262,-5.390921160991571,-5.38953334067684,-2.1538423996175977,1.2775830236432428
US3149111086,0.29703194040547004,Fermi Inc,32.71242788252831,0.00908009461945546,1233.13605261,366.2807944906901,60,601080,mid,,,,,,,,,,,,,
US9406101082,0.29649555180378,Washington Trust Bancorp Inc,8.895110275976334,0.033332420015583945,756.438717,224.2807148026584,40,401010,small,9.43508942122753e-06,,-0.0018083182640144,,,,0.0253130079713278,-0.0824394804538899,-2.284060148144959,-0.5622952625147166,-0.2644061512057925,2.682916728803744,0.0215559622334073
US8718291078,0.29616762134276997,Sysco Corporation,7.169701073963963,0.04130822446953506,39625.65787878,11735.836838100666,30,301010,large,0.0004942523658017,0.0018050541516245,,,0.0018050541516245,-0.0017921146953405,-0.003067120585709,0.6415111663434143,-2.89689836261252,-1.942422396225457,-0.1210663566546432,1.923706248575936,0.9769278396295036
US63001N1063,0.29503768472373,NCR Atleos Corp,6.092075067642292,0.0484297520053234,3417.60065454,1008.3209844257858,40,402010,mid,4.262786536034834e-05,0.0018050541516245,,,0.0018050541516245,,0.0281762036144575,1.0578997849737246,1.00206739836231,-0.4151129786456756,1.8337871612691088,-0.5657062762575268,0.3091608827832425
US9014761012,0.29296372235148,Twin Disc Inc,17.01992420957828,0.017212986306167518,277.62451902,81.33391250813845,20,201060,small,3.462821380782104e-06,,,0.0017921146953405,,0.0017921146953405,0.0907985242800188,1.1268229931341571,1.929091402101124,0.7324292957335354,2.842115279141014,0.9692222963893456,2.1670138800995127
US2005251036,0.29135237796492003,"Commerce Bancshares, Inc.",4.972164111450019,0.05859669380059012,8412.87073142,2451.109893110693,40,401010,large,0.0001049340625437,,,,,,0.0012565692648324,0.4176977753005292,-0.4588853223655907,0.9373430403577876,0.995257831384853,0.7211876161055091,0.1597191315374465
US5977421057,0.29120973087444,Midland States Bancorp Inc,10.35107641515597,0.028133279979273736,655.8100310100001,190.9782626351803,40,401010,small,8.179943922565442e-06,,-0.0018083182640144,0.0017921146953405,,,0.0598793848071032,0.5676917420378216,-0.44380776152247,2.7171567442237823,2.224144044750685,1.2747371302794863,-0.2979841746715295
US31847R1023,0.28427509097254,First American Financial Corp,7.535085279665059,0.03772685781536056,7190.740494,2044.1484080917771,40,403010,large,8.969038474762764e-05,,,,,,-0.0020676031597428,2.705698023067584,-0.8984936905590036,-0.939306776754664,2.1552440361652763,-0.3563965236744775,1.049265476380134
US4403271046,0.28396655866321,Horace Mann Educators Corp,5.087618442576037,0.05581522314779328,2088.48319966,593.05938703338,40,403010,mid,2.604973185623376e-05,,,,,,0.0118441329137429,0.2676137811919367,0.5677801716674284,0.9883166528310892,0.9879570564960064,-0.3659601647858738,0.2596745802434717
US76156B1070,0.28373261590517,Revolve Group Inc,12.380653458648794,0.02291741844263979,1673.33674462,474.780211841274,25,255040,mid,2.0871594039937904e-05,,,,,,0.0539278037544538,1.5930431624571415,3.392967480509199,3.569779285364145,5.5947033518178655,-0.7229938154630013,0.5035775539962616
US23282W6057,0.28322874141577,Cytokinetics Inc,17.647287630651892,0.016049420587661577,10009.3433572,2834.9337214580537,35,352010,large,0.0001248469274516,-0.0018050541516245,0.0018083182640144,0.0017921146953405,0.0018050541516245,,0.0188359894771346,-0.7554262381966441,0.4083310391723465,-1.2045568402728355,-3.811027871028173,-4.0228762845075705,0.0462456262863907
US28852N1090,0.28284231856233,Ellington Financial Inc,4.369420283805498,0.06473222995064956,1701.0219861700002,481.1210024938225,40,402040,mid,2.121691313030453e-05,-0.0018050541516245,,,,,-0.0111335182170044,0.8977657433249218,0.637107718792385,0.575412967896696,0.5361459532764882,-0.449841379762385,0.0769351055012267
KYG687071012,0.28260549866810997,PagSeguro Digital Ltd,10.691226518704642,0.02643340295649733,2428.9326880199997,686.4297335291648,40,402010,mid,3.0296171513403973e-05,-0.0018050541516245,,,,,-0.0368053786494337,1.0380554642941475,-3.3270464566462064,-0.961562319166485,-0.4772997421319058,-0.1277475780060917,0.4714285150698885
KYG008941083,0.28230510357473,Accelerant Holdings,24.596673914413834,0.011477369036034465,2150.7565857,607.1695606900711,40,403010,mid,2.682647021275289e-05,,0.0018083182640144,-0.0017921146953405,-0.0018050541516245,,0.0316397016798209,-0.8476579855701105,-1.0965596776802702,1.5911838502441638,-1.5655748793486524,6.7729495979937,-1.7981673285753503
US3709201004,0.2799549124133,Generate Biomedicines Inc,21.683565491637783,0.012910926135338027,1698.06295527,475.3810659148822,35,352010,mid,,,,,,,,,,,,,
US02913V1035,0.27903188589343,American Public Education Inc,13.543084386526324,0.020603274551772844,788.2965495599999,219.95987286701046,25,253020,small,9.83245340090613e-06,,,0.0017921146953405,,,0.0463811381625088,-2.0892698452605742,-0.299461609173892,2.525828942816193,0.6284108752669805,-1.9116501728709336,1.3726181719060428
US0301112076,0.27814492708163,American Superconductor Corp,20.161639184384967,0.013795749667866843,1478.1861856300002,411.14998881512923,20,201040,mid,1.8437473557613116e-05,,0.0018083182640144,-0.0017921146953405,0.0018050541516245,,-0.01031526099606,0.8395569382760746,5.516828780104127,5.143820922316424,2.6115643596522458,-1.6854472569478507,1.750215991871383
US7835491082,0.27694398383922003,"Ryder System, Inc.",9.287640305602896,0.029818551830883222,9827.498758040001,2721.666657226585,20,203040,large,0.0001225787727217,,,,,,0.0353618542134425,2.124958219557032,1.0172208600766182,1.4117722659956613,3.324446100441589,-0.191608588589208,1.4661601216150209
US02005N1000,0.27684677683569,Ally Financial Inc,8.39841331106023,0.03296417627733308,12244.381901820001,3389.817663864123,40,402020,large,0.0001527246498031,-0.0018050541516245,,,,,0.0135993947945311,0.4848044584668048,1.4668112600753886,2.333998628171084,1.843023830249167,-0.2643402911923591,0.440618448032068
US1462291097,0.27548792029412,Carter's Inc,12.446918025778002,0.02213302278713292,1378.9640318400002,379.8879332919963,25,252030,mid,1.7199871789570034e-05,,,,,,0.010180938515895,-0.456801850000393,-1.173251680502421,-0.036957548927873,-1.065693430834742,0.4390123267944652,0.9001514943462217
US3208661062,0.2739824722187,First Mid Bancshares Inc,6.217808003813933,0.04406415766627761,1180.00096788,323.2995824002212,40,401010,mid,1.4718197785059744e-05,,,,,,0.0171040441642175,0.5382473218761697,-1.009837579267457,0.6834401586491977,0.96868060047303,0.6176519105917543,0.0013132690959724
US03831W1080,0.27276364824189,Applovin Corp,20.089535090526216,0.013577399726413746,81612.9869994,22261.056077874284,50,502010,large,0.0010179619484929,0.0018050541516245,0.0018083182640144,,0.0018050541516245,-0.0017921146953405,-0.0651453661645271,-0.1293093361131531,5.240096862421445,3.8701017717409782,-1.3795540679703324,-7.552487172074014,-1.417151744166476
US9132901029,0.27002801684231,Unity Bancorp Inc,6.426888211013377,0.04201535921841288,445.34991718000003,120.2569549370024,40,401010,small,5.5548667696362446e-06,,,,,0.0017921146953405,0.0023962203030081,0.3667563038880769,-1.7643633381410746,-0.1264353656097943,-0.1465034295150212,1.4099545566864595,0.204313937339556
US3167731005,0.26707681894232,Fifth Third Bancorp,7.261915000160949,0.03677773960951081,52402.68373184001,13995.54207514029,40,401010,large,0.000653620704243,,0.0018083182640144,,,-0.0017921146953405,0.0226211212517695,0.906779221358474,-0.4469993228329639,1.010530504109887,1.5779884576039511,1.3624813703847294,0.5626356705651278
US0454871056,0.26704797827833,Associated Banc-Corp,6.720614184453272,0.03973565078264563,6047.12300787,1614.8719736520572,40,401010,large,7.542599953991494e-05,-0.0018050541516245,,,,,0.0055422221904944,0.6157496212178687,-1.2470246241654594,0.2487892271408367,0.444818259754864,1.0908483879095852,0.6343399569745249
US51504L1070,0.26553365466571,Landmark Bancorp Inc,6.438810380016165,0.041239551872786065,152.43545826,40.47674433242009,40,401010,small,,,,,,,-0.0015602193580255,1.3515291293139045,-1.4778787851365929,-0.6977034744873234,0.2398750309266901,0.1230210652323343,0.9464192513191408
IE00B4Q5ZN47,0.26517785212048,Jazz Pharmaceuticals PLC,10.171376034821918,0.02607099090748765,15410.89374903,4086.627703624707,35,352020,large,0.0001922206747425,,,0.0017921146953405,,-0.0017921146953405,0.0097225357152452,1.3655926217262002,-2.474393880803538,-3.453097750108456,-2.081192296404235,-2.279623892297348,-0.0309798697204104
US9216591084,0.26427707198862,Vanda Pharmaceuticals Inc,22.27586237081483,0.011863831244300913,301.17683909000004,79.59413318549296,35,352010,small,3.7565903814212167e-06,,-0.0018083182640144,,-0.0018050541516245,0.0017921146953405,0.014126736626331,1.6867010089686016,-2.8721766754088347,-1.8374192083535887,0.9002808200784056,3.1149971761703616,1.5577706181336404
US1307881029,0.26305339418826,California Water Service Group,6.439497007393924,0.04084999090553475,3080.8449483100003,810.4267206207,55,551040,mid,3.842749839078102e-05,,,,,,0.0032821088992493,0.2234114823340981,-0.7660754736951574,-0.0818857620963195,0.4561137224922948,0.2905336751035979,0.4870732716176106
US20786W1071,0.25688424442969,"ConnectOne Bancorp, Inc.",6.195633058096093,0.04146214632482287,1558.1645721099999,400.2679288035885,40,401010,mid,1.9435047070503903e-05,-0.0018050541516245,,,,,0.0159449813960094,0.3139739416867772,-0.0449129677706625,0.928394556594965,0.7246888749853099,-0.125760608818159,0.3348932161806376
US84863T1060,0.25585945413114003,Spok Holdings Inc,7.791420015985871,0.03283861653025843,223.48402355999997,57.18050027509243,50,501020,small,2.787524883531735e-06,,-0.0018083182640144,-0.0017921146953405,,0.0017921146953405,-0.0406950606763149,0.4919409584177328,-1.22843509412463,1.3164646906742496,1.147377261561748,1.9906035216754692,0.0329661422558433
US74460D1090,0.25472872912659,Public Storage,7.187455391190049,0.03544073879593342,54686.177279359996,13930.140439162773,60,601080,large,0.0006821028077227,0.0018050541516245,,,0.0018050541516245,-0.0017921146953405,-0.001322689585277,1.8209401037270148,-1.1991105214501174,-1.0230322393364315,1.1900078539869683,0.7887100059694188,1.5180757312305468
US8309401029,0.25468410102475997,Skyward Specialty Insurance Group Inc,9.457187186906582,0.026930216774959107,,,40,403010,,,,,,,,0.0453993003805054,0.6913561887443013,1.993605754129204,1.1495538149621811,2.8491743480109584,-0.9734583553400362,1.0210941335421142
BMG9456A1009,0.25383358016815,Golar LNG Ltd,10.3069478984812,0.024627424400345918,5056.2191358,1283.4382053548234,10,101020,mid,6.306641715642748e-05,,,,,,0.0465767236430893,-1.391113814093758,0.6120866161898856,0.8999661256478938,0.6184210422982181,1.011547709254522,0.3250195241528182
US69380Q1076,0.2517720450325,Pacs Group Inc,46.839682853609574,0.005375186800887954,1950.06917377,490.9729038349105,35,351020,mid,2.432328834921235e-05,0.0018050541516245,,0.0017921146953405,0.0018050541516245,,0.0034684785594241,3.553542571934589,-15.120074551573062,-8.32390685989495,-5.258980436737023,-5.315352161867189,1.0635598617813833
US7292731020,0.25040183006738,Plumas Bancorp,5.6868028741355205,0.04403209247963335,386.67067523000003,96.82304471098153,40,401010,small,4.822958311587163e-06,,0.0018083182640144,,,0.0017921146953405,0.0242060533720297,0.5392334362505046,-1.7413047301101776,0.0472319732468173,0.4670517084271539,1.4470068920432306,0.4938410432753371
US05580M1080,0.24967112878404,B Riley Financial Inc,23.94926556027189,0.010425001474709338,159.30561927000002,39.77401378478142,40,402030,small,1.9870251605808245e-06,,0.0018083182640144,,0.0018050541516245,0.0017921146953405,-0.0237382755408125,-0.5442610790024005,-9.65638782236963,0.6582271987228423,-4.258405081053582,7.810296030014678,0.1499541772995367
US4278661081,0.24658944910566,The Hershey Company,8.255571249850458,0.029869459258815883,36877.24878229,9093.540461757262,30,302020,large,0.000459971352669,0.0018050541516245,,,0.0018050541516245,-0.0017921146953405,-0.0095111370908582,0.8926583427590409,-3.150333177846988,-3.436730501685651,-0.9592985764622064,1.8736199675816017,0.9982343195601894
US54738L1098,0.24469318349839,Lovesac Co,16.59648215011164,0.01474367768333026,226.91958909999997,55.52567665502555,25,252010,small,2.830376825604377e-06,,,,,0.0017921146953405,0.009812983363545,0.1477853134449843,1.6877248469380264,3.9115794357339393,3.0547666321983264,-0.5363307239807894,0.4711727803977358
US6896481032,0.23750641553951998,Otter Tail Corporation,6.058005088008332,0.03920538396536806,3823.2045919999996,908.0356185201529,55,551010,mid,4.768697898519612e-05,,,,,,-0.0015479364657713,-0.0240157654769161,-1.936790656325243,0.1430195304370001,-0.2203804284138185,1.5341773298444603,0.3536409665665199
MHY7542C1306,0.23556423227101003,Scorpio Tankers Inc,10.943731348398845,0.021525037920953255,3425.8766297600005,807.0139981446098,10,101020,mid,4.273109191987486e-05,-0.0018050541516245,,0.0017921146953405,,,0.0333610586116419,1.2228726568142276,-2.273931486958549,-3.0084930477353646,-0.1940790434525335,1.2835639888453592,1.5847892410080755
US6090271072,0.23119096154503999,"Monarch Casino & Resort, Inc.",6.97325378189601,0.033153957790158006,1536.61760574,355.25210179806777,25,253010,mid,1.916629092425137e-05,,,,0.0018050541516245,,0.0011852485742858,0.8273774465277269,0.0304598063283157,1.8047861632508904,1.5431329095435178,-1.293597978399279,1.295273228340846
US84252A1060,0.23026118131166998,California Bancorp,5.460200847365842,0.042170826265988844,477.14643504000003,109.8683017909624,40,401010,small,5.9514659686864405e-06,,,,,0.0017921146953405,0.0155467413949317,0.492895871949771,0.4993770929799176,-0.676041145173528,-0.0092164675239627,-0.7340242449016816,0.202170534985825
US00402L1070,0.22682295968840002,Academy Sports and Outdoors Inc,9.52048161548719,0.023824735853638097,2877.15738785,652.6053542014828,25,255040,mid,3.588689555840142e-05,,,,,,-0.0086141149572767,1.4964380199463985,-1.4007233196775015,-1.10405781178165,1.1032300221795213,2.016522317813246,0.9158522836775504
US3535141028,0.22029045533766997,"FRANKLIN ELECTRIC CO., INC.",6.787145939146735,0.03245700877994741,4031.58758232,888.1202642429688,20,201060,mid,5.028614809611828e-05,,,,,,0.0077744060046735,0.9799185246035272,0.1946830076577154,0.5130235939947795,1.4025371228505226,0.5938304481909924,0.8052128950579063
US7235611065,0.21744612280811,Pioneer Bancorp Inc,5.387215833837262,0.04036335827540535,185.92760648,40.429237152068026,40,401010,small,2.319082238374643e-06,,,,,0.0017921146953405,0.0243521106257024,0.301562784859407,0.0666767911743094,0.3189772029501556,0.5701034910450953,0.4032418056054157,0.230885258229166
US32055Y2019,0.21713769172178,First Interstate Bancsystem Inc,6.70102488291965,0.03240365399556205,3143.5968033599997,682.5933535855567,40,401010,mid,3.921020470979755e-05,-0.0018050541516245,-0.0018083182640144,,,,0.0161455961079065,0.3479378367213145,0.1201691971723648,0.8170353460993731,0.8053741354566594,0.6402114679665292,0.1622287077448357
US46005L1017,0.21609605784786,International Money Express Inc,6.891311925465086,0.03135775309333077,402.60127676999997,87.00054879451221,40,402010,small,5.021661321739728e-06,,-0.0018083182640144,,,0.0017921146953405,0.0104982979461278,-0.1037540058654221,-0.3257200464803039,-0.5996967086444123,-0.574469367175045,3.0057262720218034,0.6999796771379163
US8984021027,0.21606564735876,Trustmark Corporation,4.910705214941567,0.04399890400697387,2588.9212206,559.3769394897702,40,401010,mid,3.229171467815618e-05,,,,,,0.0094099082982089,0.4166299486480239,-1.1125019285406592,0.4342368837579415,0.6648512500893209,0.8028848346638345,0.3959634325691193
US21867A1051,0.21541143079298,Core Laboratories Inc,18.8537844962941,0.011425368250884659,565.6530831,121.84813996303141,10,101010,small,7.055412818645489e-06,,,,,,0.0290811365818056,-0.0020630083282734,-0.0304349277497324,-0.6540542885188877,-0.6014258219606683,3.698219190262879,-0.3944906389958174
US0846707026,0.2141522395146,Berkshire Hathaway Inc,3.920352608196649,0.05462575969999531,1074588.1824999999,230125.46583829867,40,402010,large,0.0134033800293723,,,,,-0.0017921146953405,-0.0092797375984871,0.6726345242169551,-0.820096881539401,-0.979775284177804,0.1529915520202291,-0.3114321377881162,0.3676141942971394
US78648T1007,0.21034658174839999,Safety Insurance Group Inc,12.061256898007917,0.017439855856410922,1484.63383068,312.28765143157085,40,403010,mid,1.8517895284100557e-05,,,,,,0.048841769632036,1.589143783406498,0.4420723391583204,0.2234270944065183,2.8274620941051527,-0.2905657565110101,-1.2870246868544626
US74167B1098,0.20831731069696,Primis Financial Corp,7.585819686618473,0.027461410803691473,345.56568354999996,71.9873138662927,40,401010,small,4.310254157974128e-06,-0.0018050541516245,,,,0.0017921146953405,0.0466394621424256,0.1569984646085756,0.5181331808263812,1.290541505270039,1.394295869100142,1.3964436033683358,0.4440134375472829
US8251071051,0.20610551446564998,Shore Bancshares Inc,6.7419116807471955,0.03057078232784082,731.2360112499999,150.71177429449105,40,401010,small,9.1207350960666e-06,,,,,,0.0095266789061082,0.3617259547252425,-2.031064066744239,-0.042128693684837,-0.122995015471397,0.2486191220548712,0.1832930000301868
US43300A2033,0.20511614526056,Hilton Worldwide Holdings Inc,5.653379443023652,0.03628204109201907,72085.29209648001,14785.857244811492,25,253010,large,0.0008991226408703,-0.0018050541516245,,,-0.0018050541516245,-0.0017921146953405,0.0001675774226503,1.1852739026540418,-1.25266673484827,-0.3671394501410854,0.6907643793977274,0.3926281571701598,0.906557651059867
US3981823038,0.20251074790096002,American Healthcare REIT Inc,7.293351859207268,0.027766485397973297,12443.701687200002,2519.9833353313106,60,601050,large,0.0001552107732077,,0.0018083182640144,,,,0.0086147807681885,1.5627975981774198,-0.7871536517121522,-2.2686237734323798,0.3946471326113253,-0.9169954648408372,0.5778881951594259
US68062P1066,0.20196645099776,Olema Pharmaceuticals Inc,55.04660965701804,0.003669007996244702,892.2774835,180.21011664770737,35,352010,small,1.1129411618113109e-05,,0.0018083182640144,0.0017921146953405,-0.0018050541516245,,-0.1140256236287205,5.137357823078895,-21.713429802205678,-13.14817505915145,-10.456023982035015,-7.0119893492212615,1.6256173897748956
US1713401024,0.20154753105214,Church & Dwight Co Inc,4.9102513689345555,0.04104627561987168,23983.64803625,4833.845047329693,30,303010,large,0.0002991489710715,,,,,-0.0017921146953405,0.0066689260543997,0.914503179194538,-1.9361250382134416,-1.961094133745848,-0.0320232402804602,2.649750661638001,0.9324135086335156
US03763A2078,0.19997371534108999,Astrana Health Inc,16.6071639158062,0.012041412751442828,1570.7053110999998,314.09977676664954,35,351020,mid,1.9591468193748608e-05,,0.0018083182640144,,,,0.0604385803804809,-1.009266940298278,5.931410287149552,6.831067377291274,2.767300867489618,-1.0166431340046371,0.624872860903621
US0038813079,0.19831261362204,Acacia Research Corporation,8.429910458567878,0.02352487782601317,442.49479296,87.75229890604106,40,402010,small,5.51925469463399e-06,-0.0018050541516245,,,,0.0017921146953405,0.023847047356626,-0.7464510405022597,-0.9967607988025649,-0.3108296593778968,-0.5470321713466537,0.1512617768901233,0.5524292609791613
US38046C1099,0.19683447458943,Gogo Inc,19.536239206165757,0.010075351377111918,196.29510885000002,38.63764461496472,50,501020,small,2.448396497067907e-06,,,-0.0017921146953405,,0.0017921146953405,-0.1322256194689656,0.6371691020354617,-0.8243411175273496,-1.6606380856328298,-1.7951211914454988,-4.199309072975829,-2.211984965418094
US4277461020,0.19662281683394,Heron Therapeutics Inc,23.302493128523544,0.008437844643896183,62.65911408,12.320211510728791,35,352010,small,7.8154955730498e-07,0.0018050541516245,,-0.0017921146953405,-0.0018050541516245,0.0017921146953405,-0.1210737886862876,5.579641813499556,-0.0967478712704389,1.5190371066133386,4.70637998414624,-2.7436160154136062,-0.0300536552067703
US05587G2030,0.19458467352292,BK Technologies Corp,12.651727028922137,0.015380087878761136,222.65810394000002,43.32585446239729,45,452010,small,2.777223156115731e-06,,,,0.0018050541516245,0.0017921146953405,0.0252186745835755,2.110144702623299,2.5260274920194314,2.303141932982788,4.274451195757025,-0.7148127405939457,1.6428234297962812
US26969P1084,0.19260539200755,Eagle Materials Inc,10.130192242638115,0.01901300462955395,6321.23299327,1217.5035586398271,15,151020,large,7.884498400670337e-05,,,,0.0018050541516245,,-0.0319219112596705,1.6608719020321452,-1.3238859217975223,-1.0617908835197023,0.2047558354801972,0.1617062309476143,1.663748616278025
US8725901040,0.18981160017369,T-Mobile US Inc,7.256183631765631,0.026158599314210516,78326.14789349999,14867.211467106332,50,501020,large,0.0009769650769944,,,-0.0017921146953405,,-0.0017921146953405,-0.0196080278885206,0.0258461833661989,-1.058910880793613,-1.178822264206612,-0.0807318385009782,1.5654287525086608,0.5773217737482589
US4448591028,0.18878015246462,Humana Inc.,14.329141152204619,0.013174561577654297,46603.82733133,8797.877629043302,35,351020,large,0.0005812913437144,,,,,-0.0017921146953405,0.0294386285524057,0.7891118640882085,4.253386390360521,1.939919737902822,0.4372430999994081,-1.5660298061971036,-0.2465001787435121
US3909051076,0.18642247784479,Great Southern Bancorp Inc,5.664763842006245,0.032909134969122775,650.92940561,121.34787269585254,40,401010,small,8.119067692878068e-06,,-0.0018083182640144,,,,0.0137183984259179,0.151024860074338,-0.4671250195436587,1.0438196609859742,0.6188842959117747,-0.2842140798664932,0.1832843446963621
IE00BLS09M33,0.18445850813958,Pentair PLC,8.546889581549571,0.021581945850543825,10478.00237284,1932.7566859770457,20,201060,large,0.0001306925295094,,,-0.0017921146953405,,,-0.0290254963054963,0.872247748879601,-0.0729025297676415,0.6563771780354201,1.7964553061728548,1.327574917521782,1.5148875171570275
US1910981026,0.17692601614686,Coca-Cola Consolidated Inc,10.807931415389287,0.01637001655052484,8431.53559773,1491.758003306803,30,302010,large,0.0001051668701442,-0.0018050541516245,-0.0018083182640144,0.0017921146953405,-0.0018050541516245,,0.043434741766108,2.1782454161556686,-1.0247277052516846,-4.0803287563859465,1.1059326437261088,-1.1034806810444728,2.167872391719037
US1565043007,0.17419843974018,Century Communities Inc,11.842432489784906,0.014709684002035968,1742.65097898,303.56708155001326,25,252010,mid,2.173615317031161e-05,-0.0018050541516245,,,,,0.0114927301312066,1.372044661611971,-2.789271630772155,-1.6861687526652709,1.2970813951899998,2.323658027251794,2.615783831865352
KYG2545C1042,0.17163566609394001,Crescent Biopharma Inc,25.44661180564536,0.0067449319934948055,595.4377355500001,102.19835235859156,35,352010,small,7.42691794249802e-06,,,,-0.0018050541516245,,0.0170428398010473,1.964017654385132,2.1804607608965454,2.754947705080367,3.506117183251076,-5.040586609026489,3.214877502801154
US36162J1060,0.16915534386944,"The GEO Group, Inc.",12.96769416367437,0.013044365616154397,3884.697135,657.1172796995534,20,202010,mid,4.845397785622784e-05,,,,,,0.0462752061352678,-1.1441045261758336,1.2752248239661623,4.103388843531218,1.3712912765181922,-0.9596709314844538,0.2111035941214086
US7580754023,0.16792793959611,"Redwood Trust, Inc.",9.946279700828047,0.016883492586894543,596.1248670000001,100.10602065731513,40,402040,small,7.435488559693025e-06,-0.0018050541516245,0.0018083182640144,,,,-0.026261812336112,1.623572704731577,-1.151647915846426,-1.158489471846606,0.8338200187625949,1.3589151720544883,0.9053733071459348
US0773473006,0.16680466988437,Bel Fuse Inc.,12.227947133884737,0.013641265214676904,3974.6089960600007,662.9833415072358,45,452030,mid,4.95754519823732e-05,,0.0018083182640144,0.0017921146953405,,,0.063749079104257,2.0474125602905016,-0.1791471908003639,0.5241071799454731,2.082086641109969,1.3853019239414135,2.4868937308571923
US2674751019,0.16581238025529,Dycom Industries Inc,12.53818303493779,0.013224594009614624,12107.7315504,2007.6117878638966,20,201030,large,0.000151020204676,0.0018050541516245,0.0018083182640144,,,,-0.0310200955308182,1.9634069580210944,-4.775203665624802,-3.636505836390813,-3.3750962873625,-0.2269886496725598,1.8490549331772343
US4312841087,0.16567461860367,"Highwoods Properties, Inc.",7.667007677088103,0.021608771711389824,3410.21473375,564.9860253706473,60,601040,mid,4.253574048420751e-05,,,,,,-0.0199093704119105,0.8560852129420403,-0.4645899467483946,1.4871567156211494,0.6899145956788855,-0.8031488465081934,-0.1704739388753733
US82537J1088,0.16545013746591,Shoulder Innovations Inc,19.515141948988493,0.0084780391502346,385.46524542,63.77527784306973,35,351010,small,4.807922938869238e-06,,0.0018083182640144,,,0.0017921146953405,0.0309094783487226,-0.8538657747680081,-2.614082880805359,-1.0684325683067777,-0.767806874702514,-0.928148560439518,0.8354900269910251
US4932671088,0.16356392983168,KeyCorp,6.576681122071967,0.02487028438747682,24793.991654279995,4055.4027111879127,40,401010,large,0.0003092564184116,,,,,-0.0017921146953405,0.0230457008549037,0.5873929555398675,0.162387033819191,1.5780444021880495,1.6742040200161723,1.2408641914771836,0.3687548120248441
US31983A1034,0.16303771584109,First Community Bankshares Inc,7.336942786029827,0.022221478427162867,787.9627558,128.46764787348258,40,401010,small,9.828289978406636e-06,,,,,,0.0260498015017401,0.2167605733747035,-1.1151591066463196,0.0599124292561076,0.8420560595509576,0.9017233155059156,0.4172004488223758
US8269191024,0.16074277310247,Silicon Laboratories Inc.,14.602677530715502,0.011007760238789162,7155.27935157,1150.1594452942052,45,453010,large,8.924807654434997e-05,0.0018050541516245,,0.0017921146953405,,,0.0643379968021078,1.2542139883253425,0.0288377568816954,-2.388086002574979,1.7159139015095803,0.2430064536599143,2.091559740906512
US00166B1052,0.16002899381754998,ALX Oncology Holdings Inc,35.467794155494516,0.004511952254937709,216.03248117999996,34.571460595144195,35,352010,small,2.6945815067566846e-06,,0.0018083182640144,0.0017921146953405,-0.0018050541516245,0.0017921146953405,0.0348441305180129,-1.1881285624392728,-3.5144403498204424,-1.621650293094255,-2.8124176636778144,1.2607105637868647,1.5506490387425031
US63945M1071,0.15913548643522998,NB Bancorp Inc,6.5788072355632865,0.024189109170882187,889.1781349500001,141.49979503283882,40,401010,small,1.1090753323581626e-05,,0.0018083182640144,,,,0.0147527122571846,0.3556580208780558,-1.268091694266405,-0.7819199486701894,0.0316035471382074,1.120752620395491,-0.2623979849183167
US3602711000,0.1574969900653,Fulton Financial Corp,6.6193272931253615,0.023793503945464627,4653.92282051,732.9788362265364,40,401010,mid,5.804855963104185e-05,,,,,,0.0231039173032991,0.4716735599280267,-0.3153848769759986,1.1388997866354436,1.3977900527665954,0.9471832464275562,0.3998344521210696
US29103W1045,0.15530267785507,Emerald Holding Inc,11.260969335773085,0.013791235303493363,68.6685884,10.664415663047597,,,small,8.565059633025997e-07,,,,,0.0017921146953405,0.030199832249036,-0.8548159623497925,2.0395672461712406,5.217806990581689,2.443957846952676,1.648895252889479,-0.913411633636974
US5962781010,0.15144183644685,Middleby Corp,11.916833249991356,0.012708228207100224,5262.56997984,796.973262177032,20,201060,mid,6.564023922807478e-05,,-0.0018083182640144,,-0.0018050541516245,,0.0283667878265456,1.7448249128543778,1.4641289833687234,0.3374141460527555,2.6824303548205126,0.5986510489029184,1.0323898318459412
US0200021014,0.1508675510826,Allstate Corp,6.393942060336107,0.02359538914474765,65696.689647,9911.498681276493,40,403010,large,0.0008194373550264,,,,0.0018050541516245,-0.0017921146953405,0.0222794528656825,0.8650760021649301,-0.3443816321965361,-0.0197939888844049,1.6159250835269687,-1.0381637077803414,0.6212054994336931
US1011211018,0.14828657515115,"BXP, Inc.",7.1669378563177,0.020690367088984103,10906.054318280001,1617.2214432701514,60,601040,large,0.0001360316380074,,,,,,-0.0193520326167947,0.7575900416979555,0.4013461162075947,1.2176284573470353,0.7067452772300722,-1.0988641072347929,-0.0516564581689823
US6873801053,0.14763201092578,Orrstown Financial Services Inc,6.685129657654598,0.022083642126033948,805.7913753600001,118.96060113104681,40,401010,small,1.0050667040851005e-05,,,,,,0.0125836469812777,0.3545529601677906,-0.6560962235369314,0.0745360743432405,0.4411253144707833,0.0917274349251,0.2438689526517144
US6695491075,0.1474786591794,Norwood Financial Corp,6.668227292856821,0.022116621510095042,344.73875234,50.84160896228245,40,401010,small,4.299939812956866e-06,,,,,0.0017921146953405,0.0101602044080455,0.3976845756090068,-1.396952969165374,-0.2248332444975915,0.0673175610122308,0.6710861057947111,0.163723804402057
US3535251082,0.14710434455763,Franklin Financial Services Corp,8.010439085762522,0.018364080043887752,274.82156328,40.42744593660764,40,401010,small,,,,,,,-0.0037245745168848,0.6971050195388317,-2.086299996931979,-0.4327541250905853,-0.3625242750122472,-0.7962219024902873,0.6792926837916697
US04911A1079,0.14695139867901,Atlantic Union Bankshares Corporation,6.6647101205208585,0.022049180837819468,6075.7783938,892.8441330326189,40,401010,large,7.578341927871624e-05,,,,,,0.0121413996242925,0.471555205316214,-1.0619381045537373,0.9626959821251077,0.9501890182624164,1.2681855208350843,0.3613443991680702
US8581191009,0.14646334748538,Steel Dynamics Inc,9.681755856205548,0.015127767076620087,34278.85980846,5020.596555529104,15,151040,large,0.0004275615463381,,,0.0017921146953405,,-0.0017921146953405,0.0202663683444799,2.264478474458037,-0.0860128220799545,-0.5132413948362953,0.0148393744564836,-1.3529512313050378,0.5217799856296389
US47012E4035,0.14010269107846998,JAKKS Pacific Inc,12.19481012378765,0.011488714433132539,218.42424603999999,30.601824666989838,25,252020,small,2.7244140825113307e-06,,,,,0.0017921146953405,0.0362878310972841,1.7434584933770836,-0.5134852692857754,-0.4926903992614219,2.2520055943065005,0.3158409881453952,1.2975176207184638
US10950A1060,0.13974970604762998,Brightspring Health Services Inc,10.108403995113738,0.013825100986781202,4540.5582332,634.5416783818462,35,351020,mid,5.663455874183247e-05,0.0018050541516245,,0.0017921146953405,,,0.0429105490435865,-0.3061674460333936,-0.5940582475737997,-1.1422841700890167,-3.104806074703258,-1.3700925250337166,0.669683884182079
US1396741050,0.13487207834755,Capital City Bank Group Inc,5.398206779290311,0.024984607641369623,721.7769628,97.34755907621827,40,401010,small,9.002752018310582e-06,,,,,,0.0149569945780323,0.4173300105018114,-0.2776307341545799,0.7467302293763413,1.2607571436799208,-0.293926678945646,0.3867250252890633
DK0060615755,0.13459976962307002,Ascendis Pharma A/S,10.005675705827972,0.013452341808826578,15739.3373536,2118.5111818143405,35,352010,large,0.0001963173645461,0.0018050541516245,0.0018083182640144,,0.0018050541516245,-0.0017921146953405,0.0130051142770422,0.5627026123569046,-1.6802946570000463,-1.247026651911554,-0.1287543960587235,1.3265425681632723,1.3400853122419545
US1844961078,0.13422627718565,Clean Harbors Inc,7.21834438672954,0.018595161160835764,16030.131965210001,2151.664936484826,20,202010,large,0.0001999444570019,,,,,-0.0017921146953405,0.0317666812433769,1.3314408102808573,-1.3621321252675678,-0.2483190658522404,2.164460159736361,1.3268163135025184,1.273721252857731
US8608971078,0.13137847160119,Stitch Fix Inc,17.50098441838312,0.007506918951552773,450.309337,59.160952442805204,25,255040,small,5.616725805176738e-06,,,-0.0017921146953405,,0.0017921146953405,-0.0032905590264683,-0.7265761350801013,2.098175372188898,5.571534560358323,2.9669101486621257,-0.3753773634325706,-0.0201968248531868
US4219061086,0.13112439277091,"Healthcare Services Group, Inc.",11.64145719293086,0.01126357212828423,1462.9959741,191.8344587301485,20,202010,mid,1.824800546073764e-05,,,0.0017921146953405,0.0018050541516245,,0.031647996534325,1.9581370630872352,1.1448433577123098,-0.5137836962329666,2.417806763233952,-1.6532825115929854,2.038325645594552
US68277Q1058,0.12904115655323,Onkure Therapeutics Inc,20.316062185466468,0.006351681510678894,128.2306959,16.54703730456153,35,352010,small,1.5994264375586351e-06,-0.0018050541516245,0.0018083182640144,0.0017921146953405,-0.0018050541516245,0.0017921146953405,0.0740857456373848,-2.3659483309488447,5.043188968976706,3.3321109269209623,0.920342471800281,-3.9389927626027976,0.7632077957279748
US26210V1026,0.12767937697627998,Driven Brands Holdings Inc,15.529200305223174,0.008221890017951254,764.9601384800001,97.66963389281527,25,253020,small,9.541377441463505e-06,,-0.0018083182640144,,0.0018050541516245,,-0.0448948834078879,-1.5618917244858124,-1.3567547114761245,2.8696565171969257,-1.110420077756899,-0.3196009530600378,-1.449644730311168
US1729081059,0.12365975370046998,Cintas Corporation,6.9468659482782895,0.01780079745617055,67783.2504975,8382.06006153811,20,202010,large,0.0008454631093471,0.0018050541516245,,,0.0018050541516245,-0.0017921146953405,0.0016328014730586,2.018572116090777,-0.2461118025973902,-0.436709219928596,2.2013134581293965,0.5421020545871131,-0.1701671309131061
US2786421030,0.11595284216638999,eBay Inc.,9.293337676948896,0.01247698579316646,45755.82458304,5305.517906070264,25,255030,large,0.0005707141725837,0.0018050541516245,,,0.0018050541516245,-0.0017921146953405,-0.0159621563628978,0.7080078471573021,-1.4878437376521865,0.592281897192154,0.0783035075592444,-0.7024984073615944,0.0139981365763013
US9837931008,0.11583781018045,XPO Inc,14.009325026718932,0.008268621790094901,23994.50211785,2779.470581701914,20,203040,large,0.0002992843544518,0.0018050541516245,,0.0017921146953405,0.0018050541516245,-0.0017921146953405,0.0532768034009222,2.709394907938916,0.1900973675651416,-3.4329208462556897,1.7652098603356752,0.2473012861969377,2.3629689610107025
US1184401065,0.11473016810212999,"The Buckle, Inc.",7.743404676533124,0.014816501641690896,1385.8574585400002,158.99965918388486,25,255040,mid,1.7285853767847298e-05,,,-0.0017921146953405,0.0018050541516245,,-0.0098565894111257,1.6640724737169514,1.6038334322098355,0.6221222070825688,2.9934566052941687,-1.836624531531776,1.07396157373199
US71367G1022,0.10942651181384999,Perella Weinberg Partners,12.066539738172494,0.009068590846113013,1582.53897725,173.1717200899252,40,402030,mid,1.973906997006832e-05,-0.0018050541516245,,-0.0017921146953405,-0.0018050541516245,,-0.0331754646097241,1.5200406728947091,-3.340837070176708,1.6244388540020516,1.7598913476198652,2.61712044342542,0.6592176612287661
US3843136074,0.10733594141661999,GrafTech International Ltd,28.116879718874763,0.0038174912184357978,118.93029184000001,12.76549483759976,20,201040,small,1.4834221374248974e-06,-0.0018050541516245,-0.0018083182640144,-0.0017921146953405,0.0018050541516245,0.0017921146953405,-0.0564794836354679,0.9264981862641646,2.0350771420290714,7.047973780496032,-0.3696954379164623,-2.467041946302837,-2.1735452153292987
US1244111092,0.10408930787519999,Byline Bancorp Inc,5.952706945966268,0.017486046066106785,1006.76862261,104.79384911794331,40,401010,mid,1.2557464031565988e-05,,,,,,0.0264346097933177,0.312231727027598,-0.842604436876501,0.8280959455379406,1.042982182040696,0.8680968166659011,0.323302275507532
US1011371077,0.09934037203908001,Boston Scientific Corp,10.394329016794039,0.009557170249140327,74802.7554505,7430.93355600099,35,351010,large,0.0009330176665582,,,-0.0017921146953405,,-0.0017921146953405,-0.0371115642200655,0.387752766752818,-0.0944958419240769,-0.4489683664531818,0.491314025540742,2.604002810459034,-0.9486314048577908
US38068T1051,0.09919932728677,Gold Resource Corp,27.459073652781587,0.0036126246843262017,155.42936804999997,15.418488751167779,15,151040,small,,,,,,,0.0256080617970671,2.7205479277452302,-5.472575620893624,1.2844179343410618,1.2747697631162844,1.1270517677369931,4.669698054056608
GB00BFMBMT84,0.09860363958007999,Sensata Technologies Holding PLC,8.179075206389765,0.012055597618548311,6661.13483728,656.8121386894719,20,201040,large,8.308459287468055e-05,,-0.0018083182640144,,,,0.004016393511917,1.4164425755004206,-0.5581194320421892,-0.7151938901828833,-0.3825043639123371,-0.0812181276298427,0.3573175953507698
US68621T1025,0.09623968905189,Origin Bancorp Inc,6.188950300194739,0.015550244287607507,1583.5203048500002,152.39750174611808,40,401010,mid,1.9751310107239303e-05,,,,,,0.019014031116889,0.984594931217742,-1.5600020630415772,0.4279577795779254,0.9350985157067072,1.2339485202324136,0.4086321487175807
US49177J1025,0.09517211714587,Kenvue Inc,8.4688336244356,0.011237925004367136,36861.28567216,3508.1665981381902,30,303020,large,0.000459772244178,,,,,-0.0017921146953405,-0.0122295183633621,1.196381540590642,-3.4928586031580067,-2.2252336548225924,0.438840307403018,1.626880129913199,1.0889298474116162
US1270551013,0.0949404109888,Cabot Corp,8.756227889033656,0.010842615358116004,4482.29672443,425.5510931911362,15,151010,mid,5.590786068592031e-05,,,,,,0.0029707497677836,0.0586989037403381,-1.1976371956220202,0.3928791081577421,0.0573162782144682,1.7171100309366345,0.6743994454412126
US68622V1061,0.09293019713648999,Organon & Co,18.752557276436544,0.004955601295683607,3591.6937860000003,333.77681158688614,35,352020,mid,4.4799335733336425e-05,,,,0.0018050541516245,,-0.0521080878978216,4.759415343359739,-4.857077503143194,4.7666403560319175,2.4393055225957023,-1.4824459998072357,2.285262314309564
GB00BNK03D49,0.09278349472378,Luxfer Holdings PLC,10.541720234330061,0.008801551612195343,487.94913951999996,45.27362641212691,20,201060,small,6.086208520157263e-06,,,,,0.0017921146953405,-0.0115528905306364,-0.4913264449147605,-1.9523913986102133,1.542282109483434,-1.909245486214888,1.2485235435753226,-0.4198064340298518
US75025X1000,0.09247172184642,Radiant Logistics Inc,7.139172594499822,0.012952722549061536,284.037086,26.265398410659675,20,203010,small,3.542805577143527e-06,,,,,0.0017921146953405,0.0186104836552232,1.4026287315292758,-0.6175893371460501,0.1414807745496453,1.331314752424564,0.945637563185942,1.8510577321701016
GG00BMGYLN96,0.09181378641969999,Burford Capital Ltd,15.583166111652293,0.005891857005300505,880.94088776,80.88251851717754,40,402010,small,1.0988009820273604e-05,-0.0018050541516245,-0.0018083182640144,-0.0017921146953405,-0.0018050541516245,,-0.1059530469987341,2.805753124606472,-3.8492999525753513,-2.803512736424504,-0.4881587153322438,5.463978032956627,0.526334553170777
US4571521065,0.09126439150121,Ingram Micro Holding Corp,9.610918417448337,0.009495907418745977,568.0096436700001,51.839054496361676,45,452030,small,7.084806289927168e-06,,,,,,0.03581475416556,0.943102532452478,3.616094625460052,3.58290005115859,2.8018090569882097,-2.96409966427594,0.3002458112081977
US12769G1004,0.09013460440285,Caesars Entertainment Inc,12.083632852123447,0.007459230639154243,6002.321712280001,541.0168930349951,25,253010,large,7.486719124443937e-05,,,,,,0.0156237427994892,0.5955604076337215,0.5141295815041598,1.2580324330149155,2.258636850614709,-2.346900847608953,0.9689535422200336
US2298991090,0.08629333108031001,Cullen/Frost Bankers Inc,5.192192972880724,0.01661982355644861,9754.246498260001,841.7264225133049,40,401010,large,0.0001216650944478,,,,,,0.0337191739762117,0.4843208951833452,-0.3228842038589359,0.6404935888871521,1.5444119744017542,1.1243101635308892,0.4325479855158819
US5319141090,0.08621708966565,Lifeway Foods Inc,14.384496270337642,0.0059937510528914936,130.47077934,11.248810881104017,30,302020,small,1.6273670850855529e-06,,0.0018083182640144,,,0.0017921146953405,-0.0163085068721934,3.326904897905269,0.8568182475320969,2.9306079146956097,5.27042210243788,-2.7618795598218275,2.417596669680396
US45774W1080,0.08505081976194001,Insteel Industries Inc,12.028534935862846,0.007070754685873059,600.31453314,51.0572431585633,20,201020,small,7.4877464277629745e-06,,,,,,0.0120973364350838,-0.2576609669021416,-1.411093505280898,-1.6761622854647735,-0.196950449354932,3.242547933473515,0.2702446033605074
US9202531011,0.08378328092253999,"Valmont Industries, Inc.",8.238644392122358,0.010169546946661763,9432.75962895,790.3075498671119,20,201030,large,0.0001176551762726,,,,0.0018050541516245,,-0.0015633239124531,1.6259114200660458,-1.161493252342221,-0.4006924283506727,0.0253332222945823,0.6996082717386118,1.9539714310238936
US7005171050,0.07938539714279,Park Hotels & Resorts Inc,8.216374369915622,0.00966185248732833,2959.66034375,234.9538117963601,60,601030,mid,3.6915958123468525e-05,-0.0018050541516245,-0.0018083182640144,,,,0.0157973591286037,0.6248370139298651,-1.0613126167988922,0.1289435646304209,0.7710278994092358,0.4412403117270782,0.8379571889651808
US0147521092,0.07902438539931,Alexander's Inc,7.944316136501729,0.009947286090015585,573.40008876,45.312589602168806,60,601070,small,7.15204152035809e-06,0.0018050541516245,-0.0018083182640144,,0.0018050541516245,,0.0132577165337348,-0.3978983682274365,-1.282637439275817,0.8349208942701616,-0.0191017545087142,2.2041025590216394,0.7246223381313245
US39304D1028,0.07761419379353,Green Dot Corp,7.967097826744697,0.009741840188404296,744.78101081,57.8055777067485,40,402020,small,9.289682400305509e-06,-0.0018050541516245,,,,,-0.0165050176597629,0.6341989261791978,-0.3506854258767332,1.8039180123316592,0.953087557718633,-0.3383037868898055,0.1274367758766555
US8317541063,0.07749388787582,Smith & Wesson Brands Inc,11.345029341814035,0.0068306467564789005,633.41743685,49.08597982984319,25,252020,small,7.900640228129005e-06,,-0.0018083182640144,0.0017921146953405,,,0.0674659802330024,-1.7000418994086888,1.918278736489748,2.77452266037611,0.724862074357555,-1.264677303901677,0.2372943481209596
US3802371076,0.07708445435077001,GoDaddy Inc,9.847946262061573,0.007827464965739274,11933.3446614,919.8753618036933,45,451020,large,0.0001488450702539,0.0018050541516245,-0.0018083182640144,-0.0017921146953405,0.0018050541516245,,-0.022395481467736,0.392069640249274,2.786199707841024,2.18313145387818,1.288187544295616,0.2134052961644106,-0.8137594804908678
US19247A1007,0.0758088118382,Cohen & Steers Inc,7.0576060351973675,0.010741434341918462,2342.18703952,177.55841656884238,40,402030,mid,2.9214189679177115e-05,0.0018050541516245,,,0.0018050541516245,,0.0244946686142118,1.119028796730117,0.939363070813669,0.1066047132522841,1.624145259264623,0.9601384574271818,0.4680405971124912
US46134L1052,0.07486067396472999,Investar Holding Corp,6.498337955169211,0.011519972411588848,394.4025176,29.525238280922284,40,401010,small,4.919397880996175e-06,-0.0018050541516245,0.0018083182640144,,,0.0017921146953405,0.0239650564227004,0.3711881649237203,-0.3324342682957341,-0.015984918855019,0.3375734764736161,1.1707539131632438,0.0590866186662125
US53815P1084,0.07385812347648,Liveramp Holdings Inc,11.282186118131666,0.006546437251002462,2233.7923218600004,164.98370912874887,45,451030,mid,2.786217816664264e-05,,,,,,0.005849495769396,0.8329919893154678,1.6004276095257364,0.1446571307695965,-0.2908731272389424,-2.811909008971756,-0.2174095320233161
US74837P4054,0.06497672347828,Quicklogic Corp,18.755923815805463,0.003464330742457199,215.37448191,13.994328155343887,45,453010,small,2.686374256371387e-06,0.0018050541516245,-0.0018083182640144,0.0017921146953405,-0.0018050541516245,0.0017921146953405,0.0221264331829994,-0.7490423890883431,0.4652567303979873,0.3602129617208442,-5.1633091995927245,-3.0667222142221093,0.9726866193257538
US7843051043,0.06244199697335,H2O America(Dover),6.738027963674604,0.00926710267603239,2457.41624744,153.44597788490958,55,551040,mid,3.0651448053489576e-05,,,,,,0.0311565418176371,-0.2357474694021183,-0.2371980508650704,0.8530934901289839,0.9765893438414373,0.9754158269369836,0.3339571283468208
US0477261046,0.062435551960779996,Atlanta Braves Holdings Inc,5.437917202963796,0.011481519418271231,3331.4602921600003,208.001562176431,50,502020,mid,4.155343328334475e-05,0.0018050541516245,,,,,0.0096775298159938,1.1747488962686663,-0.7334631528407802,-0.0781372722384448,1.1515883192353733,0.6954229031078778,1.3210834586101123
US97650W1080,0.058540876292080005,Wintrust Financial Corp,6.34800973078981,0.00922192604843352,10786.3578988,631.4428433957509,40,401010,large,0.0001345386599302,,,,,,0.0084503536543295,0.8605616341410621,-0.4400319075293876,0.5706501956151551,0.9031652912364154,0.916420459274393,0.4453744082907488
US89214P1093,0.05689110940600999,TowneBank,5.692892609732128,0.009993357209787052,3242.23128366,184.45413467828928,40,401010,mid,4.0440476403633664e-05,,0.0018083182640144,,,,-0.0005329043987449,0.5418790202922082,-0.9150720848107934,0.5732307505191745,1.037061124164118,0.5923601454761874,0.3104343674855333
US8960951064,0.052796474280410004,Trico Bancshares,6.341054529239623,0.008326134720488045,1690.10203968,89.23142886923361,40,401010,mid,2.108070821470107e-05,,,,,,0.0055340914239008,0.4926514259696659,-1.1038251250763926,-0.0488462167292156,0.0327010395773303,0.063346782065538,-0.1266725308668622
US58958P1049,0.05123449583056999,Meridian Corp,7.878725227376044,0.006502891565826734,207.35636376000002,10.623798754503875,40,401010,small,,,,,,,0.022220003554248,0.1089173530520847,-1.8971317816913889,-0.0878085121353018,0.516932212474903,1.6674355608036031,0.6314710736554121
US5588681057,0.046657612394299997,Madrigal Pharmaceuticals Inc,11.420380356134302,0.004085469217252339,10699.59744603,499.2176704119099,35,352010,large,0.0001334564934417,0.0018050541516245,,,-0.0018050541516245,,-0.0058626583821354,-1.2198355592486438,-1.25276212988365,0.6287782889036083,-1.5428704337590131,-2.395968866235423,-0.5186764145877187
US4385162056,0.04496954211142,Honeywell International Inc,7.314951070189117,0.006147620357255155,74105.05377125001,3332.4703362352707,20,201050,large,0.0009243152064843,,,,0.0018050541516245,-0.0017921146953405,-0.0067197782990319,0.5141546291386846,-2.375807051059162,-2.3470195647255654,-1.406030864950344,2.2019672328101016,0.3201644349406996
US01973R1014,0.04485871105728,Allison Transmission Holdings Inc,8.087551426680426,0.0055466368855836105,10332.706099199999,463.5118773438075,20,201060,large,0.0001288802434595,,0.0018083182640144,,0.0018050541516245,,0.0517254379020386,1.7895620281770996,-0.4232963842097792,0.1281024972310105,3.046564138777658,2.2252410029821164,1.842352851312084
US05329W1027,0.04394264323651,"AutoNation, Inc.",7.07570234820169,0.006210357795460143,6351.2256425,279.0896425229515,25,255040,large,7.921908348245053e-05,,,,0.0018050541516245,,-0.0018251943587377,0.5591354528909367,0.2097754501348207,1.147352987084155,1.586506983973898,-0.6731369209054,-0.3320870359778899
US4538386099,0.04079634978048,Independent Bank Corp,5.7985049999347655,0.007035666914306182,809.44215145,33.02228513761847,40,401010,small,1.009620331245095e-05,,,,,,0.0003307508731896,0.7268661614989539,-1.8479801396755289,-0.7275005936535479,0.0083994951627311,1.091530109884504,0.1229587608863315
US6494454001,0.03788252589709,Flagstar Bank NA,8.333742043525474,0.0045456801637532235,5367.642101639999,203.33984092168785,40,401010,mid,6.695080787373164e-05,-0.0018050541516245,-0.0018083182640144,,,,0.0021016712563531,-0.0452335296468109,-1.0852159272326398,0.5309793471645438,0.1488792180806002,0.6905859541963988,0.5527597781466717
US9741551033,0.03484860503697,Wingstop Inc,18.01834334866533,0.0019340626584047939,3412.48697098,118.92041064548813,25,253010,mid,4.256408218720272e-05,-0.0018050541516245,-0.0018083182640144,-0.0017921146953405,-0.0018050541516245,,-0.1020153590136891,3.706746645502387,-5.561193409559903,-2.867411251476028,1.0177546845180645,3.579220088530413,2.972529416662821
CA11285B1085,0.03484455370535,Brookfield Renewable Corp,7.930903649352273,0.004393516205205166,12439.26232276,433.44054406034763,55,551050,large,0.000155155400843,,,,-0.0018050541516245,,-0.0065630586221488,0.63846861913657,-0.4327869956406921,-2.4833286202523457,-1.6546677034168042,1.2502668535262025,0.79263588557025
US64110Y1082,0.03348181011378,Net Lease Office Properties,6.552039211069609,0.005110135796686442,170.7918787,5.718421251609147,60,601040,small,2.1302937194236e-06,-0.0018050541516245,-0.0018083182640144,,-0.0018050541516245,0.0017921146953405,0.0148983630960232,0.6160875148168796,1.8799948563585729,1.7007215806819231,2.152353972066295,-1.9838594839585688,0.2812419959876735
US98983L1089,0.03342072713815,Zurn Elkay Water Solutions Corp,6.955245026541536,0.004805111395876776,7461.715099440001,249.3759443209981,20,201020,large,9.307026149871185e-05,,,,,,0.0151334150752542,1.8118699296077287,0.885334190781168,0.0598697592369659,2.438366610038971,-0.5015250877103701,1.4424349470135196
US2855121099,0.033123786119689996,Electronic Arts Inc,3.685462927318973,0.008987686695789456,52821.071939999994,1749.6338895533186,50,502020,large,0.0006588392765715,0.0018050541516245,,,,-0.0017921146953405,0.012637026846485,-0.2103666832831584,0.6845626869081375,0.4141955310018125,-0.1036446454232709,-0.8943765211787528,-0.2026168232301034
US4404071049,0.032368342406280004,Horizon Bancorp Inc,7.086449311227966,0.004567639022690067,1029.50674624,33.32342687187154,40,401010,mid,1.2841077528467385e-05,,-0.0018083182640144,,-0.0018050541516245,,0.000921680816993,0.5500081192802573,-1.117596711540586,0.3187088338590309,0.2104341609709433,0.1299924233516992,0.2486316837647143
US6882392011,0.03220919890937,Oshkosh Corp,11.874283110595483,0.0027125173460475745,9355.48326229,301.3326212883803,20,201060,large,0.0001166913051576,,,,,,0.025756165057673,1.848698889021684,-2.0755430695976727,-2.013997455288948,2.017037602455799,3.3577662919757616,2.4516338929071795
US16115Q3083,0.02797147326982,Chart Industries Inc,0.6520322052026402,0.04289891365278032,9987.90603008,279.3764465418567,20,201060,large,0.00012457953884,,,,,,-0.0004631235759752,0.0692242308355874,-0.2275943629604088,-0.0543693906784888,-0.0023723664737093,0.0284253171030999,0.0037393094564597
US43689E1073,0.02035305709044,Home Bancorp Inc,6.089982812478997,0.0033420549313759157,487.68659642,9.925913139178633,40,401010,small,6.082933809900164e-06,,,,,0.0017921146953405,0.0216784750468531,-0.0770973427265813,0.0252971468517114,0.9034326450087828,0.5976436233540895,0.1017613276568386,-0.0931450659308663
US45337C1027,0.019948675393440002,Incyte Corp,9.421267426499147,0.002117408888885849,23820.42190464,475.18586431045117,35,352010,large,0.0002971130452087,,0.0018083182640144,,0.0018050541516245,-0.0017921146953405,0.01867300628736,0.9898122585524896,-0.9194787507570688,-2.0108560269594493,-0.3668288268361052,0.0018912467115936,0.471482531663601
US8716071076,0.01645453792726,"Synopsys, Inc.",14.81314199028192,0.001110806737561478,80352.252681,1322.1591892802935,45,451030,large,0.0010022367604992,,0.0018083182640144,-0.0017921146953405,,-0.0017921146953405,-0.016587038507852,1.4167388695239098,1.363183830767335,3.3716731821352903,2.861113545165328,1.9959712247513648,0.6739076988235772
US0024741045,0.01591173987447,AZZ Inc,7.897130289935337,0.002014876200630633,4457.083140629999,70.91994753259034,20,201020,mid,5.559337067842032e-05,,,,,,0.0221534697454346,1.356704312223314,-2.241855791579874,-0.1045095253632966,1.613704141690764,2.21943224715484,2.108469693399019
US1547604090,0.01564824875958,Central Pacific Financial Corp,6.184359050418622,0.002530294349342599,964.8730618999999,15.09857369402883,40,401010,small,1.2034899079815484e-05,,,,,,0.0200380268120558,0.2974275164397904,0.0658368250737163,1.3515140183203342,1.351687015840478,-0.0018220952868371,0.0913007770903359
US6820951043,0.01423024774714,Omega Flex Inc,12.117004789351135,0.001174403080177542,100.7983094,1.4343849152548707,20,201060,small,1.2572612180261517e-06,,,,,0.0017921146953405,-0.0090040510325936,2.011099107379348,-1.8121608591257783,-0.1305470707934777,2.605549886080995,2.737723736002386,1.968790425049774
US2577012014,0.01059637205239,Donegal Group Inc,6.00194899343194,0.0017654885211430213,711.21867906,7.536337733929117,40,403010,small,8.871058136198526e-06,-0.0018050541516245,,,,,-0.0010457067661759,0.325177825090655,0.7180974014732635,1.0738880963512527,1.0277630772587192,-1.8421175686913809,-0.0543103666256048
US8873991033,0.008910085489037198,Metallus Inc,11.006600188489674,0.0008095220446323707,778.05699873,6.9325543740280064,15,151040,small,9.70473508672807e-06,,,,,,0.0110780613839461,0.7081408925964615,-0.4902006073929436,1.5111732460024982,0.2342948649916802,1.7989172645051053,-0.1463327715173524
US00436Q1067,0.006681182276624224,Accel Entertainment Inc,6.58160499006961,0.001015129635811456,626.27621574,4.184265552873377,25,253010,small,7.811567500576368e-06,,,,0.0018050541516245,,0.0204937763349692,0.5244511757052187,1.0398268914765594,2.2761751546591342,2.372689651981114,0.7192147194484646,0.9731329202642834
US23285D1090,0.0031740428045707106,Cytek Biosciences Inc,16.96919934480352,0.00018704729316193096,554.5194963,1.7600686172251898,35,352030,small,6.916543159179078e-06,,-0.0018083182640144,,-0.0018050541516245,,-0.0250604403380314,0.7192411425006817,-4.851774028865327,-3.793076741033744,-2.8513616025110258,1.1733810922349208,0.3079284015552291
US05603E2081,-0.005805445895057989,BV Financial Inc,6.4162013360775205,-0.0009048104308096867,144.07667484,-0.8364293405234827,40,401010,small,1.7970739467431607e-06,-0.0018050541516245,-0.0018083182640144,,,0.0017921146953405,0.005519691628486,0.2418952179376848,-1.756410429031631,-0.0972930582047224,-0.0597729673967092,0.5872207823698501,0.8854540319409512
US98585X1046,-0.009039082903253975,Yeti Holdings Inc,10.374946370867228,-0.000871241409848214,3235.2562193000003,-29.243749179520726,25,252020,mid,4.035347615566061e-05,,,,0.0018050541516245,,-0.0261758581799517,1.3921375123417523,-2.7769916666065444,-1.3772044258776033,-1.5018031940961871,-0.3744986356082866,0.2288042788790029
US03076K1088,-0.009332556579160153,Ameris Bancorp,5.593066374525621,-0.0016685939258054485,5700.2641314600005,-53.19803752300766,40,401010,large,7.109961533730034e-05,,,,,,0.0011607132069099,0.4159774272468564,-1.3481934403406668,0.5951604862660319,0.2295410117752179,0.6003766004825835,0.7342755613430615
US55825T1034,-0.013628626033999999,Madison Square Garden Sports Corp,7.569938282286849,-0.0018003615783618839,8333.17204426,-113.56968546820282,50,502020,large,0.0001039399777312,-0.0018050541516245,,0.0017921146953405,,,0.05318748936196,0.7733896819887816,-0.9916994983473656,-0.7178828635366011,0.1370924020758184,0.7442217862647491,0.8132469185317872
US0584981064,-0.014325949869849999,Ball Corp,8.486520421788121,-0.0016880828841311503,16317.829996760001,-233.76841451831834,15,151030,large,0.0002035329256947,,,,,-0.0017921146953405,0.0309477303260009,1.561051182038263,-1.2597755035179323,-1.49891816320492,2.315370350798646,1.3305831316232273,1.5595466007292274
IE00BLNN3691,-0.014614979130279999,Weatherford International PLC,12.07407473663082,-0.001210442990380081,6654.4166238,-97.25416008102529,10,101010,large,8.300079633768403e-05,,,,0.0018050541516245,,0.0190403691566482,1.912691922462364,-2.264378890295303,-1.949219391212474,-0.0199584207907412,2.2502304592584337,0.5840873397889084
US05561Q2012,-0.01619433171028,BOK Financial Corp,5.441565830322327,-0.0029760425978933237,3532.0214831999997,-57.19872750677595,40,401010,mid,4.405504078883457e-05,,,,,,0.0228356574011681,0.2444132186908315,-0.9666658494484524,0.9585526917305756,0.9630533945183612,1.1153909509306326,0.2997171907590483
US6793691089,-0.01761780964645,Olaplex Holdings Inc,18.87481131180586,-0.000933403219529425,273.32808624,-4.815442194404789,,,small,3.4092318082753425e-06,,-0.0018083182640144,,,0.0017921146953405,0.0448587282209909,-1.4188209064947963,-2.071001151435629,2.7831113814183723,1.0397717647401692,1.223237149514552,0.0770527162310977
US58507V1070,-0.01917366240336,Medline Inc,12.932429645968094,-0.0014826032639070042,20369.7302233,-390.5623305490731,35,351010,large,,,,,,,,,,,,,
US6718071052,-0.021052870376640002,Oak Valley Bancorp,6.146160936682984,-0.0034253692009571764,230.62563018,-4.855331497710455,40,401010,small,2.8766024195655373e-06,,,,,0.0017921146953405,0.0126770478982348,0.2901345776416654,-0.6600974464387804,0.8150932805521944,0.8529550962011532,0.6513453719605975,0.3322425249235755
US81768T1088,-0.02127473655204,ServisFirst Bancshares Inc,7.072482888356361,-0.0030081001096609553,4658.9276022799995,-99.11745735353438,40,401010,mid,5.811098446794199e-05,,,,,,0.002223889671126,1.010649562382967,-2.138050857726448,0.3993997307252916,1.3837785410286547,2.4893284537299696,0.96114444114526
US4104952043,-0.022643867006549998,Hanmi Financial Corp,7.4208183514064086,-0.003051397559442819,943.70700576,-21.369175931578955,40,401010,small,1.1770894041618028e-05,,,,,,0.0132602195769655,0.5564449311446337,0.7890302919664645,0.9108029802678356,0.7943898386111203,-1.0567844682897238,0.4871410019030284
US29664W1053,-0.0227857755647,Esperion Therapeutics Inc,25.76250413722105,-0.0008844549987584342,809.3380300800001,-18.4413947093793,,,small,1.0094904602569328e-05,-0.0018050541516245,0.0018083182640144,,,,-0.0310387546163959,-0.809429716699976,-3.505183370827332,-6.077471042407007,-8.614004525209927,-1.722274198353698,-2.3225737316730264
US1156372096,-0.02799377764887,Brown-Forman Corporation,10.950772725452293,-0.002556328977936467,12889.419519760002,-360.82354405916624,30,302010,large,0.0001607702290001,,,,,,-0.009172577617907,1.029320666627909,-1.825871667383776,-1.6127096126491645,0.5937365004075298,0.6745320693762253,1.0521476814236406
US1535271068,-0.028139681733099997,Central Garden & Pet Co,7.71102865455821,-0.0036492772875984353,2083.72666502,-58.63540517243667,30,303010,mid,2.599040341540308e-05,,,,,,0.010373459841641,0.8968952169439145,-2.4439030275307068,-1.818453824561321,0.4830224289870638,1.0059682142641386,1.782551949305246
US98956P1021,-0.03015540737287,"Zimmer Biomet Holdings, Inc.",8.099793522462836,-0.0037229847019237226,19166.74563375,-577.9810225979087,35,351010,large,0.0002390675608006,,,,,-0.0017921146953405,0.0185582302406679,1.1540212313654556,0.6003338467151452,-1.2715449774872294,1.7681335347926603,1.0884093767408003,1.2543383039338576
US30190A1043,-0.03158861061271,F&G Annuities & Life Inc,10.551736530880552,-0.0029936883393802765,3516.71906528,-111.08826918742339,40,403010,mid,4.386417313730981e-05,-0.0018050541516245,,,,,-0.03528366495328,-0.026641823549295,0.4460452684800624,3.1008915254937035,0.753453162246702,-2.016740975947402,-1.1358411325805164
KYG367381053,-0.032658548578530004,Fresh Del Monte Produce Inc,7.984532676585968,-0.00409022667967766,1114.5447536,-36.39941397839135,30,302020,mid,1.3901759888601796e-05,-0.0018050541516245,,-0.0017921146953405,,,5.32776772067809e-05,0.927821042623022,-1.2968404862869336,-1.241084352938396,1.3332094905049925,1.7795814315501246,0.8702757564913739
US6092071058,-0.03279842186252,Mondelez International Inc,5.754269915270121,-0.005699840700117793,81024.7260282,-2657.4831455680082,30,302020,large,0.0010106245466102,,,,,-0.0017921146953405,-0.0129924204261926,0.4513890652112123,-1.9663630545301405,-1.04578085447069,-0.6182997960934091,1.0327567010751102,0.3457705839947513
US68403P2039,-0.03358999175114,Oramed Pharmaceuticals Inc,13.724198322408688,-0.0024475011918397237,177.71587775999998,-5.969474868005004,35,352020,small,,,,,,,0.0310963960369479,0.4851348421854564,-3.419084846984717,-0.542106681394402,-0.9053143127131712,1.6215427040036705,1.7427046065326603
US9660842041,-0.03660765113664,Whitestone REIT,5.603030200890989,-0.006533545211092864,854.3846333700001,-31.277014594915034,,,small,1.0656772630490104e-05,,,0.0017921146953405,,,0.0196950127566154,0.760469082279783,-0.3642425433115527,0.6151294379042124,0.9681233303716804,-0.6772060011509493,0.6773510871806018
US19623P1012,-0.03715285392709,Colony Bankcorp Inc,5.714569285955145,-0.006501426803661581,452.38535972999995,-16.807407188802753,40,401010,small,5.642620117112189e-06,,,,,0.0017921146953405,0.0177569304288242,0.3652417463008173,-1.4645340939008262,0.1129544430741448,0.5742225941325727,0.951918105940589,0.1553142817477216
BMG6964L2062,-0.0372957864293,Paysafe Ltd,17.973503777455026,-0.002075042623357711,187.34232153,-6.987079212952131,40,402010,small,2.336728033998701e-06,-0.0018050541516245,-0.0018083182640144,-0.0017921146953405,-0.0018050541516245,0.0017921146953405,-0.0212442169298122,0.7655441601321213,5.993225309784931,6.757569888978778,5.8132127752804905,-4.061828344317327,-0.2926081604959722
US87427V1035,-0.03872702508531,Talkspace Inc,13.255639899378908,-0.0029215507798401007,839.6012133900001,-32.51525725261125,35,351020,small,1.0472378460376704e-05,0.0018050541516245,,0.0017921146953405,,,0.0625670316330696,0.0919578275104231,-0.3240166186867863,-1.8753829353258944,-0.3487844045143466,0.1266561432589047,0.7707175121877398
US2053061030,-0.041794727445169995,TruBridge Inc,12.575760802953116,-0.003323435305429434,357.92086484,-14.959204992927328,,,small,,,,,,,-0.0176488790414841,5.27824394992617,1.0725568218004131,3.48175642469907,4.639872536463002,-3.969504878832661,2.0682479561699214
US5835433013,-0.042481174987410004,Soluna Holdings Inc,61.86592275025385,-0.000686665180100877,311.88677359,-13.249316605135515,45,451030,small,,,,,,,0.1635965570205554,-2.511582665658005,20.504216199165626,17.482910871504387,-6.118246426423196,-32.656017053619266,-0.0566012796506509
US03743Q1085,-0.04522869631847,APA Corporation,11.412992240831324,-0.003962913087477534,13875.5080728,-627.5711408891501,10,101020,large,0.0001730697497228,,,0.0017921146953405,0.0018050541516245,,0.0720858075577488,-2.629778733566281,-0.6204441132811134,0.9580276259070332,-0.5257026559381754,-1.3613084597777472,-0.7383780944447353
US05350V1061,-0.0480501280788,Avanos Medical Inc,21.640863397742674,-0.002220342469506648,1132.75503099,-54.42902432097456,35,351010,mid,1.4128897383945002e-05,,,0.0017921146953405,,,0.0168670186231123,4.072684180490393,-1.5345528596014664,3.417203333681358,3.7670772343141934,-2.1093133952060046,2.7518060238096163
US23331A1097,-0.04945510626478,D.R. Horton Inc,9.491354534622571,-0.00521054250838251,37113.93299822,-1835.4735003308951,25,252010,large,0.0004629235240634,,,,,-0.0017921146953405,-0.0265491103180634,1.7850642188481896,-2.1864207911167286,-0.6320035558077335,1.1959390819587497,1.0473424000688314,2.484666475195729
US9621661043,-0.050118397095539995,Weyerhaeuser Company,7.069350769684697,-0.007089533215760256,17643.24523694,-884.2511708389536,60,601080,large,0.0002200648813315,,,,,-0.0017921146953405,-0.0025264175619815,0.2326784665619636,-0.7389836227488326,0.9187965680329802,0.8415767346933669,1.4873545779524358,0.2483670814827385
US25401T6038,-0.05057100362945,DigitalBridge Group Inc,14.665933992632702,-0.0034481952294926383,2874.42851703,-145.36273496731872,40,402030,mid,3.5852858246948365e-05,,,,,,0.0894159993034005,-0.3997611965624313,3.530654391300002,3.331746750317366,3.0204288920020854,2.662625430855688,-0.6311269796842143
US1710774076,-0.05224127469176,Niagen Bioscience Inc,12.566326430646052,-0.004157243167291668,156.54365184000002,-8.178039917024682,30,303020,small,1.952575033829092e-06,,,-0.0017921146953405,,0.0017921146953405,-0.0910012248834114,1.6316530569367726,1.290837198066458,3.361447386117054,3.565899745953624,-1.0261211169696571,0.2055290834234572
US31620R3030,-0.05407390941583,Fidelity National Financial Inc,6.8886556067626294,-0.007849704282319667,12535.2799425,-677.8315921128157,40,403010,large,0.0001563530323337,,,,0.0018050541516245,,-0.0274651098974653,1.8784321501920465,-0.8735472156071638,0.1976204357267501,1.7133596467478214,-0.648954292112683,0.2738533340486943
US1261281075,-0.05442080701731,CNB Financial Corp,6.105909030148538,-0.008912809992517381,1009.4933348500001,-54.93744196113256,40,401010,mid,1.2591449472889602e-05,,0.0018083182640144,,,,0.022582003578222,0.2532736535782872,-0.503674439131488,0.2986847654426218,0.6876896733668775,0.1898663507162818,0.3092691314567527
US9884981013,-0.05504925939101,"Yum! Brands, Inc.",6.653430117366662,-0.008273816425503806,40348.767343139996,-2221.169759580027,25,253010,large,0.0005032717381635,-0.0018050541516245,0.0018083182640144,,-0.0018050541516245,-0.0017921146953405,-0.0086763432439763,0.9547695700648986,-1.6063099491235593,-0.7300087928173753,0.8786376702810162,-0.0507528342021557,1.178145641212189
US5582561032,-0.05714095038465,Madison Square Garden Entertainment Corp,8.142585619049056,-0.007017543696559042,3898.39473104,-222.75797990613762,50,502020,mid,4.8624828502273305e-05,0.0018050541516245,,0.0017921146953405,0.0018050541516245,,0.0392702545384909,0.98862286780812,-2.706677638907784,-0.6651250711314538,-0.6252343027414085,2.3304287113812028,0.9975359809185272
US7496601060,-0.059000904384450006,RPC Inc,13.136180690949674,-0.004491480878083489,546.75779082,-32.25920413762393,10,101010,small,6.819731106042153e-06,,,,,,0.0303228134130005,-1.2430542423498503,-1.4220303091785378,1.9733536909953335,-0.3009798494769975,1.9541907979539304,-0.0171248362012748
US70975L1070,-0.05961144290401,Penumbra Inc,7.486484424469742,-0.007962541498005214,12422.89668138,-740.5467962244992,35,351010,large,0.0001549512715641,0.0018050541516245,,,,,-0.0076376468742567,0.5363089065369309,-4.815261283562017,-1.5004551340664525,-0.8668281989435571,2.263729260783684,0.1810524078981253
US53115L1044,-0.06686245547601999,Liberty Energy Inc,17.78243852074491,-0.003760027366214063,3462.61996416,-231.51927318402593,10,101010,mid,4.318939295326586e-05,,0.0018083182640144,0.0017921146953405,,,0.0544726521495615,0.2153099887140637,-2.7268069539637336,-3.671456003098661,-2.9285616550867197,4.070701446397514,2.6046229361919
US2600031080,-0.06809478278213,Dover Corp,6.4392027003374555,-0.010575033269035219,27513.21697119,-1873.506533290796,20,201060,large,0.0003431734211309,,,,,-0.0017921146953405,0.0228665407892379,1.0353038883127892,0.277646874555831,-0.9422102175026522,1.1945293229030882,0.9208015210046612,1.4026790277672028
US5560991094,-0.06987971779608,MacroGenics Inc,22.458708174996467,-0.0031114753908186884,247.18342907000002,-17.27310826727896,35,352010,small,3.0831284865619894e-06,0.0018050541516245,0.0018083182640144,0.0017921146953405,-0.0018050541516245,0.0017921146953405,0.0833969703054637,-3.560597840526397,-0.1646676840189449,3.234931970850748,-2.0932922952190407,0.1844964664005686,0.918466200925986
US2274831047,-0.07292785034473,Cross Country Healthcare Inc,14.592331850485403,-0.004997683104520687,403.26077196,-29.408941227399172,35,351020,small,5.0298872307931375e-06,,-0.0018083182640144,,-0.0018050541516245,0.0017921146953405,-0.0438794172993315,-0.9500743449909396,-2.9680506589605784,0.5241726792743537,-3.1250863959905586,0.0824895836533302,-0.0687524028007167
US0304201033,-0.07427103356782,American Water Works Co Inc,5.6728791887697625,-0.013092299535454524,26961.53570304,-2002.4611232404613,55,551040,large,0.0003362922793014,,,,,-0.0017921146953405,0.0111848713071543,0.0307257666362471,0.0200453120891299,0.0266963453468819,1.1604521686086988,0.5858707252497533,0.4705107372290161
IE00B91XRN20,-0.07592933243755,Prothena Corporation PLC,12.55882845750501,-0.006045892950482615,367.60203755000003,-27.91177731385469,35,352010,small,4.585114455094306e-06,,-0.0018083182640144,,-0.0018050541516245,0.0017921146953405,-0.008687689616077,-0.3126022922726932,1.429497224643478,0.8135905809504997,-0.8279349088809573,-2.031389836453343,1.024554328636473
US30263Y1047,-0.07593086333615,FS Bancorp Inc,5.398968978496657,-0.014063956218043124,273.32732272,-20.753979587488086,40,401010,small,3.409222284860804e-06,-0.0018050541516245,,,,0.0017921146953405,-0.0042529095987426,0.47357801489345,-0.4622625896897449,0.8334797407751117,0.7888693488400996,0.4004215604396688,0.2098211839274098
US04271T1007,-0.07914741131696999,Array Technologies Inc,17.189420279747242,-0.004604425863635571,764.85829238,-60.536553866195156,20,201040,small,9.540107111112731e-06,,,,-0.0018050541516245,,-0.0427278132932907,-0.8709467635604109,0.6247003688080324,3.5648810625569425,-1.2011570159637834,3.086378369699549,-1.2588845854383774
US5770811025,-0.07962090448609001,Mattel Inc,9.979356248581043,-0.007978561192001863,4260.33578608,-339.21178870214686,25,252020,mid,5.313933330321653e-05,,,-0.0017921146953405,0.0018050541516245,,-0.0496496363165532,1.1708305391601894,-2.652050580566144,-1.999441020173192,-1.84751948118166,1.12043428831092,-1.05991266427833
US56064Y1001,-0.07964489912873,MainStreet Bancshares Inc,7.15469860095643,-0.011131831481773834,159.76780469999997,-12.724690689350133,40,401010,small,,,,,,,0.0170267687686727,0.4318257973451007,-0.6987372556853771,0.9947610510830966,1.5543137639741205,1.7671464079765065,1.0943477953834422
US50181P1003,-0.08339521885927001,LCNB Corp,6.9281707393415966,-0.012037119464407902,266.27158511999994,-22.205777117087138,40,401010,small,3.321215796439988e-06,-0.0018050541516245,-0.0018083182640144,,,0.0017921146953405,0.0123383123041317,0.8462376823663903,-0.7414700331252428,-0.2556831163779766,0.567203880362535,0.8715544880433544,0.0553990175263141
US60649T1079,-0.08398915952812,Mistras Group Inc,11.293359933947572,-0.007437039111420737,299.69984592,-25.17153816952786,20,202020,small,3.738167788393772e-06,,,0.0017921146953405,,0.0017921146953405,0.0373528767590041,1.5455469020831658,-2.650592221971726,-0.0966786973260922,0.7479201500765043,2.0325814312759256,2.314844541586344
US4570301048,-0.08598483942457,"Ingles Markets, Incorporated",7.39383328075327,-0.011629264031202232,1642.88133363,-141.26288766579896,30,301010,mid,2.049172251883108e-05,-0.0018050541516245,,,,,0.0015996456339481,0.3743392620918054,-2.251579157898925,-1.8865482812448235,-0.6078219015257169,-0.8069226865885195,1.0462506526619213
US1976411033,-0.08647544217929999,Columbia Financial Inc,7.662917394260971,-0.01128492423056322,569.77501682,-49.27154652222759,40,401010,small,,,,,,,0.0124943790520454,0.6503813846815563,-1.004671306732272,-0.8667045388834764,-0.2467739418513804,-0.3120911382159463,0.4327506264727995
US29670G1022,-0.08715357462125,Essential Utilities Inc,5.024717787094084,-0.01734496907370653,11436.82979166,-996.7605986779748,55,551040,large,0.0001426520210488,,,,,,0.009585904268346,0.0856134241326573,-0.0304275861865476,-0.3684725317454512,0.5831673599466461,0.2446518950766227,0.2537879196018883
US9229671048,-0.08760372258231999,Veradermics Inc,25.623665383560198,-0.0034188599199599825,4331.97304008,-379.4969644372577,35,352020,mid,,,,,,,,,,,,,
US14888U1016,-0.08895400984837999,Catalyst Pharmaceuticals Inc,5.801281602509386,-0.015333510066103721,3613.03707,-321.394135107342,,,mid,4.506555134149739e-05,,,0.0017921146953405,0.0018050541516245,,0.0074134999543806,0.5012295457694594,-0.421921517775115,0.2099311302521502,-0.8446457551493655,-0.9732755011456824,-0.2661619333417612
US9297401088,-0.09033965007006,Westinghouse Air Brake Technologies Corp,6.797830240285983,-0.01328948309633861,49889.67790516,-4507.016044060159,20,201060,large,0.0006222758852141,,,,,-0.0017921146953405,0.0422300342401444,1.5526854503881395,0.0768822053661042,-0.9749713250644222,1.5336359654201877,0.526829914723451,0.7411618706518213
JE00BJJN4441,-0.09088842328849,Clarivate PLC,19.97234888449483,-0.004550712778658176,655.5349390499999,-59.58053702077089,20,202020,small,8.176512689891425e-06,-0.0018050541516245,-0.0018083182640144,-0.0017921146953405,,,-0.0854374219978626,-0.0787429141582238,0.6528392319644871,1.1116992616238122,-0.5900091289072731,-2.4538425977983462,-0.9771453842444624
US0259321042,-0.09285273536748,"American Financial Group, Inc.",5.259475467671439,-0.017654371797762046,9564.42858448,-888.0833562958827,40,403010,large,0.0001192974882557,,,,0.0018050541516245,,0.0050566767293199,0.4139113427637955,0.2640533259378445,0.6035273670941765,0.9132225350845962,-0.4015724420421724,0.2793564988251747
US90984P3038,-0.0952291824267,United Community Banks Inc,6.303598950284922,-0.01510711312343176,4456.221716409999,-424.36235076583006,40,401010,mid,5.558262610075308e-05,,,,,,0.0039174940175169,0.3632198290035076,-1.3495573676361992,0.7946838068421755,0.6374528201105597,1.712283516978936,0.272539796553082
US31425A1097,-0.09540214902072,FB Bancorp Inc,3.434240446521601,-0.027779694085587066,221.61940875000002,-21.14296785945136,40,401010,small,2.764267470772289e-06,-0.0018050541516245,,,,0.0017921146953405,0.0255523116300449,-0.0663796286684485,0.3942307350143607,0.6669627819072002,0.7141897294862937,-0.3809593264180931,0.2585852604912158
US89417E1091,-0.09579434819107,"The Travelers Companies, Inc.",6.131700902105455,-0.015622801849023147,76886.90823167999,-7365.331258480399,40,403010,large,0.000959013384937,,,,0.0018050541516245,-0.0017921146953405,0.0304953397626759,1.2288243547229962,0.0606899634647651,-0.4416903945097493,1.7511070912133966,-0.7856789279804832,0.3394895000868809
US46131B7047,-0.0959753153494,Invesco Mortgage Capital Inc,6.767435310463796,-0.014181933176517128,803.0155473499999,-77.06967038738729,40,402040,small,1.0016044030547976e-05,-0.0018050541516245,0.0018083182640144,,,,-0.0121199318127637,0.8982249380863415,-0.7881870868841231,-0.2863394369439256,0.49391177017081,0.7145112418743176,0.5967030931262596
US44980X1090,-0.09601270686833,IPG Photonics Corp,17.455163058922558,-0.005500533369079652,2128.667484,-204.37912716143754,45,452030,mid,2.6550951991527196e-05,,,,,,0.0037339081686026,1.997307808952279,-3.562696651176624,-4.860270020107982,-0.1390130416868218,2.922403502269063,3.834647162726536
US68347P1030,-0.09613821791341,Opal Fuels Inc,19.409632821506474,-0.004953118835245862,247.65754501000004,-23.80935503007153,10,101020,small,3.089042153048642e-06,0.0018050541516245,,,,0.0017921146953405,0.0065848800412863,-0.3585460726672025,3.502949609363724,3.466709170464429,2.020039566889095,-3.292742529477916,-1.4662364637055034
US29382R1077,-0.09688013966966,Entravision Communications Corp,30.60416844842459,-0.0031655864080387093,635.22556816,-61.54074176507992,50,502010,small,7.923193120004807e-06,0.0018050541516245,,0.0017921146953405,,,-0.0119766413421808,-0.4974018499702577,-6.864709745110366,-2.38383169755652,-9.937015901435206,-4.391050563503472,-1.122012810186463
US68571X3017,-0.10530947843923001,Orchid Island Capital Inc,5.283422390077843,-0.019932057417366256,1319.37958755,-138.9431762282569,40,402040,mid,1.645667270766701e-05,-0.0018050541516245,0.0018083182640144,,,,-0.0121414053949877,0.3681600018411421,-1.0877694199298258,-0.4728219622244538,-0.2714002541279098,1.6374618714537257,0.5138529330191915
US6951561090,-0.10531927321762999,Packaging Corp of America,6.991883503145167,-0.015063076089619357,22312.467408450004,-2349.9328511500103,15,151030,large,0.0002783042703602,,,,,-0.0017921146953405,0.0107854093345213,0.6101047684142036,-1.7348003045451703,-0.7011959627905594,0.3367620612196407,1.854239401620191,0.6092986051055019
US1404752032,-0.10573116188583,"Sonida Senior Living, Inc.",9.551410801653633,-0.011069690549539005,1460.8392036799999,-154.45622633345704,35,351020,mid,1.822110397973669e-05,,0.0018083182640144,0.0017921146953405,-0.0018050541516245,,0.0090628668409884,1.817477957099572,-2.246153922453142,-1.5012584342507873,0.7409926086909894,-1.2905854269142387,1.3444447925599954
US1640241014,-0.10643346921784999,Chemung Financial Corp,7.452508817366546,-0.01428156233372426,355.79733694000004,-37.8687449089965,40,401010,small,4.437873967077126e-06,,,,,0.0017921146953405,0.0236439967287317,1.1334824896412383,-0.8740604979102928,1.874184074694156,1.4504441260737098,0.6054200786765536,0.2297220146206361
US8725401090,-0.10940824322109,"The TJX Companies, Inc.",5.145605783350203,-0.021262461180976137,167860.66567980003,-18365.340537949636,25,255040,large,0.0020937325858688,0.0018050541516245,,,0.0018050541516245,-0.0017921146953405,0.0040212474505994,0.5377097006432137,0.0443116131648519,-0.4954098312327132,0.5065559328741135,-1.058905711096049,0.3196475583798485
US5894001008,-0.11206911516535,Mercury General Corporation,6.953432983401841,-0.01611709143280219,2799.2015019,-313.7040354874518,40,403010,mid,3.4914548772972056e-05,,,,0.0018050541516245,,0.002468839435745,0.849238585079293,-0.9646921633498778,0.0983265227940706,0.4386058274862023,-1.8495769507772968,0.6984166011028557
US2172041061,-0.11230558867396,Copart Inc,6.848539889321368,-0.01639847186245834,26730.120686500002,-3001.9419390233784,20,202010,large,0.0003334058308352,,,-0.0017921146953405,,-0.0017921146953405,-0.0335485977432245,0.8858694111814391,-0.5994792391406092,-0.3062330428961649,0.1822983433100468,3.115888480987324,0.039343571039178
US3722842081,-0.11466074625606001,Genie Energy Ltd,5.213071774876601,-0.02199485278692027,315.74965068,-36.20409057705907,55,551010,small,3.9383576249272765e-06,,-0.0018083182640144,,,0.0017921146953405,-0.0035364329383659,0.2813358188570443,-0.1298328169027564,-0.5624123535030241,0.111169036666839,0.7694533985522536,0.7016931061502887
US49271V1008,-0.11714955718107,Keurig Dr Pepper Inc,8.866723291697074,-0.013212271695765053,38206.656331850005,-4475.892870645552,30,302010,large,0.0004765531045353,,0.0018083182640144,,,-0.0017921146953405,0.0049994117719128,1.4525497946941617,-0.3350816055717049,-1.5495119791996814,0.6691777255577644,0.7971528806016562,1.3395742287087675
US6378701063,-0.11911849996419,National Storage Affiliates Trust,10.04758808065357,-0.011855432269715582,3096.8425251399995,-368.8912362199911,60,601080,mid,3.862703678632034e-05,,,,,,0.0112922413854411,0.6198131432923784,-2.1146828990483217,-0.0528121061108511,0.6136347779402409,0.5254747575753895,1.6700416427066596
US21037T1097,-0.12203071418544001,Constellation Energy Corp,11.886370775423616,-0.010266440151585376,99832.26196260001,-12182.602226044017,55,551010,large,0.0012452116709152,,0.0018083182640144,-0.0017921146953405,,-0.0017921146953405,0.0193873898787874,1.1339369562613442,4.139837142001723,-0.7945600937904977,1.6016967514965093,-2.000633138181753,0.2751146000418392
US28414H1032,-0.12664394420945999,Elanco Animal Health Inc,10.451618475213916,-0.01211716104159341,11695.480518400002,-1481.161782275076,35,352020,large,0.0001458781815835,,,,,,0.0017541014356649,1.0766509469584793,-1.353421784345905,-3.0420345112108844,-1.0723495281562343,-0.6988125161216436,0.3722196980368207
US0268747849,-0.12750679302681,"American International Group, Inc.",6.423871881960061,-0.019848900378116655,39956.179942439994,-5094.684366062674,40,403010,large,0.000498374980306,-0.0018050541516245,,,,-0.0017921146953405,0.0228523481789821,0.8581781367329916,3.062360344610606,0.6887523307747738,2.3420320450798267,-0.7013331911874661,-0.1828309030072428
US68386H1032,-0.12846454789844,OppFi Inc,12.731491998127561,-0.010090297972722559,959.9905771499998,-123.32475548033722,40,402020,small,1.197399965838353e-05,,,,0.0018050541516245,,-0.031732498825248,1.198638544895946,2.13032095738326,3.1460671221942293,3.039711976718887,-4.065255972781646,0.4479898479340645
US55272X6076,-0.13077388941038,"MFA Financial, Inc.",4.837337550556518,-0.0270342699974152,917.34829333,-119.96520426273827,40,402040,small,1.1442120800354291e-05,-0.0018050541516245,,,,,-0.0155112090841509,0.9137627483920292,-1.073741231984599,-0.3072013361087018,0.8727647700302135,0.5629914069698021,1.080126057829865
US9174881089,-0.13141745948803,Utah Medical Products Inc,7.08759774597913,-0.018541890242372253,210.29273265,-27.6361366736585,35,351010,small,2.622989400986788e-06,,,,,0.0017921146953405,0.0102502851017928,0.8303449689807159,-1.0117970453595315,-0.1082875042703092,1.096739404551187,1.170243679352617,1.4751661883390037
GB00BD9G2S12,-0.13294933523367,Gates Industrial Corporation PLC,11.186208769846475,-0.01188511120872766,6593.24273424,-876.5672385514328,,,large,,,,,,,-0.0106310100473863,2.167723074743184,-2.3088629213798333,-1.7760210142898438,1.1304926937246484,1.2327321965791405,2.4651399334857524
US9047081040,-0.13314430569961,UniFirst Corporation,9.846724127450287,-0.01352168538249547,5147.30491486,-685.3343391132249,20,202010,mid,6.420253360726386e-05,,,0.0017921146953405,,,0.0438000319321889,0.4218896877730731,-1.2051866778833649,0.2909927206060003,1.208586683805792,0.4345899384112499,-0.0059258214466777
US7616241052,-0.13374721051007998,REX American Resources Corporation,9.677232723768965,-0.013820811623303592,1251.93338635,-167.44259816875075,10,101020,mid,1.5615413627264725e-05,,,0.0017921146953405,,,0.0452432690221888,-2.107027881562893,1.4344410799184346,1.9339303076930487,-0.1976978613556767,-1.8777739272899063,-0.4327147161120482
US32020R1095,-0.13454495686511,First Financial Bankshares Inc,6.200498077229887,-0.02169905629988016,4863.6810915,-654.3837626615186,40,401010,mid,6.066488267103866e-05,,,,,,-0.0141198517776035,0.7642652357697324,-1.2219600680508709,0.4671086531833441,0.7439467216708093,0.9387317125785856,0.5507280702296329
US75700L1089,-0.13488736978427002,Red Rock Resorts Inc,8.845665291324263,-0.015248979623563889,6157.9711136099995,-830.632526722365,25,253010,large,7.680861225701436e-05,0.0018050541516245,,,0.0018050541516245,,-0.0088724490735159,0.2727468900176679,-1.772330619360142,0.1089265056819281,-0.0711165089034735,1.0914189735571564,0.4253343335028586
US25520W1071,-0.13533250021367,Diversified Energy Co,11.00053013942584,-0.012302361658793066,,,10,101020,,,,,,,,0.0076258729947486,-2.0112255830643453,-0.4000256652671131,0.2243278334081557,-0.6096662553642,-1.38643974121853,-0.4856021220440965
KYG851581069,-0.13558466375918002,StoneCo Ltd,13.660278414178858,-0.00992546854817016,2147.29380768,-291.14010890646216,40,402010,mid,2.678327884836301e-05,,,,0.0018050541516245,,-0.0518969811299217,1.8040669894618588,-0.9804045090899484,-1.3268203750837475,0.3642097392046337,-1.1075066061205463,1.0579868611515597
US7105771072,-0.13586533619114,Peoples Bancorp of North Carolina Inc,7.401010717609585,-0.018357673211831592,186.581691,-25.3499841748264,40,401010,small,2.327240659931536e-06,,,,,0.0017921146953405,0.0283000385639769,0.1023489722711474,-0.3714860832420528,0.2620802706656304,0.2594750178529244,0.5009207266084477,-0.0917869434506066
US55616P1049,-0.1364943041967,Macy's Inc,14.573175414021067,-0.009366133345610924,6108.743890080001,-833.8087467923121,25,255030,large,7.619459919088478e-05,,,0.0017921146953405,,,0.0197532310728552,0.2217446572278205,1.1352886397104631,0.4500593134103517,-0.7775112069559091,-4.192447727713861,0.5885744294571305
US3025201019,-0.14085034927536,FNB Corp,5.923505233252609,-0.023778209645983345,6779.512684349999,-954.8967295074308,40,401010,large,8.456112434708777e-05,-0.0018050541516245,,,,,0.0110575126461558,0.4610964404271801,-0.2788612370972307,0.6618151551255321,0.8120958399719723,0.6668774929701408,0.3761943073556405
US06652K1034,-0.14218270603412,BankUnited Inc,6.1583629897015735,-0.023087743653936513,3411.42585651,-485.04575971335737,40,401010,mid,4.255084686531132e-05,,,,,,0.0082156444223439,0.2539627039262714,-1.2299011567724354,-0.7189135556002764,-0.5296404045725103,1.2839923803047606,0.4105933112079701
MHY2106R1100,-0.14299965548646001,Dorian LPG Ltd,12.795813875345667,-0.011175502932407027,1738.28014208,-248.57346145639474,10,101020,mid,2.1681635552333707e-05,,,,0.0018050541516245,,0.0440334393460084,2.6111046745653983,-1.2063396428487294,-1.6220730925952835,2.163928683301829,1.609906938199459,0.190575022936454
US8536661056,-0.14794728198971,Standard Motor Products Inc,8.343691369834625,-0.01773163404924005,826.6709908899999,-122.3037262019158,25,251010,small,1.0311099294223351e-05,,,,,,-0.0177991850427415,0.6859856012839836,-1.696804553177146,0.043720938990958,0.0065636118334736,1.1340046879717034,0.8582349739700434
US87043Q1085,-0.15117808611154,Sweetgreen Inc,20.266524647962477,-0.007459497310839572,730.5202244000001,-110.43864939056473,25,253010,small,9.1118070589573e-06,,,-0.0017921146953405,,,-0.0912806411485271,1.949056344410599,-1.126198350714679,3.311964055710746,-0.5614147896802142,-1.650408570562378,1.09636805702785
US70202L1026,-0.15406186152675,Parsons Corp,13.78738380314805,-0.01117411858017424,5061.03471414,-779.7124293119114,20,202020,mid,6.312648205161558e-05,,,-0.0017921146953405,,,-0.1035458706778149,1.2411592722400668,-5.354324211017429,-4.1742532405688495,-4.3521742740002765,2.6769404415340854,0.8257197054952201
US34959J1088,-0.15468197919771,Fortive Corp,6.359601085285681,-0.024322591483859006,18530.47046619,-2866.3298471749813,20,201060,large,0.0002311312759866,,-0.0018083182640144,,,-0.0017921146953405,0.023838699950223,1.3398017899725014,0.7042405228068004,-0.4609926258008633,1.463812296633713,-0.2907428253756416,1.137653696795205
US5116561003,-0.15951129273453,Lakeland Financial Corp,6.305177786845149,-0.025298460745599827,1510.93969845,-241.0119445436804,40,401010,mid,1.884600939187293e-05,,,,,,-0.0156293463225284,0.3480356340688626,-0.9905863657792152,0.8444069746709042,0.6601907040311052,0.5237604141461507,0.2578206064178237
US7549071030,-0.16030394042462,Rayonier Inc.,6.828246966890158,-0.02347658794444989,6362.46414045,-1019.9280725244779,60,601080,large,7.93592617027551e-05,,0.0018083182640144,,,,-0.0268119276464314,0.3793294498456967,-1.5087774105274516,0.9558245774060028,0.6752641294269975,0.812380975305589,0.4458693727672024
US4368932004,-0.16131299595392,Home BancShares Inc,5.666654275426519,-0.028467061534608668,5890.870973200001,-950.2740454648765,40,401010,large,7.347706185834438e-05,,,,,,0.0024723630824183,0.2150316006188418,-0.9074650617976244,0.2474358005471488,0.4222460928433644,0.7940591677434776,-0.140939998727091
US5529531015,-0.16188933702953,MGM Resorts International,9.421378019310398,-0.017183190898159034,8407.9173958,-1361.1521730051143,25,253010,large,0.0001048722793966,,-0.0018083182640144,,,,0.0064803500650445,0.3581273984718485,0.0442060831783456,0.4346620924272665,0.8061365760611914,-0.8067241639187438,0.9554298713949348
US37890B1008,-0.16361696338431,Global Business Travel Group Inc,19.14733513614183,-0.008545155877878402,2089.3098534,-341.8465337822259,25,253010,mid,2.606004274035696e-05,,0.0018083182640144,,,,-0.0396619366839419,-0.8263188469868337,-0.0182457978267313,1.1059110750302992,-4.452178794072537,-1.6942665623256967,-2.3908109399892816
US4990491049,-0.16720883105581,Knight-Swift Transportation Holdings Inc,9.715125323475998,-0.017211186216173683,11417.87525979,-1909.169575330539,20,203040,large,0.0001424156004385,,-0.0018083182640144,0.0017921146953405,,,0.0379696016607458,1.5141755215866493,0.0848484100406974,-1.424174016755474,0.0121752692460623,1.4095255860480274,0.9235108364952348
US83444M1018,-0.16729064531528,Solventum Corp,8.876897711806038,-0.01884562047986516,12071.41693346,-2019.4351286683218,35,351010,large,0.0001505672510521,,-0.0018083182640144,,0.0018050541516245,,-0.020895699005389,1.5901709607556251,-2.6445323129491323,-1.7918372647779106,-0.9281808336140658,-0.1059682077372187,-0.0538359112028312
US3830821043,-0.16871817777005998,Gorman- Rupp Co,9.695269140038496,-0.017402113890093624,1681.49283796,-283.698407554018,20,201060,mid,2.0973325308131016e-05,,,0.0017921146953405,,,0.050381924966468,1.2925583622354502,-0.7406003514177835,0.3819909984346685,1.946246026479992,-0.032340504973781,2.5709007164021944
US5805891091,-0.16874329208694,McGrath RentCorp,6.516185252378745,-0.025896024368757774,2932.6945291499997,-494.87252953412934,20,201070,mid,3.657961247331952e-05,,,,,,0.0173484197573013,-0.0473864069666198,0.1039856538134048,1.4756079221618084,1.5603142990000038,1.6993402830034685,0.893755630380203
US00130H1059,-0.17016236184482,The AES Corporation,7.50160771107901,-0.022683452454266544,10457.0988407,-1779.4046367782412,55,551050,large,0.0001304317989432,-0.0018050541516245,,,,,0.002238677380552,1.889277243674352,-1.230001052498707,-3.0341653189194218,0.2275679864894699,1.3450333053169952,1.1687284966567169
US4180561072,-0.17063668625508,"Hasbro, Inc.",7.009376484204229,-0.024344060650703124,12835.540149,-2190.2140373193956,25,252020,large,0.0001600981895213,0.0018050541516245,,,0.0018050541516245,,0.0155355071448956,1.911796850186712,-1.7046909638438612,-1.9860608046795687,1.3035377721063757,1.544287249844728,0.7426044787369712
US5290434084,-0.17341063730782,LXP Industrial Trust,6.191143975193004,-0.028009466102331123,3477.8180008,-603.0906359593364,60,601025,mid,4.3378958653041495e-05,,-0.0018083182640144,,,,0.0257229944914725,0.938137747939862,0.9697837337205368,0.3060569013667207,1.1789908539262632,-0.4348942415194639,-0.1273034823378515
US29460X1090,-0.17504524307936,Equity Bancshares Inc,5.2174996104940226,-0.03354964181066527,928.741658,-162.57180928253786,40,401010,small,1.1584230679256886e-05,,0.0018083182640144,,,,0.0148577341131206,0.2228011289596328,-0.4404026541699496,0.2534740711201808,0.2418933969867313,0.2842520933630149,0.0077063230054866
US7458671010,-0.18075650490373998,"PulteGroup, Inc.",9.037133005129348,-0.020001531990416117,24244.16298304,-4382.290165130941,25,252010,large,0.0003023983840951,,,,,-0.0017921146953405,-0.0095507854333255,1.5836221065987592,-2.299353748061018,-1.2948979679990504,1.0529972119743731,1.5075064831743668,2.2095186665626616
US6247581084,-0.18512985479049,Mueller Water Products Inc,6.731717904946685,-0.02750113082641959,3923.0686323,-726.2771262308252,20,201060,mid,4.8932587028544825e-05,,,,0.0018050541516245,,0.0106902976114244,0.9974312445416004,-0.6858827918693828,-1.0198612759041348,1.3121670008973123,2.077671428407619,1.488157455682087
US2310211063,-0.18813362185405,Cummins Inc,7.626289309294846,-0.024669090592295603,86581.939934,-16288.973946933225,20,201060,large,0.0010799398909411,0.0018050541516245,,0.0017921146953405,,-0.0017921146953405,0.0058286260484958,1.692773042390038,-2.314877992974994,-0.4073785161877246,0.2486282624558917,0.3038739660515457,1.5553635331918498
US74365U1079,-0.18951744422687,Protara Therapeutics Inc,21.763423481756256,-0.008708071337477663,169.5878385,-32.13985372447919,35,352010,small,,,,,,,-0.0725875598760015,1.815937871135087,-9.04654002354036,-6.762996703805371,-6.169997178431874,0.627916073301954,1.1772803820673134
US3208171096,-0.19295474989683,First Merchants Corporation,6.503597476454598,-0.02966892563621854,2701.2612510800004,-521.2211891081396,40,401010,mid,3.369293623033412e-05,-0.0018050541516245,,,,,0.0013453420966169,0.3296517477031613,-1.1563139915300984,0.2805326978239708,0.5184489110931126,1.2724348295795949,0.3984883625460134
US22160N1090,-0.19603967787484,"CoStar Group, Inc.",12.564373639818474,-0.015602821397603097,12953.1604983,-2539.3334115478337,60,602010,large,0.0001615652726947,,-0.0018083182640144,-0.0017921146953405,,,-0.0725430782672985,-0.2166121093938805,-0.5190003521358628,1.6407870500489778,0.2203203330238244,2.851692609281146,-1.0169569415864317
US8851601018,-0.19963910158259002,"THOR Industries, Inc.",9.778943822228227,-0.020415200783626172,3925.7347748699995,-783.7301635065779,25,251020,mid,4.896584192810556e-05,-0.0018050541516245,,-0.0017921146953405,,,-0.0414066393345622,0.7388948410637766,-1.931214346801664,-0.8147634596168563,-0.876469167947689,2.861548402059296,-0.0846563937199018
US78473E1038,-0.20123620504446,SPX Technologies Inc,9.509125216358079,-0.021162430872009474,10486.999831559999,-2110.364048405025,20,201060,large,0.0001308047551605,,,,,,0.0125854020821264,1.3105034168123653,0.8551921356990209,-1.8833479985784745,0.2480255704751577,-0.1418841543532967,1.1668737394945308
US22002T1088,-0.20228265654445,COPT Defense Properties,6.098155866201823,-0.03317111943064187,4178.47066477,-845.2321463627296,60,601040,mid,5.211822647369991e-05,,,,,,0.0005837356191882,0.6280169128103587,-2.598330908360568,-1.1552581553010015,-0.2193776090484314,0.1670366146349737,0.910653517891041
US8589271068,-0.20246353486341,Stellar Bancorp Inc,5.592681055400523,-0.0362015163850445,1809.3921444,-366.3359295093096,40,401010,mid,2.25686183121172e-05,,,,,,-0.0019191552668872,0.6192873568146681,-3.773363494729383,-1.4887811904785433,-0.7620543611295274,2.1983360690621696,0.974374710769034
IE00B56GVS15,-0.20323486298179,Alkermes Plc,12.35136320421346,-0.016454447952146678,8082.6239044,-1642.6709617440745,35,352010,large,0.0001008148810766,,0.0018083182640144,0.0017921146953405,,,0.0137068890944275,-0.4200260263045112,-2.773037082398908,-0.4109608459594116,-2.636860531281916,1.7680187617698704,0.967448607179461
US0427441029,-0.20420320053647,Arrow Financial Corp,6.748534783007796,-0.030258894278893743,708.02847744,-144.58168116421183,40,401010,small,8.831266627805328e-06,,,,,,0.010692381524318,0.2927573008153172,-1.5910435801979717,0.2924600485807391,0.2410232677623611,0.5842844310279932,0.7324221706318891
US74275G1076,-0.20436970146584,Priority Technology Holdings Inc,15.479191422498753,-0.013202866731707444,139.0993684,-28.427696393994896,40,402010,small,1.734991810698488e-06,-0.0018050541516245,,,-0.0018050541516245,0.0017921146953405,-0.0593505953519468,0.9387055884110672,-1.4519974827641071,-0.3130472277066483,-0.724430517111075,0.5761134612759373,1.0904447221139988
US8631821019,-0.20680340551665002,Strawberry Fields Reit Inc,5.977906463214457,-0.03459462050623106,113.10015263999999,-23.389496730404932,60,601050,small,1.4107025853263972e-06,0.0018050541516245,,,0.0018050541516245,0.0017921146953405,-0.0042653297723298,0.5218925539847862,-0.924285828153186,0.0070814007778173,-0.1036813602697767,-0.3676030276346547,-0.1356421372368518
US8290731053,-0.20750558324923002,"Simpson Manufacturing Co., Inc.",8.175695126737203,-0.02538078781467997,7905.99298465,-1640.537685444119,20,201020,large,9.861175677205624e-05,,,,,,0.0004250213220468,1.0795895510542564,-1.0812446942011071,-1.5453067948576322,0.1645672304857129,2.219171856159632,1.5356680660512851
US29280W1099,-0.20925665860515,Energy Vault Holdings Inc,24.821736198423608,-0.00843037960488999,512.69236881,-107.28429198953981,20,201040,small,6.394831777632707e-06,0.0018050541516245,0.0018083182640144,0.0017921146953405,-0.0018050541516245,,0.078381468957509,-2.587988310353963,5.411985319620733,7.628883273096978,-1.5132942590008378,0.0202005108529332,-1.7934020308812255
US30225T1025,-0.20942478416488003,Extra Space Storage Inc,7.2061399390409235,-0.02906199240321063,30941.73903126,-6479.96701830767,60,601080,large,0.0003859375096055,,,,,-0.0017921146953405,-0.0093269646225327,1.59634009714336,-1.4618478397592212,-1.251363287578843,0.649439889072826,1.1261151559300653,1.1541103272968207
US2193501051,-0.21156066499575998,Corning Incorporated,16.122682996556936,-0.013121926731483812,129959.01765599998,-27494.21619749907,45,452030,large,0.0016209838617756,0.0018050541516245,,0.0017921146953405,,-0.0017921146953405,0.0972647698185581,1.474556875425225,-0.5965111202649687,-2.1280867287711405,0.7054794188492277,2.454930217094258,5.051308174903015
US7427181091,-0.21505613562307,The Procter & Gamble Company,4.501952336471839,-0.04776952742942822,335753.87431359995,-72205.93073035675,30,303010,large,0.0041878710812635,0.0018050541516245,,,0.0018050541516245,-0.0017921146953405,-0.0103252640999403,1.3362115527009468,-1.2666102912762955,-1.7197765000934608,0.5390631295076211,1.4545721867207204,1.2251282547312354
US61174X1090,-0.21998631198109,Monster Beverage Corp,6.872306435323987,-0.03201055046823142,65223.175202219994,-14348.205768432861,30,302010,large,0.0008135311910129,0.0018050541516245,0.0018083182640144,,0.0018050541516245,-0.0017921146953405,0.0037337135039136,1.3421437204398687,-2.0808832869598346,-1.8939525975089808,-0.8694673714481254,0.1570317328621738,0.717618099916756
MHY0207T1001,-0.22419809007921,Ardmore Shipping Corp,11.994802927434613,-0.018691269163449303,605.9088948,-135.84361697616495,10,101020,small,7.557525117471141e-06,-0.0018050541516245,,,,,0.0262385377147866,2.1306164470943485,-2.4058135093123445,-2.9698570262666086,0.7122857720748061,0.8058450667312136,1.4316260974882398
US04914Y1029,-0.22503696874954,Atlanticus Holdings Corp,15.024991548405882,-0.014977510504717448,542.54976714,-122.09375499295437,40,402020,small,6.767244263664619e-06,,0.0018083182640144,0.0017921146953405,,,0.0565180871001141,1.3567537090077946,4.932913887285855,6.215612443375505,5.252264716186317,-4.567406273064665,1.074004312777269
US9570901036,-0.22930558591469,Westamerica Bancorp,4.574820709726094,-0.050123403836829075,1317.6859206000001,-302.1527420747207,40,401010,mid,1.6435547534187783e-05,,,,,,0.0120142077975513,0.2149204718723519,-0.1420243831145482,0.8922161375106621,0.810393211709564,-0.0541111109358668,0.2701289003894069
US1156371007,-0.23065105226195,Brown-Forman Corp,10.48071278474512,-0.022007191399965383,3373.8195864800005,-778.1750377635892,30,302010,mid,4.2081782402377606e-05,,,,,,-0.0108769440312782,1.2351671931069976,-2.0140441979302324,-1.7368296990391987,0.5493917800471454,1.0595770791524235,1.0884485161579367
US4576511079,-0.23463486057412,Innovex International Inc,11.649139040362785,-0.020141819902839177,1208.2118784000002,-283.4886256323797,10,101010,mid,1.5070073564853353e-05,,,0.0017921146953405,,,0.0380380758716497,1.3527493973382343,-1.5969408778960632,-1.3753324229004382,0.0900170433765167,1.3149823231292623,0.2442762880997467
US0310011004,-0.23794988724716,Ames National Corp,5.535240081535879,-0.04298817824377644,275.62979431,-65.58607847802242,40,401010,small,3.4379411021995605e-06,,,0.0017921146953405,,0.0017921146953405,0.0335534936318568,-0.0477625416397474,-1.5578405772183292,-0.5660306932808226,-0.3948378165916775,1.4637034351909977,0.4523420375981619
US33830T1034,-0.23918550482241002,Five Star Bancorp,6.34496934649996,-0.037696873185738965,822.88221785,-196.82149868583662,40,401010,small,1.0263841781320116e-05,,,0.0017921146953405,,,0.027949218590026,0.303831007304407,-0.1216706082925842,0.1294639827788472,0.2074089996002365,0.8542538235651889,0.6037643317304663
BMG7738W1064,-0.24555335070574003,SFL Corporation Ltd,9.007299433692102,-0.027261595166608935,1491.3086111999999,-366.19582641648367,10,101020,mid,1.8601150080104425e-05,,-0.0018083182640144,,,,0.0255671136373066,1.7708526360253474,-3.0578123103795334,-3.262597651376948,0.3318611035713408,0.8725751281142567,0.7620464966685887
US8983492047,-0.25232931194684,TrustCo Bank Corp NY,6.324201918350837,-0.039898996775333824,943.5876342399999,-238.0948185093257,40,401010,small,1.1769405116024669e-05,,,0.0017921146953405,,,0.0075419596139513,0.5272014503480523,-1.4930388394617524,-0.6135595399441534,-0.6910182212863212,-0.102910411063568,-0.0676132866228367
US34965K1079,-0.25329220242493,Fortrea Holdings Inc,22.21500631748939,-0.011401851469451016,1649.93813294,-417.9164635572496,35,352030,mid,2.0579742250001856e-05,,-0.0018083182640144,0.0017921146953405,-0.0018050541516245,,0.0233498552863281,-0.0793276276933732,-0.3320686964418384,0.4417490497513912,-3.77770336182073,-0.0001060066694589,-3.396407959295785
US09062X1037,-0.25770139229201,Biogen Inc.,9.619783615679133,-0.026788689079449417,30830.284038840004,-7945.007121567202,35,352010,large,0.0003845473271674,,,,,-0.0017921146953405,0.0144919919837735,0.2946729073963801,-1.993777184528548,-2.669621964531137,-1.9382422511946984,-0.0271021857167758,0.7935052924727575
US7189681007,-0.26014960269613,Phoenix Education Partners Inc,12.088525146934845,-0.0215203756896757,141.9424266,-36.9262658857146,25,253020,small,,,,,,,,,,,,,
US50187T1060,-0.26185368455048996,LGI Homes Inc,18.17066067174893,-0.014410796023372467,1219.70664225,-319.3846783438688,25,252010,mid,1.521344819965624e-05,-0.0018050541516245,,,,,-0.0425663579444655,2.4472730476612745,-8.267795554499248,-3.284402407149207,-0.8767678892461288,4.349175623309841,3.627686335378224
US2933891028,-0.26296999039475,Ennis Inc,5.497139938814364,-0.04783760161133318,525.9644765900001,-138.31287335685204,20,202010,small,6.560375292127975e-06,,,,,,0.0182329540967288,-0.1010616187485653,-1.6018683117138035,-0.4409773939436294,0.2321758884276151,1.1759412034046015,0.6099228029515931
US3061211047,-0.26860539896032,Falcon's Beyond Global Inc,49.66019081220855,-0.005408867637582367,294.97290759,-79.23131552569754,20,202020,small,3.679208503484275e-06,0.0018050541516245,-0.0018083182640144,0.0017921146953405,-0.0018050541516245,0.0017921146953405,-0.006935144173056,-1.3012825077827324,2.4391631363899995,5.407313230986176,-1.317667735284248,-17.847211504777235,2.141651586107584
US27616P3010,-0.27391898067702997,Easterly Government Properties Inc,5.32870055726577,-0.05140446113143606,1077.6788729,-295.1966983619385,60,601040,mid,1.3441930330463504e-05,-0.0018050541516245,,,,,-0.0123520072128797,0.8625680209865918,-2.0030458162872677,-0.3385306697160458,-0.0284230140680799,1.3651577561080304,0.7909935254468387
US0634251021,-0.2750392418861,Bank of Marin Bancorp,6.019110672677457,-0.04569433207709327,411.0867313,-113.0649829261869,40,401010,small,5.127500724815008e-06,,,,,0.0017921146953405,0.0029373521290758,-0.1253192830279543,-0.2201708058353132,0.2974090663767132,-0.15873194156695,-0.723472207849535,-0.2779591434918417
US15202L1070,-0.27618191219492,Centerspace,6.934594854148039,-0.03982668317381474,932.9222996,-257.65626463281006,60,601060,small,1.163637598388981e-05,,-0.0018083182640144,,,,-0.036973566547655,1.3623229087010371,-1.006581543253501,-0.4892444047629166,-0.4259876397132714,-0.6039907970989391,0.026998410266869
US5324571083,-0.27672277358453,Eli Lilly and Company,9.1105996608785,-0.03037371675684482,1108464.691662,-306737.4238972295,35,352020,large,0.0138259230405103,0.0018050541516245,0.0018083182640144,0.0017921146953405,0.0018050541516245,-0.0017921146953405,-0.0030306100836683,0.9027459554490264,-2.585433206830296,-4.133788604870791,-3.679182407278396,0.0758352217130267,0.017989925026767
US5128161099,-0.27793047293582,Lamar Advertising Co,6.787764398899117,-0.040945804332999026,15663.5111904,-4353.367072983381,60,601080,large,0.000195371581875,0.0018050541516245,,,0.0018050541516245,-0.0017921146953405,-0.0173937806128484,1.3058817694627,-2.3686993973188257,-1.9604132473828413,-0.9402050785139274,-0.2674611340303654,0.5186366549206376
US94724R1086,-0.27914671043068,Weave Communications Inc,15.934699055562909,-0.01751816645280339,386.53250581,-107.8992774713892,45,451030,small,4.821234919058882e-06,,,,-0.0018050541516245,0.0017921146953405,-0.0352046077116881,0.5812669899561937,2.687074962032153,2.3218808529192563,0.2558673328036439,-1.7190686198726386,-2.06603705551419
US9078181081,-0.28037881433372,Union Pacific Corporation,6.076525105122376,-0.04614130765252115,174183.966096,-48837.493889941354,20,203040,large,0.0021726033569218,0.0018050541516245,,,0.0018050541516245,-0.0017921146953405,0.0181415482824068,1.6750479149759243,-0.3061761254087592,-0.4105231860952653,1.6978137859970652,-0.4145153619359898,0.7461456312724356
US5917741044,-0.28352833057474003,Metropolitan Bank Holding Corp,8.169971665526464,-0.03470371038997597,1012.9637063700002,-287.2039085998873,40,401010,mid,1.2634735551299153e-05,,,,,,-0.0107769216562213,0.3158310593840227,-4.267836351687335,0.1955398185805466,-0.5129964672314182,2.711227574263022,0.9654140141454292
US69753M1053,-0.28513215782832,Palomar Holdings Inc,9.382254139046388,-0.030390581368040074,3278.40686847,-934.7792246460365,40,403010,mid,4.0891695874394246e-05,,0.0018083182640144,,0.0018050541516245,,0.029804651632497,0.8425894664685134,1.5147407163026545,1.1659881185320682,3.11419602555842,-0.7665292736143465,0.4912076303239983
US06417N1037,-0.28569128361252,Bank Ozk,6.512211925414306,-0.043870083910751166,5364.209288100001,-1532.5078370834913,40,401010,mid,6.690799025746163e-05,-0.0018050541516245,,,,,-0.0048881791739243,0.3536565886142401,-0.7521387465705556,1.030146085030108,0.8331203799413364,0.7336499953496691,0.4277345492823254
US8636671013,-0.28903394278985,Stryker Corporation,6.975427723998724,-0.04143601714851671,122995.5953226,-35549.901861875915,35,351010,large,0.0015341288252513,,,,,-0.0017921146953405,-0.0128029494443782,1.2007753123560505,-1.972354036011276,-1.892320609313285,0.4230357069952606,2.2482150278928588,1.1246329363384744
US5024311095,-0.2895306837148,"L3Harris Technologies, Inc.",6.724534641060564,-0.04305586916705012,54143.392591539996,-15676.173475667412,20,201010,large,0.0006753326332843,,,,,-0.0017921146953405,0.0044975328520544,0.1448296444631579,-1.9116727963471003,-1.4888267410655354,-0.8213788143719329,3.0240223689201216,0.4473820469422657
US84790A1051,-0.29269000199504,"Spectrum Brands Holdings, Inc.",9.11419946831841,-0.032113626985282764,1985.8370292599998,-581.2346440559336,30,303010,mid,2.476942219636932e-05,-0.0018050541516245,,0.0017921146953405,,,0.0418457971148287,1.7851868492891332,-1.3030046620938565,-1.6660602127014652,1.8627271348227596,0.4780029661716884,1.9747070271534533
US5178341070,-0.29571675592369,Las Vegas Sands Corp,10.18860536157311,-0.02902426244115825,13538.677206900002,-4003.613703122473,25,253010,large,0.0001688684452837,0.0018050541516245,-0.0018083182640144,,0.0018050541516245,,-0.0228531594916765,1.273699431760967,1.2253566758749277,-1.742270418603706,0.4127803429195388,-2.686194824375909,-0.1622204253864861
US7838591011,-0.29770795895009,S&T Bancorp Inc,5.437886676051986,-0.054746995788119646,1777.00311012,-529.0279689617872,40,401010,mid,2.2164628632806525e-05,,,,,,0.0093984517980378,0.4244018900257272,-1.4375099147687502,-0.012015595096221,0.1838312409963659,0.3382637828079723,0.1092890021507723
US1101221083,-0.30078620293428,Bristol-Myers Squibb Company,6.686839739979938,-0.044981817215673604,130284.4378352,-39187.761357877054,35,352020,large,0.0016250428402773,,-0.0018083182640144,,0.0018050541516245,-0.0017921146953405,0.042332433098066,1.1951229416693547,0.3749302213301287,-1.2773176654862275,1.5647915483194217,0.3041519669860081,-0.0785955433155018
US8962152091,-0.30315899123891,TriMas Corp,9.484256299522789,-0.03196444525167079,1127.5027139700003,-341.81258538627856,15,151030,mid,1.406338503028221e-05,-0.0018050541516245,0.0018083182640144,,0.0018050541516245,,0.0011019446744802,0.424900051151337,0.2463805410972562,-0.1820969218206475,0.4464343292596686,0.1641405030332153,1.0951069796418325
US7813863054,-0.30341930874060996,RideNow Group Inc,18.98744260934056,-0.015979998727756406,224.1188352,-68.00198205213468,25,255040,small,2.795442913709765e-06,-0.0018050541516245,,0.0017921146953405,0.0018050541516245,0.0017921146953405,-0.0051375896861345,1.2277812210243533,-4.215509896854409,-2.5029881889260053,-1.6820470231511924,-2.4834016421010574,1.4213703839790657
US82452J1097,-0.30396495591575,Shift4 Payments Inc,16.12777849297951,-0.01884729233155498,4450.627143250001,-1352.834683395427,40,402010,mid,5.551284477299724e-05,,0.0018083182640144,-0.0017921146953405,,,-0.0715609187605005,-0.1873417319579483,-0.6050013384279879,1.88153013260016,0.3304468252869115,-2.224973189094675,-1.165215070711647
US46266A1097,-0.30423645622546003,IRadimed Corp,6.558469751692177,-0.04638832955613812,702.5865017699999,-213.75242749034769,35,351010,small,8.763388654453793e-06,0.0018050541516245,,,0.0018050541516245,,-0.0009021277512831,0.2777640197268459,-2.2252588613479123,-3.0389853806491063,-1.6702868337570604,0.1551536390998665,0.2956987030353812
US1261171003,-0.30835236078211004,CNA Financial Corp,6.15807810868657,-0.05007282391354357,13736.480824639999,-4235.676291115929,40,403010,large,0.0001713356574706,,,,,,0.0179741609387995,0.9999404723553362,0.0910146705451926,0.5183817909750101,2.482237687564144,0.2177433085595526,0.5784523544038148
US4538361084,-0.30892158063581,Independent Bank Corp (Massachusetts),5.859441266774356,-0.05272202016726971,4034.3188926,-1246.2881690909026,40,401010,mid,5.032021583505042e-05,,0.0018083182640144,,,,0.0045305974427936,0.4264869615122088,-1.6219605332286813,0.0415805031228941,0.0753665099604803,1.3837821547183016,0.4026068787649385
US2480191012,-0.31676907540999,Deluxe Corporation,10.450766349981253,-0.030310607356613443,1079.40465,-341.92201297374385,20,202010,mid,1.346345601508761e-05,,,,,,0.0211015467362489,1.4193383705042966,-2.051200484038503,0.2751879863194642,2.4795259569476578,0.8485062791777456,0.913972825879962
US56117J1007,-0.31741755037268,Malibu Boats Inc,14.127406140263174,-0.0224682115896731,547.4646649,-173.77489284815812,25,252020,small,6.828547973825968e-06,-0.0018050541516245,0.0018083182640144,-0.0017921146953405,,,-0.0243551110348719,0.2023781691214086,-2.7931782592760857,0.2876838289891017,-0.5827913870171427,3.121847240841821,0.1631511189464867
US5663241090,-0.31805881513639,Marcus & Millichap Inc,7.433083832201203,-0.04278961764947583,1155.22569404,-367.4297154614762,60,602010,mid,1.440917483467076e-05,,-0.0018083182640144,,,,-0.0075791544039111,0.4629272840646121,-0.3455926514916918,0.3948828802772911,0.6084842882444206,0.323062394866875,0.6164769792549447
US2358252052,-0.31932045721107,Dana Inc,11.240830033025029,-0.02840719557834444,3249.60799995,-1037.6663123007847,25,251010,mid,4.053248647168941e-05,,-0.0018083182640144,,0.0018050541516245,,0.0213423586668662,2.1174561999120067,-3.264580587742577,-1.9881415887735767,0.4443460416405711,2.9640393750723346,1.5421594400315797
LU1092234845,-0.32160795068570996,Orion SA,18.775721552500016,-0.017128926299127364,354.35718282,-113.96408737750167,15,151010,small,4.41991086894746e-06,-0.0018050541516245,,-0.0017921146953405,-0.0018050541516245,0.0017921146953405,-0.0542746383802445,0.770654067711549,-3.860912219139146,2.881375986462821,1.617758756936738,2.3001923334039125,0.8721057771621791
US3198351047,-0.32398919465311,First Community Corp (South Carolina),5.466079879696391,-0.059272678369842215,308.87120544,-100.07093310204088,40,401010,small,,,,,,,0.0137234835931209,0.1675459756804215,-0.2100955774514492,0.9398633690931956,0.7528781494349696,-0.5909070666972188,0.1847522648512546
US3765361080,-0.32532646402651,Gladstone Commercial Corp,6.256878939516949,-0.051995006962948564,622.90090422,-202.6461486088084,60,601010,small,7.769467109229398e-06,,,,,,-0.0162877949558478,1.7414816211227715,-2.126695193444028,-0.9636817230505068,0.7721081311230871,2.046094884741643,1.1678088243510043
US2105021008,-0.32595422613724,Consumer Portfolio Services Inc,8.491515680345147,-0.038385871075020055,84.73630632,-27.62015715226372,40,402020,small,1.0569192313747307e-06,-0.0018050541516245,,,,0.0017921146953405,0.0032216349920351,0.2707054620534507,1.2185790873353883,0.8303382618584262,-0.5058497008445053,-0.1408602816658362,-0.3603268731219508
US88224Q1076,-0.32900509799299,"Texas Capital Bancshares, Inc.",6.482792188900132,-0.05075052360251715,4302.2096469,-1415.4489064647214,40,401010,mid,5.366162759139842e-05,,,,,,-0.0036076975241452,0.2623622211124383,-1.7841443934354777,0.1803875211308752,-0.2902397507440687,1.1807493550760666,0.391406267307364
US59165J1051,-0.33596136995695,Metrocity Bankshares Inc,6.109910825321315,-0.05498629678270011,800.82174552,-269.0451707162152,40,401010,small,9.988680655335515e-06,,0.0018083182640144,,,,0.0056006685613333,0.3683198545047288,-1.3004488222730264,0.9200277781223096,0.6749866786629666,0.6374945803333227,0.6884388270628001
US32043P1066,-0.33621976912351,First Guaranty Bancshares Inc,17.15949345099444,-0.019593805031816083,69.11568976,-23.23806125391934,40,401010,small,,,,,,,-0.0082880846946921,0.6873137233411575,-7.82127745616197,-0.7784610361774522,-0.4387588635705319,7.156357995286185,2.996456390874048
US0668491006,-0.3371089545917,Bar Harbor Bankshares,6.30032292432932,-0.05350661523870791,662.16974368,-223.22335005421874,40,401010,small,8.259268865070683e-06,,,,,,0.0208675145974591,0.2438269189481618,-0.56085182791096,1.157322594682551,0.978731672192828,1.2060118890505198,0.2525452758313005
US88146M1018,-0.33766795456775,Terreno Realty Corp,6.679967739366288,-0.0505493391199796,7291.19585815,-2462.0031917743613,60,601025,large,9.094336839626502e-05,,,,,,-0.0063468206712712,1.3735335323876572,-1.4791552914391175,-1.437921260495013,0.2594795231016159,-0.7300573433938556,0.4164983835941204
KYG982391099,-0.33835167428901997,XP Inc,12.705553816260961,-0.026630218499880502,7615.745409090001,-2576.8002101245193,40,402030,large,9.499148751803936e-05,,0.0018083182640144,,0.0018050541516245,,-0.0426492010320122,2.50223168436807,-4.535162790185908,-3.201140047986847,0.2263222171470548,0.8758941540759215,1.8581187909846568
US7134481081,-0.33948986009348003,"PepsiCo, Inc.",6.100125452611758,-0.05565293086687718,191806.153309,-65116.24415194099,30,302010,large,0.0023924055807049,0.0018050541516245,,,0.0018050541516245,-0.0017921146953405,-0.0075730304608322,1.209029833405597,-1.558032108225238,-2.262810217726352,0.2007445679097549,1.4943876630352708,1.0160110488486265
US8163001071,-0.34058986991113,"Selective Insurance Group, Inc.",6.12893129948205,-0.05557084151684208,5555.767981999999,-1892.238294245801,40,403010,mid,6.929730926737165e-05,,,,,,0.0074879401607794,0.8723847543087052,-0.3569072081115271,0.4561513364586678,0.8170794675937787,0.3436950574390588,0.5705359193575117
US1280302027,-0.34363784707943,Cal-Maine Foods Inc,7.1604986679824165,-0.04799077033782277,3994.62428079,-1372.704087741892,30,302020,mid,4.982510340419336e-05,,,-0.0017921146953405,,,-0.0178566353107247,1.0917917225547855,-0.7312524874181516,-0.5938046092392841,1.6409901500624675,1.058997314527152,0.3284136481570552
US9576381092,-0.34823453823066,Western Alliance Bancorp,9.279144588847567,-0.037528732836989806,8737.33198182,-3042.6407680570646,40,401010,large,0.0001089810802894,-0.0018050541516245,,,,,-0.0237909577030167,1.4251545076379335,-1.3535447436346295,1.1351795680915322,1.07307902387078,1.3584483809811472,0.3861078188879822
US21874C1027,-0.35005200166052,Core & Main Inc,11.793980158216872,-0.029680565590627907,8863.292968319998,-3102.613444864027,20,201070,large,0.0001105521965537,,,-0.0017921146953405,0.0018050541516245,,-0.0081464828879206,0.7184078665647918,0.4576408331356439,-0.0474355338434944,1.0882193075789952,2.8117782245494056,0.4694619805747488
US4327053090,-0.35045071186951005,Canton Strategic Holdings Inc,77.90634506963708,-0.004498359043236561,130.50363168,-45.73509062381235,35,352010,small,1.6277768535950577e-06,-0.0018050541516245,0.0018083182640144,0.0017921146953405,-0.0018050541516245,0.0017921146953405,-0.0888482114660444,3.17529491863851,-15.213766648858575,-7.995167073439313,-3.2878421176489683,16.209828392703,4.74808883269438
US8901101092,-0.35053349201503,Tompkins Financial Corp,6.674114433777591,-0.05252134878613788,1342.9075058700003,-470.7340574858056,40,401010,mid,1.675013734433306e-05,,,,,,0.0217938696338435,0.3159048493497891,-1.496459983465276,0.7309349372212759,0.4675425910044948,0.9195807412812468,-0.0171432086135984
US4456581077,-0.35208392578219,J B Hunt Transport Services Inc,9.79038487015201,-0.035962215015222725,21085.44768344,-7423.847197260539,20,203040,large,0.000262999605796,0.0018050541516245,-0.0018083182640144,0.0017921146953405,,-0.0017921146953405,0.0536116707812999,1.9065919453083549,0.9179948112941418,-1.8881868808919045,0.2939633420065293,0.4206962319132667,0.7911888167160054
US57637H1032,-0.35797066975728997,Mastercraft Boat Holdings Inc,12.682279231352936,-0.02822605173936877,581.1709451400001,-208.04215247524306,25,252020,small,7.248967713025218e-06,,,,,,0.0156233305698212,0.4889655754084704,-0.5051504359407454,1.3028154482813572,1.350487461245352,1.9509890677279795,1.0865957380741205
US5018892084,-0.35899135143631,LKQ Corp,10.631645910756452,-0.03376630057563377,6399.58434777,-2297.3954336366087,25,255010,large,7.982226348667716e-05,-0.0018050541516245,-0.0018083182640144,-0.0017921146953405,,,-0.0048324019453612,0.9438384825049184,-0.4537557644263438,-0.5454673284112719,0.8658752164938348,3.7471446430764144,1.4455060460507003
FR0013467479,-0.36232007567720004,Constellium SE,10.708985554535024,-0.0338332770953982,3961.9522755000003,-1435.494848288615,15,151040,mid,4.94175842165128e-05,,,0.0017921146953405,0.0018050541516245,,0.0267791545622209,1.83830741553114,-2.318152743678672,-0.0767103494466905,-0.0018051567399006,1.363411960808694,1.7133989593970995
US64115T1043,-0.36323181955019,"NetScout Systems, Inc.",7.558937565777233,-0.04805329008069951,2776.2454691000003,-1008.420693259164,45,452010,mid,3.462821728655155e-05,,,0.0017921146953405,,,0.021208844508613,-0.7084301928218772,0.6979906385258342,0.1305104597008154,-1.740751077602181,-1.6002910194789737,-0.3963476174191256
US8433801060,-0.36967450041393,Southern Missouri Bancorp Inc,6.111888949860743,-0.06048449234705956,711.46735044,-263.0113373347295,40,401010,small,8.87415982395468e-06,,,,,,0.0210165775602559,0.2122763249130607,-0.7053994782083071,0.6558313757925855,0.6945576463064255,0.3696629026592828,0.3203596667564786
US45378A1060,-0.36982529695457,Independence Realty Trust Inc,5.487797756766409,-0.06739047489470225,3990.05546942,-1475.6234488434577,60,601060,mid,4.976811644298172e-05,,,,,,-0.0140147098582826,1.0162917031093148,-0.6810451606081314,-0.428133374222871,0.4184644372771925,0.6809440369140205,0.2910136153387663
US55303J1060,-0.36995348993538,MGP Ingredients Inc,11.57053216284901,-0.031973766178468185,246.44788619999997,-91.17425558688737,30,302010,small,3.073954031849888e-06,-0.0018050541516245,-0.0018083182640144,-0.0017921146953405,-0.0018050541516245,0.0017921146953405,-0.0264015902987954,0.2930700403350459,0.5358016653777553,2.4336960159827843,1.7117388673528346,1.7022369202604124,-0.8250762458458555
US02665T3068,-0.37143584461393,American Homes 4 Rent,5.996599417999734,-0.06194108005597423,11310.969825959999,-4201.2996307081285,60,601060,large,0.0001410821648209,,-0.0018083182640144,,,,-0.0155838993879139,0.8486640010335457,-0.521363724812383,0.2303421566639496,0.3883565950249302,0.6252327254085581,0.3182002949473096
US22948Q1013,-0.37187200764672,CTO Realty Growth Inc,5.3212300277138125,-0.06988459542435704,754.3801533999999,-280.5328621736986,60,601010,small,9.409412877696929e-06,,,,,,0.0092974705647524,1.171471149850568,-0.7798358762801911,-1.5141946203203918,0.1970096729288426,-0.0551639948297452,0.7047118237277702
US62944T1051,-0.37218406824308,"NVR, Inc.",7.237545113615104,-0.05142407576056913,15964.992823499999,-5941.915978521805,25,252010,large,0.0001991319739639,,-0.0018083182640144,-0.0017921146953405,0.0018050541516245,-0.0017921146953405,-0.0262354843161793,0.6555131082645214,-2.0282689034250696,-0.6342264616181489,0.2990199278516163,2.069681776383635,1.2616261333494525
US7436061052,-0.37298125350343003,"Prosperity Bancshares, Inc.",5.662376852338907,-0.06587008657845972,8640.96573912,-3222.9182328571706,40,401010,large,0.000107779100411,-0.0018050541516245,,,,,0.0048987519800384,0.7000798131796311,-0.1845993491924773,-0.2498978334852093,0.6865319428064603,0.2726439184864561,0.3937255454120212
US6824061039,-0.37598528227793,One Liberty Properties Inc,5.3407311174387235,-0.07039959024528514,443.7217567800001,-166.83284997578733,60,601025,small,5.534558661892863e-06,,,,,0.0017921146953405,-0.0123583193495628,1.2632905647472796,-2.250896041635518,-1.1868513119049775,0.4789286568526376,1.22482335089909,1.1370071552312004
US5779331041,-0.37868329646315996,"Maximus, Inc.",9.933378231528453,-0.03812230719869526,2858.5254368400006,-1082.4758354463659,20,202020,mid,3.565449851166052e-05,,,-0.0017921146953405,0.0018050541516245,,-0.0596491442167354,0.9487078697883784,-2.1192610512859744,-0.051373535287889,-0.2991512655810376,0.9870135400731056,-1.0570557991638638
US9043112062,-0.37896929040446,Under Armour Inc,14.671117008681145,-0.02583097729915299,1497.0704153599997,-567.3437129944892,25,252030,mid,1.8673017286601735e-05,,-0.0018083182640144,,-0.0018050541516245,,-0.0133045902240589,2.5156819129685246,-5.9728423555810615,-3.7227417820834496,0.4776821966380499,2.9103641655483568,2.319621314329343
US83946P1075,-0.38066752801433,South Plains Financial Inc,6.033433870508893,-0.06309301405871254,671.4353135599999,-255.59362103441174,40,401010,small,8.37483867712782e-06,,0.0018083182640144,,,,0.0158966420904814,0.2310965642876985,-0.5923248543085315,0.8865445054804123,1.2853718578610331,0.9416103224251028,0.2924570371208689
US36262G1013,-0.38163540653315,GXO Logistics Inc,9.481248161743002,-0.04025159979179275,5458.002417000001,-2082.9669712707105,20,203010,mid,6.807787558773383e-05,,,,,,0.0068272742063196,2.1664678192050904,0.7253273495413529,-0.7623838127449396,2.326014904725822,1.106297955451817,1.2809056425786274
US91307C1027,-0.38267008539667,United Therapeutics Corporation,11.024340958363881,-0.03471137974069535,21043.858471839998,-8052.85511849445,35,352010,large,0.0002624808619486,,-0.0018083182640144,0.0017921146953405,0.0018050541516245,-0.0017921146953405,0.0261140162540268,-0.2909667780982188,1.8688715502969735,1.3116297805510269,-0.100926843723392,-4.3618197317856815,0.4108680054521952
US26942G1004,-0.38308939809958,Eagle Bancorp Montana Inc,5.92921022736092,-0.06461052710389262,172.67306208,-66.14921942023861,40,401010,small,,,,,,,0.0307655771545987,0.5523863580871283,-0.6274130077987954,1.009779682655116,1.3157127734427814,1.9105134736428688,0.4516012048931519
US1535272058,-0.38332171168705004,Central Garden & Pet Co,7.43577218390803,-0.051551029564435503,2337.9758116,-896.196889985432,30,303010,mid,2.916166287018993e-05,,,,,,0.0033237646378458,1.023701198855016,-2.372039320870544,-1.467852109573449,0.662344934561598,0.7583380399266957,1.7007709843590315
US87357P1003,-0.38842981873445004,Tactile Systems Technology Inc,21.84673811342844,-0.01777976266835439,,,35,351010,,,,,,,,0.0104127126844772,0.6936520319725654,-5.741260444297362,-4.337144691683653,-2.562106276991869,-1.8691112023945,0.9971976522425168
US8641591081,-0.39255452754977,"Sturm, Ruger & Company, Inc.",10.148208322847264,-0.03868215108138731,582.9570032,-228.84241097300577,25,252020,small,7.271245284398662e-06,,,,,,0.0407164661440731,-0.9835379194317946,2.653077676293556,3.1462882077914287,1.6266029472004695,0.3130699756221253,0.4010380715560061
US2441991054,-0.39320112820457004,Deere & Co,7.6913329665862165,-0.051122624636427826,163976.02140240002,-64475.55661392041,20,201060,large,0.0020452792673074,0.0018050541516245,,,,-0.0017921146953405,0.0295053369387505,0.9980706876991888,-2.0176623595456635,-2.432512673056804,0.6005056048239279,2.5186356972140245,1.8320721061425207
US68213N1090,-0.39453565547163005,Omnicell Inc,14.011921454609134,-0.02815714152764181,1671.20749891,-659.3509460115603,35,351010,mid,2.084503587571108e-05,,-0.0018083182640144,,,,-0.0088488593354934,1.189409985032096,-1.001798575607388,-0.1534304000514601,-1.371196814733473,2.846179447653883,-0.6773674522981074
BMG427061046,-0.39882734708590994,Hamilton Insurance Group Ltd,7.058731163114386,-0.05650128016916048,3194.5885280800003,-1274.0892676852284,40,403010,mid,3.984622646762598e-05,,,,0.0018050541516245,,0.036383214146685,1.7486466239410836,-0.4109308843930689,-0.4800232789793384,2.370067860539752,-0.7708765947264564,1.2775109401350542
US32051X1081,-0.39963929428397,First Hawaiian Inc,5.564366426800483,-0.07182116770008676,3345.4016206799997,-1336.9539427850045,40,401010,mid,4.172732401405533e-05,,,,,,-0.0020761718040637,0.1102873261886209,-0.3318915517369987,1.0762211423663155,0.3714965718736157,0.4331900172815077,0.4124430083765431
US1311931042,-0.40070164568194006,Callaway Golf Co,17.306049050458565,-0.023153848952677185,2108.3768254,-844.8300636554444,25,252020,mid,2.629786582075865e-05,,-0.0018083182640144,0.0017921146953405,,,-0.0135917635533717,0.938033174366332,-7.292797270460618,-2.8191337602276514,-2.105102123837286,0.1331391578276091,2.0485700159986857
US8873891043,-0.40317643879296,Timken Co,7.752936010336799,-0.052003065452289915,8360.17217196,-3370.624443986838,20,201060,large,0.00010427675137,,,0.0017921146953405,,,0.0274725943129532,1.1277366889204044,-1.5342109594800806,-1.963719288818637,-0.6354025418365807,0.540012759850939,1.109828690812235
GB00BMVP7Y09,-0.40346996370968996,Royalty Pharma PLC,4.787980986470436,-0.08426724434574595,30302.050352,-12225.967155850638,35,352020,large,0.0003779586479279,,,0.0017921146953405,,-0.0017921146953405,0.0189911141760816,0.6410535188057981,-1.464444391910043,-1.8290843803887076,-1.0892863951806684,-0.1743828303993578,0.3325600117794514
US18453H1068,-0.40349298032538,Clear Channel Outdoor Holdings Inc,12.504302788820123,-0.03226833092094795,981.0408118800001,-395.8430810062917,50,502010,small,1.2236560051647192e-05,-0.0018050541516245,,0.0017921146953405,,,0.0581103044908792,0.3039012490104316,2.3009430101256214,-1.1988630022356326,-0.0772583816493359,-2.615934780828084,0.1781872138309789
US3004261034,-0.40404294897531,Everus Construction Group Inc,11.174638895843064,-0.03615713695461004,7185.871420199999,-2903.400679575007,20,201030,large,8.962965260149456e-05,0.0018050541516245,0.0018083182640144,0.0017921146953405,0.0018050541516245,,0.0475217475940594,1.1327991618352036,0.1473030880768829,-2.3385092501940155,-0.1353009358812875,-0.1210176311159653,2.693479590055327
US42722X1063,-0.40587860425128,Heritage Financial Corp,6.951263490697507,-0.058389184181328324,1195.5646789199998,-485.2541231721792,40,401010,mid,1.491232455579264e-05,-0.0018050541516245,,,,,0.0030454690409456,0.5190123346700783,-1.814426187775596,-0.0618058602246773,0.2835603972082494,0.6491954408154915,0.6170330482290771
US7310681025,-0.40612154025001,Polaris Inc,12.555676089266047,-0.032345652863505034,3703.55013154,-1504.091483814152,25,252020,mid,4.619452426452001e-05,,-0.0018083182640144,,-0.0018050541516245,,-0.0102169916792769,0.5615785852893684,0.1635936355572227,-0.6764630959148046,-1.6873599411652596,-0.2461674934907615,-0.0096101642261722
US4404521001,-0.40755735586559,Hormel Foods Corp,8.515262933441399,-0.04786198136818751,7132.50436328,-2906.9046189981805,30,302020,large,8.896400323311627e-05,,,,,,-0.0086598289646117,0.1306403809871036,-2.025986243261236,-0.9844767409771517,-0.3747011675622725,1.3951722488175484,0.7218565925929217
US0009571003,-0.40918036426265003,ABM Industries Inc,7.66988342673265,-0.05334896783913179,2773.6154570000003,-1134.9089830197768,20,202010,mid,3.4595413043742794e-05,,,,,,-0.0009155016292947,1.2878022529877249,-1.5473685898716545,-0.389704999847968,1.2223744984663067,2.119061988358435,0.706720875126958
US6802231042,-0.40929700436205,Old Republic International Corporation,7.652475099629695,-0.053485571535130644,9542.5348876,-3905.730943515032,40,403010,large,0.0001190244073264,,,,,,0.0130031021324446,0.9465555665363428,0.8376582199387055,-0.2617538424921559,1.7515522245937911,-1.9433534637647123,0.527862946957014
US92346J1088,-0.41282838162777996,Vericel Corp,11.292046337898851,-0.0365592178135355,2240.07202092,-924.765307126074,35,352010,mid,2.7940505096290656e-05,0.0018050541516245,,,,,0.0189837540175051,1.988574373432619,-0.595548716053574,-1.4152212335692915,1.593178083612774,-0.318588431406771,1.8316134911935649
US29355X1072,-0.41890852183658,Enpro Inc,9.84575268916573,-0.042547130225761925,7211.85764865,-3021.108627291805,20,201060,large,8.995377983564591e-05,,,,,,0.0386117056905837,0.4833185864574318,-0.2696170214358997,0.2378877735170436,0.5376306381435159,1.3879501983009197,2.2158724644536614
US6752341080,-0.41922239422442004,OceanFirst Financial Corp,6.277531914542494,-0.06678140389111394,1847.85493092,-774.6621683196827,40,401010,mid,2.304836613841174e-05,-0.0018050541516245,0.0018083182640144,,,,0.005974098662667,0.4921782922469768,0.8360458128566035,0.8740886536552301,0.9255248511490592,-0.2009711793444187,0.0598722571791622
US05550J1016,-0.4195943810498,BJ's Wholesale Club Holdings Inc,7.3086801655523175,-0.057410417687649797,11821.373942299999,-4960.182082477602,30,301010,large,0.0001474484551368,,,,0.0018050541516245,,0.0210554510357707,0.2139875320919108,0.7333806887245647,0.1990912518810221,1.9370636946536917,-0.1226777392680911,-0.0291459394329915
US4433201062,-0.42366598834534996,"Hub Group, Inc.",11.992482948196775,-0.03532762899688372,2418.8289354599997,-1024.7755515799915,20,203010,mid,3.0170147016308382e-05,,,,0.0018050541516245,,-0.0036937985389562,2.021419946973053,-0.5700801525957275,0.4351423344722644,1.6983233615994522,0.227490305004903,0.2019657114553777
US12618T1051,-0.42481129321255,CRA International Inc,11.981795800784804,-0.03545472650975449,1013.4662530999999,-430.5319096066885,20,202020,mid,1.2641003836130869e-05,,,,0.0018050541516245,,0.0304698851558622,0.6375217742526472,3.5592066920380234,2.599393442038721,3.5131689186331334,-0.5578244584647035,-1.5049437213558772
US6359061008,-0.42485110947579,National Healthcare Corp,8.094568844222726,-0.0524859467689889,2842.2106700699997,-1207.5163565431678,35,351020,mid,3.5451003793711774e-05,,,0.0017921146953405,,,0.0433852677983862,0.7586240619625556,-1.160957136309975,-0.6914223451178662,0.4565486978565072,-1.2181624581010355,0.6806593036726551
US31154R1095,-0.42563982123669997,Farmland Partners Inc,6.872701076341902,-0.06193195608374301,386.03345645999997,-164.31121139901978,60,601080,small,4.815010257183391e-06,-0.0018050541516245,-0.0018083182640144,,,0.0017921146953405,-0.0117535922049892,1.853039241052986,-3.3001704196669626,-1.980495312799353,0.8624165276909768,3.8196915365031887,1.9210643197069304
US3932221043,-0.42831173791753996,Green Plains Inc,16.311414790263136,-0.026258405136825685,1060.77562416,-454.3426511245328,10,101020,mid,1.3231095454105434e-05,,,0.0017921146953405,,,0.0434060844886265,-0.4921606550619309,-1.3598233623244962,-2.0466232425434514,-0.2588048574341366,-0.2445534479139383,0.2833495775983363
US3687361044,-0.43169853600053,Generac Holdings Inc,13.641987537702251,-0.03164484169241822,12715.760599760002,-5489.375235049614,20,201040,large,0.0001586041745634,,,,,,-0.010180687668939,1.521878420535453,-4.354801143279859,-4.38365828171254,-2.4902884309487257,4.032078919085407,3.3555971223075547
US67103H1077,-0.43651415392964005,"O'Reilly Automotive, Inc.",5.8971415451611096,-0.07402131195033314,73086.67155613,-31903.366597857574,25,255040,large,0.0009116128856635,-0.0018050541516245,,,-0.0018050541516245,-0.0017921146953405,-0.030835936005748,0.4525335747495549,-2.621553068285792,-0.2976217109467989,-0.1647794969921135,0.8234805933930406,0.6243832835802023
US10922N1037,-0.43713041824233,Brighthouse Financial Inc,11.013130176803584,-0.03969175077609056,3335.2512018600005,-1457.9397528122959,40,403010,mid,4.160071744689094e-05,-0.0018050541516245,,,,,-0.0135606892422677,-0.1609258534399432,-0.9140815995568196,0.0290994732087929,-1.2589028565616645,-2.1613337117487856,-0.0478445665593214
US07272M1071,-0.43726646322634,BayCom Corp,6.295823863032448,-0.06945341431704637,313.91292587000004,-137.26359485620716,40,401010,small,3.915448085218276e-06,-0.0018050541516245,,,,0.0017921146953405,-0.0036770296878679,-0.1040565083401295,-0.5620480410568821,0.2789931325858885,-0.0788304372168096,0.3561327397669001,0.3937568703299953
BMG9618E1075,-0.44685050016757,"White Mountains Insurance Group, Ltd.",5.125967433591568,-0.08717388589698453,4938.73185324,-2206.874798813804,40,403010,mid,6.160099372965353e-05,-0.0018050541516245,,,,,0.0201810078239227,0.8570392396815976,0.2191808748511006,-1.2437985383694496,0.8088823660122288,0.1792408195225119,0.6295912090129527
US4327481010,-0.44831109347819,Hilltop Holdings Inc,5.8420715638723335,-0.0767383775732171,1589.67713646,-712.6698953236604,40,401010,mid,1.9828104506423644e-05,-0.0018050541516245,,,,,-0.0059506485995293,0.5590448079530361,-2.202885082986011,-0.7050860535282935,-0.2834563852203521,1.334279506204984,0.5679969104318376
BE6360403164,-0.45014714510128995,Titan America SA,9.537896755941452,-0.04719564036178934,393.66438474000006,-177.20689891876683,15,151020,small,4.910191121238469e-06,,,,,0.0017921146953405,-0.0054441167678094,1.2042012713552024,-1.917177606185751,-1.3400576562855615,0.1639505408526238,2.0556949684350063,2.111010342030619
US2533931026,-0.45216223987059,"DICK'S Sporting Goods, Inc.",9.146605742879224,-0.04943497649088083,17326.98829524,-7834.609837787215,25,255040,large,0.000216120196246,,0.0018083182640144,,,-0.0017921146953405,-0.0121017819511337,0.5643270676202149,1.027050832856251,1.6193570213846589,0.8709931140082725,-0.3371976397319203,1.3940369765039746
US2296631094,-0.45775031949708,CubeSmart,6.411146809654823,-0.07139913233740554,9256.00866028,-4236.94092151091,60,601080,large,0.0001154505545931,,,,,,-0.0099992227681784,1.4689948356294034,-1.2884536786673144,-0.9268444933394856,0.7859734258801456,0.8010878619627543,1.101792661649502
US35922N1000,-0.46001214537831997,FrontView REIT Inc,7.035433335967418,-0.06538504785861429,482.22599325,-221.82981371212375,60,601070,small,6.0148234950195095e-06,-0.0018050541516245,,0.0017921146953405,,0.0017921146953405,0.0078536443663377,1.2223800846915776,-2.178467856570695,-0.4190688870036294,0.4271577706532568,-0.1553461556575837,1.04890310114606
US3715321028,-0.46422969531775005,Genesco Inc,20.26198250546041,-0.022911365913609125,357.95723655,-166.17437886039028,25,255040,small,,,,,,,-0.074953444508886,1.4807614064340662,-6.1078635747633285,-1.8692022782591549,-2.600437536200803,-2.083273897019418,0.7676475311307605
US8603721015,-0.46436028692193,Stewart Information Services Corp,7.904610843340779,-0.05874549628374548,2116.6001874599997,-982.8650703479362,40,403010,mid,2.6400436134302272e-05,,,,,,-0.0249413864163926,2.2332228074980414,-1.147586220245555,-0.3563496400124508,1.6769509131802227,-0.7214303140895721,1.5194599626317244
US66661N8864,-0.46602236574663997,Northpointe Bancshares Inc,7.682582702275332,-0.06065959636316303,359.53622764,-167.5519233764153,40,401010,small,4.4845092956211246e-06,-0.0018050541516245,,,,0.0017921146953405,-0.0126987390524174,0.5315542733673755,-1.787641338063606,-0.3676211435547785,0.4171478241846266,0.4042735822393972,1.2742906377324354
US6655313079,-0.46635358262438,Northern Oil and Gas Inc,12.369320051785966,-0.03770244287252028,2413.4758848,-1125.5331254540254,10,101020,mid,3.01033782080515e-05,,,,-0.0018050541516245,,0.0229751485127593,-0.3902107137770102,-2.392443714076399,-0.2881753267120388,0.8854829076856443,3.166169143316623,0.1706862912744062
US64031N1081,-0.46808424919588004,Nelnet Inc,6.50308253888195,-0.07197882640996833,2778.4740245000003,-1300.5599276683379,40,402020,mid,3.465601414438896e-05,,,,,,0.003171558790402,0.6339208837761775,1.2023624249791234,1.190276524684768,1.690490766122842,-1.070124144024347,0.2671751402479906
US1653031088,-0.47151857018303,Chesapeake Utilities Corporation,5.25450035837987,-0.08973613817173937,3196.8063963000004,-1507.353581135341,55,551020,mid,3.987389002385323e-05,,,,,,-0.0117216466387767,1.0208708943122724,-1.80912096258818,-1.4335440815328804,-0.1042870374544474,-0.1491747457978905,0.6062454327793901
US66611T1088,-0.47649132894826,Northfield Bancorp Inc,6.551841885261891,-0.07272631685757075,556.1123954000001,-264.9827343287463,,,small,6.936411451361555e-06,-0.0018050541516245,,,,,0.0237639226934463,0.2599684523002469,-0.9571210812831288,0.568114578835548,1.073290985213966,0.646358308558344,0.506120258462672
US1788671071,-0.48036269009932003,Civista Bancshares Inc,6.1015403739961664,-0.07872810153753182,576.09108432,-276.73266300618945,40,401010,small,7.185606412225896e-06,-0.0018050541516245,,,,,0.009601478740068,0.8191667373505791,-0.9353564117921228,-0.3258445631821318,0.1475202075039041,0.1330491995462835,0.5049873358840549
US12008R1077,-0.48820303759965,Builders FirstSource Inc,13.804993951222437,-0.03536423408258136,7639.04282752,-3729.4039127490832,20,201020,large,9.528207712064796e-05,,,-0.0017921146953405,,,-0.0517601760399891,1.3510228834963682,-2.909230917512861,-1.0504665462494414,0.4215585185685031,4.709768668809369,2.5058928184165303
US6641211007,-0.49081330902338,Northeast Community Bancorp Inc,6.411472920538571,-0.07655234843948325,323.8252344,-158.93773484113566,40,401010,small,4.03908469351122e-06,-0.0018050541516245,,,,0.0017921146953405,0.0205681764364034,0.2701037689021197,-0.9498405960494292,0.1444936970470847,0.8931003451780065,1.2770260741023338,0.7804645962452949
US0162301040,-0.49295703469325003,Alico Inc,6.7695413778858,-0.07281985694091521,205.50327026,-101.30428272713516,30,302020,small,2.563250251054757e-06,,-0.0018083182640144,,,0.0017921146953405,0.0136970086690462,0.0979942583437925,-1.260698134452058,-0.3919780501526154,-0.2381218472375853,2.4152020242194934,0.8521065508748135
US29472R1086,-0.49363791220891007,Equity LifeStyle Properties Inc,4.769903806984831,-0.10349011891729328,12562.6637199,-6201.407090474056,60,601060,large,0.0001566945912501,0.0018050541516245,,,0.0018050541516245,,0.0020397571448844,0.8186372440799888,-0.922674284566175,-1.4061092881333626,0.1521049746403991,0.6703839914831629,0.6349859771391785
US75970E1073,-0.49569614259649,Renasant Corp,6.314297039537681,-0.07850377318213457,3882.73974466,-1924.6591141340423,40,401010,mid,4.8429563250688617e-05,-0.0018050541516245,,,,,-0.0055554642887721,0.9194096381186972,-1.5002102490925404,0.3485479634535815,0.7079661525606563,0.6998536920273581,0.5961840533149787
US9113121068,-0.49654455178470003,United Parcel Service Inc,8.026138909107893,-0.06186593048137153,88929.19706677999,-44157.30829809753,20,203010,large,0.0011092173200899,,,,0.0018050541516245,-0.0017921146953405,0.0102022125533637,1.9161395722479704,-0.375546536167032,-2.0922163764054966,0.4078099113965017,1.327280887351589,1.0672805087818933
US05945F1030,-0.49679523589675,BancFirst Corp,6.244573368697315,-0.07955631338836952,2646.29625515,-1314.6673723299305,40,401010,mid,3.3007355706780665e-05,,,,,,-0.0146924694414654,0.4384537528094036,-0.8716837020703319,1.0308682975152372,1.1476667087045505,0.6218838718105372,0.5910817714122694
US2315611010,-0.49909226351134,Curtiss-Wright Corporation,6.638943179477576,-0.07517646258129505,25643.76456666,-12798.604502526237,20,201010,large,0.0003198556688675,0.0018050541516245,,,,-0.0017921146953405,0.013524720829274,0.624323550940021,-1.1540008837185587,-1.4502422598176254,-0.9784821668324172,0.5079353656433394,0.8684574958662978
US37637Q1058,-0.50010195732894,Glacier Bancorp Inc,7.483050365744875,-0.06683129644807076,6466.092444359999,-3233.7054876943057,40,401010,large,8.065182155193715e-05,,,,,,-0.0079998628662929,0.3111736063937174,-2.0296694288191324,2.003334607648308,1.0101735172168618,1.8256985191524504,0.7149283020801225
BMG8726T1053,-0.50214307550991,Teekay Corp Ltd,10.573305157702032,-0.04749159019061587,675.47643614,-339.18581507781295,10,101020,small,8.425243755619384e-06,-0.0018050541516245,,,,,0.0435293661999833,1.989218109287641,-0.8317756012859929,-3.2325425007448145,0.9734210032511688,1.0596399633984483,1.3834870201948797
US1170431092,-0.50280405548827,Brunswick Corp,10.906716605743178,-0.04610040525152246,5306.7192768,-2668.2399737128194,25,252020,mid,6.619091511938025e-05,,-0.0018083182640144,,,,0.0191219731338486,0.7779066385437023,-0.1027882050517685,0.2539456904275452,0.3179557222070643,1.838205288612708,0.5641410981793493
US2937121059,-0.50513351412711,Enterprise Financial Services Corp,5.879002279483479,-0.08592163944040696,2356.79528458,-1190.4962841780978,40,401010,mid,2.9396398885727164e-05,,,,,,-0.0039268744596697,0.7545502582209989,-1.3369589325058169,0.4899699639672032,0.800444304722918,0.7589584785708658,0.7111419234353704
US3429091081,-0.50729869308969,Flowco Holdings Inc,9.758411636481297,-0.05198578539085,1559.1747107200001,-790.9672930467515,10,101010,mid,1.9447646568518745e-05,0.0018050541516245,,,,,0.023533488564168,1.380001601693927,-2.319445326474743,-1.1238554647085572,0.1531207207800871,3.525704917716345,1.1204138244890482
US31866P1021,-0.5076748666761101,First Bancorp Inc,7.44318949107574,-0.06820662933340656,382.16658036,-194.0163677323279,40,401010,small,4.766778561787097e-06,,,,,0.0017921146953405,0.0328266441082673,-0.0961609750444535,-0.1461081921811305,1.0799315791486803,1.270604384352325,0.55198477302199,0.7833626897870831
US92343E1029,-0.50953166150533,"VeriSign, Inc.",7.174421612264497,-0.0710205907935907,21795.40766355,-11105.450279994633,45,451020,large,0.0002718549641314,-0.0018050541516245,0.0018083182640144,,-0.0018050541516245,-0.0017921146953405,-0.0159965345138573,0.0409672124124303,-0.3990498872523286,2.021319160008324,0.3653684442502038,-1.7737529853957577,-1.0557873897456578
US65342T1060,-0.51171727452257,NI Holdings Inc,5.434122758922059,-0.09416741159967408,100.43714241999999,-51.39542077999759,40,403010,small,1.2527563682931698e-06,,-0.0018083182640144,,,0.0017921146953405,-2.6410323898013597e-05,0.1218185187009912,-0.7626834100061124,0.214913727605026,-0.1501802281685562,0.3842421428554798,0.8097890293584743
US9598021098,-0.51419432938532,Western Union Co,11.954543992231661,-0.04301245867006347,2315.6628345,-1190.7006982682367,40,402010,mid,2.8883352242427203e-05,,,,0.0018050541516245,,0.010829129559932,0.6118772184484178,0.995269471839088,-1.2762577238340007,0.0526523546056739,3.305789701972228,0.5987061021566591
US4026355028,-0.52270612427018,Gulfport Energy Corp,9.522561079478471,-0.054891338570317416,2988.69513778,-1562.2092520941155,10,101020,mid,3.727811023419923e-05,,,,0.0018050541516245,,-0.0070789226363399,-0.3788384737272895,-1.6508994797763548,-2.085163969625029,-1.3345340082772206,0.0395227044684182,-0.0304624946147467
US9311421039,-0.5237552327982,Walmart Inc,6.823198261852207,-0.07676095764745122,500575.63528529997,-262179.10839195916,30,301010,large,0.0062436992909824,0.0018050541516245,,,0.0018050541516245,-0.0017921146953405,0.00779259163823,0.7665149266635991,-1.4953168241165582,-0.7729227439285067,0.5263261707455953,0.7660445130476016,1.1075082400052532
US1474481041,-0.52688048344612,"Casella Waste Systems, Inc.",9.512979803041574,-0.05538543068047523,5735.370614199999,-3021.854841952366,20,202010,large,7.153749985652526e-05,,,,,,-0.0161347592562453,1.1944142491149772,-1.4811608946915151,-0.7488967293654032,0.1953213848430716,1.8521466875103916,0.5730590382598582
US70509V1008,-0.52716372062704,Pebblebrook Hotel Trust,8.746578940911284,-0.060270846943515505,2014.8335512200001,-1062.147151305327,60,601030,mid,2.5131096938088277e-05,-0.0018050541516245,-0.0018083182640144,0.0017921146953405,,,0.0324009676782635,0.7738884720398123,-0.6731157492788511,0.2117683979620737,1.1489413895503564,-1.2265048651704662,1.4602297690230746
US88023U1016,-0.5282761404510801,Somnigroup International Inc.,10.455546413604779,-0.05052592371104451,12428.66059292,-6565.76484900421,25,252010,large,0.000155023165056,,,,,,-0.0345956205893594,1.7012204393754553,-1.8577464050621229,-1.190513407540141,0.6865746123174711,0.8815494722706997,1.9002681139044997
US55305B1017,-0.53029103125223,M/I Homes Inc,9.03032438606981,-0.05872336458591207,3754.4430210000005,-1990.947461383828,25,252010,mid,4.682931324632162e-05,,,,,,-0.011335589334689,1.3829290771951404,-2.846283942193611,-0.8643589795062905,0.760442314698913,1.5548456712984229,2.282679390709409
US80689H1023,-0.54179089664963,Schneider National Inc,9.986565070302886,-0.0542519768144061,3106.37392032,-1683.005111619199,20,203040,mid,3.874592224764233e-05,,,,,,0.029514496467321,1.473065455082308,0.3327553371526939,0.3415554050675728,1.0815523371259554,0.8248079038511793,0.1705757953229941
US7244791007,-0.54195170595507,Pitney Bowes Inc.,10.866305881653854,-0.04987451226364565,2229.10857132,-1208.069192985943,20,202010,mid,2.7803757564710885e-05,-0.0018050541516245,-0.0018083182640144,0.0017921146953405,-0.0018050541516245,,0.0203723520305251,1.5347549674432048,1.4076308244822302,4.0572863878383485,3.6957886682004353,-2.2867129092216976,1.434229233959035
US6323471002,-0.5473596326324399,Nathan's Famous Inc,5.989573587849846,-0.0913854090953631,253.46598885,-138.73705054175412,25,253010,small,3.1614910980813933e-06,-0.0018050541516245,,,-0.0018050541516245,0.0017921146953405,-0.0006411737607567,-0.2951955393328777,0.2982047077982138,0.8522031323411432,0.33510319267804,0.8526797102850029,0.3194833070666638
US5355551061,-0.5496142850832499,Lindsay Corporation,7.806934297365298,-0.07040078270784667,1159.2618325600001,-637.1468633267626,20,201060,mid,1.4459517746788862e-05,,,,,,-0.01028007742916,0.2142574893477693,-2.468606469501088,-0.8189029492763009,0.2041571811333666,2.774011073260468,1.4481564691809028
US8807791038,-0.55055381975516,Terex Corporation,11.145058696902666,-0.04939891612308556,7536.035199,-4148.9929646187875,20,201060,large,9.399725897965004e-05,,0.0018083182640144,,,,0.0625176415231778,1.432130277701382,0.2970272629109316,0.2328230955437933,3.2429015039203124,2.752332824613001,2.5004319458663207
US08160H1014,-0.55448057605105,Benchmark Electronics Inc,11.035742754456948,-0.050244064979415616,2871.4487427999998,-1592.162553008807,45,452030,mid,3.5815691407542495e-05,,,0.0017921146953405,,,0.0207684799313432,1.1007050188500296,-2.640680595287244,-1.7829915714436635,-1.773624397696285,1.0003624692348252,1.778894180378674
US74276L1052,-0.55627261322646,Procept Biorobotics Corp,14.045293843524071,-0.039605623023895885,1176.45997657,-654.4324655229339,35,351010,mid,1.4674030863273746e-05,,-0.0018083182640144,-0.0017921146953405,-0.0018050541516245,,-0.040353427516162,-2.247617638179061,1.2691401953431682,2.8065706493927816,-1.6756445254806984,1.3445694970348667,-1.459905649131117
US3795772082,-0.5593907841440999,Globus Medical Inc,14.246049075748775,-0.03926638053608546,13368.21886912,-7478.05843580699,35,351010,large,0.0001667423118331,,,,,,-0.0089441422687121,2.132768556342411,-5.537844052162392,-4.18337224610753,-1.1997228159246327,1.1180183854382866,1.752008293163864
US05875B3042,-0.5596250207860299,Bally's Corp,19.193946439294205,-0.029156329187225154,617.1771991400001,-345.3878028973863,25,253010,small,7.69807511403287e-06,-0.0018050541516245,0.0018083182640144,,-0.0018050541516245,,0.0270029984500266,1.7937845217485922,4.4589239087623325,-3.065409426917477,-2.1143435044865617,-2.2571238532116453,-0.3073552454450265
US4485791028,-0.56096800502241,Hyatt Hotels Corp,8.442245650930124,-0.06644772353438985,16349.52081224,-9171.558073114644,25,253010,large,0.0002039282064639,,-0.0018083182640144,,,-0.0017921146953405,-0.014910371781508,1.1899130457018958,-1.9838174051469484,-1.0029796493363798,-0.7390511069399479,-0.1704008818721835,1.1560604417352334
US00770K2024,-0.56460674302447,Aemetis Inc,29.19552369620532,-0.019338811966502063,117.27630563999999,-66.21499296134267,10,101020,small,1.4627919034776357e-06,-0.0018050541516245,,-0.0017921146953405,,0.0017921146953405,0.0541771863656569,-9.344980164118644,2.149624118333268,8.605735306276264,-2.872524943880106,-4.281830512342336,-2.102774202903404
US0545402085,-0.56472598566011,"Axcelis Technologies, Inc.",16.15560541272375,-0.03495542081111649,4279.08121152,-2416.5083548952894,45,453010,mid,5.337314572091877e-05,,,0.0017921146953405,,,0.0176132846021043,-0.4079092927422281,-0.4396417116852177,5.677657832634584,1.0922207435073403,-2.3094778686574777,2.2960008044871625
US20337X1090,-0.56603871735001,CommScope Holding Company Inc,10.89177325079124,-0.05196938132263171,2588.4246356799995,-1465.1485607374739,45,452010,mid,3.228552075521154e-05,-0.0018050541516245,-0.0018083182640144,0.0017921146953405,0.0018050541516245,,-0.0242630148101318,-0.1079438784338454,-2.2532334941361825,-1.993054856406345,-4.0237230994500255,-1.5868603361651086,-0.2476714419367892
US6778641000,-0.56817004290384,Oil-Dri Corporation of America,9.567192283940381,-0.05938733392633677,1248.48628647,-709.3525069485158,30,303010,mid,1.5572417816922427e-05,,,0.0017921146953405,,,0.0180009417791223,1.0214557233451638,-3.598181118663791,-0.5685057186949891,0.7974397546185499,0.7141651690295465,2.792802659826372
US7415111092,-0.57385219168249,"PriceSmart, Inc.",7.407079864878655,-0.07747347161780481,5108.08606424,-2931.2863832669086,30,301010,mid,6.371335536416045e-05,,,0.0017921146953405,,,0.020087982940984,0.5608494466992725,-2.387718234751171,-0.6196701074494477,-0.1630552403701584,-0.2560013387611936,1.415369086734119
US9107101027,-0.57694933916769,American Coastal Insurance Corp,6.793973081922563,-0.08492075729632188,233.5480272,-134.7453799569577,40,403010,small,2.9130535908083084e-06,,-0.0018083182640144,,0.0018050541516245,0.0017921146953405,0.0054211541695794,0.3546807908234938,2.4951490201787268,1.3963267083499382,2.1820733017622747,-2.262474751615355,0.6994801649437389
US6011371027,-0.57747852388343,Millrose Properties Inc,8.023537756929784,-0.07197305495131151,3904.5639378499995,-2254.8018192380905,60,601080,mid,4.8701777257806647e-05,-0.0018050541516245,,,,,0.0024439327508172,0.8390819200777841,0.4304205064651661,0.3745022472323729,1.7202026937148882,1.6549623595509724,1.3705810973165344
US6745991058,-0.57748143675806,Occidental Petroleum Corp,9.636251174858524,-0.05992801830080341,41695.0606422,-24078.12352537209,10,101020,large,0.0005200641066375,,-0.0018083182640144,,,-0.0017921146953405,0.0286251151779391,-0.9421521623150132,-1.96652541176276,-0.6283438818010414,-0.2223504202294677,0.3330355668474816,-0.2414788738920512
US45782N1081,-0.58301774650532,Inspired Entertainment Inc,13.272907884142043,-0.043925396875682914,152.86320915,-89.12196372220441,25,253010,small,1.9066687295780717e-06,-0.0018050541516245,-0.0018083182640144,-0.0017921146953405,0.0018050541516245,0.0017921146953405,-0.0511327886709015,0.5949926806409777,-1.1956730160049636,0.9468944946618464,0.0864698559565828,0.3537734941314974,0.4574222209018562
US1053682035,-0.58556599194978,Brandywine Realty Trust,10.074942081376548,-0.05812102811312376,521.3471824000001,-305.28318001227893,60,601040,small,6.50278360282426e-06,-0.0018050541516245,,-0.0017921146953405,-0.0018050541516245,,-0.053977193878931,2.5564020788255357,-2.1911799004091943,-0.6430261554362842,1.3041826502581233,0.063891520561359,2.3456584327503927
US25402D1028,-0.5876746617810801,DigitalOcean Holdings Inc,23.415960870662776,-0.025097183285669126,10658.61212227,-6263.796274010742,45,451020,large,0.0001329452819107,0.0018050541516245,0.0018083182640144,0.0017921146953405,0.0018050541516245,,0.0675196559864498,-3.0705924865224388,-1.15798226966339,1.4050890467419317,-6.349659011059147,-2.4035305804770117,-1.240800932044417
US5057431042,-0.5885224612415599,Ladder Capital Corp,4.827968225197255,-0.12189857799188702,1148.6063383199998,-675.9806292257422,40,402040,mid,1.4326611354344412e-05,-0.0018050541516245,0.0018083182640144,,,,-0.0215663953489755,0.4295181187093092,-0.5128042218759943,0.6784223743053526,0.3383440786167651,0.7695627152786242,0.3732998834786644
IE00BD845X29,-0.59977558174715,Adient PLC,13.444128057530174,-0.04461245676778647,1556.22208808,-933.3840082059464,25,251010,mid,1.9410818391946783e-05,-0.0018050541516245,,,,,-0.0141956677752795,2.005813383943851,-0.0444302971853279,-1.0889534165494827,1.3657456419669465,1.023663098357879,0.7277138526873411
US76119X1054,-0.60585579811866,Reservoir Media Inc,6.9824686797979245,-0.08676813687278775,344.46806856,-208.6979766038121,50,502020,small,4.296563563682762e-06,,,,,0.0017921146953405,0.0157549960963688,0.7252113469699445,0.0177510906358856,-0.3972502382840494,0.9494099708370484,-1.223286237838664,0.9153638703011944
US1248308785,-0.60729307791109,CBL & Associates Properties Inc,7.887937512219639,-0.07699009747101809,1518.2969539199999,-922.0512303291091,60,601070,mid,1.893777672436692e-05,,,0.0017921146953405,0.0018050541516245,,0.0452203349016649,1.085999911936868,0.2606642644432966,0.8610519128817208,1.592711339823449,-1.1846799011882836,0.1249631651122911
US9043111072,-0.60759236645924,Under Armour Inc,14.820320131953112,-0.04099724979281994,2275.72247552,-1382.7116043056767,25,252030,mid,2.8385174597598606e-05,,-0.0018083182640144,,-0.0018050541516245,,-0.0104958906150837,2.56367289507148,-5.27436378657791,-3.512413497078392,0.7976470093632132,2.356683392257512,2.437538082951014
US46187W1071,-0.6102482420367,Invitation Homes Inc,5.668661976704799,-0.10765296017728652,17817.94498078,-10873.369601227638,60,601060,large,0.0002222439180042,,,,,-0.0017921146953405,-0.0175627686818314,0.7707422759145846,-0.4233935361532284,0.1127107786833573,0.1134358834918061,0.2332207732536514,0.3375058164613067
US30161Q1040,-0.61090722326401,Exelixis Inc,7.353134654662102,-0.08308119624555999,12405.4033689,-7578.550525564695,35,352010,large,0.0001547330767998,0.0018050541516245,-0.0018083182640144,,0.0018050541516245,,0.0063696085633356,0.5689543184997254,0.0750479109863935,-0.3226926428230966,-0.2302658764786,-2.0065589983655263,0.391979788711893
KYG8976D1079,-0.61504129702415,"TOYO Co., Ltd",23.216276536288,-0.026491814743109864,54.584724400000006,-33.57185969268177,45,453010,small,6.808373820282131e-07,,0.0018083182640144,,0.0018050541516245,0.0017921146953405,-0.0425013820390398,1.6390368431866156,-2.726103825601829,-0.701138905260491,-4.055395926465718,2.3879838290309827,1.014690640671425
US3927091013,-0.61588390523882,Green Brick Partners Inc,10.601767771413142,-0.05809256706221239,2881.59766596,-1774.7296238385136,25,252010,mid,3.594227931928178e-05,,,,,,-0.0165211352921142,1.381270357332331,-2.7678116945115123,-0.7686384545406844,0.7293217476882783,1.301586877160576,2.437585120072865
US1091941005,-0.61631873548698,Bright Horizons Family Solutions Inc,10.95128965997667,-0.0562781877407024,3427.3352441399998,-2112.3309237583244,25,253020,mid,4.274928527354264e-05,,-0.0018083182640144,-0.0017921146953405,,,-0.005519592126104,-0.3950627686166901,2.760240673817004,3.16351179115615,2.864169391361196,-0.9714968944457066,-0.5011441852050491
US67109R1095,-0.61776591260079,OP Bancorp,6.1821440369275,-0.09992745379446336,183.9572442,-113.64251484273937,40,401010,small,,,,,,,0.0120050572056332,0.2917067765462149,0.711924273791688,1.7276712171793631,1.5898970589764612,-0.0254860272615315,0.1515436906799003
US4165151048,-0.61965080922377,"The Hartford Insurance Group, Inc.",5.491238851664821,-0.11284353603302208,37250.82482825,-23082.503749078016,40,403010,large,0.0004646309811625,,,,0.0018050541516245,-0.0017921146953405,0.0015561926371236,0.7780082333353682,-0.6103820580763137,-0.3575277234592686,1.0629013041695936,-0.4313530357219095,0.318791612029897
US03770N1019,-0.62037653408079,Apogee Therapeutics Inc,18.718251618191147,-0.033142867546340875,9294.609572880001,-5766.157672457427,35,352010,large,0.0001159320252714,0.0018050541516245,0.0018083182640144,0.0017921146953405,-0.0018050541516245,,0.1580240242449733,-0.7292768251558241,3.889285487466098,-0.5878494939734424,0.9502863037580171,-4.073897530056881,1.1373433440277307
IE00BKYC3F77,-0.62149194495252,Cimpress PLC,11.240396629402792,-0.0552909265965591,1927.3981990500004,-1197.8624554255691,20,202010,mid,2.4040512403266705e-05,-0.0018050541516245,,0.0017921146953405,-0.0018050541516245,,-0.0050071516424336,0.5801561388311431,-1.717222916078273,-0.6090567526332833,-1.9728732680690635,0.0176730712664288,-0.7173067784101741
US82620P1021,-0.62239893137906,Sierra Bancorp,6.180123360798779,-0.1007097908962476,470.65436222000005,-292.93477209462105,40,401010,small,5.870490092902679e-06,,,,,0.0017921146953405,0.0116979812078345,0.8362654718451694,-1.6195600470116651,-0.4022535878393896,0.2290923477008284,1.16242351875446,0.6021778681609785
US87724P1066,-0.62456664595189,Taylor Morrison Home Corp,9.633729697867992,-0.06483124039593002,6468.78099117,-4040.1848470523896,25,252010,large,8.068535590045135e-05,-0.0018050541516245,,,,,0.0088138505959227,1.3856341000333856,-1.328980159129964,-0.4173380499939301,1.9486646999185755,0.6796557375966192,1.7429574415246387
US6337071046,-0.6262444680809099,National Bank Holdings Corp,6.072234532226088,-0.10313245721280269,1895.3903500499998,-1186.9777215727518,40,401010,mid,2.364127726272041e-05,,0.0018083182640144,,,,0.0005309483219697,0.6537109872769021,-0.915342046044186,0.955250254453903,1.06903030168992,0.577173689471148,0.8935930659414567
NL0009434992,-0.62891502372699,LyondellBasell Industries NV,12.397332127011678,-0.05072986811063093,16388.67761343,-10307.08557010432,15,151010,large,0.0002044166107621,,,,,-0.0017921146953405,0.0267419084540013,-1.7302152183587536,-2.1300316205056213,-0.7466234022692633,-0.8197724659901378,-0.4076361469198918,-0.2835630954143612
US6780261052,-0.63533593748984,"Oil States International, Inc.",16.01036385277001,-0.03968279192979854,502.04329584,-318.96614802299547,10,101010,small,6.262005477937729e-06,-0.0018050541516245,-0.0018083182640144,0.0017921146953405,-0.0018050541516245,0.0017921146953405,0.0858551140883114,1.7924835938203354,-2.9879229853442038,-4.870078560046629,1.9690220060670256,3.89319130192093,3.1314942658645
US7046991078,-0.63630350277687,Peapack-Gladstone Financial Corp,7.254428798006041,-0.08771241961210853,738.27988052,-469.77007400456506,40,401010,small,9.208593550347553e-06,,,0.0017921146953405,,,0.0221846966143575,0.271954466441977,-2.3685338785576,0.4458404078312656,0.0780762586685541,0.9526957432509776,1.1018376104754242
US85571B1052,-0.6383783511807201,Starwood Property Trust Inc,3.761474656564346,-0.16971491488495147,5670.01744875,-3619.6163900989377,40,402040,large,7.072234729211598e-05,-0.0018050541516245,,,,,-0.0193526654348583,0.5163805091850604,0.0119794306496382,0.9014348724815482,1.1106864172393154,0.2606961498035529,0.4994290907432377
US2505651081,-0.6415159109418099,Designer Brands Inc,27.4833280179439,-0.02334200248685179,236.3165666,-151.60083749303988,25,255040,small,2.9475856899964458e-06,-0.0018050541516245,-0.0018083182640144,0.0017921146953405,,0.0017921146953405,0.1054270549842061,3.710206135799493,6.350720889299948,5.2240366542131405,7.436941500444266,-1.080077188135356,-0.1362698693396722
US1999081045,-0.64161237848287,"Comfort Systems USA, Inc.",10.550053436936572,-0.06081603115265125,61427.8606656,-39412.875786769946,20,201030,large,0.0007661920857689,0.0018050541516245,0.0018083182640144,0.0017921146953405,0.0018050541516245,-0.0017921146953405,0.0527084229199327,1.7381809430652289,-1.4311362063453572,-2.3699870436457617,-0.5313908810463588,-0.2256440026658199,2.286337402032407
US45781V1017,-0.64575258800874,Innovative Industrial Properties Inc,9.290831258203772,-0.06950428546837967,,,60,601025,,,,,,,,-0.001311464283938,0.5683183314121247,0.4836584795867371,0.6129531653254878,1.284345903812742,-0.8013252851459085,1.0830506898606829
US74967R1068,-0.64589852863654,RMR Group Inc,8.692844932480439,-0.07430231801595448,628.64926548,-406.0436356019736,60,602010,small,7.84116664191424e-06,,,,,,-0.0019684152167868,0.6478543966555177,-0.9054415446968468,-0.726884813887374,-0.7300772011655398,0.9536999986178368,0.8338524100325273
US0434361046,-0.64649885117233,Asbury Automotive Group Inc,8.056436937824142,-0.08024624982007672,3731.7514832499996,-2412.573046781763,25,255040,mid,4.654628081690617e-05,-0.0018050541516245,,,,,-0.0023017640418796,0.7535285595036054,1.0224349281228473,1.0682745044263315,2.0385005638721823,-0.5468477956663399,-0.4638250713228243
US5150981018,-0.64690597832648,"Landstar System, Inc.",9.501961489584533,-0.06808130921553184,6387.5272497999995,-4132.129564618919,20,203040,large,7.967187483661093e-05,0.0018050541516245,,0.0017921146953405,,,0.021103523176206,0.591021656111915,-0.4255612310335916,-0.4791595468384085,-0.5839538036449072,1.5699988285841109,0.9816548224407112
US87256C1018,-0.64782218486092,TKO Group Holdings Inc,8.201428921270278,-0.07898894096134923,31917.0344562,-20676.56299569675,50,502020,large,0.0003981024072233,,,,,-0.0017921146953405,0.010420194632796,0.4913114890227713,0.118709729280639,-0.8597613287686803,-0.2146486178462288,1.8557248831676136,0.8711444841508457
CH0027352993,-0.6485666932305,Aebi Schmidt Holding AG,13.069564441036905,-0.04962420103259726,986.34,-639.7072722009714,20,201060,small,1.2302657030356054e-05,,0.0018083182640144,,,,-0.0297404116293406,2.954129616770928,-3.6160156348440298,-1.136185280619285,0.4323793030628593,2.685952714615821,1.2146264514736096
US03762U1051,-0.6498434675554,Apollo Commercial Real Estate Finance Inc,4.8590398352806945,-0.1337390697719728,870.1959209400002,-565.4911347162144,40,402040,small,1.0853987432872694e-05,-0.0018050541516245,-0.0018083182640144,,,,-0.0208887599923256,0.3230011531914027,-2.118279725086041,-0.2611043266807247,-0.4695853771867428,1.43549098173761,0.736286935708333
US1651677353,-0.65301498330068,Expand Energy Corp,7.943402236592813,-0.08220847488906462,20200.99144801,-13191.55009307943,10,101020,large,0.0002519677489081,,,,,-0.0017921146953405,-0.0230941665111969,-0.6482715019694453,-2.677600817318246,-1.7496893026149656,-2.1434655911037765,-0.4440489355381505,-0.5893970445941066
US83001C1080,-0.6569979621618199,Six Flags Entertainment Corp,18.72742620033448,-0.03508212795146861,1655.3237110799998,-1087.544304897701,25,253010,mid,2.0646916774776884e-05,,-0.0018083182640144,-0.0017921146953405,-0.0018050541516245,,-0.0301067309714372,-0.5136318361578673,-0.6326417526653382,0.7805053849800226,-1.3283050525369513,2.4017147571526087,1.2342328701522485
US59001A1025,-0.65709239002629,Meritage Homes Corp,11.394054277245015,-0.057669761266502355,4654.268268960001,-3058.2842606744507,25,252010,mid,5.805286842294122e-05,-0.0018050541516245,,,,,-0.0124681475251063,1.6541134627166616,-2.883351772060454,-1.6255323612537338,0.8549042194312326,2.1071016779792267,3.0815057598723947
KYG594672027,-0.66054295002917,Chaince Digital Holdings Inc,50.53667050171085,-0.01307056724298464,230.12666446000003,-152.00854582278137,40,402030,small,2.870378800810276e-06,0.0018050541516245,,-0.0017921146953405,,0.0017921146953405,-0.120278400198959,-0.0858426501472093,-3.683247570349177,1.0575784153942265,-9.62238027107947,-4.18828915434278,1.429629741078493
US9488491047,-0.6650312772361799,"Weis Markets, Inc.",7.329200502902729,-0.09073721983356771,1063.90890723,-707.5326994381154,30,301010,mid,1.3270177015219484e-05,,,,,,-0.0206460880479367,-0.399422426047702,-2.285583235765696,0.5595934075887133,-0.5802134871073292,0.2626357346568662,0.4976334699375534
US9588921018,-0.66547931496084,Western New England Bancorp Inc,7.3329144940013355,-0.09075236258451301,246.7524824,-164.20867295243872,40,401010,small,,,,,,,0.0042876518207821,0.0306086949094564,-1.3681563621847554,0.8573448741927978,0.4107085630677066,1.6263361054138694,0.8974561019876445
US67018T1051,-0.666179903161,"Nu Skin Enterprises, Inc.",12.807595378494387,-0.05201444014069982,226.38698975,-150.81446290856528,30,303020,small,2.8237336932791748e-06,-0.0018050541516245,-0.0018083182640144,-0.0017921146953405,-0.0018050541516245,0.0017921146953405,-0.0751623146414821,1.021148446572267,-1.0636033745796034,1.5145409707238793,1.671655373475771,1.6202539584451543,0.1644072504871242
US74766Q1013,-0.66655654593354,Quanterix Corp,23.2766915227183,-0.028636223721183643,105.40142010000001,-70.256006518346,35,352030,small,1.3146759961096345e-06,-0.0018050541516245,-0.0018083182640144,,-0.0018050541516245,0.0017921146953405,-0.0797731807635175,1.9642200256002256,-5.874340906927525,-5.984820634294236,-2.2776004048104963,-0.8655200224321058,3.175190126834215
US1672391026,-0.66744520984501,Chicago Atlantic Real Estate Finance Inc,6.777888733327846,-0.09847391069774968,225.77280950000002,-150.690980214025,40,402040,small,2.816072999227866e-06,-0.0018050541516245,,-0.0017921146953405,,0.0017921146953405,-0.0243502296176186,0.3655116443548787,0.3396945230750552,0.6212363040007134,0.7779601544076609,0.9206287641988056,0.7928490778904486
US30041T1043,-0.66775172394533,Everspin Technologies Inc,29.680470131635673,-0.022498017079372004,432.43491043999995,-288.7591569404544,45,453010,small,5.393777390246827e-06,0.0018050541516245,,0.0017921146953405,,0.0017921146953405,0.0212166430387584,1.1703710013654074,-2.9474394685423397,0.2986364500109464,-7.735363998827554,4.511130049360391,-0.0102403548776819
US9821041012,-0.67007863863314,Worthington Steel Inc,13.12497324770153,-0.05105371462379822,1219.0244838800002,-816.8422666187766,15,151040,mid,1.5204939611880734e-05,,,,,,-0.0261363812153771,3.662046073320428,-2.8756803937972686,-2.1200148698087844,-0.0728000171240463,2.7876191177453906,1.2840467425897768
US10949T1097,-0.67161965388593,Brightspire Capital Inc,5.129403048882822,-0.1309352467500498,617.71041184,-414.8664530017161,40,402040,small,7.70472589669638e-06,-0.0018050541516245,,,,,-0.0295980078005401,0.6814265176869769,-1.5914904029268542,0.3906792202008946,0.3385211427905203,0.6563099940410332,0.7238316473642993
JE00BYSS4X48,-0.67702617849401,Novocure Ltd,19.231693466221007,-0.035203669384766066,1922.13235968,-1301.3339260338244,35,351010,mid,2.3974831384808506e-05,,-0.0018083182640144,,-0.0018050541516245,,-0.0017849936071019,1.5991426131526143,-0.0355526302096178,-1.4656695133002828,-1.7953422808489647,0.7684629177641613,-0.2571998066206513
US72703H1014,-0.6774111346698299,Planet Fitness Inc,12.736231706096296,-0.05318772069336504,3788.7577744,-2566.5467029454435,25,253010,mid,4.725732249481752e-05,-0.0018050541516245,-0.0018083182640144,-0.0017921146953405,-0.0018050541516245,,-0.0592814339315973,0.7913786515370778,-0.6011512685542488,0.0397683795451565,1.472641264195518,-1.9180590277376717,-0.2936707875078727
US88322Q1085,-0.67792961674864,TG Therapeutics Inc,13.68511057164647,-0.04953775223074998,6722.370530159999,-4557.2940771537205,35,352010,large,8.384838804421524e-05,0.0018050541516245,0.0018083182640144,0.0017921146953405,0.0018050541516245,,0.0516279096161721,-0.8359229386406144,1.9398474078213008,2.7230052308336816,1.4470763431141764,-3.352022750956209,1.9005411277765696
US25960P1093,-0.68010547766867,Douglas Emmett Inc,8.15648127298075,-0.08338221530914255,1869.3420883200001,-1271.3497939030228,60,601040,mid,2.3316376285064497e-05,-0.0018050541516245,,,,,-0.0468431631618237,0.8322054332269857,-0.1487240195030497,1.7529900469112265,0.7989848088426601,-0.7011700159120867,0.2664473552745673
BMG6891L1054,-0.6805949506812501,Pangaea Logistics Solutions Ltd,13.420763609407356,-0.05071208840934978,220.23864288000001,-149.89330828901907,20,203030,small,2.7470451245855466e-06,-0.0018050541516245,,,,0.0017921146953405,-0.0364602577014314,3.2462206629559995,-8.708306416598807,-6.007258708828026,-2.440529981643057,2.55083709187134,0.866753059390325
US18539C2044,-0.68111208082425,Clearway Energy Inc,8.76857747186197,-0.07767646268849339,4054.4200146,-2761.514452679692,55,551050,mid,5.05709379084646e-05,-0.0018050541516245,,,,,-0.0257315740985734,0.2067648781898587,-3.63883538704486,-3.3179548147554123,-3.167928669266512,1.2286442688756014,0.881356650833153
US71742Q1067,-0.6820849736547601,Phibro Animal Health Corp,15.773129979058993,-0.04324347637788581,1386.90182124,-945.984892202224,35,352020,mid,1.7298880144262525e-05,,,,0.0018050541516245,,0.0562450517588919,1.938624827175091,1.1167216151806707,-2.1998311671579223,4.549398923328809,-1.0508190640367627,2.3242780915120558
US6752321025,-0.68317718336531,Oceaneering International Inc,11.553491564985977,-0.059131664183297405,4772.72221075,-3260.6149169252403,10,101010,mid,5.953034902773889e-05,,,0.0017921146953405,0.0018050541516245,,0.0653825163434865,0.9651989463411508,-3.127791916941764,-1.5360838298585926,0.6643129883674206,2.1811941827338024,0.5145868839380694
US25746U1097,-0.6865372271193899,"Dominion Energy, Inc.",5.935365377222468,-0.11566890721741278,60410.52298962,-41474.07294212587,55,551030,large,0.0007535027935252,,,,,-0.0017921146953405,-0.0112461207323869,0.4531474831085463,-1.6494863352290958,-1.1903409130757252,-0.8261828656367451,-0.2105093221742432,0.4953594287123435
US0921131092,-0.68706953519143,Black Hills Corp,6.457286160628266,-0.10640221264788753,5637.18991596,-3873.1414553444533,55,551030,large,7.031288820390286e-05,,,,,,-0.0123728587902833,0.8446090054694719,-2.771895461754914,-1.8349046177808608,-1.1547389256030387,0.6104296200559847,1.0156315538221157
US87240R1077,-0.69047091661749,TFS Financial Corp,5.771252235375683,-0.11963970529396614,4921.156925740001,-3397.9157333342077,40,401010,mid,6.138178097810146e-05,,,,,,0.0017074285689958,0.5823530251672612,-0.9308423409869306,-0.4029633547986843,-0.102713340600188,-0.6229742339078643,0.1276603137119529
US7201902068,-0.6974661634193,Piedmont Realty Trust Inc,8.437363259083464,-0.08266399608532021,1170.78761082,-816.584743097474,60,601040,mid,1.4603279225529169e-05,-0.0018050541516245,,,,,-0.0224144769414837,1.8257326804426943,-1.398870732415693,1.0988965362199463,1.0802020919139632,-0.6757784803218458,0.8491037192737931
US5288723027,-0.7024672387691699,Lexicon Pharmaceuticals Inc,21.199952952002135,-0.03313532064715401,1019.540772,-716.1939909194278,35,352020,mid,1.2716771545694626e-05,,,0.0017921146953405,-0.0018050541516245,,0.036244016992908,-1.0934955110980629,-0.1560621939494358,-1.113449496066927,-2.5774507345995503,-3.941047819930787,1.4338394150459584
US7433151039,-0.7029414774634699,Progressive Corp,7.232621141504021,-0.09719041875837747,121483.71886950001,-85395.94482988316,40,403010,large,0.0015152711316824,,,,0.0018050541516245,-0.0017921146953405,-0.0108545586801837,0.3264492839943871,-0.6989085831757295,0.3539681336322426,1.2347801959099676,-0.2102755138128861,1.088857793540725
US1251411013,-0.7041014960616799,CECO Environmental Corp,15.54070066802499,-0.045306933780043114,3807.14151156,-2680.6140340079214,20,201060,mid,4.748662356059168e-05,,0.0018083182640144,0.0017921146953405,,,0.0469761778271154,-1.2988963401009788,-1.4198301044305768,1.3893874763421326,-1.73434086296331,3.748714447771018,1.010978990846786
US37247D1063,-0.70735439340967,Genworth Financial Inc,6.542463269434567,-0.1081174420518838,3755.71809658,-2656.6236960240662,40,403010,mid,4.68452173134268e-05,-0.0018050541516245,,,,,0.0246784678994897,0.6726319809283913,1.6847098740396884,1.7344794653837998,2.198651182055406,-0.8796761790480083,0.2606193061934391
US1940145022,-0.70793857845578,Enovis Corp,13.695932426447053,-0.051689695627348445,1485.18723158,-1051.4213374654205,35,351010,mid,1.8524797874964747e-05,-0.0018050541516245,-0.0018083182640144,,-0.0018050541516245,,0.0064061371125338,2.4587512261458104,3.368667665062389,-0.6878387214406833,3.327701894440208,-3.818692063799904,-0.3381093318569403
US3500601097,-0.71111602867307,L B Foster Co,12.831798673510713,-0.05541826572926681,384.38642998000006,-273.34335156319673,20,201060,small,4.794466832093307e-06,,-0.0018083182640144,0.0017921146953405,,0.0017921146953405,-0.0033077484129311,0.5501171098821172,-1.1573453867934111,-0.151555704524426,-1.509247117045193,-0.4310955699804929,0.6115597092472952
US36317J2096,-0.71354451525625,Galaxy Digital Inc,25.612905177374124,-0.027858788775221775,8280.424373769998,-5908.45139589775,40,402030,large,0.0001032820539938,,,,,,-0.0597882496573774,0.6597593171078262,-0.942951634092934,2.6275348005793133,-2.484126337689513,0.0154687285776025,1.4573953327826497
US1255231003,-0.71541161809405,The Cigna Group,8.30309985465186,-0.0861619913788266,73470.99659375001,-52562.00455611713,35,351020,large,0.0009164065867463,,,,,-0.0017921146953405,-0.0216936602130646,1.1289104786477,-2.259741712405788,-0.836099039145606,0.4068797563617992,0.6873346372661937,0.7705663041402524
US0375981091,-0.71700229823733,Apogee Enterprises Inc,12.675223154317624,-0.05656723274280926,870.9825339900001,-624.4964785954035,20,201020,small,1.086379888791837e-05,,-0.0018083182640144,,,,0.0055076963336882,1.185550751196864,-0.5541404165497044,1.1983824383431685,2.1232582330578644,1.7449429045158735,2.556940041638028
US69349H1077,-0.71916105258897,TXNM Energy Inc,1.5311017171617392,-0.4697016824735236,5844.47706336,-4203.12027671807,55,551010,large,7.28983888236314e-05,,,,,,-0.0070273518768972,0.2360525999992924,-0.2676338698037591,-0.2330557988415996,-0.101494803186321,-0.1669244475904878,-0.1111554073865392
US60871R2094,-0.72355106752981,Molson Coors Beverage Co,7.507075049943899,-0.09638255415272785,7022.452482919999,-5081.10299069413,30,302010,large,8.759132186602698e-05,-0.0018050541516245,-0.0018083182640144,-0.0017921146953405,-0.0018050541516245,,-0.010944755573572,0.9534355184918176,-1.762413369020393,-1.6084830614248091,0.4461026979158249,2.2249955019107985,0.5833656403385663
BMG359472021,-0.72541540861561,FLEX LNG Ltd,6.8944385967042665,-0.10521747324900084,951.2245833,-690.0329697797829,10,101020,small,1.1864661077501927e-05,,,,,,0.0129332458632572,-0.1645034628303751,-0.537488678162826,0.092049373019506,0.3479536662558152,0.1571642068226324,0.076237142954996
US3647601083,-0.72574828460894,"The Gap, Inc.",11.718207271268643,-0.061933388598473624,4518.90878392,-3279.5902982342113,25,255040,mid,5.636452432227337e-05,,,,0.0018050541516245,,-0.0226928750208741,1.3101076592569414,-3.009430718144741,-2.5004364931537304,-0.4139157029236711,1.4227108463817268,0.7042696875772536
US16208T1025,-0.7317144213716,Chatham Lodging Trust,8.465755021263327,-0.08643226971885702,568.2814523100001,-415.81973405322424,60,601030,small,7.088196569623629e-06,-0.0018050541516245,,0.0017921146953405,,,0.0272839138435019,0.1924449832848206,-1.6256409772588538,-0.0924985057564424,-0.4287854461393601,-0.1754483017675746,0.9549796211672256
US6680743050,-0.73527634858349,NorthWestern Energy Group Inc,6.60436618293159,-0.11133185656539575,4387.431113070001,-3225.9743284797073,55,551030,mid,5.472459824037708e-05,,,,,,-0.0129984424750031,0.9601156167988076,-2.8882008071906293,-1.9174469813080992,-1.089261132962975,0.6161668259703729,1.1402048666339255
US82455M1099,-0.74306092869468,Shimmick Corp,23.88213657900914,-0.031113670514211142,38.436310080000005,-28.560520263641493,20,201030,small,4.794175846327406e-07,-0.0018050541516245,,,0.0018050541516245,0.0017921146953405,0.0444155306399717,4.120798389280607,-0.5000582182187978,6.1387426578512745,8.225478536929117,0.3703450100490371,3.9764365268211135
US7739031091,-0.75250540708486,Rockwell Automation Inc,6.858314584292496,-0.10972162297837909,49787.85418802,-37465.62948363764,20,201040,large,0.0006210058340456,0.0018050541516245,,,0.0018050541516245,-0.0017921146953405,-0.0134427894334281,1.3017358534064385,-1.7005796365867598,-1.1885742719184975,-0.9808154224852468,-0.2528924432210657,0.3182324046009792
US20825C1045,-0.75354131012911,ConocoPhillips,8.286083192166931,-0.09094059191216591,152157.6113595,-114657.04580995358,10,101020,large,0.0018978677810026,,,,,-0.0017921146953405,0.0436711852359626,-0.7587982079684389,-0.9350412948244547,0.3878159915491687,0.7668010478450408,1.286229495692374,-0.4198128178496507
US7141671039,-0.75413699061339,Perma-Pipe International Holdings Inc,15.800079599167061,-0.04772994881957089,204.34250036,-154.10223827590596,20,201060,small,2.5487719231243677e-06,,0.0018083182640144,,,0.0017921146953405,0.0489988558164443,1.207602637946296,4.226399794317144,-0.0218196140634844,2.4591330667387368,2.196695328813984,0.19520840793014
US6353092066,-0.75471947707793,National Cinemedia Inc,14.839187335763448,-0.05085989279608357,254.18899200000004,-191.84138312120615,50,502010,small,3.170509144380152e-06,-0.0018050541516245,-0.0018083182640144,,,0.0017921146953405,-0.0409445104625136,1.506796650388436,1.093595918014954,1.1561789071751123,2.73389960654156,-4.34997313629191,1.1755567838666945
US8448951025,-0.75671803304944,"Southwest Gas Holdings, Inc.",5.11031941693984,-0.14807646475894412,6674.092331519999,-5050.406021498165,55,551020,large,8.32462122023034e-05,,-0.0018083182640144,,,,0.0104223914159952,0.5118014623906131,-0.7397845018085557,-0.7991751800043101,0.3807674339870094,0.5373450707391101,0.8309423187186985
US2540671011,-0.76020905913636,Dillard's Inc,9.360776779662716,-0.0812121768342981,5776.4331116799995,-4391.296780994369,25,255030,large,7.20496739783355e-05,,-0.0018083182640144,,0.0018050541516245,,-0.0278217002765707,0.7894047001556983,-0.9396408612774818,-0.3355175533037194,-0.4255168513217157,-2.104664874059517,0.2553802722970842
US1717793095,-0.76125098772861,Ciena Corporation,16.66496694305383,-0.04567971783741876,60088.69658978999,-45742.57963030239,45,452010,large,0.0007494886403728,0.0018050541516245,,0.0017921146953405,,-0.0017921146953405,0.1255938709442845,0.203639942038881,2.924415274525669,-0.4174563556510908,-1.2891707008318032,-3.833347646723096,1.850623780913749
US92846Q1076,-0.7618677592038899,Vita Coco Company Inc,15.299575596335307,-0.04979665967900308,3270.1981576499998,-2491.4585425214946,30,302010,mid,4.078930830633471e-05,0.0018050541516245,0.0018083182640144,0.0017921146953405,0.0018050541516245,,-0.0346743666246663,1.168215727405974,-4.911382658154658,-4.459138866591775,-5.681410661905167,-0.9917315679222424,0.245466104066598
US5021751020,-0.76252765270295,"LTC Properties, Inc.",5.618476052489517,-0.13571787893713244,2123.2571140799996,-1619.0422632842617,60,601050,mid,2.6483468237919795e-05,,,,,,-0.0030853261255153,0.9456214245709808,-1.84186710028653,-1.4631244270131465,0.1939387667395581,0.6007470724281427,0.7818048431797241
US2963151046,-0.76372116987854,ESCO Technologies Inc.,7.863342953710092,-0.0971242351216794,7810.8547539,-5965.315130399864,20,201060,large,9.742509393430036e-05,,-0.0018083182640144,0.0017921146953405,,,0.0385600299055294,0.8777752155138463,-1.0361213663857871,-1.209362178729811,1.1938259904903945,0.0724913806843885,2.654489128664677
US29430C1027,-0.7644363578527,Vestis Corp,15.31658935819941,-0.04990904567428879,1749.9025322100001,-1337.6891183198295,20,202010,mid,2.1826602074671227e-05,,,0.0017921146953405,,,0.0403966841054667,1.672665391403515,-1.7288927888878314,-2.9639517876371766,-1.879048788943208,-3.0730809734914293,1.0801770545233225
IE000S9YS762,-0.76493327496938,Linde PLC,5.587593147636496,-0.1368985276411795,222090.8808685,-169884.70484357615,15,151010,large,,,,,,,0.0032710292738644,0.439682639124375,-1.2830320594797264,-0.0783196120304035,0.9173142521709228,1.459061534416893,1.3926264437868223
US8270481091,-0.76581955118118,Silgan Holdings Inc.,10.270998692827016,-0.07456135221942997,3694.87272299,-2829.605770391786,15,151030,mid,4.608629061151706e-05,,,,,,0.0049617280467133,1.2913943324548065,-2.187607855610024,-1.7287520246368064,1.1021447112100662,3.655353302542758,2.285353934611331
US2772761019,-0.7664924286493999,"EastGroup Properties, Inc.",5.119502756114529,-0.149720092978548,10814.953382919997,-8289.579884204393,60,601025,large,0.0001348953325114,,,,,,0.003785272703804,0.9972576259470648,-0.3759644388809925,-0.9945799338835128,0.2990183020411999,-0.4666614440998555,0.6368596908538526
US2922181043,-0.76704330382522,Employers Holdings Inc,6.8025281753352,-0.11275856329509776,859.89227214,-659.5746093560408,40,403010,small,1.0725469622231697e-05,-0.0018050541516245,-0.0018083182640144,,,,0.0097485752753832,-0.0810760557130383,-0.5392498597734914,1.2521482382201718,0.7948598590418245,0.3340200156393812,0.2612135803538618
US5764852050,-0.76774082899131,Matador Resources Co,10.998095355453465,-0.06980670781424182,6231.5048649,-4784.180710841707,10,101020,large,7.77258015855181e-05,-0.0018050541516245,,,,,0.0249274535626888,-1.3291928224878342,-1.7428183364721168,0.8448047845066636,0.6660519453267855,0.6333699236924615,0.5609555535430762
US1264081035,-0.76948645976414,CSX Corporation,6.12956523166454,-0.12553687426133792,92626.78114959,-71275.05390614578,20,203040,large,0.0011553374295975,0.0018050541516245,,,0.0018050541516245,-0.0017921146953405,0.0387280983513988,1.3788996540783989,0.7859258431691523,-0.3433182882769157,1.5390702866903494,-0.4636346715253041,0.8251179134417413
US42330P1075,-0.77143556853555,Helix Energy Solutions Group Inc,11.681159108901225,-0.06604101197009671,1436.3873496,-1108.0802916759478,10,101010,mid,1.791611505654332e-05,-0.0018050541516245,-0.0018083182640144,0.0017921146953405,,,0.0394776753076297,0.079834644276096,-3.255235401286773,-1.7011101830518445,-0.4335226100037149,2.681237855988852,0.8897334813387723
US7240782091,-0.77411347737205,Piper Sandler Companies,9.234507560166827,-0.0838283441026351,5243.14661529,-4058.7904587336366,40,402030,mid,6.539797084959047e-05,,,,,,-0.0175661199369965,0.5810173422929199,0.2588201310725601,2.853251804841798,1.583163086076252,-0.6614797729025759,-0.0599983339330307
US3359251036,-0.77760810529812,First Northern Community Bancorp,6.22654264302064,-0.12488601618584344,258.8696071,-201.29910469629974,40,401010,small,3.2288906378473183e-06,,,0.0017921146953405,,0.0017921146953405,0.0288963036593869,-0.7821679394758356,0.2062625597554201,-0.1901547610864914,-0.8160841922651773,-1.796013419253101,-0.1166628004146456
US86614G1013,-0.78000751599498,Summit Midstream Corp,10.802323775311805,-0.07220738169111815,593.87428566,-463.2264063709498,10,101020,small,7.407416971452722e-06,-0.0018050541516245,,,,,0.0554863687539434,-0.222711882365691,-1.2558590836347008,-0.2588395370580932,0.7815998401581704,2.339546879836168,0.2601931652249731
US5260571048,-0.78027475358198,Lennar Corp,10.024452561418189,-0.07783714360473688,20482.606837,-15982.061002456752,25,252010,large,0.0002554803485646,-0.0018050541516245,,-0.0017921146953405,,-0.0017921146953405,-0.0646514652210715,1.6629773368278082,-3.799382151682577,-3.444915048350201,-1.2811256365049255,2.131563393229038,1.868097105345736
US2527843013,-0.7874481946245601,Diamondrock Hospitality Co,7.444395263540149,-0.10577732196477872,2495.9729842399997,-1965.4494202714634,60,601030,mid,3.1132367725266144e-05,,,0.0017921146953405,,,0.0111783466100729,1.241115100183385,-1.783930667537875,-1.276865635267161,0.3766182154079953,-0.9306225550788302,0.7621899713766779
US87484T1088,-0.7909944387384901,Talos Energy Inc,12.21658197317853,-0.06474760620238264,1745.39609155,-1380.5986018119465,10,101020,mid,2.1770393065741613e-05,,-0.0018083182640144,0.0017921146953405,-0.0018050541516245,,0.037828884901943,-1.910540076983041,-1.7746610426282476,0.382631327384338,-1.2936902467231317,-1.3647638276303042,-1.0453251393986294
US03027X1000,-0.79290875561975,American Tower Corporation,7.3238264292713495,-0.10826427459431706,81564.06883645,-64672.8643243932,60,601080,large,0.0010173517903513,0.0018050541516245,,-0.0017921146953405,0.0018050541516245,-0.0017921146953405,-0.0294076636855522,1.243462203865103,-1.592756927364971,-1.2647368124134024,-0.0834758826998232,1.001969833244393,0.5474662019069156
US60855R1005,-0.79431998576554,Molina Healthcare Inc,15.57595293438262,-0.05099655790639587,10946.4038502,-8694.947350474717,35,351020,large,0.0001365349192821,,,,,,0.0203598082945405,0.8279174366288407,-0.5817868042905954,4.151664895445775,2.7354893224526817,2.3779496391058546,1.9068651825464815
US90187B8046,-0.8045490008140199,Two Harbors Investment Corp,11.9278216169954,-0.06745146151981811,1254.38711376,-1009.2158990095903,40,402040,mid,1.564601906430592e-05,-0.0018050541516245,-0.0018083182640144,,,,0.0014681616764508,-1.0494979196892391,-0.9831362728629472,0.8042172295004426,-1.469445379459351,0.4014251805749212,-0.7021917880508565
US6525262035,-0.80467414455777,"NewtekOne, Inc.",11.378127993911702,-0.07072113663937875,349.3802004,-281.1372138822922,40,402010,small,4.3578327744168e-06,-0.0018050541516245,0.0018083182640144,,,0.0017921146953405,-0.0299722864743018,1.5938061720293195,-3.1962963311480705,0.7094935463462821,0.455844364171788,1.100623784550413,0.6956541847156376
US5260573028,-0.80564233799628,Lennar Corp,10.213413138439837,-0.0788808136003149,6281.545382,-5060.678907784216,25,252010,large,7.834995889385293e-05,-0.0018050541516245,,-0.0017921146953405,,,-0.0623002734510881,1.6274682884738327,-3.5923114106581053,-3.254840876065129,-1.209034475600962,1.9191413357190887,1.9265167947886104
US9814751064,-0.8061885848299999,World Kinect Corporation,8.789346159210329,-0.09172338536071849,1778.06200872,-1433.4532945499636,10,101020,mid,2.217783631606557e-05,,,,-0.0018050541516245,,0.0227604632337096,0.7539150927268223,-0.4127760274690775,1.0193784153530765,1.0704779839842575,0.3439787217685726,-0.2825308441492798
US7365088472,-0.80878957371646,Portland General Electric Co,5.0045739594912675,-0.1616100751558633,5935.706492380001,-4800.737523678044,55,551010,large,7.403629702598383e-05,,,,,,-0.0041401953649185,0.3982282343734553,-2.392333484190569,-2.4387260116030136,-1.2826280282917062,0.775738470694367,1.0461947034688506
US9224171002,-0.8109388053232299,Veeco Instruments Inc,17.52181875311675,-0.04628165698717672,3123.22556484,-2532.7448083063196,45,453010,mid,3.895611346256522e-05,,,0.0017921146953405,,,0.0334880217017458,-0.4741649407748651,0.0709644015149455,4.508948752149779,0.244250082041312,-2.629441275451137,2.661949881374009
US9152711001,-0.81175108021172,Univest Financial Corp,6.474355561106368,-0.1253794408648456,1172.90436129,-952.1063822621951,40,401010,mid,1.4629681536143414e-05,,,,,,0.0167592775734908,0.410115900358183,-0.3480878556145512,0.8054039373779149,0.7992174303098617,-0.6719253297074503,0.5414679801886887
US2689481065,-0.81346826163801,Eagle Bancorp Inc,9.488382772962915,-0.08573307813381882,848.2261207,-690.0050278817819,40,401010,small,1.0579957263379258e-05,-0.0018050541516245,-0.0018083182640144,,,,0.0081724587972503,0.2638239112416819,-4.996598101938655,0.3330750779895766,-0.5927508802046622,3.3954497359322677,0.9129152896855998
US6795801009,-0.8192010436097901,"Old Dominion Freight Line, Inc.",10.162973259840907,-0.0806064350131542,38262.6751231,-31344.823392145874,20,203040,large,0.0004772518290887,0.0018050541516245,,,0.0018050541516245,-0.0017921146953405,0.0392531162425612,1.559843620881904,0.2056578685085222,-0.1451224647366278,1.944589423870416,1.423467240924139,1.1180802015911415
US6667621097,-0.8224751514345701,Northrim BanCorp Inc,9.624280807194454,-0.08545834934697083,589.34332697,-484.7202420966041,40,401010,small,7.3509021481851055e-06,,,,0.0018050541516245,,0.0203930882535282,0.3880719457791298,1.2726819722285758,0.9585836958276296,1.2882513194876632,-0.6072351775836489,0.3100477349536403
US6558441084,-0.8273330671718799,Norfolk Southern Corp,4.994209334111466,-0.16565846800233758,75063.26906078,-62102.3246240032,20,203040,large,0.0009362670629114,,,,,-0.0017921146953405,0.0100170514250813,1.5264299197685762,0.0004407781613769,-0.0225797833500656,1.6855564484131964,-0.547008267920599,0.6776806763181347
US2036071064,-0.82848622234061,Community Financial System Inc,6.30534866404256,-0.13139419665485097,3426.6777467999996,-2838.9553016249647,40,401010,mid,4.274108428374968e-05,,,,,,-0.0040393023881533,0.5545081371344426,-1.2081959936783773,0.5709413535770524,0.3876452949015182,1.114302278038695,0.5837938367530555
US4781601046,-0.83211293538288,Johnson & Johnson,6.2075712494026405,-0.13404806839115296,627047.7512103001,-521774.5448848367,35,352020,large,0.0078211908923863,0.0018050541516245,,,0.0018050541516245,-0.0017921146953405,0.0302228410207948,0.2099795353217687,-1.9890237558836388,-2.208529072418719,-0.5905195402269918,1.281598944415006,0.8590304929950519
US11135E2037,-0.83291902682757,Broadstone Net Lease Inc,5.498676886614968,-0.15147626310887347,4335.26299318,-3610.923033321064,60,601010,mid,5.407390326002023e-05,,,,,,0.0062469895572065,0.7739023524410814,-0.6490862491653375,-0.26959062220275,0.6149608282834031,0.6324782663754304,0.6796110298081464
US4579852082,-0.8334137375625,Integra LifeSciences Holdings Corporation,16.73046617985386,-0.04981413719159019,1222.4789418,-1018.830743976988,35,351010,mid,1.5248027199340996e-05,,,,,,-0.0276717724036384,1.068740401579751,-2.2084675684931625,-1.5967066220582888,-2.9941870095042926,0.7255941852423369,0.3354589214690253
US75955J4022,-0.83498697814515,Relmada Therapeutics Inc,33.44263563339008,-0.024967738407300506,471.98259609999997,-394.0993216546418,35,352020,small,,,,,,,0.0575681250071931,-1.5333765805044277,-3.325432408750739,-2.9929011734887734,-5.510400350480642,-12.4995942238855,1.5215797783423393
US68280L1017,-0.8379759203044399,OneWater Marine Inc,17.834519762441683,-0.04698617801131722,136.74025175999998,-114.58503831124679,25,255040,small,1.7055664574566789e-06,-0.0018050541516245,-0.0018083182640144,-0.0017921146953405,-0.0018050541516245,0.0017921146953405,-0.0467486036158598,2.2840084821346283,-2.638811701004996,0.4324307770390641,1.0180654199040793,3.0273902822035303,1.2285320710760073
US12653C1080,-0.8410565353897901,CNX Resources Corporation,6.3585287186536075,-0.13227219260997225,5055.46576008,-4251.932516954596,10,101020,mid,6.30570202718865e-05,-0.0018050541516245,,,,,0.0073117644211717,0.5560251110681209,-1.9852515110655455,-2.290856012326094,-0.4236970429886027,-0.1682291425216562,0.5262732268665076
NL0010556684,-0.84902864566021,Expro Group Holdings NV,12.166699527052215,-0.06978298788199919,1739.2633791699998,-1476.6844312631051,,,mid,,,,,,,0.0231927731394384,0.8272995806843115,-2.227059590994942,-2.2113663872570277,0.4374762209870552,1.5937650142065891,0.8982172688548103
US03784Y2000,-0.85414013628999,Apple Hospitality REIT Inc,6.014932297209594,-0.14200328350931513,3513.5527743,-3001.066445502674,60,601030,mid,4.382467986725562e-05,,,,,,0.0035526269479619,0.8885822552909854,-0.6641854885331984,0.220329396952561,0.6972678897604827,-0.5189306374395344,0.9749959679347218
US26884U1097,-0.8628478076636701,Epr Properties,7.441733074396928,-0.11594715895310376,4592.6398372700005,-3962.7492149772543,60,601080,mid,5.728417460701487e-05,,,,,,-0.0161229916084962,2.040603762275976,-2.8145701495096374,-1.140452441712029,0.6995959989170781,0.6986300575819815,1.3090288342275878
US05605H1005,-0.86360225806762,BWX Technologies Inc,8.896103164835527,-0.09707646618592092,15803.2299162,-13647.705040392086,20,201010,large,0.0001971142989545,0.0018050541516245,,,0.0018050541516245,-0.0017921146953405,0.0114854662599426,0.0865790276905106,0.2243188964056944,-0.11400285551004,-0.1113957084638224,1.4480483322340592,1.4559022281303378
BMG3398L1182,-0.86899743660385,Fidelis Insurance Holdings Ltd,6.808857467950755,-0.1276274970792405,1039.2679235199998,-903.1211614834858,40,403010,mid,1.2962829070824324e-05,-0.0018050541516245,,,,,0.0181037715569578,0.4579401184049194,0.3907154777720981,0.6333886219577773,0.82361594441975,-1.4838228245125211,0.4439315783937192
US03209R1032,-0.87030468513345,Amphastar Pharmaceuticals Inc,14.73905478363035,-0.059047523596970235,685.48250808,-596.578638359052,35,352020,small,8.550049878557608e-06,,,-0.0017921146953405,,,-0.0332042592113275,0.3028346819389608,-0.9551942837223368,1.8046881213232888,0.951682504186962,1.3622836864267571,0.416590940789493
US3614481030,-0.8711259532314399,GATX Corporation,6.888149966440989,-0.12646733266197144,6306.49852272,-5493.754537157128,20,201070,large,7.866120038472665e-05,,0.0018083182640144,,,,0.0140681971246704,1.302440328970739,-0.089589698828833,1.7706909317183523,2.9125535518368664,0.7297798292843767,1.2700131845985538
US7837541041,-0.8744172227243101,Ryerson Holding Corp,13.1907742371014,-0.06629006053828562,1245.4559907,-1089.0481684132483,15,151040,mid,1.553462082039096e-05,,0.0018083182640144,,,,-0.0001866698484594,1.9691479953617352,-1.0015295983382737,0.7453268714899277,0.7716346463312813,1.7664473611940934,0.0962220311871662
US82982L1035,-0.8756631379506399,SiteOne Landscape Supply Inc,10.130679712522126,-0.0864367606912168,4236.250900460001,-3709.528756643028,20,201070,mid,5.283892159184093e-05,,,-0.0017921146953405,,,-0.0278269966507496,1.0392516041351854,-2.709220336591086,-0.8916532374382283,0.9884288234896746,3.00964477813034,2.420751876294561
US8832031012,-0.87883190362872,Textron Inc,7.291710226810976,-0.12052479820129611,15218.78511384,-13374.753892512434,20,201010,large,0.0001898244962936,,,,,-0.0017921146953405,0.0091012513353709,0.7714883097441722,-0.1173622588360393,-1.012669309824557,0.2134924503450405,0.9467375673526406,0.6808824647579061
US7181721090,-0.87942714597912,Philip Morris International Inc,7.756167597937796,-0.11338423710866452,296246.4628968,-260527.1813717421,30,302030,large,0.0036950936081629,-0.0018050541516245,,,-0.0018050541516245,-0.0017921146953405,-0.0104674563249998,1.093356843194364,-3.403427706035852,-1.622144130500638,-0.5024013179911846,1.9739133929241903,0.3447913867295799
US1005571070,-0.88346529617844,"The Boston Beer Company, Inc.",10.668605244868214,-0.08280982151845973,1716.84471787,-1516.77272716541,30,302010,mid,2.1414270675763943e-05,,,-0.0017921146953405,,,0.0184833702770227,0.2607369887040582,0.0995840835003436,0.7013531591742108,2.5846100731350994,1.5718893667505207,1.4990756199664432
BMG7496G1033,-0.8849055959479201,Renaissancere Holdings Ltd,5.5499422012399435,-0.1594441102017636,13168.758604679999,-11653.108180968655,40,403010,large,0.0001642544362277,,,,0.0018050541516245,,0.0429125206219716,0.508642346265223,0.9266494908434638,0.4441323780003103,1.9729834493400011,0.1381631163228031,0.9102078200281828
CA05156V1022,-0.8849667840635299,Aurinia Pharmaceuticals Inc,8.338503104098411,-0.10613017384721783,1890.8387703,-1673.3295057350306,35,352010,mid,2.358450523217257e-05,,0.0018083182640144,,0.0018050541516245,,0.0028557181656828,0.0212789905851008,-0.3103657102066182,0.6711291137644438,-0.1104946539309074,-1.834926212793516,0.995388291705824
US65158N1028,-0.88919131595831,Newmark Group Inc,8.972021622891296,-0.09910713029152977,2327.02486016,-2069.1702976733727,60,602010,mid,2.9025071228644013e-05,,-0.0018083182640144,,,,-0.0088772141079952,0.0060697497281541,0.7056425804651696,2.9574824213897672,1.6912781366191032,0.2363800658854075,0.1017129573710613
VGG1890L1076,-0.8914448717610801,Capri Holdings Ltd,12.459346439180038,-0.07154828514582559,1698.94012554,-1514.5114623417587,25,252030,mid,2.119094600201622e-05,0.0018050541516245,-0.0018083182640144,-0.0017921146953405,0.0018050541516245,,-0.055840927694654,1.508530117421417,-1.4628511731097982,-0.5000875729215588,-0.0008022395540832,-1.0528566926209106,1.3340892574433447
IL0011754137,-0.89880837435261,Taboola.com Ltd,16.04177490181958,-0.05602923491032531,662.2681359600001,-595.2521466677409,50,502030,small,8.260496115790795e-06,,,,,,-0.0378506073377641,0.7406103511727582,0.5097598024726822,2.342303953612757,-1.0731396362381065,-4.7794913078024965,-1.471171064306677
CH0044328745,-0.9021388038755099,Chubb Limited,5.333601511761019,-0.16914252065629978,122784.65217280002,-110768.79924544034,40,403010,large,0.001531497723172,,,,,-0.0017921146953405,0.0260838528531368,0.7495280084258744,0.0739622788068823,-0.5413941605420628,1.3020407429783465,-0.1700275512720297,0.7115290613548501
US43283X1054,-0.9040439855092799,Hilton Grand Vacations Inc,9.855935666545923,-0.09172584076191602,2264.24002568,-2046.9725769653817,25,253010,mid,2.8241953555919483e-05,,,,,,-0.0299022133605135,1.4514488959151337,-1.324156414298752,0.0640658437346384,-0.0128336254241805,0.8211235041434665,1.2393609335007227
US49427F1084,-0.9086214659215099,Kilroy Realty Corporation,8.173417259220177,-0.11116787961565555,4180.7792728,-3798.745791545801,60,601040,mid,5.214702183109252e-05,-0.0018050541516245,,,,,-0.0383693177559019,0.4489785940083469,0.418534197152029,1.1791840102747535,-0.1410355809877711,-2.469071390414376,-0.1321028496517762
US70931T1034,-0.90875994962709,PennyMac Mortgage Investment Trust,7.801323296686713,-0.11648792327489463,816.1341909199999,-741.6700662294049,40,402040,small,1.017967338000678e-05,-0.0018050541516245,0.0018083182640144,,,,-0.0252844269563413,0.8946970685747849,-0.3023591907254795,-0.3333674757478797,0.9819863481162808,-0.1221198925195968,1.4007317921277336
US8666741041,-0.91589973993919,Sun Communities Inc,5.152595636689705,-0.17775501990053533,14836.75805472,-13588.98284385873,60,601060,large,0.0001850594579856,,-0.0018083182640144,,-0.0018050541516245,-0.0017921146953405,-0.0096205308672192,0.9989494739699172,-0.8625292155010023,-1.0974986151355317,0.4465452919944404,0.3349729122866889,0.6275291748722657
US59064R1095,-0.91663671245677,Mesa Laboratories Inc,14.929785736768698,-0.06139650820301462,559.29737094,-512.6725033841561,35,352030,small,6.976137774656455e-06,,-0.0018083182640144,,,,0.0239716491303319,2.480067092405145,-0.6765826697079753,-2.808906763054085,0.5398634258702681,-0.0459931633818788,1.5032935321621892
US87266M1071,-0.91862513375164,TPG RE Finance Trust Inc,5.416819673827364,-0.16958754196492695,512.988467,-471.2440991109238,40,402040,small,6.398525021827285e-06,-0.0018050541516245,,,,,-0.0373196009353608,0.9531877911241114,-1.7556706774306925,-0.667317290645379,-0.4297718344937526,0.8741750018946365,0.5230116931351028
US0240131047,-0.9190715721739801,American Assets Trust Inc,6.177165243874875,-0.14878533046939432,1376.86049103,-1265.4333361551803,60,601010,mid,1.71736342435567e-05,,,,,,-0.0141161503241402,0.9462724346327348,-0.4658539174658247,-0.0758842152042146,0.2521742222838343,-1.0789481108328671,1.096861873814851
MHY2001C1012,-0.92215498581409,Costamare Bulkers Holdings Ltd,13.092675411024535,-0.07043289143467195,157.24330369999998,-145.00269649283413,20,203030,small,1.9613018185830613e-06,-0.0018050541516245,,0.0017921146953405,,0.0017921146953405,0.0067726099103516,2.512028058514442,-3.647025314579356,-3.6481392015598697,-0.347901492614029,-1.38910901328018,1.3598650057382518
US04208T1088,-0.92926101098549,Armada Hoffler Properties Inc,8.710897787127502,-0.10667798356659655,499.18641420000006,-463.8744719297136,60,601010,small,6.226371482567735e-06,-0.0018050541516245,-0.0018083182640144,,,0.0017921146953405,-0.0374843613538612,1.44609937569042,-1.854491705106156,-0.0265369068653336,-0.378095463101764,1.1387420991340906,0.2858744756301026
US30040W1080,-0.9304777840037399,Eversource Energy,6.878777132702269,-0.13526790678828254,27202.3490445,-25311.18145862261,55,551010,large,0.0003392959534384,,,,,-0.0017921146953405,0.0177929723075662,0.6831767799616144,0.6596042670393301,-0.9917462825336196,0.486363842824473,0.6152999746042225,0.9364723667068986
US75524B1044,-0.93090722615782,RBC Bearings Inc,7.085849009666934,-0.13137553804601554,17450.72163112,-16245.002868078185,20,201060,large,0.0002176635269378,,,,,-0.0017921146953405,0.0258005648426316,1.0405393400557184,-1.3195639951291631,-1.987787727760053,0.0929491533340929,1.2403190080980722,2.043627469743063
US92345Y1064,-0.9325608192784199,Verisk Analytics Inc,10.010552157826014,-0.09315778036772586,23589.06927104,-21998.241765416464,20,202020,large,0.0002942273748473,-0.0018050541516245,-0.0018083182640144,-0.0017921146953405,-0.0018050541516245,-0.0017921146953405,-0.036965431198049,0.788782512513782,-1.2137352426338082,-0.3987582122827698,0.6462475564980507,0.514912869307554,-0.1199111120301159
BMG3223R1088,-0.93268689720484,Everest Group Ltd,6.379883276211601,-0.14619184345934821,13991.33382584,-13049.533733779832,40,403010,large,0.0001745144488275,-0.0018050541516245,,,,-0.0017921146953405,0.0203054438392507,0.6563402792395707,0.9280138206561872,1.581101282138368,2.3811644949167388,-0.092170285326919,0.3388523781052546
US1461031064,-0.9344919932556,Carter Bankshares Inc,7.526787745755362,-0.12415548635373637,708.1321723200001,-661.7438451997349,40,401010,small,8.832560018060661e-06,,,0.0017921146953405,0.0018050541516245,,0.0371731004162389,-0.8322415253898214,-1.236674616241004,1.8753555000923925,0.2641779860371211,-0.4706148145454526,0.2422686693188444
US7607591002,-0.9357243824686501,Republic Services Inc,4.950012509981601,-0.1890347510398773,65600.91604626,-61384.3766567644,20,202010,large,0.0008182427671941,,,,,-0.0017921146953405,-0.0044754226152338,0.3842141480318086,-1.197293903095802,-0.76748328967244,0.5463851578328954,1.0764450755341968,0.8711969654191041
US6361801011,-0.9365514185453601,National Fuel Gas Co,5.971553977296926,-0.1568354606030536,7689.5424840000005,-7201.651921355012,55,551020,large,9.591196129225638e-05,,0.0018083182640144,,,,0.0070852647952244,-0.2027922194357719,-0.90665053771177,0.2218058856200263,1.1703599890141518,0.0018694149370837,0.5204354018151085
US48666K1097,-0.93752972586642,KB Home,10.95201627220883,-0.08560339051407716,3313.46256802,-3106.469653064435,25,252010,mid,4.1328946972923005e-05,-0.0018050541516245,-0.0018083182640144,,,,-0.0065374495053338,1.4985522994239973,-1.4290259151869158,-1.7739036908788284,1.22082912117909,1.204300267841716,2.6853099442513866
US3765491010,-0.93946346656588,Gladstone Land Corp,8.201052015033687,-0.11455401878243313,333.35955541999994,-313.1791235477337,60,601080,small,4.158006648948872e-06,-0.0018050541516245,-0.0018083182640144,,,0.0017921146953405,-0.0352561946515526,1.810057273433984,-5.425047367404948,-4.147857431429273,-1.5050288371304787,4.282065465368372,1.6256558830845536
US02553E1064,-0.9399755982189,"American Eagle Outfitters, Inc.",19.09267993701039,-0.04923225033468429,2521.41450048,-2370.0681034464965,25,255040,mid,3.1449700742920257e-05,,,,,,0.0330178397752081,2.117182948986703,1.4252749801794944,0.6977706669349009,2.728536001867353,-1.5345019916297116,1.0474646884881451
US05508R1068,-0.94210331226023,B&G Foods Inc,12.977605602138077,-0.0725945402520953,283.53804868000003,-267.1221348132304,30,302020,small,3.5365810653186923e-06,-0.0018050541516245,,,-0.0018050541516245,0.0017921146953405,-0.0041053498038737,0.8751724687442402,-1.1958842247457315,-1.1893165111512545,1.8258933010655285,0.1376309031145564,2.3670336525130864
US0625401098,-0.9490962437414701,Bank of Hawaii Corporation,6.019275208148642,-0.1576761671333159,3097.21868287,-2939.5586179578204,40,401010,mid,3.8631728616258815e-05,,,,,,0.0140592447100628,0.4474307513136804,-0.7108422082109281,0.1042712648545242,0.6600593991137934,1.277098428908073,0.6146513162179326
US1985161066,-0.9547411110145401,Columbia Sportswear Company,8.63596963758192,-0.11055401432396286,1387.25765185,-1324.4719117906911,25,252030,mid,1.730331843324577e-05,,-0.0018083182640144,,,,-0.0221526178199949,1.3853766996981534,-1.7314198916525656,-1.4426419870790672,-0.2235235848202306,0.1321701613030259,1.0688522595148289
US29275Y1029,-0.95891983115078,EnerSys,7.543481902386255,-0.12711899406127583,7221.245710979999,-6924.595717871235,20,201040,large,9.00708775007772e-05,,-0.0018083182640144,0.0017921146953405,,,0.0123964558715677,0.2105008941863395,-3.12308452443253,-0.2890546924136337,-2.4823814485613824,1.3734882176407397,0.8392341209581345
US1844991018,-0.9634700598136801,Clean Energy Fuels Corp,17.058944858198373,-0.056478877669309376,313.60367262000005,-302.1477492169812,10,101020,small,3.911590757450698e-06,-0.0018050541516245,-0.0018083182640144,,-0.0018050541516245,0.0017921146953405,0.0096896694141573,-1.4248506329426922,3.002385802693148,1.7530988432244443,1.129945075439459,-0.9396615157781788,-0.5236678548028861
US26701L1008,-0.9651483609258601,Dutch Bros Inc,14.155376350419692,-0.06818245852553716,8863.944389999999,-8555.021399346471,25,253010,large,0.0001105603217615,0.0018050541516245,,,,,-0.0179890543996716,1.508180158654391,1.555718683201873,1.0537464770500689,2.6194074735200337,-2.34657329547392,1.2518353802039075
US46990A1025,-0.9689885357068599,James River Group Holdings Inc,13.081100232883513,-0.07407546142571392,153.41954683999998,-148.6617820413016,40,403010,small,1.9136079511377067e-06,-0.0018050541516245,-0.0018083182640144,-0.0017921146953405,,0.0017921146953405,0.009836993127456,1.4533762105470618,-1.170711511869582,-0.0515719442769526,3.7734734278062128,1.0208521208330514,1.7397558955469408
JE00BTDN8H13,-0.96957098052344,Aptiv PLC,11.109282851301032,-0.0872757488940784,10238.344275299998,-9926.801497939168,25,251010,large,0.0001277032647745,,-0.0018083182640144,,,,-0.0608874506076532,0.4143562324184987,-0.565357199165564,0.1370789998757754,-1.207812302497414,-1.5945154805245525,-0.043696213025958
US64111Q1040,-0.97236022134443,NETGEAR Inc,12.90468966060813,-0.07534936886646586,619.81478559,-602.6832421088428,45,452010,small,7.730973832002599e-06,,,,,,0.0060437011517755,0.3527298127902023,5.668640850860628,2.35759221180363,1.4048680657802644,-3.6542898255470337,-0.8056344881669883
US6047491013,-0.9769957076493,Mirum Pharmaceuticals Inc,12.094701828309011,-0.08077881716459777,5881.462904020001,-5746.164011926127,35,352010,large,7.335971464699798e-05,-0.0018050541516245,0.0018083182640144,0.0017921146953405,0.0018050541516245,,0.0041444871249014,-0.5019459431619568,-4.472205383563527,-0.5185239286340417,-1.9633780437847992,3.61481562102723,1.2672508092513668
KYG8807B1068,-0.97940489468213,Theravance Biopharma Inc,11.666250869073185,-0.08395198300411123,838.9497372999999,-821.671479103907,35,352020,small,1.0464252573868248e-05,,,,,,-0.033577767312171,1.6871869817118277,-4.721478681335239,-3.30195526944236,-1.85139074162583,-0.0425563672661588,1.0598872988124266
US7561091049,-0.98253735804799,Realty Income Corporation,4.685005903190101,-0.20971955603705078,59303.544112100004,-58267.94755478517,60,601070,large,0.0007396954031021,,,,,-0.0017921146953405,-0.0005550112028562,1.0588833572447354,-1.3250442751686875,-1.1036162295088632,0.6266632158731545,0.8462451311441639,1.0145309636379762
US2227955026,-0.98282965528401,Cousins Properties Inc,7.383315544553984,-0.13311494671373705,4848.16262016,-4764.917996732675,60,601040,mid,6.047132017683643e-05,-0.0018050541516245,,,,,-0.0136606715846703,0.8958613312415318,0.019936976577875,1.6110092379956222,1.1586062023957395,-0.8391562185615291,0.0727380623959027
US07831C1036,-0.9833658309930801,Bellring Brands Inc,19.543524574223376,-0.0503167085987179,1233.7776297,-1213.2547640906132,30,303020,mid,1.538895617122365e-05,-0.0018050541516245,,-0.0017921146953405,-0.0018050541516245,,-0.0332257055835222,0.8783413007150196,2.5109918153553785,4.108698642916725,6.381145890530771,-0.840256969365294,0.8004493032276389
US5719032022,-0.9952870105759,"Marriott International, Inc.",7.0521907245083515,-0.1411316071071358,76632.37794212,-76271.21035533515,25,253010,large,0.0009558386187749,-0.0018050541516245,,,-0.0018050541516245,-0.0017921146953405,-0.0027672484119187,1.4635159839772571,-1.573176756904001,-0.89785905375535,0.3396614445189425,-0.9991298121097604,0.8949213554298208
US30161N1019,-0.9955287795002101,Exelon Corp,5.832092989722406,-0.170698372137512,47274.863434299994,-47063.48709578779,55,551010,large,0.0005896612030223,,,,,-0.0017921146953405,-0.0018443292169761,0.2786809190819844,-1.0463552263267617,-1.9162809393638875,-0.5416466032752573,0.1815006524518289,0.9390434781231698
US5705351048,-1.0062485215133,Markel Group Inc.,5.164270621957906,-0.19484813929673686,22425.48013475,-22565.606229818066,40,403010,large,0.0002797138824734,,,,,-0.0017921146953405,-0.000515150843891,0.7403772735354321,0.5793904047204987,-0.4088052482801716,0.8941858176744807,-0.125131482190568,0.3703904800052841
US78646V1070,-1.0086899564496399,Safehold Inc,8.846934215260976,-0.11401576319055792,835.3650839,-842.6243700986407,60,601080,small,1.0419541053142232e-05,-0.0018050541516245,,,,,-0.0073690829106465,2.187411917169868,-0.7825640992646905,-0.4699591875805603,2.449349607496324,0.3640412878974239,2.036761191239425
US57142B2034,-1.00893965686323,Marqeta Inc,10.236908408792916,-0.09855901963493284,1464.73730625,-1477.831555162647,40,402010,mid,1.8269725164103e-05,,,-0.0017921146953405,,,-0.0264615589352003,0.2037352522783606,1.2122167923675709,2.511394394196031,2.328359159473348,-1.720029837559536,-0.3257074066573299
US5012421013,-1.00967445946022,Kulicke and Soffa Industries Inc,15.08373808859426,-0.06693794691540667,5004.51523473,-5052.931214486449,45,453010,mid,6.242151239539612e-05,,,0.0017921146953405,,,0.044782481748217,1.464887851979699,-4.5306939513674935,-1.2639885825394033,-0.9336762339053184,2.1070442060498324,3.939207384251215
US5502411037,-1.01720604505489,"Lumen Technologies, Inc.",19.929548128235144,-0.05104009576683606,6370.317493840001,-6479.925463652966,50,501010,large,7.945721688382387e-05,-0.0018050541516245,-0.0018083182640144,,0.0018050541516245,,-0.0126089246261808,0.5528915597105424,1.8302885528564188,-2.0001229457065177,-5.778361569871549,-0.96178558445333,-0.6030790709730248
US29670E1073,-1.02055481182285,Essential Properties Realty Trust Inc,6.022870852497775,-0.16944657071629066,6672.295587830001,-6809.443368064279,60,601010,large,8.322380134865303e-05,,,,,,-0.0118729954086251,1.3960387068465463,-1.623526712534424,-2.2743112848888423,0.1768250009256174,0.4922093015469612,0.9168470821206772
US29476L1070,-1.0216710310953199,Vivmark Residential,4.905270975851479,-0.20828024305384546,24599.170680450003,-25132.260073185116,60,601060,large,0.0003068264088577,,-0.0018083182640144,,,-0.0017921146953405,-0.0121093516563542,0.60452890085157,-0.7850039057587945,0.0445041932712013,0.2788815608084523,0.2524456088381856,0.4522926276297027
US6247561029,-1.0222018516507199,Mueller Industries Inc,8.868709099487214,-0.11525937317188849,14212.80930405,-14528.35998775849,20,201060,large,0.000177276921047,,,,0.0018050541516245,-0.0017921146953405,0.0060241888076489,1.3980947446269196,-1.163145292836908,1.331097776696102,0.9193924787477318,0.7487840525923146,0.2325371458418622
US3874321074,-1.0284042259538602,Granite Ridge Resources Inc,11.366448503405676,-0.09047718164963525,580.56708528,-597.0576439516672,10,101020,small,7.241435745598185e-06,,,,,,0.003468816551628,-0.7441276518544,-0.7242838646062764,0.8253153557040827,0.4582746351195025,0.5565002914947346,0.0577351018472086
US88162F1057,-1.02862104835753,"TETRA Technologies, Inc.",16.464824537264157,-0.062473854247853934,1189.72457072,-1223.7757351907187,10,101010,mid,1.4839480659970948e-05,,0.0018083182640144,0.0017921146953405,,,0.0261745204450204,-1.1287602217583266,-2.098589838598433,0.9886394446027678,-3.259049954881199,2.623308307528905,0.5272051107748488
US8070661058,-1.03007882997697,Scholastic Corporation,9.592342207983032,-0.10738553813475377,649.8647324,-669.4119031938887,50,502010,small,8.105787982684788e-06,-0.0018050541516245,-0.0018083182640144,0.0017921146953405,,,0.0268806411312174,-1.0010657210732383,-2.295288374830328,0.0640345165576923,-1.2798158941625148,1.0597097520743302,1.2333762643402404
US84470P1093,-1.03132403544382,Southside Bancshares Inc,5.332571218667113,-0.19340089295640042,931.9414922999999,-961.1336606363717,40,401010,small,1.1624142336440888e-05,-0.0018050541516245,,,,,0.0011513897944127,0.30532854979057,-0.7927337471245031,0.5157937921925435,0.4959133101859924,1.163084711020245,0.6165932901316207
US63888U1088,-1.03495561670224,Natural Grocers by Vitamin Cottage Inc,11.848014098349596,-0.08735266586544721,356.472965,-368.933697329251,30,301010,small,4.446301102043024e-06,,,,0.0018050541516245,0.0017921146953405,-0.0362641395358482,0.1654213173620366,-0.8335587988017026,0.98029216204362,0.5206700797567341,-0.3598731467669764,0.6744105280334153
IE0003LFZ4U7,-1.03908046176137,Dole PLC,6.3926322145980015,-0.16254344484085298,865.3670785999999,-899.1860236247757,30,302020,small,1.079375709529875e-05,-0.0018050541516245,-0.0018083182640144,,,,-0.0196379966627398,1.0600323638464102,-2.4618467199807834,-1.313918957600709,0.3883578205628146,1.0079316357905437,0.5614233831588001
US5404241086,-1.0504944170436898,Loews Corporation,4.8481002374038775,-0.21668166201246325,18725.3596517,-19670.885771246023,40,403010,large,0.0002335621363474,,,,,-0.0017921146953405,0.007579972710409,0.7704815163664294,-0.4239355065088711,-0.3427346035980528,0.9229603349392046,-0.708554178234347,0.7379930258055576
US1667641005,-1.05283724582704,Chevron Corporation,6.773781764761942,-0.1554282795622426,368043.0654922,-387489.4474185488,10,101020,large,0.0045906154137025,,0.0018083182640144,,,-0.0017921146953405,0.0315307254120316,-0.6998712250818748,-1.4448274530052667,-0.7491308026698833,-0.3802216677323299,1.5390526152623474,-0.6204837357208275
US92343V1044,-1.05867494643713,Verizon Communications Inc,7.403019907697853,-0.14300582189928898,201317.2498682,-213129.5287210869,50,501010,large,0.0025110378565433,,,,,-0.0017921146953405,0.0027243581532353,0.1052772947269599,-2.46904155326054,-1.7643474206605885,-0.6901768684961344,1.7637292639770965,0.5577239032283512
US3742971092,-1.0601305634069,Getty Realty Corp.,5.599360823502964,-0.1893306391252853,1899.28138208,-2013.4862416527062,60,601070,mid,2.3689810255967386e-05,,,,,,0.0043715339117643,0.8730346737962753,-1.6641814079192638,-1.5749875622792011,0.2369636982985315,0.6095491044490349,1.0520952344462793
US66765N1054,-1.0605233609420202,Northwest Natural Holding Company,5.567493491307072,-0.19048488563083038,2121.61636176,-2250.023714603296,55,551020,mid,2.646300307067045e-05,,,,,,0.0161003445845174,0.4080105829589177,-0.5887910129085845,-1.3348958851056827,0.2880944863413714,-0.4041578139312877,1.2346494192651245
US16411R2085,-1.06102135466314,Cheniere Energy Inc,8.82493866006481,-0.12022988436900342,55407.7554407,-58788.81173653548,10,101020,large,0.0006911030800827,,,,0.0018050541516245,-0.0017921146953405,0.0414156175625903,-1.571550852026651,-0.996900843958766,0.4235457027013649,0.8238258183073959,0.4125835437775804,0.4364034563706956
US8010561020,-1.0611904634926501,Sanmina Corp,16.578099138482507,-0.06401158870074095,10918.617456599997,-11586.732719468291,45,452030,large,0.0001361883385183,,0.0018083182640144,0.0017921146953405,,,-0.0120663738369647,2.6490480531701146,-0.8762277974399777,-1.7388184334269328,-2.474263972405496,-1.2232435216758164,1.3261989307239297
US92337R1014,-1.06267762772621,Vera Therapeutics Inc,17.736281233247336,-0.05991547008930938,2132.46436544,-2266.1221730764573,35,352010,mid,2.6598310640817748e-05,,-0.0018083182640144,0.0017921146953405,-0.0018050541516245,,0.0942356182011966,-1.4499184326514678,5.067992237421574,4.362089423906278,2.404290035697648,-1.1982366678239864,-0.0456982732147774
US1491231015,-1.06878627213304,Caterpillar Inc,8.989084753242702,-0.11889823062881773,392829.8208723,-419851.11983279535,20,201060,large,0.004899781573786,0.0018050541516245,,0.0017921146953405,0.0018050541516245,-0.0017921146953405,0.044651276764576,0.8087215511107764,-0.720660501102274,-1.7814259417255716,-1.067059264020087,0.6247190697121814,2.2425981790784046
US3379321074,-1.07019620540757,FirstEnergy Corp,5.436420153892918,-0.19685678720788766,26024.399551439998,-27851.21364796155,55,551010,large,0.0003246033437783,,,,,-0.0017921146953405,-0.0003275301733976,0.3569298902212648,-1.355847802924213,-1.4025708969279531,-0.1116680433325919,0.0710919644497738,0.9065503638203758
US82312B1061,-1.0703191164608101,Shenandoah Telecommunications Co,10.90478541156139,-0.09815132311783453,668.70528703,-715.7280519866221,50,501010,small,8.340786950459165e-06,-0.0018050541516245,,,,,0.0126332742353385,-0.346006922786443,0.2264488408965722,0.999099821665954,0.5884615375560773,1.5246358744617126,1.7659893414459238
US05603J1088,-1.07154912464895,BKV Corp,11.76340271390029,-0.09109176576797358,562.30710048,-602.5396813032331,10,101020,small,7.013678247804408e-06,,,,,,-0.0024226658466206,0.517812875738677,-3.234320131690722,-2.197285713298047,-0.937924104510597,2.1458220030489947,0.8992337525576914
US88076W1036,-1.08025644704876,Teradata Corp,15.090994436883783,-0.07158285370568512,2543.3594169599996,-2747.4804073332148,45,451030,mid,3.172342053631122e-05,,-0.0018083182640144,,0.0018050541516245,,-0.0425723180238714,1.5710842644975345,-4.249179408192862,-3.623634425569685,-3.1679309812410965,-1.9136425350224209,0.3416340373478879
CA50043K4063,-1.08084238738278,Kolibri Global Energy Inc,15.099317390901868,-0.0715822019897432,202.91102346,-219.31483502278965,10,101020,small,2.530917056295913e-06,-0.0018050541516245,,,,0.0017921146953405,0.058433795341513,-3.857396367600403,2.970862090944668,6.390568501803792,1.7044788871132994,-2.363946408311334,-1.812366327301118
US69331C1080,-1.08116221913596,PG&E Corp,6.936779424061606,-0.15585939137486954,37878.35559386,-40952.64699107868,55,551010,large,0.0004724581967122,,,,,-0.0017921146953405,0.0262879283073169,1.0591819938707316,0.069416114759303,-2.7754817601698654,0.5558216047755833,0.5212066453589366,1.2093711029840486
US87305R1095,-1.08300572166542,TTM Technologies Inc,21.155878470011316,-0.05119171596682181,14420.8257984,-15617.836850807498,45,452030,large,0.0001798715188395,0.0018050541516245,0.0018083182640144,0.0017921146953405,,-0.0017921146953405,0.0434651752860883,1.712814527532665,-4.556860688885729,-0.6720222785027068,-2.710396255458416,3.001857680331936,3.962053077674657
US98423J1016,-1.08637532376928,Xperi Inc,10.324984095741517,-0.10521811110753666,319.58618608000006,-347.1905463748494,45,451030,small,3.986210879597087e-06,-0.0018050541516245,,,,0.0017921146953405,-0.0102263693092341,0.9734488283006264,1.8323043462032849,0.8705835142511416,0.2884949084371715,-2.759854029401299,0.6193916468487561
US60471A1016,-1.08798336837026,Mirion Technologies Inc,11.456396514870752,-0.09496732824828684,3782.0599281899995,-4114.8183000503395,45,452030,mid,4.717377999956872e-05,,0.0018083182640144,-0.0017921146953405,,,-0.0345281942038712,0.5782925564359325,0.3412160040043628,-0.8784363213588253,-1.5281096560897414,1.0687569615783103,0.9294889671260144
US0534841012,-1.09204078951949,"AvalonBay Communities, Inc.",5.337995343314648,-0.20457882019083648,26186.19402378,-28596.39199623926,60,601060,large,0.0003266214124996,,,,,-0.0017921146953405,-0.0213765092071324,0.7396737555848247,-0.852073024255435,0.2135508532506511,0.2832990530440631,0.0134463948318329,0.4017184675069604
US3848021040,-1.09250977634625,WW Grainger Inc,6.5556063251937315,-0.16665274303425534,58489.70272008001,-63900.572037273254,20,201070,large,0.0007295443278916,0.0018050541516245,,,0.0018050541516245,-0.0017921146953405,0.0229231580292058,0.8517600633533595,-0.0553879574593554,-0.238483699430961,0.8247308748579956,0.6035452448343314,0.5262514371677104
US74340E1038,-1.09324569183771,Progyny Inc,14.358271169903313,-0.0761404822977077,1702.66353408,-1861.4295732821301,35,351020,mid,2.1237388220978765e-05,,-0.0018083182640144,,,,-0.0666552045430415,-0.1299456498357309,-4.893179379531942,-0.5082218997848837,-4.16292779452048,-3.009800565823224,-1.79807605800483
US9256521090,-1.0945432622239701,VICI Properties Inc,5.574384534904856,-0.19635230676504664,28941.1580208,-31677.349512625853,60,601080,large,0.0003609841851605,-0.0018050541516245,,,,-0.0017921146953405,-0.0267856844207125,1.2457334823786577,-0.6116628334954549,-0.622438190155451,0.7935227765492513,0.7664878038160112,0.8329493441787047
US6914973093,-1.0955451168672798,Oxford Industries Inc,14.580677323804956,-0.0751367781165181,510.15078239999997,-558.8931985243422,25,252030,small,6.363130471880893e-06,-0.0018050541516245,,,,,-0.0563167422764615,2.8122550473304133,-2.656239091074496,-0.5832971857039853,0.9338210120587156,-0.4877216030264177,0.92673718034791
BMG9460G1015,-1.09554641376353,Valaris Ltd,19.300626672967798,-0.05676221981423732,5280.57752082,-5785.117765534664,10,101010,mid,6.586484798432216e-05,,,0.0017921146953405,0.0018050541516245,,0.0666840343373822,1.3059283714737764,-2.573889080729716,-7.051541301050712,-0.9957074971672266,1.0801673152850717,2.451603082050364
US0773472016,-1.0969840800067399,Bel Fuse Inc,13.734261046839398,-0.0798720860383809,3085.79817722,-3385.0714745241567,45,452030,mid,3.848928020686125e-05,,0.0018083182640144,0.0017921146953405,,,0.0742595042317688,1.8335601644505808,0.2746482514284993,0.2139053120641845,1.930719461538727,2.3049637804621907,2.425410779955285
US92552R4065,-1.09821412949354,"Pursuit Attractions and Hospitality, Inc.",8.661994125735049,-0.12678536992200354,971.8100411300001,-1067.2555183526642,25,253010,small,1.2121424290486649e-05,,,,,,0.012930210682591,-0.0082911592786985,0.1645988217479543,1.568988374922894,0.7238466744528507,-0.9553758346363476,1.2009828723438647
US0427351004,-1.09899426125298,"Arrow Electronics, Inc.",10.61015420952895,-0.10357948051932894,10823.979823249998,-11895.491709669792,45,452030,large,0.0001350079196513,,0.0018083182640144,0.0017921146953405,,,0.0183838506490489,2.258301576941424,-1.989329449966985,0.1815066846675186,1.2157836101043245,0.7836999792222643,1.5807964241192314
US10482B1017,-1.10329462562844,Braemar Hotels & Resorts Inc,14.808062989825798,-0.0745063433608084,120.02347133999999,-132.42125087869107,60,601030,small,1.497057407677666e-06,-0.0018050541516245,-0.0018083182640144,,,0.0017921146953405,-0.0315839946122445,2.525071781163419,0.4822982081773843,-0.8903081780383539,1.6191808754792798,-1.253589903041174,-0.6997758069698266
US31813A1097,-1.11009769345876,Finwise Bancorp,9.30198384761212,-0.11933988616242645,132.16375872,-146.71468371391208,40,401010,small,1.6484836824775325e-06,-0.0018050541516245,,-0.0017921146953405,,0.0017921146953405,-0.02066458293486,0.0595151451427,0.4832239426709954,1.2314004337753677,1.1188456593893603,0.4310612422585518,0.955319637860862
US76525P1003,-1.11724349981548,Richmond Mutual Bancorporation Inc,5.977142346915801,-0.18691933953889797,228.8618404,-255.69440354270785,40,401010,small,,,,,,,0.0057788091664858,0.27991376341119,-0.0368815768377933,1.4552436892358658,1.2583033082311612,0.1633417714101935,0.6087524571198741
US68235P1084,-1.12007613313304,ONE Gas Inc,5.089547242349913,-0.2200738257841351,5025.323387400001,-5628.7447875020225,55,551020,mid,6.268105328974725e-05,,,,,,0.0032101915242542,0.6826481920252485,-0.8431571159737026,-1.0526975688030331,0.5879046383677642,0.2392515078191713,1.1995615358432814
US94106L1098,-1.12065828403656,Waste Management Inc,5.402728181785516,-0.20742451708281207,89506.568076,-100306.2769900517,20,202010,large,0.001116418891055,0.0018050541516245,,,0.0018050541516245,-0.0017921146953405,0.0015155034369014,0.8646662633806137,-1.182113662350892,-0.6702914910470821,1.244740471907197,0.5424168829098641,0.9433978500084346
US2971781057,-1.12159976347948,"Essex Property Trust, Inc.",4.841158019525399,-0.23168005649801857,18267.399029879998,-20488.71043129869,60,601060,large,0.0002278499757702,,,,,-0.0017921146953405,-0.0078363480897869,0.4632755553387588,-0.5092728231080024,0.0519494733478813,0.0710654974126019,-0.123594367327307,0.5120530337310238
US94845U1051,-1.12498412567669,Webtoon Entertainment Inc,20.178797719480844,-0.05575080048454112,145.19327120999998,-163.34012526632034,50,502030,small,1.8110012965225977e-06,-0.0018050541516245,-0.0018083182640144,-0.0017921146953405,-0.0018050541516245,0.0017921146953405,-0.0772275664082945,0.6564278625810945,1.8182082126100167,2.610872270064464,-0.2718758826973653,-2.9208165898070315,1.0918949143247014
VGG7606H1082,-1.12643519046424,Roadzen Inc,28.28103504848283,-0.03983005531916233,62.98499802,-70.94851824104848,45,451030,small,7.856143203131933e-07,-0.0018050541516245,0.0018083182640144,,0.0018050541516245,0.0017921146953405,0.0276903757578446,0.9549602254473496,3.5286561879888243,-3.905085028009331,-6.632996013031365,1.6052580712327338,-1.8784119234478107
US2057683029,-1.12662193472014,"Comstock Resources, Inc.",17.565374487498932,-0.0641387939392891,,,10,101020,,,,,,,,-0.0257699064095167,-2.651703523295561,-4.804655160799804,-1.172310734974467,-3.660451535738947,-0.5502199981252098,-0.275223923453632
US86333M1080,-1.12932274880811,Stride Inc,18.611752478665704,-0.06067793723899085,3361.0479443699996,-3795.707903411775,25,253020,mid,4.192248121557205e-05,,,-0.0017921146953405,0.0018050541516245,,-0.0452446273426164,0.5872287487817193,-5.182770691944857,3.030400546134804,2.2584993297676945,4.636446913818201,1.6985509278366546
US59522J1034,-1.13082916495971,Mid-America Apartment Communities Inc,5.013902892767225,-0.2255387049061083,15383.816087760002,-17396.467900415395,60,601060,large,0.0001918829340245,,,,,-0.0017921146953405,-0.0167110998368295,0.6085963036670816,-1.0548403177406722,-0.1958139944713877,0.2557175224054496,0.7619625140073318,0.6736425749986354
US96145W1036,-1.13210263289177,Westrock Coffee Co,20.569719883330272,-0.0550373383455371,314.97856,-356.5880570804584,30,302020,small,3.92873978100394e-06,,-0.0018083182640144,,-0.0018050541516245,0.0017921146953405,-0.0257092432944351,1.4904023480509017,-4.090188283153215,0.3558425226149491,-2.3537852660213536,1.6501444227751538,1.2983760899455534
US81617J3014,-1.13320098704244,Select Water Solutions Inc,11.864737785085628,-0.09550998998620193,2599.50542727,-2945.7621160045437,10,101010,mid,3.2423731897978365e-05,,,0.0017921146953405,,,0.0901771359128345,-1.1437547775959087,1.470330813170753,1.5817537571296332,-0.0381820886231671,0.0925687441558187,0.9139453106659026
US80007P8692,-1.13489917312673,SandRidge Energy Inc,8.96773276175867,-0.12655363437749942,509.73278895,-578.4953206949369,10,101020,small,6.35791682338617e-06,-0.0018050541516245,,,,,0.0001339201529476,0.4200823457249814,-3.555748832016999,-3.4352721394202907,-1.5717827470570018,1.5250093821007575,0.241834105415202
US29444U7000,-1.14266584914433,Equinix Inc,7.025770301861916,-0.1626392267395234,108386.811962,-123849.90852660556,60,601080,large,0.001351912904457,0.0018050541516245,,,,-0.0017921146953405,0.0428858838187659,0.9561112736823076,0.8116222600292113,-0.3130802256816665,1.442099392100478,1.1073073182838178,1.6418706058612689
US20343A1016,-1.15977539525905,Community Bancorp,12.202521828408681,-0.09504391072335373,207.89180335,-241.10779840136294,40,401010,small,2.5930425168169955e-06,,,0.0017921146953405,,0.0017921146953405,0.0550198472406515,-0.0218754816037344,-1.511182442453187,1.4010360898958094,1.0131560125168568,1.6884359881450397,0.8109138050851192
US30233Q1085,-1.16120407847764,Exxon Mobil Corp,7.22348331587058,-0.16075403343514066,657531.2691438,-763527.9914563594,10,101020,large,0.0082014129924883,,,,,-0.0017921146953405,0.0400303615447253,-0.6225736724704781,-1.881123490865983,-1.0272426318629335,-0.429527646370047,1.7513898539768045,-0.4661901899474699
US69351T1060,-1.16140629689092,PPL Corp,5.290462126058072,-0.21952832648974746,27070.03890234,-31439.313638259842,55,551010,large,0.0003376456439096,,,,,-0.0017921146953405,-0.0013206193853271,0.5090763254796102,-0.8098071086362438,-0.8164024211590395,0.510531627110637,0.6343532739854862,1.1683125785777029
US2091151041,-1.16509605883013,"Consolidated Edison, Inc.",4.918536052878852,-0.2368786253275894,40155.83910864,-46785.40988449327,55,551030,large,0.0005008653368207,,,,,-0.0017921146953405,0.0049437730975618,0.0342371502998563,-1.4689131136137608,-0.875316898898013,-0.1430660477745396,0.8937571502777281,0.7993049030843552
US00810F1066,-1.16767568575161,AerSale Corp,9.936163341228578,-0.1175177627069112,201.99564016000002,-235.86539764266348,20,201010,small,2.519499444933487e-06,-0.0018050541516245,,-0.0017921146953405,,0.0017921146953405,-0.0231378902558266,1.7310334495228754,-0.0102619192273722,0.5810198313501462,2.259113632436807,1.846347351345976,1.106322245516079
US0394831020,-1.16881557477303,Archer-Daniels-Midland Co,8.012578045414672,-0.14587259782660134,38511.06490992,-45012.33246780961,30,302020,large,0.0004803500045223,,,,,-0.0017921146953405,-0.0032750937176875,-0.2817307001375754,-3.01171643905323,-1.7186905165086916,-2.312701718267569,1.559072206801697,-0.1561358720804608
CH0048265513,-1.16886276383548,Transocean Ltd.,14.19494347030832,-0.08234360117603849,5362.06503885,-6267.518161175812,10,101010,mid,6.688124495349915e-05,-0.0018050541516245,-0.0018083182640144,0.0017921146953405,-0.0018050541516245,,0.0381812067771275,0.4783054988663182,-4.450611810595564,-6.237151393840956,-3.3271529645846205,1.8001678571410968,0.886037250649394
US02083X1037,-1.17030551908175,Alpine Income Property Trust Inc,7.622997362905009,-0.15352301245395739,305.05999784,-357.01339912321873,60,601010,small,3.8050251709417423e-06,-0.0018050541516245,0.0018083182640144,,,0.0017921146953405,-0.0034549825311947,1.572106061121294,-3.230835698247183,-2.822876788413887,-0.2912553557881515,0.4664339691999164,1.634080659212917
US1508701034,-1.1705902980854201,Celanese Corp,14.84176944078362,-0.07887134365992515,4991.31098085,-5842.780208910232,15,151010,mid,6.225681522522418e-05,-0.0018050541516245,-0.0018083182640144,,-0.0018050541516245,,0.0202173065535094,-0.9247077570787186,-0.4972980562668663,1.0466245043518372,1.395138742561567,-0.1510607820435866,1.065932145466952
US4562371066,-1.17111900615964,Industrial Logistics Properties Trust,12.672537627385895,-0.09241393007417881,475.52440048000005,-556.8956632947962,60,601025,small,5.931234268782692e-06,-0.0018050541516245,,,,0.0017921146953405,-0.0018347627491551,1.3623533984491445,-0.7534772791719779,0.9841107650274172,0.3814375283406899,-1.159056392694611,1.17934886265614
US32054K1034,-1.1717104680063901,"First Industrial Realty Trust, Inc.",5.98408000855296,-0.1958046126274517,8049.03264602,-9431.135808666808,60,601025,large,0.0001003958960096,,,,,,0.0088973231151955,1.2451951427268837,0.0156434399229321,-1.320937204117071,0.5598519566628792,-0.4942190644673162,0.5100450840243459
US65339F1012,-1.17206762391822,"NextEra Energy, Inc.",5.512498105570792,-0.2126200501971616,179605.9350496,-210510.3015351948,55,551010,large,0.0022402317857246,,,,,-0.0017921146953405,0.0004076708303313,0.643961705009921,-1.743185512613323,-1.7009137980969118,-0.3771681797722505,0.1663478634056988,1.0845096342958735
US9024941034,-1.18093533642006,Tyson Foods Inc,6.567349304001518,-0.17981917540163583,19941.49657734,-23549.61796928049,30,302020,large,0.0002487310593335,,,,,-0.0017921146953405,-0.0165953735928417,0.453629795154349,-3.247749846085187,-1.2285303878879326,-0.6294711420471051,1.6148737182347297,0.4181214708799542
US7033431039,-1.1864767984434799,Patrick Industries Inc,10.615376578643373,-0.11176963809560014,2643.778727,-3136.7821198039387,25,251010,mid,3.297595448063784e-05,,,-0.0017921146953405,,,-0.021418198754166,0.2744068752527595,-3.0516648808102977,-2.2778700794044053,-1.0255882114969088,4.10401651165824,1.0147272917213432
US37954A3032,-1.1895050206401798,Global Medical REIT Inc,8.732313881887777,-0.1362187659226731,462.3542616,-549.9727154875831,60,601050,small,5.766962616327353e-06,-0.0018050541516245,,,,0.0017921146953405,-0.014312727934438,0.973276136599486,-1.9614464354663583,-0.2472757056780932,0.406580433719663,1.546288288085857,0.7902641985751606
US88080T1043,-1.18954202782144,Terawulf Inc,21.293184913170826,-0.05586491793839882,6310.46588139,-7506.56438104667,45,451030,large,7.871068540311118e-05,0.0018050541516245,0.0018083182640144,0.0017921146953405,-0.0018050541516245,,-0.0202860430626244,1.5337314926263688,-2.903706170233158,-5.070432129361423,-5.26857747158129,-2.161822854437004,3.2060394894507587
US8754651060,-1.19553093809161,Tanger Inc.,6.226301734785608,-0.19201301013285635,4308.37216383,-5150.79221467146,60,601070,mid,5.373849290379937e-05,0.0018050541516245,,,,,0.0124311299457625,1.1651020005225128,0.2235943178227027,-0.4682213927133828,1.647033964635828,-0.8230924715235161,1.216970528203003
CA11276H1064,-1.19606080845352,Brookfield Infrastructure Corp,7.844858793880715,-0.15246428774301105,4973.78784826,-5948.952714866149,55,551020,mid,6.203824851359104e-05,,,,-0.0018050541516245,,-0.0140875607233673,2.2679123532579424,-0.605615700127935,-2.361363257870517,0.1189985437896939,0.5076362563480161,0.1242104092642914
US4511071064,-1.1995458772518,"IDACORP, Inc.",4.963706352328045,-0.24166334430504674,8211.4497141,-9850.010650809125,55,551010,large,0.0001024217303917,,,,,,0.0046917807723299,0.3295810982495514,-1.012980158002165,-0.7438966729828935,0.1793431809278907,0.2073256475648396,1.331292010491542
US74340W1036,-1.20018607030715,"Prologis, Inc.",6.321391208215179,-0.18986106551156137,133663.899201,-160421.5499239792,60,601025,large,0.0016671949928117,,,,,-0.0017921146953405,0.0050445911778358,1.4392611693596342,-0.2625966597199617,-1.47980242798005,0.2806430318765742,-0.4551323474272898,0.52331839535806
US22160K1051,-1.2041104519304,Costco Wholesale Corp,5.46806560765256,-0.2202077550505698,425226.3913676,-512019.542282374,30,301010,large,0.005303865252602,0.0018050541516245,,,0.0018050541516245,-0.0017921146953405,-0.0029767297392594,0.6606163065462007,-1.3713377832336833,-1.1358909763593212,0.2566858738042611,0.97737617439387,0.8264235173893131
US1727551004,-1.20414339610897,"Cirrus Logic, Inc.",9.395500874929416,-0.12816170336613547,6031.06746162,-7262.270055397413,45,453010,large,7.522573808955424e-05,,,,0.0018050541516245,,-0.0139188824868723,0.7491792721364441,0.3270428001149563,0.756503840424571,0.3656820883771149,-1.4416567787122692,1.2531273476620446
US62955J1034,-1.2046943431625001,Nov Inc,9.570139703010781,-0.12588053889991818,7477.17712595,-9007.712986456007,10,101010,large,9.326311995436284e-05,,,0.0017921146953405,,,0.0322460905797703,0.8748766097054175,-2.24472392708862,-2.2183658071579053,-0.5612441136509716,2.353385815437401,0.5250174959987052
US35086T1097,-1.205781717685,Four Corners Property Trust Inc,4.8053548337945555,-0.2509245954544532,2728.04824152,-3289.4306945875296,60,601080,mid,3.402705139980787e-05,,,,,,-0.012420628437718,0.97793821910864,-1.3811454545908266,-0.695231630109081,0.5080159849740212,0.765118672066198,0.7640308224217829
US4569411030,-1.2060471460579198,Infinity Natural Resources Inc,11.61324506471543,-0.10385100282799145,888.2918549999999,-1071.3218565892455,10,101020,small,1.10796987194312e-05,,,,,,0.024721727642448,-1.103326105869466,-2.133743885771163,0.16857212677352,0.6863987258498967,2.381876066630752,-0.0560162285171114
US4884011002,-1.2069157740922498,Kemper Corporation,10.251967417270025,-0.11772528383763015,1539.4119916700001,-1857.9406155732902,40,403010,mid,1.920114540820948e-05,-0.0018050541516245,-0.0018083182640144,-0.0017921146953405,-0.0018050541516245,,-0.023909455147875,0.6182461519971296,1.7766845245599678,3.470398556153917,3.796234460937388,0.2880872253920898,0.0270410786011799
US0010551028,-1.20799932766674,Aflac Incorporated,4.699284153335039,-0.2570602858329888,54517.292135519994,-65856.8522459194,40,403010,large,0.000679996296781,,-0.0018083182640144,,,-0.0017921146953405,0.0033768170120319,0.788143932744573,-0.1928517132313915,0.2462230199574971,1.023879541823312,-0.7769633947853491,0.3716828761853791
US09077V1008,-1.21780787137523,BIOAGE Labs Inc,29.85490401377325,-0.040790882155019054,,,35,352020,,,,,,,,0.111192312755452,0.5429799262676243,-5.172757934319227,-5.37617079990724,-3.15849560230592,8.573427855525873,4.727727297268021
US50066V3050,-1.21856265935289,KORE Group Holdings Inc,22.31818680571883,-0.05459953668998973,50.46316871,-61.492533062631146,50,501020,small,6.294290582396791e-07,,,0.0017921146953405,,0.0017921146953405,0.1501213753290129,2.067270665298524,-0.7711617338175376,-8.329547462682445,-0.1222338752582705,-0.7162950693942857,3.944237023043518
US69047Q1022,-1.2336668076564699,Ovintiv Inc,9.582377763804262,-0.12874328669408425,17352.45003506,-21407.141639770867,10,101020,large,0.0002164377815132,,,,,-0.0017921146953405,0.0354518768764726,-0.8046431993646026,-2.64639329263158,-0.876063924318253,-0.4117009275602546,-0.2701677369482022,-0.1338904570819921
US95040Q1040,-1.24168842682053,Welltower Inc.,7.164613878048376,-0.17330849197957934,169673.92183939996,-210682.1450812341,60,601050,large,0.0021163494001922,,0.0018083182640144,,,-0.0017921146953405,0.0081436572223986,1.0238997424660723,-1.6865402624395318,-1.980983803708837,-0.2240621292455225,-0.898438629066896,1.0566089326327777
BMG0450A1053,-1.2523673272537001,Arch Capital Group Ltd.,5.690796248293621,-0.2200689099753345,32631.617039680004,-40866.77101595035,40,403010,large,0.0004070154234697,,,,,-0.0017921146953405,0.0076407711583406,0.7861115599358467,-0.7396934956943632,-0.3671707632420624,1.202071456360645,0.1590399551443104,0.6573190365924338
US00206R1023,-1.25270108225174,AT&T Inc,8.09319192926136,-0.15478455141073985,170390.1903182,-213447.97581668908,50,501010,large,0.0021252834446761,,,-0.0017921146953405,,-0.0017921146953405,-0.0125935489431792,-0.0943347570014297,-2.2706421781198456,-1.1423487854606873,-0.3397512198825758,1.767508265342154,0.1628744181336502
US8288061091,-1.25312546447117,Simon Property Group Inc,5.408696879809603,-0.23168713135857644,70370.83236953,-88183.48199829014,60,601070,large,0.0008777381182786,0.0018050541516245,,,0.0018050541516245,-0.0017921146953405,0.002039256797699,1.2910064796586986,-1.0217394316449722,-0.4424854598840444,0.8879476725380226,-0.3017342443573747,1.0308076823474135
US0537741052,-1.26344330404007,Avis Budget Group Inc,35.316543583118104,-0.03577482890041417,4701.7639466,-5940.412175508784,20,203040,mid,5.864528385010556e-05,-0.0018050541516245,,,,,0.0014972198919316,-2.442643589219453,3.6902480506776087,8.841788672443446,2.7333549891976103,-5.88218100787257,0.3843063212783755
US9132591077,-1.27199620899217,Unitil Corp,4.926791366001057,-0.2581794345443564,974.51410079,-1239.5782418142935,55,551030,small,1.215515213137985e-05,,,,,,0.0121750623576747,0.1556540095479847,-0.6253509719539475,-0.6432284143404592,0.1624638089574902,0.3862799317532933,0.5720103903480331
US03674X1063,-1.27537607610636,Antero Resources Corp,9.739499227753228,-0.13094883487152062,10731.808114049998,-13687.091322023482,10,101020,large,0.0001338582583518,,,,,,0.0078669270665427,-1.767653294683706,-2.6260533027256265,-0.3873072741632853,-1.5926973061554612,-0.3590349638612253,-0.2480289288940138
US0012285013,-1.27857938580584,TPG Mortgage Investment Trust Inc,6.594355214358509,-0.1938899777527709,199.72549501,-255.3649007396532,40,402040,small,2.491183836533162e-06,-0.0018050541516245,,,,0.0017921146953405,-0.0277374658510812,0.7011399134843844,-1.2759366296758323,0.4864657365792,0.3470514000047444,0.0372134863794157,0.9289870739874236
US6267551025,-1.2853359333601801,Murphy USA Inc,11.537678695575547,-0.11140333920488521,9482.82261075,-12188.612651277372,25,255040,large,0.000118279613784,0.0018050541516245,,,0.0018050541516245,,0.0447855631103926,-1.5107627759528128,0.7696935800492147,3.641120430042234,1.3954830503189588,-2.6919050938033258,-0.9871066487627198
US9255501051,-1.28753939271721,Viavi Solutions Inc.,16.48122441660045,-0.07812158612562527,10574.83959444,-13615.522549507186,45,452010,large,0.0001319003839258,0.0018050541516245,0.0018083182640144,0.0017921146953405,,,0.101120402356092,0.7005294601083003,-1.8977400110771927,-2.1848434263801035,-1.9540966765315733,1.674155202204849,2.862010656784012
US88830R1014,-1.29388574811072,Titan Machinery Inc,15.382405245540246,-0.0841146574581274,383.58310642,-496.3127146128756,20,201070,small,4.784446946209042e-06,-0.0018050541516245,-0.0018083182640144,,,0.0017921146953405,-0.0515422519819312,3.070450150149494,-4.432433208386311,-3.147063245616939,-0.3994068788340821,1.3709545213461696,3.102476812647926
US1331311027,-1.2981808185917199,Camden Property Trust,5.189621259732939,-0.25014943357514396,10934.4130496,-14194.845283549712,60,601060,large,0.0001363853575617,,,,,,-0.0141851554988766,0.6891834031211257,-1.3744619990209588,-0.3683962692248301,0.0735816144502969,0.8435527280511026,0.6165651191037795
US23128Q1013,-1.30095805010147,Curbline Properties Corp.,5.934769637652841,-0.21920952783872324,3178.94088875,-4135.668740016034,60,601070,mid,3.9651052856080566e-05,,0.0018083182640144,,,,0.0106208877829519,1.1549409595788471,-1.267006506149748,-1.675930410068399,0.1234567588693787,0.0581916549469225,1.4566250781089027
US0084921008,-1.30360351977393,Agree Realty Corp,4.574131493624261,-0.28499476274151325,9130.908829189999,-11903.084888466936,60,601070,large,0.0001138901795536,,,,,,-0.0020448879093437,1.0039794833579263,-0.5258321311757872,-1.546991838953315,0.5292566276315619,-0.3357062397934519,0.9033143214563456
US30034W1062,-1.31022322807255,Evergy Inc,5.054968320476958,-0.25919514129594484,19341.79761904,-25342.072513144554,55,551010,large,0.0002412509909945,,,,,-0.0017921146953405,0.0026534469523303,0.2884358604782409,-1.2565246605418088,-1.6091128314060898,-0.7093119592594951,0.421101599013497,1.0450514538924427
US2605571031,-1.3163661168916299,Dow Inc,12.405996808029762,-0.10610724291333155,22402.575264090003,-29489.991008762638,15,151010,large,0.0002794281891344,,,,,-0.0017921146953405,0.0397734126520988,-1.374619267207435,-1.178859925343134,-0.0272366193283561,-0.075398368611017,0.4399849557137357,0.1302522763731245
US6031581068,-1.3185034606441,Minerals Technologies Inc.,7.4013190081859825,-0.1781443900993611,2245.9680356400004,-2961.3166274873715,15,151010,mid,2.8014046316302112e-05,,,,,,2.8194953909927226e-05,0.1321648828839479,-1.525371168470531,-0.2748140864823802,-0.0356971085968571,0.5909536925212758,0.6765824995052658
US8523123052,-1.32208568842735,STAAR Surgical Company,14.993209457373851,-0.0881789647630869,1306.89666702,-1727.8293797205458,35,351010,mid,1.6300972756313742e-05,,,,,,-0.0432861199641755,2.09952529101419,0.9641794936651836,1.32547163150219,0.478044418801665,-2.8303979192754216,1.5159048736547545
US76200L3096,-1.3255324657832799,Rezolute Inc,35.17414083883194,-0.03768485694808795,399.74980648,-529.8813466798234,35,352010,small,4.986094822347917e-06,,0.0018083182640144,-0.0017921146953405,-0.0018050541516245,0.0017921146953405,-0.0714391962978203,-0.2420042551234056,-8.104798005359765,-4.490633645832659,-5.276874099201553,-1.1675532606987666,3.5579279875207868
US91359E1055,-1.32769947342089,Universal Health Realty Income Trust,7.459766402939528,-0.1779813739070581,527.6621448,-700.5767517950974,60,601050,small,6.581550373478185e-06,,,,,,-0.012379502739873,1.0285908168270532,-1.4629580307423524,-1.7065929965164257,0.0518601061866659,-0.1012090061880031,0.7827720288093609
US23204X1037,-1.32831061907585,Custom Truck One Source Inc,13.395651867692266,-0.0991598342652872,608.9907066700001,-808.9288225882673,20,201070,small,7.595964676313621e-06,,,0.0017921146953405,,,0.0142390575367891,1.8151728841744157,-2.2272155037523707,-0.1852925736224731,0.6724468420704097,-0.1915837619351534,2.9883597216074747
US52466B1035,-1.34575005926733,LegalZoom.com Inc,15.420770348618827,-0.0872686661459726,649.5883739,-874.1835926752934,20,202020,small,8.102340952408287e-06,0.0018050541516245,-0.0018083182640144,-0.0017921146953405,,,-0.0516930483817459,2.0758219779224727,2.6651652868766877,2.804278675735061,3.248062163522119,-3.5856162754033307,-1.965409199329645
US0094961002,-1.3623343633654699,AirSculpt Technologies Inc,32.97152213316673,-0.04131851595638255,53.27912508,-72.58398294653104,35,351020,small,6.645525911315383e-07,,,-0.0017921146953405,,0.0017921146953405,-0.0540816112671165,-8.534434788803877,-1.765059902012287,2.248070486992754,-15.45733952858761,-5.700994406590083,-5.335869565085664
US03937C1053,-1.3623620246064,ArcBest Corporation,14.201850142222378,-0.09592848896187625,3140.38403244,-4278.339948476569,20,203040,mid,3.917013169365113e-05,,,0.0017921146953405,,,0.0660805754815934,2.0035432888683444,0.773756351350027,0.8053452382085584,2.309197316999918,1.668800088753592,1.3639363572118504
US92276F1003,-1.36520655622024,"Ventas, Inc.",6.391087671158753,-0.2136109886868001,46683.863690030004,-63733.11677932097,60,601050,large,0.000582289640317,,,,,-0.0017921146953405,0.0181442894374478,0.8102711107401923,-0.2423945718067326,-1.676289249903199,0.0890845010301902,-0.9373229804439868,0.4403067859295134
US1033041013,-1.3694641099333,Boyd Gaming Corporation,6.180873617403427,-0.22156481343952947,4294.202399999999,-5880.75606758944,25,253010,mid,5.356175289061766e-05,,,,0.0018050541516245,,-0.0071616066559054,0.2000814456862525,-0.5524559889726723,0.7510670808812412,0.6838200739277457,0.000741658261661,0.5693037900080216
US2536512021,-1.37026446654134,Diebold Nixdorf Inc,10.538697972237618,-0.13002217827582357,2437.7221655799995,-3340.324062794478,45,452020,mid,3.040580300751015e-05,,,,,,0.0144622558578291,1.263396757524318,-0.4746153916805145,-1.0931672160776027,1.096391303483392,0.2174928776091014,1.85460912424682
US03071H1005,-1.37100910866783,Amerisafe Inc,8.004046098789884,-0.17128950680020574,504.04343172,-691.0481360523114,40,403010,small,6.286953250253309e-06,,,-0.0017921146953405,,0.0017921146953405,-0.0541993709697049,-1.0692730451672048,-1.3804796929763044,0.5089068383142576,-1.2112603550086416,0.3002117253166043,0.2999756657731836
US1699051066,-1.3727478350748799,"Choice Hotels International, Inc.",9.176141460352067,-0.14959968097769613,2718.3395988,-3731.594799251018,25,253010,mid,3.3905955123052976e-05,0.0018050541516245,,,0.0018050541516245,,-0.0100279464938183,1.230009694986749,-0.8345855725539569,1.6083060831322162,2.6208309703679524,0.5290363285255064,1.1884038671303916
US4778391049,-1.37581676851988,JBT Marel Corp,11.874138313370482,-0.1158666618335317,6188.6699465500005,-8514.47588729852,20,201060,large,7.719151998953361e-05,,-0.0018083182640144,,,,-0.034668352607244,1.4603724978478914,-1.9650048507211,-0.8075995121675428,0.3827412970386917,0.2546630809843635,0.4026433413595353
US00972D1054,-1.37674376370949,Akebia Therapeutics Inc,17.832049683388323,-0.07720614220764613,225.96762126000004,-311.099513369973,35,352010,small,2.8185028938572634e-06,0.0018050541516245,,-0.0017921146953405,-0.0018050541516245,0.0017921146953405,-0.0264001272549439,0.1786202375490561,5.741293932904088,5.715698857809331,6.954167407725379,-4.035250459653744,-0.1257314050390396
US29977A1051,-1.3773211376061,Evercore Inc,9.948293723097729,-0.13844797670260442,12852.670315980002,-17702.25450088173,40,402030,large,0.0001603118547577,0.0018050541516245,0.0018083182640144,,0.0018050541516245,,-0.0285647635895701,1.0709601733334808,-0.7364023892411827,2.564975831906033,1.2588855774787615,-0.5844184302005355,0.4329202973374359
US02215L2097,-1.38031644475237,Kinetik Holdings Inc,10.412466295859655,-0.13256383315269216,6291.4791338,-8684.232110200537,10,101020,large,7.847386296488329e-05,-0.0018050541516245,,,-0.0018050541516245,,0.0411268220820625,-0.4776856761838166,-0.7924873262888905,0.944036955079708,1.213349137781767,1.8888371227134304,0.9377493894745204
US7502361014,-1.38043160948221,Radian Group Inc.,6.173851875530825,-0.22359325058531976,4874.1812658,-6728.473889656329,40,402010,mid,6.079585175185446e-05,-0.0018050541516245,,,,,0.0094538220095448,0.770368694757215,1.2856760870510946,1.1802323707099776,2.073051339702664,-1.9029887821194984,0.4998394496995432
US58933Y1055,-1.38766399258546,Merck & Co Inc,8.939150721206993,-0.15523443287441216,334742.45296719996,-464510.04877231526,35,352020,large,0.0041752555836279,0.0018050541516245,,,,-0.0017921146953405,0.02942568148569,0.4729970759374083,-2.548059506658849,-3.5033231761733896,-1.5193628009157634,1.0440741832138487,0.4838558745190682
GB00BMXNWH07,-1.38809358140938,Noble Corporation PLC,11.711580239777426,-0.11852316706970367,5652.72528376,-7846.511683857772,10,101010,large,7.050666144830523e-05,,,0.0017921146953405,,,0.0325173086130506,0.8693025502132757,-3.939368034921957,-3.380011052655463,-0.6289219541539018,1.987992619542604,1.067775206483672
US6374171063,-1.39325687466206,"NNN REIT, Inc.",4.893800889762735,-0.2846983165123436,8749.5570168,-12190.380463904265,60,601070,large,0.0001091335636243,,,,,,-0.0072558279553945,0.8871969608708523,-1.6512806251038905,-1.2156669147905566,0.1799830174139246,0.3714660334708046,1.0278831627523122
US4972661064,-1.3958994219761,Kirby Corp,10.03561109289229,-0.13909461108598997,7265.963839680001,-10142.554723908557,20,203030,large,9.062864845241197e-05,,,,,,0.0253065529895978,0.9594194756507882,-0.9213038261765149,-2.2110174304486065,-0.2756858324854476,0.5815557058482884,0.9827619481708378
US71424F1057,-1.39956287195101,Permian Resources Corp,8.757921446215676,-0.15980536940711718,17782.9087968,-24888.298907292286,10,101020,large,0.0002218069103241,,,,,-0.0017921146953405,0.0320233766088118,-0.2639136324501225,-3.4713857039430147,-1.3735374519640977,-0.1731439643833712,0.5490819891905727,0.3007141226965112
US92852X1037,-1.40074227140188,Vitesse Energy Inc,8.057145566146387,-0.17385093267861043,523.8503345899999,-733.7793075482313,10,101020,small,6.534005517061087e-06,-0.0018050541516245,-0.0018083182640144,-0.0017921146953405,,,-0.054257691354231,0.3008309581620454,-2.743610546585878,-0.6933563909320923,-0.7269168786326585,2.5014793532707977,0.0635969974551715
US21036P1084,-1.40314978514082,"Constellation Brands, Inc.",8.789058049602131,-0.15964734528114063,20189.99396324,-28329.585691514654,30,302010,large,0.0002518305768545,,,-0.0017921146953405,0.0018050541516245,-0.0017921146953405,-0.0050948627617515,0.5539874623045627,-2.544070466083052,-1.0832497784280883,0.4068273355865611,3.712977934365005,1.3102331505911446
US78573L1061,-1.41052102278031,Sabra Health Care REIT Inc,6.689847563959855,-0.21084501691476423,5126.086545,-7230.452836313786,60,601050,mid,6.393787605801024e-05,,,,,,-0.0071744662381083,1.0284715597346863,-1.248804596796584,-1.2638940845519822,0.4446966374470016,-0.7244177367509612,0.319639493113969
US8425871071,-1.41099802304065,Southern Co,4.689238341115627,-0.30090132349829685,106621.5457968,-150442.79033282291,55,551010,large,0.0013298946711929,,,,,-0.0017921146953405,0.0007042256003296,0.1089113232934075,-0.37707711115253,-0.8646939673331937,0.0783920565768571,0.0685392468352188,0.8378304661945002
US7234841010,-1.41576654233653,Pinnacle West Capital Corporation,4.975325599645584,-0.28455756592842524,12258.95806933,-17355.822678463835,55,551010,large,0.0001529064589051,,,,,,0.0058291858112249,0.2162304686677028,-1.2520327308695507,-1.0122984088161924,-0.0905188670655315,0.7213468509393798,1.1630824805121158
US53946R1068,-1.41798853871692,loanDepot Inc,27.698865748520646,-0.05119301821204186,363.06272226999994,-514.8187790142242,40,402010,small,4.528495399755887e-06,,,-0.0017921146953405,-0.0018050541516245,0.0017921146953405,-0.118057325599861,2.329882234597069,-1.884179082358041,-1.098870929452978,-0.8661300907635954,-1.9492504573408616,2.328637638857812
US26441C2044,-1.42251816395203,Duke Energy Corp,4.602501699091022,-0.309074989419987,96477.72808823,-137241.32062233213,55,551010,large,0.0012033704399471,,,,,-0.0017921146953405,-0.0009882837704038,0.1238204056936227,-0.776446836518568,-1.0950203732146748,-0.0779778616938659,0.1999005094224065,0.8156241992094634
AN8068571086,-1.42701777718577,Slb NV,11.10015673030817,-0.12855834488259088,79610.06623521,-113604.9797605813,10,101010,large,0.0009929794402089,,,,,-0.0017921146953405,0.0256895485247163,0.63510382706477,-3.2718126372934515,-1.347414954463525,-0.4769376749607772,3.536905969553041,0.2998437721006363
US75321W1036,-1.4280587729646301,Ranpak Holdings Corp,19.8459189452842,-0.07195730149366383,436.34246927,-623.122691258073,15,151030,small,5.442516522910441e-06,-0.0018050541516245,-0.0018083182640144,,,0.0017921146953405,-0.0282458148379671,1.0476811665759285,0.1010012833541968,-0.7844425766814913,-3.619621914134731,1.3291650339694006,0.3208642784978381
US3029411093,-1.43007456702816,FTI Consulting Inc,8.063674659677135,-0.1773477511660198,4123.76006178,-5897.284384878052,20,202020,mid,5.143581900314215e-05,,,,,,0.0113314792433302,0.2962996893286969,1.6308673206214916,1.9140049456904649,2.396561891620146,-0.6155205021795315,-0.1823383500845397
US5165441032,-1.43217182272336,Lantheus Holdings Inc,8.886950218739099,-0.16115447791115903,6419.26396496,-9193.488973239146,35,351010,large,8.00677281142673e-05,,,0.0017921146953405,0.0018050541516245,,0.0499523856500984,0.4013973059531674,0.7227126894027043,-0.567111079027194,-0.2357135574773414,0.0540785001322147,0.7837222974261657
US9814191048,-1.43297902354722,World Acceptance Corp,12.778115816826055,-0.11214321767692009,830.33153465,-1189.8476717432216,40,402020,small,1.0356757398349608e-05,,,,,,0.0017833424446378,0.3339068629704116,-1.0620623174166626,1.5809921698919396,1.1540449075862953,-1.7152017630501402,2.1796753897250154
US76169C1009,-1.43354225607824,Rexford Industrial Realty Inc,7.664025809649939,-0.18704820308319373,8070.756903419999,-11569.771059587736,60,601025,large,0.0001006668635137,-0.0018050541516245,-0.0018083182640144,,,,-0.0318873690628704,1.3733384283898251,-0.9125087235452516,-0.3805061806955232,0.2169657842791956,-0.0751774214502281,-0.2973361975301259
US69404D1081,-1.43840793342169,Pacific Biosciences of California Inc,25.890947485113557,-0.055556403806725385,324.25983012,-466.4179121345775,35,352030,small,4.044505422762817e-06,-0.0018050541516245,-0.0018083182640144,,0.0018050541516245,0.0017921146953405,-0.0481318931970949,1.990825979736774,-2.8861336495803744,-6.986877836378058,-5.702445377347796,0.185201851367986,1.2718285907811746
BMG7997W1029,-1.44369795117247,Seadrill Ltd,9.919359422814278,-0.14554346602785667,2876.99067738,-4153.5055464758025,10,101010,mid,3.588481617225082e-05,-0.0018050541516245,,0.0017921146953405,,,0.0376327259746127,0.7236255577115575,-1.345437660672666,-1.2877671660260466,0.1522855616417758,1.8778918115963863,-0.1953365033925298
US91324P1021,-1.4456963782908199,UnitedHealth Group Inc,9.863726684892912,-0.1465669543038961,359632.6105101,-519919.5625297247,35,351020,large,0.0044857114828937,,,,,-0.0017921146953405,0.0085392405955325,1.7655339717287275,2.8519063212113207,2.658341820411184,2.415855712848823,-3.4041446140092315,1.0843426555179605
GG00BMG42V42,-1.44655931998888,SGHC Ltd,11.17475686661656,-0.12944884056585854,2102.27390652,-3041.0639126459373,25,253010,mid,2.622174387714415e-05,0.0018050541516245,,,0.0018050541516245,,0.0306491185903418,0.8485695260012482,3.844034735414388,3.6291954691726063,3.986015298429925,-3.933126479582835,0.7887334336130343
US74276R1023,-1.44977496757022,Privia Health Group Inc,8.795652446410914,-0.164828587350766,2620.36089945,-3798.9336380223963,35,351020,mid,3.268386301041087e-05,,,,,,-0.0052551204275502,1.4757445966319551,0.65569576615829,0.5338617834188925,2.084429211198079,-1.061548531369017,1.7781528910229287
US05990K1060,-1.45347636087652,Banc of California Inc,6.959781204683005,-0.20883937556808885,2778.7724903999997,-4038.8801270503764,40,401010,mid,3.465973692112208e-05,-0.0018050541516245,,,,,-0.00194153758756,0.5749795034157882,-0.8929931222953855,0.2498603137361741,-0.1112116014998372,0.9259348497913232,0.4590918774593935
US92556V1061,-1.4549054866932,Viatris Inc,9.019006986725664,-0.1613154850455883,18545.969847779998,-26982.63328758177,35,352020,large,0.0002313246003736,,-0.0018083182640144,0.0017921146953405,,-0.0017921146953405,0.033429412235085,1.8231744147833373,-0.3111407187316206,-1.6219215904646824,0.8055236666312653,0.4281706722711151,0.3143480679029091
US64125C1099,-1.45780199193115,"Neurocrine Biosciences, Inc.",8.516770581504405,-0.1711683998036781,15193.06206726,-22148.476145185225,35,352010,large,0.0001895036517371,,0.0018083182640144,,,-0.0017921146953405,-0.027799777859518,-0.2439717091773692,-0.8316688920221492,-0.8368832084659156,-2.2874240989088954,-1.984150602943529,-0.4042093313130287
US71844V2016,-1.45803551792841,Phillips Edison & Co Inc,4.452580493546219,-0.3274585423086131,5183.828020800001,-7558.205373158933,60,601070,mid,6.465808772254174e-05,,,,,,0.0009486100973532,0.9220389753584964,-0.8254961071826195,-0.7654943129818925,0.5304139831474659,-0.3445877856012035,0.8087347647663822
US9507551086,-1.45917016798905,"Werner Enterprises, Inc.",10.60419615307525,-0.13760309097695125,2231.14117317,-3255.6146404617552,20,203040,mid,2.7829110286327997e-05,,,,,,0.0095236915985587,1.4589643357997104,-1.6661993508385526,-0.4900779414840879,-0.450762097453885,3.276970041192929,0.8136302617701087
US84857L1017,-1.46048916939444,Spire Inc,5.707854734448188,-0.2558735702539974,4780.206873,-6981.440365481363,55,551020,mid,5.9623705509935495e-05,,0.0018083182640144,,,,0.0056823105136663,0.4160901884991028,-0.3103042474173678,-1.377972358123695,-0.020847797990816,0.0139014365296354,0.7103564760608168
US16934Q8024,-1.46346923304727,Chimera Investment Corp,6.610241910706014,-0.22139420203018903,966.0032052,-1413.7159698352486,40,402040,small,1.2048995400977615e-05,-0.0018050541516245,,,,,-0.0242425417091799,1.0250425392380933,-0.2397415602584914,-0.2817399071155806,0.881587988612534,-0.5286342251148224,1.206659212517117
NL0010545661,-1.46424610189006,CNH Industrial NV,10.314219888892486,-0.1419638244737176,9310.717004400001,-13633.1810794942,20,201060,large,,,,,,,0.0027240255500652,0.7522682240813929,-1.9113118317276077,-2.131770282681053,0.1831540852815711,3.364014500776652,1.5811642515360078
US2538681030,-1.4647075121441901,Digital Realty Trust Inc,8.240249789609436,-0.17775037766344376,,,60,601080,,,,,,,,0.0147105423760453,0.7681861189950929,-0.1042919391652729,0.3817746367822923,1.1040378021260575,0.7497261641188652,1.0699037017180704
US56600D1072,-1.47850170778749,Maravai LifeSciences Holdings Inc,18.23216445088922,-0.0810930436575445,1239.34934466,-1832.3801226251167,35,352030,mid,1.545845238776539e-05,,-0.0018083182640144,0.0017921146953405,-0.0018050541516245,,0.0099534483880856,1.786392428089045,-2.3670137295176428,-2.4052232520618144,-2.336465230163687,-3.333441386690553,1.0817451946268917
US6677461013,-1.4833281545238801,NWPX Infrastructure Inc,11.107361366221006,-0.13354460214420344,1083.81527414,-1607.6537104348793,20,201030,mid,1.3518469900851372e-05,,,0.0017921146953405,,,0.0480661651885967,-0.2995588918008242,-0.4007092285428117,-1.3605292342734656,-2.342835502442929,-0.5156013419584708,1.36244496851319
US00182C1036,-1.48741766419656,ANI Pharmaceuticals Inc,7.868620436338341,-0.18903156865051798,1464.8591952199997,-2178.857442530985,35,352020,mid,1.8271245489947725e-05,,,,,,-0.0237101038457851,-0.1272474550255716,0.3652039978508714,1.4895180321748511,0.3480892974618469,-0.3537267586140844,0.3305464515321532
US14174T1079,-1.48905903242045,CareTrust REIT Inc,7.02013711278438,-0.2121125283591289,9111.188758319999,-13567.097916664059,60,601050,large,0.0001136442103457,,0.0018083182640144,,,,-0.0154714455692841,0.9544491865875404,-1.6949259226471078,-1.9085822989273808,-0.7230481388495417,-0.7432901514678456,0.4482496588150171
US4869171078,-1.492488385284,Keel Infrastructure Corp,38.0913853912619,-0.03918178270371795,2064.518756,-3081.2702645309723,45,451030,mid,2.575082242209109e-05,0.0018050541516245,,0.0017921146953405,-0.0018050541516245,,-0.0144400966445141,0.0332949086353191,4.071838378682127,0.8876322028767807,-8.241462976058243,-12.654201815884168,1.1436831955708329
US9026531049,-1.49576044505362,"UDR, Inc.",5.306266122066443,-0.28188568206811293,12130.6196148,-18144.50099380942,60,601060,large,0.00015130568839,,-0.0018083182640144,,,,-0.0212500014748681,0.7284248215649325,-2.1604426287542884,-0.8393812347094111,-0.2636162666159904,1.0897340689211197,0.7206335338445902
US6819361006,-1.49728773101138,"Omega Healthcare Investors, Inc.",5.5695197156136675,-0.2688360590256756,14070.568644300001,-21067.689799463817,60,601050,large,0.0001755027477876,,-0.0018083182640144,,,-0.0017921146953405,-0.0081779741040197,1.1550794758053495,-1.0361587189880666,-1.6306790558108937,0.2508897031892269,-1.1770932850114877,0.5797469667150772
PAP169941328,-1.4975184774852899,Foreign Trade Bank of Latin America Inc,5.658020923091286,-0.26467178150113907,2054.36,-3076.4420594066805,40,402010,mid,2.562411186495758e-05,,,,,,-0.0034158178385364,0.5097762882953607,-1.856244830732129,0.4649639431301169,0.5934856565711466,-0.1718370681658563,1.4482287094103707
US64119V3033,-1.49791621320658,Netstreit Corp,6.1285875566050585,-0.24441458971932403,2090.09087155,-3130.781003569816,60,601070,mid,2.6069784409998192e-05,,0.0018083182640144,,,,0.0008313643801832,1.4025362793435874,-0.9931081236643924,-1.4205154840208254,0.6097022835030215,0.3501378261569505,1.1614407712637425
US98389B1008,-1.50160428058617,Xcel Energy Inc,6.072858435110762,-0.24726482539169917,49358.8151908,-74117.40817516696,55,551010,large,0.0006156544140125,,,,,-0.0017921146953405,-0.008786235205397,0.4994989356491368,-1.057326663270249,-1.667835456061482,-0.7713027230862276,-0.1889492321185007,1.0641832763121233
US0495601058,-1.50821512167822,Atmos Energy Corporation,4.337671959366442,-0.3477015172669971,28560.55274376,-43075.45753162721,55,551020,large,0.0003562368807955,,,,,-0.0017921146953405,0.0049254190727963,0.5505891528885766,-0.0965021313745284,-1.072181020304095,0.7461769436564203,-0.5578996028517894,1.035834478542597
US77664L2079,-1.51370152198705,Root Inc,13.274452183646888,-0.11403118569757739,746.83646723,-1130.4874971214826,40,403010,small,9.3153201878596e-06,,,-0.0017921146953405,,,-0.0644055229649799,1.80107310102048,1.2090665085661634,3.152660519133124,2.682294576684243,-2.42297259067171,0.6974080337070776
US42250P1030,-1.5143708262517999,"Healthpeak Properties, Inc.",8.633395076532535,-0.17540849374172537,14293.8310986,-21646.160811090554,60,601050,large,0.0001782875090292,,,,,-0.0017921146953405,-0.0202643605892399,0.1373095684470293,-2.6042056880938147,-1.5820656865702234,-1.8738752401342664,-0.1560395538447813,0.5480842827459281
MHY621321089,-1.5234584313869501,Navigator Holdings Ltd,8.672833800297727,-0.1756586677972143,576.1493035199999,-877.7395141852628,10,101020,small,7.186332582562879e-06,-0.0018050541516245,,,,,-0.005793164545157,1.8527162678932096,-2.227582029219965,-2.5632697239830264,-0.3007398471967035,-0.4504160812772912,0.4433099880768446
US00287Y1091,-1.5240754717623,AbbVie Inc,7.520110697859062,-0.2026666272607126,440340.19239,-671111.6864526911,35,352010,large,0.0054923802782561,-0.0018050541516245,,,-0.0018050541516245,-0.0017921146953405,0.0098433512574915,0.1154486204102231,-0.4371519587559866,-1.0882485640331283,-0.5460528278558278,0.1377471848687977,0.3756907194129875
US73757R1023,-1.52419365513201,Postal Realty Trust Inc,7.1558331874001535,-0.21300016576906508,654.26761096,-997.2305413836103,60,601040,small,8.160705257529151e-06,,,0.0017921146953405,,,0.0083571087828182,1.638835774999813,-2.7212660205200656,-1.0683023336068362,0.4013009449642797,1.3817907212530365,1.950096315333281
US98311A1051,-1.52520355172674,Wyndham Hotels & Resorts Inc,7.646500729501007,-0.19946425243148722,5342.5004776,-8148.400703537324,25,253010,mid,6.663721542310583e-05,0.0018050541516245,,,0.0018050541516245,,-0.0007321252186594,0.4717316395561566,0.412783085508268,0.6712821830873655,1.900346864819407,0.034978895185423,1.7342292045511734
US6517185046,-1.53083340656735,NPK International Inc.,9.50663004928253,-0.1610279771729292,1099.4428442399999,-1683.0638345740153,20,201070,mid,1.371339318811352e-05,,,,,,0.0217209353416668,-0.3764385411315024,-1.7377236050530884,-1.061790860251529,-1.3397765978153124,2.5853743534478597,1.6693948923031043
US5010441013,-1.53547871297622,Kroger Co,7.690563138896165,-0.19965751340240723,31777.59638472,-48793.82279828765,30,301010,large,0.000396363190756,,-0.0018083182640144,,,-0.0017921146953405,-0.0145948747360256,-0.2548985880985692,-0.904247004573558,-1.097409215743656,-0.2249154826601936,-0.4477376548121456,0.2618062835575557
US20451N1019,-1.54545994629583,Compass Minerals International Inc,11.902340183764718,-0.12984504916133224,911.6053724799999,-1408.8495899959307,15,151040,small,1.1370489126114138e-05,,-0.0018083182640144,,,,-0.0328105459326994,0.7513667291459639,-5.633275337064897,-1.6542223700281529,-2.815098216009553,1.4861272863534436,0.6946121874640313
US0533321024,-1.54696299602039,"AutoZone, Inc.",7.577990900329394,-0.20413893555258134,49184.45045696,-76086.52483651528,25,255040,large,0.0006134795559325,-0.0018050541516245,,-0.0017921146953405,-0.0018050541516245,-0.0017921146953405,-0.0403893539520014,1.3452021007518893,-3.033164780911082,-0.9132239093530216,0.9734120153580692,1.2056342254382892,1.720054043533631
US98978V1035,-1.54736068024178,Zoetis Inc,10.993400835937566,-0.14075359420930406,30423.89531998,-47076.739357928964,35,352020,large,0.0003794784249337,0.0018050541516245,,-0.0017921146953405,0.0018050541516245,-0.0017921146953405,-0.0190172375109133,1.5631773237481688,1.4477461731499195,-0.0221380921618445,3.677226936461876,1.020320625147025,1.105532124185677
US8269171067,-1.54982751145472,SIGA Technologies Inc,12.180836337603594,-0.12723490148785846,122.32634940000001,-189.5847416759426,35,352020,small,1.5257812949324786e-06,,-0.0018083182640144,-0.0017921146953405,,0.0017921146953405,-0.0761483857436981,0.3277102010755089,-0.0060966036594287,0.3755117318673143,-0.4081669173296149,1.7061177420343836,0.4897656007032509
US8043951016,-1.55419145804391,Saul Centers Inc,6.080171259192963,-0.25561639496486843,431.73236736,-670.9947575119874,60,601070,small,5.3850145431937935e-06,,,,,0.0017921146953405,-0.003066348858574,0.5703994872161193,-1.200904077970407,-0.3521240174593449,0.5436247793707105,0.9513797672386608,1.327977794606844
US69007J3041,-1.55866313563932,OUTFRONT Media Inc,9.222020733964012,-0.16901535797885167,4409.093363360001,-6872.291287061214,60,601080,mid,5.499479232742982e-05,0.0018050541516245,,0.0017921146953405,0.0018050541516245,,-0.0041039869086851,2.0623959512389893,-3.811950979525773,-2.7475405973430505,-0.5337531859406588,-1.2028431976221774,1.6643918155599522
US3024913036,-1.55877511850577,FMC Corp,18.819555533838244,-0.08282741405359101,1259.60419475,-1963.4396779417964,15,151010,mid,1.57110919176015e-05,-0.0018050541516245,-0.0018083182640144,-0.0017921146953405,-0.0018050541516245,,-0.1019328824180207,-0.5857535604907589,-4.984634383367659,2.346150963702444,0.843224319373834,3.1110673550308565,0.7629680986442167
US3032501047,-1.55961789967723,Fair Isaac Corporation,15.076367487313844,-0.1034478564541217,22843.32614393,-35626.86034223807,45,451030,large,0.0002849256919331,-0.0018050541516245,,,-0.0018050541516245,-0.0017921146953405,-0.0662539278564872,1.419058305051183,-0.5884819452207708,-3.048755030465177,-2.823397173909316,-0.8247411353518561,-0.6156453902627618
US9111631035,-1.56174424239154,United Natural Foods Inc,13.62932402380331,-0.11458706533530119,2867.1227819,-4477.71249686194,30,301010,mid,3.5761733529651075e-05,,-0.0018083182640144,0.0017921146953405,,,0.0216960432609339,-0.9813943136435888,-0.3835180666812163,-0.5128773532482735,-2.149271816919854,-2.452622684732715,-0.1250651166485926
US56146T1034,-1.5756881636178202,Mama's Creations Inc,13.75010870739861,-0.11459459682453124,719.9566329600001,-1134.4271448732115,30,302020,small,8.980046973697525e-06,0.0018050541516245,0.0018083182640144,0.0017921146953405,,,0.0956093256319861,-0.2977349952505344,-0.0558688013789532,-0.0403051272145238,1.3341139078458195,0.367326067646573,2.183762710136915
US5730751089,-1.5821183597351602,Marten Transport Ltd,9.83555223928501,-0.16085709487830158,878.2639707899999,-1389.5175528807633,20,203040,small,1.0954620531204266e-05,,-0.0018083182640144,,,,0.0066270971762997,0.7519169294529991,-1.5057752575252827,-0.3053000607500393,-0.2924729531442751,1.7830185802291183,1.261464015579885
US00766T1007,-1.58415217924187,AECOM,10.85607297698245,-0.1459231328492967,8081.9071718000005,-12802.970858637469,20,201030,large,0.0001008059412432,,,-0.0017921146953405,,,-0.0293537141368757,0.4831096652009714,2.0715313502881085,-0.1070268443647539,1.6167163065022296,-0.3329981133844613,0.4377703582073208
US04956D1072,-1.5874583010298897,Atmus Filtration Technologies Inc,8.915237050610724,-0.1780612553562043,4154.43418302,-6594.991029917427,20,201060,mid,5.181841850566996e-05,0.0018050541516245,0.0018083182640144,,0.0018050541516245,,0.0296621740848822,1.3352847358414168,-1.2958102858737763,-1.0249160457014606,2.357940293391656,1.3019749171849242,2.094438695656628
CH1300646267,-1.5909893989027601,Bunge Global SA,10.459196134725682,-0.15211392715167663,21603.2966121,-34370.615891203015,30,302020,large,0.0002694587555444,,0.0018083182640144,,,-0.0017921146953405,0.0066104152770732,-0.0600850790628056,-4.027919293369321,-3.248377838623406,-2.701165365173828,3.097586584327491,0.6956906370550533
US9840171030,-1.5960806044663398,Xenia Hotels & Resorts Inc,8.448800962142704,-0.18891208487666364,1749.1424017900001,-2791.772261946689,60,601030,mid,2.1817120938495463e-05,,-0.0018083182640144,,,,0.0096693775702904,0.4738623948518942,-1.5024740393709926,0.643093649197267,0.7310025952805812,-0.9014987969071372,0.9556367531533588
US4590441030,-1.5967211662299,International Bancshares Corp,5.941775801240073,-0.2687279391956623,3931.03889068,-6276.773002021661,40,401010,mid,4.903200037008269e-05,,,,,,-0.0021666808846669,-0.0223549376657045,-0.1480842498999385,1.1061934880926836,0.6208244996959454,-0.1934202151646083,0.2763703461182598
US3825501014,-1.60148341946887,Goodyear Tire & Rubber Co,12.324603447561836,-0.12994198363320889,1590.9378404999998,-2547.8605729663595,25,251010,mid,1.9843829316753653e-05,-0.0018050541516245,-0.0018083182640144,,-0.0018050541516245,,-0.0547443410343453,1.941693445468251,-4.551173381394841,-1.0986680680453165,0.7220006869131238,1.0073779793553388,0.9902511402557136
US12541W2098,-1.60618355729676,"C.H. Robinson Worldwide, Inc.",12.699947818016097,-0.1264716658928499,17208.511231599998,-27640.027785752533,20,203010,large,0.0002146424272415,0.0018050541516245,,,0.0018050541516245,-0.0017921146953405,-0.0158119754816726,0.9563844835279482,-2.726442058946449,-1.770995897503497,-1.5909353610095756,2.3520661006361414,1.389944816749137
US1720621010,-1.6209558994401099,Cincinnati Financial Corporation,6.270794437616226,-0.2584929095612802,26115.73512085,-42332.454912357076,40,403010,large,0.0003257425758738,,,,0.0018050541516245,-0.0017921146953405,0.0040167572570244,0.5441874017056727,-0.4866539488645841,-0.1018820683621881,0.7584307443982694,-0.5934010240213403,1.0684604012958905
US2921041065,-1.6258111695593502,Empire State Realty Trust Inc,8.962621249935134,-0.18139907112231446,821.7467674000001,-1336.0050729882093,60,601040,small,1.0249679263870442e-05,-0.0018050541516245,,-0.0017921146953405,,,-0.0739523963304914,1.144689576487433,-1.4495572180332204,-0.1129489617469727,-0.6767358312272761,0.1302528235162821,0.3122163435444776
US72147K1088,-1.6286751387738,Pilgrims Pride Corp,7.668300362796004,-0.21239062917717466,1158.76357816,-1887.249431465763,30,302020,mid,1.4453303000355516e-05,,,-0.0017921146953405,,,-0.0216985064781215,0.7823945229301771,-1.89583332071659,-1.3614133556696502,0.8575321598856163,3.676764638201937,0.7439064161060924
US9807451037,-1.6299713902098,"Woodward, Inc.",10.84174494874696,-0.15034216336164455,21830.308594560003,-35582.778448583915,20,201010,large,0.000272290284796,0.0018050541516245,,0.0017921146953405,0.0018050541516245,-0.0017921146953405,0.0384783643634936,0.7993084685554787,-1.558925471952629,-2.4723324968565947,0.3024988980777361,0.9157582937605282,2.624195766344349
US30212W1009,-1.63641260949934,eXp World Holdings Inc,14.083657977482696,-0.11619229976442749,401.93400312000006,-657.7298708921152,60,602010,small,5.013338391653406e-06,,,-0.0017921146953405,,0.0017921146953405,-0.0902899374624068,0.2830364652910988,-2.4907303430616974,0.4157689481948123,-0.4119058782913023,1.437531953886876,1.7512426500897555
BMG8192H1060,-1.6387095182388098,Siriuspoint Ltd,7.2195846437099345,-0.2269811352189819,2435.86900575,-3991.681724905431,40,403010,mid,3.0382688473160008e-05,,,,0.0018050541516245,,0.0277144180985642,0.8283661892898915,0.9239424231113946,1.0343522242359675,2.226590885850693,-1.2307620140499922,0.7901316062220851
US83545G1022,-1.6448695101644502,Sonic Automotive Inc,10.63232558660582,-0.154704584313764,1707.4805356,-2808.582672207705,25,255040,mid,2.129747086754614e-05,,,,0.0018050541516245,,-0.0086930213723589,0.207333164983692,0.5716476644642741,1.628608982906384,1.097909540377726,-2.3844850347630517,-0.3002579496863283
US25179M1036,-1.64511936178564,Devon Energy Corporation,9.718969922200733,-0.16926890143241893,48645.506119809994,-80027.66398156127,10,101020,large,0.0006067572823368,,0.0018083182640144,,,-0.0017921146953405,0.0165184318330432,-0.8506781355072806,-2.878914287092547,-0.4073473408522265,-0.4263689667132684,0.1547820942262485,0.1661513091453204
US65342K1051,-1.6451652059083,NextDecade Corp,17.69418798498774,-0.09297771716363055,1115.2388431799998,-1834.7521410771585,10,101020,mid,1.391041729482184e-05,-0.0018050541516245,0.0018083182640144,-0.0017921146953405,,,-0.01129640120479,-3.4587550476861253,-1.4246736549228816,1.659798488653629,-1.8304545453704355,-0.2454078255951146,-0.4845530490010625
US8771631053,-1.6527522001129902,Taylor Devices Inc,14.946043506437912,-0.11058125178085276,173.7975204,-287.2442342152823,20,201060,small,2.1677832047848708e-06,,,,,0.0017921146953405,0.0584667086123471,-0.0446535935108481,-3.120124061882493,-2.92398288579533,0.5368404190636966,6.046581602631147,2.304510477502209
US58463J3041,-1.65695167751107,Medical Properties Trust Inc,10.176404255362849,-0.1628229024645788,2069.8895229,-3429.7069172317433,60,601050,mid,2.5817812205695827e-05,-0.0018050541516245,,,,,-0.0486246142590707,2.615197192116831,-2.0276136780070777,-3.326474222015583,-0.5747428246987112,-1.991794866227206,1.1544527515422505
US1252691001,-1.6604971237546802,CF Industries Holdings Inc,10.415648916632849,-0.15942330017508718,17775.1660819,-29515.612153256698,15,151010,large,0.0002217103351412,,,,0.0018050541516245,-0.0017921146953405,0.0520931111554736,-2.13319784501056,-0.6350266638181984,1.7599927379423277,0.4799284632382586,-0.9009211193838564,-0.6937991460441127
US42226K1051,-1.6624190484535302,Healthcare Realty Trust Inc,5.423001038767242,-0.306549645956076,6541.371485250001,-10874.500560090362,60,601050,large,8.159077994523342e-05,,-0.0018083182640144,,,,-0.0171564409396829,1.2577502336942472,-0.8339780930797228,-1.1335382482654477,0.0342293292758623,-1.6742968320297085,0.8347561696260382
US30292L1070,-1.6783948102588,FRP Holdings Inc,5.9143695663239395,-0.2837825386860297,256.03609335,-429.72965031757764,60,602010,small,3.1935481110745543e-06,-0.0018050541516245,,,,0.0017921146953405,-0.0271390733937315,0.2082982712101125,-1.8996986537986325,-1.0790105351562689,-0.9890178690579332,1.6280265038800616,1.0097111929987732
US46284V1017,-1.68496817714031,Iron Mountain Inc,9.624110069162155,-0.17507781654943166,38224.54397872,-64407.140189843456,60,601080,large,0.0004767762178477,-0.0018050541516245,,,-0.0018050541516245,-0.0017921146953405,0.0178747165379248,1.245240281568485,-0.4832505119911084,-0.8225283326793876,0.0840532539117404,1.108813435565009,1.8018981297376149
US5543821012,-1.68584792383655,The Macerich Company,8.913489433450927,-0.189134450253548,6962.383259,-11737.519362139503,60,601070,large,8.684207610901883e-05,,,,,,0.024573580381279,1.2500901130520905,0.2916919096611045,0.4940575732660524,1.7421674122801505,-0.1858900828962379,0.9928043556806824
US04010E1091,-1.68814410651382,Argan Inc,16.95464261501539,-0.099568250705489,7786.53350244,-13144.7906423165,20,201030,large,9.712173402264576e-05,0.0018050541516245,0.0018083182640144,0.0017921146953405,0.0018050541516245,,0.039794688959732,-0.7713680089355277,-3.3313810191782456,-2.6407240485972454,-2.8305366457222068,-3.686318765480741,3.389093810031494
US6951271005,-1.6896809873202598,Pacira Biosciences Inc,10.458591404234319,-0.16155913564384655,884.48742588,-1494.5015870332736,35,352020,small,1.1032245927635614e-05,,-0.0018083182640144,,,,0.0127247105169188,0.2095205178592067,2.9722246539610486,2.791317374931986,3.4667695126865343,-3.818594999313965,0.0217215689061666
US48238T1097,-1.69272228732667,Openlane Inc,10.348114614779028,-0.16357784488675342,4271.13859594,-7229.8514936087795,20,202010,mid,5.327407716909618e-05,,,,,,0.0133046164720168,0.3235940871932016,1.4977616502285425,2.8165133000699454,1.1932819166907855,-0.9709008774922594,0.1385306776577436
US13057Q3056,-1.69687285026951,California Resources Corp,9.537717993352706,-0.17791182874689127,4247.74108804,-7207.876527269345,10,101020,mid,5.298223914665083e-05,,,,,,-0.0030033400773569,-0.9360731178211864,-3.3982643929914502,-0.1578298049422394,-0.7873729593783856,0.8509646527274115,0.9398387255696662
US6501111073,-1.69985418568246,The New York Times Company,7.878656168133699,-0.2157543303587422,10231.442033219999,-17391.959565736473,50,502010,large,0.0001276171728416,,,,,,0.0037999910400834,0.3377278529055701,-1.188300229957254,-0.765520341660805,0.6181052865246038,-1.1134640570028642,0.1563779398286857
US92840M1027,-1.70500387036076,Vistra Corp,10.992353758495746,-0.155108169534937,49318.8747678,-84088.87236093663,55,551050,large,0.0006151562355691,0.0018050541516245,,-0.0017921146953405,0.0018050541516245,-0.0017921146953405,-0.0316445201486191,0.801889273059929,-0.5026151834233678,-0.4969981242321769,0.3610429676251984,-0.2854891484277569,1.4666856243395638
US05464T1043,-1.7125017211912001,Axsome Therapeutics Inc,9.840552680945853,-0.17402495334505927,9199.683238119998,-15754.473379694331,35,352020,large,0.0001147480054205,0.0018050541516245,,0.0017921146953405,-0.0018050541516245,,-0.0169567903441012,0.5652174489182633,-4.531603735857226,-1.8987369813355612,-3.91588282075906,1.2221205228678875,0.3940093466012268
US75281A1097,-1.7226170070262998,Range Resources Corporation,8.509861640470705,-0.2024259711619726,9270.436039279999,-15969.410783813257,10,101020,large,0.0001156305078503,,,,,,0.0081471173669357,-0.8260846489049345,-2.013360237692348,-1.0642850146111171,-0.8478423970605982,-0.8516975130313098,0.1793506752067347
US6708371033,-1.72646891416745,OGE Energy Corp.,5.069476451117153,-0.3405615808289218,9765.283781970002,-16859.45888759476,55,551010,large,0.000121802762915,,,,,,-0.0048564205174561,0.3751829540537572,-1.4173878971788667,-1.547432979036596,-0.3369470550232578,0.1365806028381536,1.1439391487603774
US9182041080,-1.7383483433358702,VF Corp,13.559507348129648,-0.12820143820163585,5825.28562952,-10126.375623534344,25,252030,large,7.26590133258778e-05,,-0.0018083182640144,,,,-0.0292353170702091,1.8883002024180453,-3.5639266320539766,-0.9163482303492616,0.414666893419745,1.6255656953075666,1.9572967202435356
CA1130061007,-1.75007181720226,Brookfield Business Holdings Corp,9.9587589027881,-0.17573191943750158,1689.0196573599999,-2955.9057010463534,20,201050,mid,2.106720761809272e-05,-0.0018050541516245,0.0018083182640144,,,,-0.0122995543434575,0.1344087008392052,1.0321979267892678,-0.2865232107879232,-0.3683165361393722,-0.4256744970996301,-0.0058702304904735
US14448C1045,-1.75131891911342,Carrier Global Corp,8.994157180672827,-0.19471740196810847,48160.514485980006,-84344.42017353271,20,201020,large,0.0006007079628997,,,,,-0.0017921146953405,-0.010373628181151,1.219414866618067,-1.972021656747294,-1.4868455829610985,0.024263107658814,2.7100885075006103,2.1765109337867243
US2333311072,-1.75421482857394,DTE Energy Company,4.874296557974592,-0.35989086993567454,29194.07247673,-51212.6748451421,55,551030,large,0.0003641387969671,,,,,-0.0017921146953405,-0.004758359311252,0.2690848572438337,-1.2966472357024976,-1.053137133270479,-0.0487436930608319,0.3063107999336123,1.4430920912576115
US08975P1084,-1.77748028245494,Commerce.com Inc,15.83773343384045,-0.11223072353629857,151.55412178,-269.3844631887248,45,451020,small,1.8903404320986216e-06,,,-0.0017921146953405,,0.0017921146953405,-0.0924784516996437,1.3274719585336214,2.741131386531369,2.6673245230983653,1.500740082658292,-7.252689197478423,-0.6156502595711191
US7445731067,-1.7821731960904499,Public Service Enterprise Group Inc,5.115821883381856,-0.3483649815642779,37847.7756061,-67451.29121683739,55,551030,large,0.0004720767713402,,,,,-0.0017921146953405,-0.0170886159409302,0.3440338384255422,-1.4571849244349682,-1.1270351734132855,-0.3146367483887908,0.6291571021214658,1.075255655535024
US81784E1010,-1.78388893220324,Seven Hills Realty Trust,8.133455195306441,-0.21932732023072626,169.59562036,-302.53975011034646,40,402040,small,2.115372742806284e-06,-0.0018050541516245,,,,0.0017921146953405,-0.0244484259264386,-0.2921442226072718,0.2207945675515998,0.8642749582834305,0.0868698758156063,1.119645753871206,0.7389349738244735
US74982T1034,-1.7838963581860798,RXO Inc,22.233315896336507,-0.0802352814354615,3799.69055334,-6778.254140337276,20,203040,mid,4.739368747006694e-05,,,0.0017921146953405,,,0.013162524539327,1.6585160876928593,-0.3751931851648766,-0.7234843521827865,-1.479270125086658,2.907092615360368,2.1945244947931526
US45817G2012,-1.7943982904937799,Intellicheck Inc,25.649324081639016,-0.06995889189057788,51.66510945,-92.70778407525404,45,451030,small,,,,,,,-0.0641951082415056,2.163037084170981,-0.0811339009183158,5.451403360800402,5.204947626986101,-6.41373898965114,2.411895173720036
US25278X1090,-1.799233654639,Diamondback Energy Inc,8.724110506652963,-0.20623691702058491,36487.313362320005,-65649.20216884544,10,101020,large,0.0004551076730698,,,,,-0.0017921146953405,0.0212186059913248,-0.4340275074172496,-1.7821832790870744,-0.4624299013342254,-0.3467837822023532,-0.1543224235965758,-0.308120239141653
US5768531056,-1.8123057340591098,Matrix Service Co,12.698834595278232,-0.14271433496212116,319.71943809,-579.4293709406635,20,201030,small,3.987872937079937e-06,,,,,0.0017921146953405,-0.0166605443557301,-0.757734727770421,-0.7845151626662397,1.3162926397646977,-1.2403964304363813,3.4683658820463554,0.312362083872266
US78377T1079,-1.8141505461259402,Ryman Hospitality Properties Inc,7.5499904146923065,-0.24028514560701922,8381.881895800001,-15205.995618828703,60,601030,large,0.0001045475375965,0.0018050541516245,,,0.0018050541516245,,0.0005152710759351,1.031833973325544,-1.0178679287119667,-0.1809596205457921,0.4330085040301619,-0.8782255854937429,0.6760941059269537
US8790801091,-1.81492795618353,Tejon Ranch Co,5.020264590552509,-0.3615203787463694,404.5257758,-734.1851394962509,60,602010,small,5.045665672695122e-06,-0.0018050541516245,,,,0.0017921146953405,-0.0119828379188298,-0.1645886389594238,-0.8291590613078701,-0.3297695149269879,-0.0831339460045549,-0.476847879205111,1.0094420232260797
US46124J2015,-1.8166221735820598,Inventrust Properties Corp,5.0412663129245665,-0.36035036850258984,2606.11172185,-4734.320340744831,60,601070,mid,3.2506132466199505e-05,,,,,,-0.0001828300652668,0.4967532241956655,-1.0785293438537715,-0.1941485470761872,0.4980592815254678,-0.2524528395046929,0.9376557552595212
US9026811052,-1.81733559867754,UGI Corporation,6.93906326725831,-0.2618992692072091,7578.40533452,-13772.505795630967,55,551020,large,9.452574332139048e-05,,,,,,-0.0222668659411943,0.3959510834682311,-2.8059705585644394,-1.2498757148070163,-0.8875744291900327,0.31752695221798,0.0957706986189436
US0556453035,-1.82349283739953,BRT Apartments Corp,4.8944079093792,-0.37256658438810414,207.94994772,-379.1952402050268,60,601060,small,2.593767753796492e-06,,,,,0.0017921146953405,-0.0199233509396945,0.7459415362884346,-0.7049234890401175,0.1177350598533804,0.545302430888498,0.2663594047888,0.7946317511917663
US8660821005,-1.8323720279413698,Summit Hotel Properties Inc,9.231309513124563,-0.19849535164390328,629.1256882299999,-1152.792313172015,60,601030,small,7.847109081331385e-06,-0.0018050541516245,-0.0018083182640144,,,,-0.0227947301126879,0.3629755500675505,-0.4229346463815386,0.3926312166931089,-0.4121025299683469,-3.082895875546968,0.848655227065275
US49446R1095,-1.83650332823018,Kimco Realty Corp,5.884928793360723,-0.31206891242288126,16020.25950006,-29421.25989097135,60,601070,large,0.0001998213173617,,,,,-0.0017921146953405,0.0010966016192542,0.8606118541882619,-0.937845914019952,-0.8029142990812341,0.7168748737424743,0.1247364779153379,1.175708749839259
US22052L1044,-1.8500865209030202,Corteva Inc,6.659373925487067,-0.27781688513124075,51113.993899500005,-94565.31114298417,15,151010,large,0.0006375468260409,,,,,-0.0017921146953405,-0.0038192074365366,0.0921795203843635,-2.7351022911856546,-1.200569192546601,-0.0851822160370928,1.0574953539527447,1.1215119780029548
BMG6359F1370,-1.85526015692013,Nabors Industries Ltd.,16.118175376246125,-0.11510360903842048,1333.62000616,-2474.212061900226,10,101010,mid,1.6634294000656777e-05,,-0.0018083182640144,0.0017921146953405,0.0018050541516245,,0.0752273539213337,-0.2919119828552974,-2.0563281872136208,-2.085184641528865,-1.678032020184942,1.8062441864686345,0.3667656056269838
US45174J5092,-1.8590080829476001,iHeartMedia Inc,28.948927450432034,-0.06421682067947758,425.78327361,-791.5345472248796,50,502010,small,5.310811266384899e-06,-0.0018050541516245,-0.0018083182640144,,,0.0017921146953405,-0.0044678528138938,4.515351938628844,3.93065711366971,5.45390968370474,5.546483543828889,-9.93254782085901,2.955799027519326
US85254J1025,-1.85947626437869,STAG Industrial Inc,5.933059688821286,-0.3134093304138172,7075.78002,-13157.244999154973,60,601025,large,8.825647830190998e-05,,,,,,-0.0124854189728835,1.008381558663562,-0.6197823592002434,-1.5022742371874975,-0.0188861812795111,-0.2520822184007847,0.8730578932029665
US5596631094,-1.8620639297396502,Magnolia Oil & Gas Corp,8.242877131847779,-0.2258997556260113,6210.31302086,-11563.99986853589,10,101020,large,7.746147489384493e-05,,,,,,0.0027261816633769,-1.0735801972552717,-3.142534825334079,-0.7111123379677842,-0.8801984803350198,1.4312265572927798,0.8943949702797602
US8678921011,-1.8660223252465797,Sunstone Hotel Investors Inc,6.488703117227226,-0.28758016687377347,1921.32413231,-3585.233724925474,60,601030,mid,2.3964750333512143e-05,-0.0018050541516245,,,,,-0.0105128313944438,0.4225697560988441,-0.7550052857495912,-0.0395131290273359,-0.1251784206151711,-1.6329386017239875,0.6409492867223687
US8794338298,-1.87269279026336,"Telephone and Data Systems, Inc.",7.2411890751787915,-0.2586167507602502,3705.4078000399995,-6939.090472120525,50,501020,mid,4.621769503568573e-05,-0.0018050541516245,-0.0018083182640144,,,,-0.0176428123668961,0.7971420175840886,-2.270980742210857,-1.018746094214492,0.0420762865208863,2.5818694330312546,1.341259203356418
US1258961002,-1.87470086228967,CMS Energy Corporation,4.894793482356231,-0.38299897003769723,22124.242132019997,-41476.33580240334,55,551030,large,0.0002759565291956,,,,,-0.0017921146953405,-0.0066461908030495,0.2121617753256595,-1.0995753307316298,-1.4210038736956654,-0.2490385870040365,0.08428400425529,1.387228938480333
US5246601075,-1.8801287374631,"Leggett & Platt, Incorporated",12.400352793698655,-0.15161897155204354,1286.59701445,-2418.968020401672,25,252010,mid,1.6047774403408966e-05,,,,0.0018050541516245,,-0.0067899273456059,1.6945479892997048,-1.643041957598356,-0.8904568175442171,0.9817512472497638,1.7250342834908792,1.978025664304384
US52635N1037,-1.8874707677175002,LENZ Therapeutics Inc,23.815435954880726,-0.07925409265206765,144.43322598,-272.6134919243858,35,352020,small,1.8015212229250071e-06,-0.0018050541516245,,-0.0017921146953405,-0.0018050541516245,0.0017921146953405,-0.229344195535934,3.005590023689469,-5.193139081077906,-2.1201831752508835,-1.2181793063865411,-0.9607737027622494,1.3757992255010054
US43114Q1058,-1.8905882298975398,Highpeak Energy Inc,17.22720763209176,-0.10974432248530235,134.35515954000002,-254.0102832523302,10,101020,small,1.675817109799248e-06,-0.0018050541516245,,,,0.0017921146953405,-0.0185175825599429,-2.0799416457156026,-3.0611514355265284,-1.6226102440375345,-3.2660893345054047,-1.846044587469996,0.1450639281103256
US9129321009,-1.89906030491705,Uniti Group Inc (Delaware),14.785231683820628,-0.12844305355019753,2325.56578232,-4416.389663677277,50,501010,mid,2.900687209422169e-05,0.0018050541516245,0.0018083182640144,0.0017921146953405,0.0018050541516245,,0.0082771571814326,1.374224802944948,-2.0051403717108967,4.035371989576004,1.9464951989683408,0.100155118936974,1.5771061657865992
US0188021085,-1.90291713488471,Alliant Energy Corp,5.134753506679651,-0.3705956152343556,18262.60023693,-34752.21491840366,55,551010,large,0.0002277901202399,,,,,-0.0017921146953405,-0.0039784073043811,0.2968078516285845,-1.0594187499293313,-1.2602475856929614,-0.3364098635288654,-0.1396899941428243,1.3078931891027827
US29364G1031,-1.90305899756968,Entergy Corp,6.03621553114086,-0.3152735331851209,50196.33003336,-95526.5775149629,55,551010,large,0.0006261007690887,,,,,-0.0017921146953405,0.0128670011140695,0.0759555884023648,-0.4720177416497957,-0.8693876426726763,-0.0277956563962669,-0.4052731755376744,1.303366706481021
KYG393871085,-1.91313591378405,GlobalFoundries Inc,14.597227308695286,-0.13106159637895287,29950.83,-57300.00852064074,45,453010,large,0.0003735778628713,,,0.0017921146953405,,-0.0017921146953405,-0.019018777681645,1.6088166246919078,-3.8562253870394336,-0.6507200262009558,-2.4565507199231016,1.3761012911439017,3.1896795651036887
US30069T1016,-1.91664614825303,Excelerate Energy Inc,9.607452437741708,-0.19949577275279748,4082.2078399,-7824.147932712657,10,101020,mid,5.091753652991903e-05,,,0.0017921146953405,,,0.0111631536504594,1.4761691032886002,-5.788069002676229,-3.759686569890656,-1.033753504743652,3.4843141133383657,1.7202360958066596
US9713781048,-1.92088983051318,WillScot Holdings Corp,14.181053828993084,-0.13545466039949244,4174.49509485,-8018.745175224518,20,201030,mid,5.2068639036076006e-05,,-0.0018083182640144,,,,-0.0172429655104,2.3285115770344484,-0.2909257639678342,-0.5068750030979212,0.8653964646288386,0.7862237594620831,2.120644337379145
US71880K1016,-1.9354701581307698,Phinia Inc,8.479778583274298,-0.2282453650320934,2671.311596,-5170.243877126679,25,251010,mid,3.331937302228547e-05,,,,,,0.0090231301069013,0.4918282795882851,-2.7150898266077874,0.1939266190523327,0.124565458996845,2.7447650605781027,1.4148783927437432
BMG0585R1060,-1.93668203546745,Assured Guaranty Ltd,6.045784653186041,-0.3203359276858872,3141.93616154,-6084.931320640074,40,403010,mid,3.918949146004419e-05,-0.0018050541516245,,,,,-0.009279007809274,0.944330979394438,-0.1548756929050775,0.0034327490065428,1.4760801816534157,-1.4716243200444326,0.5531411650638974
US8101861065,-1.94544357586517,Scotts Miracle-Gro Co,9.024340803217116,-0.2155773610823333,2688.85245222,-5231.010729620708,15,151010,mid,3.35381608014422e-05,-0.0018050541516245,,,-0.0018050541516245,,0.0017431425075133,1.516548308087878,-2.2837969326639658,-1.0879268707876482,1.7897005848589909,1.5185921696634743,2.223988809879326
US4062161017,-1.9466722963393999,Halliburton Company,11.277279973361782,-0.17261895607253355,28524.47010336,-55527.79571797237,10,101010,large,0.000355786820624,,,0.0017921146953405,,-0.0017921146953405,0.0352406474121986,-0.6288485628205515,-1.2497079445197177,-0.391649171975081,-0.9437799357470916,1.6544514988910386,0.4387079813896427
US92939U1060,-1.9473927247763998,WEC Energy Group Inc,4.938513685136505,-0.3943276963345242,35955.51148215999,-70019.50147597268,55,551030,large,0.0004484744876168,,,,,-0.0017921146953405,-0.0054366426652046,0.0327224749721754,-1.174349819518096,-0.826299065312619,-0.391196841238366,0.4392591689173548,1.1517256772899398
US5526901096,-1.95712521245303,"MDU Resources Group, Inc.",6.772519056969391,-0.2889803920801098,4300.5856471199995,-8416.78459829218,55,551020,mid,5.364137137922947e-05,,,,,,-0.0054529082753015,0.1778580034544756,-1.6968390135483409,-1.397063754872949,-1.4019310897789068,-0.2194409860094827,0.946292304260268
US26884L1098,-1.95848820477967,EQT Corporation,8.64244147257375,-0.22661283978547153,33821.49482712,-66238.99868693114,10,101020,large,0.0004218568152077,,,,,-0.0017921146953405,-0.0088517096520332,-0.6400182177329286,-2.787887575223292,-2.118246230166585,-1.7013770560854091,0.0818340549702904,0.2972909584419043
US78709Y1055,-1.96442465620008,Saia Inc,14.096766862529714,-0.1393528512854725,10229.179750800002,-20094.45291517411,20,203040,large,0.0001275889553054,,,,,,0.0222112911887394,2.4908592961835936,0.617395255185335,0.0854776187826684,1.8179309464397555,1.624872657466664,2.055261306886594
US45780L1044,-1.96658789669891,Inogen Inc,9.57740028930522,-0.20533629558064273,135.0703802,-265.6277749038401,35,351010,small,1.6847380847987455e-06,-0.0018050541516245,-0.0018083182640144,,-0.0018050541516245,0.0017921146953405,-0.0132684910762166,0.1525851374607634,3.483524369665562,2.390956482547214,2.3616716714207127,-3.2467480112010447,0.9331439086464192
US83443Q1031,-1.97162997701127,Solstice Advanced Materials Inc,13.998863585061022,-0.1408421451520756,9950.06829384,-19617.852921444326,15,151010,large,,,,,,,,,,,,,
US22822V1017,-1.97271102191124,Crown Castle Inc,8.562117584270718,-0.23039989844746644,32262.763189690002,-63645.1085416137,60,601080,large,0.0004024146951095,-0.0018050541516245,-0.0018083182640144,-0.0017921146953405,-0.0018050541516245,-0.0017921146953405,-0.0488164975377132,1.2460966414404209,-1.3035373635391538,-0.9001576978531566,-0.4621752987949024,0.3082682956949442,0.6028550603831118
US3137451015,-1.97298037853882,Federal Realty Investment Trust,5.256985398483075,-0.375306421643882,10178.4902828,-20081.961611112445,60,601070,large,0.0001269567036073,,,,,,0.0024392392302137,0.7171272250020706,-0.2321373785300676,-0.193661612958908,0.4149198681966004,-0.6325464764224498,0.551525882621601
US75902K1060,-1.97629568910326,Regional Management Corp,11.342504402845393,-0.17423803587922648,283.3261191,-559.9361877876869,40,402020,small,3.5339376594572983e-06,-0.0018050541516245,,,,0.0017921146953405,-0.0182667171239266,0.1422630148215629,1.531361479173511,3.604799417072144,1.8209514170517596,-0.0826598492290957,1.1275557832903127
US4415931009,-1.98620560816315,Houlihan Lokey Inc,7.989066168995865,-0.24861549099083174,8982.68128936,-17841.45195326903,40,402030,large,0.0001120413317071,,,-0.0017921146953405,,,-0.0377085423261706,1.277236902048139,0.3196867469401103,1.3449686670033731,1.86470159764802,0.4991658438424277,0.9395251159001596
US6460251068,-1.98733903290163,New Jersey Resources Corp,5.0803862159987805,-0.39117873098766537,5612.97749526,-11154.889267128623,55,551020,mid,7.001088574253376e-05,,,,,,-0.0027882156325457,0.4100673151919042,-2.2918840529425104,-1.0445518152104198,-0.0794564803392138,-0.1119818605248113,0.9815700840919808
US91704F1049,-1.98886835586752,Urban Edge Properties,6.025709138107639,-0.3300637834125727,2758.6618290799997,-5486.6152163968245,60,601070,mid,3.440889586339999e-05,,,,,,-0.0033841531895123,0.8374536511946493,-0.4371182519676981,-0.3475614269652235,0.6744746656095952,-0.1738878123312668,0.9450383322309832
US63886Q1094,-2.01162896108411,Natural Gas Services Group Inc,8.66358980988288,-0.2321934677458263,392.24371349999996,-789.0488138797782,10,101010,small,4.8924710338258e-06,,0.0018083182640144,0.0017921146953405,,0.0017921146953405,0.029119562634249,-0.5942677092390096,-1.1945933729047604,-0.2578557996105072,-0.3989468099644202,0.4207763915221739,1.5135655717225711
US70932M1071,-2.01849760097224,PennyMac Financial Services Inc,12.6471616909528,-0.15960083774497646,2620.3877146800005,-5289.246315698711,40,402010,mid,3.268419747781347e-05,-0.0018050541516245,,-0.0017921146953405,,,-0.026381726452801,0.08019372162843,2.928848760268945,1.6700690946525223,0.7778975364835503,-2.6442170686849327,0.1150021734805278
US7588491032,-2.02172307976678,Regency Centers Corp,4.857717607592389,-0.41618785674303505,13944.92064957,-28192.767922752028,60,601070,large,0.0001739355354818,,,,,-0.0017921146953405,-0.0054505294512173,0.9406938157513588,-1.2819720408825106,-0.7320573067248852,0.7133936046612146,0.0330988053319476,1.199890259843352
US3632252025,-2.02361889937194,Galectin Therapeutics Inc,29.23148654223531,-0.0692273687979604,241.14825504000004,-487.9921664495088,35,352010,small,3.007851527085945e-06,-0.0018050541516245,-0.0018083182640144,,0.0018050541516245,0.0017921146953405,0.0572805119057651,-2.223331871070201,2.8565337275089555,-2.1206837288845213,-1.7314962448738171,-0.7357001029825609,3.778041526062158
US78475V1035,-2.0255871120805398,Solv Energy Inc,14.771220630728576,-0.13713065173955294,2185.8912500700003,-4427.713144551413,20,201030,mid,,,,,,,,,,,,,
US92936U1097,-2.0400797826086703,WP Carey Inc,5.2899847832126525,-0.38564946142807477,16110.23759625,-32866.17001313173,60,601010,large,0.0002009436176411,,,,,-0.0017921146953405,-0.0166137996497701,1.1692622694413777,-1.9081383940879504,-1.2247782015096806,-0.0971934393245663,0.4250123764172046,0.9075828564651428
US8283591092,-2.05129002616645,Silvercrest Asset Management Group Inc,7.126649087397383,-0.2878337351833288,102.26929966,-209.78399437558593,40,402030,small,1.275608936524615e-06,,-0.0018083182640144,-0.0017921146953405,,0.0017921146953405,-0.0160882505920657,0.6875708282567258,0.4637077772607844,0.6133214050919631,2.1905832620287256,1.551165336784193,1.0865922540954502
US5335351004,-2.05209627718107,Lincoln Educational Services Corp,16.348916523171464,-0.12551879350980938,873.0247515,-1791.5308424400785,25,253020,small,1.088927154603516e-05,,,0.0017921146953405,,,0.0365731097344983,-1.1439931837548234,-0.9612860889216424,-0.0788543363975863,-0.4167606392692837,-3.731377821368859,2.043234155612108
US90240B1061,-2.06296693340386,Tyra Biosciences Inc,17.314241104924495,-0.11914856220970109,1411.68544664,-2912.260396785779,35,352010,mid,1.7608007263982928e-05,,,0.0017921146953405,-0.0018050541516245,,0.0270181845130036,0.4644503424692324,-4.394577281480853,-3.2603152801370525,-1.710404145535156,-1.904185076048305,0.7579897584957644
US0050981085,-2.06337741133901,Acushnet Holdings Corp,8.551945044472646,-0.24127580341183633,2356.3681808499996,-4862.076877163884,25,252020,mid,2.9391071604357067e-05,,,,0.0018050541516245,,0.0059719639762631,0.5571428793847442,-3.399177515335968,-1.5056770019409624,0.2819106134386893,1.205806184608362,2.8153906822988386
US0844231029,-2.07194083707198,W. R. Berkley Corporation,6.746560611450986,-0.30711068296863137,19795.4516165,-41015.004592508885,40,403010,large,0.0002469094348792,,,,,-0.0017921146953405,-0.0143978533226144,0.8405952770700875,-1.1939633218724497,-0.9617638008147807,0.4044540342615079,-0.7896096682476108,0.944413074557622
US74164F1030,-2.07956671858343,Primoris Services Corp,16.500193092365752,-0.12603287167261068,4429.8811324,-9212.233370219716,20,201030,mid,5.5254078975974296e-05,,,-0.0017921146953405,,,-0.0264872421706656,1.3957848409142444,-0.0129351889622702,0.7175404918016015,1.5607629519762778,0.5977504106997453,1.2029471197698367
US1409351079,-2.08668243108246,CapsoVision Inc,33.040777064159435,-0.06315476258413917,323.3,-674.6244299689594,35,351010,small,4.032533424492682e-06,0.0018050541516245,0.0018083182640144,0.0017921146953405,-0.0018050541516245,0.0017921146953405,0.2890675981852711,-4.842955813469633,17.85264094462667,11.63841019990921,7.341241430484548,-5.617735630409277,-4.019970873074159
US0236081024,-2.1004477466451803,Ameren Corporation,5.388760279958342,-0.3897831110537761,30267.4497279,-63575.19657766383,55,551030,large,0.0003775270730031,,,,,-0.0017921146953405,-0.0017321934408468,0.4029102861811477,-1.41499489435986,-1.3663726511795176,-0.1946771389385803,0.2621583083577952,1.4225613796559369
US7194051022,-2.10312864809712,"Photronics, Inc.",21.107876168863136,-0.09963715114074377,1875.83351661,-3945.1192078432555,45,453010,mid,2.33973441216006e-05,,,,,,0.1284768827398536,1.2906774319881915,5.697117629785428,5.643807816703671,7.675799303854871,1.1851417230746977,0.8238849913060565
US50012A1088,-2.11218708772868,Kodiak Gas Services Inc,10.93136091238081,-0.19322270160675295,3972.2588179800005,-8390.153784453745,10,101010,mid,4.954613812013654e-05,,0.0018083182640144,0.0017921146953405,,,0.0630365495519369,0.0497098236971877,-1.286005637012153,-0.7066548448453405,0.4931238499689461,2.008651549602689,3.189058441054008
BMG0692U1099,-2.1137432618711802,AXIS Capital Holdings Ltd,6.579631251061086,-0.3212555812349363,7106.36723544,-15021.035860293427,40,403010,large,8.86379938250277e-05,,,,,,0.0091912243854183,0.3360648672003939,0.0716378545117676,-0.053825150844915,1.058888813732803,-0.2025764881394558,0.6576840168264019
US05379B1070,-2.1239937530661503,Avista Corporation,5.427780710388025,-0.3913190061273328,3248.0489681999998,-6898.835718109754,55,551030,mid,4.051304060827549e-05,,,,,,-0.0251144054097654,0.244752079980988,-2.4593799614449425,-1.21515744471931,-1.364010534893134,-0.0999771490811911,0.5343580470208878
US49803T3005,-2.12836712147873,Kite Realty Group Trust,5.784496034582664,-0.36794339710050233,5260.364178090001,-11195.986163651241,60,601070,mid,6.561272617739531e-05,,-0.0018083182640144,,,,0.003432893323651,0.9133128671404348,-0.1683051385341079,-0.74829584120793,0.5656709648709178,-0.9213637304096984,0.8424783749078688
US36467J1088,-2.13396645874584,Gaming and Leisure Properties Inc,5.151303817658694,-0.41425754222272676,12126.2191615,-25876.944962042104,60,601080,large,0.0001512508013655,,,,,,-0.011320293602261,1.1840819619747047,-0.1844457926809072,-0.4368289341545949,1.043012330455602,0.3023922111118741,0.8156777890418052
US52476L1098,-2.15098252655311,Legence Corp,15.720663281422715,-0.1368251763966569,4350.63172908,-9358.132828718622,20,201030,mid,,,,,,,,,,,,,
US3873281071,-2.15127222761211,Granite Construction Inc,9.212573923556787,-0.23351478592874592,5577.1510318,-11997.970123909565,20,201030,mid,6.956402087589652e-05,0.0018050541516245,0.0018083182640144,,-0.0018050541516245,,0.0108310330651341,0.2804168772969804,-1.3050785536395255,-0.8306596360804643,-0.4555298521519217,1.9694003947762253,1.979986320459986
US82728C1027,-2.1638166165308204,Silvaco Group Inc,24.634043716719958,-0.08783846620610504,67.87292895,-146.86457147462576,45,451030,small,8.4658167215927e-07,,-0.0018083182640144,0.0017921146953405,-0.0018050541516245,0.0017921146953405,0.0799250674005281,-6.94657709001777,5.759445595574999,13.2383597136786,1.184551387307981,-8.316537861229815,1.0242744475234833
US6742152076,-2.16402792614217,Chord Energy Corp,10.813762284056994,-0.20011794871176813,7424.82236832,-16067.522951689525,10,101020,large,9.261009703424472e-05,-0.0018050541516245,,,,,0.0334200852113886,-1.4161081358784746,-1.0078240916779542,1.2406193255912523,0.4682853304972263,-1.2006752899678927,-0.9492134270537602
US44952J1043,-2.1753603966267803,Crescent Energy Co,13.123330108021463,-0.16576283448795667,3704.22602676,-8058.026598767876,10,101020,mid,4.620295473178294e-05,-0.0018050541516245,,,,,0.0175752253426896,-0.0532473454207741,-3.931149244154153,-1.8919308855344177,-0.3785858673827821,0.8960222934794932,0.5416208955293732
MHY1771G1026,-2.17813286785262,Costamare Inc,9.289358307350291,-0.23447613880166,645.4521204299999,-1405.8804781337506,20,203030,small,8.050749302640428e-06,-0.0018050541516245,,,,,-0.0056089852308093,0.9854952466612482,-3.0099627327879137,-1.9691507896440004,-0.533116395711634,-0.5996285703399332,0.1567532392185618
US63633D1046,-2.1819634744239003,"National Health Investors, Inc.",6.525417898270877,-0.334379116930133,3503.3278098,-7644.133319917081,60,601050,mid,4.369714348893672e-05,,,,,,-0.0149694200968215,-0.0213358075602165,-2.1223095591669328,-1.0087073979823478,-0.3379346903646962,0.4925218534212072,0.6437875866536173
US6078281002,-2.1833312376869,Modine Manufacturing Company,17.100211024473012,-0.12767861370612443,10957.06550498,-23922.903390404423,20,201020,large,0.0001366679025152,0.0018050541516245,0.0018083182640144,0.0017921146953405,,,-0.0232054305880458,1.5410085177588075,-6.926348114473855,-5.091523133912966,-3.71360181130102,2.815933183291869,3.1195124407568997
US8969452015,-2.19678268460614,Tripadvisor Inc,14.729271943475064,-0.1491440101748746,1133.8549759999999,-2490.83297813131,50,502030,mid,1.414261704066609e-05,,-0.0018083182640144,,,,-0.0448746065477515,-0.494765245078839,1.266353713579774,3.4394671707468207,1.269078305590583,-3.3463225283356177,-0.1885497159777785
US7757111049,-2.2048489091601198,Rollins Inc,7.529397307483293,-0.2928320580146264,10065.30628956,-22192.479592898857,20,202010,large,0.0001255449552749,0.0018050541516245,,,0.0018050541516245,,-0.0579671906023541,1.2050028137493205,-1.982588934562986,-0.819812152100648,0.0705236298129049,0.627198078902889,1.1219410806087395
US5255582018,-2.20557940965673,LeMaitre Vascular Inc,10.234316976268572,-0.21550821757534458,1717.33850541,-3787.726446942959,35,351010,mid,2.1420429706879462e-05,,,,,,0.0149929388045896,1.4915159007588228,0.8438670284538413,-1.2183880758660164,3.139959750302002,-1.7262985233556154,1.647304440188813
US45579U1097,-2.22669053358738,"Indivior Pharmaceuticals, Inc",9.767534707116273,-0.2279685304793536,4428.74600145,-9861.446797091678,35,352020,mid,5.52399204436605e-05,-0.0018050541516245,-0.0018083182640144,0.0017921146953405,-0.0018050541516245,,0.0205410465118564,0.8912159658776955,-0.0157920705933511,-0.9708774873423052,-0.8350494629053282,-0.6753479894759224,0.2468761106631451
US1049322076,-2.23877662566889,Brand Engagement Network Inc,91.99673738427552,-0.02433539155108724,185.29159679999998,-414.8264958487045,45,451020,small,2.311149264997281e-06,0.0018050541516245,0.0018083182640144,0.0017921146953405,-0.0018050541516245,0.0017921146953405,0.4416970595803717,10.536166636043877,-278.6681436707816,-113.40440318917776,-90.92755350419128,215.6372490005356,53.07282632845465
US7034811015,-2.24010410179853,Patterson-UTI Energy Inc,14.808131249784006,-0.15127527329494764,3906.9556132000002,-8751.987294674112,10,101010,mid,4.8731608717099606e-05,,-0.0018083182640144,0.0017921146953405,,,0.0753758415451185,-1.2546170359232025,-1.2081379888215031,-0.3146107890915046,-0.7644483877950194,1.5830395482348156,-0.1762800274706688
US9426222009,-2.24520117618732,"Watsco, Inc.",9.60493733389758,-0.23375490106151914,12949.98862896,-29075.329701353414,20,201070,large,0.0001615257098455,,,,,,-0.0196126771780065,1.8541679489931056,-1.5217922696550956,0.4829211179574255,2.310202962314892,2.150032918348388,3.359385010261025
US89055F1030,-2.24619382101273,TopBuild Corp,11.311447720711355,-0.19857704128357775,9884.4614019,-22202.41612498661,25,252010,large,0.0001232892699853,,0.0018083182640144,-0.0017921146953405,0.0018050541516245,,-0.0486197093781841,2.5222808052720262,-2.662200525343461,-1.200915069199224,0.1984440709121042,1.3819752817354831,2.092420714767879
US44107P1049,-2.24778465992991,"Host Hotels & Resorts, Inc.",7.242444638993374,-0.3103626982286922,15473.36054556,-34780.782471874474,60,601030,large,0.0001929998255156,,,,,-0.0017921146953405,0.0013154980644428,0.6723598284211364,-1.1553030454231412,0.1894384244412192,0.3146305662503574,-1.3773644821233788,0.6636380885139955
US03676B1026,-2.2601257202661698,Antero Midstream Corp,6.621819545052539,-0.3413149067094122,7448.993864599999,-16835.66262348735,10,101020,large,9.291158904373774e-05,,,,0.0018050541516245,,0.0261878572395866,-0.3419211597066677,-1.5779670503264274,-1.0591534411457628,0.1017953759831681,0.59993703128679,1.4935727773404637
US11120U1051,-2.2672062496514997,Brixmor Property Group Inc,5.770867425233656,-0.39287096420512607,9131.57257677,-20703.158415199196,60,601070,large,0.0001138984585029,,,,,,0.0017926953218295,0.8892407311457208,-0.571005904040442,-0.6221572272011369,0.9280984326577112,-0.137374977613867,1.225315558632384
US1439051079,-2.27141937161942,Carriage Services Inc,8.721724379227405,-0.2604323724135649,517.6010112499999,-1175.6889637230513,25,253020,small,6.456057464945368e-06,,,,,,-0.0108422963614076,1.3362477550177077,0.6721059968887426,0.654314214543317,2.541608426116361,-1.5784200405754107,1.0445728948630886
US0552981039,-2.28203761576634,BCB Bancorp Inc,7.71593324692063,-0.295756526493679,145.47762188,-331.9854053823923,40,401010,small,1.8145480134451217e-06,-0.0018050541516245,-0.0018083182640144,,,0.0017921146953405,-0.0118835325238615,-0.0233079969285151,0.7199602626620648,2.390631218003865,1.1241086613328306,-2.576597983573368,0.4470654191306504
US26875P1012,-2.29223024948235,"EOG Resources, Inc.",8.04561562791542,-0.28490427028717696,74588.59962698,-170974.24433149147,10,101020,large,0.0009303464926752,,,,0.0018050541516245,-0.0017921146953405,0.0226267247022828,-1.0476323764533442,-1.197052800803542,-0.1137415198022629,0.0933620245459125,-0.4253650611886823,-0.2292617568716435
US74965L1017,-2.29692905908736,RLJ Lodging Trust,7.93727256936583,-0.2893851809943424,1619.5823154,-3720.06568382625,60,601030,mid,2.0201112961855085e-05,-0.0018050541516245,,0.0017921146953405,,,0.0089824867531331,0.5087490905408212,-1.3582871711214248,-0.6018578275795323,-0.2917283904274177,-1.4539534669025755,0.7099473398166899
US02043Q1076,-2.30844027680495,Alnylam Pharmaceuticals Inc,10.469006572097538,-0.2205023237789828,29315.48934925,-67673.05634805524,35,352010,large,0.0003656532343217,0.0018050541516245,,-0.0017921146953405,0.0018050541516245,-0.0017921146953405,-0.0613398215721529,-0.5390979220134905,0.2930714195533049,-0.7636223655493889,-1.758233067982418,0.383169597201355,0.9903870609754096
US0021211018,-2.3113580812032497,A10 Networks Inc,9.137805552961858,-0.25294454645667785,1959.6953977599999,-4529.557794309392,45,451030,mid,2.444335661395509e-05,0.0018050541516245,,0.0017921146953405,,,0.0339257153112617,-0.6088191322976451,1.7783896213888863,2.919364339710276,1.2330346307668385,-3.1682544441493548,1.6199235695188683
US15189T1079,-2.32584929087743,"CenterPoint Energy, Inc.",4.743288088079391,-0.4903453569945805,26778.473670850002,-62282.69399812641,55,551030,large,0.0003340089394822,,,,,-0.0017921146953405,-0.0060094628700492,0.2365934898591335,-1.484132939858866,-1.2981725917827132,-0.4236059114424892,-0.0618280329509928,1.1947010502300386
US1749031043,-2.33347831119483,Citizens Community Bancorp Inc,6.225802147593544,-0.3748076562466393,189.82621859999998,-442.95536399922855,40,401010,small,2.367709778377836e-06,-0.0018050541516245,,,,0.0017921146953405,0.0142181440344698,-0.7498305499291607,-0.5317882150931494,1.6012711106336397,0.3866886292974431,-1.0804942009217509,0.6326435180444748
US65341D1028,-2.33861547893454,NexPoint Residential Trust Inc,7.7310765600659925,-0.3024954494713447,543.68686947,-1271.4745286360048,60,601060,small,6.781427385077529e-06,,,,-0.0018050541516245,,-0.0724018984472681,0.8325094993656227,-3.1175372465078954,-1.455689289780971,-1.8888316868466264,0.5909723693341753,0.5518612035980075
US0953061068,-2.40098073183993,Blue Bird Corp,10.414773178342376,-0.23053605592033377,2036.30366552,-4889.125865088542,20,201060,mid,2.539889450549448e-05,,0.0018083182640144,,0.0018050541516245,,-0.007717054139612,1.1641837082259063,-1.0454463857578236,0.2439856951992335,1.526665017080997,-1.999296878970542,2.069640678408497
US19249H1032,-2.40550395068585,Coherus Oncology Inc,21.093287523337896,-0.11404120614315659,178.0305354,-428.25315624741705,35,352010,small,2.2205817648649167e-06,,-0.0018083182640144,,-0.0018050541516245,0.0017921146953405,-0.0293445541189403,-0.3628866243105635,-5.990770361331689,-0.4714427206206606,-3.012900139398369,3.73382204490638,0.9950253688107424
US68752M1080,-2.42245722152316,Orthofix Medical Inc,11.325890736765977,-0.2138866847496071,409.82452254000003,-992.7823741843041,35,351010,small,5.111757146054143e-06,-0.0018050541516245,,,-0.0018050541516245,0.0017921146953405,-0.004296613688884,2.1086748141083915,2.302427098228178,-0.3910203297742661,3.559142922110853,-2.51079886238262,0.0185791895424691
US0255371017,-2.4344796805620397,American Electric Power Company Inc,6.150978733294068,-0.3957873675265154,68349.3097575,-166395.0057850745,55,551010,large,0.0008525235884259,,,,,-0.0017921146953405,0.0061417696786918,0.5138965599731934,-0.8599868051169466,-1.8858579236682556,-0.1209343328502729,-0.0179337215922053,1.5498102130737683
US9694571004,-2.43958994015697,"The Williams Companies, Inc.",7.258133949027196,-0.3361180652341015,91470.95298798,-223151.61672604713,10,101020,large,0.0011409207401615,0.0018050541516245,,,0.0018050541516245,-0.0017921146953405,0.0119233855230327,-0.0154441411762524,-2.797021644653794,-1.1637968894720978,-0.5884863176701368,1.6793690574373734,1.5439472015693507
US3534691098,-2.44009495256336,Franklin Covey Co.,21.028000347213194,-0.11604027545523328,192.590557,-469.93924604706604,20,202020,small,2.4021894783302287e-06,,-0.0018083182640144,,,0.0017921146953405,-0.0259425080634969,-0.9075606441559874,-1.127397228712565,6.95231447938903,0.4087977754148055,-0.5538112585925052,0.1062347118713522
US44916K1060,-2.4439264909868,Hyperfine Inc,22.46288174052057,-0.10879843998725351,90.13133932999999,-220.2743678567074,35,351010,small,1.1242116871095475e-06,,0.0018083182640144,-0.0017921146953405,-0.0018050541516245,0.0017921146953405,-0.076532462994621,-1.0324604124889154,-2.468296794002724,2.573522327111316,-2.4384343884792887,-1.0748433881634007,1.639508242035449
US6826801036,-2.4462522454067,"ONEOK, Inc.",8.294936225655523,-0.2949091082630211,59761.02838072999,-146190.54986417427,10,101020,large,0.0007454016221074,,,,,-0.0017921146953405,0.0251019663797151,-0.8540232358231085,-1.847018404809248,0.0058949349268606,-0.0017464205720453,1.0945829305862556,0.3282185546060582
US0042391096,-2.44653208606293,Acadia Realty Trust,6.601227309517188,-0.37061776111476896,2849.63713783,-6971.728691337627,60,601070,mid,3.5543634413780185e-05,-0.0018050541516245,-0.0018083182640144,,,,-0.0174704003367883,1.3098499921784943,-0.4180554023907907,-0.2455110287075933,0.5899759058296633,-1.4050509510985834,0.3159902427479596
US55262C1009,-2.45095042516419,MBIA Inc,11.431942729245591,-0.21439491810032285,236.45266625000002,-579.5337628766438,40,403010,small,2.9492832662033336e-06,-0.0018050541516245,-0.0018083182640144,,,0.0017921146953405,-0.0526861257245441,0.950887721370712,-1.4887694087680592,-0.6093656055235303,0.1631272110487832,0.1729473996819499,1.8953417218481183
US1266501006,-2.4523267738364702,CVS Health Corporation,8.277393786527243,-0.29626798447453556,122931.0912396,-301467.206383805,35,351020,large,0.0015333242633252,,,,,-0.0017921146953405,0.0035711667731321,1.0107486727041788,0.2623892418560866,-0.75622010628194,-0.1695956021384737,-1.7887935927962233,0.6377314840787685
US0889291045,-2.45582729414155,Bgc Group Inc,8.086642105588469,-0.30368937589613265,5044.3584246,-12388.07310056555,40,402030,mid,6.291847804615141e-05,,,,,,0.0227999340760305,0.9581118481812132,1.345840995253062,1.907753382116098,2.8407053357198317,-0.636530813468978,1.0106313135292555
US8294011080,-2.46648554697894,Sionna Therapeutics Inc,30.410877807216117,-0.08110537165729803,193.81882027999998,-478.0513189531286,35,352010,small,2.417509653804021e-06,-0.0018050541516245,-0.0018083182640144,,-0.0018050541516245,0.0017921146953405,-0.1007557459032468,0.0089986747644755,0.0856156523506794,-1.0933498924481408,-2.715212240403711,-12.406974734079965,-0.9813582436377302
VGG312491084,-2.46808825300706,Establishment Labs Holdings Inc,16.411529411822443,-0.1503874618308951,2123.88840736,-5241.94402890309,35,351010,mid,2.6491342383457253e-05,0.0018050541516245,,0.0017921146953405,-0.0018050541516245,,0.03095577626041,3.32152839317492,-1.896065059109567,-4.4911270099609535,0.146273470752267,-2.64237863330097,1.435916250440421
BMG1466R1732,-2.48119596349875,Borr Drilling Ltd,16.77541288517737,-0.1479067001499031,1258.4556343200002,-3122.4750401170436,10,101010,mid,1.569676587886341e-05,,,0.0017921146953405,-0.0018050541516245,,0.0654331362903229,0.8146047421214204,-1.6758476490582492,-2.9637791686527737,0.6273025526166054,3.677392132702473,1.50949444676403
US0684631080,-2.48330617291653,Barrett Business Services Inc,11.29723191558756,-0.2198154549248603,750.9107137000001,-1864.7412106403676,20,202020,small,9.366138421914337e-06,,,,,,-0.0311359344651207,-0.9894373825719156,0.6093900777392911,3.624700244104581,0.6915542078703735,-0.8698164318015233,-1.2414670328341058
US49456B1017,-2.48598940811826,Kinder Morgan Inc,6.183996952603059,-0.4020036599584385,63766.27109493,-158522.27453719356,10,101020,large,0.0007953591696429,,,,,-0.0017921146953405,0.0142766585573849,-0.291147896978297,-2.32321260585072,-1.0981985190797618,-0.4469471505212783,1.5101157201965427,0.9561785205769148
US04124A1007,-2.48883445552719,Arko Petroleum Corp,8.886451390616202,-0.2800706768232949,911.91506882,-2269.6056437936645,25,255040,small,,,,,,,,,,,,,
US04302A1043,-2.50927262654174,Arteris Inc,17.859160364421154,-0.14050339295573427,928.57564915,-2330.049458085322,45,451030,small,1.1582160044439729e-05,0.0018050541516245,0.0018083182640144,0.0017921146953405,-0.0018050541516245,,0.0583905381141422,1.6929745221469754,2.342440729890489,0.5944907843985618,-0.9141880188972636,-4.525314430577407,2.6212611669508474
US30226D1063,-2.5115196960576998,"Extreme Networks, Inc.",13.712605916741655,-0.1831540781749877,3091.92566265,-7765.43220049173,45,452010,mid,3.85657085700056e-05,0.0018050541516245,,,0.0018050541516245,,-0.0228162344144304,-1.1079079869010149,1.3059245030725803,2.350303786263553,-1.9603367229324264,-4.891173631179495,-0.4303047059310708
US21874A1060,-2.51958432146243,Core Scientific Inc,16.887268387722134,-0.14920022964130128,6013.660596799999,-15151.92495429368,45,451030,large,7.500862159032047e-05,-0.0018050541516245,0.0018083182640144,,0.0018050541516245,,-0.0253621344507429,0.9840928116292884,-0.6320621282804098,-0.2812715868448463,-3.238086595489302,-0.7123951995754587,1.595371134540411
US92047W1018,-2.52273441004672,Valvoline Inc,9.318656711017036,-0.270718676337138,4350.9691974,-10976.339711334338,25,255040,mid,5.4269807353707385e-05,0.0018050541516245,0.0018083182640144,,0.0018050541516245,,-0.0090372244862821,0.7999755790747831,-1.988650435093323,-1.583769182495435,0.7498848384333673,0.9521686322555992,1.9538604632835708
US0152711091,-2.52294637961872,"Alexandria Real Estate Equities, Inc",13.666161289151981,-0.18461265941749141,8285.54724558,-20903.99142639592,60,601050,large,0.0001033459517723,-0.0018050541516245,-0.0018083182640144,-0.0017921146953405,,,-0.0636707827735297,0.6483555443525777,-3.6616710213348576,0.1766273205874109,0.1156461175881842,1.93050587945116,1.5002339450948308
US8168511090,-2.5274308007008797,Sempra,6.260461608098127,-0.4037131698773712,56441.911185000004,-142653.0247793925,55,551030,large,0.000704002144744,,,,,-0.0017921146953405,-0.0005651620004751,-0.0208119974699816,-0.2370241703170335,-1.2552037286585476,-0.3156089549909517,-0.977943591590893,1.032819330514158
US5218652049,-2.53563563646766,Lear Corp,9.55442905219795,-0.26538850439046896,6125.92318419,-15533.109132095606,25,251010,large,7.640887719183674e-05,,,,,,-0.0019874065313118,1.2142062595039456,-0.4989575878561856,-1.3818211942057077,-0.0903351003194226,0.1886142929870325,0.5694080727135662
CA2943752097,-2.5388065571289102,Epsilon Energy Ltd,9.73956074283298,-0.26066951314997794,160.4617182,-407.38126233433144,10,101020,small,2.001445227321453e-06,,0.0018083182640144,,,0.0017921146953405,0.0124533087282809,-1.0826640419542557,-0.1220153463105736,1.3104945514602762,0.7853633363373453,-0.1758475352400257,-0.1808910667615458
US45781M1018,-2.54315400155601,Innoviva Inc,7.874828807193801,-0.3229472111486147,1515.83451136,-3855.000603261883,35,352020,mid,1.8907062582922152e-05,,0.0018083182640144,,0.0018050541516245,,-0.010611813498482,0.73778737544266,-2.970021710365755,-2.2666961989828347,-0.0865085005217859,0.2029048473784169,2.077305456460551
US78454L1008,-2.5628558728621,SM Energy Co,14.403793229822,-0.1779292323883055,7904.75620657,-20258.750867551058,10,101020,large,9.85963303911522e-05,-0.0018050541516245,0.0018083182640144,,,,0.0563238233578707,-2.040876101366333,0.8702718568140018,2.363162934938684,1.1987140400447325,-1.367807670651486,-1.280023719663111
US3665051054,-2.56499544409054,Garrett Motion Inc,14.34156826463657,-0.17885041557242415,5382.42042003,-13805.883855556842,25,251010,mid,,,,,,,0.0153518409584954,0.8161251583784889,-0.7644944983174753,-2.751019231047397,-4.247876504266763,-1.546193760920397,0.4394446471092886
US72815L1070,-2.56663849724926,Playtika Holding Corp,16.417563914588325,-0.15633491732403706,136.77419376,-351.0499111346455,50,502020,small,1.7059898173375764e-06,-0.0018050541516245,-0.0018083182640144,,0.0018050541516245,0.0017921146953405,-0.083541306313801,1.481814646796613,-0.4290067182710994,0.9402114694572524,-0.0500471802512961,-5.720793302243829,-0.1774380703269384
US36472T1097,-2.57352196843501,USA TODAY Co Inc,15.249148242956757,-0.16876496493000273,983.3990815999999,-2530.7991402364128,50,502010,small,1.2265974841223033e-05,0.0018050541516245,-0.0018083182640144,0.0017921146953405,-0.0018050541516245,,0.0445382943828425,-0.755688835970429,1.5674089730378282,0.5328077360375044,-0.4252027317505139,-2.8798400034327774,-0.2103221368551364
US5261071071,-2.58166679515719,Lennox International Inc,10.802712312520125,-0.23898320352057237,13157.885567250001,-33969.276263447355,20,201020,large,0.0001641188164107,0.0018050541516245,0.0018083182640144,,0.0018050541516245,,-0.0300348336595416,1.6424836493167967,-1.5459064599986447,-1.923097314424904,0.2662824996124102,1.9269798872361608,2.79274340183744
US96328L3042,-2.58291072346866,Wheels Up Experience Inc,38.24418958803087,-0.06753733707765698,157.4679606,-406.72568403648046,20,203020,small,1.964103972799866e-06,-0.0018050541516245,-0.0018083182640144,-0.0017921146953405,0.0018050541516245,0.0017921146953405,-0.1687200009912945,0.6668840185098278,-0.4496473841900541,0.5998889090551692,0.7089246184510734,3.4633499185556085,1.5595228995249548
US36467W1099,-2.59734544224194,GameStop Corp.,10.0769693369626,-0.2577506545261387,7663.723106089999,-19905.336280207106,25,255040,large,9.558991519135416e-05,,0.0018083182640144,,,,-0.0370760875367574,1.0559750091774052,-2.2775340233489243,0.7410386873110524,1.3060989071533164,-1.053309293606132,1.5443565588238697
US6931491061,-2.6240744056986998,PAMT Corp,16.112911503625444,-0.16285538495685753,68.64587858,-180.1318930384786,20,203040,small,8.562227028379716e-07,,-0.0018083182640144,,-0.0018050541516245,0.0017921146953405,0.0192719139619477,0.9496300345318098,3.926577492032081,4.526178246120675,2.5365480445296877,-2.2549656214146534,-1.569727854144168
CA17878Y2078,-2.6284359806399302,Civeo Corp,10.026163472407825,-0.2621577024824532,316.93047165,-833.0314550460434,20,202010,small,,,,,,,0.0068724785358241,0.9797828259962742,-2.2424926869129505,-0.3064308450494348,0.0128011958932734,1.2969367593151389,1.1193364923857154
US1124631045,-2.63526981454685,Brookdale Senior Living Inc,11.262535461371144,-0.23398548431527177,2895.6400125,-7630.792718735313,35,351020,mid,3.6117430051669216e-05,-0.0018050541516245,-0.0018083182640144,0.0017921146953405,0.0018050541516245,,0.0043820671224196,0.6391628195118708,-7.072353636872006,-4.076023616719688,-2.404205851485808,2.3971011854817577,2.330699267007261
US8322482071,-2.65318945270346,Smithfield Foods Inc,8.675914783399412,-0.30581091665170584,503.24208527999997,-1335.196592821391,30,302020,small,6.276958025063398e-06,,,,,0.0017921146953405,-0.0014578837278928,0.405933127416632,0.0469730924162585,1.3045218789210358,2.137428884274363,-0.9636318794122612,0.5715127049885795
US64361Q1013,-2.65665726254392,Viper Energy Inc,8.565740235596127,-0.3101491744407343,15146.1780327,-40238.20387035564,10,101020,large,0.0001889188653578,,,,,-0.0017921146953405,0.0091050161669278,0.2979831442514285,-0.9230402770421708,-0.2988353325016382,0.7730738792114368,0.5552381365689079,0.3644241518423227
US0003602069,-2.6721299479651397,Aaon Inc,19.31365279496162,-0.1383544571466161,5969.25752764,-15950.631806723193,20,201020,large,7.44547803885334e-05,0.0018050541516245,0.0018083182640144,,,,-0.083874713517874,1.4937391841854235,-5.756385063587016,-4.381720070994756,-5.871476747031472,0.9893275539252095,2.310160419712009
US1638511089,-2.67287801655083,Chemours Co,17.947014331866463,-0.1489316254573278,2375.6632147399996,-6349.857981407018,15,151010,mid,2.963173930954774e-05,-0.0018050541516245,-0.0018083182640144,,0.0018050541516245,,-0.0033042370900018,0.2389613185327592,-2.879073277154756,1.0637557956590684,1.4597686138023256,0.1257991074554891,3.2769752552823617
US87612G1013,-2.6771706213961197,Targa Resources Corp,8.519289864841527,-0.31424809624621447,58234.706547839996,-155904.24551550148,10,101020,large,0.0007263637507568,0.0018050541516245,,0.0017921146953405,0.0018050541516245,-0.0017921146953405,0.034065489208162,-0.1683742912002021,-2.7102591843443524,-1.2287308164411137,-0.4626832425577478,0.725286704375274,0.9851242193004384
US09257W1009,-2.684196756851,Blackstone Mortgage Trust Inc,5.8482418175556266,-0.45897499463743213,2285.25939686,-6134.085861614884,40,402040,mid,2.8504128986928357e-05,-0.0018050541516245,-0.0018083182640144,,,,-0.03315696660136,0.2636948936106859,-0.5577407565242108,0.1332092498157532,0.1823742665434448,0.1434710559718318,0.9859137936476836
US4622221004,-2.6921482867368,"Ionis Pharmaceuticals, Inc.",16.79007434039178,-0.1603416537745944,9432.15299035,-25392.754513210137,35,352010,large,0.0001176476096458,0.0018050541516245,,,-0.0018050541516245,,-0.0122574077324685,-0.7666277143633834,-1.602106668534812,-1.6789567942379908,-4.326522310321672,-0.4791747172773792,1.818374330843313
IL0011316309,-2.71385872956906,Mediwound Ltd,10.339142400936728,-0.26248392993631503,131.2801199,-356.27569940948786,35,352020,small,1.6374620212439122e-06,,,-0.0017921146953405,-0.0018050541516245,0.0017921146953405,-0.0110990323454664,0.9210375843579248,1.2709735352907134,1.0443221256244382,1.794460021187125,-0.3606236513047275,0.8495519568970296
CA92663R1055,-2.7155617160814103,Viemed Healthcare Inc,9.63697930545358,-0.2817855709770664,304.9793435,-828.190229404242,35,351020,small,3.804019166234411e-06,,,0.0017921146953405,,0.0017921146953405,0.019196306539196,0.0458267577162975,-0.9579766142162454,-0.1278288185680489,1.1231397269643806,-1.947756990647015,1.2789834118089851
US30049A1079,-2.7260423196214902,Evolution Petroleum Corp,9.920636610776393,-0.27478501900375013,121.3117464,-330.70095455358995,10,101020,small,1.513126112408227e-06,,,-0.0017921146953405,,0.0017921146953405,-0.019200823979056,0.3861164949388758,-1.2656991215024458,-0.2857376809628188,0.967371502633912,1.2533968161168634,1.1797361888681306
KYG4095J1094,-2.7541095985196997,Greenlight Capital Re Ltd,6.846198400855494,-0.40228305363974687,464.2447332,-1278.5808757683371,40,403010,small,5.79054254183015e-06,-0.0018050541516245,,,,0.0017921146953405,0.0375435211037819,-0.4291827547884006,1.6553243114835847,3.2049806836823755,2.968250288224008,-2.430445565953019,0.6231024341793161
US85529M1045,-2.75561157443929,Starfighters Space Inc,59.982410125357845,-0.0459403276507281,120.72065630000002,-332.65923777418743,20,201010,small,,,,,,,,,,,,,
US7495521053,-2.76725134994736,RF Industries Ltd,25.241415077109824,-0.10963138720605413,112.0321848,-310.02121462535206,45,452030,small,1.3973817810854964e-06,,,0.0017921146953405,,0.0017921146953405,0.0250665852374867,0.107466100791657,-7.842048109909919,-0.8593481491321331,-2.9801609797495,6.272711835597717,5.109186217214845
US18482P1030,-2.7704540574358503,Clearfield Inc,14.37336693099958,-0.19274913600519777,321.70397232,-891.2660754071744,45,452010,small,4.012626109410666e-06,,-0.0018083182640144,,,0.0017921146953405,-0.0617280970886353,0.1359666679794361,-0.645482559870263,-1.5057955247804018,-4.836694777651592,-0.5555947570985607,-0.2381193453817031
US4198701009,-2.77562112869541,"Hawaiian Electric Industries, Inc.",9.315098047540568,-0.2979701463720231,2022.2017835999998,-5612.865997045703,55,551010,mid,2.522300118600593e-05,,,,,,-0.013816080777211,0.872365655465695,-3.831770041571597,-1.808253363005685,0.0953529571004092,3.037182607731082,1.4175953285007816
US3936571013,-2.77867494584695,Greenbrier Companies Inc,6.847816922412635,-0.40577529705159854,1359.8103803000001,-3778.4710348422236,20,201060,mid,1.6960967551908e-05,-0.0018050541516245,,,,,-0.002779015005159,0.738633472721361,-2.085334997839478,-1.408856236837388,0.6713743485168185,1.0102050924355854,1.2072205600333012
US05614L2097,-2.77925869184452,Babcock & Wilcox Enterprises Inc,35.40384697877096,-0.078501601634168,1443.9508314,-4013.1128987645707,20,201040,mid,,,,,,,0.0089947795176903,-4.447746562980339,-18.23811854938732,-6.42419633477574,-14.743743766826592,2.335322380627847,1.5281398687117989
US4988941047,-2.77985661532145,Knife River Corp,14.700935072321192,-0.18909386386960803,3757.50758643,-10445.33232125797,15,151020,mid,4.686753768964986e-05,,,,,,-0.016123295410578,1.6686770404338231,-2.511641439170938,-1.9794426030260035,2.037696310387067,-1.2214815926646423,3.766833562615632
US4827381017,-2.78153033676942,KVH Industries Inc,16.328796492953195,-0.17034509175062648,107.58867196,-299.26115494947345,45,452010,small,,,,,,,0.0482971839913229,-2.4894559901965883,3.384478486690071,5.587552602483643,1.5581992094071473,-4.803959746450069,-0.7459232750231961
US8936172092,-2.79130391665864,Transcontinental Realty Investors Inc,15.830389185678927,-0.17632566602871727,68.10994218,-190.11554837042755,60,602010,small,8.495379473588431e-07,-0.0018050541516245,,,,0.0017921146953405,-0.0179723540424802,-1.2453086953450774,0.6419172139522833,3.7681694516024216,0.1965715523348594,-0.0871199350220026,-0.0476673302656993
US76665T1025,-2.81208781184072,Riley Exploration Permian Inc,11.077725890676266,-0.253850640428606,564.43937518,-1587.2530874666693,10,101020,small,7.040274192740844e-06,,,,,,0.0272165789296564,-1.763730026770054,-1.0947990180582814,1.372657640368076,-0.0636835707450449,-0.2012645811778064,0.0873612814397614
US65473P1057,-2.8512784808925598,NiSource Inc.,5.310907991624905,-0.5368721290952347,20328.3290013,-57961.72703391083,55,551030,large,0.0002535560351432,,,,,-0.0017921146953405,-0.0170544216035576,0.386976832510126,-1.9483460200178588,-1.1363584131018871,-0.3534862609514919,0.0632799416034851,1.4620142927059057
US65487K1007,-2.87591807498942,nLIGHT Inc,13.534875753927459,-0.21248204470254597,2903.4399449999996,-8350.055417471787,45,452030,mid,3.621471891190749e-05,0.0018050541516245,0.0018083182640144,0.0017921146953405,,,0.0415765550412314,1.0582179505537694,-0.4801768283784342,-0.7298674189561364,1.026958290375895,-3.4343561802531544,0.5669553510359382
US25525P1075,-2.89453996789416,Diversified Healthcare Trust,9.937867553159114,-0.29126368935899377,1823.7741974399999,-5278.987306904174,60,601050,mid,2.2748006216839204e-05,,-0.0018083182640144,0.0017921146953405,-0.0018050541516245,,0.0261883415643894,0.4976673961019953,-4.184235093702169,-1.8120308241602,-1.4806655937448423,-0.1370123926325612,2.0336998943411406
US08774B5084,-2.9118477934205402,Better Home & Finance Holding Co,33.593811982425095,-0.08667809997102739,155.4975675,-452.7852488071365,40,402010,small,1.939527183331448e-06,,0.0018083182640144,,-0.0018050541516245,0.0017921146953405,-0.0225190270894983,0.4781462223900221,9.17036659569708,4.03819719668267,1.0984454089412814,-16.000615399042065,2.15300648413766
US61225M1027,-2.91487814014668,Monte Rosa Therapeutics Inc,26.682082581196482,-0.10924477620052289,1311.0194406399999,-3821.461908828863,35,352010,mid,1.6352396271390348e-05,,0.0018083182640144,0.0017921146953405,-0.0018050541516245,,0.0492923394622838,0.5836038008623559,-1.0766681291693967,-3.091591605775749,-5.089400857644695,-3.2135796747503207,1.5905951897550483
US7587501039,-2.92245563157465,Regal Rexnord Corporation,13.260812912295458,-0.2203828416027906,11606.4066264,-33919.20840766801,20,201040,large,0.0001447671594779,,,,,,0.007349131166356,2.627134792609243,-2.439628621805185,-3.25881296136018,1.7332197981321733,-0.127138905983851,3.3354051882619165
US30054Y1073,-2.93169190138883,Evommune Inc,35.79035383023061,-0.08191290634608236,364.77820447999994,-1069.4173078771744,35,352010,small,,,,,,,,,,,,,
US2067041085,-2.93441111612226,Concrete Pumping Holdings Inc,13.252200147603482,-0.22142822198870252,203.8116762,-598.0672482367906,20,201030,small,2.542150932812804e-06,,,,,0.0017921146953405,0.0776869031356527,-0.4260164220841052,3.7837193623639047,3.165920261747748,3.822109181426159,-2.034277407856516,2.4186904726869374
US2810201077,-2.93947085714757,Edison International,7.199464313883209,-0.4082902184096102,27424.738277800003,-80614.21893249254,55,551010,large,0.0003420698229606,,,,,-0.0017921146953405,0.0185165133605268,0.7267782692761411,-1.5217898704204602,-2.425027330748629,0.010508290325079,0.5581383930913071,1.3853202996872105
US23918K1088,-2.93977649299965,DaVita Inc,14.984623414793662,-0.19618621113276277,5927.20965592,-17424.67161555416,35,351020,large,7.393031565565471e-05,-0.0018050541516245,,0.0017921146953405,-0.0018050541516245,,0.017683142693202,0.9502926129131504,-0.6918967396472824,-2.985994055270991,0.1173185654468425,-3.8674003418422593,1.351003123665563
US4891701009,-2.94463784189161,Kennametal Inc.,11.420537262938328,-0.2578370679151394,2347.30030508,-6911.949304622288,20,201060,mid,2.927796763859254e-05,,0.0018083182640144,0.0017921146953405,0.0018050541516245,,0.0166738379297055,1.8087418206889705,-4.38560500334672,-3.297011931343655,0.4798183820810554,1.117888247068311,2.3915331283066825
US7599101026,-2.96023256810889,KORU Medical Systems Inc,13.456400914717197,-0.21998694798631474,146.99795576,-435.1481360861818,35,351010,small,,,,,,,-0.0620822887961941,0.3932844524957457,-3.974026656582505,-2.569510099733212,-2.4220815510873948,-2.3690289064161307,-0.0175274848592004
US67098H1041,-2.9770773231666,"O-I Glass, Inc.",13.858513325389016,-0.21481938598078534,1023.9509934499998,-3048.3812826339063,15,151030,mid,1.2771780408690416e-05,,-0.0018083182640144,-0.0017921146953405,-0.0018050541516245,,-0.0644527549494644,0.9431129028500674,-3.339103600352709,-0.1358861437422747,0.4292243897012979,2.2389893362069726,1.902183582355661
US71722W1071,-2.98048807010204,Phathom Pharmaceuticals Inc,16.650934834287423,-0.17899824242688475,628.37029807,-1872.850177004098,35,352020,small,7.83768707060224e-06,-0.0018050541516245,0.0018083182640144,,0.0018050541516245,,0.0063959728775124,0.9043859482732466,2.660217228287,0.5432398038462762,1.6973795282326605,0.0192667347751637,0.7470927321720977
US9282981086,-2.98100144074964,Vishay Intertechnology Inc,18.28756591862458,-0.1630070100096647,5212.7521676999995,-15539.221722184508,45,452030,mid,6.501885972733353e-05,,,0.0017921146953405,,,-0.0107382894057097,1.1112682380355563,-4.258446408353018,0.9141063092682344,-5.747674998380525,1.958307696586076,1.9167632292280787
VGG1472N1252,-3.0224318906279,WeShop Holdings Ltd,118.73542454219157,-0.02545518241318037,8.4287574,-25.475345164125905,50,502030,small,,,,,,,,,,,,,
US8115431079,-3.02482493449164,Seaboard Corporation,12.245859388871246,-0.2470079753847681,1105.63439455,-3344.3504850664076,30,302020,mid,1.379062063498795e-05,-0.0018050541516245,,,,,-0.0378755077059419,0.4503972215303929,-6.830799592814357,-2.218081606312235,-1.7337795293441292,0.6989307745700696,1.293187130121267
US5006881065,-3.04547961198958,Kosmos Energy Ltd,22.904746532678754,-0.13296281657797526,1482.02299296,-4513.470809559457,10,101020,mid,1.8485330204076345e-05,,-0.0018083182640144,,-0.0018050541516245,,0.0480307623481086,0.5708056187552859,-9.05468117240586,-4.855183838097837,-1.3059041823433473,5.504181109327442,2.502636988447989
US25960R1059,-3.05804395619296,Douglas Dynamics Inc,9.17418205322093,-0.33333150993219307,944.9576443999999,-2889.722013315756,20,201060,small,1.178649330582391e-05,,,,,,0.0163544236407077,1.2430691049412497,-2.9172884147575235,-1.8786062769268783,0.921604677324138,1.6848145413469942,3.2376724870044797
US6151111019,-3.0593119097707797,Montrose Environmental Group Inc,18.05678318455873,-0.16942729380430024,572.64564666,-1751.9016469053277,20,202010,small,7.142631334818052e-06,,-0.0018083182640144,-0.0017921146953405,,,0.0125611992200563,2.658946451355523,1.7865575661082749,-1.9782753241431292,5.140015884724852,-0.8302837433064434,2.54800655295472
US4223471040,-3.06858149138941,Heartland Express Inc,12.033066450294772,-0.25501242796795487,634.86275776,-1948.1281080347746,20,203040,small,7.9186677718305e-06,,-0.0018083182640144,0.0017921146953405,,,0.0156485414973643,1.0997115921701963,-1.3359183088917683,1.092685123773536,0.48383155009989,1.6156651865999854,1.8567318746373316
US02209S1033,-3.06932565851619,Altria Group Inc,8.15459002423102,-0.37639239365753746,109566.1790981,-336294.2848113786,30,302030,large,0.0013666231964337,-0.0018050541516245,,,-0.0018050541516245,-0.0017921146953405,-0.0180819435293608,0.3774696659868892,-2.790298844368624,-1.1054387197571365,-0.2777293187630241,0.8463233328342552,1.4053826200826904
US9706461053,-3.0894973661752703,Willis Lease Finance Corp,14.992745937895952,-0.20606614551949404,498.27921857999996,-1539.4323334227818,20,201070,small,6.215055996455134e-06,,-0.0018083182640144,,,0.0017921146953405,0.0167303654184274,1.6697504790455349,-4.048011752577584,-0.9958952105309232,2.0359560585378715,2.899109337254292,2.917426823612192
US45784M1080,-3.09830344760745,Innventure Inc,36.41450094176616,-0.08508433089779913,74.2927788,-230.18157268837763,40,402030,small,9.26656708040338e-07,-0.0018050541516245,,,-0.0018050541516245,0.0017921146953405,-0.2023924767273344,1.2215084457034922,-8.791630804404756,4.316799744231719,-0.3900199815361409,-14.586996918225797,3.646977736465115
US82981J8514,-3.1047757477149203,Site Centers Corp,9.067524426010088,-0.342406107979032,146.95429574000002,-456.2601334360781,60,601070,small,1.8329666237065653e-06,-0.0018050541516245,-0.0018083182640144,-0.0017921146953405,0.0018050541516245,0.0017921146953405,-0.0687268422181019,1.6726993718311485,-0.7356117492207699,-0.7398199486623356,1.5473262991417505,0.9004729628543817,0.5292798520460101
US8618961085,-3.1333345287627696,StoneX Group Inc,13.928706858660995,-0.22495516350209022,7215.39395084,-22608.24300479299,40,402030,large,8.99978882698565e-05,,0.0018083182640144,0.0017921146953405,,,0.0178733645256225,1.6408087045106767,-1.1748016496273213,1.3319114988131426,2.1141936726885846,-0.4859980286787762,2.8491733867718434
US93148P1021,-3.16667436843812,Walker & Dunlop Inc,11.810697139457304,-0.2681191745962955,1401.0965976000002,-4436.816683325779,40,402010,mid,1.7475932139699888e-05,-0.0018050541516245,,-0.0017921146953405,,,-0.0686802635680624,0.0707061209594195,0.6895599276460708,3.42237190818212,0.8695588524205432,-0.8373078655986632,0.3167498773387849
US5771281012,-3.1720809084546198,Matthews International Corp,8.763612892915674,-0.3619604091617129,690.49274512,-2190.298854221574,25,253020,small,8.612542759251798e-06,,-0.0018083182640144,,,,-0.0082723583920797,0.8799376498798533,0.5269568174288747,1.0690069232383843,1.8453713643105452,-1.913712782868791,0.4042498358634355
US46571Y1073,-3.1833494599224,I3 Verticals Inc,11.812316056068193,-0.2694940979239256,419.793183,-1336.3484023821552,45,451030,small,5.236096634153025e-06,-0.0018050541516245,,-0.0017921146953405,,0.0017921146953405,-0.0122186910598917,-0.5371706359781969,4.971530637242796,3.036134006880156,2.9370737774750326,-3.13808453910534,-0.1769593864830519
US18467V1098,-3.18770831989513,Clear Secure Inc,18.35586353966663,-0.1736615830144172,5630.1121017,-17947.155188531346,45,451030,large,7.022460635244662e-05,0.0018050541516245,0.0018083182640144,,0.0018050541516245,,0.0147277449830214,2.182063728499001,-0.7237252087665677,-1.8671167442751289,2.544075758823637,-4.239175853100216,2.681759075901831
US6903701018,-3.19486387234472,"Neighborhood Intelligence, Inc.",19.93353787600593,-0.16027580714562412,407.68754466,-1302.5062076391584,25,255040,small,5.085102538171367e-06,,0.0018083182640144,-0.0017921146953405,-0.0018050541516245,0.0017921146953405,-0.0911759165181005,1.2139551619192526,-0.6732045477459006,2.523677276452828,0.6620932760689541,-0.51887658519927,1.6702276064930943
US4470111075,-3.2159124609728895,Huntsman Corp,19.068808297166147,-0.168647794390529,1704.7249696,-5482.24627226827,15,151010,mid,2.1263100586078783e-05,-0.0018050541516245,,,,,-0.0545032982425962,1.2640114917724563,-5.7339851204653725,-3.7522002579022953,-2.7972341206539437,1.583167155014139,1.0837377685309717
US00183L2016,-3.2265536143627,Angi Inc,19.846607348697624,-0.16257456791850286,81.66001797,-263.4804261300265,50,502030,small,1.018548567611191e-06,-0.0018050541516245,-0.0018083182640144,-0.0017921146953405,-0.0018050541516245,0.0017921146953405,-0.0899808111697637,0.6152417761683604,0.6402079171315916,5.176429013325234,3.2480868960752747,0.9286696794492568,-0.3293203899801997
US19046P2092,-3.24231904828816,Coastal Financial Corp (EVERETT),16.14021408949463,-0.2008845130746144,668.92798414,-2168.877944910122,40,401010,small,8.343564660139377e-06,,,,,,-0.0389175119842101,-1.1881949047205806,1.3033020798738268,3.769750572504238,0.1931355722137597,2.3180787087471315,1.3951023934850326
US0010841023,-3.28935637719575,AGCO Corporation,9.275032891174458,-0.3546463301845211,5889.057357560001,-19371.20837476154,20,201060,large,7.345444056020803e-05,,-0.0018083182640144,,,,-0.0129912401785321,1.417898986771733,-2.4668902747136148,-2.6264387935953053,0.1855929097606115,1.7902080013839252,2.2657071939087867
US23345M1071,-3.30696652709723,DT Midstream Inc,6.191681351430082,-0.5340983069701133,13915.766420789998,-46018.97375245615,10,101020,large,0.0001735718936568,,,,,,0.0026795005114784,0.0743393271369997,-2.113921261902707,-1.4417336106646037,-1.0413355536754525,-0.0147179474330204,1.189145283474962
US0341641035,-3.31274661242503,Andersons Inc,10.49681505948,-0.31559540619258464,2117.7307795799998,-7015.505466081862,30,301010,mid,2.641453805361365e-05,,,0.0017921146953405,,,0.029844689959509,-0.2014341403118998,-1.887961727557641,-1.1383221553667628,-0.6438981356193454,-0.2920908281566098,0.6615272313277326
US74319N1000,-3.3201685632581697,ProFrac Holding Corp,22.339661208888185,-0.14862215376557225,74.23313399999999,-246.46651785893116,10,101010,small,9.25912756139326e-07,,-0.0018083182640144,,-0.0018050541516245,0.0017921146953405,0.1014781587586158,-2.39557598614182,1.418280188281921,1.335729544114011,-1.0979795941686816,6.398510571236889,1.344478815641426
US5763231090,-3.3274410391714295,MasTec Inc,11.751311078693956,-0.2831548766677056,18759.102117650003,-62419.80624427629,20,201030,large,0.0002339830074324,0.0018050541516245,,0.0017921146953405,,-0.0017921146953405,0.0355380675887972,0.0315522685422369,-1.1100515080639566,-0.0095229002779778,-0.2329020377819821,0.6530343063761476,3.1491548228072848
US55405W1045,-3.3331784637738697,MYR Group Inc,12.83542113063393,-0.25968594484357577,5109.4844226000005,-17030.823438398387,20,201030,mid,6.373079714215648e-05,0.0018050541516245,,0.0017921146953405,0.0018050541516245,,-0.0115042436428149,-0.0131341315085236,-2.783257844349986,-1.1290610855359169,-4.016504533471493,-0.4469987985371072,1.7636141705332808
US88830M1027,-3.34216933323759,Titan International Inc,13.081696443292417,-0.25548439743465173,335.56101795999996,-1121.5017436559,20,201060,small,4.185465576493934e-06,-0.0018050541516245,,,-0.0018050541516245,0.0017921146953405,-0.0417678846218086,2.998958586417736,-4.891018978398568,-2.620972880457873,0.8360672958367985,3.691160632566925,2.6527094064787446
CA53626N1024,-3.36342323228676,Lionsgate Studios Corp,15.904044387786168,-0.21148225886930805,435.58894433999995,-1465.0699751204204,50,502020,small,5.433117777267344e-06,-0.0018050541516245,,0.0017921146953405,,0.0017921146953405,0.0184514692594938,-0.2673455752179908,-0.8295125633939655,2.70664779271413,-0.6231976678075948,-1.883915044975347,0.776168151567631
US0123481089,-3.3679533601089195,Albany International Corp,10.861582420048716,-0.31007943685003253,1820.49520729,-6131.342950454539,20,201060,mid,2.2707107245671692e-05,,,,,,0.0088196459131969,0.7532724594116856,0.2423269390250186,-0.312356411873385,0.5675064591959289,0.9563011082930406,0.743920434461971
US7820111000,-3.3732954643144497,Rush Street Interactive Inc,13.695036377821868,-0.24631518830992377,5683.50739099,-19172.14970342422,25,253010,large,7.089060786426964e-05,0.0018050541516245,0.0018083182640144,,,,0.0150855115690187,-0.3034461059763627,0.0608493816311659,2.212717756552486,1.7161012693050683,-1.810660766301492,1.8475927801065684
US7374461041,-3.3976470300128097,Post Holdings Inc,8.320360273979032,-0.4083533546784698,3169.8225975,-10769.938334063365,30,302020,mid,3.9537320056080926e-05,,-0.0018083182640144,-0.0017921146953405,,,-0.0330311053350975,1.4189865306340468,-0.5489144821763658,-0.54802488755652,1.474274109982366,-0.5847713806736197,0.7813437361922063
US3439281078,-3.40414850068702,Flyexclusive Inc,32.196284045803395,-0.10573109914933589,121.46576974000001,-413.48751794521587,20,203020,small,1.51504725149484e-06,-0.0018050541516245,,-0.0017921146953405,,0.0017921146953405,-0.0719918830588533,-3.141201910525935,4.616864693276236,7.071602269689282,-1.3609632193808436,-1.230592992825871,-1.3282328775883605
US4202611095,-3.40720584215198,Hawkins Inc,11.907325456636196,-0.2861436730322236,2520.80327872,-8588.89565817065,15,151010,mid,3.1442076950229325e-05,,,,,,0.0131333370050591,-0.0311188624007812,2.710483748665636,3.273879400598503,3.3209442717842377,-0.6688894224974591,1.8180683367230657
US75134P5017,-3.40783430261843,Ramaco Resources Inc,16.923484898868118,-0.2013671724814996,419.94080901,-1431.0886940136127,15,151040,small,5.237937979094719e-06,,0.0018083182640144,-0.0017921146953405,-0.0018050541516245,0.0017921146953405,-0.10819763573141,-0.6309238215830142,-4.860450329031064,-1.6674069259551936,-4.410061735941225,4.146737246063944,0.9330769236080976
US7391281067,-3.5155900873757395,Powell Industries Inc,16.56083939624499,-0.2122833271466219,6079.376673000001,-21372.596369022103,20,201040,large,7.582830075457353e-05,0.0018050541516245,0.0018083182640144,0.0017921146953405,0.0018050541516245,,0.0531377274119306,1.1442282150127416,-0.8649254794923573,-0.8130609184225152,-1.2008052249524908,0.8321270701285228,2.858086273925439
US92922P1066,-3.5169349445937996,W&T Offshore Inc,20.252802862339802,-0.17365176407921096,367.89646916,-1293.867948381479,10,101020,small,4.58878691197198e-06,-0.0018050541516245,-0.0018083182640144,0.0017921146953405,0.0018050541516245,0.0017921146953405,0.065996121033742,-0.3570202141986969,-1.3524831755956863,0.385635651651915,0.4059705012365588,0.0770847623753068,1.1100781273122615
US2026081057,-3.55357599333082,Commercial Vehicle Group Inc,30.386238349360273,-0.11694688735322299,123.82758180000002,-440.03072199668844,20,201060,small,1.5445062248147287e-06,-0.0018050541516245,,0.0017921146953405,-0.0018050541516245,0.0017921146953405,0.0402761589080647,-5.224102171212808,0.5617900838719134,6.327519308993723,-1.633200346611864,-12.102259146128318,-0.3894726990255062
US00486H1059,-3.5885113956957397,ADTRAN Holdings Inc,16.965815694580932,-0.2115142272140767,674.7312186000001,-2421.2806669777738,45,452010,small,8.415948628373582e-06,,-0.0018083182640144,,,,0.0106128828989901,-1.0167166642970296,3.1308601458292697,3.70786959270272,0.8654601332931717,-1.6235954988806245,1.93199844926608
US8592411016,-3.5937464123527505,Sterling Infrastructure Inc,21.047778149655226,-0.17074231716052263,17082.000634049997,-61388.378494424585,20,201030,large,0.0002130644556573,0.0018050541516245,0.0018083182640144,0.0017921146953405,0.0018050541516245,-0.0017921146953405,-0.0235279100544971,-0.2399416837059835,-3.224808076021739,-2.9805859454189965,-7.303872562971846,-1.9242069599223024,1.1061697677316418
US5773451019,-3.6088010787350298,Maui Land & Pineapple Company Inc,9.952122906453596,-0.3626162088889448,103.4752362,-373.421544020922,60,602010,small,1.2906506297054596e-06,0.0018050541516245,,,-0.0018050541516245,0.0017921146953405,-0.0188442127939614,-0.4512060860741649,-0.312290371931181,1.6952439711535334,0.2341057941537243,-0.6907578789735107,0.8373538757195488
US98422X1019,-3.64959881246449,Xponential Fitness Inc,23.816814689516125,-0.15323622659208913,186.42504504000001,-680.3766229916231,25,253010,small,2.3252868088040634e-06,-0.0018050541516245,-0.0018083182640144,,,0.0017921146953405,0.022743817919011,-3.2262565024007706,5.025793862805588,10.91392820746036,4.679559441854753,-4.249348325122343,-1.1203485937500974
US6295791031,-3.65988691713545,NACCO Industries Inc,10.669685146946103,-0.34301733057071415,214.54405518000004,-785.2069807024683,10,101020,small,2.6760163115977497e-06,-0.0018050541516245,,,,0.0017921146953405,-0.0166897714380066,0.7870005020224626,-2.151388267004079,-2.38213582748976,-0.7520610518384727,-1.0934097637736029,1.4578393088742918
US83191H1077,-3.6765296529725195,Smart Sand Inc,20.968837507731347,-0.17533302223439706,111.10389576,-408.4767673224078,10,101010,small,,,,,,,0.1101910393653306,-0.3821543071407892,-3.604055790943572,-1.16603507113348,0.3470194641638451,4.327276953068577,1.7479282902737243
US45784P1012,-3.6967348508880997,Insulet Corp,8.958854176031142,-0.4126347832269091,9880.161024109999,-36524.33559021369,35,351010,large,0.0001232356312065,0.0018050541516245,-0.0018083182640144,-0.0017921146953405,0.0018050541516245,,-0.0562991335130974,0.9262372239876734,0.0593020227309395,-1.235119663040364,1.5569311467653164,-1.052856389230555,0.4930888843942919
US9134561094,-3.70585620296596,Universal Corporation,6.371283986039959,-0.5816498230318747,1077.43076694,-3992.8034909309704,30,302030,mid,1.3438835695212911e-05,-0.0018050541516245,-0.0018083182640144,,,,-0.0365387092422998,0.0516562617762264,-1.7994820576081452,0.4619982103317316,0.1304444169308465,-0.6918213498490458,0.4763844292149167
KYG114481008,-3.73804206520311,Bitdeer Technologies Group,30.845343375074858,-0.12118659272970529,1163.9149077700001,-4350.762885561258,45,451030,mid,1.4517555734141175e-05,,0.0018083182640144,,-0.0018050541516245,,-0.0949079132699692,-1.5222558158160098,-0.195094939983651,2.908049446430893,-6.403983436967039,-2.4774690488101485,0.3662357681846238
US8803451033,-3.74338335406346,Tennant Co,11.06890806986989,-0.3381890363922285,1154.26964873,-4320.873789156559,20,201060,mid,1.4397250044482374e-05,,,,,,-0.0336590220385818,-0.559849784473433,1.182555600375074,3.9589235470724295,0.5731487873712244,-2.9293139388753557,-0.0092489449017459
US18452B2097,-3.7846545281979402,CleanSpark Inc,28.472847070142873,-0.13292153464226608,3030.37708064,-11468.93034039143,45,451030,mid,3.779801072223122e-05,,-0.0018083182640144,,-0.0018050541516245,,-0.0792544271236697,1.2797239780328669,-0.6723425348696915,-0.7792114017945637,-5.903470487124631,-5.400325537876471,0.476023661656467
US88032L6056,-3.8081425455469304,Tenax Therapeutics Inc,31.491455726309265,-0.12092621499124445,63.60191824,-242.20517082814135,35,352010,small,7.933091901164577e-07,-0.0018050541516245,,,-0.0018050541516245,0.0017921146953405,-0.0159814095420827,-1.995650526928262,1.102277765163038,3.4862490724011264,1.7983130939659642,-11.728165370098516,0.1134397335072885
US88339J1051,-3.9280877436461497,Trade Desk Inc,15.303167296999,-0.2566846240004486,6608.07899147,-25957.114095438916,50,502010,large,8.242282525453346e-05,,-0.0018083182640144,-0.0017921146953405,,,-0.098229691541455,0.7956479147294564,4.343629795242793,2.7475921206013054,2.028147813565915,-3.29483985039431,-0.9943603496946908
US6988131024,-3.9301889742718603,Papa John's International Inc,15.5729419749272,-0.2523729286733076,789.35301496,-3102.306516204043,25,253010,small,9.845630734767312e-06,-0.0018050541516245,-0.0018083182640144,-0.0017921146953405,,,-0.056673711173063,-0.2892377512207733,2.856231028558177,2.61755901921692,1.1193066055962713,-3.332597392117922,1.0270356175361608
US10948C1071,-3.9400393171103603,Brightview Holdings Inc,8.682785608577749,-0.45377595333207166,676.2940906399999,-2664.6253070509974,20,202010,small,8.435442391873439e-06,-0.0018050541516245,,,,,-0.0262365805863537,1.0879054359367542,-1.878972721710328,-0.7710556940775566,0.707654475909127,0.9299665721737757,1.7435837103150864
US8965221091,-3.95341224252867,Trinity Industries Inc,10.520530171067753,-0.3757807047976394,2335.17538488,-9231.910955036192,20,201060,mid,2.912673303922413e-05,,-0.0018083182640144,,0.0018050541516245,,0.0061891646976713,0.6007378722824039,-0.8786237108152404,-1.4504556637808572,0.4250621889394245,0.7804930792532425,1.982934064868734
US20369C1062,-3.9838333217162,Community Healthcare Trust Inc,7.635756570166353,-0.5217339349556305,409.8999983,-1632.9732717989536,60,601050,small,5.112698558132519e-06,-0.0018050541516245,,,,0.0017921146953405,-0.0274497226727014,1.0498764649123986,-2.0162248691097857,-0.4056880070731983,0.3128079095656485,-0.8233227426581144,0.8379433208965734
US92337F1075,-3.99088190628583,Veracyte Inc,15.1415838839972,-0.26357096700456173,3291.24578388,-13134.973248026216,35,352010,mid,4.105183616367683e-05,,,0.0017921146953405,,,-0.0507467766281955,0.5290695624717857,-3.7441029941762,-2.788405160243215,-4.595797643825412,-3.20428457361006,1.5925022045026846
US3570231007,-4.02878049309374,FreightCar America Inc,17.509765321274113,-0.23008763505235733,228.59809119000002,-920.9715305447361,20,201060,small,,,,,,,0.0613534913017519,2.198877728826891,2.2875916164810355,0.473901254411865,4.9157139788885225,2.9298525727883256,3.1542357060887456
US22284P1057,-4.0307103882684405,Covenant Logistics Group Inc,13.177856879832143,-0.30586994721707605,653.16331528,-2632.712160134951,20,203040,small,8.146931334732606e-06,,,0.0017921146953405,,,0.0190351165735115,1.5429612677435345,-1.625235659120643,-0.0988805113243169,0.9161806517949778,1.3540285427864198,2.706810863163642
US3989051095,-4.04720258391361,Group 1 Automotive Inc,9.054591789154285,-0.44697791774129514,3026.4078164,-12248.485534510426,25,255040,mid,3.774850193559824e-05,-0.0018050541516245,,-0.0017921146953405,,,-0.0460609348617418,0.0527988423589966,1.2984585947909044,1.924473692684384,1.3055280300094176,-1.7059429440448712,-0.1524924724941009
US05601U1051,-4.08850894304659,BRC Inc,20.08874787520778,-0.20352233839782324,167.69616939999997,-685.6272883065558,30,302020,small,2.0916808173983507e-06,,-0.0018083182640144,-0.0017921146953405,,0.0017921146953405,-0.1159723175981924,-0.3038928347995848,2.6748383700599696,7.2012973184413775,-1.0449901483460642,-8.980030756704462,-0.8117017356184414
US27923Q1094,-4.1074145322601705,Ecovyst Inc,8.944923238156706,-0.45918946679598244,1033.15163418,-4243.582036259276,15,151010,mid,1.288654035694428e-05,,-0.0018083182640144,,,,-0.001643019356435,-0.1178158641256655,-1.3449765375734426,0.8264184336746925,0.61138519991301,-1.8396102473879383,0.4576790604418645
US7672921050,-4.11295884623416,Riot Platforms Inc,23.851110946530568,-0.17244307216777421,6637.70981205,-27300.627290206332,45,451030,large,8.279241162751211e-05,,-0.0018083182640144,0.0017921146953405,-0.0018050541516245,,-0.053696632070902,1.7247401954977295,-2.3266709652613464,-1.0042566083529916,-4.117343183666611,-1.83639254179192,2.62163445478862
US6293775085,-4.1457473946426004,NRG Energy Inc,11.803012563391759,-0.35124485146284234,25763.98430958,-106810.97082705412,55,551010,large,0.0003213551743782,,0.0018083182640144,,,-0.0017921146953405,-0.0049833025553156,1.4621421594516777,0.7624905624585707,-1.0967628268951943,1.7787670900081711,-1.3193126030026303,2.321501185823182
US0396971071,-4.16848842640396,Ardelyx Inc,17.296968558080657,-0.24099531732435042,987.0003561999999,-4114.2995616762855,35,352010,mid,1.2310893678820546e-05,0.0018050541516245,0.0018083182640144,,-0.0018050541516245,,-0.0815839782716575,1.1905552683967715,-5.68447070442083,-2.5320280983851315,-2.503362079595697,3.309109004761944,0.9240185017847616
CA74935Q1072,-4.1996392820237896,RB Global Inc,8.655824716653512,-0.48518072159476916,15586.676603550002,-65458.41934046973,20,202010,large,0.0001944132210967,,,,,-0.0017921146953405,-0.0429836728725971,0.4814026856198911,-1.213238236898902,1.5591140740160987,0.9056117972680346,-0.9457919550637468,0.6351919382924355
US88262P1021,-4.20055255376905,Texas Pacific Land Corp,13.30503282181399,-0.3157115514124942,24519.5201656,-102995.5330488028,10,101020,large,0.0003058329249004,0.0018050541516245,0.0018083182640144,,0.0018050541516245,-0.0017921146953405,0.0471211604173791,0.9802315958613698,-2.1095377376994624,-4.569638353609733,1.1593396983473612,1.4082910234473085,2.725670739140869
US51655R2004,-4.203354377880101,Lanzatech Global Inc,44.00444802935911,-0.09552112493436311,78.82539192,-331.3310562150467,20,202010,small,9.83192167077437e-07,-0.0018050541516245,0.0018083182640144,-0.0017921146953405,0.0018050541516245,0.0017921146953405,0.109878355418937,-6.199084810398216,10.91777023658186,17.119357678015973,8.773893097045505,-6.625407918013339,1.2132055085312063
US29271Q1031,-4.20385692691034,Energy Services Of America Corp,19.70968401754868,-0.2132889052491862,166.4734932,-699.8307475357814,10,101010,small,2.07643032978984e-06,,,0.0017921146953405,,0.0017921146953405,0.0612187786672777,2.327932424943058,-0.5665832572985507,-4.901875020468959,2.476893814307341,-0.1578221158252284,6.184389522695923
US0231398845,-4.2133205390807,Octave Specialty Group Inc,15.187981333069915,-0.2774114904860151,206.59264025,-870.441014388235,40,403010,small,2.576838005141717e-06,-0.0018050541516245,-0.0018083182640144,-0.0017921146953405,-0.0018050541516245,0.0017921146953405,-0.0781364551900412,-0.0809057577602907,0.3040878319899314,0.3033830305147382,-1.3288642673996036,-3.460470545080156,0.7795003157868466
US01625V1044,-4.215461348032941,Alignment Healthcare Inc,16.314082935761885,-0.2583940123776301,1819.0691650000003,-7668.215754456057,35,351020,mid,2.268932016494431e-05,0.0018050541516245,0.0018083182640144,,,,-0.0134924027448443,0.5577853627723293,-4.14187879798011,1.2890640051666384,1.3446277261335773,1.9418213626982093,4.456616308873068
US03957W1062,-4.23004973910771,Archrock Inc,9.731416227138887,-0.43467976709402123,5660.4167128,-23943.84423922056,10,101010,large,7.060259694068356e-05,,,,0.0018050541516245,,0.0476829993820728,0.0046814867271682,-1.1759481952063022,-0.1782126410290051,1.5507043792751156,1.2278741353307614,2.883564758066358
US46590V1008,-4.23934098120786,JBG SMITH Properties,8.820631928108178,-0.48061647008516556,856.2533843999998,-3629.9500627848465,60,601040,small,1.0680081634481845e-05,-0.0018050541516245,-0.0018083182640144,-0.0017921146953405,-0.0018050541516245,,-0.0673284696270133,-0.1407310964101173,-0.3038347696080439,1.5475225756766728,0.468597564898804,-1.924434343165736,0.4970688448163497
US74347M1080,-4.2718161381928,ProPetro Holding Corp,23.52828202031827,-0.18156090336318634,1134.7680758400002,-4847.520579479304,10,101010,mid,1.415400617034348e-05,,0.0018083182640144,0.0017921146953405,,,0.0923205399551549,-0.9287889708415846,1.6442528050706682,-3.638202471507596,-3.891698522610116,-0.0299970652213972,1.429267911520972
US6102361010,-4.28792402451842,"Monro, Inc.",17.377286268367403,-0.24675452532101666,353.55901081,-1516.0341765371668,25,255040,small,4.409955238545916e-06,-0.0018050541516245,-0.0018083182640144,,,0.0017921146953405,-0.0548403184332935,1.9394936517002344,-2.957753055724204,-1.4385655407469982,0.3938244212459998,-0.3928159930783706,2.771957914298714
US19459J1043,-4.30497187015872,Collegium Pharmaceutical Inc,11.887824448238701,-0.36213286029779357,905.0476160000001,-3896.2045280342118,35,352020,small,1.1288693975494643e-05,,0.0018083182640144,,,,-0.0595893120620143,1.3711950365383463,-2.763581180277604,-2.519411007377734,-1.183354312528988,-1.2285332549695092,0.1164143970583347
US00773T1016,-4.376072452351,AdvanSix Inc,15.147037365615077,-0.2889061634115339,443.6385422,-1941.3944033225766,15,151010,small,5.533520723212828e-06,-0.0018050541516245,,,,0.0017921146953405,0.0339851733026145,-2.084001600402796,4.679115140317617,3.912693807869711,2.5804874186888505,-3.619636532025104,-0.4283946113049383
US19239V3024,-4.37719618258446,Cogent Communications Holdings Inc,25.365752001182724,-0.17256323338572283,521.12747575,-2281.077197492776,50,501010,small,6.500043193267475e-06,-0.0018050541516245,-0.0018083182640144,-0.0017921146953405,0.0018050541516245,,-0.0264742097418093,1.3489009898892144,6.789117983088866,7.406896416441712,6.066045502784789,-0.750225888502853,-0.3876337631417729
US9037311076,-4.38131157881472,UL Solutions Inc,11.430704506908945,-0.3832932236299668,15441.014367780002,-67651.89503819897,20,202020,large,0.000192596370387,0.0018050541516245,,,0.0018050541516245,-0.0017921146953405,-0.0255157878778444,0.6297318116019324,-0.6034405158736541,-2.6983939510859325,-1.882560573441852,-5.150272666157461,1.1979573110329749
US44812J1043,-4.4045457334519105,Hut 8 Corp,24.951180556466415,-0.17652654644873775,4933.36325535,-21729.22407792027,45,451030,mid,6.153403100019456e-05,0.0018050541516245,0.0018083182640144,0.0017921146953405,-0.0018050541516245,,0.0325032692717614,1.4493352504639574,2.8382661626404566,0.6918680681771681,-4.06263386735537,-6.431772149186672,-0.0176269731362945
US6806652052,-4.49074765928602,Olin Corp,15.938976833752784,-0.28174629439050936,2166.98145762,-9731.366908523223,15,151010,mid,2.7028843668755096e-05,,-0.0018083182640144,,,,-0.0118172507788963,-0.7691036720429546,-0.9306734128698614,-0.5463429081413639,-0.342689839562785,-0.1125755459624546,1.115223184421945
US21077P1084,-4.50428406670217,Context Therapeutics Inc,34.60872569663817,-0.13014879849042546,47.38881779999999,-213.45269695639215,35,352020,small,5.910825602403147e-07,-0.0018050541516245,-0.0018083182640144,-0.0017921146953405,-0.0018050541516245,0.0017921146953405,-0.0823884688453838,-0.3401035303495577,-19.45739971601411,-8.919313045188268,-12.479448175968898,10.925921611721852,-0.8037564621576001
US40445M1009,-4.5238441663386695,HMH Holding Inc,14.059707099899725,-0.3217594886006504,860.331768,-3892.0068497826337,10,101010,small,,,,,,,,,,,,,
US00489Q1022,-4.5541375236711295,Acres Commercial Realty Corp,9.920144389709495,-0.4590797618223472,185.7040074,-845.7215883964411,40,402040,small,,,,,,,-0.0491998966408723,0.0787138805262431,1.3839465561175397,1.3730203955925646,0.3780740563832956,-3.7326443806179928,-0.1175238295674098
US74158E1047,-4.560423584892391,Primeenergy Resources Corp,17.493609310869136,-0.26069083308376545,99.81609493,-455.2036734706298,10,101020,small,1.245010018891307e-06,,-0.0018083182640144,,,0.0017921146953405,0.0366436338469015,-0.6736867864831488,-3.05804122206824,0.5236237536135949,1.2780141682751,-0.7504046871790213,0.9934715684772688
US6390271012,-4.5679462585401005,Nature's Sunshine Products Inc,14.538050197550072,-0.31420625162718746,207.56760047999998,-948.1576440067623,30,303020,small,2.588998721860016e-06,,,,,0.0017921146953405,-0.0582694166235558,2.690464659052825,-8.093679785816764,-3.346444422710047,0.2952722647486852,-0.7767204166506883,2.504535544058797
US17253J1060,-4.61624409551475,Cipher Mining Inc,31.74720944503197,-0.1454062947960024,5228.00862463,-24133.763944748425,45,451030,mid,6.520915410564951e-05,0.0018050541516245,0.0018083182640144,0.0017921146953405,-0.0018050541516245,,-0.0178520450591813,0.934059772150412,-0.6627314612226689,-4.022435897357052,-6.568709721492756,-7.557626761219313,1.260609725890618
US0462241011,-4.6181585040066695,"Astec Industries, Inc.",12.717147676329928,-0.3631442066684748,985.80826074,-4552.618802656455,20,201060,small,1.229602462596674e-05,,0.0018083182640144,,,,0.0122635403108553,1.676418240763928,-0.3642925899522836,-1.1071135656024451,2.796165018839053,-0.1976156385046286,3.647806349673889
US5021601043,-4.6514610103471,LSB Industries Inc,14.087891880493888,-0.33017438306632085,544.65067746,-2533.4213904643243,15,151010,small,6.7934489994742745e-06,,,,,,0.0401461545866197,-1.9106564105077428,-0.5725433640425953,-0.6253097764306088,-0.267502217632971,-2.218058375405205,0.6289395520187204
US29402E1029,-4.66519678148344,Envela Corp,20.851162676562296,-0.22373796866144754,108.39959883,-505.70545957581203,25,255040,small,,,,,,,-0.0027990746938078,-2.1315913364141346,-3.3674791814420457,-0.6487768862182938,-5.3834171333502265,-4.794803663197554,0.46886559147681
US5657881067,-4.68650833340349,MARA Holdings Inc,20.908256361269874,-0.2241463014622637,3528.4788403499997,-16536.245489538156,45,451030,mid,4.4010853267326174e-05,,-0.0018083182640144,-0.0017921146953405,-0.0018050541516245,,-0.0830236163112374,1.3071836283281062,1.94416287995687,1.9989018695517675,-0.618963931407872,-3.737293179153062,1.7100282147804364
US36166F1003,-4.68792907549567,GBank Financial Holdings Inc,13.456583829331912,-0.34837438200898974,200.08929600000002,-938.0044284138595,40,401010,small,2.495721540374915e-06,,,,,0.0017921146953405,-0.0565299074948937,0.1922096357024792,0.5585985755400951,1.7860895556899572,0.1686680539264535,0.8550842982948572,1.3935617796883195
US28657F1030,-4.71943859250001,Elicio Therapeutics Inc,31.231474944080773,-0.15111161419529673,58.78670084999999,-277.4402247172431,35,352010,small,,,,,,,-0.0878947235310703,3.82027891690721,-2.9519742315891726,-6.443274290142014,-0.6040893768977463,0.31137243910182,3.755315425535003
US1747401008,-4.7561340521761695,Citizens Inc,14.545066089852426,-0.3269929488663069,183.112319,-870.9067357688455,40,403010,small,,,,,,,-0.0651082721989911,1.2379676472490608,-3.176246892318852,-0.3612774040428836,-0.1196971275416858,-1.3434141897277705,3.3237488947086598
US34379V1035,-4.7767499531940105,Fluence Energy Inc,38.967628228129705,-0.12258251708903856,1763.69996453,-8424.753723016955,20,201040,mid,2.199869798250474e-05,0.0018050541516245,0.0018083182640144,0.0017921146953405,-0.0018050541516245,,-0.009174699916922,-2.6697042165962697,-4.732665896964015,-4.034660912568908,-12.367885906427109,1.9368760897447053,-1.2965830471606137
US6267171022,-4.81272413916102,Murphy Oil Corp,12.038924181088356,-0.3997636389073043,4636.210811280001,-22312.803685686555,10,101020,mid,5.7827637053761015e-05,-0.0018050541516245,,0.0017921146953405,,,0.0307015802749498,-1.4372100624360975,0.7902634201050875,1.2279505827155348,0.3645663960866587,-5.10637818387063,-0.5587749190756648
US6420451089,-4.83945364582688,Atlas Energy Solutions Inc,19.066353546132614,-0.2538216672693823,965.1083428599999,-4670.597088471764,10,101010,small,1.203783374834424e-05,,,,,,0.0360482107464387,-3.0709461193570573,1.3285881064384273,6.017878101362024,-0.418626560358919,2.4150061796272477,1.1155677691755015
US68628V3087,-4.9167529572488196,Orion Group Holdings Inc,15.71453666284896,-0.3128792825863336,378.73430928,-1862.143035164029,20,201030,small,4.723967711641661e-06,,,0.0017921146953405,,0.0017921146953405,0.0081296538627932,0.5982617885570551,-2.013688698857922,-3.047841654168165,-2.8034401573935863,2.330514744772778,3.336241102346497
US14154A1025,-4.95404556639701,Cardinal Infrastructure Group Inc,26.866699483573317,-0.1843935303413798,916.9740579200001,-4542.731266139652,20,201030,small,,,,,,,,,,,,,
US6907321029,-5.142259721683,"Accendra Health, Inc.",28.626409272156604,-0.1796334172684593,70.46740983,-362.36172326013764,35,351020,small,8.78942732684501e-07,-0.0018050541516245,-0.0018083182640144,,0.0018050541516245,0.0017921146953405,-0.0852779362472553,2.799728383862388,6.03243177957794,6.592735409534354,7.949610773895149,-10.58651011464826,3.1270742867732166
US1559231055,-5.15515312971959,Centuri Holdings Inc,12.04435296936801,-0.4280141193827941,448.1469895,-2310.2663554953374,20,201030,small,5.589754761040894e-06,,,,,0.0017921146953405,0.0019223153352359,1.4088978604984144,-1.0635060968661103,0.2877654377543668,2.070323822562916,-0.9824105236146896,1.7977506999603732
US5786051079,-5.233615445687541,Mayville Engineering Company Inc,17.30770501499356,-0.3023864481832624,424.21039369999994,-2220.1540686895123,20,201060,small,5.291192674334827e-06,,0.0018083182640144,0.0017921146953405,,0.0017921146953405,0.0430705114475138,0.7118737375475059,0.7976416304563427,-1.2338580413452065,-0.939729637467276,0.2748594515395259,2.578213519350955
US68621F1021,-5.2719400085575305,Organogenesis Holdings Inc,17.797569969387645,-0.29621684407620963,122.52381317000001,-645.9381926519511,35,352010,small,1.528244268185344e-06,-0.0018050541516245,-0.0018083182640144,-0.0017921146953405,-0.0018050541516245,0.0017921146953405,-0.1216236464204657,1.7528178941892971,-0.956053161396749,-1.749478487470961,-1.2660960435955966,-2.6600437967830217,-1.026644294267077
US9139151040,-5.3004188395789,"Universal Technical Institute, Inc.",18.741373726267557,-0.28281912078568355,1303.3953378,-6908.541203894425,25,253020,mid,1.6257300541312808e-05,,,,,,0.0346139399181173,-0.6191760273957849,3.162846745814401,1.3234540420748997,2.304363625057248,-4.083229499996347,1.5570207734531958
US98878K1088,-5.32946189567818,Z Squared Inc (Delaware),28.881719075731482,-0.18452717034272315,205.45841563999997,-1094.9827972997896,35,352010,small,2.5626907776418493e-06,0.0018050541516245,0.0018083182640144,-0.0017921146953405,-0.0018050541516245,0.0017921146953405,-0.1153357483674566,1.145984846658216,-2.753407477241389,3.518951548167065,1.8029316122090504,-5.010835699968158,6.210243725799764
US92835K1034,-5.42639191197051,Vishay Precision Group Inc,21.439076939432397,-0.253107534774031,920.5340652199999,-4995.1786062031415,45,452030,small,1.1481857056553591e-05,,-0.0018083182640144,0.0017921146953405,,,-0.0309257679208356,0.214896927457568,-4.226875427010794,-0.4505605841525004,-8.478800900322863,-2.0525476373638,0.0975733834221069
US12685J1051,-5.57070057423086,Cable One Inc,23.052240086361692,-0.24165549870039016,177.06887299999997,-986.397672499511,50,502010,small,2.208586912495359e-06,-0.0018050541516245,-0.0018083182640144,-0.0017921146953405,-0.0018050541516245,0.0017921146953405,-0.0344964990651264,0.3745385020319217,6.71070840113587,3.747061841060677,6.554377559427421,-3.942442871252,2.70358018194114
US92333E1047,-5.6508923036717995,Venu Holding Corp,23.648713209161517,-0.23895136507819134,86.0900319,-486.4854986865697,25,253010,small,1.0738043029767746e-06,-0.0018050541516245,0.0018083182640144,-0.0017921146953405,-0.0018050541516245,0.0017921146953405,-0.150783450948052,3.001054335290986,4.173027210580785,0.3377127734876195,1.1298635216494273,-2.217782468238835,1.4214605510383762
US91823B1098,-5.695387954795899,UWM Holdings Corp,18.1683263908552,-0.31347895410237686,1881.6676954,-10716.827527309719,40,402010,mid,2.347011405966166e-05,,0.0018083182640144,-0.0017921146953405,,,-0.1601109066456391,1.9317607221116424,-4.416601183191183,-1.8468022653035407,-1.5096990269026127,-0.2493849970207344,1.3722028650149831
US0412421085,-5.7858579004956,Arko Corp.,17.409376615441477,-0.33234147484429494,362.7982626,-2099.0991939502874,25,255040,small,4.525196784046932e-06,-0.0018050541516245,,,,0.0017921146953405,-0.0542545481337366,2.689472367843165,-4.091696893638759,-2.762308294037957,-0.1476011417263325,-3.2341814409985643,1.936713048089698
US90328M1071,-5.78606866282766,USANA Health Sciences Inc,14.93625530317115,-0.3873841565629376,144.00020978,-833.1951012486671,30,303020,small,1.7961201950875596e-06,-0.0018050541516245,-0.0018083182640144,,,0.0017921146953405,-0.0790270863280756,2.101702478158117,-2.3244281475925783,0.9019255677399622,2.9986243616546604,-1.5750125978675276,1.494455714292942
US90466Y2028,-5.84066368057553,Unicycive Therapeutics Inc,16.707245220656585,-0.34958867266485216,149.86078812,-875.2864623149089,35,352010,small,1.8692194157584776e-06,,0.0018083182640144,,-0.0018050541516245,0.0017921146953405,-0.0238362609833672,1.3882508291592628,-4.267715822593609,-4.7430595718207735,-3.139608603775965,0.2448715645202861,2.4562305271854403
US67080T1088,-6.0158525836145404,Nuvectis Pharma Inc,32.588980502226896,-0.1845977533173663,290.396862,-1746.984712536255,35,352010,small,,,,,,,0.2500892081985733,-1.1858374976243058,3.4916852731692507,3.479740622423936,6.279192908517988,1.49844932057841,5.991447454048554
US92511U1025,-6.12752603482442,Verra Mobility Corp,21.791885522083717,-0.2811838392145937,709.98410448,-4350.446084512701,20,202020,small,8.855659239635338e-06,,-0.0018083182640144,-0.0017921146953405,0.0018050541516245,,-0.0216573290700302,2.1406508831279485,4.586616591970811,3.4297633195795942,7.970277185246494,-1.0576440200846988,0.2488510871841411
US62855J1043,-6.402274397393009,"Myriad Genetics, Inc.",22.998570098137822,-0.27837706301190424,282.36901762,-1807.8039321255417,35,352010,small,3.521999695619589e-06,-0.0018050541516245,-0.0018083182640144,,-0.0018050541516245,0.0017921146953405,-0.0370850437381354,-1.5179655184610308,1.3411647426013196,2.540170346292004,-0.2092001502403759,-0.730041316895963,3.475836604027489
US45782B3024,-6.6950146247106606,Inseego Corp,24.84299207068773,-0.26949308705089975,74.36747886,-497.8913585705609,45,452010,small,9.27588444782564e-07,-0.0018050541516245,,,,0.0017921146953405,-0.079266037102858,1.378759874662267,3.3314878161078094,1.4948858472387587,1.5473105112010617,-4.871657538052277,2.470149468498864
US04216R1023,-7.14005359679666,"Armata Pharmaceuticals, Inc.",31.94497996256395,-0.2235109743428867,134.35023315,-959.2678654331274,35,352010,small,,,,,,,0.0386896145767061,5.372357403077265,-2.7346187505148323,-8.647287593923288,-0.2604950982475189,-4.08094879498011,6.580121140079141
US29089Q1058,-7.142982991066179,Emergent BioSolutions Inc,19.66163232168139,-0.3632955226809641,230.13522056,-1643.8519661053435,35,352010,small,,,,,,,-0.0650804501613464,-1.2386446857090554,3.3051107865906197,0.7896183633932762,-3.032878039427243,-5.037973093819734,-1.4847672751269387
US8256901005,-7.2355353009004695,Shutterstock Inc,16.765026539950625,-0.43158507883410596,142.96039437,-1034.3949800947876,50,502030,small,1.783150537196661e-06,-0.0018050541516245,-0.0018083182640144,-0.0017921146953405,-0.0018050541516245,0.0017921146953405,-0.1040595014973671,-1.033208842355856,-1.5612454172075936,-0.4328321858234354,-3.13762654604848,2.685925795751957,2.927893128268122
US88675P1030,-7.474514094138921,Tigo Energy Inc,34.97566557666521,-0.21370612884421303,42.26089056,-315.8796221215825,20,201040,small,5.271217251222618e-07,,-0.0018083182640144,,0.0018050541516245,0.0017921146953405,-0.0826266871495508,1.1796961433648283,-13.868842202273148,-3.5585717591468424,-4.720911710786868,0.9359124457112138,4.677218151458316
US88556E1029,-7.48544235809849,ThredUp Inc,21.720353718740625,-0.34462801366075113,383.316318,-2869.292203307551,25,255040,small,4.781119283911122e-06,0.0018050541516245,,,-0.0018050541516245,0.0017921146953405,-0.1078559858722717,2.3328547117184977,1.0105365309623586,0.8919571990106565,2.3245350369639617,-5.397710446332807,3.104996571964965
US53263P1057,-7.7439053911267095,Limbach Holdings Inc,16.99441128577718,-0.45567364828975715,485.57384063999996,-3760.2378823221975,20,201030,small,6.056581325209041e-06,,,-0.0017921146953405,,0.0017921146953405,-0.0406950113737824,1.5066950196115418,1.6071228628006176,1.5846894846414492,4.123648353053984,-1.024331458599418,2.1689635006117856
US9870841007,-8.07965073904674,York Space Systems Inc,28.77891966033159,-0.28074892436576077,1371.30268536,-11079.646755225702,20,201010,mid,,,,,,,,,,,,,
US00791N2018,-8.09319502181772,Advantage Solutions Inc,27.732090213182566,-0.2918350171084683,135.97406779000002,-1100.4646485343335,50,502010,small,1.696009815117256e-06,-0.0018050541516245,-0.0018083182640144,,-0.0018050541516245,0.0017921146953405,0.0147813017077636,-6.79703384451466,1.846499838517158,13.22533847742842,0.0415942068766903,-5.142173273207569,-1.335180756773841
US70532Y4026,-8.21116512049718,PEDEVCO Corp,19.36535751487626,-0.42401309215125266,,,10,101020,,,,,,,,0.1048871058026253,-3.848741244979403,3.917559800891224,5.117747439771007,2.4692210937690326,2.870584906484164,1.3858933266624196
US02156K1034,-8.60385055616071,Optimum Communications Inc,32.26829660063957,-0.26663479211946306,267.13548226,-2298.3937676129603,50,502010,small,,,,,,,0.138354195532158,-2.5637523185407027,3.7305680847128726,5.354997268757644,7.37273164291371,3.885959386599461,7.567086751241002
US14070B3096,-8.77982617671123,Capricor Therapeutics Inc,116.7092070280358,-0.07522822235097654,321.63613716000003,-2823.909376413652,35,352010,small,4.0117799988320844e-06,,0.0018083182640144,,-0.0018050541516245,0.0017921146953405,0.8722400066764434,-3.792582875692035,36.153199399596886,30.665382969980044,27.76247842528499,20.295372785485508,-4.427915573973924
US63909J1088,-8.97649668280428,Nautilus Biotechnology Inc,25.43570535200285,-0.35290928867822635,66.20008215,-594.2448178208458,35,352030,small,8.257161892175576e-07,-0.0018050541516245,-0.0018083182640144,0.0017921146953405,-0.0018050541516245,0.0017921146953405,-0.0227261969911296,-3.450072545384308,-5.881808126213139,-8.64809078154003,-11.109405844564993,-6.190165604270121,1.5951926566741357
US8860292064,-9.239137305214031,Thryv Holdings Inc,26.560118457921522,-0.34785753383786094,89.77714324,-829.4633532642277,45,451030,small,1.119793785557585e-06,-0.0018050541516245,-0.0018083182640144,-0.0017921146953405,,0.0017921146953405,-0.1302244461482855,-1.2434439457923523,4.630874024362479,10.972970309228144,3.1764381119381144,-7.392034508800613,-1.7616769068145777
US56565P1030,-9.31209620440597,MapLight Therapeutics Inc,28.206012780568784,-0.33014578405144535,252.55319068,-2351.799608341845,35,352010,small,,,,,,,,,,,,,
US78574H1041,-9.62162708781819,Sable Offshore Corp,39.83533347204318,-0.2415349954223614,602.14295964,-5793.595011211239,10,101020,small,7.510552462329872e-06,,,-0.0017921146953405,-0.0018050541516245,,0.1171459932762436,-10.405447921108188,10.152027003076224,17.95579034229293,4.682502061142171,-0.768149034812839,-4.175405416100618
US00653Q1022,-9.62325953531991,Adapthealth Corp,17.088358967003188,-0.5631470847435947,628.5472736,-6048.673544070532,35,351020,small,7.839894493243881e-06,-0.0018050541516245,,,-0.0018050541516245,,-0.0324625799786678,-0.6203173439368874,1.4072573109861668,3.5609252646546574,2.6428371915594115,-6.964019548810237,0.1387626198026489
US48576U2050,-10.03526885649455,Karyopharm Therapeutics Inc,33.150081860564036,-0.3027222948861763,43.41023456,-435.6333749330914,35,352010,small,5.414575373593176e-07,-0.0018050541516245,,,0.0018050541516245,0.0017921146953405,-0.0190730062679388,3.91491578314352,0.5897742738412357,0.2688127981573114,3.533681709612465,2.2028356837094707,7.090344139410531
US53838J1051,-10.243064562212071,LiveWire Group Inc,44.51929959445877,-0.23008144008372955,45.98226912,-470.9993513131704,25,251020,small,5.735386240656285e-07,0.0018050541516245,,-0.0017921146953405,-0.0018050541516245,0.0017921146953405,-0.0177490388443335,2.7570441445529,13.021606038319556,8.52604627795624,8.609054038685992,-11.261352659046969,-2.072730822025384
US1266381052,-10.583011691627691,CVRx Inc,30.567180600533412,-0.3462213878974174,74.15795024,-784.8144544170646,35,351010,small,9.24974986188262e-07,,-0.0018083182640144,-0.0017921146953405,-0.0018050541516245,0.0017921146953405,-0.0550286582857614,-0.5341107236151224,1.231772369043206,-3.723831738926645,-0.5703508935787176,-6.126532322899527,2.0453961142286534
US19200A3032,-11.10635644619961,GD Culture Group Ltd,56.15816271951419,-0.19776922727460072,7.5849291,-84.24092620375201,50,502010,small,9.460711450095021e-08,-0.0018050541516245,0.0018083182640144,-0.0017921146953405,-0.0018050541516245,0.0017921146953405,-0.1840334245589255,4.7103056035997,1.3154265173334032,3.258268821572464,5.819628886811379,-0.1616376449365064,2.732741966162056
