,em_hsd,eu_hsd,us_hsd,usd,jpy,eur
2010-08-06,5.395099354251718,4.390084694946807,5.475478414638346,-0.0421679571173319,-0.03498476864741773,0.05127799319458726
2010-08-13,3.2219911382087814,3.8721865327303475,4.952996281201727,0.005576433507091805,-0.004849045182594991,-0.013956545271785248
2010-08-20,5.229379736120933,2.9780438052723452,4.99960094127796,0.0072762551540139775,-0.02109415194649289,-0.015417990237855395
2010-08-27,6.197920120091185,3.1467162831465116,4.938964017489786,0.016924208977189048,-0.014513590206266858,-0.021689147762109173
2010-09-03,6.289706548180279,2.550638534677964,5.542620157915878,0.02101728640716316,-0.014033331076287237,-0.0292811441475348
2010-09-10,6.502106696608773,5.505724337527653,6.094176477296826,-0.003013863773357328,-0.02349312877697407,-0.005685159772593651
2010-09-17,5.120704173635795,3.328226856408681,5.331111061668699,-0.01998555261256918,0.002744685821069792,0.02675480012590503
2010-09-24,4.585437000869464,10.379589696026432,5.281286541526688,-0.04245055475156767,-0.011852490758669454,0.056874265569917704
2010-10-01,5.287139913731254,-0.4635664320461075,5.633254533682984,-0.04884287454323988,-0.012987783181117374,0.06947890818858515
2010-10-08,5.882648089379082,0.6098857652836486,6.387629011232284,-0.06493349455864583,-0.026672329808720474,0.09960567823343824
2010-10-15,5.677468477172929,3.073433298028052,6.292915796213899,-0.05356265356265366,-0.05124931570671476,0.0713519313304718
2010-10-22,5.382101807724549,2.055208139561427,5.518180070479858,-0.02430730478589449,-0.033667719692146325,0.03417092876732619
2010-10-29,3.8982032262392705,2.826805136885592,4.072943374654364,-0.010500704315533627,-0.03388824130264967,0.011455916473317673
2010-11-05,3.785300712881335,0.767569530452208,4.0373925554302,-0.010086641665589147,-0.007995118461411876,0.006526572473642744
2010-11-12,3.2336067022113317,3.647597312684301,5.012386337686223,0.013499480789200158,0.01295193824221208,-0.02042349238142893
2010-11-19,2.10788688380084,0.4568705551196647,4.422472215338076,0.013295469213889355,0.025746589652205998,-0.019029529816513846
2010-11-26,2.6990858544340495,0.3497311082762984,4.332905243076421,0.03998964669341287,0.0462715400549214,-0.050681003584229334
2010-12-03,2.1097750026791204,-0.17069538141072654,4.466703810362172,0.03696930111038532,0.0168575140713072,-0.04414279606669502
2010-12-10,3.6884969376064163,3.9257078265726952,5.558800971186203,0.025486680327868827,0.017270757153164285,-0.03355606674699685
2010-12-17,0.22538409476853544,1.7703855439328193,5.2695356821242,0.02382165605095521,0.0061102258431680045,-0.036824608190552666
2010-12-24,5.163817633560292,0.2414432027047912,6.138306354610734,0.0017421602787455193,-0.01462283952004284,-0.00943894887865282
2010-12-31,4.636429504324866,0.14276039187697795,5.994090331357488,-0.0044091710758377145,-0.017727613746370108,-0.0026091170002610076
2011-01-07,4.166352020477611,0.14421095854650506,5.875776411246134,0.011739727738229178,-0.010663132185619872,-0.023802327338673157
2011-01-14,4.784591468683922,0.1421689379640483,5.517481340172211,-0.0150553689187507,-0.012205896065007105,0.0147164801820594
2011-01-21,4.358317543623015,0.21404872132216185,4.644543534785262,-0.02844720496894404,-0.0035590279977111283,0.0381155663973165
2011-01-28,4.117569830469725,0.30087442701475486,3.752512816756295,-0.01138808047576867,0.011703235195963835,0.01748944280429021
2011-02-04,2.8298481152020907,0.27720113692174697,3.5366842712527293,-0.036662140476484306,-0.010356455967781342,0.05162938307918541
2011-02-11,3.0877190939781562,0.24897284093114597,4.07343775474075,-0.008842849924204033,0.005907052441229466,0.01289575000934473
2011-02-18,3.3895368185778763,0.2017495498696849,3.8294435127266886,-0.007032348804500543,0.005690761593413196,0.005764429431634799
2011-02-25,2.814493729448124,0.26902752471654695,2.475689932860921,-0.010879303724561362,-0.005296925418569409,0.010100268116208122
2011-03-04,3.5236701493811067,0.1383083517050039,3.018658891277173,-0.021014864172219205,0.0012169629127478654,0.029368467540114906
2011-03-11,2.6055919352425896,0.10499225574544331,2.7648354466559004,-0.021412184552638047,-0.01827660813478027,0.026607129677467034
2011-03-18,1.7026729456602254,-0.005827214918514301,0.34749200536222996,-0.024980685037342076,-0.029496869732723363,0.03522797795057131
2011-03-25,3.974210751662843,0.5360980604029155,3.5923282301926007,-0.013716356107660421,-0.004467989284856033,0.02421642062395457
2011-04-01,4.325075202696591,-0.11902303270637549,4.0091938666934,-0.0074607329842932835,0.021633446767136633,0.017590275294958824
2011-04-08,3.2733683306477666,-0.2557571940489058,4.6607514347150945,-0.02227142485022149,0.0342428168519584,0.041087026852151265
2011-04-15,1.4484573968781584,-0.5293609742803159,4.677357039780813,-0.011753829899630364,0.03126163394884429,0.017843289371606064
2011-04-22,5.29105511224285,-0.2653896190524697,5.8039340523539105,-0.029126213592232997,0.006393974792499257,0.0335132064754331
2011-04-29,4.965626438843771,-1.1220454477032027,5.328426951176219,-0.03824343927205587,-0.033666428741375265,0.0401236736701569
2011-05-06,3.5301830906978835,-1.020150740523027,4.0985993753149,-0.003063807113360739,-0.048276681807918,-0.011774048753539157
2011-05-13,3.3889639509054548,-0.5573137418777151,4.384306768830024,0.012428170519845017,-0.02814868617210231,-0.021549334811530096
2011-05-20,3.691058241034753,-0.2719910991287044,4.120582867741147,0.019459459459459483,-0.0016494595454161765,-0.027548777136575886
2011-05-27,3.6296897159406507,-0.08970060320311392,4.141852374965483,0.02769779240367476,-0.00535516434814709,-0.03229293338738015
2011-06-03,3.485746512861776,-0.14128627038316457,3.5420861248447695,-0.014163548904329137,-0.004340692588452488,0.022815415254533677
2011-06-10,2.627528673655001,-0.1315755035416412,2.964052820137277,-0.012671594508975703,-0.005693774686690856,0.016075348771333875
2011-06-17,0.8175602446195469,-0.08299199840733987,1.8190965683935771,-0.005965005302226989,-0.020254561284366757,0.01102084069233511
2011-06-24,1.8831630923800986,-0.06650798014065126,2.8415133952864466,0.00960640426951298,-0.00451773005755296,-0.009145490086567953
2011-07-01,2.4174250611425117,-0.08406673741268696,3.8903266009295008,0.007725670913526939,0.0069131788739413835,-0.007651841224294742
2011-07-08,3.641804303032054,-0.16373367990727483,4.145785599918776,0.005080213903743358,0.003859206256592751,-0.005436297741845619
2011-07-15,0.7106822656943514,-0.5169326778077139,2.4025912362103314,0.0018669155887451883,-0.011616889840346034,-0.011040458388652086
2011-07-22,0.9501874265130027,-0.11584209303557629,2.9305539302035255,-0.0194264569842737,-0.023560863304844526,0.01148453462974719
2011-07-29,1.054664985497834,-0.11197712969076004,0.25286410990630304,-0.006052454606590318,-0.050473192363851394,-0.008881239242684913
2011-08-05,-2.2785923103820633,-0.23252185478922022,-2.4361196206239817,-0.007714817770684057,-0.027777901785714265,0.0008409250175194227
2011-08-12,-14.475704664375044,-0.9402299831551169,-8.435916776983124,-0.006921336350326324,-0.030711026856240053,0.006818342400904287
2011-08-19,-12.4344714808502,-0.21266922272354444,-4.619559544233173,-0.002560646900269803,-0.025338896713426595,0.0028907773753135135
2011-08-26,-4.654990921066774,-0.13474329110987743,-4.131980800327218,-0.0012178619756428866,-0.0016285586122805062,0.0071547652125592
2011-09-02,-1.6366049309300323,-0.1837957362066454,-0.6992368411807817,0.002144772117962601,-0.020408165868388894,-0.005356392662092091
2011-09-09,-1.88871981704589,-0.1671084866143644,-1.8819459824100797,0.03457981503819885,0.011539215273383086,-0.04186111793396252
2011-09-16,-2.936465140146025,-0.16658203699954655,-0.0570086426339266,0.03499527090933663,0.003266052648768447,-0.04153498871331818
2011-09-23,-4.416755286546016,-0.3806540506083159,-1.9143728274154477,0.06354152553854497,-0.00026099442267990547,-0.06900475894889302
2011-09-30,-7.346296687234053,-0.1434690440314412,-2.7680756534645865,0.0506955591225251,0.0034505212826196896,-0.057688923304353934
2011-10-07,-11.966488668818792,-0.17541376547778922,-1.5434193725945122,0.01995077082523644,-0.0109563045831792,-0.020178715300666616
2011-10-14,0.7926273340665616,-0.04057623008310144,2.251867799172041,0.00026109660574413773,0.00559919265577169,0.0056161455125185444
2011-10-21,-2.5369802849648364,0.0318483099412191,0.27561938965781185,-0.026751592356687892,-0.004177000936822939,0.029447716412934755
2011-10-28,4.866450792090594,-0.04204000747124466,1.971526932044479,-0.04430299172501595,-0.016155195763990604,0.05696249813237708
2011-11-04,1.296258459344746,0.008510568350094855,0.44255010077888957,-0.022481900165121305,0.01961410139450037,0.03128387217342543
2011-11-11,2.9165650280876934,0.08181219244651242,1.5730114129398722,0.004306969459671128,-0.001359534005766716,-0.008971679757872608
2011-11-18,1.0787499003434349,0.09144040528910999,1.3561831055946647,0.02172774869109939,0.008651331583606314,-0.027741796200345337
2011-11-25,2.1412966537962164,0.14157552501637832,1.739345068558341,0.06154256027707472,0.025323137077702285,-0.06467116655475835
2011-12-02,9.587128928832794,-0.36894095201090665,3.1626839788458128,0.021699584199584177,-0.0028119131861585878,-0.02848651783125533
2011-12-09,10.892523828653804,0.450735179370632,2.828457881243846,0.02183235867446376,0.005251426348547916,-0.027485911652426864
2011-12-16,5.576069511213644,-1.4668370709693228,4.907541626342452,0.02818344862925959,0.010786224821312418,-0.03515784019836432
2011-12-23,9.441444671068883,0.5365678894177535,5.4260066332863675,0.003011670222110796,0.004244919506678491,-0.014433067593607407
2011-12-30,9.03100357484393,0.5483178527397513,5.214772620599386,0.019712577896477068,-0.013523168621419002,-0.03398492874729553
2012-01-06,4.582678742400127,0.5159380314954631,5.208751681603205,0.03332061554114185,-0.006901000567687943,-0.04889902426258952
2012-01-13,6.557455193555559,0.6314348560913523,5.4546786046588,0.015698978320458412,-0.010863975314991059,-0.027463465152851918
2012-01-20,12.417011385571548,0.6901675800891767,5.391059766829712,0.003628174652821059,-0.014153838113723283,-0.008050603795284661
2012-01-27,10.492186727960943,0.5533249282708972,5.599922752963964,-0.015964080818159143,-0.0037032229344104994,0.02154856149835882
2012-02-03,8.274562992192271,0.4694558550226283,5.181774984151884,-0.028676923076922822,-0.005520198145239408,0.03325340985024172
2012-02-10,5.422424598270702,0.4098644526528389,4.775068742686262,-0.029563297350343243,0.009423409371547287,0.039203312956024305
2012-02-17,5.680424110822782,0.6221170741523032,5.246761692548205,-0.011094490152081637,0.03306684856753095,0.01654106280193246
2012-02-24,10.711137931395786,0.3055241125182263,6.533806833484401,-0.006970849176172189,0.0561462088224598,0.017389332022832882
2012-03-02,8.653395638936,0.2286045192934409,6.335484422927476,0.00608210846426771,0.06830811314675311,0.004564994103549269
2012-03-09,13.911663334406416,0.05334715708072004,6.036964791974016,0.011755783086841332,0.06174350524639505,-0.00463015674219136
2012-03-16,11.162035986969157,0.21204500464668996,7.710788398254303,0.005798562964830278,0.04955364728381917,0.0017488499410713843
2012-03-23,16.190491152359115,0.04632395737904889,8.085006407851216,0.012763241863433139,0.016855890343294266,-0.013636532530747147
2012-03-30,10.743351118253033,0.004169567959510795,5.131454261794966,-0.005037783375314908,0.012470077633107035,0.010641117885409557
2012-04-06,3.8622546803378626,0.042807488540158554,5.102530312599503,-0.0018740629685157772,-0.009884059169736115,-0.0013345026118120051
2012-04-13,2.941457314158513,-0.19764801840580754,4.05271889046736,0.001253289885950526,-0.030197843019772352,-0.007362708262173223
2012-04-20,10.492075687800497,-0.14989551241030125,4.1219962174834235,-0.002016383112791287,-0.009593783422646496,-0.0037293754237927024
2012-04-27,11.71187120916006,-0.1497165560456437,4.422912489611809,-0.0036708860759494533,-0.030731151449755578,-0.006707134292565975
2012-05-04,8.061523199715896,-0.09485882003372477,3.998606301475198,-0.004881712354487311,-0.021925649191572583,-0.0009544899205864432
2012-05-11,7.794760649251524,-0.1233846407813139,3.273965000517012,0.00463136813118048,-0.011985668106470726,-0.012272987956413628
2012-05-18,6.2472370086680895,-0.10810410951560667,2.754145459885361,0.02651849981058252,-0.031022013490529687,-0.033311906832532934
2012-05-25,8.47475311836256,-0.12575897079328652,4.942004333430571,0.04688095540592063,-0.007350194013977185,-0.055641480251989894
2012-06-01,4.069309833185878,-2.12076289017379,4.312512648458535,0.0426415094339625,-0.022980466246771192,-0.04960446363740589
2012-06-08,5.632827416792242,-4.66421905114902,4.616106858480296,0.028033889857961736,-0.005877939704594826,-0.030928234110087494
2012-06-15,15.525750914650427,-1.8692609121618915,4.159449050012876,0.004182556279985317,-0.0039226831917346106,-0.01134319017445029
2012-06-22,17.795000145405012,-0.16778795480516312,5.091348242201994,-0.0016990291262134471,0.009349900771824515,0.004234241431652741
2012-06-29,4.410348198973378,-0.07838606226659656,4.7746151912888894,-0.015200868621064068,0.022944177401781785,0.01813502754433216
2012-07-06,7.892702147936804,-0.0292498101924348,5.061585107409078,0.010544176463458843,0.002201535061207016,-0.018294387857000438
2012-07-13,13.67831267347716,-0.12673995525718773,4.504054698037597,0.021070684797255934,0.0064154227275614595,-0.03058237062826419
2012-07-20,20.027022282288872,-0.030503199173345763,4.91848860352491,0.01483102358375854,-0.024059685925978735,-0.0328560063643597
2012-07-27,13.627825617410465,-0.10427687882777337,4.609884893829455,0.013230429988974723,-0.017292151781486464,-0.026974723538704892
2012-08-03,5.06212892188191,-0.2469555979579603,4.480109958411137,-0.011993283761093876,-0.014874664516997926,0.008015624364242857
2012-08-10,8.341090544651093,-0.001458097302482021,6.0483447004837805,-0.009598080383923069,-0.011865565749250795,0.0031016610210994333
2012-08-17,-5.737902565737396,-0.19284252396436513,6.616416127755888,-0.010541447053186492,0.013696013975794896,0.014559513037756044
2012-08-24,10.944118946948988,-0.1363297399411088,6.708062703224205,-0.013541288840526966,0.003187759411891644,0.01574867069854302
2012-08-31,13.691362241294865,-0.1804135030037791,5.837054844019557,-0.014202476329206237,-0.0012106269113150159,0.015338661499959994
2012-09-07,15.693773549711668,-0.12164696812365886,5.474383744391966,-0.02786190187765003,-0.00012787429739402612,0.042841450018308525
2012-09-14,12.003405391694248,-0.23302991484800867,4.748918603565892,-0.045399515738498875,-0.014704960058437577,0.06425328360629168
2012-09-21,8.185507693117984,-4.738220184516787,5.348119645836144,-0.02769947297462938,-0.00648236498028143,0.037322677322677134
2012-09-28,4.201400441285345,-14.510894193424878,4.891241244603521,-0.015638468168944653,-0.0059321306285807784,0.022382126103204225
2012-10-05,5.141413837744066,-13.002065603388644,4.754467007222009,-0.011339563862928226,0.005174396981524998,0.01700998751560534
2012-10-12,4.83242820903571,-3.6523541042744276,4.035154430756055,0.01039949270767293,0.0006377958591485822,-0.013407991467641822
2012-10-19,8.286473953951566,-0.06851151507010438,3.6160852551096467,0.0036556157821758806,0.014776436355969702,0.0032743942370658807
2012-10-26,5.403543794035394,-2.7231687446459807,2.567002753065974,0.0016262196647482963,0.022202130390143848,0.006454874207722394
2012-11-02,6.419509363411312,0.1514168324430567,2.5740342053453613,0.01575497857322894,0.02281538262667726,-0.01507595519410776
2012-11-09,8.914876581546284,0.02360597953043776,2.319471561885662,0.017070415463787958,0.013385303510141222,-0.018647928651403634
2012-11-16,8.399769266021355,-0.5797508211087731,3.853279320012792,0.02059783973875895,0.024962181664420102,-0.021386883735217355
2012-11-23,5.457899540506142,0.0125107816136591,3.9257742286295523,0.0014986886474332994,0.0347772799469277,0.0027044778425993066
2012-11-30,13.893153288810064,0.043712889806694084,3.3987282820971374,-0.005459734458369447,0.024978380138981127,0.011528724440116989
2012-12-07,8.568313576967252,0.12526682493049351,2.950345798241875,-0.007651487103542021,0.03761230266054438,0.017113856322291232
2012-12-14,5.470273763731788,0.04568120402334158,3.2262391697723585,-0.020674378538026117,0.026814394442115086,0.03291874288853158
2012-12-21,3.741963839053457,-0.0560448860805998,2.391171898430952,-0.007108118219229298,0.022021232710507377,0.016260162601626105
2012-12-28,2.487655781043865,-0.01492270457143366,1.3651246897572804,-0.005864004990642435,0.042858874878758835,0.01778907242693739
2013-01-04,3.1256931478932386,-0.0667618088311375,3.284701802766321,0.0011192637731629596,0.0686791621117977,0.011023865702239455
2013-01-11,6.782972469262047,0.00789683798788307,4.818361606864654,-0.0002513194269913033,0.0682797077144226,0.013750664742079977
2013-01-18,7.02219992452383,0.06630309482366846,4.426713729107069,0.005275056518462717,0.06944857475498001,0.010009478672985628
2013-01-25,3.885498087006853,0.14141282297740748,4.173762068801764,0.000878514056224855,0.056966691856071394,0.018537434267771324
2013-02-01,2.8476329354501155,0.1177488526520715,3.163472117348117,-0.016024844720497033,0.05190017605220354,0.043691177595837516
2013-02-08,3.009340427727139,0.22475442599326984,3.3989940616154497,0.008169934640522625,0.03930265074037331,0.001573741007194096
2013-02-15,3.413879043911048,0.22067294217796024,3.554322902853909,0.006746626686656709,0.03807526647891035,0.003303427305829665
2013-02-22,2.2026825456426096,0.172506949767029,2.788199353124665,0.021442006269592362,0.027388332771086432,-0.020131486089960182
2013-03-01,0.8362309793563931,0.16358651996432838,1.604843731298463,0.0387577326095192,0.009328768868025694,-0.04534457478005882
2013-03-08,6.750884606401572,0.29574406989988056,3.7454543816026855,0.0312928562523378,0.03608998219776649,-0.02686120463898256
2013-03-15,15.581784773200138,0.9227191699935691,4.118036654624342,0.019235542318193133,0.01882040314388056,-0.02151382497100307
2013-03-22,15.607049054112831,0.9018870070347884,3.132225841735601,0.013135281119568187,0.011883732134253977,-0.015389863917213198
2013-03-29,5.702853145097696,0.8218451358831789,3.5340068471896835,0.011424404472532679,0.006731381557858462,-0.015436009676304652
2013-04-05,2.4027032897497733,0.5160868390062013,3.099394722574035,-0.0026595744680854017,0.015672081641153746,-0.001191757650315317
2013-04-12,2.1293659397321734,0.45320974155304583,3.599705651627443,-3.3306690738754696e-16,0.03279979352398765,0.0027531355154479797
2013-04-19,0.35364716022970055,0.17618807479256832,1.6577276481538241,0.0021810250817881904,0.05295445167433743,0.004966313763233421
2013-04-26,8.707569921833434,0.5150779890536199,2.8223633563903974,-0.009012256669070018,0.04064954793563458,0.01622401622401637
2013-05-03,5.930368306901732,0.31685685927734325,2.7977228224044817,-0.004848484848484991,0.015379096260736747,0.00958392671567676
2013-05-10,3.9671398541812026,-0.5923984374524786,3.6978014632504994,0.012297577012053917,0.032672869174072305,-0.009075655887736511
2013-05-17,-1.0052469305098115,-1.0703683740679995,3.565459069592869,0.018619272155724786,0.03707807848453348,-0.01631933803248542
2013-05-24,-17.08519126063556,0.4391803469103149,3.4688720159665096,0.014914514368861376,0.03304447047878356,-0.0074452162566681634
2013-05-31,-3.1188217047140343,0.5071976140459974,2.649595767731311,0.014129110840438663,0.014641390886190653,-0.00884483415935966
2013-06-07,0.3774933742447736,0.6524109500145663,1.962975058569424,-0.017681019966321876,-0.040053141760566735,0.017701839452012536
2013-06-14,0.21280829904141782,0.9255108617569082,1.9549659384282467,-0.043086053412462855,-0.08841207247359739,0.03956694446607956
2013-06-21,-3.054520472577912,0.9085987243008233,1.304093304224466,-0.01541218637992825,-0.03346835817948468,0.01480880021652542
2013-06-28,-5.646591462951996,0.9297366776895369,2.2107930589541773,-0.0014412683161180162,-0.013434940538388895,0.0008462189399183195
2013-07-05,1.5395681186183316,1.077515261849435,3.0550789300780847,0.03391698298028656,0.03746988569378207,-0.029607502079709636
2013-07-12,-0.237933408344238,1.0218886666880955,3.3135685192903055,0.029397171917638243,0.05463145609092357,-0.02090357383681718
2013-07-19,1.313964332506996,0.8530916758059466,3.3925983112808504,0.002548234437568242,0.028089992654748874,0.001485940714775591
2013-07-26,2.4544666128729027,0.8024550352312048,4.053387874308827,-0.017801299013711747,-0.008675039963185527,0.020676402767102475
2013-08-02,2.3413618520258224,0.8998840918672887,3.550894153592337,-0.029962103268593054,-0.022084980237154217,0.035147878268324106
2013-08-09,-2.223832022750441,0.7832690506351035,3.9015689881771074,-0.022412338836004353,-0.030284709527307774,0.02104377104377142
2013-08-16,2.310873557639495,0.5238502256505179,3.4839402521607674,-0.016460905349794164,-0.030998509687034437,0.014228647517595672
2013-08-23,1.5156039790224933,0.6681649205883385,2.3620827331867575,-0.0036737692872887973,0.0047826003340218914,0.007756608178326685
2013-08-30,0.6422455618965429,0.7154375089536739,2.0643608523044668,0.0021975338786472953,-0.008083766988329244,-0.004517221908526214
2013-09-06,1.0929362707052683,0.6586444788298877,2.3985515821229986,0.012572414643165386,0.03008730306457119,-0.012216143296110316
2013-09-13,1.8332406579564562,0.41053353447519036,3.0446608561142847,0.00233817376322909,0.018814621142212662,-0.002663265688885641
2013-09-20,1.1510216805428122,0.4004071182848598,2.9420921808951093,-0.011430678466076372,0.005772342903438199,0.010611268868629287
2013-09-27,2.130233725385319,0.34376813864266215,2.8652394310242078,-0.021927153124619236,0.0009677584646012871,0.022650784647381572
2013-10-04,0.9903285768764654,0.3918882919176088,1.4386011648597195,-0.024589166159464604,-0.016546437627648403,0.02867981790591778
2013-10-11,0.20689568252325402,0.495559875713613,0.8409906966199024,-0.012768569674647234,-0.00795038574451612,0.018655032345418876
2013-10-18,0.7174083400337137,0.354300371409824,2.3100448609049806,-0.009697873927639211,-0.015908978090819814,0.011867790594498828
2013-10-25,3.4510385422815455,0.3440287454548837,3.66584664708067,-0.013700336280981773,-0.008548647318201374,0.020928856678006147
2013-11-01,3.0523773972591606,0.36415011257987934,3.5933515548733546,0.007363035068014279,0.012464735826082318,-0.005199881988493638
2013-11-08,2.3721543601634743,0.35407194179450485,3.8941909006170627,0.011068275090162949,0.005072279989855488,-0.012590459311770719
2013-11-15,2.282304148761386,-0.057084096903631476,4.217525055687181,0.01506591337099783,0.025067890220278555,-0.013811246300558966
2013-11-22,1.973869461463454,0.3448225895786582,3.978446676326301,0.01919434272004028,0.039570929993841375,-0.017855849329952878
2013-11-29,1.9384031986543384,0.30511883543421253,3.8334921807547024,-0.0004955401387510827,0.0380485396745911,0.007636700648748995
2013-12-06,0.27974652495740104,0.4492852896078562,2.6651897083029548,-0.01205412054120536,0.03870804945748185,0.02497849904647964
2013-12-13,0.7585369466118266,0.5591197174554999,2.104967037377841,-0.007915893630179194,0.03029395618106534,0.018339446482160904
2013-12-20,2.0630307310305795,0.6702666016023666,2.353619066916019,-0.0016107049931852746,0.027647494445816045,0.00833425526422582
2013-12-27,3.7714220627406987,0.6158852211367984,3.843674197775743,-0.003594447198810191,0.026599638830592243,0.011147492733895259
2014-01-03,1.5941540890365196,0.4784075347238854,3.012477989339839,0.0058515936254981415,0.018900009717228716,-0.008536718835504109
2014-01-10,1.6153688685106673,0.5853233349713929,3.7916771888643646,0.005610273033287649,0.009009881805851716,-0.0053481772538745975
2014-01-17,2.4881122642154296,0.500897590634709,3.943035145603422,0.008066517746339263,0.002306029305788826,-0.009545404673956814
2014-01-24,2.9393459089052856,0.6409126060942949,2.986646737759176,0.0008707550690383314,-0.02733669297328134,-0.0046936399359627234
2014-01-31,-0.606576545815065,0.9430160973620569,1.0859534861626607,0.006436440153484435,-0.02689428258070692,-0.007469551458954227
2014-02-07,-0.8879413446879078,0.8349979207297981,1.0404176062347226,0.00037193156459225385,-0.017378780604896837,-0.0025238670031824118
2014-02-14,0.8212937775358917,0.6311023752701399,3.1624778184663365,-0.01329558045057233,-0.024109667833005832,0.011188243113507301
2014-02-21,0.839038789028001,0.5489951017146619,2.7168481966915565,-0.0027342779020632646,0.00224839923749931,0.004532992140376502
2014-02-28,1.2026420338762023,0.5477609486864786,2.8985051321964255,-0.019923748616406445,-0.00225412848532347,0.02339289686364676
2014-03-07,0.37969591420870036,0.5273479636800694,2.903433595747883,-0.01202131614822155,0.009185069376587585,0.017821782178217616
2014-03-14,-0.8674680544515979,0.345886637096558,2.323249973101831,-0.008733624454148492,-0.004371316306483353,0.01621325543180574
2014-03-21,1.680585583157741,0.4017115916571495,2.6696021368696625,-0.0016201395812560637,-0.0025359668373567956,0.003930274027438951
2014-03-28,1.331036411236886,0.3903452688820252,2.8342717441086833,0.006148826703476162,0.009920927262904389,-0.0035863068284730515
2014-04-04,2.5712831704510486,0.27639036058312205,3.379169148358296,0.008780732563973936,4.841208365613525e-05,-0.012609886150741878
2014-04-11,2.104427562610683,0.2345126881536419,2.028765862461706,0.0,0.002565240984657935,-0.002120090553020093
2014-04-18,1.9070154670002482,0.21477782773308607,2.558210648037168,-0.003495194108101174,0.001466777489854909,0.001558705187225673
2014-04-25,-1.9248049664763585,0.2420725262995901,3.0589077142960948,-0.005362933399850389,-0.006273403686232526,0.005816912673598518
2014-05-02,3.0331649241781937,0.07366892481030295,3.0159614383870283,-0.0111912459587169,-0.01065014280873322,0.012223600671385837
2014-05-09,2.9525983268204854,0.024897613592596103,3.273938069507415,0.005663939584644284,0.0024602666929094408,-0.009038530788620713
2014-05-16,2.485099732517606,-0.7708410015221367,3.547244873108042,0.002630590003757982,-0.00873895425474791,-0.00872240318494355
2014-05-23,4.014821052552149,0.1491569863855634,3.3552109281338054,0.008025078369905847,-0.001957521777429916,-0.01438588881659797
2014-05-30,4.115856748765706,0.15488988860309258,4.129112134820043,0.01068913480885314,-0.00391446885550728,-0.017266861324393257
2014-06-06,3.3006136923832314,0.13371091034301158,3.9473458058458006,0.006382978723403987,0.0060864870171304375,-0.008503215959882127
2014-06-13,3.4135335882682023,0.21243941037680186,3.76497297491951,0.006746626686656487,0.005417651694247461,-0.011099346452955516
2014-06-20,3.421652198783941,0.368092289566033,3.85367296295079,-0.0002487871625824756,0.001029714621947564,-0.002530438609358976
2014-06-27,4.072148412218259,0.35378812513980296,3.826870250516424,-0.004354858778151116,-0.0040280984427958355,0.0013205194042988921
2014-07-04,4.181905124218872,0.1356287744973457,4.205727039197126,-0.001741076980475098,-0.0035614968044102024,-0.0034451163643026694
2014-07-11,3.827767168765149,-0.049296291322633905,3.501277276355819,-0.004839910647803425,-0.006760066620946192,0.004910467048181655
2014-07-18,3.7813542643016596,-0.11410296107744486,3.0820344882738415,0.0018663680477786215,-0.007249571393583176,-0.005514908636346849
2014-07-25,3.982151554301199,0.0001296466829376789,3.464726804022677,0.012621844538865057,0.004586929716399624,-0.015935233350428457
2014-08-01,2.675629299860301,0.0006816489176930618,2.0208423882919666,0.012831693036003067,0.004994124559341895,-0.012136368651392004
2014-08-08,2.021866776591163,-0.017071059586312737,2.0519189222641145,0.015712682379348752,0.006707437364371849,-0.014549195385406666
2014-08-15,3.999581871175521,-0.23994064102020113,3.463227002629626,0.011177347242921076,0.01011496521438815,-0.009279455802432612
2014-08-22,4.841186395624615,0.14408543117256156,3.8288343996352254,0.01616685178329047,0.02066967792615837,-0.013996947474221089
2014-08-29,4.679274056594344,0.07427165713229153,4.293462734183133,0.01783517835178361,0.014079703790314868,-0.02218830274375494
2014-09-05,3.6942118031033955,0.07083474997343478,4.211455482757421,0.028115408225905414,0.029786400156770254,-0.03433748415479809
2014-09-12,2.437644801148646,0.15715442492491646,3.4787974337630616,0.03463522476050107,0.04860296991012092,-0.03239047690126118
2014-09-19,2.587359523641501,0.00039659607458550903,3.6339863006688176,0.029147437454457137,0.04906440906248499,-0.03129837278664993
2014-09-26,2.3065373289496653,0.06366066631619702,2.8887760220981686,0.03492447129909393,0.05006005284650472,-0.034113839710641525
2014-10-03,1.1930979748311976,-0.23137990292695926,2.477647217229063,0.035228086935753744,0.044433872502378735,-0.03347361105748825
2014-10-10,0.9938512433834668,-0.26994248413134053,1.7096861947439899,0.019824311490978408,0.0031210695486096895,-0.025993058233706345
2014-10-17,-1.931064403008231,-1.1459667684812167,-0.21802334538627618,0.004366296908189904,-0.019900041267366553,-0.005183568477667766
2014-10-24,0.3156410455512265,-0.0643163089914804,2.5938019251109763,0.001050910789350823,-0.010294184929313333,-0.00110370925144887
2014-10-31,2.5632020697258455,-0.05681950365718931,3.178456498134783,0.0026531318491176403,0.023275940603079137,0.0005991851082527422
2014-11-07,2.1392881768148095,-0.04022305404170578,3.672213308309762,0.020137353043882866,0.06380607411535233,-0.013739309471016758
2014-11-14,3.292356916363129,-0.02442562549288424,4.224802765898256,0.02843379156385839,0.08799999999999986,-0.01872673849167472
2014-11-21,3.6413591838890285,-0.004597077939840599,4.049709094228538,0.030094482678175494,0.08921967455621305,-0.022098575431119483
2014-11-28,3.830913485109849,-0.01878834850082818,4.6594641475699365,0.01656695812241149,0.05622078789227669,-0.005788654237693924
2014-12-05,2.79860118067817,-0.054403684859167335,4.018393394827459,0.019283432222729324,0.06011000523834431,-0.013569392589023899
2014-12-12,1.7737002811242113,-0.11262568517827982,1.8483098085237835,0.00948246315548995,0.02167182662538658,-0.0049107677566175845
2014-12-19,2.4374167533616076,0.01827603965492346,2.8055685701306814,0.01460763220473349,0.014387573211102733,-0.013074532908276426
2014-12-26,1.702228583477251,0.25121350195545555,4.051654354400526,0.01889995473064765,0.014876938637896409,-0.02212495984580798
2015-01-02,3.6499277301539017,0.25161980529810174,3.0791848172365137,0.019590283219523386,-0.007576693432159609,-0.02303528549916556
2015-01-09,2.674557040545186,0.21688851169351717,2.4450909975679056,0.040516070620189915,-0.002272727272727204,-0.0497913657518857
2015-01-16,0.5151032215968435,0.18625282385611258,1.5653242646622347,0.032589285714285765,-0.01560604158821799,-0.05389050169685583
2015-01-23,1.734249631679397,0.26063077409498725,1.901874402241715,0.052538042874597624,-0.02184294672148157,-0.07953845522112268
2015-01-30,2.3251265176831266,0.2354487318676462,1.9008208322445797,0.040843214756258295,-0.0253101531056803,-0.05948760674859421
2015-02-06,1.8433136297819153,0.11539474330611196,2.607529362066716,0.04252773547966093,0.0037965072133636646,-0.04442004813579359
2015-02-13,2.68045680910338,-0.02150509195049392,3.5298738877326223,0.0181582360570689,0.009478068684120933,-0.015903885215437064
2015-02-20,3.056586507694308,-0.002600205113058257,3.74730005569288,-0.004432249894469997,0.010655911696030529,0.015390792291220867
2015-02-27,3.7115682014582774,0.07832162428211828,4.2501715507177,0.005485232067510726,0.01775147928994092,-0.00823847278203449
2015-03-06,3.33331172067833,0.03833079998014914,3.608116373330335,0.018466353677621505,0.01563287947554226,-0.041624320622155486
2015-03-13,2.0356017755130686,-0.03140471364575284,2.5468220558123917,0.06507430997876873,0.022230642920298305,-0.07821351719292069
2015-03-20,2.690476867039936,0.027069780022027222,3.379580283387324,0.03784184863260531,0.008443249600941005,-0.049075172444092874
2015-03-27,3.2177761907517697,-0.08535045833011913,3.4472295249033977,0.02066722618548078,-0.0033879872845907766,-0.027421731945871053
2015-04-03,2.478218909770731,-0.20675393354876376,3.3132922800481763,-0.010960868674452118,-0.01543363124793129,0.012310387754161267
2015-04-10,1.681811544468801,-0.5914058825666896,3.72742182001853,-0.009867437456393846,-0.009637958729766583,0.01038589804668888
2015-04-17,2.5563854993712978,-0.5055211291620484,3.6908309649554796,-0.003983249923399157,-0.009330611904860953,-0.0013860654222880298
2015-04-24,2.3208781263721834,-0.30038196945225515,4.01901689759773,-0.0038030630075036598,-0.0012590758383348444,-0.0013316802130689531
2015-05-01,2.4547761286882186,-0.20990910880281105,3.476654545898375,-0.012946659761781554,0.010086152553057337,0.020358899617416437
2015-05-08,0.36372273170673397,-0.27497345508992976,2.997436351157428,-0.045802295147976624,-0.003493449781659219,0.05662957374575606
2015-05-15,2.0403813907526764,-0.1573908955592092,3.430237507317284,-0.0449138638228056,0.0031535130134972,0.05972980475617651
2015-05-22,3.047564396343112,0.12712688153792112,3.625516283220923,-0.008357408171687841,0.0215153170567719,0.013196615780761256
2015-05-29,2.4214597349015414,-0.12288479935166205,3.1356211404912897,0.016894018887722906,0.03303515706261728,-0.019059947328482818
2015-06-05,2.0825444871848324,-0.07418994808333754,2.596496428420623,0.016035446777086015,0.048578940778765345,-0.008166361729662008
2015-06-12,2.462066680580803,-0.030013890311942536,2.7198003268233113,0.019647841958342127,0.034328107972168675,-0.01597904387688287
2015-06-19,2.1492449244956964,-0.13394393816793837,2.5883912375070754,-0.021017584018312552,0.009296968201077727,0.030451554345359844
2015-06-26,1.8400747128984336,-0.032598504096522186,3.0356149339270964,-0.014859147662779848,-0.0023359780901365257,0.016199490353112633
2015-07-03,-0.505477747581699,-0.05473716913114618,0.3920618889602132,-0.0020766275568477877,-0.022368159203980276,8.998470260057623e-05
2015-07-10,-2.8609918771772778,-0.0150969562277155,0.43063734541355314,0.01116141939559867,-0.005105969121043996,-0.009317183548515628
2015-07-17,1.2988507188581386,-0.12525863515521465,3.4905386463643198,0.040068019980869396,0.011412268188302432,-0.046111160045802624
2015-07-24,2.752246708388725,-0.06348042790045487,3.639307886417118,0.01853985545197423,-0.00028258851075879665,-0.016299480566003943
2015-07-31,1.1568093117222582,-0.1486745590231152,3.4849079604320368,0.012797835813131098,0.009160118877987067,-0.011337052366384714
2015-08-07,0.27499287856784205,-0.1377313901514647,3.212723461300898,0.015932521087160367,0.011975072298480605,-0.01755564512517349
2015-08-14,-0.33554448992613645,-0.035932637632109285,2.950673927935065,-0.013693030860412736,0.0019343139230301176,0.02557828154577768
2015-08-21,-3.0744176394947846,-0.009943603197194045,0.555404740614905,-0.022932949403537406,-0.014496850266515926,0.03691733430444266
2015-08-28,-14.933699313202094,-0.0869266375789551,-6.103105709129012,-0.012636120813642848,-0.017952234952396395,0.017428103385511484
2015-09-04,-7.200433681801274,-0.15032320813145011,-1.283429375115628,-0.013632636326363134,-0.04202052726906824,0.01627387518803869
2015-09-11,-4.947118813734736,0.029271208694101554,-0.34715606011049405,-0.013779527559055094,-0.03004464465269674,0.020978706163057748
2015-09-18,-2.9939828879797816,0.03985761075723029,0.40048743701017314,-0.001578781180928246,-0.01663593525916829,-0.007375214012906417
2015-09-25,-0.43166986121467305,-0.15943801752238043,1.033719226099708,0.0016647591301632847,-0.009325062646346027,0.0013417415805716537
2015-10-02,-2.5923480557020264,0.030376474485898742,-0.18591230352382979,-0.004156707887353228,0.007562707449266792,0.005741455100026993
2015-10-09,0.09492112999478622,0.07731502494833145,2.915772387351836,-0.003992015968063756,-0.002529441034997637,0.0016314652321531842
2015-10-16,0.5115154917032868,-0.3739747356251748,3.6493383452549124,-0.0033733923676996236,-0.004583524313513276,0.0036265534474371197
2015-10-23,2.318167973377443,-0.28901072881680817,3.7484407460583684,0.008933208683909788,0.007339525626140153,-0.015811335923891168
2015-10-30,2.4343263734642213,-0.15031605986515117,3.392367142078516,0.011687363038714427,0.006004753763396042,-0.018330211399518404
2015-11-06,-1.089637657206478,-0.20785870891104494,3.563904441719014,0.04598671026263035,0.023986697152359238,-0.05432294418031325
2015-11-13,2.731673417181187,-0.1718118621162901,2.5423238329980604,0.04717579860376575,0.026790573067102086,-0.04997135680606346
2015-11-20,4.148399400579826,-0.06510572443797288,3.0792632036734267,0.025120971893338728,0.011896431070678837,-0.033719083276605444
2015-11-27,4.935795132727195,-0.05498355446221622,4.149299425532149,0.031665807117070344,0.018404145077720147,-0.03748125937031466
2015-12-04,2.9418976354892274,-0.1346944746674311,3.2614562903627586,-0.00826862962589503,0.00012179278986668152,0.013546224746299185
2015-12-11,0.99551024444457,-0.24236008974017054,1.5606194091330092,-0.014444444444444593,-0.014513433079212712,0.019481423071571413
2015-12-18,2.476279264931518,-0.12912792545855184,1.5974468986310826,-0.008737571557698054,-0.013749898299568741,0.020852902498591064
2015-12-25,3.5816665048877128,-0.15563805567884043,3.5755411772068557,-0.02035592881423709,-0.019699621474215445,0.03625035400736332
2016-01-01,2.8370801337594536,0.020692244590396917,2.9651284165610514,0.0028571428571431134,-0.023137812056017726,-0.002434207504707575
2016-01-08,-14.801317310286526,-1.7476687899814913,0.2854276057889429,0.009941580403812988,-0.02821329582592136,-0.005277765139451329
2016-01-15,-4.804159734345491,-2.8708907759554494,0.2470923007061558,0.0026342451874366013,-0.034276522026068346,0.004508649245491103
2016-01-22,-2.7183019879413473,-3.863921361664704,-0.14823102823266648,0.01618631613324628,-0.013618434710400806,-0.016397922929762054
2016-01-29,-0.29174044903874974,-2.0261513987548647,1.2743036528356377,0.009925885370724918,0.006066902140037467,-0.002163904235727432
2016-02-05,-1.3188210002108811,-2.4381962363543286,1.5504903923917994,-0.01532372640552071,-0.004725213911710879,0.02081141654850671
2016-02-12,-3.2764130657433244,-5.238582686768732,-0.11292602555706281,-0.030517380759902957,-0.03280228932644247,0.031464688101127125
2016-02-19,-0.8839160697281236,-3.977873357801717,1.6987717713117192,-0.029828261524555533,-0.05232142105484694,0.031258682967491236
2016-02-26,0.30864427849534054,-2.957631737168246,2.3056926622918232,-0.014657162935448165,-0.058279294535541815,0.008997369999538485
2016-03-04,-0.16394810587104516,-2.2198011371216158,2.8113933156496613,0.0031948881789136685,-0.026860564585115654,-0.013890133524509074
2016-03-11,0.5254861841587519,-1.7746071413759434,2.7955323163455112,0.0023973316656242805,0.005210863325237458,-0.009546645353226024
2016-03-18,1.1825263077738364,0.46708155210497504,4.065092440067532,-0.015631469979295987,-0.008883361463978057,0.012169383447842241
2016-03-25,1.9609801529015543,1.2259058123350388,4.720005533526399,-0.02047885888945511,-0.008157894736842142,0.02121821840131677
2016-04-01,1.4622628679400074,1.135759881004977,4.711348824778601,-0.027943291555373007,-0.018415963431786198,0.03485096328607762
2016-04-08,1.324806874442101,0.8235779343053377,4.188506020386386,-0.020068628470417016,-0.05060844352677585,0.02228100062763394
2016-04-15,0.5251807145005472,2.2539633737618945,4.465382834891473,-0.004101377642233728,-0.025141166980371055,0.001153504880213152
2016-04-22,2.7221234600353292,3.3433415047725275,4.484688889762592,-0.010609527771999083,-0.011320420978155,0.006045137023105829
2016-04-29,2.692776190002429,2.6095397333307413,3.860811597529696,-0.01627562883111411,-0.04746339497604446,0.00601536772777167
2016-05-06,1.4664947809309843,0.1323453399516385,3.7550922251972323,-0.0037139219015278613,-0.008606728055157054,0.0003069771521291287
2016-05-13,2.1084073162087806,0.8050679402897505,4.136019819441871,-0.0009503695881730723,-0.0013791201213625426,0.0022157227687671366
2016-05-20,-3.421952593501106,1.2866890084837177,3.7752801747043514,0.0022077375946172317,-0.014670364075498599,-0.000845684782124767
2016-05-27,1.7228288747329585,2.3222566008861163,4.747233038653131,0.02621400945423291,0.03638414892116759,-0.029766061452513926
2016-06-03,2.694266489184342,1.8773334073390227,4.908257126253995,0.0014911066141225504,-0.005600933488914883,-0.003331871985970958
2016-06-10,2.5118356194101485,-0.5333943002210535,4.524351554650475,-0.00042278828876451957,-0.015007135294388352,-0.005040679165192796
2016-06-17,-0.24512735590678075,-5.622256047936856,1.9110168528778466,-0.011748662540648325,-0.054698138901497995,0.004722024233784428
2016-06-24,-13.943930062212655,-7.210551320317957,0.6542032605683219,-0.0007328308207704692,-0.07261758969474297,0.00017993702204210926
2016-07-01,-2.8438048769271007,-3.689680636862538,2.8106890225283854,0.017228544081675956,-0.03754987092231854,-0.020321984692531214
2016-07-08,1.0787624715064132,-1.0455905798004335,4.387030045499334,0.018293327693771788,-0.06019535448894686,-0.0174651142120702
2016-07-15,2.163463693508735,1.26361273604109,4.441750574730787,0.025156565120475705,0.006914765906362419,-0.021370931985457253
2016-07-22,3.177847723998859,2.4746532710903386,4.982425117058159,0.02116291251964353,0.037611268707815615,-0.012728254025366481
2016-07-29,3.5951412804315823,2.9785005584725353,4.981089652356289,-0.0012545739675899892,-0.004486710558400664,0.0033674568965516016
2016-08-05,-14.91563116937279,2.241558275941184,4.974454450442044,-0.001142263759086326,0.012581431199960136,0.0028042878465781573
2016-08-12,1.7243061878897605,3.7761845854673823,5.08883286320286,-0.008904535100434985,-0.033764127998473836,0.011326567596955606
2016-08-19,3.210676280109207,2.66139483532418,5.20265925459569,-0.030368318456960974,-0.05519679472071648,0.031934763792082155
2016-08-26,0.1681746044174659,2.356650400487206,4.744034820271378,0.00041871663351833455,-0.0022534659285750047,0.002192688056562142
2016-09-02,0.12286655127475114,2.9988232337918292,5.032561367172617,-0.0036386318744150437,0.021412434927806645,0.006359659014027352
2016-09-09,2.069801338123322,3.8275518415320406,4.808119527912297,-0.003969912244045082,0.013720941710675616,0.0064062360003582786
2016-09-16,0.450173497644592,1.6869667955558216,2.7678425052659557,0.016929425457623548,0.02070445020953926,-0.015098004591206027
2016-09-23,2.6767266612550897,2.8441964579832044,4.149688878573856,-0.0009417181123784202,-0.008248637501841127,0.0025004465083051652
2016-09-30,2.154522243976332,2.6165382171466764,3.870743001517616,-0.003964941569282288,-0.025435137994037738,0.007619218357834523
2016-10-07,1.7561061271747647,2.2184492064135304,3.6280835483725666,0.013530522341094864,0.0021422659331031824,-0.002804362341419897
2016-10-14,-4.972413851325192,2.2510015258041767,3.149617729124203,0.019873062116325002,0.018573732831516532,-0.016494845360824795
2016-10-21,1.9403317068059196,3.0906885046250303,3.1476912630372853,0.03372434017595305,0.02812020397049375,-0.030464991982896872
2016-10-28,1.9120384630204683,3.20084597637925,2.4665378211514164,0.030274460507018652,0.03315407765553302,-0.02259585446134693
2016-11-04,-18.626478173287133,-0.9652806689997835,-0.8072235491695977,0.00455345130911744,0.0021862702229995534,-0.0056244978126954726
2016-11-11,-6.841724955176424,-0.7936344726651651,1.025024933542701,0.010610079575597009,0.023849512932482275,-0.01048218029350112
2016-11-18,1.2752324385155014,0.8136936849782718,3.728900930319952,0.02543059777102319,0.06852217460393883,-0.027195883866225734
2016-11-25,2.147925060377734,1.430610553821457,4.614795854723889,0.03192679206914084,0.07998662910080734,-0.036406662419222746
2016-12-02,1.09972428602928,0.648104954904861,3.963866238294554,0.03811682291130114,0.10122164048865612,-0.04179385886155507
2016-12-09,1.864707013204658,3.5373031169288893,4.922007705672833,0.025540076721179084,0.08173978252718417,-0.02708179808400879
2016-12-16,1.0681338685765496,5.2427092865114115,4.3430489819023705,0.017191977077364085,0.06345200540784135,-0.01293917642614284
2016-12-23,4.416814971872265,4.795158086548113,5.255675615795456,0.014976845009360806,0.037760877255040626,-0.012326438084443225
2016-12-30,3.6036814053620008,4.481090902629677,4.636542627845982,0.014289967252158364,0.029186476492340407,-0.014663855703912043
2017-01-06,3.2864905275656575,4.478161325779899,4.599000066563625,0.006201397775371431,0.013214904679376138,-0.0027456921037684046
2017-01-13,3.4197644535023315,4.255207706497045,5.002879620843077,-0.017192812044681816,-0.029324519027036144,0.018467132331833946
2017-01-20,4.289894138540756,4.12973226534891,4.657873563893072,-0.02203669546645981,-0.023221133361738255,0.023573853583894744
2017-01-27,4.2187931514643795,4.315864472033242,4.41943375190136,-0.016436747872028312,-0.015526754779930707,0.01740205401293249
2017-02-03,3.404094242392399,3.756959785441583,4.030357531700863,-0.022989630209352407,-0.036091511652768915,0.023829868033798274
2017-02-10,4.038486915459911,4.213376493055375,4.50575850157863,-0.003755682941293026,-0.01148170784947189,-0.00028184892897431535
2017-02-17,4.439062905050564,4.866154868618348,3.8854908853333754,0.002084574151280494,-0.01526717557251911,-0.008315425581612801
2017-02-24,4.519379667554137,5.103019373464826,4.232378276386439,0.005570476474684227,-0.025112964893986844,-0.012711468361529366
2017-03-03,3.027681482146723,4.93323262572728,4.322523390527799,0.01672173825973755,0.011623264273989742,-0.014929525222551976
2017-03-10,2.4896028934523513,4.7979635113782235,4.531602320987979,0.004464285714285587,0.013558274080289756,0.002913260031951692
2017-03-17,-22.834477598299934,5.009509590404868,4.41352075434334,-0.00643883110450727,-0.0014174972314507928,0.011682683248539938
2017-03-24,1.601861780240921,5.423180764932492,3.6029970183559783,-0.014442575922445466,-0.0075318655851678296,0.02234213765028903
2017-03-31,3.968740236099303,4.347906638807099,3.825017224157162,-0.011719519401221401,-0.022979432530807253,0.0027299256330601818
2017-04-07,3.2652492808768683,2.7242071531196776,3.261514743274166,-0.0006913580246915574,-0.03206971677559911,-0.007683658170914653
2017-04-14,0.15146218819304175,-0.05337175541640922,1.9180747808806764,0.0025922233300097464,-0.036153129574590825,-0.011780592289067027
2017-04-21,-0.8768544135407387,-3.054668682865038,1.4133658210065385,0.0035129980929435867,-0.020297274237729757,-0.0065746828410039315
2017-04-28,3.415004566821281,2.4188447461357248,3.6037740889060528,-0.012954658694569021,0.0013465595403743258,0.023000375516334826
2017-05-05,2.8888901677646146,1.964974343172869,3.3932007563809052,-0.02500494168808065,0.014900513189880504,0.03847969782813987
2017-05-12,2.601555508046309,2.4156938646813932,3.8502079714937465,-0.013027048528242102,0.043308173784977866,0.03010884417848536
2017-05-19,1.7983482530341397,2.07331982769981,2.892845937199381,-0.028405681136227323,0.020076087454737213,0.04464951528709937
2017-05-26,3.1940433754871096,2.331543366769408,4.140753385545259,-0.016254416961130724,-0.0017929983414762818,0.026245755712581698
2017-06-02,3.851458096182042,2.6867749675241273,4.118587426996887,-0.01956411556006088,-0.020492348636060975,0.025869515799045395
2017-06-09,4.030256460844515,3.2908055333405715,3.9082969929332876,-0.01994962216624685,-0.026467863602276043,0.024197237215259904
2017-06-16,3.2898059014840273,2.466650172954157,3.816928713102739,0.0002058884084825685,-0.003684565266232287,-0.0008476844829122809
2017-06-23,5.007478318998113,2.8061514005859243,3.8690703355393614,-0.001847290640393906,-0.0004939602137502552,0.0009836358758830155
2017-06-30,3.513571390032422,1.4182406638609484,3.635797521772903,-0.011269644334160556,0.017796495041434435,0.012763694380429236
2017-07-07,2.940947756143964,1.8312966464439466,3.3469016452597318,-0.012953634214043275,0.03217182473152391,0.018355589299271946
2017-07-14,3.7003823793405175,3.4222601639965857,4.012771400524026,-0.020687525730753165,0.015018265457989788,0.024246483590086854
2017-07-21,4.191322961015198,2.8617278308725287,4.083586572558947,-0.034957844951675976,-0.001482612993080834,0.04189744505985327
2017-07-28,4.1556533431269145,2.199698199208485,3.9007138935865306,-0.0247830178814179,-0.015260722548495975,0.028531419569403083
2017-08-04,0.9155837429689434,2.5536800184243207,3.7912894010768996,-0.02572648682428913,-0.028183853549321625,0.03254100517498504
2017-08-11,1.9966512862438102,2.79803826143015,2.6466254836185126,-0.02186022070415161,-0.029725406558251066,0.030647833289737525
2017-08-18,2.367628505566178,2.2543104776115004,2.5878570766382105,-0.004581291284892375,-0.01736782902137224,0.008488382062934008
2017-08-25,3.092446448676656,2.35100428914792,3.365702078657013,-0.005575809564657863,-0.011837527673609571,0.014805990469707098
2017-09-01,-1.1703408525307766,2.295874913386468,4.335758409919302,-0.0078041479580927,-0.0037945521073314836,0.007390417940876359
2017-09-08,3.2133914074706276,2.773559854432578,4.37504699556311,-0.01848071344149549,-0.0122727480881073,0.01814644050590064
2017-09-15,4.673905735725814,4.156307223450369,4.881619188185839,-0.01669699240072775,0.015110581986354621,0.0153885393640536
2017-09-22,4.832557023188429,4.720480230354811,4.827151726988985,-0.0061462152253610736,0.024050112020483683,0.0023478115042763203
2017-09-29,3.430212000268257,4.68407121298482,4.725203766833667,0.002909169270552736,0.020178660499705403,-0.0037945863900834542
2017-10-06,3.8804356631605357,4.056543082572124,4.74636378707397,0.026819923371647736,0.04450832212898148,-0.025010386373078508
2017-10-13,3.98258363511223,3.9604585530039342,4.43617041611066,0.01327963426581058,0.009111822815643489,-0.010047726701833848
2017-10-20,4.402486779720736,3.8646658303351153,4.143213519110483,0.016599761310621908,0.013662544090726314,-0.014137527187552346
2017-10-27,3.174928468849477,3.1231475093393177,2.9949361266733883,0.019767941555651314,0.01062316650368933,-0.017267648552564907
2017-11-03,2.6246523392464542,3.5781563151514413,3.7137956032610844,0.012153518123667384,0.012694748990190519,-0.010652803817964851
2017-11-10,2.86364411528935,3.169321660745374,4.117587309858028,0.013964980126758952,0.0150194448169505,-0.013363782457920692
2017-11-17,3.678566284751838,3.6436279167832972,3.8349987105111367,-0.0004268943436499528,-0.012597454080958359,0.0008485362749257597
2017-11-24,4.275171910007666,4.021522605255177,4.7073475701748,-0.02254530130636312,-0.018823943352245243,0.027605512489233375
2017-12-01,2.622036684620011,3.693188564118804,3.819356148152779,-0.02159258479039383,-0.017225509533201788,0.02429149797570851
2017-12-08,0.23117745235933856,3.5721586328602215,3.8761869924362635,-0.0051912278843095905,-0.00044039283040475663,0.008529789969995427
2017-12-15,-9.994223384739996,4.365746975602782,4.464217022622772,0.002882767456758639,0.004460900209662277,-0.003476049173378626
2017-12-22,-0.9059096094077403,5.789683897844169,4.5513585057435915,0.006143565423582853,0.015464610695234748,-0.006034952432840246
2017-12-29,2.0781591580938263,5.00681582933541,4.3381158008869765,-0.008289374529012683,0.005128891267504931,0.008998402152888385
2018-01-05,1.7077621331966948,4.0120715154415265,4.574647347629641,-0.02076677316293929,-0.003568753579768491,0.02256789493816158
2018-01-12,3.076563713974317,3.957219765779981,4.0702688686644946,-0.03151282870222505,-0.013722964870986565,0.0368385230559809
2018-01-19,2.8462326000125824,3.7391420004279334,3.043088027356442,-0.029780396357793393,-0.02202701509667171,0.030610954167896276
2018-01-26,1.987947184764025,3.814997811260821,2.9868048790311237,-0.0331089882761616,-0.035230953543062604,0.03525587597933
2018-02-02,0.44914862968612834,2.373684027959243,1.3102472432803132,-0.029907558455682604,-0.026308807923593913,0.035868661679135716
2018-02-09,-7.327079247540482,-4.168520370531011,-6.903908639484614,-0.005826096515334833,-0.020217939481268044,0.003938623123000307
2018-02-16,0.07614277104794027,-2.4344087038974895,0.1205584940986469,-0.016230539913878905,-0.040261791920559675,0.015096346602299304
2018-02-23,0.9474342761444688,0.3289123492510292,0.8919609213987965,0.0090939710340181,-0.01683300372533658,-0.01026487400370324
2018-03-02,0.6196421453356429,-0.4750326378767863,0.8703975486467158,0.00829596412556044,-0.039553153807728836,-0.011555591220960504
2018-03-09,0.6925415666498893,1.3350405937287548,2.126593753076871,-0.0038699690402477227,-0.018383197757249725,0.005884756845116357
2018-03-16,1.4174813310729717,2.2042812773697866,3.130948112654637,0.012682379349046036,-0.0028218031322014836,-0.009430920522327746
2018-03-23,-0.4348085757432022,2.0121392141982026,0.5121053754421542,-0.004450378282153888,-0.020068297703139004,0.004839956074348173
2018-03-30,-1.2686301335306922,0.730802025161157,0.06044607635757302,0.0003335557038026682,0.004964539007092039,0.00040592652729842804
2018-04-06,-2.965523164119923,0.537689783541585,-0.450675834365191,0.00022200022200014047,0.0012641041247249962,-0.0019501096936702655
2018-04-13,0.46798278268438054,1.7202924816684315,0.6500972345041165,-0.0047655990247147395,0.012545394519643427,0.003417690617625313
2018-04-20,1.0601746423935672,2.933589297278019,2.2735279477608437,0.009387572641931241,0.027926293679587655,-0.00526187970533476
2018-04-27,2.0768149462327585,2.697911066333135,1.4752684663081919,0.017450261198177053,0.02606445542225333,-0.015621829985798308
2018-05-04,1.9373464033134795,2.599046715406241,1.9504164393968892,0.02729996670735768,0.02052744786308791,-0.026296507367906896
2018-05-11,4.21003570711274,2.979031449008221,2.813413256275586,0.030512249443207295,0.01909730308817359,-0.031384315951666575
2018-05-18,1.6458886682809954,2.9278811928435657,2.6730780613782974,0.036758193091231295,0.02870013467700705,-0.04154459635416652
2018-05-25,2.069247789411363,1.7403549077337903,3.1814422047335387,0.028949093292549577,0.0032096840753814693,-0.03940643033800506
2018-06-01,1.316026542761214,-0.24965693288832505,2.638350858462089,0.01750027006589594,0.0038487972508591817,-0.025041806020066892
2018-06-08,1.6666230502737445,1.2359985001147187,3.398899698730422,0.010914199265182445,0.0014168837698251835,-0.014735432016074967
2018-06-15,1.9385429745601201,2.247306931563701,3.619995124281202,0.012281076463049878,-0.0007223150196379313,-0.01430694120144349
2018-06-22,2.2143147985817917,1.6942126062527696,3.384406698458136,0.0035035566408323504,0.005256181726770004,0.0004291108822520595
2018-06-29,0.4867830436780487,0.6580588061724718,1.7636235967967633,0.00477757723749872,0.010361038842484627,0.0021011105870250013
2018-07-06,0.5197371234275465,0.5747933579454646,2.8361475128432305,0.005237840726884269,0.008306709265175405,-0.0017845003399047377
2018-07-13,1.4786693692630473,2.3761695929414017,3.8422982986337226,-0.00042198544150218176,0.0153602891348541,0.00658971487638893
2018-07-20,3.749905991516722,2.714956957623506,3.9181383650242454,-0.0007405840033855027,0.013094480312812573,0.005404477996053814
2018-07-27,2.4209279228192857,2.813023750628679,3.6573321316203766,0.0004226542688081647,0.003297795446331575,-0.0023534445870776466
2018-08-03,2.224025494275371,2.7865716008930534,3.5633759406824224,0.011697150148872737,0.00728770595690742,-0.015280497148208227
2018-08-10,2.3567009837623707,2.342212823800789,4.259225082914903,0.016992084432717602,-0.012769744160177954,-0.023490650806555102
2018-08-17,-1.8321432432918925,0.31436622173012163,3.1947696219559147,0.01746956061408156,-0.008123148729916596,-0.023976109215017027
2018-08-24,1.4868164720494406,2.137115671794393,3.9756498654005994,0.0049640895648499495,0.001711018055743141,-0.002959468153549194
2018-08-31,1.329821528468706,2.147965365256813,4.173578263054299,-1.1102230246251565e-16,-0.00202219925403313,0.002896044953533572
2018-09-07,-2.249781533451857,0.023760324424350922,3.6162007227996975,-0.010273972602739878,0.0012168739859381716,0.01244413285426349
2018-09-14,4.903335287510309,1.5234281867631139,4.204848045256749,-0.012174817898022994,0.014026514637346832,0.016740973861351538
2018-09-21,1.6140172067582312,2.1356973762554223,3.9531894026630843,-0.009774040987914012,0.012046568076594655,0.010926611029854483
2018-09-28,1.1787686313311703,2.1133345398540033,3.7722009296501433,-0.00010510826150955666,0.023910302593660226,0.0006895957245065532
2018-10-05,0.2727300990047731,0.8731690951013636,3.127997887869585,0.002621369403376317,0.02381273914022075,-0.002510170518479793
2018-10-12,-2.2591017153393613,-0.07068494864777365,-0.7504888523425333,0.003054882545032944,0.0013386283521483744,-0.005803705773612333
2018-10-19,-1.949431188125645,0.24295464291053043,0.19167751485829146,0.015814052218212638,-0.0002220741727737563,-0.0200425531914894
2018-10-26,-3.103856610609102,-0.9437499157130006,-1.8954260940992953,0.012929675181330813,-0.015743876159901582,-0.01774485313119123
2018-11-02,-3.2683936399084352,-0.9058576571581775,-1.5253155927501454,0.009621418113365143,-0.004528666901160716,-0.011888233252343006
2018-11-09,-4.722851820787568,0.7358410453376593,0.7193615955147944,0.0177483721907159,0.014482420569493337,-0.019631583499091998
2018-11-16,-8.913012788549347,0.10307758824261484,0.14561335846690468,0.007940654059136909,0.002532207907596451,-0.008207043293239291
2018-11-23,-2.2810033227070114,-0.060671854759050625,0.3153673731513379,0.00581154005811535,0.009338278003663714,-0.005393317548013754
2018-11-30,-1.6861191503435726,0.3455424208660922,0.5492971421536609,0.00756163248394448,0.002385053663707337,-0.006147361025731324
2018-12-07,-2.0495575614217088,-1.3904357449918507,-0.9175725763556507,-0.0041275410174388405,-0.009619608187648176,0.0037050105857443505
2018-12-14,0.11675729617544946,-0.40256478642537885,-0.16226249302580556,0.010054939359386283,0.004874374086055289,-0.00967600700525384
2018-12-21,0.027438950794476825,0.8835918020640054,-2.0847519750290813,0.0004127115146512761,-0.015272244355909459,0.0024247233611074392
2018-12-28,-1.0877007350645678,0.9860934176725497,-6.4443726563039805,-0.008944176004934357,-0.028200044062568597,0.01069187947335859
2019-01-04,0.5845196551017381,0.15495756059294447,-1.3417755762035029,-0.0034193347839601707,-0.03729986250942452,0.001494111443135715
2019-01-11,1.4919244163307432,0.9376817615760433,1.1067505395717354,-0.018165024630541815,-0.042642324822507294,0.014103187585658095
2019-01-18,2.224063747614127,2.1098421955179836,1.598286996065299,-0.0063943894389438816,-0.013036637446617094,-0.0005277509015744197
2019-01-25,1.9162915707599317,1.9775542230724255,0.9557223711844717,-0.006327800829875496,-0.006619814101110899,-0.0020545549921314743
2019-02-01,1.5019622264077677,2.077529615404841,1.31489932352073,-0.006238303181534621,0.008891550723302277,0.005353225098727377
2019-02-08,2.0095022942728797,2.1010592451333734,2.2528877620721315,0.010139019546357098,0.010916628281897545,-0.01207603104019539
2019-02-15,2.5393216252958397,2.0701021586125785,2.1175378317053997,0.005812746522732226,0.006558870416761398,-0.0059843351227668595
2019-02-22,2.5923276896595877,2.457483157434223,3.036535811602679,0.007516442217350594,0.010497968871239882,-0.00622015857023972
2019-03-01,0.6664691065471384,2.976403620690548,2.965540476418902,0.009939317848922435,0.02210146582035688,-0.006939594972066976
2019-03-08,1.3091201597134599,3.4313212953529737,2.3590128739618823,0.006932947019867575,0.013031393812366066,-0.007943162261153325
2019-03-15,0.47225083422209246,3.339847270428232,3.4346146178610013,-0.003095975232198289,0.00877867776822483,0.0027003098716245066
2019-03-22,2.246011013161353,2.1761272593309235,2.6351384631797297,0.0014506268780436482,-0.006956050408780778,-0.0026006082778683437
2019-03-29,-2.5458909374014396,0.7875532055920761,2.3758423208148614,0.007769605304050353,-0.009471473886431658,-0.013932228717092321
2019-04-05,2.0501256087490756,2.341980454119483,3.608346331663006,0.0009248792518754545,0.005127513156119257,-0.00217961834437963
2019-04-12,2.7745133658784296,2.811176273653375,3.7363293901115475,0.0038302277432711307,0.005023998564571697,-0.0020308154165378234
2019-04-19,3.0040191422224813,3.8187338558296915,3.719005536664322,0.007553026383859018,0.018148737775756096,-0.005789287608273019
2019-04-26,2.237878236175989,3.604864263917031,3.4949344376323666,0.00750411184210531,0.006675386766496594,-0.00615082902478159
2019-05-03,2.4968291264232407,2.7884580084900983,3.054578794153536,0.001232032854209475,-0.005638340716874635,-0.0012482168330953947
2019-05-10,-2.422882938822144,-1.1305802744610258,-0.5221584301347824,0.0037124883984736012,-0.01856728408837327,-0.005972130059721192
2019-05-17,-2.4133921716413136,-0.3398164384783705,0.3592630439650194,0.006366810433353853,-0.01639563974267333,-0.008045517180068518
2019-05-24,1.0036546089550413,0.17163909341902048,1.3460856181282712,-0.004081216202428517,-0.020520632644831727,0.004978024934971792
2019-05-31,1.0686973435619032,-0.0634591295056136,0.7689469416764847,0.002358490566037652,-0.025471400927050913,-0.0029459025174075615
2019-06-07,1.7064323765372513,0.44052840352942085,1.223660144885383,-0.008116716325901607,-0.015917049433807895,0.008722741433021985
2019-06-14,-3.588815831277438,1.8583471416269777,1.6069284127070786,-0.0043877551020411465,-0.01380751237679989,0.004570711597060795
2019-06-21,0.7432182733396949,2.178476562094187,1.7856398084385112,-0.014240344227026247,-0.018205937514295112,0.014592351287429306
2019-06-28,-0.6439447642540224,2.032257185550908,1.3885619918958625,-0.016572890025575715,-0.0035095820826600566,0.017996239591727248
2019-07-05,4.427272276905388,3.409283800835445,3.585176130578481,0.007768800497202966,0.002495494246499419,-0.009441454160416418
2019-07-12,1.9310746606696487,2.729647182182253,3.600014981038183,-0.007789279491647094,-0.006079307327407579,0.005531269515568038
2019-07-19,1.6347190615458955,3.005765742508968,3.0571641301102424,0.009665350239035364,0.003727344732796123,-0.012843068261787272
2019-07-26,2.969089312694835,2.4038570441666396,3.3035765203762337,0.019556850098824574,0.007229250660364173,-0.021372031662269086
2019-08-02,-6.316972476594032,1.428251970718686,1.329033534173313,0.00801726796176383,-0.017240584520352376,-0.010422234099411898
2019-08-09,-3.155490808990659,-1.228869874781616,-1.4212028434495871,0.007024067761594921,-0.02066632686159131,-0.0062993523201133605
2019-08-16,-4.7740435811992015,-1.2806625158191245,-0.8954425753021112,0.010190427174472605,-0.012440235807455013,-0.011762609160577364
2019-08-23,0.31455033045171205,0.4419971174301143,1.372691917963505,-0.0037751249872463033,-0.03008971704623875,0.0015727509661183081
2019-08-30,-1.2902132854808308,0.4392702862109221,0.5904822417404858,0.00866727847455917,-0.002720577888268738,-0.010622018183454651
2019-09-06,0.13655139369247554,1.581912150130142,1.7896456605296858,0.009231716073443641,0.011734090371421813,-0.015267857142857055
2019-09-13,3.504720986107985,2.1357891720248405,3.3706059918922633,0.001222743020175443,0.016075205640422974,-0.0013525698827773214
2019-09-20,3.781613764802536,2.0768339677638172,3.4883075211552734,0.008910282671036551,0.020492386509178617,-0.011350890573825767
2019-09-27,4.271203905184833,1.742840688444155,2.606032660163796,0.0019207440355843985,0.015333239264380794,-0.004731143662996984
2019-10-04,-0.3499609290993327,0.06154682472428981,1.2055562295872082,0.004268726496595043,0.0002805967357246697,-0.004624172635778412
2019-10-11,-1.2717738434491253,0.18271970702366538,1.3393660126005653,0.0004070832485241205,0.0030531526113708463,-0.0029796839729118174
2019-10-18,0.08504523456842747,1.3747639897856843,3.6893701484114096,-0.012486042026190303,0.008041649235346116,0.013886367761844376
2019-10-25,3.7894742440448494,1.9738341527266585,3.981355353527408,-0.012914942992634626,0.006717005605225479,0.012889660846512552
2019-11-01,-19.567482551039365,2.7253554720387156,4.472967727150122,-0.015889080052626348,0.011594744962364123,0.01721625068318433
2019-11-08,-15.034600737740087,2.9595685276058843,4.894899408681724,0.0005086469989825648,0.008024719826592364,-0.002173519289984105
2019-11-15,-11.626497086865129,2.9345810818541134,4.438701477740726,0.0074013157894734505,0.0029051000645576863,-0.01065258257989421
2019-11-22,-5.253139812317042,2.8185492736395323,4.312500380981861,0.004497597873863057,-4.601509295054651e-05,-0.005054151624548697
2019-11-29,-15.747860243204428,2.9487163636214997,4.625625070014385,0.01059234882764315,0.012293756065997918,-0.013432434852690966
2019-12-06,3.4981704332040024,0.9701086455393216,2.579980911394825,-0.0066090493136755635,-0.006222262890607011,0.003721183517880311
2019-12-13,-9.405826385704298,1.5054370972669489,2.9799342808359333,-0.008469387755101976,0.0057933698101062525,0.006243213897937361
2019-12-20,-55.40132786082692,3.31376778887559,4.491713776217553,-0.005902106441436739,0.007270719248999136,0.0049891146589260416
2019-12-27,-10.997439186534626,3.8040294743558283,4.123270176517517,-0.013737661544723556,-0.0008218052321600222,0.014477625487882673
2020-01-03,-43.680428223304105,2.429400179189336,3.3213040825544127,-0.008802456499488187,-0.004695916394272692,0.009132832986707529
2020-01-10,-33.543042677702104,1.2547310170077237,3.5091318970620593,0.0019553360090562855,0.0009142857142854233,8.991997122564932e-05
2020-01-17,-38.03426725498747,2.3249179610844726,3.5416817578566295,-0.0005118231139317198,0.006487276714331358,0.0009928693925442822
2020-01-24,-16.1316294714582,2.26732408445902,2.7727788196671197,0.00959554271564178,-0.001370801919122533,-0.013555227486243604
2020-01-31,5.536051909531241,-0.29007391234166846,0.4576619881887261,0.00567947129285451,0.0027753365095517513,-0.005913978494623828
2020-02-07,-8.981401500458398,0.9253598583542046,1.4493784236387888,0.013557929334429009,0.0023749714546701384,-0.015914403884193518
2020-02-14,-7.957116255236571,1.881703118960908,2.370251019139221,0.015157722244981686,-0.0036312468793973096,-0.023264201983769217
2020-02-21,0.09468387674217808,1.626849491937794,1.8060610285074001,0.014409810935104739,0.021139327385037543,-0.01632653061224487
2020-02-28,-10.157985900585373,-7.175185712349529,-8.326487182885748,0.007598316048875731,-0.0028599105124774704,-0.006084369929691746
2020-03-06,-18.867381826593213,-10.661774840547015,-9.601523437729705,-0.027665180381029608,-0.04027885360185901,0.03115577889447252
2020-03-13,-35.25186963046452,-20.046812657159784,-17.997709434645014,-0.003732849071832134,-0.016673500068333902,0.025341580502215688
2020-03-20,-31.243325744712514,-23.536199076483715,-19.28139344109688,0.035865403989522315,-0.006900569072904039,-0.013831258644536715
2020-03-27,-18.78384363226968,-16.43565657825143,-20.01114107531086,0.0024457352491593642,-0.0016653559698386333,0.010474765338049474
2020-04-03,-15.670416936184813,-10.277747936941749,-11.259927110179442,0.048254299114121935,0.0299102691924229,-0.04226475279106867
2020-04-10,-5.899592877610539,-6.650172955012773,-5.699801355293204,0.0077974683544304035,0.005096131572851492,-0.015351370818889709
2020-04-17,-4.174794301131326,-6.082825461875697,-3.4238617086883876,-0.029566232250534896,-0.02968912150882086,0.01711079943899052
2020-04-24,-3.540414753887215,-4.767476591623106,-2.530695835994666,0.02043305885940816,-0.0036142903479913224,-0.02880990845449638
2020-05-01,-1.4360051223330017,-0.2146843851088093,0.7146406620565842,-0.014913501690196895,-0.014013737150232797,0.01628272735683245
2020-05-08,-1.515545175527759,-0.7342209440594736,1.9150606138338084,0.0021101286173634826,-0.016685872320811312,-0.008732626188734494
2020-05-15,-2.559048969061346,-1.0430135266420244,1.8364727007525041,0.006213670074163069,-0.004557079748895854,-0.005699577128148614
2020-05-22,-20.43916958055673,-0.2235252852963015,2.7470585446031714,-0.005180314803745811,0.001023113053992164,0.007485444968117427
2020-05-29,-1.8396582627840723,0.22597669574039259,3.187252720842371,-0.007468712151796675,0.007854504651923833,0.010377787892581036
2020-06-05,0.7804009664663802,-0.7077813212684028,3.66626922878948,-0.027975533941642428,0.027422303473491505,0.04109589041095929
2020-06-12,-2.338176085719313,-2.908757244237409,0.7438037214781609,-0.03067729083665338,0.002989676274115727,0.040680473372781245
2020-06-19,-4.780409432243362,-2.9752704068101616,0.7163487956761927,-0.022431403965551766,-0.006875725900116203,0.025224729407448354
2020-06-26,-1.634269905246106,-1.7928831831257939,1.3458253825688993,-0.009253609924750883,-0.005195528134712801,0.010811784845481398
2020-07-03,3.198875403621796,-0.2829452387792465,3.1520287161528215,0.002372601609242686,-0.018979833926453193,-0.0032783980152402137
2020-07-10,0.7738213570101863,0.6657316209722559,3.606711456391688,-0.0068845047266749,-0.004191700433142542,0.0039090262970857825
2020-07-17,-12.471681155853352,0.838327650801584,3.356583419255191,-0.017209588199139647,0.0011227019694062257,0.022456830992216403
2020-07-24,0.93028789427768,2.274758682359922,4.386777747821158,-0.030688699579185075,-0.010165539752856168,0.038951778233354384
2020-07-31,2.7428006737803576,1.4758627841712433,5.229056664291965,-0.039312545024184575,-0.015021858431773949,0.04684860876522379
2020-08-07,2.369336244914572,1.601695564402572,6.035055643955108,-0.033212622866011454,-0.009167017445395498,0.04318584070796505
2020-08-14,-9.962059649994433,2.2163632059214438,6.222089846486447,-0.029601834479883293,-0.003738143077426259,0.03627056352817659
2020-08-21,5.0256710421389155,2.3326009242676458,6.0984756627903565,-0.012600592969081004,-0.003203467282234862,0.01209677419354871
2020-08-28,4.217562655069041,2.716823539436594,6.048879887954193,-0.010498125334761577,-0.005099390906086132,0.010954483695652328
2020-09-04,2.235117898596342,1.7730714876020641,4.240572786905129,-0.0077054794520547976,0.003021005428369028,0.004411265693925914
2020-09-11,2.746288438814221,1.1842144629563898,1.7843734855959,0.0024704618689581626,-0.004221190375686135,0.0003377665188937229
2020-09-18,1.0509631405477058,2.7251246138228025,3.882142206464433,-0.0034316353887396955,-0.011626258329788808,0.0035602271764005877
2020-09-25,2.5061778841121467,0.11846575583854886,3.390918690219111,0.02457507848868712,0.0024678468036636314,-0.022931541369172526
2020-10-02,-21.60901393740683,1.0353271780424087,2.9325785418392902,0.012079378774805916,-0.008470986869970276,-0.010557432432432456
2020-10-09,2.829218646111604,2.271013594331953,3.533831417964953,-0.0028929604628734618,-0.005181103103951701,-0.0017304689148691654
2020-10-16,0.9015074567607548,1.1791357334877264,1.9335248106340224,0.008070590767244035,0.00817673217615833,-0.010051524622011976
2020-10-23,-13.893648925069817,-0.49264210159279787,-0.19486948752668454,-0.019759087066779424,-0.008616200350329062,0.019687070151306774
2020-10-30,-3.2039670083468,-3.672451460740718,-4.861085496784823,0.002131287297527651,-0.006549907446959935,-0.005633802816901401
2020-11-06,-0.1722860062751784,-2.531160909350214,-2.2047908449024027,-0.008918977004083284,-0.021305809384025265,0.004058853373921645
2020-11-13,-3.8708038455496707,-0.0714198392166728,1.5438092033491855,-0.00982066609735266,-0.0074464048567634,0.009726962457337951
2020-11-20,5.245302853898138,1.6058763725778207,2.654416444492891,-0.00409615177320255,-0.008118045938589447,-0.0005058595396675303
2020-11-27,4.863648604096438,1.8337980884598575,3.24885928576398,-0.023925988940876164,-0.005159810806937282,0.02699802558159492
2020-12-04,2.718723972013154,2.007654273368103,3.1896944163259033,-0.01658896237666707,0.007740312515117642,0.020885969344786925
2020-12-11,2.6956524883264747,2.0480119539472526,3.7744938700022197,-0.01918930573523059,-0.005829789267453589,0.023576136555687244
2020-12-18,3.175215075064776,2.3969359759908166,3.348185169549525,-0.025652126853555446,-0.0051032689807906095,0.03390974272458891
2020-12-25,2.9407189018486277,0.24309226472053566,3.174587390029825,-0.01601481642880498,-0.005954953657013706,0.02026998787980072
2021-01-01,3.153533595622433,1.1563916636421296,3.6051986381603065,-0.008379272326350606,-0.009121021554413966,0.007589506682065483
2021-01-08,1.8080861733290021,0.9971713733663883,2.917722892870413,-0.009672455484722065,-0.0007690459024272123,0.008750928754230891
2021-01-15,-11.148820660686876,1.798430780417626,3.782820463537329,0.008331481892912551,0.005419791918703343,-0.014440727747409787
2021-01-22,4.76547069532144,3.320435216368544,4.094865888734171,-0.0008857395925598865,0.0028020677327407206,-0.003113223005079435
2021-01-29,-2.8285501758756895,0.9434039288927643,1.420571069749291,0.007115855014453887,0.014437285015260759,-0.006345177664974777
2021-02-05,-14.413669690247872,2.1117316251648184,4.589845098670745,0.01043285238623759,0.013757275482226161,-0.014321957607005609
2021-02-12,3.3758810524583445,3.527575163594791,6.220687796911938,-0.0031948881789136685,0.010203590508735205,0.003311258278145379
2021-02-19,4.8498334319764975,3.386704227618832,6.03517256850077,0.0013297872340427563,0.01599460422989818,-0.0040269559500331065
2021-02-26,2.5341817213097544,2.119602946019538,3.4646113498917033,0.003311989401633797,0.018147953579445097,-0.0049849627157747545
2021-03-05,-6.815308282526919,1.9212351834076429,2.4579777739078814,0.010325131810193122,0.028279952550415155,-0.01046164065094668
2021-03-12,-0.9083323105789489,3.3650689852094757,3.659381276540023,0.013262599469495928,0.03878221925770653,-0.013696369636963635
2021-03-19,0.3857605869499821,3.76671756354365,5.104406633770681,0.017264276228419417,0.03262364265730966,-0.017740737684627472
2021-03-26,-10.665302553328292,3.896223187738351,4.729173753435019,0.020796654929577496,0.028706787372766218,-0.023020867837032277
2021-04-02,-13.527725250935637,3.8354040349266563,4.536918837556375,0.011306805827353772,0.02187254856720955,-0.012921631146165624
2021-04-09,-2.0155052593822647,4.0005023490633365,5.148409980249261,0.005235602094240788,0.005962482227216626,-0.004684624393508696
2021-04-16,-10.723551855442409,3.5442600090482896,5.288947026185317,-0.003916449086161955,-0.0009184001469438874,0.006804435483870774
2021-04-23,3.122227466021522,2.511341376354691,4.370247448234813,-0.02058855233372847,-0.015776754365965817,0.025597558908289297
2021-04-30,-3.9322779057414103,3.1010893550253344,4.598440902930177,-0.018705654697914298,-0.01300519304583403,0.02176130567834056
2021-05-07,-3.7176880947453577,1.9848883976823088,4.226703790512231,-0.020941840277777568,-0.009574613595951353,0.02235669860480738
2021-05-14,-39.01399162421448,0.7729900546523947,2.2022215184442913,-0.013543031891655843,0.00523969297237703,0.013099707968293517
2021-05-21,-6.76693878086711,1.1082551079743816,3.5119719075698113,-0.009244992295839638,0.009543664581885603,0.0066942148760329445
2021-05-28,0.2307644641572574,2.932826209482127,4.826077625949824,-0.013694127957931679,0.004941208766070515,0.01422628951747118
2021-06-04,-2.3482182157797546,2.812309842770622,5.095247305032858,-0.0009974509586612168,0.008194080007365656,0.00024662939822417407
2021-06-11,-14.136431689272815,3.262470358454455,5.2815137032591055,0.0026572187776796596,0.0028348040784602624,-0.002800197661011361
2021-06-18,-10.454261468433604,2.8974277577805565,4.356963953177908,0.02455009997778279,0.01138084530310679,-0.026188326081602487
2021-06-25,-6.842687521887728,2.605292738718405,5.086087146985237,0.020215483727646033,0.008786706123378174,-0.020999097695021174
2021-07-02,-2.1724472302695843,3.14052564017335,6.0068393445341215,0.023186154870201703,0.014154604812565807,-0.024821237774307447
2021-07-09,-9.18543982928237,2.784148224363553,5.345793591104223,0.017336572438162223,0.004468153011443654,-0.01924347538817328
2021-07-16,-7.003566271056036,2.8251863699485877,5.140381744543712,0.004987531172069737,-0.0009074821906620567,-0.004720957679986371
2021-07-23,-3.386453468226919,1.0410785253879518,3.9982261495468947,0.011540555253130247,-0.00212113006589032,-0.01357352325094252
2021-07-30,-13.75580268008305,2.6390457030838763,4.713048851121103,-0.0006505475441830333,-0.012066093377155362,0.0005056890012642423
2021-08-06,0.3223183183964927,3.093955088950615,5.218971241796791,0.007272332573537543,0.000998592891834127,-0.009557894736842099
2021-08-13,0.08772447497567412,4.48224536944403,6.051049313424793,-0.001834070557773182,-0.004632362959262393,-0.0011011350160936573
2021-08-20,-8.492444698609585,2.7559696850686435,4.031465265591426,0.0063502314067376275,-0.006693500972366873,-0.006455448908519346
2021-08-27,1.6663240174633003,3.373844859677876,5.840949937877966,0.005641748942172065,0.0010937428792778814,-0.006402156515878943
2021-09-03,2.397008140900874,3.670157632341288,6.446275405992644,-0.008189655172413768,-0.0047159116673468615,0.010330315010840474
2021-09-10,-4.7488143357252115,2.922296441558923,5.266408988993128,0.0006485084306095956,0.003193867773874093,0.0018655134401763807
2021-09-17,-1.9314840270849074,2.207474534106238,4.379295241038701,-0.0032085561497326998,0.0014569958566679198,0.002564760194921911
2021-09-24,0.3013159209069124,0.6189633055630139,1.6911312576894637,0.006904736217498986,0.008194109345836864,-0.00669775328529032
2021-10-01,-0.26695553495125424,0.23953372078452081,2.772912510303283,0.021729682746632006,0.01207344298145685,-0.024152150130438366
2021-10-08,1.4631435684923921,1.3466978878338889,3.125882878383625,0.016094188809677723,0.020921453586209893,-0.020820990266610218
2021-10-15,1.3894435431528165,3.1562405563622864,4.2616138609270005,0.007939914163090034,0.03855421686746974,-0.010659162616185158
2021-10-22,2.2509695784775148,4.45011611572465,5.8302449474939975,0.003321547198114283,0.02474375761954195,-0.005718675315807387
2021-10-29,2.5185555854736754,4.028437134927482,4.995603312940662,0.0008507018290087043,0.02651481047987736,-0.0028458088996204944
2021-11-05,3.9630443780406743,4.112119099967455,5.578298666331814,0.002657595407675295,0.010513654385886584,-0.00012965684155952228
2021-11-12,1.7046131393364363,4.4217842803720515,5.093229712106308,0.01266766020864396,-0.00306439609508391,-0.012928805378382924
2021-11-19,3.781525282409132,4.006147687950953,5.429082417236657,0.0255232806492951,0.004582507160167726,-0.0309039402523823
2021-11-26,-13.869274840312167,1.4537642118234875,3.642330421646448,0.020930726731831717,-0.0060518352848308865,-0.02110179019285674
2021-12-03,-4.758899678527838,-1.6339930248552919,0.4416091999480586,0.01908396946564883,-0.005290305515143534,-0.021828398530365112
2021-12-10,-1.103797381171065,0.7890781023254967,4.15705465714655,0.010196573110480278,-0.0042155183770251625,-0.012137617883339114
2021-12-17,-4.935109066287503,1.741254490299062,4.595601715392999,0.005623242736644496,-0.0027194175183121727,-0.004251926654265326
2021-12-24,-0.3824789210392652,2.7342352916480843,5.159459640452721,-0.0007284837131856792,0.009706596073240537,0.0
2021-12-31,0.04191423933669754,4.069725526053496,6.561692431822001,-0.0015605493133585835,0.02021007844701539,0.004860804242156513
2022-01-07,1.5615319356074422,4.124142425421119,5.463297733413372,-0.003954214360041619,0.019226529082330135,0.004242906390877987
2022-01-14,-8.013303303604227,3.5057087526396353,4.253042304193237,-0.014497255876566029,0.004662004662004726,0.015568009963526475
2022-01-21,-5.568527942944787,2.6077541115578677,1.4996527481955853,-0.003957508852322489,-0.0063797247105089605,0.0020319816238183463
2022-01-28,-45.11984472065906,-1.4376962896694905,-1.979103022710141,0.013545899760341928,0.0013901559581215306,-0.01978891820580464
2022-02-04,10.611878382449817,0.7683383424831725,1.9220998979882609,-0.0024028416213958126,-0.0030285986241509466,0.007657776604172106
2022-02-11,-6.021444458130401,1.3876807191625666,2.513793222180108,0.009561836713250171,0.010594055071575514,-0.005693763139453356
2022-02-18,12.4538642577679,-0.962811118858675,-0.12234855607208886,0.004182350480970376,0.011697963850653137,-0.0016751895609241618
2022-02-25,0.38151771539160506,-3.7636872914422965,-1.2737701745826207,-0.0066824303485143455,0.002776452214654501,0.011126065500224103
2022-03-04,2.3427072532877014,-4.993396285788371,-1.8874847565696051,0.033092470415750475,-0.0036453586772554614,-0.04551013277428384
2022-03-11,-9.558108569056206,-4.914092007462327,-1.8681481444959345,0.03164029975020832,0.016200996317955463,-0.03876310457228449
2022-03-18,-19.307826771373254,-2.3079633219411653,3.726040972061295,0.02280299875052072,0.0361660508585091,-0.02349200741852875
2022-03-25,6.5683553744238665,0.7168532981689723,3.2921324032634196,0.02245911819499047,0.056240536448193934,-0.025379359304286142
2022-04-01,17.16159443297279,1.2478089945969408,4.346290389365258,-0.00020273694880890147,0.06716320397229847,0.01171410268143136
2022-04-08,14.07211041651288,1.2894559881842433,4.521801306513646,0.006860371267150889,0.060019608678971714,-0.003024470717624239
2022-04-15,19.079830003204755,2.350099499457027,3.4454089101528913,0.021286775934032276,0.06020052859000691,-0.02251967079678019
2022-04-22,11.610330183584884,3.9974520766773987,3.7585933115674495,0.02459763133920423,0.053245955355313956,-0.0171173631976691
2022-04-29,11.33769325847615,7.299629964684345,-0.6264440564744447,0.04389131096015397,0.05991592179910987,-0.046313885119855236
2022-05-06,3.5598148564657466,-1.2776694373857467,-0.9891124390963484,0.03867735470941858,0.05018699481240185,-0.029876815591101447
2022-05-13,9.827909744663142,-2.0550614966924727,-0.3247771987932687,0.04228426750132064,0.02251503640392527,-0.036547002220577496
2022-05-20,17.2994340108128,0.5197374704855179,0.47590758787558374,0.01906737798853997,-0.005522068831421256,-0.02158406669754509
2022-05-27,4.954923222558968,1.1323476247960855,0.3447364832649214,-0.012538971823735423,-0.020909545997150336,0.017642037370767527
2022-06-03,-1.319707099393053,1.7146017419738093,1.6353524156895496,-0.014663322400154222,0.0022975301550833827,0.015824883919264954
2022-06-10,1.8765066652531026,2.103273233971408,1.8658070465351955,-0.003968899132580472,0.04047830966293864,0.00998751560549338
2022-06-17,-9.560303879812803,0.1369378204367096,-1.3247052841521536,0.015026660203587117,0.055605521448402806,-0.005870100359780195
2022-06-24,9.39110511333277,0.06690774722540177,-0.0557337276486606,0.024757052366526144,0.06336033980964384,-0.016124522322676693
2022-07-01,5.9685900651836254,0.16505422383441448,0.029788386261162723,0.029351869982377154,0.03308500477554954,-0.027145522388059895
2022-07-08,2.0816953949518697,0.226566646379223,0.9855493230726431,0.02745131927641431,0.012347974857738198,-0.03156793762479804
2022-07-15,0.4481127179114317,0.23547035305882896,1.233263431546471,0.03212034383954121,0.026449342470828086,-0.039142857142857146
2022-07-22,2.584552571527329,1.3983749561216712,2.4347685182763334,0.024427700724672263,0.006509597958353375,-0.0325881015536188
2022-07-29,4.186197000146597,3.0779834897743754,2.5358723118340656,0.007276151343947879,-0.014792352353833138,-0.02004027231757588
2022-08-05,5.356148966219704,2.408183053760162,2.9298427893674925,-0.003607240647808263,-0.00815606745288222,-0.0001963672066763733
2022-08-12,4.0366868966778995,3.0461848843760655,3.7648694496908504,-0.022505390374133682,-0.036450250821032815,0.01694915254237328
2022-08-19,4.161968455180791,2.7120374429604577,4.33843143482652,0.01348261969455633,0.006467497152096158,-0.017234625930278025
2022-08-26,-48.34053690203999,1.53465155864273,2.694476807427334,0.027383549096815063,0.0325062873015276,-0.02514677103718188
2022-09-02,-2.7382368198993374,1.4122124511206315,0.8914643473715614,0.027321071833878996,0.03874504574582338,-0.022586664047922866
2022-09-09,2.1677450838498764,2.4823920924048792,1.2769177992497505,0.03192244700892721,0.0677178920558823,-0.02134502923976611
2022-09-16,-14.72721941118768,1.9023360447701259,1.044200956722662,0.014745444628313065,0.04374018766658194,-0.0018931845356716659
2022-09-23,1.966338791143512,1.7857919739450743,0.4273518060729655,0.040338961241877636,0.042171083724143354,-0.027200642376794204
2022-09-30,0.31741909052428097,-0.16485211590004661,-1.141481996365139,0.0235817189183265,0.03245016581678151,-0.015271777353561666
2022-10-07,1.7905379516429285,0.17977324503397868,-0.016210515651339807,0.034788033356879744,0.01971445609850231,-0.029678318892540356
2022-10-14,1.0544719961429236,-1.4667878986304763,-1.2169549168736544,0.03231478444663072,0.04068282785881716,-0.029549765398821926
2022-10-21,16.64474420566152,0.3228137336669291,-0.6990104020927234,-0.010424765001060154,0.03013918442808783,0.01754023937267868
2022-10-28,0.8128452495585842,0.20802272900298532,0.03899015107662933,-0.012174781701258741,0.018650917003419476,0.01673298642995613
2022-11-04,5.36676681628154,0.7732291553208007,1.1715101296895924,-0.017004299835985615,0.008669028862361872,0.022477676280406422
2022-11-11,15.910241558445346,1.5714058177250743,0.8185928348945388,-0.06194455966322787,-0.06685714285714284,0.06511675753523294
2022-11-18,-40.12442357449206,1.695345395283344,2.394787422212107,-0.04537013891368791,-0.0493718465341505,0.04689718109916852
2022-11-25,-7.211012094842886,2.4670998131684767,3.6529125618950964,-0.043276870846576165,-0.05662360560132906,0.04335173105870527
2022-12-02,-16.354169588216973,1.3024085234764375,3.5244814375284093,-0.05710832724550641,-0.08383070154496763,0.058020477815699634
2022-12-09,-0.18068642089804357,1.1939616258607528,2.624166795185616,-0.013942723817408686,-0.01606570368502591,0.017191423604403733
2022-12-16,-8.610922019400672,1.6442190608076586,3.052932782674008,-0.020845412886935644,-0.02607487621558091,0.02513438907453125
2022-12-23,5.259019000006877,2.5858040444730217,3.4921797442312026,-0.0155248728281695,-0.04535815692053358,0.021063768394729454
2022-12-30,5.777967062008379,2.0918226952711767,3.3797030434563604,-0.0035008847864557158,-0.023750139597215725,0.01555977229601524
2023-01-06,5.822530030954568,1.5560579820321838,2.319089690290216,-0.008882740196546002,-0.032875709317224944,0.010776680592480492
2023-01-13,14.181903156244976,1.587635974825346,2.0463629971096844,-0.02384886486279969,-0.06444533850261525,0.023242630385487573
2023-01-20,15.370124543625195,1.8825741780264473,2.6297348423307363,-0.02206798703913171,-0.02424607507247467,0.02270158251695542
2023-01-27,-8.256123413061813,1.8555716300105114,2.0535272327934826,-0.0216166405897541,-0.009609151572926411,0.01541479820627778
2023-02-03,1.4876795035656785,2.0772679756488506,1.555805869490176,-0.009280027724564044,-0.006813794147707886,0.014043492555539494
2023-02-10,-22.73431474685579,0.9975432647130106,1.5236766406941684,0.013952487182497864,0.027600766253567555,-0.014127423822714591
2023-02-17,4.4469323429546,0.6114812734567622,1.6341065977998377,0.018135121358271666,0.035343596866921345,-0.0149673022013449
2023-02-24,-6.993707245187951,5.0136214966305275,1.0651930301880939,0.03224857005503923,0.050899010510915055,-0.029533535743858752
2023-03-03,-8.569645442363601,6.365120356469584,1.389786468564052,0.01560511101394324,0.03575103860959716,-0.014914312181565692
2023-03-10,-48.90921254327303,6.266243699071735,0.48619910860354454,0.009128630705393936,0.027163781624500505,-0.0030907558302897264
2023-03-17,0.9608130164001885,-0.08339377549598623,0.1436714189417046,-0.0014827367083246612,-0.017515745537211802,-0.0024779092056665952
2023-03-24,0.7166222614147657,2.72607176523074,1.9868295760697365,-0.01994031212576275,-0.04227880564205888,0.020193401592718985
2023-03-31,2.7183392595619034,2.7388722791388895,2.5223344837235095,-0.019278422517962968,-0.02259429622815079,0.019465864209140538
2023-04-07,3.1428809971047755,3.451115135818295,3.201872679057279,-0.02375305997552024,-0.021111893033075257,0.023957158962796044
2023-04-14,4.398197476657126,3.5935674829121687,3.13658012035729,-0.02078913873568089,0.014945188332132098,0.031214848143981788
2023-04-21,3.7223615961460723,3.8122606899066356,3.746903762588252,-0.012548973971061694,0.026471825867411036,0.02118762196821833
2023-04-28,9.859152398793949,7.186000923115918,3.996367105136744,-0.00826293095038344,0.026279131056812455,0.016695876764135864
2023-05-05,3.418338379560102,5.342101188541866,4.171996932494101,-0.008600086196763779,0.020432101101063083,0.011010184420588986
2023-05-12,3.786482876343001,4.742683567009267,4.187031260865791,0.011117457066330383,0.014500878274843698,-0.01372602490682684
2023-05-19,-1.0959703071444111,8.237106729604188,3.712313234129465,0.013513778947574995,0.02832333320910818,-0.01683501683501676
2023-05-26,-6.089250397093869,2.0815340869264967,2.590622349761227,0.0250543483606962,0.03184269415605856,-0.026946107784431295
2023-06-02,2.6404019293208623,2.0722767942127382,3.4769372068367312,0.02767403718853112,0.03789536134079885,-0.02822397676740196
2023-06-09,3.7499310258625256,2.325373711367289,3.9301137013362157,0.00853127647763463,0.026745256953398577,-0.009308755760368714
2023-06-16,3.771297903188612,3.792597284992015,3.3629750735156954,-0.009254055311149534,0.028050592541586816,0.012125138837467464
2023-06-23,3.0736385130405544,3.4538825097656547,3.9955689619597914,-0.012504078459973589,0.021758452732250078,0.015477855477855407
2023-06-30,3.405688533989428,3.120710418312418,3.2103712943662104,-0.010604239773109758,0.03129577364152758,0.019051176690324745
2023-07-07,3.114508442590714,2.7653626909306297,3.1968552010727107,-0.012408625201579926,0.01959025510387158,0.020467020187924678
2023-07-14,2.7799718604551584,2.019442320858526,2.8785408639281043,-0.02277906555950049,-0.021785877956780775,0.026886145404664052
2023-07-21,2.122971033119417,2.2804293418801693,2.3707174315593957,-0.017803173862763977,-0.013152858484985486,0.02148563033697548
2023-07-28,2.519338677986945,2.5814416376535654,2.812271436614128,-0.012534981343283458,-0.021962794886895343,0.009530791788856519
2023-08-04,1.1672725761485203,1.073137330932513,2.645196029487477,-0.002493351063829752,-0.0022521729950384373,0.0038289725590301416
2023-08-11,0.2854480749577789,1.231125477871173,2.0164570004515947,0.0293052024741276,0.044902519009693886,-0.025202600409653386
2023-08-18,1.5626474312897358,1.2260996048895396,2.1133817476181522,0.022795856378189594,0.025281196008603235,-0.023191011235955017
2023-08-25,0.6187917851774309,0.978362055369384,2.2336071805885336,0.024158154730274717,0.03726136081890008,-0.019426289034132016
2023-09-01,6.534791296090892,1.9060765202542627,2.7872252276092775,0.021751276747993042,0.03160159418756403,-0.021433112342203353
2023-09-08,2.948695730113226,1.847668756412213,2.6803167770641614,0.02185877365278799,0.019589584411105365,-0.022428284304768953
2023-09-15,3.409506772852532,2.5943335804214778,2.685638013810045,0.018834340991535692,0.01681683747162821,-0.01932456059630072
2023-09-22,3.7137524144336345,1.7108345579107045,1.9987192572945847,0.01447005582405314,0.013351545159637768,-0.013701166450657332
2023-09-29,1.6484247214301633,1.2010879203897198,1.201816351410346,0.019072105606508405,0.021402441109097614,-0.018839907192575445
2023-10-06,1.3340895698038928,1.1154054519130419,1.6001691088253291,0.009077933200114074,0.010283124175489489,-0.01056025419372908
2023-10-13,1.9161777697704707,1.2432564621438196,2.0737111794721184,0.01258996221112385,0.011668414110325598,-0.013699915548466057
2023-10-20,1.9847670219050095,-0.09045025997789366,1.0439546594861795,0.0054933085818738014,0.009940692815743501,-0.005631687629059634
2023-10-27,-11.473454488882162,0.3081466547736205,1.0175680412200534,0.003153712908570583,0.0016066945606694194,-0.0006148316307225121
2023-11-03,1.780404266388026,1.2876870490627699,2.013417889502492,-0.009646939006450306,0.00040178123012024614,0.013553719008264409
2023-11-10,0.8074339487659173,1.9343009049298843,2.4129327075640363,-0.007379416397869543,0.013071676918962272,0.016363809342593738
2023-11-17,4.261898959461473,0.3300326618961013,2.753573985556373,-0.021156146680105237,-0.0014680858162889887,0.029733811591467152
2023-11-24,10.756592703146215,2.213528655922838,3.6231996839259546,-0.029617395058136875,-0.0011362497075829703,0.03554020159954585
2023-12-01,-0.4660978239356254,1.9420895355190073,3.3651326330367946,-0.016691899715295166,-0.017202717627765263,0.014164569937564098
2023-12-08,-3.5505697997379655,1.8885557973314662,3.4315059796425453,-0.017485192847224384,-0.04336204336204341,0.0074885331835627955
2023-12-15,-13.19262047025914,2.657321011186962,3.469115170782422,-0.013154729255078768,-0.04992147559060367,-0.0012375103125860099
2023-12-22,3.302445947934207,3.121661730355129,3.3630377674555185,-0.01648888330125864,-0.046973803071363784,0.006489351978795188
2023-12-29,5.108252180365507,2.8850047171002227,2.949863813953058,-0.018737653484138583,-0.03923037629831416,0.014150509969677483
2024-01-05,3.032366014256399,2.8510684635435424,3.190875478541174,-0.015363907316604086,-0.001931767222049574,0.016631050822261573
2024-01-12,5.848187382760398,2.6307007201820443,3.2965295589541355,-0.0014236957581665877,0.019343720324974667,0.005093846083245257
2024-01-19,6.987662610059867,2.317526505084106,2.3763163226827326,0.015634525752718842,0.04023170089520822,-0.01035234289865572
2024-01-26,9.374009245893365,2.208324011831579,2.4484368383773356,0.020723752380764404,0.05040229681352626,-0.016580592552324025
2024-02-02,-1.0560700721437313,2.2227304225514612,2.4862318061134316,0.01474436589462158,0.025714581965230243,-0.014256991409248743
2024-02-09,-6.824510748159563,2.314748598410214,2.847742462113991,0.016669270731612063,0.03036262636718079,-0.015249748881380643
2024-02-16,2.234457766954488,2.291311047456283,2.437847139561866,0.009555805127410943,0.013971853801761691,-0.011194714626537317
2024-02-23,1.1521648685271875,3.816548625084186,2.1544193932190727,0.0048630514439298445,0.01579213767504628,-0.003132485719550493
2024-03-01,-4.230607436578012,4.220055160036419,2.6807776521132465,-0.0005869786955601253,0.01169255652525547,0.0049137771184868395
2024-03-08,2.2634508200224888,5.939317367046698,2.2553597002628885,-0.013437581043309388,-0.015001841743964128,0.014373145400593312
2024-03-15,3.9321398156996934,9.018460524185592,2.495170427385843,-0.008084392232078574,-0.007921451156598258,0.010486265775798032
2024-03-22,5.005853551244968,3.8367450204149534,2.898625820416162,0.0006542487684730869,0.006112347606550994,-0.0012014787430687512
2024-03-29,7.442629139196109,3.238538266574275,3.10440738700049,0.006595353405031812,0.008026911803890258,-0.004059415075191808
2024-04-05,-4.41434293405119,1.6253224228717364,2.3270793761376356,0.015441233740945748,0.030902600713921258,-0.009324435505987827
2024-04-12,-1.637196231336393,1.4264796705122678,1.9807576651077166,0.025195297393456828,0.02858388969034098,-0.022591606208099857
2024-04-19,-9.266020713521932,0.927277635742066,0.744162544196745,0.02067228183531422,0.021164195859609602,-0.014018691588785104
2024-04-26,-3.7308853905373196,10.020260456968035,1.5086101214075964,0.013314713140627266,0.046390219725755744,-0.009356183418249397
2024-05-03,-13.76384715145451,3.480475362174822,1.881045842427317,0.007018351262728206,0.009068724442685916,-0.007105287441174002
2024-05-10,-12.28880887721316,2.098297210696835,2.624336668505328,-0.006950338557875524,0.015917022733944686,0.01202668420558095
2024-05-17,3.5130219797752886,2.5283686580723463,2.9483735344412074,-0.016099252030069566,0.006628297982410825,0.02031814555863165
2024-05-24,-20.148448397163154,2.2393421978368364,3.2864246167963396,-0.011459532934357974,-0.008462534339575,0.01430708808677772
2024-05-31,-3.500247385673448,1.5499741408899166,2.5718758183035684,-0.0034180710273254977,0.028236216869832464,0.00771375464684021
2024-06-07,6.907147153799218,1.6482547337083193,2.6479554696033234,-0.0039505797665737585,0.006292740873920399,0.0028780985980876306
2024-06-14,4.4601231776718855,0.41161258384749466,3.457585859590099,0.010579730958878208,0.011049368836925533,-0.015636497424576734
2024-06-21,1.0679835870558663,0.12501451502328317,3.1346750702849677,0.010236430999579937,0.017833826948186582,-0.014197473955932627
2024-06-28,8.314380465053663,0.6219405142429576,3.4833243423694045,0.011416724785279664,0.022502622127578586,-0.011804851055980836
2024-07-05,6.82518485960253,2.0166861862200127,3.5809361950067746,-9.53425179959222e-05,0.025651660657882047,0.003332716163673588
2024-07-12,6.798694449610792,2.492031235399263,3.5586798763714853,-0.013803884414969159,0.0032404612891951956,0.019202018314334213
2024-07-19,7.861102969664893,1.9919843570192555,2.4870370247032243,-0.01323301448069869,-0.014392540909233253,0.01739455718694516
2024-07-26,1.395686500304263,0.9091997990390357,1.4893710434470768,-0.01464115013318723,-0.044325634888564336,0.0134391040597297
2024-08-02,3.7434258922964516,1.2418607754838138,0.5523185847652169,-0.015895113230035784,-0.08828195477027434,0.006551024174201947
2024-08-09,9.968401602770507,-1.823759283423686,-2.9188744288458373,-0.00920330857982754,-0.07134488109186499,0.0008251203300480014
2024-08-16,4.191366356352818,0.9564124506916769,1.3418956649879292,-0.0185160350971304,-0.06288689247960388,0.01374207188160681
2024-08-23,-7.76428351970245,1.5165821482926602,2.231407325765512,-0.03449135319605823,-0.06072532119043761,0.03061976240906139
2024-08-30,5.276563860759766,1.8247213380706373,2.209419080859136,-0.01463064878691589,-0.0024907025145859407,0.012695939132825629
2024-09-06,-0.3855381785383461,1.2772893617155114,1.1109285875422672,-0.01898482571387028,-0.029598308668076334,0.015435350158017558
2024-09-13,-1.1764938174909954,0.5760142836472287,2.002773202935461,-0.01316572811649086,-0.04583333333333339,0.00435235979507631
2024-09-20,4.436239456499829,1.6317187624597775,2.683917126010017,4.9643559244305635e-05,-0.0032897015028742205,-0.002591252289684043
2024-09-27,0.8576146185066605,2.3734376559912524,3.2142647595016305,-0.012950107180082271,-0.027260911205363225,0.010500113147771328
2024-10-04,-3.432348225890357,1.4236324483781295,1.9923292011373537,0.013273767753540833,0.045224541429475185,-0.009742895805142093
2024-10-11,-7.294302847289944,0.7313919743742321,0.9448657896443947,0.017564333326740345,0.05900521887314936,-0.012503949803638226
2024-10-18,-2.0611657894812,1.0528002350001642,0.6868661607230443,0.027501166565729873,0.03908557134419599,-0.02651735722284443
2024-10-25,2.016545092728807,0.5852341461993724,0.3179242690286269,0.03861288490849857,0.07109954639755256,-0.03300936086352857
2024-11-01,1.4914621357472768,-0.21939337196923744,-1.0753661215767778,0.01718689036285581,0.02874432677760974,-0.012981688986061779
2024-11-08,-1.9659156729128384,0.12882984367076986,1.014411144964766,0.02047818058120332,0.023433571356733074,-0.020067654050100803
2024-11-15,-1.2985865180574023,0.7370994681178111,2.7770041270707946,0.030861990666035455,0.032131871071285456,-0.029908434178438248
2024-11-22,7.240785586414006,0.2805983543073651,1.8040026919089578,0.03162377586157272,0.016086142936870385,-0.03492357572950433
2024-11-29,0.5405641577127265,1.0028777202893395,2.677143811556385,0.013952551734719432,-0.021143790849673105,-0.02381282015782915
2024-12-06,4.224965378277263,1.5313054172223102,3.875857869358886,0.010076478375572906,-0.01706629979035612,-0.013901198861780983
2024-12-13,3.4770545170614424,1.1901324341227895,4.2069133212519585,0.002961935381068148,-0.004470504389517127,-0.0036996632357824133
2024-12-20,2.2486560146731183,2.0567865772208207,1.407463300285626,0.0006229428938020476,0.01072663241898475,0.001151852562871758
2024-12-27,5.811973704788807,1.1796116067515245,3.214934783805867,0.021383243330149515,0.05388441892297924,-0.014040561622465031
2025-01-03,6.719049815351497,1.2829092222906513,2.024297950088301,0.027316015275092864,0.04832205818642299,-0.024646388192440694
2025-01-10,4.472985887580445,1.5246454143049077,2.2710176786932608,0.024737624178761353,0.026357749503758576,-0.024470364199000172
2025-01-17,5.1959323943386275,1.3834111300118261,2.1310570435705443,0.016576690422872797,-0.0007032573602274717,-0.015196548418024869
2025-01-24,6.956624686262435,1.4374215286124001,2.53053657240821,-0.005138984055260476,-0.011594386542908675,0.006329113924050667
2025-01-31,2.729454601176978,1.5260342982618442,2.288097780500146,-0.005341801894412357,-0.013224401564039479,0.005286642739354086
2025-02-07,2.319904339072214,1.245673850345046,2.2924308011966334,-0.014683082535339675,-0.03985288988935054,0.008003513737738333
2025-02-14,2.823305544867602,1.2136164466044732,3.293031593020779,-0.024633243453224374,-0.025335082051118007,0.02156452319524882
2025-02-21,1.5332316282184688,0.8508302660314172,2.527693530364163,-0.007734333553605199,-0.04301144194096351,-0.0033352391842959017
2025-02-28,-1.119061738723491,0.050074094104472125,0.12779384347438105,-0.006976100396788865,-0.02950935859025161,0.0012061562213536714
2025-03-07,2.634865198936859,-0.10852008792281646,-1.4300448762273448,-0.03889300259163275,-0.022355038964469554,0.04899540062938734
2025-03-14,-1.6916951807070753,-1.151781183585086,-2.0523971977488875,-0.0280386093149656,-0.024352620696445615,0.03692938149242342
2025-03-21,0.11728633287288233,0.2682658065266029,0.280104945869455,-0.023674633249540333,0.0001339629592418401,0.034037670905439965
2025-03-28,0.9155035412615369,0.5391967736127405,0.9504931273245667,-0.033174122326091404,-0.005244813278008076,0.04356206630686166
2025-04-04,-6.007781819737284,-1.0405414741153236,-3.8721114608126315,-0.00784876442150273,-0.007565778363225029,0.011307518345871292
2025-04-11,-6.380665031667413,-9.091012950272447,-11.612864991354979,-0.0348637652095104,-0.03437952030140923,0.04411561968659505
2025-04-18,2.477964546927157,-2.0866498709265153,-2.8782436103981794,-0.045269387441395637,-0.04781837055888549,0.05339805825242716
2025-04-25,0.7559484165025999,-0.925226613289162,-2.0360784733073687,-0.043952558532928454,-0.040978409583875886,0.049593646102696676
2025-05-02,4.557233691893598,0.27856656300712995,0.22588775611121079,-0.029051765139823216,-0.013341047544498608,0.031033223804308285
2025-05-09,1.972832454285733,0.7757795411996444,1.260341730812683,0.0023675850632352002,0.012785229054171676,-0.00990273315435053
2025-05-16,2.634954099205559,1.4966879057161222,2.7221491932771893,0.01726775076477205,0.024301037453841712,-0.02010094360324788
2025-05-23,2.5610581934548073,0.8426052090144225,1.9605079862646804,-0.0036090920971943996,-0.007863878353457143,2.220446049250313e-16
2025-05-30,2.323313799474263,0.6252708715157833,2.349377412977937,-0.007007897630710969,-0.006174329964471759,0.004603399433427802
2025-06-06,1.829863208120658,1.2021896696346228,3.235121393384465,-0.011331585923718746,-0.0033709411117226473,0.013068990042674367
2025-06-13,-0.7912388230397024,1.094448793911169,3.076141034765184,-0.028765876627230735,-0.01054041062967781,0.034845702512653176
2025-06-20,1.3085602078326648,-0.7573103998371915,1.7485185404347832,-0.004086286221648416,0.02476063549959684,0.013858336999559961
2025-06-27,1.3512145813247485,0.5190999103163474,3.105574751194339,-0.019410242728709615,0.004199639039289105,0.03278110680296065
2025-07-04,3.1003002553276984,0.8176571955016009,3.326212140016736,-0.020382653575532705,-0.0021398495202594736,0.03369899078543215
2025-07-11,5.633038463510812,1.3302232713191071,3.590852198295063,-0.0033712213802655766,0.023040355321142014,0.011902185674096177
2025-07-18,1.6136565379654713,1.074364249470251,3.1579622261130167,-0.002279473593564618,0.018720695437900003,0.008982425688869533
2025-07-25,1.3078397225249763,0.9833520282953205,3.805290551895193,0.002505107750433888,0.020772128711160187,0.0018771331058018426
2025-08-01,1.7860793809688307,1.1524985990931538,3.128394612277463,0.020179049187075693,0.019472883231876015,-0.016427540538246133
2025-08-08,1.486580284722783,0.829426479794449,2.3861492638167543,0.003341747314850041,0.0021029067598277162,-0.0042771599657830395
2025-08-15,1.9980538892777662,1.5659651160720967,3.1418281059543607,-0.006397108100972937,-0.0109856883692806,0.006193015654567091
2025-08-22,2.2961411702689754,1.5591351622041707,3.091132948536377,0.0007271237646575557,-0.004909595720186899,-0.0021716913643330393
2025-08-29,3.687145756458018,1.899769022410916,3.667861065104451,-0.01381870265581353,-0.0022391857506361967,0.008674636398946944
2025-09-05,3.166784047780065,1.4439943185625554,3.203476572392238,-0.0041963740069260735,-0.0021661871721102566,0.00678694158075599
2025-09-12,1.6621830922159397,1.7243233849010529,3.3281551783491734,-0.003086293586232358,0.0032270117870851767,0.003077449136604571
2025-09-19,2.276125433873466,1.9903875674003992,3.0238573559371216,-0.0007368291784355385,0.006941372622410125,0.00247514189390996
2025-09-26,6.087390214669891,1.9189738265545113,2.9046727924512807,0.00389686103241238,0.01672957257982266,0.0013691596782470228
2025-10-03,2.614545865815278,2.2049447780956415,3.026217470502817,-0.0004602733000573789,0.00033920151962285594,0.0020052905538017196
2025-10-10,-1.7188517561168795,1.7374716400017938,3.030691806660795,0.014638646847770609,0.023735355861041807,-0.00971535708198401
2025-10-17,0.7417863201694296,0.8353864810776119,0.7565990461831702,0.008080373602064705,0.018044807893758508,-0.00800306500361847
2025-10-24,0.17685900194597148,2.137827450484073,2.197153376815011,0.008150623522699796,0.022507608441189486,-0.006494616304904999
2025-10-31,0.8656816831024947,2.8640064917158425,3.2839558902985724,0.021294884520532742,0.044420331626597864,-0.017628273365978386
2025-11-07,0.3416306877747132,1.3228683919121242,2.6344305027605226,0.0063145345430295485,0.014883413262775091,-0.004647160068846579
2025-11-14,0.09746680949913869,1.31450981109804,2.714393338881597,0.008797862505460552,0.025956782952168966,-0.0026176887096081014
2025-11-21,-2.6914866640014,-0.9624784637492674,-0.351537810049674,0.01241005740156842,0.023058808137633502,-0.009762601066574894
2025-11-28,0.9987927222260595,1.3899249297319958,2.248055065655024,-0.003607069856919498,0.014090451608714138,0.005244679467730107
2025-12-05,1.240152742177304,2.9665376214557315,3.5222724627680053,-0.006134353382930113,0.012514257780674498,0.006614214075739033
2025-12-12,1.1843706392597357,3.1545265927398196,3.7669641539430003,-0.00906353538303517,0.008282377301109811,0.010283108166250665
2025-12-19,1.9943721315602603,3.010136183254193,3.2895533265222774,-0.015781593132361826,0.008759870839860406,0.017111834961997863
2025-12-26,2.9257552353795706,3.726989566572292,4.073028335520559,-0.014299505249185551,0.00249719865535436,0.015220765781303935
2026-01-02,6.668774482501445,3.424402365070044,4.240225548215305,-0.005737837401001977,0.009591554282403658,0.0066566459093837516
2026-01-09,3.9754209352545304,2.9721317558411213,4.0429033132778525,0.007459425400664577,0.013219958286539324,-0.00873046292747326
2026-01-16,2.7959822747212093,2.7700637027205426,3.7253836665793756,0.00805282000831653,0.002218489525560363,-0.009436782100004315
2026-01-23,2.702710703126533,1.5897014269038716,3.084713255261844,-0.004315357776825457,-0.005429055025069518,0.004714376725419633
2026-01-30,0.9635662826602889,2.15117967717424,3.472099761861524,-0.014559457042997659,-0.013134823221857328,0.011092150170648685
2026-02-06,-0.38328968713368994,1.9092299275822562,2.3552579240021037,-0.015131187394712087,-0.004243595021693025,0.015380649596150597
2026-02-13,-0.3999052390873459,1.6328780862020178,2.4928975554831423,-0.0249313331924782,-0.03421560256775136,0.023234761617380695
2026-02-20,-0.42150267860927215,0.9819706754302544,1.52772417785636,0.00201846330392752,-0.004110072889574212,-0.003931349340547841
2026-02-27,-1.1017376887987524,1.6409665753887814,2.3820789622126517,0.006361414976647328,0.008270069455661222,-0.0030379746835443866
2026-03-06,-6.6854813101985,-2.188507136188524,1.1533541687512454,0.01385801931723929,0.003689215405654478,-0.016797833629516812
2026-03-13,-5.027233217097362,-3.7937928478157152,-0.9885856830884258,0.03556724965175673,0.046003732687207144,-0.03808400387580557
2026-03-20,-2.4612989330795,-3.168492263960529,-0.018789323339902353,0.018927154484846387,0.02679348702240869,-0.017866994864830565
2026-03-27,-4.888738606595594,-4.686264266519289,-1.33394778995806,0.026053192361281896,0.02736214796065517,-0.025732182156763206
2026-04-03,-0.2930136024015866,-2.873976928382505,-0.38491653915495966,0.01245630695249833,0.011343832187332037,-0.008736067478590348
2026-04-10,-0.45290599107682394,-1.8209931732859204,1.0436587363668792,-0.01705824913811982,-0.002723345645777031,0.026584329698243536
2026-04-17,1.15850209358685,0.19840147913735318,2.6832807634791123,-0.015544873403112947,-0.0037367330276957267,0.01663641863278853
2026-04-24,-0.17651247421835384,-0.4938094970351834,2.865055815810307,-0.016155605036394904,-0.005925463901450212,0.018418766290182464
2026-05-01,-0.3195760785230789,-0.35730511556665195,3.0951038208254897,-0.020584919027330062,-0.015853620327725082,0.017712946079708303
2026-05-08,0.22998779258876426,-0.7029343039762133,3.431679179666098,-0.007602635580334471,-0.016478859976772786,0.005631399317406194
2026-05-15,-0.1169631404580798,-0.20644491202684923,3.300068197111588,0.012089950865461052,0.0008825290761811377,-0.011688698091554262
2026-05-22,-0.4792815142248571,-0.07061248249128842,3.1977349112240523,0.007165112195913981,-0.0010666666666668823,-0.01015185121992801
2026-05-29,-1.5767991303793252,1.2579684763192975,3.7314545994204478,0.00766127389054172,0.014135175575435088,-0.005204334101185815
2026-06-05,-0.8329823621450927,1.8161514643937309,4.270840788883005,0.022155260469867377,0.023265462436969253,-0.022484303410826634
2026-06-12,-4.501135411117856,1.0846577780669864,1.9195578695929207,0.0046633898714796285,0.009132420091323867,-0.0049458111130228355
2026-06-19,-0.6751494417805615,2.681204124106933,3.4396716615510976,0.016223460534668943,0.013190540498099645,-0.01154873739550144
2026-06-26,0.19815152131613872,2.460748229097066,2.4932168220794817,0.024760383386581486,0.015570554073143894,-0.023670668953687746
2026-07-03,1.183326701132603,3.095078581194938,2.8824964037153693,0.007874566549080919,0.006611982659139759,-0.007334432774932509
2026-07-10,-0.28495427597935225,2.067759662622174,3.544643720278156,0.012080563826480706,0.009174598221251218,-0.013398452694817653
2026-07-17,3.258437581531639,2.1540052169585073,3.272679450851767,-0.0008329284375649948,0.006757385077958089,-0.0025721510157816763
2026-07-24,2.3806474806356746,1.5063832858798976,2.4902522901715147,0.0010951389642550602,0.012951686192080425,-0.0014054813773717312
2026-07-31,1.2058280812765483,1.8051937214512912,2.097948325484376,-0.009349871600384696,-0.02348567002323776,0.008000699514711718
2026-08-07,0.6518432482706291,3.1309037002182682,3.5047882633561556,-0.013996750931135615,-0.024057639382788598,0.01270425373461248
2026-08-14,2.247640579468196,2.749777802793324,3.8829538971827717,-0.010896640698655258,-0.01893531204778487,0.011407841251803053
