Date,HS_Delta,VIX_O1,VIX_O6
2007-12-05,0.7848084183207114,21.64804615718843,22.43285457550914
2007-12-06,1.3556391905620764,20.43687663478769,21.792515825349767
2007-12-07,1.1849340474424253,20.267200746118164,21.45213479356059
2007-12-10,1.0868990992972059,20.217555830008806,21.30445492930601
2007-12-11,-0.3341930943683522,22.993736181629004,22.65954308726065
2007-12-12,-0.7740685378588275,22.807769309568275,22.033700771709448
2007-12-13,0.6031055507544103,22.062817554548534,22.665923105302944
2007-12-14,0.13444636809807875,22.46448736993424,22.59893373803232
2007-12-17,-0.7825414397254882,24.307947028740443,23.525405589014955
2007-12-18,1.1579783592884425,22.17389490149243,23.331873260780874
2007-12-19,1.7549158354820946,20.983304648601667,22.73822048408376
2007-12-20,2.0429954621025495,20.221521213835295,22.264516675937845
2007-12-21,3.3695346310475323,17.68904005382439,21.05857468487192
2007-12-24,3.2297760872057317,17.6815264346974,20.91130252190313
2007-12-25,3.2292443171491314,17.681288572090228,20.91053288923936
2007-12-26,2.8363102808127643,17.912009402979784,20.74831968379255
2007-12-27,2.4471301588182754,19.090988687881687,21.538118846699962
2007-12-28,2.0753102136933315,19.633553872562345,21.708864086255677
2007-12-31,1.4320012091402567,21.354359814880862,22.78636102402112
2008-01-01,1.4320012091402567,21.354359814880862,22.78636102402112
2008-01-02,0.7867740499851443,22.516463295479046,23.30323734546419
2008-01-03,0.9781612737791505,21.60058074643991,22.57874202021906
2008-01-04,0.08912716429800938,23.144249999969475,23.233377164267484
2008-01-07,-0.023779720218222167,23.1474752812952,23.12369556107698
2008-01-08,-0.7871181523276647,25.027514258730015,24.24039610640235
2008-01-09,-0.09335343639491,23.532373730490317,23.439020294095407
2008-01-10,0.6375086223425406,22.7696889636315,23.40719758597404
2008-01-11,0.8366166455112207,22.74677093850168,23.5833875840129
2008-01-14,0.27876785563825024,22.592402140292197,22.871169995930448
2008-01-15,0.7624225530972488,22.57107806720835,23.3335006203056
2008-01-16,-0.35515811169623035,23.36583151950746,23.01067340781123
2008-01-17,-2.3464621770695615,27.12077529406055,24.77431311699099
2008-01-18,-0.6640131159082401,25.522025123574494,24.858012007666254
2008-01-21,-0.6640131159082401,25.522025123574494,24.858012007666254
2008-01-22,-4.966946716915764,30.303518025973297,25.336571309057533
2008-01-23,-4.015309192124693,29.362339107785996,25.347029915661302
2008-01-24,-2.6914827513199704,27.04611172255676,24.35462897123679
2008-01-25,-3.6359674909183113,28.51004386907679,24.874076378158477
2008-01-28,-2.3753605995371068,27.18713433704396,24.811773737506854
2008-01-29,-2.9607817315721974,26.894102732915393,23.933321001343195
2008-01-30,-3.5823119083294905,27.290563816889467,23.708251908559976
2008-01-31,-2.3856442281288324,25.900039204043996,23.514394975915163
2008-02-01,-0.5610789664718929,23.58419762210382,23.023118655631926
2008-02-04,-2.3789987638668215,25.23032053569137,22.851321771824548
2008-02-05,-3.0696635362468747,28.072026510943626,25.00236297469675
2008-02-06,-2.5021592355692626,27.416282349837918,24.914123114268655
2008-02-07,-2.182436803402503,27.378248918775405,25.195812115372902
2008-02-08,-2.1637801944005304,27.39737728888852,25.23359709448799
2008-02-11,-2.589769487680371,27.74773167806949,25.157962190389117
2008-02-12,-2.431113201762834,26.867295101357673,24.43618189959484
2008-02-13,-1.1981682733556305,25.06356831560721,23.86540004225158
2008-02-14,-0.725123602139707,24.717111494056713,23.991987891917006
2008-02-15,-0.26245538492593923,24.484249122759266,24.221793737833327
2008-02-18,-0.26245538492593923,24.484249122759266,24.221793737833327
2008-02-19,-0.8627165120813309,24.620079520262223,23.757363008180892
2008-02-20,0.10576468349900736,23.550724411742323,23.65648909524133
2008-02-21,-0.16306564104533905,23.98794221737191,23.82487657632657
2008-02-22,-0.16695318721482266,23.740340113085605,23.573386925870782
2008-02-25,0.9324492461026672,21.866738653860157,22.799187899962824
2008-02-26,1.2912909116866729,20.92900066771654,22.220291579403213
2008-02-27,1.142514768328894,21.39840120525581,22.540915973584703
2008-02-28,0.6597271754012581,22.303181650695613,22.96290882609687
2008-02-29,-0.8086298034514456,25.52771382133232,24.719084017880874
2008-03-03,-1.0514002012481818,25.781468966666786,24.730068765418604
2008-03-04,-0.9041644272465525,25.264134290542334,24.35996986329578
2008-03-05,-0.8167922676224961,24.375688698741314,23.558896431118818
2008-03-06,-2.183812093186752,26.665150835648515,24.481338742461762
2008-03-07,-2.0309923021136242,27.044965571721015,25.01397326960739
2008-03-10,-2.767251322709569,28.485721872725794,25.718470550016225
2008-03-11,-0.6329071722598201,25.322633172248143,24.689725999988323
2008-03-12,-1.1109274373448983,26.234568279169046,25.123640841824148
2008-03-13,-1.1416978445798023,26.822825433496316,25.681127588916514
2008-03-14,-5.843415672583262,33.12888548977447,27.285469817191206
2008-03-17,-4.420158528492184,31.554769510830276,27.134610982338092
2008-03-18,-1.0099188104990873,25.35605379310905,24.346134982609964
2008-03-19,-2.53141258258918,28.53192296150103,26.00051037891185
2008-03-20,0.07921522228382116,25.233536777569725,25.312751999853546
2008-03-21,0.07921522228382116,25.233536777569725,25.312751999853546
2008-03-24,-0.4673846316817958,24.636704949938107,24.16932031825631
2008-03-25,-0.03845781606243648,24.597527969055125,24.55907015299269
2008-03-26,-0.17197451790589113,25.137027412760236,24.965052894854345
2008-03-27,0.5001806618512319,24.41124424213732,24.911424903988554
2008-03-28,0.05885166481698434,24.76162345141925,24.820475116236235
2008-03-31,0.005692689404877882,24.677278209915304,24.682970899320182
2008-04-01,1.0947311764861851,21.824715773734525,22.91944695022071
2008-04-02,1.0341073201486815,21.565113708249473,22.599221028398155
2008-04-03,0.925064569827935,22.38286802495183,23.307932594779764
2008-04-04,1.1770011786285224,21.372859074195087,22.54986025282361
2008-04-07,0.7351801061277818,21.412843910197235,22.148024016325017
2008-04-08,1.1458441959062888,21.359134375245745,22.504978571152034
2008-04-09,0.75561461903051,22.063206596706717,22.818821215737227
2008-04-10,1.1065465450370056,21.31223332217293,22.418779867209935
2008-04-11,0.47280415421422717,22.76504981498341,23.237853969197637
2008-04-14,0.06786886352150034,23.2994181516301,23.3672870151516
2008-04-15,0.6488158029458155,22.305129979829292,22.953945782775108
2008-04-16,1.7385281380736508,19.818474658007382,21.557002796081033
2008-04-17,1.6229607498286533,19.791316024184873,21.414276774013526
2008-04-18,1.9419433040950054,18.98992156411072,20.931864868205725
2008-04-21,1.7918449712351574,19.233241659791116,21.025086631026273
2008-04-22,1.3473799439553673,20.129138264767015,21.476518208722382
2008-04-23,2.0517701973323916,19.325802309795467,21.37757250712786
2008-04-24,1.9521598375729745,18.90085753343763,20.853017371010605
2008-04-25,1.5519091690001332,18.927378234525847,20.47928740352598
2008-04-28,1.647740927649405,18.497964742540955,20.14570567019036
2008-04-29,1.275194441890818,19.11379021349083,20.38898465538165
2008-04-30,0.9294356280173126,19.505472586049155,20.434908214066468
2008-05-01,1.6524636604126464,18.020378346594825,19.67284200700747
2008-05-02,2.4100239627007163,17.056764776110473,19.46678873881119
2008-05-05,1.817340048655467,17.829114339591897,19.646454388247363
2008-05-06,2.678393675523658,17.145040245017913,19.82343392054157
2008-05-07,1.765635518395822,18.805819435787356,20.571454954183178
2008-05-08,2.2275412569868323,18.21245394950706,20.439995206493894
2008-05-09,2.1954008422599713,18.34144135687122,20.53684219913119
2008-05-12,1.681109568362519,18.31844713146103,19.99955669982355
2008-05-13,1.7774651911553256,18.17630184837659,19.953767039531915
2008-05-14,1.1993835211460926,18.45307803281642,19.652461553962514
2008-05-15,3.2591565296827767,16.131538855199153,19.39069538488193
2008-05-16,3.9802824170301587,15.739317585363866,19.719600002394024
2008-05-19,3.5895684793841873,16.26552407005706,19.85509254944125
2008-05-20,3.601319567464458,16.964182463281837,20.565502030746295
2008-05-21,3.5053994103287742,17.90354115157831,21.408940561907084
2008-05-22,4.1851257583390264,17.17517532167107,21.360301080010096
2008-05-23,3.476866862234097,18.553706206399657,22.030573068633753
2008-05-26,3.476866862234097,18.553706206399657,22.030573068633753
2008-05-27,3.2030343756320114,18.52198178412012,21.72501615975213
2008-05-28,3.3016872945074667,18.20742612917198,21.509113423679448
2008-05-29,3.7696196652541367,17.095928218283394,20.86554788353753
2008-05-30,4.001356650954605,16.62612275397422,20.627479404928824
2008-06-02,2.491960914831104,18.907581074892395,21.3995419897235
2008-06-03,2.758689999924183,19.03657006788296,21.795260067807142
2008-06-04,2.0735085059027263,19.786426128040446,21.859934633943173
2008-06-05,3.592728707182122,17.535598096810016,21.128326803992138
2008-06-06,0.9299920511738229,22.28405137132255,23.214043422496374
2008-06-09,0.03823670793670075,22.986710561862996,23.024947269799696
2008-06-10,0.9391148076888207,22.028838964572987,22.967953772261808
2008-06-11,-0.15518543551691266,23.24943157278817,23.094246137271256
2008-06-12,-0.4571290919885094,23.80808069790972,23.35095160592121
2008-06-13,-1.3859522582899224,25.133148194489202,23.74719593619928
2008-06-16,1.3202064029265692,20.240438295877837,21.560644698804406
2008-06-17,1.4107294935890984,20.156929018280547,21.567658511869645
2008-06-18,1.1186366324177044,21.118394442428933,22.237031074846637
2008-06-19,1.2498767096779844,20.632246802970542,21.882123512648526
2008-06-20,0.6480679579721986,21.932096147300317,22.580164105272516
2008-06-23,0.7960636059428516,21.57252327291426,22.368586878857112
2008-06-24,0.9169912591881975,21.451557460360174,22.36854871954837
2008-06-25,1.082126698537028,20.33933866388004,21.421465362417067
2008-06-26,-0.06213130548560031,22.83749315980004,22.77536185431444
2008-06-27,0.20980393580904177,22.75511599598766,22.9649199317967
2008-06-30,-0.1768890321260237,22.830453179355754,22.65356414722973
2008-07-01,0.1851850769388257,22.574663308357863,22.75984838529669
2008-07-02,-0.9580895568618324,24.512195281856915,23.554105724995082
2008-07-03,-0.21985342513325534,23.516459659663482,23.296606234530227
2008-07-04,-0.21985342513325534,23.516459659663482,23.296606234530227
2008-07-07,-1.5560777352507777,25.115699046883638,23.55962131163286
2008-07-08,0.22902903782322426,22.28399546788995,22.513024505713176
2008-07-09,-1.6694700143354133,24.15728108486838,22.487811070532967
2008-07-10,-1.0777799157276462,24.642260540177684,23.564480624450038
2008-07-11,-2.0441257946668436,26.74060858684557,24.696482792178728
2008-07-14,-2.9047176844966316,27.597020179477376,24.692302494980744
2008-07-15,-2.3327539382960545,27.561563578658305,25.22880964036225
2008-07-16,-0.5807785328137527,24.23735366299214,23.656575130178386
2008-07-17,-0.5619923254639048,23.83197548225909,23.269983156795185
2008-07-18,-0.1664732378371916,23.038058891598045,22.871585653760853
2008-07-21,0.25846078213875145,22.267662663563648,22.5261234457024
2008-07-22,1.6065631919265648,20.06443469206963,21.670997883996193
2008-07-23,1.5263800482580123,20.18966203728605,21.71604208554406
2008-07-24,0.09685583415702581,22.46071169293648,22.557567527093507
2008-07-25,0.9727813822037383,21.657330151175767,22.630111533379505
2008-07-28,0.06151367308953937,23.2308097503168,23.29232342340634
2008-07-29,0.9072651110537606,20.955974952680727,21.863240063734487
2008-07-30,0.7724306848699989,20.643464134098224,21.415894818968223
2008-07-31,0.017893239490280877,21.83606789797046,21.85396113746074
2008-08-01,0.6836518247184173,21.58921183557658,22.272863660295
2008-08-04,-1.1245491685841031,23.51053024562509,22.385981077040988
2008-08-05,1.1466541254559317,20.398324277213856,21.544978402669788
2008-08-06,1.5580083187435996,19.418101313650787,20.976109632394387
2008-08-07,0.9560424069706919,20.536111358767307,21.492153765738
2008-08-08,1.7660520072651416,19.57430712019164,21.340359127456782
2008-08-11,1.5211142956794177,19.713354885692304,21.234469181371722
2008-08-12,0.9367571265878389,20.708808280931656,21.645565407519495
2008-08-13,1.187521632969819,21.050919447324603,22.23844108029442
2008-08-14,2.110343177754359,19.525014268631953,21.635357446386312
2008-08-15,2.3686665068112944,18.925055991774308,21.293722498585602
2008-08-18,1.483194129974418,20.339293493144122,21.82248762311854
2008-08-19,1.6718842843603312,20.569936976612674,22.241821260973005
2008-08-20,1.9039951796893888,19.950951077332185,21.854946257021574
2008-08-21,2.7577210465165436,18.757057491251032,21.514778537767576
2008-08-22,3.2638594185953274,18.00993169738632,21.27379111598165
2008-08-25,2.2203743444772677,19.97734383187638,22.197718176353646
2008-08-26,2.5077272353970876,19.493767741856804,22.00149497725389
2008-08-27,3.0409216601573092,18.62735654704828,21.66827820720559
2008-08-28,2.812190951024153,18.38364072733734,21.195831678361493
2008-08-29,2.100479626677622,19.533192550485666,21.633672177163287
2008-09-01,2.100479626677622,19.533192550485666,21.633672177163287
2008-09-02,1.2432317443428147,21.062428083777284,22.3056598281201
2008-09-03,1.691242548047974,20.38036133351286,22.071603881560833
2008-09-04,-0.4240145510127604,23.261096086786914,22.837081535774153
2008-09-05,0.7140708896669921,22.114031814916217,22.82810270458321
2008-09-08,-0.0492403592628925,22.617484180840243,22.56824382157735
2008-09-09,-1.7572821571321136,25.20980678982726,23.452524632695148
2008-09-10,-0.8941013080848244,23.84449438525263,22.950393077167806
2008-09-11,-0.26726248118094986,23.34809067863145,23.0808281974505
2008-09-12,-1.7946943599538159,25.28158431030488,23.486889950351063
2008-09-15,-4.874501934948302,30.43204188345112,25.557539948502818
2008-09-16,-3.912663793953847,29.093303569068734,25.180639775114887
2008-09-17,-7.688584061696833,34.674888840678285,26.986304778981452
2008-09-18,-5.457324003507228,33.196792743044526,27.739468739537298
2008-09-19,-5.875257848100315,30.86424109157348,24.988983243473164
2008-09-22,-6.261023478395497,32.59222303315407,26.331199554758573
2008-09-23,-5.717167853919111,33.719940086584884,28.002772232665773
2008-09-24,-6.83239400078919,34.5686829915105,27.73628899072131
2008-09-25,-5.492667673253759,31.949763295852247,26.457095622598487
2008-09-26,-7.430521649750201,34.40325032643356,26.972728676683356
2008-09-29,-16.14041450465132,47.310396635874966,31.169982131223644
2008-09-30,-10.153461358944625,39.68341926741867,29.529957908474046
2008-10-01,-10.445033577197403,40.13513703835711,29.690103461159705
2008-10-02,-14.036121950991905,46.216733111497426,32.18061116050552
2008-10-03,-12.230544170579016,44.60809589515952,32.377551724580506
2008-10-06,-23.136325515419315,57.88835339452662,34.7520278791073
2008-10-07,-20.414581550440467,55.80767177823782,35.39309022779735
2008-10-08,-24.633360646242295,61.40869003793568,36.77532939169338
2008-10-09,-25.445649132179454,66.14654426575932,40.70089513357986
2008-10-10,-32.91142285533344,77.12841584798423,44.21699299265079
2008-10-13,-25.19403802812785,62.58111552647128,37.38707749834343
2008-10-14,-25.061347947326603,61.17674713603828,36.11539918871168
2008-10-15,-28.65828918488988,70.83103314188138,42.172743956991496
2008-10-16,-22.670140039558767,65.73731942925323,43.067179389694466
2008-10-17,-19.52414321175751,62.28487432779072,42.760731116033206
2008-10-20,-10.569451744958947,49.4927903852481,38.92333864028915
2008-10-21,-10.52889867296691,48.775508463935616,38.246609790968705
2008-10-22,-22.82024845081,65.80272906337049,42.982480612560494
2008-10-23,-21.21498402816254,65.60200629050857,44.38702226234603
2008-10-24,-24.199022150766574,73.31511816489723,49.116096014130655
2008-10-27,-25.260251522611796,76.1883996997105,50.928148177098706
2008-10-28,-16.051792235060205,63.02518136936085,46.973389134300646
2008-10-29,-16.257295764043505,62.34053148748586,46.08323572344236
2008-10-30,-14.327345010947937,58.849407783421114,44.52206277247318
2008-10-31,-10.450181858034611,55.0739884841595,44.62380662612489
2008-11-03,-8.779522203799225,51.86207823894726,43.08255603514804
2008-11-04,-5.809644304187685,45.65721670852335,39.847572404335665
2008-11-05,-8.675587962380625,49.9472498671642,41.27166190478358
2008-11-06,-13.97101313167746,59.918335752589655,45.947322620912196
2008-11-07,-9.847778195978194,54.06093835062933,44.213160154651135
2008-11-10,-12.394306912110338,56.96821682906648,44.57390991695614
2008-11-11,-12.544599491398358,59.286924269025775,46.74232477762742
2008-11-12,-14.36247013154388,62.83229596527,48.46982583372612
2008-11-13,-11.733394279664388,59.632944361199705,47.89955008153532
2008-11-14,-13.585562858557793,63.45635324823362,49.870790389675825
2008-11-17,-15.062333111779665,65.99017410071897,50.92784098893931
2008-11-18,-13.123515213520633,63.147506819776524,50.02399160625589
2008-11-19,-14.096515753538363,68.40363221952684,54.30711646598848
2008-11-20,-18.47505829131854,76.1861008149618,57.711042523643265
2008-11-21,-14.634372783646079,68.55538249590438,53.921009712258304
2008-11-24,-12.592382276162354,61.52710901321272,48.93472673705037
2008-11-25,-8.94743967891256,57.571668991323634,48.624229312411074
2008-11-26,-8.3237503331775,54.21881224194954,45.89506190877204
2008-11-27,-8.3237503331775,54.21881224194954,45.89506190877204
2008-11-28,-6.771579436210438,52.79965078035141,46.028071344140976
2008-12-01,-16.25352958415938,68.56052098751117,52.30699140335179
2008-12-02,-11.453509807547434,61.80885102254526,50.35534121499783
2008-12-03,-9.194409268135793,58.41081503256804,49.216405764432245
2008-12-04,-9.669331010178162,61.177518662107076,51.508187651928914
2008-12-05,-6.786344857414306,56.765720402925325,49.97937554551102
2008-12-08,-7.003123618436177,55.597121479472,48.593997861035824
2008-12-09,-5.991207322949684,55.35373972506634,49.362532402116656
2008-12-10,-3.455530744451437,51.82327122100444,48.367740476553
2008-12-11,-3.5961190162372816,51.8407763029078,48.24465728667052
2008-12-12,-3.1699994728595016,50.30326033168508,47.13326085882558
2008-12-15,-5.888520187323117,53.41475371189656,47.52623352457344
2008-12-16,-3.2229753921292357,48.53674960799707,45.31377421586784
2008-12-17,-1.4139692322593689,46.430539579518985,45.016570347259616
2008-12-18,-0.7400868372509706,43.875360941952444,43.13527410470147
2008-12-19,-0.10534896977915764,41.89577459858439,41.79042562880523
2008-12-22,-0.18742978687446055,41.60904836384899,41.42161857697453
2008-12-23,-0.733093364127626,42.6553890822515,41.92229571812388
2008-12-24,-0.7207516250325554,42.116097296502026,41.39534567146947
2008-12-25,-0.7207516250325554,42.116097296502026,41.39534567146947
2008-12-26,-0.566783642985051,41.60330443524072,41.03652079225567
2008-12-29,-1.0216060927661985,41.453487956697735,40.43188186393154
2008-12-30,0.3894037579389362,39.14223629217726,39.531640050116195
2008-12-31,1.5769097361966544,36.66360769192826,38.24051742812492
2009-01-01,1.5769097361966544,36.66360769192826,38.24051742812492
2009-01-02,0.3488302854111751,35.71346957678151,36.06229986219269
2009-01-05,-1.5400293955553295,37.652610177116216,36.11258078156089
2009-01-06,-0.8791273383931966,36.66555803226192,35.78643069386872
2009-01-07,-3.1521791334004803,41.48060783382074,38.32842870042026
2009-01-08,-1.6261070665438169,39.892682888768725,38.26657582222491
2009-01-09,-0.9936523922775891,40.00335721060721,39.009704818329624
2009-01-12,-5.463986473170095,46.34255748599764,40.87857101282754
2009-01-13,-4.301270101329173,45.20107163356472,40.89980153223555
2009-01-14,-8.300369877580557,51.61361194656824,43.313242068987684
2009-01-15,-2.726926537845152,46.63599083672635,43.9090642988812
2009-01-16,0.5143469713815847,42.44123470362815,42.95558167500973
2009-01-19,0.5143469713815847,42.44123470362815,42.95558167500973
2009-01-20,-5.915404697692523,53.1796880355596,47.26428333786708
2009-01-21,0.20875776508122357,42.95021978655097,43.15897755163219
2009-01-22,-0.1821249317200042,43.450220826554705,43.2680958948347
2009-01-23,-0.08373937844807955,43.65017644761034,43.56643706916226
2009-01-26,0.10414909842938869,41.88143977061913,41.98558886904852
2009-01-27,0.7675164011048707,39.26360601214577,40.03112241325064
2009-01-28,0.931712031278991,36.60135902967486,37.53307106095385
2009-01-29,-0.570819586989856,39.39712110118359,38.82630151419374
2009-01-30,-2.179004910355502,42.260337299076085,40.08133238872058
2009-02-02,-2.637283163140225,42.07568351411512,39.438400350974895
2009-02-03,-1.3662462298395113,39.45770110577942,38.09145487593991
2009-02-04,-2.0850052930266187,39.7596523076753,37.674647014648684
2009-02-05,-2.5235124062692336,40.395560920951986,37.87204851468275
2009-02-06,-2.7594139606741166,40.03987918139293,37.28046522071881
2009-02-09,-2.8141667192021416,40.31112445602943,37.49695773682729
2009-02-10,-4.338830830555594,44.166594991038934,39.82776416048334
2009-02-11,-2.925334584463748,41.28940909078867,38.364074506324926
2009-02-12,-0.5249978192741551,38.52614228430836,38.0011444650342
2009-02-13,-0.2729482848667857,37.87766863455845,37.60472034969166
2009-02-16,-0.2729482848667857,37.87766863455845,37.60472034969166
2009-02-17,-3.486213199138355,44.02111789183029,40.53490469269194
2009-02-18,-3.708320544006952,44.65015269451042,40.941832150503465
2009-02-19,-3.201064695877129,43.40242501508946,40.201360319212334
2009-02-20,-4.252543852697777,45.33803287992847,41.08548902723069
2009-02-23,-5.764786549225178,49.34580075559649,43.581014206371314
2009-02-24,-3.4554091087681584,43.325454555754554,39.870045446986396
2009-02-25,-2.5858772692320713,42.87483621289501,40.28895894366294
2009-02-26,-2.5565935987703554,42.643741837746475,40.08714823897612
2009-02-27,-4.01729530192317,44.730265751225396,40.712970449302226
2009-03-02,-8.087297753562225,51.035080476286076,42.94778272272385
2009-03-03,-6.428261741127194,49.45135076558074,43.02308902445355
2009-03-04,-4.860705287884201,44.98628748232082,40.12558219443662
2009-03-05,-7.485324497263726,48.38027514781796,40.894950650554236
2009-03-06,-6.643344167488522,47.05201204979397,40.40866788230545
2009-03-09,-7.444060412029138,48.003691461223525,40.55963104919439
2009-03-10,-4.775442609925257,42.437282458629895,37.66183984870464
2009-03-11,-3.589387152630181,41.51754607143066,37.92815891880048
2009-03-12,-2.6074222447164814,39.20528306231784,36.59786081760136
2009-03-13,-2.4079713677822667,39.92040258244362,37.512431214661355
2009-03-16,-3.3821145589015913,41.11944371405019,37.7373291551486
2009-03-17,-1.6115672125950553,37.98901682105675,36.377449608461696
2009-03-18,-0.743073063280363,37.29186210012968,36.548789036849314
2009-03-19,-1.9326054930315948,40.61192199979522,38.67931650676363
2009-03-20,-1.8403008581402247,42.48600417350538,40.645703315365154
2009-03-23,-1.98550874422709,40.24988591587665,38.26437717164956
2009-03-24,-1.2784433234446055,39.97775232526122,38.699309001816616
2009-03-25,-1.201791885598368,39.1486599735423,37.94686808794393
2009-03-26,-0.9783838612849749,38.04518073695597,37.066796875670995
2009-03-27,-1.0267443047468703,38.78467577056739,37.75793146582052
2009-03-30,-2.6175918662828224,43.1036500748782,40.48605820859538
2009-03-31,-1.5439277123134332,41.38679469765603,39.842866985342596
2009-04-01,-0.65651481490913,39.536384202057256,38.879869387148126
2009-04-02,-1.3578312219697537,39.7316324873364,38.373801265366644
2009-04-03,0.6522167188542554,37.556546292908955,38.20876301176321
2009-04-06,0.9486446956953358,37.928635711053815,38.87728040674915
2009-04-07,0.4612369617286163,38.279246316221645,38.74048327795026
2009-04-08,1.7802175065192571,36.177293494542816,37.95751100106207
2009-04-09,2.1200329829268014,34.770490933163586,36.89052391609039
2009-04-10,2.1200329829268014,34.770490933163586,36.89052391609039
2009-04-13,0.37453591579527057,36.452897891221824,36.827433807017094
2009-04-14,1.315901710862768,35.698208479335264,37.01411019019803
2009-04-15,1.7774728631209626,34.57293643528282,36.35040929840378
2009-04-16,1.7446735467217849,33.62110921250621,35.365782759228
2009-04-17,2.476690564946974,31.969554976617214,34.44624554156419
2009-04-20,-0.5946694069636678,36.81391923389313,36.21924982692946
2009-04-21,0.42526846842076793,34.786685214695815,35.21195368311658
2009-04-22,0.11459822865283797,35.912273308193996,36.02687153684683
2009-04-23,0.30715461642454045,35.18223339210555,35.48938800853009
2009-04-24,0.6328936200415569,34.52920680752748,35.16210042756904
2009-04-27,-0.41625666735934885,36.12967332593877,35.71341665857942
2009-04-28,-0.34951278028879784,36.05959866274988,35.71008588246108
2009-04-29,0.282362712255285,34.12390031936196,34.40626303161724
2009-04-30,0.3951869031271471,33.9418129777766,34.33699988090375
2009-05-01,0.9438343749185094,32.98195342094842,33.92578779586693
2009-05-04,-0.1016851772730547,32.92012783446418,32.81844265719113
2009-05-05,0.933164132863709,31.693770188909156,32.626934321772865
2009-05-06,0.7891258339382716,30.968599166287873,31.757725000226145
2009-05-07,0.1711245519155291,31.901752439534487,32.072876991450016
2009-05-08,0.41933785820468117,30.73993151636604,31.15926937457072
2009-05-11,-1.5075821983920221,33.055379747996874,31.54779754960485
2009-05-12,-0.366924411284014,31.560879594162806,31.193955182878792
2009-05-13,-2.600348750499581,34.482110103364654,31.881761352865073
2009-05-14,1.327345392545972,29.265977834298795,30.593323226844767
2009-05-15,0.4140899071971589,30.77862342905246,31.192713336249618
2009-05-18,1.8975597617180462,27.72446096092577,29.622020722643818
2009-05-19,2.341525732459651,26.703118883837394,29.044644616297045
2009-05-20,2.09468094105571,27.185815194022638,29.280496135078348
2009-05-21,1.224481023220065,29.273608316615917,30.498089339835982
2009-05-22,0.7695928452566498,30.44398816291099,31.21358100816764
2009-05-25,0.7695928452566498,30.44398816291099,31.21358100816764
2009-05-26,1.3527255271550978,28.584358280354998,29.937083807510096
2009-05-27,0.27094453929269946,30.24990551102349,30.520850050316188
2009-05-28,0.7106747766242876,29.495269979083467,30.205944755707755
2009-05-29,2.2203468753017397,26.86279901378075,29.08314588908249
2009-06-01,1.4360632025562374,27.597256563661354,29.03331976621759
2009-06-02,1.608063324301316,27.13127597694734,28.739339301248656
2009-06-03,1.3071308188491315,28.84781702137956,30.15494784022869
2009-06-04,2.0274874473652282,27.737801285438103,29.76528873280333
2009-06-05,2.570641664195726,27.33846737290416,29.909109037099885
2009-06-08,1.6058134688867405,28.269842127148802,29.875655596035543
2009-06-09,3.2481473622544783,26.026360721984442,29.27450808423892
2009-06-10,2.758585686584535,26.295346060859043,29.053931747443578
2009-06-11,2.3887332316478727,26.173902270329396,28.56263550197727
2009-06-12,2.273714550300685,26.01443206654074,28.288146616841424
2009-06-15,0.4661161070584825,29.012514064955177,29.47863017201366
2009-06-16,0.1336473158221665,29.71019817543184,29.843845491254008
2009-06-17,1.153471369188047,28.92009582950307,30.073567198691116
2009-06-18,1.950089127837007,27.4826844769371,29.432773604774106
2009-06-19,3.077956964027692,25.957074426022338,29.03503139005003
2009-06-22,1.4388132663878466,29.201040497385666,30.639853763773512
2009-06-23,1.8435021897982473,28.546847385360017,30.390349575158265
2009-06-24,2.6263350211771517,27.152392851195668,29.77872787237282
2009-06-25,3.6288698915786597,24.64061740158446,28.26948729316312
2009-06-26,4.261698631362666,24.00724169590142,28.268940327264087
2009-06-29,3.7433755407621696,23.516894662715256,27.260270203477425
2009-06-30,3.373981611690297,24.15537353230704,27.529355143997336
2009-07-01,3.5683585275790577,24.039837578466784,27.608196106045842
2009-07-02,2.625202385972578,25.9431109390943,28.568313325066878
2009-07-03,2.625202385972578,25.9431109390943,28.568313325066878
2009-07-06,1.4576969480693869,27.258728652475444,28.71642560054483
2009-07-07,0.9854467899284742,28.879921534671,29.865368324599473
2009-07-08,0.21019896599448984,30.047133130967584,30.257332096962074
2009-07-09,1.3419859968193109,28.135370000716048,29.47735599753536
2009-07-10,2.245390579693158,27.47654658040435,29.721937160097507
2009-07-13,1.1998311949419183,27.509252531441398,28.709083726383316
2009-07-14,1.6255315749378987,26.720239949387505,28.345771524325404
2009-07-15,1.189982028295585,26.4712798976379,27.661261925933484
2009-07-16,3.319541228820455,24.028959863936137,27.348501092756592
2009-07-17,4.017743361808652,23.292419742394433,27.310163104203085
2009-07-20,4.081277780941175,22.918797951314254,27.00007573225543
2009-07-21,4.635352986469865,22.210215606364265,26.84556859283413
2009-07-22,4.46096433257587,22.156407351797718,26.617371684373587
2009-07-23,4.016543808796907,21.953936040253097,25.970479849050005
2009-07-24,4.414600212891017,21.47803432131289,25.892634534203907
2009-07-27,3.4790616902394333,22.64170206272258,26.120763752962013
2009-07-28,4.113186844723931,23.074745048064127,27.187931892788058
2009-07-29,3.634088975154299,23.565616693126824,27.199705668281123
2009-07-30,3.7386004347635122,23.367817790982986,27.1064182257465
2009-07-31,3.1438525403137376,23.710669353415962,26.8545218937297
2009-08-03,2.4330353705915435,23.840171671904795,26.273207042496338
2009-08-04,2.6431452441873624,23.294178157572375,25.937323401759738
2009-08-05,3.1863206174731182,22.867004743836734,26.053325361309852
2009-08-06,2.7719515313686323,23.8612573350309,26.63320886639953
2009-08-07,2.820423411884306,23.06604772288482,25.886471134769128
2009-08-10,2.704036371016727,23.139919777104772,25.8439561481215
2009-08-11,2.7310085328448395,24.008346876972432,26.73935540981727
2009-08-12,3.058517505327117,23.34590939089436,26.404426896221477
2009-08-13,3.4210311052751194,22.572359816158254,25.993390921433374
2009-08-14,3.4629848123044624,22.371480226113707,25.83446503841817
2009-08-17,1.575653093929585,26.31185775265078,27.887510846580366
2009-08-18,2.8598970823938785,24.36438649637149,27.22428357876537
2009-08-19,3.053454720738074,24.165051859050763,27.218506579788837
2009-08-20,3.838957039140702,22.850528673345696,26.6894857124864
2009-08-21,3.5986233647505443,22.704713721293725,26.30333708604427
2009-08-24,3.9628856236774155,22.917998730477134,26.88088435415455
2009-08-25,4.079429101613492,22.677031032158094,26.756460133771586
2009-08-26,4.5085073940659015,22.542412045751632,27.050919439817534
2009-08-27,4.919179814004043,22.207319548178745,27.126499362182788
2009-08-28,4.669836507658776,22.104421263580637,26.774257771239412
2009-08-31,4.243214513104956,23.09282978080285,27.336044293907808
2009-09-01,1.6489894008593708,26.856493369520628,28.50548277038
2009-09-02,2.4466462935619617,26.151324978141854,28.597971271703816
2009-09-03,3.376834586765792,24.15759320940892,27.53442779617471
2009-09-04,4.613880546130883,22.201707597148136,26.81558814327902
2009-09-07,4.613880546130883,22.201707597148136,26.81558814327902
2009-09-08,3.648648806444772,22.777878478611584,26.426527285056356
2009-09-09,4.163991391062318,21.774410623340383,25.9384020144027
2009-09-10,4.132818525637337,20.8841851562622,25.017003681899535
2009-09-11,3.7757199946963986,21.34375848626157,25.11947848095797
2009-09-14,2.7026693457673403,22.344628105408024,25.047297451175364
2009-09-15,2.4958166747855444,22.45873807606358,24.954554750849123
2009-09-16,-0.11171216544586926,24.801012802164276,24.689300636718407
2009-09-17,2.5649182898481513,21.983571599977203,24.548489889825355
2009-09-18,3.101570837570069,21.870720355631267,24.972291193201336
2009-09-21,3.0796612616443646,21.996304210226363,25.075965471870727
2009-09-22,3.826166738989972,21.186397743716125,25.012564482706097
2009-09-23,3.5730727732616465,21.589758711630232,25.16283148489188
2009-09-24,3.2404346139870626,22.855122966274635,26.095557580261698
2009-09-25,2.4959166321190303,23.56503497388921,26.060951606008242
2009-09-28,2.3236828231018833,22.998025186508134,25.321708009610017
2009-09-29,2.1212883331043315,23.174678713772508,25.29596704687684
2009-09-30,1.9535609269810301,23.79146553900021,25.74502646598124
2009-10-01,-0.4061684367443448,26.79195476665325,26.385786329908907
2009-10-02,-0.05013111433277828,26.96227347177551,26.912142357442733
2009-10-05,1.0305262434187554,25.00612892554704,26.036655168965794
2009-10-06,1.4034419435970484,23.951188763671535,25.354630707268583
2009-10-07,2.2862892421989613,22.788645435229817,25.07493467742878
2009-10-08,2.505913606520995,22.26099164479247,24.766905251313464
2009-10-09,3.361262607971362,20.8524204395614,24.21368304753276
2009-10-12,0.9546148003885229,23.19855606831441,24.153170868702933
2009-10-13,0.5965652923052254,23.738627754962916,24.33519304726814
2009-10-14,-0.12563992655169187,24.19263072356464,24.06699079701295
2009-10-15,3.326783597354055,20.495437208051193,23.822220805405248
2009-10-16,3.843951678293447,19.934768401526718,23.778720079820165
2009-10-19,3.50814412842697,20.078675484130144,23.586819612557115
2009-10-20,4.095541380905683,19.664200080176755,23.759741461082438
2009-10-21,3.2735907524115646,20.55464148701935,23.828232239430914
2009-10-22,4.183425530029307,19.20250495709032,23.385930487119627
2009-10-23,3.4355819069667923,20.788998825746333,24.224580732713125
2009-10-26,1.7432822444158127,22.83802110238701,24.581303346802823
2009-10-27,1.7097744401583554,23.088564961884487,24.798339402042842
2009-10-28,-0.41890045512784724,26.38304610193447,25.964145646806625
2009-10-29,1.629138406322319,23.178424480430103,24.80756288675242
2009-10-30,-1.617574310974966,28.740044466310344,27.122470155335378
2009-11-02,-1.3912980915949902,28.343528205156787,26.952230113561797
2009-11-03,0.17713273720189093,26.99712120241004,27.17425393961193
2009-11-04,1.1122932598079842,25.530447432705078,26.642740692513062
2009-11-05,1.9191073816639452,23.768803593797287,25.687910975461232
2009-11-06,3.053138675148915,22.247935817470605,25.30107449261952
2009-11-09,2.8332663027848177,21.36870592789608,24.201972230680898
2009-11-10,3.422843462650693,20.96432055954042,24.38716402219111
2009-11-11,3.6920711144274634,21.093590377935882,24.785661492363346
2009-11-12,2.9890752655094524,22.39952699309197,25.388602258601424
2009-11-13,3.7738666585176865,21.38624312884741,25.160109787365098
2009-11-16,3.3988536018701225,21.502656888566968,24.90151049043709
2009-11-17,3.9457500240616987,20.90673937761244,24.852489401674138
2009-11-18,4.214429028485725,20.568854463268195,24.78328349175392
2009-11-19,3.978073929283699,21.102667311718754,25.080741241002453
2009-11-20,4.796770070907915,20.386450367386843,25.183220438294757
2009-11-23,5.25989506879171,19.336678989687975,24.596574058479685
2009-11-24,5.82569474767082,18.52932748031421,24.355022227985028
2009-11-25,5.670775410665122,18.580322864413155,24.251098275078277
2009-11-26,5.670775410665122,18.580322864413155,24.251098275078277
2009-11-27,2.58419397169488,23.19426660077613,25.77846057247101
2009-11-30,4.702961847849259,22.757334294722796,27.460296142572055
2009-12-01,4.764017357914241,20.1173047168104,24.88132207472464
2009-12-02,5.14015023076567,19.55999466510885,24.70014489587452
2009-12-03,4.617790828369518,20.89733153421153,25.51512236258105
2009-12-04,5.4440278327550615,19.485902556251915,24.929930389006977
2009-12-07,6.393144822720259,20.445264919009137,26.838409741729397
2009-12-08,4.649758432543123,22.073820676199972,26.723579108743095
2009-12-09,6.18617231842309,21.15134763487636,27.33751995329945
2009-12-10,5.162305536641902,20.448980630837116,25.61128616747902
2009-12-11,5.255674050535728,19.88151440642019,25.13718845695592
2009-12-14,5.245103770682885,19.628713738813765,24.87381750949665
2009-12-15,4.997173999179704,19.86401115571982,24.861185154899523
2009-12-16,4.971571109084572,19.372734971761837,24.34430608084641
2009-12-17,3.5879890215105235,20.91889034152577,24.506879363036294
2009-12-18,4.698768433819573,20.08104322300024,24.779811656819813
2009-12-21,5.3744318253777905,18.5603555936855,23.93478741906329
2009-12-22,5.959405508528558,17.524380563460586,23.483786071989144
2009-12-23,5.959626044799279,17.60350697855217,23.563133023351448
2009-12-24,5.9603271593005225,17.352844239700836,23.31317139900136
2009-12-25,5.9603271593005225,17.352844239700836,23.31317139900136
2009-12-28,5.123106371597192,17.987443798845824,23.110550170443016
2009-12-29,5.129742801386122,17.910462872630113,23.040205674016235
2009-12-30,5.100428552992771,18.134324805112744,23.234753358105515
2009-12-31,4.51389594597423,19.76847984604413,24.28237579201836
2010-01-01,4.51389594597423,19.76847984604413,24.28237579201836
2010-01-04,4.434670902119869,18.606682109345826,23.041353011465695
2010-01-05,5.0067910946059015,17.64737937123718,22.65417046584308
2010-01-06,4.691065389306434,17.782079566864898,22.473144956171332
2010-01-07,8.939545158033926,17.59350877773006,26.533053935763988
2010-01-08,4.755729543591475,16.657170233995878,21.412899777587352
2010-01-11,3.594366424447635,17.905705987509258,21.500072411956893
2010-01-12,3.0585340113874118,18.85084445673819,21.909378468125603
2010-01-13,2.8644757439704307,18.48991891137792,21.35439465534835
2010-01-14,4.645527713084046,16.477619569878314,21.12314728296236
2010-01-15,4.85856447097337,16.955349996414697,21.813914467388066
2010-01-18,4.85856447097337,16.955349996414697,21.813914467388066
2010-01-19,4.789244281953515,16.123685486615074,20.91292976856859
2010-01-20,3.9002740088440007,17.38063950675753,21.28091351560153
2010-01-21,1.3969124100676034,20.894943833891563,22.291856243959167
2010-01-22,-1.3391157104082332,25.823710031844016,24.484594321435782
2010-01-25,0.037033034529937225,23.778008902011035,23.815041936540972
2010-01-26,0.7409356807048937,23.192550285858317,23.93348596656321
2010-01-27,1.5874995453701217,22.08959034255992,23.67708988793004
2010-01-28,1.8169312269178413,22.303342706884663,24.120273933802505
2010-01-29,1.151211953845106,22.9950422224256,24.146254176270705
2010-02-01,2.2720655224658373,21.067457426027357,23.339522948493194
2010-02-02,2.5882355784524584,19.890601936295297,22.478837514747756
2010-02-03,2.6337320726610614,20.059449853541903,22.693181926202964
2010-02-04,0.28085280547928804,24.724389920031395,25.005242725510683
2010-02-05,0.2491112626306773,24.665924168955396,24.915035431586073
2010-02-08,-0.15645993527648017,25.091318021262985,24.934858085986505
2010-02-09,0.6389994165670387,24.02107091714106,24.6600703337081
2010-02-10,1.2218532791201504,23.56759688227002,24.78945016139017
2010-02-11,1.6589996500432456,22.284429645165776,23.94342929520902
2010-02-12,2.590654735439646,21.18336900679987,23.774023742239518
2010-02-15,2.590654735439646,21.18336900679987,23.774023742239518
2010-02-16,2.2293209798345153,20.8726959304027,23.102016910237214
2010-02-17,2.403653731626214,20.431290433109016,22.83494416473523
2010-02-18,3.1508056251326977,18.924196935419435,22.075002560552132
2010-02-19,3.38952842057758,18.221010296051723,21.610538716629303
2010-02-22,3.037091176070657,18.30475511887647,21.34184629494713
2010-02-23,2.0320430050218334,19.92471911538552,21.956762120407355
2010-02-24,2.7746952044398157,18.887002076816202,21.661697281256018
2010-02-25,2.5818808759078635,18.968062359120445,21.54994323502831
2010-02-26,3.039201841954128,18.30035614439048,21.33955798634461
2010-03-01,3.253260378446541,17.835858098716518,21.08911847716306
2010-03-02,3.071010300756363,17.470445004482723,20.541455305239086
2010-03-03,3.112656220514797,17.34344901184005,20.456105232354847
2010-03-04,3.610991624360029,16.99983255336238,20.61082417772241
2010-03-05,4.068487027708619,15.865158867798959,19.933645895507578
2010-03-08,3.4775073949142907,16.3560900564865,19.83359745140079
2010-03-09,3.4841209295732334,16.393713774905887,19.87783470447912
2010-03-10,3.0388940922644103,17.041812854643936,20.080706946908347
2010-03-11,4.000319445018796,16.56535980079743,20.565679245816227
2010-03-12,4.026562163776791,16.219698696041007,20.2462608598178
2010-03-15,3.5948752871555634,16.90240101997034,20.497276307125905
2010-03-16,3.6670486158582527,16.2292417189175,19.896290334775752
2010-03-17,3.8604215853002444,15.837416262169771,19.697837847470016
2010-03-18,4.1221259645069654,15.520232816331381,19.642358780838347
2010-03-19,4.164108697034191,15.735764774991615,19.899873472025806
2010-03-22,4.511860622275,15.312861471428063,19.824722093703063
2010-03-23,5.038995363445718,14.699688160405245,19.738683523850963
2010-03-24,3.822648985048506,16.04129637838293,19.863945363431437
2010-03-25,3.4306203447589922,16.798563624394095,20.229183969153087
2010-03-26,3.9548646643700955,15.921921458308383,19.876786122678478
2010-03-29,4.108949400647241,15.80221175980769,19.91116116045493
2010-03-30,4.142796754980822,15.494711657267313,19.637508412248135
2010-03-31,3.976039332323177,15.846918141484162,19.82295747380734
2010-04-01,3.8734474913747796,16.012480297832766,19.885927789207546
2010-04-02,3.8734474913747796,16.012480297832766,19.885927789207546
2010-04-05,3.8430894145425167,15.502660449698267,19.345749864240783
2010-04-06,4.310842593193431,14.765072841880485,19.075915435073917
2010-04-07,3.9577180904228353,15.262959991052158,19.220678081474993
2010-04-08,4.350647980162389,14.910952724899996,19.261600705062385
2010-04-09,3.9526358318327706,15.012170248953757,18.964806080786527
2010-04-12,3.0934896367199407,15.98860229633404,19.08209193305398
2010-04-13,2.811934634293234,16.406015766473462,19.217950400766696
2010-04-14,2.53210973485103,16.594153338765004,19.126263073616034
2010-04-15,4.565124751292501,14.845063719119775,19.410188470412276
2010-04-16,3.3655609081543147,16.86336855049866,20.228929458652974
2010-04-19,4.108424960722136,15.971054893886613,20.07947985460875
2010-04-20,4.994532615943358,14.43727795290638,19.431810568849738
2010-04-21,4.792757311294395,15.059797434693614,19.85255474598801
2010-04-22,4.741669053772162,15.113018533186873,19.854687586959034
2010-04-23,4.664969003484982,15.231850916488037,19.89681991997302
2010-04-26,4.052185457186344,16.027091410223,20.079276867409344
2010-04-27,0.9019264339196553,21.20644946833597,22.108375902255624
2010-04-28,2.3333905691272427,19.43531878436304,21.768709353490284
2010-04-29,4.248973826698332,16.671138885503968,20.9201127122023
2010-04-30,2.330039127181422,20.624156819684465,22.954195946865887
2010-05-03,3.305040879268038,18.776635766759046,22.081676646027084
2010-05-04,1.5760314395209,22.541312736288326,24.117344175809226
2010-05-05,1.6935728928396117,23.69098965446648,25.384562547306093
2010-05-06,-2.5164744847807405,31.074859874935907,28.558385390155166
2010-05-07,-7.205832534626111,39.77801352742513,32.57218099279902
2010-05-10,0.16339743992974576,27.077442627198057,27.240840067127802
2010-05-11,0.5480745760360897,26.374602257398383,26.922676833434473
2010-05-12,1.522985639454685,23.77828984521804,25.301275484672725
2010-05-13,1.0693806278396139,24.599127702975203,25.668508330814817
2010-05-14,-0.793333950074917,28.80605749702882,28.012723546953904
2010-05-17,-0.864927594768254,29.40828242856241,28.543354833794155
2010-05-18,-1.474732330157341,31.196906947240283,29.722174617082942
2010-05-19,-1.8888013557200907,33.07062222136405,31.181820865643957
2010-05-20,-6.287100251296302,39.25255668443599,32.965456433139686
2010-05-21,-4.2234648901573095,37.89089186309166,33.66742697293435
2010-05-24,-1.755308559794912,34.97044800689342,33.21513944709851
2010-05-25,-0.16034188620691125,31.679727358417892,31.51938547221098
2010-05-26,-0.04279697797456805,31.439733688484466,31.396936710509898
2010-05-27,1.1334749710412417,27.767630290424584,28.901105261465826
2010-05-28,-0.3239897188705321,29.777079986736172,29.45309026786564
2010-05-31,-0.3239897188705321,29.777079986736172,29.45309026786564
2010-06-01,-3.0254215249197394,33.94929216447948,30.92387063955974
2010-06-02,0.4247171952990385,28.21045389548092,28.63517109077996
2010-06-03,0.8240468906961382,27.43834244306717,28.26238933376331
2010-06-04,-1.2070083272175083,32.00860025031045,30.801591923092943
2010-06-07,-1.8497618382239764,33.2439100370908,31.394148198866823
2010-06-08,0.8626497233242851,30.124291973337154,30.98694169666144
2010-06-09,0.6661084041537961,30.459729533091952,31.12583793724575
2010-06-10,1.6069774391237566,27.45196294189608,29.058940381019838
2010-06-11,3.454076317090749,25.156761450651082,28.61083776774183
2010-06-14,2.699234291844231,25.751293575031532,28.450527866875763
2010-06-15,2.914171024478758,23.59345616979917,26.507627194277926
2010-06-16,3.1902348077633853,23.536101547165195,26.72633635492858
2010-06-17,3.912654643108624,22.41523307260326,26.327887715711885
2010-06-18,4.367093983801553,21.224872452971585,25.591966436773138
2010-06-21,3.707581485580956,22.09103868703787,25.798620172618826
2010-06-22,3.326502364357868,24.224802353050336,27.551304717408204
2010-06-23,3.733461373659928,24.119224689165794,27.852686062825722
2010-06-24,1.914176807756192,26.980585776496962,28.894762584253154
2010-06-25,5.885001746534005,22.879772974082865,28.76477472061687
2010-06-28,0.17638881945586604,23.564390959731295,23.74077977918716
2010-06-29,-0.6811272816713263,32.4646249136565,31.783497631985174
2010-06-30,1.2431194295326335,30.95551608214094,32.19863551167357
2010-07-01,2.9814393053868535,29.409757203867887,32.39119650925474
2010-07-02,5.190125159604968,26.89700326743882,32.08712842704379
2010-07-05,5.190125159604968,26.89700326743882,32.08712842704379
2010-07-06,4.0536693847985426,26.648237558852898,30.70190694365144
2010-07-07,4.477788291443993,24.10313515557688,28.580923447020872
2010-07-08,5.074841860570309,22.776033039063943,27.850874899634253
2010-07-09,5.922166749328511,21.53183731596326,27.45400406529177
2010-07-12,4.813201366126297,22.965752488122508,27.778953854248805
2010-07-13,4.53568594473596,22.465791460585002,27.001477405320962
2010-07-14,5.453917379783288,22.049574127770697,27.503491507553985
2010-07-15,5.844021127432253,22.005864022811096,27.84988515024335
2010-07-16,2.027378600451808,27.10650264158304,29.13388124203485
2010-07-19,4.973459154651845,23.76111237745716,28.734571532109005
2010-07-20,5.597511407163175,22.016512529332545,27.61402393649572
2010-07-21,4.914392481369074,23.2462334363014,28.160625917670473
2010-07-22,4.832000664537908,22.21084191670801,27.042842581245917
2010-07-23,5.318900960177192,21.13267205490233,26.45157301507952
2010-07-26,5.468786899502085,20.634545033777442,26.103331933279527
2010-07-27,5.045749434483991,20.481578092611993,25.527327527095984
2010-07-28,4.429470061432369,21.406672261548774,25.836142322981143
2010-07-29,4.1598227058406145,21.57034288006301,25.730165585903624
2010-07-30,4.87808846094919,21.02467030689401,25.9027587678432
2010-08-02,5.396577839887886,19.15515087661226,24.551728716500147
2010-08-03,5.104524660393167,19.729205443498408,24.833730103891575
2010-08-04,5.04252802570544,19.797374004463343,24.839902030168783
2010-08-05,5.665090150314349,19.444758105236378,25.109848255550727
2010-08-06,6.168671396890883,19.257980351921702,25.426651748812585
2010-08-09,5.936982561937992,19.069958794491704,25.006941356429696
2010-08-10,5.61613706880188,19.651763887222913,25.267900956024793
2010-08-11,4.359757541250335,22.85487880013398,27.214636341384317
2010-08-12,4.382544879597514,23.273861243083783,27.656406122681297
2010-08-13,4.469559354420916,23.752148300822455,28.22170765524337
2010-08-16,4.591036290548306,23.66514989896996,28.256186189518267
2010-08-17,5.5727736620921995,21.598179291662913,27.170952953755112
2010-08-18,5.601767903475444,21.575669054496917,27.17743695797236
2010-08-19,4.4382379456050565,23.606801951305183,28.04503989691024
2010-08-20,4.794188904668793,23.519069154864315,28.31325805953311
2010-08-23,5.589437034848476,22.62765506863782,28.217092103486298
2010-08-24,4.350314838099045,24.689996649768148,29.040311487867193
2010-08-25,4.5461180953650775,24.36211663721988,28.90823473258496
2010-08-26,4.333559629414019,24.565738319876225,28.899297949290244
2010-08-27,5.87539048972231,21.905182557423384,27.780573047145694
2010-08-30,4.34249462204836,24.26225604881433,28.60475067086269
2010-08-31,4.932354436362527,23.684226579068827,28.616581015431354
2010-09-01,5.499537351937867,21.54908347381638,27.04862082575425
2010-09-02,5.8759477977898555,20.668305579591173,26.54425337738103
2010-09-03,7.06276658144078,18.383059163536476,25.445825744977256
2010-09-06,7.06276658144078,18.383059163536476,25.445825744977256
2010-09-07,5.431678564349152,20.98401098259427,26.415689546943423
2010-09-08,5.727653002575543,20.41001996403532,26.137672966610864
2010-09-09,5.810158122389328,19.934670839892974,25.744828962282302
2010-09-10,6.438626115729328,19.053747653395398,25.492373769124725
2010-09-13,5.39238417529117,19.352383145141996,24.744767320433166
2010-09-14,5.335493779096161,19.150437662160712,24.485931441256874
2010-09-15,5.2915536249291115,19.587755738176018,24.87930936310513
2010-09-16,5.04917738384216,19.771894073166504,24.821071457008664
2010-09-17,5.586946345184895,19.212246453839484,24.79919279902438
2010-09-20,5.692161623435236,18.643359393169757,24.335521016604993
2010-09-21,4.91101216201416,19.5467312834903,24.45774344550446
2010-09-22,5.1725570885538055,19.798244262776453,24.97080135133026
2010-09-23,4.700840897664264,21.0412354311915,25.742076328855763
2010-09-24,5.929860935965976,18.893958611125203,24.82381954709118
2010-09-27,5.183467156700399,19.67827827517777,24.86174543187817
2010-09-28,5.593501354354547,19.779635929066984,25.37313728342153
2010-09-29,5.1729106686456845,20.198988653067957,25.37189932171364
2010-09-30,5.728861817425351,20.167087117443963,25.895948934869313
2010-10-01,6.487531671288938,19.14703227197327,25.634563943262208
2010-10-04,5.5414487059811,20.63705040064437,26.17849910662547
2010-10-05,6.471938842199943,18.63830649696677,25.110245339166713
2010-10-06,6.670155955351937,18.480457301036207,25.150613256388144
2010-10-07,6.313839173209303,18.772813930615925,25.086653103825228
2010-10-08,6.940762379419137,17.697363338799462,24.6381257182186
2010-10-11,6.17668455738961,18.204057426017695,24.380741983407304
2010-10-12,6.329735442722168,17.750216265010447,24.079951707732615
2010-10-13,6.2173100784480155,17.234073778811172,23.451383857259188
2010-10-14,6.465139164803528,17.458565456165427,23.923704620968955
2010-10-15,6.275709737706169,17.79850631141373,24.074216049119897
2010-10-18,6.219511596789594,17.216333631354015,23.43584522814361
2010-10-19,4.9406486334839315,19.24738361571293,24.188032249196862
2010-10-20,5.40379980679328,17.8718578013427,23.27565760813598
2010-10-21,5.532364005123544,17.4974701947216,23.029834199845144
2010-10-22,5.4945763102089344,17.02083766422686,22.515413974435795
2010-10-25,4.6170151975246405,17.73144052838724,22.34845572591188
2010-10-26,4.0623439915815815,18.492610634479345,22.554954626060926
2010-10-27,4.043220617434148,19.040495661967192,23.08371627940134
2010-10-28,3.9919331785370176,18.840532513703998,22.832465692241016
2010-10-29,3.650203888194433,19.28433040253296,22.93453429072739
2010-11-01,2.904767684682774,19.985959499849926,22.8907271845327
2010-11-02,3.2022302902899042,19.569652328948656,22.77188261923856
2010-11-03,4.853970894736584,17.499562975952625,22.35353387068921
2010-11-04,4.3793971360014865,16.503420321734666,20.882817457736152
2010-11-05,4.846596771440254,15.9364818799923,20.783078651432554
2010-11-08,5.286342545277517,15.825841859019874,21.11218440429739
2010-11-09,4.696128637484346,16.643828102450662,21.33995673993501
2010-11-10,5.336442472531456,16.18665126599709,21.523093738528544
2010-11-11,5.483619417807137,16.21223578616457,21.695855203971707
2010-11-12,4.25939861533066,18.423547947227835,22.682946562558495
2010-11-15,4.2060338600725835,18.17847195480414,22.384505814876725
2010-11-16,2.8362300102865667,20.897202617671244,23.73343262795781
2010-11-17,3.727076336324391,19.59964635494015,23.32672269126454
2010-11-18,5.462726863874071,16.8593868562935,22.32211372016757
2010-11-19,5.880294006132768,16.180349414807914,22.060643420940682
2010-11-22,5.5036661293996865,16.494537304671915,21.998203434071602
2010-11-23,4.177169579610858,18.533189606120192,22.71035918573105
2010-11-24,4.538827392444965,17.373834746424446,21.91266213886941
2010-11-25,4.538827392444965,17.373834746424446,21.91266213886941
2010-11-26,2.906035721481633,20.16268262250266,23.068718343984294
2010-11-29,3.8172649804289627,19.923844871872447,23.74110985230141
2010-11-30,2.76299272506488,21.489021310457755,24.252014035522635
2010-12-01,4.624032190069489,18.818469088811113,23.442501278880602
2010-12-02,5.0436718224498485,17.137586011110496,22.181257833560345
2010-12-03,6.085557333797679,15.603749500664199,21.689306834461878
2010-12-06,5.894612977143076,15.476702789343037,21.371315766486113
2010-12-07,5.28208733824089,15.626415600989448,20.90850293923034
2010-12-08,5.525952701051365,15.37662742858116,20.902580129632526
2010-12-09,5.626514976686201,14.831148816013842,20.457663792700043
2010-12-10,5.464836862809484,14.833887723022862,20.298724585832346
2010-12-13,4.685416705330551,15.754099569842497,20.439516275173048
2010-12-14,4.771885149339946,15.578557545081159,20.350442694421105
2010-12-15,5.030242376704928,15.573379630178765,20.603622006883693
2010-12-16,5.864376295033438,14.813202227827379,20.677578522860816
2010-12-17,5.995757884212136,14.624769084790312,20.620526969002448
2010-12-20,6.258387367565641,14.27987939695675,20.53826676452239
2010-12-21,5.843473282646105,14.499338695636006,20.34281197828211
2010-12-22,6.491147913722132,13.62058896654206,20.111736880264193
2010-12-23,6.049261604559893,14.636231941840089,20.685493546399982
2010-12-24,6.049261604559893,14.636231941840089,20.685493546399982
2010-12-27,5.6892553499163565,15.53757292886481,21.226828278781166
2010-12-28,6.074702925096686,15.197425682922288,21.272128608018974
2010-12-29,6.31046818521239,14.868847091282294,21.179315276494684
2010-12-30,6.228625360549804,15.08254321437679,21.311168574926594
2010-12-31,5.6673998360121995,15.704865431079698,21.372265267091898
2011-01-03,5.93796054105006,14.97239751475271,20.91035805580277
2011-01-04,5.869992202988769,14.986448382946115,20.856440585934884
2011-01-05,5.97557566957218,14.454725604258591,20.43030127383077
2011-01-06,5.675578573566325,14.900946447135818,20.576525020702142
2011-01-07,5.919775069053337,14.788785229937226,20.708560298990562
2011-01-10,5.318355943086097,15.254020362184662,20.572376305270758
2011-01-11,5.7697538981516985,14.493701395202688,20.263455293354387
2011-01-12,5.493605431671771,14.030912840753981,19.52451827242575
2011-01-13,5.343715475772658,14.102212704874987,19.445928180647645
2011-01-14,5.661975952178832,13.336884705831434,18.998860658010265
2011-01-17,5.661975952178832,13.336884705831434,18.998860658010265
2011-01-18,5.301778101177412,13.560361742181303,18.862139843358715
2011-01-19,4.233362866273735,15.34066382335468,19.574026689628415
2011-01-20,3.9332633569922812,15.830366274480529,19.76362963147281
2011-01-21,4.092337397304048,15.481025936126086,19.573363333430134
2011-01-24,4.29917521216214,15.111966670593919,19.41114188275606
2011-01-25,4.074952194804727,15.247494837550931,19.322447032355658
2011-01-26,4.410196499650478,14.222923869300615,18.633120368951094
2011-01-27,4.4858982686563795,13.895135140719047,18.381033409375426
2011-01-28,1.492341908507747,17.79962277723755,19.291964685745295
2011-01-31,2.203909488714274,17.24401349428838,19.447922983002655
2011-02-01,3.3478272744812596,15.184603476921923,18.532430751403183
2011-02-02,3.591635146459609,14.939764233937524,18.531399380397133
2011-02-03,4.08762094744649,14.336243304184231,18.42386425163072
2011-02-04,4.452428499162014,13.584622097622276,18.03705059678429
2011-02-07,3.6728571902049794,14.035060049965967,17.707917240170946
2011-02-08,4.14955602365894,13.434968364144565,17.584524387803505
2011-02-09,4.15117269117987,13.667166142765588,17.818338833945457
2011-02-10,4.155013999669249,13.579551888719996,17.734565888389245
2011-02-11,4.238588868990712,13.233500672197055,17.472089541187767
2011-02-14,3.8287627175294627,13.749501383583004,17.578264101112467
2011-02-15,3.6147293746082756,14.126325118464,17.741054493072276
2011-02-16,3.3939557657177115,14.321916616299339,17.71587238201705
2011-02-17,3.90950617528158,14.096387512437106,18.005893687718686
2011-02-18,4.400263530496412,13.82741356305055,18.227677093546962
2011-02-21,4.400263530496412,13.82741356305055,18.227677093546962
2011-02-22,1.629176362986609,18.744341892578024,20.373518255564633
2011-02-23,1.477268170823784,19.604809016905094,21.082077187728878
2011-02-24,1.8949975009295734,19.29893360780778,21.193931108737353
2011-02-25,2.9767440990682275,16.97934237301831,19.956086472086536
2011-02-28,3.6175189582418223,15.922894895241024,19.540413853482846
2011-03-01,2.12473227754073,18.33472341099915,20.45945568853988
2011-03-02,2.282715971155156,18.324543800086843,20.607259771242
2011-03-03,3.7985330574205847,16.015819775904824,19.814352833325408
2011-03-04,3.2697941920275717,17.10990800063057,20.37970219265814
2011-03-07,2.3473373097444323,18.71046467535149,21.05780198509592
2011-03-08,3.253999675202376,17.360314906712706,20.61431458191508
2011-03-09,3.078336037432276,17.875879758519293,20.95421579595157
2011-03-10,1.7893591643049298,19.915221022345445,21.704580186650375
2011-03-11,3.3551450465954886,18.012417584640826,21.367562631236314
2011-03-14,2.7082283133589016,19.250778569799508,21.95900688315841
2011-03-15,1.1076397350485543,21.739630638096948,22.847270373145502
2011-03-16,-2.2356669542300445,26.59335378649209,24.357686832262047
2011-03-17,-0.6523800247962761,24.165740543433838,23.513360518637562
2011-03-18,0.809638957430014,22.030253448160348,22.839892405590362
2011-03-21,3.0114571955611353,18.456130167136443,21.46758736269758
2011-03-22,3.041001122203326,17.99792954954997,21.038930671753295
2011-03-23,3.7885697271573058,16.94166419882572,20.730233925983026
2011-03-24,4.010525477362194,16.00547508745728,20.016000564819475
2011-03-25,4.110087628679043,15.781957374015242,19.892045002694285
2011-03-28,3.155891544342783,17.083724191158723,20.239615735501506
2011-03-29,4.003646448427695,16.13714246746069,20.140788915888386
2011-03-30,4.1015457782301326,15.353594203920483,19.455139982150616
2011-03-31,4.126075192438696,15.424220399341012,19.550295591779708
2011-04-01,4.658810370027695,14.657473328481494,19.31628369850919
2011-04-04,4.053729217018814,15.374005188295298,19.427734405314112
2011-04-05,4.748757021545009,14.373427791434432,19.12218481297944
2011-04-06,5.105931704567796,14.068745299545386,19.17467700411318
2011-04-07,4.941204510678473,14.652978644622797,19.59418315530127
2011-04-08,4.454134719765381,15.357310767801891,19.811445487567273
2011-04-11,4.189850275058543,15.72112892690322,19.910979201961762
2011-04-12,4.483481430996697,15.993995842357208,20.477477273353905
2011-04-13,4.776759914477896,15.14343189109207,19.920191805569967
2011-04-14,5.28767131674986,14.917210441537494,20.204881758287353
2011-04-15,4.64902226162107,14.94949950332638,19.59852176494745
2011-04-18,5.087825209475692,15.358037424491435,20.445862633967128
2011-04-19,5.568267620833659,14.158270473944182,19.72653809477784
2011-04-20,5.854351902349366,13.177964340269435,19.0323162426188
2011-04-21,6.254612764555416,12.583995897333322,18.83860866188874
2011-04-22,6.254612764555416,12.583995897333322,18.83860866188874
2011-04-25,5.580287348046339,13.47410306445096,19.0543904124973
2011-04-26,5.244152537552829,13.371933800369156,18.616086337921985
2011-04-27,4.872333730645424,13.46734773694257,18.339681467587994
2011-04-28,5.707017867190121,12.413004343192878,18.120022210383
2011-04-29,5.238343272446379,12.693590418342485,17.931933690788863
2011-05-02,4.771740767574197,13.662778214895638,18.434518982469836
2011-05-03,4.593579729493021,14.531660066280134,19.125239795773155
2011-05-04,4.582034248677186,14.778582338593733,19.36061658727092
2011-05-05,3.29847760094491,16.46564181375725,19.76411941470216
2011-05-06,3.2471645298851897,16.444891105219035,19.692055635104225
2011-05-09,4.149516288492087,15.257934922924452,19.40745121141654
2011-05-10,5.0212786790257145,13.731350510452343,18.752629189478057
2011-05-11,4.041198006455698,15.231231186876308,19.272429193332005
2011-05-12,4.6331483114084495,14.404526677346977,19.037674988755427
2011-05-13,4.0763925587681715,15.09011407508581,19.16650663385398
2011-05-16,3.1311286471630524,16.422966692562863,19.554095339725915
2011-05-17,3.630137698196865,16.003148662603277,19.633286360800142
2011-05-18,4.608715892162696,14.36585814105889,18.974574033221586
2011-05-19,4.985079519302509,13.615315926651192,18.6003954459537
2011-05-20,4.2478525818806165,14.96580941664964,19.213661998530256
2011-05-23,3.472345937936982,16.251801566852844,19.724147504789826
2011-05-24,3.7478214934972556,15.81221675607842,19.560038249575676
2011-05-25,4.480802808959709,14.923547039479363,19.40434984843907
2011-05-26,4.512486734326478,14.134822693240631,18.64730942756711
2011-05-27,4.495804900106986,13.885221992408503,18.38102689251549
2011-05-30,4.495804900106986,13.885221992408503,18.38102689251549
2011-05-31,4.439064584474885,13.554817893488053,17.993882477962938
2011-06-01,2.5328595938673715,16.426306623932824,18.959166217800195
2011-06-02,2.771559925551717,16.397173901827166,19.168733827378883
2011-06-03,3.4711416202228857,15.967609103435793,19.43875072365868
2011-06-06,2.8053564948779908,16.80524684354096,19.61060333841895
2011-06-07,3.169903035199173,16.229005722623306,19.39890875782248
2011-06-08,2.9450413532516997,16.676749639951655,19.621790993203355
2011-06-09,3.206859896256807,15.950364129034986,19.157224025291793
2011-06-10,2.6931033211007147,17.056315390739254,19.74941871183997
2011-06-13,2.525078903378944,17.377394469519214,19.902473372898157
2011-06-14,3.2199192264974634,16.07427870486164,19.294197931359104
2011-06-15,1.650176007330245,18.931958501210076,20.58213450854032
2011-06-16,0.07824350523775081,21.59147136576174,21.669714870999492
2011-06-17,1.6220651995234832,19.856944445333998,21.47900964485748
2011-06-20,2.887772740718276,18.291560005349226,21.1793327460675
2011-06-21,2.93170375983345,17.074597680205297,20.006301440038747
2011-06-22,3.2436341842069787,16.955326214013944,20.198960398220922
2011-06-23,3.063648151001633,17.813415857781774,20.877064008783407
2011-06-24,2.080808140671895,19.330299855271367,21.41110799594326
2011-06-27,2.3255035661188224,18.762329245068443,21.087832811187265
2011-06-28,3.075493879292786,17.33361754851432,20.409111427807105
2011-06-29,4.552830538386328,15.023860652887375,19.576691191273703
2011-06-30,5.140676024696605,13.80678417995957,18.947460204656174
2011-07-01,4.357128996152964,13.797618942919504,18.154747939072468
2011-07-04,4.357128996152964,13.797618942919504,18.154747939072468
2011-07-05,3.8495040155932685,14.316250406759966,18.165754422353235
2011-07-06,3.9933466777909388,14.382147814282483,18.375494492073422
2011-07-07,4.053414340157392,13.793025872032786,17.846440212190178
2011-07-08,4.475533969899317,13.845719467745923,18.32125343764524
2011-07-11,1.848860254150214,17.862923386258934,19.71178364040915
2011-07-12,1.7574882297504217,18.447209647826252,20.204697877576674
2011-07-13,2.616622282977133,17.54636845937765,20.162990742354783
2011-07-14,3.1078984418215576,17.419486799877237,20.527385241698795
2011-07-15,2.68208697235233,17.860062964529526,20.542149936881856
2011-07-18,2.2920003086540426,18.91982259578489,21.211822904438932
2011-07-19,3.1020565454617604,17.18865387072947,20.29071041619123
2011-07-20,2.8491870484424773,17.25122755334824,20.100414601790717
2011-07-21,3.125423454971532,15.990192395370617,19.11561585034215
2011-07-22,3.2841022934878144,15.682595849095987,18.9666981425838
2011-07-25,2.1483063902974067,17.54958122574381,19.697887616041218
2011-07-26,1.7156553429977457,18.393763743108575,20.10941908610632
2011-07-27,0.03048485584462668,20.95100743182843,20.981492287673056
2011-07-28,-0.30147338950478186,21.72047701010415,21.41900362059937
2011-07-29,-2.328652650103482,23.892525442484036,21.563872792380554
2011-08-01,-0.8858993207417285,22.271254251843693,21.385354931101965
2011-08-02,-0.8479181627681776,23.008626189777303,22.160708027009125
2011-08-03,0.21405013612583446,21.85662111459913,22.070671250724963
2011-08-04,-6.057030470208122,30.126087828083893,24.06905735787577
2011-08-05,-4.603800285527715,31.822240547398966,27.21844026187125
2011-08-08,-13.203835976856414,42.97033779515224,29.766501818295826
2011-08-09,-5.5211114131518,34.29422862908487,28.77311721593307
2011-08-10,-10.659238653734391,41.30682663279758,30.64758797906319
2011-08-11,-7.667560685148587,37.20448463831112,29.536923953162535
2011-08-12,-5.127837156024423,33.47676918797651,28.348932031952085
2011-08-15,-2.4478045904774532,29.143897682686564,26.69609309220911
2011-08-16,-2.4162463006573986,29.488476005029845,27.072229704372447
2011-08-17,-1.612391467572241,28.29209109958105,26.67969963200881
2011-08-18,-8.834051965446918,39.113189528181195,30.279137562734277
2011-08-19,-7.787303397011854,39.46128205088829,31.67397865387644
2011-08-22,-6.80021447192744,38.50282268959423,31.702608217666793
2011-08-23,-3.2755532328515358,33.36272662591834,30.087173393066806
2011-08-24,-2.274268888226267,32.52161850034385,30.24734961211758
2011-08-25,-5.453643788605234,36.536685454602974,31.08304166599774
2011-08-26,-2.856223620025613,32.760419649555296,29.904196029529682
2011-08-29,-1.2519055351964674,29.34582263562382,28.09391710042735
2011-08-30,-1.1915879471914437,29.743237917109795,28.55164996991835
2011-08-31,-0.6566523960209665,28.75358249544922,28.096930099428253
2011-09-01,0.14020928011247236,28.31882069597106,28.45902997608353
2011-09-02,-0.5362476076075033,30.33412912386243,29.797881516254925
2011-09-05,-0.5362476076075033,30.33412912386243,29.797881516254925
2011-09-06,-3.123555595759843,34.51353436461532,31.389978768855475
2011-09-07,-0.46269260944579216,29.693258119207606,29.230565509761814
2011-09-08,-1.0904890219937613,30.80604891252091,29.71555989052715
2011-09-09,-4.196745077243499,35.80555578063548,31.60881070339198
2011-09-12,-3.138813631623144,35.410945533066226,32.27213190144308
2011-09-13,-0.6627784054837171,32.43599613713267,31.773217731648952
2011-09-14,0.28984575642593313,30.51157670243677,30.801422458862703
2011-09-15,2.468266333938825,27.6238235735874,30.092089907526226
2011-09-16,0.75843673357247,28.775939321048998,29.534376054621468
2011-09-19,0.3027451804937371,29.998837794408356,30.301582974902093
2011-09-20,0.12807476088567427,29.691269035759234,29.819343796644908
2011-09-21,-2.021430266788304,33.03648800990622,31.015057743117918
2011-09-22,-3.9884448413698905,38.42842144382416,34.43997660245427
2011-09-23,-3.992808970298455,38.25158961284958,34.25878064255112
2011-09-26,-2.7474011203467015,36.5698247065523,33.8224235862056
2011-09-27,-1.5513280453747456,33.87278873622413,32.321460690849385
2011-09-28,-3.3325257186836623,36.66326429126712,33.330738572583456
2011-09-29,-2.3083125579219157,36.235061157460905,33.92674859953899
2011-09-30,-3.900810824995908,39.03740218973641,35.136591364740504
2011-10-03,-5.120192293128554,42.135619234877055,37.0154269417485
2011-10-04,-3.1195556577137182,39.53405554503775,36.414499887324034
2011-10-05,-0.31316889827292016,34.587680803496184,34.274511905223264
2011-10-06,0.370269430032657,33.15367507313449,33.523944503167144
2011-10-07,0.4655505561099744,32.60299103622265,33.06854159233262
2011-10-10,1.348834311398189,30.276994763608112,31.6258290750063
2011-10-11,2.0881908534043596,28.987133517808832,31.075324371213192
2011-10-12,2.116032325416761,27.180469506289395,29.296501831706156
2011-10-13,2.381840908188199,27.34264842085048,29.72448932903868
2011-10-14,3.3244405974526963,24.873019373320947,28.197459970773643
2011-10-17,0.6239033885038516,29.216212092001197,29.840115480505048
2011-10-18,0.9665642929452787,27.970886894416058,28.937451187361336
2011-10-19,-0.7053425279417169,31.013827523145928,30.30848499520421
2011-10-20,-0.15337541048622327,31.067362518494896,30.913987108008673
2011-10-21,0.6463472052678689,28.844636652134408,29.490983857402277
2011-10-24,2.071144238527779,26.008159549465354,28.079303787993133
2011-10-25,0.3857941548522881,28.795688139986623,29.18148229483891
2011-10-26,1.4417392369598723,26.91168623007858,28.353425467038452
2011-10-27,2.7619747229398044,23.000450666969083,25.762425389908888
2011-10-28,3.196982306942651,21.79384680630986,24.99082911325251
2011-10-31,0.18504147041543817,26.512613537684697,26.697655008100135
2011-11-01,-1.5005142510892746,31.797108975339565,30.29659472425029
2011-11-02,-0.34165890036937085,29.977815672026374,29.636156771657003
2011-11-03,1.885140764248252,26.75506677806884,28.640207542317093
2011-11-04,1.984741420689403,27.13421088543346,29.118952306122864
2011-11-07,1.968815534987268,26.786978606799423,28.75579414178669
2011-11-08,3.0947652326317936,24.326150683231372,27.420915915863166
2011-11-09,-1.2192064578193467,32.536230972062626,31.31702451424328
2011-11-10,1.2886074812318569,29.234529889571203,30.52313737080306
2011-11-11,2.732075273667789,26.02845984251521,28.760535116183
2011-11-14,1.3931289354797585,28.56236665444367,29.95549558992343
2011-11-15,2.3871885899530234,27.46860305464552,29.855791644598543
2011-11-16,0.7571454658702095,29.91320586037489,30.6703513262451
2011-11-17,-0.15641997534070384,31.93567434666345,31.779254371322747
2011-11-18,2.3998725120110365,29.21677749566865,31.616650007679688
2011-11-21,1.012329586135209,31.214245442109252,32.22657502824446
2011-11-22,2.651905491467268,29.01081084730012,31.66271633876739
2011-11-23,1.7484652162711392,31.016038552051672,32.76450376832281
2011-11-24,1.7484652162711392,31.016038552051672,32.76450376832281
2011-11-25,1.5355598326469497,31.822975124438745,33.358534957085695
2011-11-28,2.1657898576093544,29.304259036872928,31.470048894482282
2011-11-29,2.909607122001894,27.945105759000803,30.854712881002698
2011-11-30,3.5442536151377055,25.099114142888663,28.64336775802637
2011-12-01,3.7406172645722755,24.691198635768124,28.4318159003404
2011-12-02,3.453152034907834,24.73468145318339,28.187833488091226
2011-12-05,2.6235248078785567,25.477515493087388,28.101040300965945
2011-12-06,2.8024815390179114,25.45419854378837,28.25668008280628
2011-12-07,2.2714068877256395,26.62505535481094,28.89646224253658
2011-12-08,1.40288790151304,28.29138525538789,29.69427315690093
2011-12-09,5.041988270084083,23.22583456570563,28.267822835789712
2011-12-12,3.985568656649651,24.707349674443996,28.692918331093647
2011-12-13,3.863206060144858,23.769157032128284,27.632363092273142
2011-12-14,4.829942726450483,24.167651160698732,28.997593887149215
2011-12-15,6.368356086623066,21.83814759680484,28.206503683427908
2011-12-16,5.490634601844203,22.968297277929622,28.458931879773825
2011-12-19,5.157724906701905,22.754270836601886,27.91199574330379
2011-12-20,5.186286591766091,21.13693897220525,26.32322556397134
2011-12-21,5.602555992038756,19.79556927732327,25.398125269362026
2011-12-22,5.499439421922435,19.45752613155024,24.956965553472674
2011-12-23,5.684026254002649,19.05207461619723,24.73610087019988
2011-12-26,5.684026254002649,19.05207461619723,24.73610087019988
2011-12-27,5.373931264377497,19.441984286051188,24.815915550428684
2011-12-28,4.83184441907272,20.91054419721792,25.74238861629064
2011-12-29,5.1698644144528885,20.181547952003545,25.351412366456433
2011-12-30,5.014196751091177,20.675754203695888,25.689950954787065
2012-01-02,5.014196751091177,20.675754203695888,25.689950954787065
2012-01-03,4.720412869151982,20.023375069837748,24.74378793898973
2012-01-04,5.056413382657812,19.424043564309795,24.480456946967607
2012-01-05,5.331753578108842,18.92345382453227,24.255207402641112
2012-01-06,5.920981827006212,17.63664324180114,23.55762506880735
2012-01-09,5.458513573542458,18.138348403993085,23.596861977535543
2012-01-10,5.140628647844373,17.77719092400347,22.917819571847843
2012-01-11,5.232222543040187,18.02193414570891,23.2541566887491
2012-01-12,5.840829071927917,17.601081495016317,23.441910566944234
2012-01-13,5.601199186939063,18.3485363771754,23.949735564114462
2012-01-16,5.601199186939063,18.3485363771754,23.949735564114462
2012-01-17,4.4745762897875245,19.395004181565984,23.86958047135351
2012-01-18,4.935356699193353,18.275996138722732,23.211352837916085
2012-01-19,5.446458439547023,17.24834359477577,22.69480203432279
2012-01-20,6.497708218681598,15.82702946558976,22.32473768427136
2012-01-23,5.9459658816512935,16.03503017755873,21.980996059210025
2012-01-24,5.578896715092217,16.33036326563828,21.909259980730496
2012-01-25,5.676595287582568,15.653579099416511,21.33017438699908
2012-01-26,5.2880226411959725,16.079359184014105,21.367381825210078
2012-01-27,5.510133239297767,15.864542174648596,21.374675413946363
2012-01-30,4.712094545928231,16.985649480089915,21.697744026018146
2012-01-31,4.77149821381893,17.010286394045274,21.781784607864203
2012-02-01,5.414607465491255,15.82564779493395,21.240255260425204
2012-02-02,5.43554333995646,15.455884122334023,20.891427462290483
2012-02-03,5.575131355564544,14.58153636513568,20.156667720700224
2012-02-06,4.80493739658033,15.436714670745841,20.24165206732617
2012-02-07,4.8784946211238225,15.073771668912512,19.952266290036334
2012-02-08,4.7632929266189326,15.60476581104143,20.368058737660363
2012-02-09,5.066019016781464,15.653929800883578,20.719948817665042
2012-02-10,4.362599752326762,17.965910922617816,22.328510674944578
2012-02-13,4.752590365895948,16.864690620478456,21.617280986374404
2012-02-14,5.161538543438947,17.220251794301735,22.381790337740682
2012-02-15,4.250069398683067,18.691227513445487,22.941296912128553
2012-02-16,5.565251845312147,16.663794486223043,22.22904633153519
2012-02-17,6.504358309410913,15.24915295497055,21.753511264381462
2012-02-20,6.504358309410913,15.24915295497055,21.753511264381462
2012-02-21,6.102935325010984,15.73637641791081,21.839311742921794
2012-02-22,6.524385176771281,15.30452677466686,21.82891195143814
2012-02-23,6.986554759312773,14.128739240282206,21.11529399959498
2012-02-24,6.550800596916055,14.335638501639252,20.886439098555307
2012-02-27,6.355141232014162,15.06096178991784,21.416103021932003
2012-02-28,6.294332987343925,15.024195807334475,21.3185287946784
2012-02-29,5.7011565398895065,15.642095756081858,21.343252295971364
2012-03-01,6.305415108382331,14.57739816222239,20.88281327060472
2012-03-02,7.021376247007456,14.093447315268712,21.114823562276168
2012-03-05,6.532193228947884,15.066499390737532,21.598692619685416
2012-03-06,5.015045584179987,17.99139959178896,23.006445175968945
2012-03-07,5.79744610736018,16.48934786177543,22.28679396913561
2012-03-08,6.124715763616958,15.384927609500501,21.50964337311746
2012-03-09,6.7154232757650725,14.208547889573186,20.92397116533826
2012-03-12,6.738292841100774,14.015280481191523,20.753573322292297
2012-03-13,5.819602327577742,14.081871937152398,19.90147426473014
2012-03-14,6.345180882185257,14.159702503549376,20.504883385734633
2012-03-15,9.713602419729062,13.443460415743532,23.157062835472594
2012-03-16,9.937263520678679,13.406414600894406,23.343678121573085
2012-03-19,6.427919744642027,13.206837798492169,19.634757543134196
2012-03-20,9.58081597182964,13.781425643564923,23.362241615394563
2012-03-21,9.23288199801496,13.265666711981758,22.49854870999672
2012-03-22,9.378829311248383,14.123997553175075,23.502826864423458
2012-03-23,5.804585013521068,13.253217814243262,19.05780282776433
2012-03-26,5.4433075947921346,12.641775545306658,18.085083140098792
2012-03-27,4.744365080696316,13.607838543948994,18.35220362464531
2012-03-28,5.032159591814853,13.738330794145433,18.770490385960287
2012-03-29,5.1191378455215535,13.828456272278824,18.947594117800378
2012-03-30,5.318301196149969,13.151888318455432,18.4701895146054
2012-04-02,5.00753048863908,13.269496810716234,18.277027299355314
2012-04-03,4.8452498120253935,13.90761533353838,18.752865145563774
2012-04-04,5.356618809134982,14.33413387007013,19.69075267920511
2012-04-05,5.151626226599031,14.454729148099634,19.606355374698666
2012-04-06,5.151626226599031,14.454729148099634,19.606355374698666
2012-04-09,3.982272655057116,16.483634433549973,20.46590708860709
2012-04-10,3.655559547314251,18.40157059145765,22.0571301387719
2012-04-11,3.689635835036455,17.768105233404757,21.457741068441212
2012-04-12,4.781348067072182,15.723462454913145,20.504810521985327
2012-04-13,4.154778347856794,17.425368283329327,21.58014663118612
2012-04-16,3.564512031942737,18.091063553603828,21.655575585546565
2012-04-17,4.181912151815965,16.419908393525695,20.60182054534166
2012-04-18,3.972387346162215,16.727477102541783,20.699864448703998
2012-04-19,4.221626650861182,16.71660102628066,20.938227677141843
2012-04-20,4.669542906635019,15.838005342620132,20.50754824925515
2012-04-23,4.067052423725016,17.215183195292546,21.282235619017563
2012-04-24,4.092147124839752,16.61898042952333,20.71112755436308
2012-04-25,4.682012963206629,15.081516722104107,19.763529685310736
2012-04-26,4.632225098502984,14.363957004540362,18.996182103043346
2012-04-27,4.641124837784664,14.282161586849496,18.92328642463416
2012-04-30,4.077000656206691,15.246789439608138,19.32379009581483
2012-05-01,4.673247648527431,14.211662683891474,18.884910332418904
2012-05-02,4.409314054756059,14.83526018735768,19.24457424211374
2012-05-03,3.683491468895884,15.719004030995446,19.40249549989133
2012-05-04,3.1499776789899236,17.107766579035985,20.25774425802591
2012-05-07,3.3244498994051845,16.955831777340897,20.280281676746082
2012-05-08,3.760266708320053,17.31925169327083,21.07951840159088
2012-05-09,2.8880313257786803,18.332880761587223,21.220912087365903
2012-05-10,3.3318846653756715,17.316597509996186,20.648482175371857
2012-05-11,3.0651924037054705,17.958146993716678,21.02333939742215
2012-05-14,2.5873521923841096,19.56406761546358,22.151419807847688
2012-05-15,2.755489503843627,20.02679475237776,22.782284256221388
2012-05-16,3.2865162223924003,19.979812648623664,23.266328871016064
2012-05-17,2.3277511717447332,21.994302776045682,24.322053947790415
2012-05-18,2.8136182090619357,22.36563260595363,25.179250815015564
2012-05-21,4.423656565680751,19.77531406357796,24.19897062925871
2012-05-22,4.633667251925679,19.956118656555276,24.589785908480955
2012-05-23,4.870037760587675,19.697353868266525,24.5673916288542
2012-05-24,5.481840936751357,19.036371554376366,24.518212491127723
2012-05-25,5.300819152207392,19.02013968759114,24.320958839798532
2012-05-28,5.300819152207392,19.02013968759114,24.320958839798532
2012-05-29,5.039968181902051,18.33761855588035,23.3775867377824
2012-05-30,3.9808433781979105,20.822776090983,24.803619469180912
2012-05-31,4.32977234500737,20.524782859301485,24.854555204308856
2012-06-01,2.911160184977952,23.557156928952026,26.468317113929977
2012-06-04,3.271926458870322,23.24850052090287,26.52042697977319
2012-06-05,4.1562770035903505,21.667176278472468,25.823453282062818
2012-06-06,5.091650986828441,19.145050538512816,24.236701525341257
2012-06-07,5.111363616100121,18.639942604309987,23.751306220410108
2012-06-08,5.449316227012247,17.87146744701869,23.320783674030938
2012-06-11,3.144888779512513,20.988165312465206,24.13305409197772
2012-06-12,4.872441009427213,19.37721096034036,24.249651969767573
2012-06-13,4.442043841001983,20.938169228893543,25.380213069895525
2012-06-14,4.619928437921132,19.535075929047988,24.15500436696912
2012-06-15,3.7179431822015374,19.549872524744853,23.26781570694639
2012-06-18,4.935072080737992,17.25834829753787,22.193420378275864
2012-06-19,4.986447748507491,16.706960369373896,21.693408117881386
2012-06-20,5.8757807562420155,15.516444301100243,21.39222505734226
2012-06-21,4.294899777932919,18.23384901830332,22.52874879623624
2012-06-22,5.364540847589552,16.361501978770185,21.726042826359738
2012-06-25,4.625961558628148,18.217247901969635,22.843209460597784
2012-06-26,4.561652253753181,17.741813082415554,22.303465336168735
2012-06-27,4.584160174855153,17.533325752405464,22.117485927260617
2012-06-28,5.001027184448326,17.736096104455072,22.737123288903398
2012-06-29,5.100274784759639,15.221346865025309,20.321621649784948
2012-07-02,5.066776924286664,14.957472408724385,20.02424933301105
2012-07-03,5.147096020282341,14.630028587035405,19.777124607317745
2012-07-04,5.147096020282341,14.630028587035405,19.777124607317745
2012-07-05,4.860488234275795,15.340192964368498,20.200681198644293
2012-07-06,5.08646833791825,15.325957000124236,20.412425338042485
2012-07-09,4.599600887114459,16.1303071910029,20.729908078117358
2012-07-10,3.7348893506291745,16.87242065313698,20.607310003766155
2012-07-11,4.45670189686847,16.28385516415973,20.7405570610282
2012-07-12,4.408163545371519,16.440001217991988,20.848164763363506
2012-07-13,5.320917810204362,14.609796406630599,19.93071421683496
2012-07-16,4.507685635610477,15.513735884847199,20.021421520457675
2012-07-17,4.47869744708229,14.860069534927565,19.338766982009854
2012-07-18,4.987470825726801,14.514914802567622,19.502385628294423
2012-07-19,5.065965473463905,14.224161946158596,19.2901274196225
2012-07-20,5.55262363574108,14.566413152924154,20.119036788665234
2012-07-23,4.856773518303264,16.4122194016459,21.268992919949163
2012-07-24,3.55010912888552,18.537695376108072,22.087804504993592
2012-07-25,4.538017074897276,17.32927137972447,21.867288454621747
2012-07-26,4.936289072101195,15.745663183022563,20.681952255123758
2012-07-27,5.168235674960023,14.780150411725874,19.948386086685897
2012-07-30,4.259365192496457,16.09309457739621,20.35245976989267
2012-07-31,3.732887452721137,17.06367011794815,20.796557570669286
2012-08-01,3.6420253715726076,17.07296855970355,20.714993931276158
2012-08-02,4.892987591829712,15.629152341781733,20.522139933611445
2012-08-03,5.873284183435771,13.616661782569189,19.48994596600496
2012-08-06,5.561059735160443,13.924090629802011,19.485150364962454
2012-08-07,5.531120054225676,13.9907736686403,19.521893722865975
2012-08-08,6.127785481182807,13.161911316762717,19.289696797945524
2012-08-09,6.378509573204587,12.751663314252509,19.130172887457096
2012-08-10,6.643248658645389,12.317532671635385,18.960781330280774
2012-08-13,6.224767424417362,12.767607522453162,18.992374946870523
2012-08-14,6.148519190164659,13.269355408546279,19.417874598710938
2012-08-15,6.50913333518846,13.037242268068555,19.546375603257015
2012-08-16,7.2865362931719595,12.239402558691598,19.525938851863557
2012-08-17,6.913124395837,12.335524962859948,19.248649358696948
2012-08-20,7.116185889215375,12.424274722718051,19.540460611933426
2012-08-21,6.523284642644045,13.213949488592542,19.737234131236587
2012-08-22,6.872265845876202,13.287274162807188,20.15954000868339
2012-08-23,6.481882300386669,14.156422518933404,20.638304819320073
2012-08-24,6.546694837998732,13.534513644689362,20.081208482688094
2012-08-27,6.167300661384841,14.273640909946264,20.440941571331106
2012-08-28,5.935245280722871,14.593683333852923,20.528928614575793
2012-08-29,5.794646358728739,15.065289007720112,20.859935366448852
2012-08-30,5.488427974850511,15.782496109648564,21.270924084499075
2012-08-31,5.799653944410819,15.118838073592228,20.918492018003047
2012-09-03,5.799653944410819,15.118838073592228,20.918492018003047
2012-09-04,4.979851549596326,16.109715526830463,21.08956707642679
2012-09-05,4.557127969719486,15.922693167217664,20.47982113693715
2012-09-06,5.763965117925563,13.668104506454446,19.43206962438001
2012-09-07,6.271320140307639,12.4380294819288,18.709349622236438
2012-09-10,4.873331467542558,14.447447945587912,19.32077941313047
2012-09-11,4.693550588650401,14.437946508328645,19.131497096979047
2012-09-12,4.412326852844714,14.179722552008151,18.592049404852865
2012-09-13,4.737420320895707,12.727840074837923,17.46526039573363
2012-09-14,5.027963787896079,12.70563384863401,17.73359763653009
2012-09-17,4.893441509262647,13.055290216816747,17.948731726079394
2012-09-18,5.289810192165742,12.36555627845338,17.65536647061912
2012-09-19,5.298663904529867,12.11627667697531,17.414940581505178
2012-09-20,5.288891089868073,12.352592744297578,17.64148383416565
2012-09-21,5.969791533354391,11.762094491712178,17.73188602506657
2012-09-24,5.626862896117824,11.975055171722815,17.60191806784064
2012-09-25,4.73970587683567,13.441730366057806,18.181436242893476
2012-09-26,4.21217092212547,14.600477122750966,18.812648044876436
2012-09-27,5.204121750638425,12.61089651093759,17.815018261576014
2012-09-28,4.673344777300219,13.468155539784465,18.141500317084684
2012-10-01,4.24241056947854,13.985916664346021,18.22832723382456
2012-10-02,4.588199382751315,13.484805873376098,18.073005256127413
2012-10-03,4.862577989995502,13.129486057759182,17.992064047754685
2012-10-04,4.961533130418923,12.652681906865803,17.614215037284726
2012-10-05,5.117613963465761,12.068667634204704,17.186281597670465
2012-10-08,4.522871776410378,13.162996549584848,17.685868325995227
2012-10-09,3.800910187483902,14.295201717826005,18.096111905309908
2012-10-10,3.9119920007197653,14.30580551605201,18.217797516771775
2012-10-11,4.287595677775149,13.511960520668667,17.799556198443817
2012-10-12,3.6524025113910827,14.236701405777326,17.88910391716841
2012-10-15,3.630071939823104,13.73909740422079,17.369169344043893
2012-10-16,3.6675935973252116,13.477115154105466,17.144708751430677
2012-10-17,3.8806361816468797,13.20089941664491,17.08153559829179
2012-10-18,3.7282341271685127,13.265638178170363,16.993872305338876
2012-10-19,3.1738904295845245,14.919745190238878,18.093635619823402
2012-10-22,3.1291768600002303,14.78289806245141,17.91207492245164
2012-10-23,2.1587632594828747,16.932305954222628,19.091069213705502
2012-10-24,2.39696592843573,16.54599284683262,18.942958775268348
2012-10-25,2.347910420121405,16.25006026936372,18.597970689485123
2012-10-26,2.8021972972896307,15.978942961012333,18.781140258301964
2012-10-29,2.8019488746532915,15.978761028117571,18.780709902770862
2012-10-30,2.8014503339205987,15.978396763598305,18.779847097518903
2012-10-31,2.151256846816981,16.598209143949465,18.749465990766446
2012-11-01,2.7029175420664355,15.125912857791695,17.82883039985813
2012-11-02,2.4125974292695,15.922665584454098,18.335263013723598
2012-11-05,1.7172301429868924,16.976319234293292,18.693549377280185
2012-11-06,1.8498800967843927,16.254308991526656,18.10418908831105
2012-11-07,2.022934806146395,17.370324928268726,19.39325973441512
2012-11-08,3.036950828157309,16.517348299401434,19.554299127558743
2012-11-09,2.9703619353533206,16.762472291409736,19.732834226763057
2012-11-12,3.463916421824635,15.622538737267,19.086455159091635
2012-11-13,3.77838163284844,15.379478163584256,19.157859796432696
2012-11-14,3.4942319892867815,16.274078774675374,19.768310763962155
2012-11-15,4.531065441345065,15.080545110081486,19.61161055142655
2012-11-16,3.998801114759038,14.92517991182815,18.92398102658719
2012-11-19,4.01627864956296,13.891161420385071,17.90744006994803
2012-11-20,3.98131340179102,13.666961115879822,17.648274517670842
2012-11-21,3.886184036651004,13.86148896080566,17.747672997456664
2012-11-22,3.886184036651004,13.86148896080566,17.747672997456664
2012-11-23,3.8589110184917743,13.586220615287647,17.44513163377942
2012-11-26,3.4739484828576153,13.982946267607698,17.456894750465313
2012-11-27,3.4217275491143155,14.294525416269721,17.716252965384037
2012-11-28,3.4342899313736375,13.961187110848233,17.39547704222187
2012-11-29,3.619672281272008,13.541140616771626,17.160812898043634
2012-11-30,3.044003165868112,14.406542696527808,17.45054586239592
2012-12-03,2.8761009979677308,14.983401723930518,17.85950272189825
2012-12-04,2.5558719339770892,15.49687004982229,18.05274198379938
2012-12-05,3.029337677973791,14.680392999501096,17.709730677474887
2012-12-06,2.958906384102752,14.892605906606688,17.85151229070944
2012-12-07,3.331511997188011,14.11547343753678,17.44698543472479
2012-12-10,3.23658087168233,14.242864749285106,17.479445620967436
2012-12-11,3.35292240231545,13.927519232630111,17.28044163494556
2012-12-12,3.3954104413418555,14.179900841301741,17.575311282643597
2012-12-13,3.179104083412346,14.631758624285299,17.810862707697645
2012-12-14,2.9671780501098137,15.008026267800604,17.975204317910418
2012-12-17,2.679722615336484,14.802542723044851,17.482265338381335
2012-12-18,2.7592500490929854,14.117021619973544,16.87627166906653
2012-12-19,2.098652451852944,15.50692664313347,17.605579094986414
2012-12-20,2.021556443132818,15.663060093167571,17.68461653630039
2012-12-21,2.3966779327395287,15.862722926154952,18.25940085889448
2012-12-24,2.020107413222238,16.547656643119364,18.567764056341602
2012-12-25,2.020107413222238,16.547656643119364,18.567764056341602
2012-12-26,1.664163880775945,17.40824049219321,19.072404372969157
2012-12-27,1.6893157843712956,17.512666151724176,19.20198193609547
2012-12-28,-0.5680710428053146,20.884178308288153,20.316107265482838
2012-12-31,1.7359663114726835,16.69802240543377,18.433988716906452
2013-01-01,1.7359663114726835,16.69802240543377,18.433988716906452
2013-01-02,3.962696420410765,12.735033957566916,16.69773037797768
2013-01-03,4.178108829560953,12.58311627094166,16.761225100502614
2013-01-04,4.81077114091452,11.682076450970266,16.492847591884786
2013-01-07,4.834262726178142,11.818874110743991,16.653136836922133
2013-01-08,4.866405216353039,11.811768374320971,16.67817359067401
2013-01-09,4.829300126371084,11.911345083799251,16.740645210170335
2013-01-10,4.747636507612013,11.637259704337433,16.384896211949446
2013-01-11,4.814203457808995,11.564604969495159,16.378808427304154
2013-01-14,4.237216959525844,12.286990948784654,16.524207908310498
2013-01-15,4.444421670629097,12.056237635150733,16.50065930577983
2013-01-16,4.480570304282882,11.884689476331985,16.365259780614867
2013-01-17,4.118282319472899,12.07781387188797,16.19609619136087
2013-01-18,4.8530773916246215,10.836708289829556,15.689785681454177
2013-01-21,4.8530773916246215,10.836708289829556,15.689785681454177
2013-01-22,4.318165767554065,10.753807240289408,15.071973007843473
2013-01-23,4.01073432567161,10.764082326798572,14.774816652470182
2013-01-24,3.903198929131154,10.947146808007943,14.850345737139097
2013-01-25,3.783633930027369,11.027968259151395,14.811602189178764
2013-01-28,3.1343956630687764,11.791247638011711,14.925643301080488
2013-01-29,3.214753199259306,11.550526238320655,14.765279437579961
2013-01-30,2.6663229581880863,12.477809347392462,15.144132305580548
2013-01-31,2.904338943019752,12.659248735041029,15.563587678060781
2013-02-01,3.897549823204665,10.950075800845076,14.84762562404974
2013-02-04,2.569846944611271,12.997417939301739,15.56726488391301
2013-02-05,3.393121260266353,11.818757234604378,15.211878494870732
2013-02-06,3.6569910796326432,11.583631295705993,15.240622375338637
2013-02-07,3.539844997086133,11.679826392205928,15.219671389292062
2013-02-08,3.8351660264808487,11.08357479108105,14.918740817561899
2013-02-11,3.397856091292015,11.462427756473542,14.860283847765556
2013-02-12,3.513378906632184,11.171998484374361,14.685377391006545
2013-02-13,3.458741178638485,11.354293117946915,14.8130342965854
2013-02-14,3.5542550219676166,11.107829957137273,14.66208497910489
2013-02-15,3.8473833157392416,10.766439701363703,14.613823017102945
2013-02-18,3.8473833157392416,10.766439701363703,14.613823017102945
2013-02-19,3.774553016097677,10.543001146676245,14.317554162773922
2013-02-20,2.244397530559114,13.001423894448616,15.24582142500773
2013-02-21,1.722695385462746,13.813701772403398,15.536397157866144
2013-02-22,2.351967517764548,12.68595594106279,15.037923458827338
2013-02-25,-0.8261820666288244,17.80671067146915,16.980528604840327
2013-02-26,1.5904978269184937,15.051974577262438,16.642472404180932
2013-02-27,2.3884352316418482,13.09278359898832,15.481218830630167
2013-02-28,2.2722247332700807,13.482956418878869,15.75518115214895
2013-03-01,2.599242931290716,13.254616719643797,15.853859650934513
2013-03-04,3.418023861963473,11.859597815724182,15.277621677687655
2013-03-05,3.40788576671814,11.51732501790322,14.92521078462136
2013-03-06,3.6283298990149344,11.406827606627997,15.035157505642932
2013-03-07,3.888922945283783,10.902780727221039,14.791703672504822
2013-03-08,4.384109435033098,10.33877803126478,14.722887466297879
2013-03-11,4.0224645249611175,10.417599105521452,14.44006363048257
2013-03-12,3.7878906008720463,10.886180865609902,14.674071466481948
2013-03-13,4.33807556446355,10.322537298317078,14.660612862780628
2013-03-14,4.428653565905892,9.907827022941559,14.33648058884745
2013-03-15,4.013099016919105,10.572869101099956,14.58596811801906
2013-03-18,3.1637390982594074,12.04335357503317,15.207092673292577
2013-03-19,2.7639757006665295,12.964255766928076,15.728231467594606
2013-03-20,3.740064300071479,11.34963958391688,15.08970388398836
2013-03-21,2.9366306121570975,12.662729962411499,15.599360574568596
2013-03-22,3.05671949752349,12.3213862215494,15.37810571907289
2013-03-25,3.0248865452123113,12.404109774276616,15.428996319488927
2013-03-26,3.6864288272287666,11.326931523775418,15.013360351004184
2013-03-27,3.3930217792504767,11.716889104546844,15.10991088379732
2013-03-28,3.7828485421284324,11.21002844199128,14.992876984119713
2013-03-29,3.7828485421284324,11.21002844199128,14.992876984119713
2013-04-01,3.1804889064982884,12.191108917003888,15.371597823502176
2013-04-02,3.6648555037709443,11.277314373352922,14.942169877123867
2013-04-03,2.6306585521350403,12.862826903385347,15.493485455520387
2013-04-04,2.856875141875701,12.61014008811587,15.46701522999157
2013-04-05,3.1640955085902007,12.578607408345633,15.742702916935833
2013-04-08,3.2320761624022687,11.927301752445256,15.159377914847525
2013-04-09,3.585775542357604,11.351388940784519,14.937164483142123
2013-04-10,3.5417854401294235,10.899172105083972,14.440957545213395
2013-04-11,3.809399781391919,10.710796381268695,14.520196162660614
2013-04-12,3.829491331855996,10.717902541074723,14.54739387293072
2013-04-15,0.6224627961242533,15.866412158467053,16.488874954591306
2013-04-16,2.786887319368196,12.410993177281197,15.197880496649393
2013-04-17,1.3720866577543962,15.04654264009021,16.418629297844607
2013-04-18,0.8023586827342939,16.0646015105711,16.866960193305395
2013-04-19,2.7048427847879815,13.414765650157761,16.119608434945743
2013-04-22,2.7046751422908617,12.929289380090903,15.633964522381765
2013-04-23,2.936582471748773,12.03346114634137,14.970043618090143
2013-04-24,2.853195519200737,12.129789577435075,14.982985096635812
2013-04-25,2.756525151658362,12.08459037192756,14.841115523585922
2013-04-26,2.860838497053253,12.074084029114934,14.934922526168187
2013-04-29,2.5721837819999376,12.175605767729028,14.747789549728965
2013-04-30,2.815178625297076,11.960833793848018,14.776012419145093
2013-05-01,2.166230450755611,13.133958376248083,15.300188827003694
2013-05-02,2.92328565753256,11.969121807261548,14.892407464794108
2013-05-03,3.511735596437223,10.934920639081783,14.446656235519006
2013-05-06,3.5052887451185484,10.898103035393438,14.403391780511987
2013-05-07,3.395126616404685,10.979074406541349,14.374201022946034
2013-05-08,3.714843969754561,10.788424681216402,14.503268650970963
2013-05-09,3.6533384084027816,11.19044843625307,14.84378684465585
2013-05-10,4.220409576571921,10.690191682740254,14.910601259312175
2013-05-13,3.609166009250515,11.570423231205458,15.179589240455973
2013-05-14,3.542079990000559,11.546957189592636,15.089037179593195
2013-05-15,3.8216324139317734,11.40326438498141,15.224896798913184
2013-05-16,4.11745724282069,11.277374046922965,15.394831289743655
2013-05-17,2.7369596919608057,12.547731921075563,15.284691613036369
2013-05-20,3.7610331397194443,11.59460300057866,15.355636140298104
2013-05-21,3.683932560453183,11.955503856171331,15.639436416624514
2013-05-22,3.2767395105704953,12.454384065169751,15.731123575740247
2013-05-23,3.3991833232073425,12.618828572993667,16.01801189620101
2013-05-24,3.223471545882081,12.64387567071624,15.86734721659832
2013-05-27,3.223471545882081,12.64387567071624,15.86734721659832
2013-05-28,2.679454077522273,13.074665932794385,15.754120010316658
2013-05-29,2.597904207017754,13.390652305131981,15.988556512149735
2013-05-30,2.8643963196782654,12.918509063798874,15.78290538347714
2013-05-31,1.8827526885561827,14.784930708067629,16.66768339662381
2013-06-03,1.9396573900974552,14.76781578138209,16.707473171479545
2013-06-04,1.9537608658168448,14.82614507295425,16.779905938771094
2013-06-05,1.1927766442872318,16.095740925820056,17.288517570107288
2013-06-06,1.6257940034758924,15.339129815045904,16.964923818521797
2013-06-07,3.1028863891696954,13.449617469938035,16.55250385910773
2013-06-10,2.5300868551899267,13.910281889476058,16.440368744665985
2013-06-11,1.6367305907351035,15.631285631671469,17.268016222406573
2013-06-12,1.0191701377087377,17.024016549700487,18.043186687409225
2013-06-13,2.6076544436485705,14.757704697592175,17.365359141240745
2013-06-14,1.9811876648588953,15.604012216767012,17.585199881625908
2013-06-17,1.7762950648135298,15.503443425253218,17.279738490066748
2013-06-18,1.8241636847957299,15.382233105067526,17.206396789863255
2013-06-19,1.7009180489884983,15.476718289975178,17.177636338963676
2013-06-20,0.04870353692928475,18.868069554656145,18.91677309158543
2013-06-21,1.1703861855952873,17.330923878879194,18.50131006447448
2013-06-24,0.9000006231327653,18.41655125654921,19.316551879681974
2013-06-25,1.893167449520444,16.93776058116056,18.830928030681005
2013-06-26,2.6288871425948006,15.629042491374461,18.257929633969262
2013-06-27,2.8894100078229172,15.12514619212942,18.014556199952338
2013-06-28,2.7425000716999612,15.2852673129009,18.02776738460086
2013-07-01,2.833998211207712,14.786205467597464,17.620203678805176
2013-07-02,2.8290976323816572,14.748908302681283,17.57800593506294
2013-07-03,2.909404574110317,14.658546212914478,17.567950787024795
2013-07-04,2.909404574110317,14.658546212914478,17.567950787024795
2013-07-05,3.7934896585804214,13.033805108831748,16.82729476741217
2013-07-08,3.309362867139326,13.22007548715983,16.529438354299156
2013-07-09,3.1859967784760936,12.834251102129942,16.020247880606036
2013-07-10,3.160544331013188,12.76160353125304,15.922147862266229
2013-07-11,3.3054415301184523,12.291373273770104,15.596814803888556
2013-07-12,3.606497089704467,12.198933511659733,15.8054306013642
2013-07-15,3.200619312671373,12.494637346989451,15.695256659660824
2013-07-16,2.9885386386114074,13.007118064832056,15.995656703443464
2013-07-17,3.4078553251397157,12.407922144040679,15.815777469180395
2013-07-18,3.384537092197135,12.302890793468942,15.687427885666077
2013-07-19,3.98144118778462,11.416159833133847,15.397601020918467
2013-07-22,4.121398095466462,11.026185470831605,15.147583566298067
2013-07-23,4.025309819046507,11.206659679785208,15.231969498831715
2013-07-24,4.035821339441059,11.522363466430086,15.558184805871145
2013-07-25,4.057596543866895,11.308375822460127,15.365972366327021
2013-07-26,4.026813573723212,11.200165790636882,15.226979364360094
2013-07-29,3.637873504231848,11.812947443375949,15.450820947607797
2013-07-30,3.3295000578946627,11.922149994099515,15.251650051994178
2013-07-31,3.0061595423505487,12.247749316416378,15.253908858766927
2013-08-01,3.4322124338630093,11.41369542199701,14.84590785586002
2013-08-02,4.348725229621618,10.252215991373689,14.600941220995306
2013-08-05,4.338141285059063,10.103045202920566,14.441186487979628
2013-08-06,3.868550301245591,10.983920733668908,14.8524710349145
2013-08-07,3.7373823907430133,11.40198348494609,15.139365875689103
2013-08-08,4.026215136603264,10.914824451110814,14.941039587714078
2013-08-09,3.5375558272346055,11.705686651673902,15.243242478908508
2013-08-12,3.404042542673908,11.93758738527814,15.341629927952049
2013-08-13,3.9726234410162142,11.144621645038049,15.117245086054263
2013-08-14,3.8965754932145753,11.523294905991968,15.419870399206543
2013-08-15,3.4806071716660654,12.54078550425955,16.021392675925615
2013-08-16,2.665852612233074,13.287401818889405,15.95325443112248
2013-08-19,2.217264977119296,13.935208526331738,16.152473503451034
2013-08-20,2.410780227130866,13.667222138765256,16.078002365896122
2013-08-21,1.685861650505979,14.648315250280097,16.334176900786076
2013-08-22,2.5233543207140148,13.36691295098703,15.890267271701045
2013-08-23,2.9731524904636313,12.563907758536994,15.537060249000625
2013-08-26,2.4332012527821743,13.54957374659341,15.982774999375584
2013-08-27,1.6528176392595988,15.377343228253743,17.03016086751334
2013-08-28,2.1813660747758163,14.937845626308146,17.119211701083962
2013-08-29,2.038204307685916,15.274431486511183,17.3126357941971
2013-08-30,2.016214987018829,15.529101847162414,17.545316834181243
2013-09-02,2.016214987018829,15.529101847162414,17.545316834181243
2013-09-03,2.032186342325936,15.123429694614462,17.155616036940398
2013-09-04,2.623592928995297,14.307702514510204,16.9312954435055
2013-09-05,2.733125177770873,14.071538583599672,16.804663761370545
2013-09-06,2.5876384745040575,14.158162458850764,16.745800933354822
2013-09-09,2.4332211354584317,13.992685579370963,16.425906714829395
2013-09-10,3.0348875798684727,12.881768133154623,15.916655713023095
2013-09-11,3.377075111398696,12.040600818894971,15.417675930293667
2013-09-12,3.0953350255128775,12.580543065155275,15.675878090668153
2013-09-13,3.2827854283329465,12.437826964018877,15.720612392351823
2013-09-16,2.526312632973463,12.915426332457475,15.441738965430938
2013-09-17,2.343772557249526,13.237893295703534,15.58166585295306
2013-09-18,2.7588349370413443,12.459373236817202,15.218208173858546
2013-09-19,3.3431435082612353,11.851330336428674,15.19447384468991
2013-09-20,3.738397268949978,11.775254980217523,15.513652249167501
2013-09-23,3.0952749587530928,12.752025494205412,15.847300452958505
2013-09-24,3.0601849681572624,12.607758770918453,15.667943739075715
2013-09-25,3.248653545431525,12.43591535547185,15.684568900903376
2013-09-26,2.887536623396594,12.547915283768665,15.435451907165259
2013-09-27,2.0345470593825645,13.852845007892672,15.887392067275236
2013-09-30,1.1350735713077,15.349368328522331,16.48444189983003
2013-10-01,2.0497975543034954,13.908789592231063,15.958587146534558
2013-10-02,1.415014882363792,14.783429871636322,16.198444754000114
2013-10-03,0.9204485758917151,15.96142626389744,16.881874839789155
2013-10-04,1.6726712404318942,14.887398259001403,16.560069499433297
2013-10-07,0.19800704221295007,17.523836373537726,17.721843415750676
2013-10-08,-0.3321843237994564,18.747425177877574,18.415240854078117
2013-10-09,0.4168276144590557,17.633234755681528,18.050062370140584
2013-10-10,1.7605696541440086,14.928092945157337,16.688662599301345
2013-10-11,2.161733496082954,13.936162069422489,16.097895565505443
2013-10-14,1.6116850006871974,14.508101887027665,16.119786887714863
2013-10-15,0.40289249835240426,16.765204483091555,17.16809698144396
2013-10-16,2.803266152892295,13.072468894069027,15.875735046961323
2013-10-17,3.2961788021220464,11.783215142091938,15.079393944213985
2013-10-18,3.43620185047096,11.119896390205325,14.556098240676285
2013-10-21,3.6024136418854535,11.149526833363788,14.751940475249242
2013-10-22,3.5379368703954768,11.249469483155146,14.787406353550622
2013-10-23,3.7018430657419366,11.227343900677674,14.92918696641961
2013-10-24,3.608225495551716,11.114664423066458,14.722889918618174
2013-10-25,3.8788141618287693,10.92118020590486,14.79999436773363
2013-10-28,3.7063131766041533,11.18036556814133,14.886678744745483
2013-10-29,3.405823881817698,11.45275985422376,14.858583736041458
2013-10-30,3.2954864656683753,11.718375287359185,15.01386175302756
2013-10-31,3.5537520453789995,11.56848333062806,15.12223537600706
2013-11-01,4.005382204897547,11.044423479752394,15.049805684649941
2013-11-04,4.110425648899001,10.849212861611713,14.959638510510715
2013-11-05,3.8868035688621436,11.20683744365465,15.093641012516793
2013-11-06,3.9863119889096,10.90991562805775,14.89622761696735
2013-11-07,3.5165376190045716,11.881829311191723,15.398366930196294
2013-11-08,3.970875677409996,10.880989708071123,14.85186538548112
2013-11-11,3.6912887428436196,11.277080250561848,14.968368993405468
2013-11-12,3.708441235295952,11.488840603012264,15.197281838308216
2013-11-13,4.188233669782054,10.962806994439811,15.151040664221865
2013-11-14,4.9017062005457,10.151110533117397,15.052816733663096
2013-11-15,4.597955429968584,10.550874356792866,15.14882978676145
2013-11-18,3.9575062725121875,11.252534358299284,15.210040630811472
2013-11-19,3.9489162518548806,11.494594429286007,15.443510681140888
2013-11-20,3.8622354564681807,11.418239463927447,15.280474920395628
2013-11-21,3.9400565325162518,10.933609404964063,14.873665937480315
2013-11-22,4.1835188682800055,10.350585116254067,14.534103984534072
2013-11-25,3.9369993678909427,10.746322006751635,14.683321374642578
2013-11-26,3.9699920447249575,10.796682286123954,14.766674330848911
2013-11-27,3.9238437235401253,10.837043469426092,14.760887192966218
2013-11-28,3.9238437235401253,10.837043469426092,14.760887192966218
2013-11-29,3.412782044077362,11.619239041436748,15.03202108551411
2013-12-02,2.8480557653772802,12.23603193189898,15.08408769727626
2013-12-03,2.777893036970214,12.60563363411282,15.383526671083034
2013-12-04,2.50643182892734,12.914640168501638,15.421071997428978
2013-12-05,2.095110373150236,13.381212968889372,15.476323342039608
2013-12-06,3.098457537089704,11.7224004103979,14.820857947487603
2013-12-09,2.896378657559181,11.84637466169034,14.742753319249521
2013-12-10,2.647049356756158,12.224778979412703,14.87182833616886
2013-12-11,1.6842423772560302,13.885759676984904,15.570002054240934
2013-12-12,1.6778872009025658,13.894806306928132,15.572693507830698
2013-12-13,1.619277594415271,14.150945073407856,15.770222667823127
2013-12-16,1.454574498870981,14.396041568403215,15.850616067274196
2013-12-17,1.3141570492547086,14.705468671299032,16.01962572055374
2013-12-18,2.794506659510212,12.037932952449301,14.832439611959513
2013-12-19,2.9849705911425293,12.005446571889372,14.990417163031902
2013-12-20,3.219886535801665,11.623538672884779,14.843425208686444
2013-12-23,3.6092534468211177,10.967656561171745,14.576910007992863
2013-12-24,3.9649505136376124,10.491242831109458,14.45619334474707
2013-12-25,3.9649505136376124,10.491242831109458,14.45619334474707
2013-12-26,3.977015315962319,10.236222251026597,14.213237566988916
2013-12-27,3.7022011988200525,10.415845169354922,14.118046368174975
2013-12-30,3.2092961659102244,11.331493181206525,14.54078934711675
2013-12-31,2.8391664612159104,11.833137756651983,14.672304217867893
2014-01-01,2.8391664612159104,11.833137756651983,14.672304217867893
2014-01-02,2.734168916297561,12.096608153968456,14.830777070266016
2014-01-03,3.440591942059589,11.429334066005637,14.869926008065226
2014-01-06,3.595275787759004,11.088562175394856,14.68383796315386
2014-01-07,3.66990054249451,10.678498398163704,14.348398940658214
2014-01-08,3.6830495640317302,10.64149750545489,14.32454706948662
2014-01-09,3.7069110251576927,10.631521795004996,14.338432820162689
2014-01-10,4.303249024878886,9.785750967636176,14.088999992515062
2014-01-13,2.9451576748357873,11.8539267881154,14.799084462951187
2014-01-14,3.8195990749668436,10.708974633525765,14.528573708492608
2014-01-15,4.169511663075614,10.310028692266075,14.479540355341689
2014-01-16,4.552545649337105,10.115624362943649,14.668170012280754
2014-01-17,4.22836166580176,10.444831317793764,14.673192983595523
2014-01-20,4.22836166580176,10.444831317793764,14.673192983595523
2014-01-21,3.5602493246892433,11.032029105433933,14.592278430123176
2014-01-22,3.577724412633156,10.932363720378195,14.510088133011351
2014-01-23,3.0505098005135114,11.745770828493214,14.796280629006725
2014-01-24,0.5163884851582097,15.791299755470725,16.307688240628934
2014-01-27,0.9833870080385001,15.238410197540231,16.22179720557873
2014-01-28,1.9011701915789185,13.852043570151467,15.753213761730386
2014-01-29,0.8497996884172192,15.498631219487299,16.34843090790452
2014-01-30,1.1105330053553555,15.230011758477405,16.34054476383276
2014-01-31,0.58487753742331,16.364616624302673,16.949494161725983
2014-02-03,-0.7973714184533307,19.176056542458127,18.378685124004797
2014-02-04,0.9913396732355402,16.82083499045485,17.81217466369039
2014-02-05,0.6725770082465559,17.483417693367663,18.15599470161422
2014-02-06,1.513182013038291,15.348279191054578,16.86146120409287
2014-02-07,2.8223607551065566,12.982844706144231,15.805205461250788
2014-02-10,2.664717769420692,13.048366076170867,15.713083845591559
2014-02-11,3.1717846414311985,12.17956615535163,15.351350796782828
2014-02-12,3.0158152191579077,12.172341457160702,15.18815667631861
2014-02-13,3.283172696282433,11.81660635149552,15.099779047777954
2014-02-14,3.67689876603945,11.21776363047443,14.89466239651388
2014-02-17,3.67689876603945,11.21776363047443,14.89466239651388
2014-02-18,2.887607086983527,11.92434379567029,14.811950882653816
2014-02-19,1.8459118154828786,13.471098745698793,15.317010561181672
2014-02-20,2.5385485933724894,12.585022001489943,15.123570594862432
2014-02-21,2.635274721579437,12.303542585576507,14.938817307155944
2014-02-24,2.697860530099872,12.088630368929856,14.786490899029728
2014-02-25,2.7024866406882797,12.179241865231717,14.881728505919996
2014-02-26,2.8487707706765484,12.343668458487628,15.192439229164176
2014-02-27,3.0628974721972977,11.936597676596975,14.999495148794272
2014-02-28,3.1805102473201288,11.869895625051877,15.050405872372005
2014-03-03,1.7677096485411354,14.149119207831193,15.916828856372328
2014-03-04,3.1066388026480727,12.007647448002077,15.11428625065015
2014-03-05,3.27499124239913,11.946437846969832,15.221429089368963
2014-03-06,3.137956121089669,12.096960761422586,15.234916882512255
2014-03-07,3.2298721640614083,12.124514509206614,15.354386673268023
2014-03-10,3.1977788770584663,12.200958393801633,15.3987372708601
2014-03-11,2.953372735077748,12.66543802724122,15.618810762318969
2014-03-12,3.1541734974737157,12.391483657300812,15.545657154774528
2014-03-13,1.7824748285898355,14.47511937513469,16.257594203724526
2014-03-14,0.5284499273093886,16.44668606078795,16.97513598809734
2014-03-17,1.9694621991107422,13.778748771701501,15.748210970812243
2014-03-18,2.7995769639074357,12.748323158906357,15.547900122813793
2014-03-19,2.7112223709227017,13.209684339112055,15.920906710034757
2014-03-20,3.1418428908076734,12.1845420347807,15.326384925588373
2014-03-21,2.7259062595997605,12.710967010991636,15.436873270591397
2014-03-24,2.693826160639068,12.937297149098354,15.631123309737422
2014-03-25,3.2002686196117534,12.112009318204779,15.312277937816532
2014-03-26,2.5729969416421774,13.128665867522374,15.701662809164551
2014-03-27,2.75936743370748,12.856768918447672,15.616136352155152
2014-03-28,2.944899564942938,12.316226367870813,15.261125932813751
2014-03-31,3.174515757421725,11.800030925822385,14.97454668324411
2014-04-01,3.5877299733790657,10.923789139476558,14.511519112855623
2014-04-02,3.7477133645793277,10.835733027279677,14.583446391859004
2014-04-03,3.356205279622282,11.218544558940517,14.574749838562798
2014-04-04,3.029681366789079,11.975384849858827,15.005066216647906
2014-04-07,2.0463132832506723,13.659307931323161,15.705621214573833
2014-04-08,2.492822172282583,12.88258577553264,15.375407947815223
2014-04-09,3.165658722491891,11.630317743224785,14.795976465716675
2014-04-10,1.5160927386505705,14.115030541672672,15.631123280323242
2014-04-11,0.9229423956328127,15.294843083923798,16.21778547955661
2014-04-14,1.630525484435827,14.296434682215772,15.926960166651599
2014-04-15,2.0610555058884437,13.594325261703677,15.65538076759212
2014-04-16,2.7946959643450953,12.480963231011705,15.2756591953568
2014-04-17,3.1523881427582356,11.80253516874107,14.954923311499305
2014-04-18,3.1523881427582356,11.80253516874107,14.954923311499305
2014-04-21,3.1111004484132625,11.79674586745661,14.907846315869872
2014-04-22,3.2701141770135234,11.447495364601727,14.71760954161525
2014-04-23,3.184460321082007,11.617863779769875,14.802324100851882
2014-04-24,3.001159363105918,11.77370276806137,14.774862131167287
2014-04-25,2.727704261865764,12.413004859122708,15.140709120988472
2014-04-28,2.5127208708238697,12.376216767554968,14.888937638378838
2014-04-29,2.780928483064704,11.990972774758509,14.771901257823213
2014-04-30,2.890806817892331,11.704902578615007,14.595709396507338
2014-05-01,3.201221764787311,11.487105731749288,14.6883274965366
2014-05-02,3.694129255366926,11.008442381027756,14.702571636394682
2014-05-05,3.5056967175979032,11.293861988847118,14.799558706445021
2014-05-06,3.0274274815239917,12.11124789050492,15.138675372028912
2014-05-07,3.0995499612794735,11.603621373890162,14.703171335169635
2014-05-08,2.979749740663012,11.616471844765655,14.596221585428667
2014-05-09,3.757266446472695,10.677817168883609,14.435083615356303
2014-05-12,3.430150117158494,10.68736500227447,14.117515119432964
2014-05-13,3.682088129190621,10.511410918909954,14.193499048100575
2014-05-14,3.7836500458753157,10.595078713082232,14.378728758957548
2014-05-15,3.5097009083243353,11.294475478270877,14.804176386595213
2014-05-16,3.330635164991442,11.045858125953957,14.3764932909454
2014-05-19,3.1591301640215104,11.063417143408982,14.222547307430492
2014-05-20,2.832121310694305,11.533206966255571,14.365328276949876
2014-05-21,3.2926253089450075,10.65915771680894,13.951783025753947
2014-05-22,3.45148924935285,10.58612029177388,14.03760954112673
2014-05-23,4.040688607655355,9.938389428635624,13.979078036290979
2014-05-26,4.040688607655355,9.938389428635624,13.979078036290979
2014-05-27,3.9616912792219896,10.00133629967057,13.963027578892559
2014-05-28,4.018405125783666,10.08427817356934,14.102683299353005
2014-05-29,4.177536212637239,9.92819813740518,14.10573435004242
2014-05-30,4.447239448801966,9.73276109064375,14.180000539445716
2014-06-02,4.32641997256237,9.995534790768119,14.321954763330488
2014-06-03,3.9630608470242077,10.289018177458145,14.252079024482352
2014-06-04,3.6298662407392452,10.517580379268633,14.147446620007878
2014-06-05,3.6344552140037703,10.253658605439798,13.888113819443568
2014-06-06,4.182926754899411,9.193404096935376,13.376330851834787
2014-06-09,3.97316047078729,9.457479013886324,13.430639484673614
2014-06-10,4.230452157691619,9.276407623903252,13.506859781594871
2014-06-11,3.765137858226611,9.927483549097216,13.692621407323827
2014-06-12,3.3041459623693594,10.939824872546463,14.243970834915823
2014-06-13,3.55196842552267,10.560395203207653,14.112363628730323
2014-06-16,3.072112515372355,11.182105363211111,14.254217878583466
2014-06-17,3.319706620698444,10.721883744952173,14.041590365650617
2014-06-18,4.200342816493102,9.167244436993606,13.367587253486708
2014-06-19,4.256991016775936,9.000044564650004,13.25703558142594
2014-06-20,4.4192118454141145,8.946619915105522,13.365831760519637
2014-06-23,4.353816987607781,9.112306808255289,13.46612379586307
2014-06-24,3.4703205186335424,10.374071140104933,13.844391658738475
2014-06-25,3.80371793327957,9.822496510894977,13.626214444174547
2014-06-26,3.5833608035497413,9.91533296595095,13.498693769500692
2014-06-27,3.9231350095114887,9.539449073976202,13.462584083487691
2014-06-30,3.7012964052989847,9.775302727175161,13.476599132474146
2014-07-01,4.191617117600051,9.064915710921257,13.256532828521308
2014-07-02,4.108171182355136,8.917333893659768,13.025505076014904
2014-07-03,4.513775245365727,8.334163359930557,12.847938605296283
2014-07-04,4.513775245365727,8.334163359930557,12.847938605296283
2014-07-07,3.82472255563021,9.473131151465498,13.297853707095708
2014-07-08,3.384496074639129,10.243694661917955,13.628190736557084
2014-07-09,3.7106284011967112,9.724773305657108,13.435401706853819
2014-07-10,3.077615248414059,10.821700682107197,13.899315930521256
2014-07-11,3.5089241018989856,10.105457743566907,13.614381845465893
2014-07-14,3.389401039863337,9.947059524727715,13.336460564591052
2014-07-15,3.198055706934527,10.33224121690546,13.530296923839987
2014-07-16,3.6314177004889885,9.614126914969907,13.245544615458895
2014-07-17,1.953917295538746,12.88484896423647,14.838766259775216
2014-07-18,3.2373806985436087,10.30920502365788,13.546585722201488
2014-07-21,2.924528945307907,10.880322250723541,13.804851196031448
2014-07-22,3.5940822654125224,10.40421289110723,13.998295156519752
2014-07-23,3.6435507074428006,9.96808541337898,13.61163612082178
2014-07-24,3.807625202987401,10.013327646634425,13.820952849621825
2014-07-25,3.353846898962754,10.756279618902347,14.110126517865101
2014-07-28,3.3628610976747506,10.748995897017537,14.111856994692287
2014-07-29,2.8440723833740407,11.49011946541104,14.33419184878508
2014-07-30,2.7149424648316582,11.55737234630083,14.272314811132489
2014-07-31,0.37282526016054796,15.51823099578391,15.891056255944457
2014-08-01,0.8095107354188347,15.356040823141468,16.165551558560303
2014-08-04,2.238783460496183,13.23262179471055,15.471405255206733
2014-08-05,1.490287733158322,15.043444959824487,16.53373269298281
2014-08-06,1.950361490790966,14.494886248726429,16.445247739517395
2014-08-07,2.1027076086441845,14.814682094985859,16.917389703630043
2014-08-08,2.477454318230917,13.74229339987628,16.219747718107197
2014-08-11,2.8016523900383064,12.890620023868498,15.692272413906805
2014-08-12,3.0610162684073714,12.635646464699516,15.696662733106887
2014-08-13,3.965951191384601,11.103735950769291,15.069687142153892
2014-08-14,4.44271084678013,10.198704875327193,14.641415722107324
2014-08-15,3.0448043165377214,11.600069081763346,14.644873398301067
2014-08-18,3.56235184118189,10.578160277056417,14.140512118238307
2014-08-19,3.575897417362645,10.52492589544981,14.100823312812455
2014-08-20,3.913602656260613,10.133866107632054,14.047468763892667
2014-08-21,3.9289124051279316,10.032711984532686,13.961624389660617
2014-08-22,4.163407678243045,9.76005379300984,13.923461471252885
2014-08-25,4.128295069815506,9.726017872234928,13.854312942050434
2014-08-26,4.225960039498842,9.751857536106161,13.977817575605004
2014-08-27,4.341743015381869,9.789908114290684,14.131651129672553
2014-08-28,4.383714046251454,9.974335546269513,14.358049592520967
2014-08-29,4.387601499967992,10.025563264399485,14.413164764367478
2014-09-01,4.387601499967992,10.025563264399485,14.413164764367478
2014-09-02,4.273579985868508,10.311654287964368,14.585234273832876
2014-09-03,4.141310413260172,10.407456826834924,14.548767240095096
2014-09-04,3.7886954947594766,10.813673857690514,14.60236935244999
2014-09-05,4.466090019930954,9.845017687142613,14.311107707073567
2014-09-08,3.7671566782850547,10.73685948132408,14.504016159609135
2014-09-09,3.275855782677967,11.515387247215866,14.791243029893833
2014-09-10,3.479756045575579,11.22935848685936,14.709114532434938
2014-09-11,3.7083612910419657,10.966235046313889,14.674596337355855
2014-09-12,3.1628573712347396,11.779564853745692,14.942422224980431
2014-09-15,2.493724615509434,12.784009201596797,15.277733817106231
2014-09-16,3.3527615597109897,11.335704597759678,14.688466157470668
2014-09-17,3.7588237891636584,10.830608144598651,14.58943193376231
2014-09-18,4.166442977624065,10.20279498873278,14.369237966356845
2014-09-19,4.398178561335943,9.980694350525797,14.37887291186174
2014-09-22,3.319438160515462,11.769107029619233,15.088545190134695
2014-09-23,2.601517315047971,13.028535279397016,15.630052594444987
2014-09-24,3.579522938716444,11.520044574593072,15.099567513309516
2014-09-25,2.151634967821307,13.914082370498312,16.06571733831962
2014-09-26,2.791766728389659,12.95224725194638,15.744013980336039
2014-09-29,2.4946635380586812,13.81519290949769,16.30985644755637
2014-09-30,2.0690643897282044,14.375347224574664,16.44441161430287
2014-10-01,2.039058992855587,15.007095503350232,17.04615449620582
2014-10-02,2.6385155282159474,14.217231574838674,16.85574710305462
2014-10-03,3.146933637286894,12.85782629287184,16.004759930158734
2014-10-06,2.5473919594337886,13.676322426554584,16.223714385988373
2014-10-07,1.9616361184823603,15.135043104316576,17.096679222798937
2014-10-08,2.8374599505256093,13.237672575164527,16.075132525690137
2014-10-09,1.2165538076762914,16.417415832587565,17.633969640263857
2014-10-10,-0.014610862398100721,19.25131775494486,19.23670689254676
2014-10-13,-1.4212707080868334,21.75940793062105,20.33813722253422
2014-10-14,0.7363570930367906,19.060337771371216,19.796694864408007
2014-10-15,-1.5430607450667324,22.900076730376558,21.357015985309825
2014-10-16,0.48077522464661016,20.391478799510427,20.872254024157037
2014-10-17,0.6570824085387841,19.010177406508035,19.66725981504682
2014-10-20,1.9427141226204974,16.767858834830648,18.710572957451145
2014-10-21,3.022859618178689,14.534581962387442,17.55744158056613
2014-10-22,2.181924703822787,16.086063828890502,18.26798853271329
2014-10-23,2.8293817374013717,14.84534623290685,17.674727970308222
2014-10-24,2.9921294435315353,14.330287190449695,17.32241663398123
2014-10-27,2.67042253301768,14.64937983338631,17.31980236640399
2014-10-28,3.37475312588918,13.058901481118776,16.433654607007956
2014-10-29,3.020148358443217,13.711585009005981,16.7317333674492
2014-10-30,3.3201684735970662,13.194770623127189,16.514939096724255
2014-10-31,3.50678999972677,12.675222244062947,16.182012243789718
2014-11-03,3.000059432915238,13.379121573625072,16.37918100654031
2014-11-04,3.1688647421241765,13.490885602235503,16.65975034435968
2014-11-05,3.7626617609204764,12.575386775618643,16.33804853653912
2014-11-06,3.967113362999081,12.134211366649732,16.101324729648812
2014-11-07,4.462367242589833,11.318228055505267,15.7805952980951
2014-11-10,4.34676243961953,10.998158997240754,15.344921436860284
2014-11-11,4.15628874679857,11.189755605942228,15.346044352740797
2014-11-12,4.15234532570658,11.349829840152944,15.502175165859525
2014-11-13,4.0899939701144845,11.70358442417949,15.793578394293975
2014-11-14,4.378623347252116,11.306104354512435,15.684727701764551
2014-11-17,3.763455550773095,11.979738364610368,15.743193915383463
2014-11-18,3.8599809574511212,11.819936548798783,15.679917506249904
2014-11-19,3.82261799298033,12.058327114232585,15.880945107212915
2014-11-20,4.10865307052514,11.710994852042703,15.819647922567842
2014-11-21,4.693837899413001,10.95276955604107,15.64660745545407
2014-11-24,4.637578637218249,10.836593728647264,15.474172365865513
2014-11-25,4.894658202149664,10.648303878225583,15.542962080375247
2014-11-26,4.901359432476227,10.558608337908398,15.459967770384624
2014-11-27,4.901359432476227,10.558608337908398,15.459967770384624
2014-11-28,3.962365033529313,11.983236822130891,15.945601855660204
2014-12-01,3.1547643672448675,13.243170528233842,16.39793489547871
2014-12-02,3.85276894059513,11.96612703578921,15.81889597638434
2014-12-03,4.0579121437615395,11.608061658134195,15.665973801895735
2014-12-04,4.331685990460379,11.336620169139062,15.66830615959944
2014-12-05,4.6948355320753805,10.833613630759828,15.528449162835209
2014-12-08,3.4969511874163164,13.014788720196565,16.51173990761288
2014-12-09,3.250546417341331,13.29677690575514,16.54732332309647
2014-12-10,1.0774237738319208,17.09059663392715,18.16802040775907
2014-12-11,1.0025160597051048,18.229765915794967,19.232281975500072
2014-12-12,0.4141116043242441,19.90491687961801,20.319028483942255
2014-12-15,1.8508092385931931,18.056324864710856,19.90713410330405
2014-12-16,0.30327134027479374,20.986110793189912,21.289382133464706
2014-12-17,4.500586845709911,14.660592551932503,19.161179397642414
2014-12-18,3.7444544030900815,14.678927449111107,18.42338185220119
2014-12-19,3.6287210229854274,14.046153181737175,17.674874204722602
2014-12-22,3.904375106679691,13.381183118547174,17.285558225226865
2014-12-23,4.339912373477599,12.777361175293667,17.117273548771266
2014-12-24,3.920663400331316,12.749935178794763,16.67059857912608
2014-12-25,3.920663400331316,12.749935178794763,16.67059857912608
2014-12-26,4.172657491182708,12.561418685320334,16.73407617650304
2014-12-29,3.9881569041076688,12.896785322025153,16.88494222613282
2014-12-30,3.955633410129071,13.210074847820486,17.165708257949557
2014-12-31,2.2269325924813117,16.196497602670068,18.42343019515138
2015-01-01,2.2269325924813117,16.196497602670068,18.42343019515138
2015-01-02,2.9982685869832046,15.25504292484285,18.253311511826055
2015-01-05,1.9025249582043244,17.35429912354086,19.256824081745183
2015-01-06,1.3490485450700227,18.298375604505274,19.647424149575297
2015-01-07,2.4612782702532527,16.31836501734561,18.779643287598862
2015-01-08,3.2100438570092855,14.396802134811502,17.606845991820787
2015-01-09,3.302559357302643,14.859124390252616,18.16168374755526
2015-01-12,2.0011616238767154,16.923652685390977,18.924814309267692
2015-01-13,1.5189052304374009,17.768605183082038,19.28751041351944
2015-01-14,1.74593700866032,18.165233129287316,19.911170137947636
2015-01-15,1.4805588595253951,18.36134044749337,19.841899307018764
2015-01-16,1.0800586008113413,18.341819318466946,19.421877919278288
2015-01-19,1.0800586008113413,18.341819318466946,19.421877919278288
2015-01-20,1.0661386220960871,18.038813161890907,19.104951783986994
2015-01-21,1.7060057870238943,16.901614403863935,18.60762019088783
2015-01-22,2.825520899166033,14.549105920420349,17.374626819586382
2015-01-23,2.8316481021112185,14.794528803474291,17.62617690558551
2015-01-26,3.591299727023465,13.654394757319633,17.245694484343097
2015-01-27,2.424982593551693,15.570062587261454,17.995045180813147
2015-01-28,0.9212101741198673,18.64681446422347,19.56802463834334
2015-01-29,1.9597428099921892,16.613851776988607,18.573594586980796
2015-01-30,0.6068688565356837,19.212368331135607,19.81923718767129
2015-02-02,1.5670045572084597,17.49768154286551,19.06468610007397
2015-02-03,2.7023345438764306,15.461638601454068,18.1639731453305
2015-02-04,2.402067738849766,16.32354715663222,18.725614895481986
2015-02-05,3.0563352612342403,15.069707095717144,18.126042356951384
2015-02-06,3.309904709164684,15.28943495231039,18.599339661475074
2015-02-09,2.5276083315759372,16.64121044829167,19.168818779867607
2015-02-10,3.1848367173916685,15.365605271851699,18.550441989243367
2015-02-11,3.436959439739999,14.999434863429942,18.43639430316994
2015-02-12,4.183965976748723,13.427303068834615,17.611269045583338
2015-02-13,4.315998973206785,12.916916747520006,17.23291572072679
2015-02-16,4.315998973206785,12.916916747520006,17.23291572072679
2015-02-17,3.076344110953798,14.249814377800018,17.326158488753816
2015-02-18,3.443462969635675,13.936536743703734,17.37999971333941
2015-02-19,3.7813649635189552,13.56850052271671,17.349865486235664
2015-02-20,4.119329261149188,12.72307218890784,16.84240145005703
2015-02-23,4.056212217949014,12.741138024620316,16.79735024256933
2015-02-24,4.3057795506315735,11.879415829014782,16.185195379646355
2015-02-25,4.316269780908518,11.817634555221195,16.133904336129714
2015-02-26,4.164873236045871,12.098757632541425,16.263630868587295
2015-02-27,4.4077229680535215,11.94580676314209,16.35352973119561
2015-03-02,4.237271394563395,11.610421041271128,15.847692435834523
2015-03-03,3.7092377837846477,12.472281183546247,16.181518967330895
2015-03-04,3.6525721264984927,12.691091218577169,16.34366334507566
2015-03-05,3.513499059599008,12.566434806827933,16.07993386642694
2015-03-06,2.928001502206131,13.810630495650075,16.738631997856206
2015-03-09,3.0472053765714957,13.634209508248235,16.68141488481973
2015-03-10,2.1252032630236926,15.321845904949253,17.447049167972946
2015-03-11,2.2524484546123382,15.484607025843115,17.737055480455453
2015-03-12,2.882288699312019,14.100970381299453,16.98325908061147
2015-03-13,2.4269644855424133,14.913297323922151,17.340261809464565
2015-03-16,2.304240390193227,14.680979518017514,16.98521990821074
2015-03-17,2.3669114317985045,14.702565155477204,17.06947658727571
2015-03-18,3.749687229364774,12.535816282289886,16.28550351165466
2015-03-19,3.8531769659471653,12.818270740817114,16.67144770676428
2015-03-20,4.623885399632947,11.678285324752434,16.30217072438538
2015-03-23,4.330757758444564,12.015035339266019,16.345793097710583
2015-03-24,4.196101747091765,12.40143033851511,16.597532085606876
2015-03-25,3.0130739495319787,14.329897159245842,17.34297110877782
2015-03-26,2.716303337350393,14.566991696149618,17.28329503350001
2015-03-27,2.9799108320982857,14.112087402695705,17.09199823479399
2015-03-30,3.349960822399341,13.316951191552823,16.666912013952164
2015-03-31,3.0244903783683537,14.282816957705824,17.307307336074178
2015-04-01,3.3372770174237143,13.99122094861392,17.328497966037634
2015-04-02,3.4276017242040897,13.678286295345282,17.105888019549372
2015-04-03,3.4271314578453858,13.677923919091134,17.10505537693652
2015-04-06,3.2232953290645607,13.624043541300198,16.84733887036476
2015-04-07,3.2870714588269223,13.55587473401075,16.842946192837672
2015-04-08,3.5560579889884583,12.901318734369385,16.457376723357843
2015-04-09,4.153445635847579,11.905171458823158,16.058617094670737
2015-04-10,4.417238687365131,11.33449461593092,15.751733303296051
2015-04-13,3.2167325065875474,13.023828905259307,16.240561411846855
2015-04-14,3.651735029230741,12.486370122214568,16.13810515144531
2015-04-15,3.906556286113748,11.848356176527027,15.754912462640775
2015-04-16,4.132085054974587,11.565567714240817,15.697652769215404
2015-04-17,3.5470459478707763,12.795516863737985,16.34256281160876
2015-04-20,3.835093083869749,12.032316292201168,15.867409376070917
2015-04-21,3.8087826426250224,12.075768931488206,15.884551574113228
2015-04-22,3.9781546683284112,11.640241691032042,15.618396359360453
2015-04-23,4.1130351379762775,11.510423830123125,15.623458968099403
2015-04-24,4.36001895518919,11.251240767306765,15.611259722495955
2015-04-27,3.5766898045189954,12.347689988766913,15.924379793285908
2015-04-28,3.946827502917257,11.574281481667645,15.521108984584902
2015-04-29,3.492201428947597,12.461399229415509,15.953600658363106
2015-04-30,2.531678224186816,14.034460624362932,16.56613884854975
2015-05-01,3.835875768921209,11.864196111343098,15.700071880264307
2015-05-04,3.845188267388856,11.868087273401722,15.713275540790578
2015-05-05,2.8756780866213543,13.52348773971219,16.399165826333544
2015-05-06,2.016981603773816,14.58747007659291,16.604451680366726
2015-05-07,2.1154612790038225,14.52453517489487,16.639996453898693
2015-05-08,4.133872518999292,11.653014813715396,15.786887332714688
2015-05-11,3.1441123300144422,13.003259500750753,16.147371830765195
2015-05-12,2.7654424327493174,13.39326887726973,16.158711310019047
2015-05-13,3.1219276336547956,12.915637064038155,16.03756469769295
2015-05-14,4.142123440175176,11.512226279350855,15.654349719526031
2015-05-15,3.9775816999926903,11.529345355490712,15.506927055483402
2015-05-18,3.6290618171735005,11.709928646549892,15.338990463723393
2015-05-19,3.426784926163224,11.867897772761276,15.2946826989245
2015-05-20,3.3793298198216295,11.802282320314818,15.181612140136448
2015-05-21,3.7199104594999035,11.162089704929326,14.882000164429229
2015-05-22,3.9724943934463592,10.951717774312163,14.924212167758522
2015-05-25,3.9724943934463592,10.951717774312163,14.924212167758522
2015-05-26,2.661054455193794,12.953956995810852,15.615011451004646
2015-05-27,3.248409072983568,11.922000856387013,15.170409929370582
2015-05-28,3.1331979677508297,12.077506861729619,15.210704829480449
2015-05-29,2.662949813081898,12.882206224578653,15.54515603766055
2015-06-01,2.5804596106673063,12.903485785091643,15.48394539575895
2015-06-02,2.4765671575979304,13.21985272470228,15.69641988230021
2015-06-03,2.9867848976393834,12.50405694820455,15.490841845843933
2015-06-04,2.2416686787446842,13.842136558116696,16.08380523686138
2015-06-05,2.6970017974538116,13.371903119449552,16.068904916903364
2015-06-08,2.0586110226223244,14.36559501568434,16.424206038306664
2015-06-09,2.4679555802061603,13.820882749663093,16.288838329869254
2015-06-10,2.958662195562809,12.575318969333212,15.533981164896021
2015-06-11,3.3559029226156696,11.977188964756948,15.333091887372618
2015-06-12,2.7578699131095927,13.013320043081464,15.771189956191057
2015-06-15,1.7977427438781781,14.481011027239685,16.278753771117863
2015-06-16,2.1586051306222043,13.987625463094636,16.14623059371684
2015-06-17,2.599430207250485,13.52982769839895,16.129257905649435
2015-06-18,3.3934278697086953,12.184976871360206,15.578404741068901
2015-06-19,2.992750236075814,12.96817198647072,15.960922222546534
2015-06-22,3.512632575123293,11.808610227924934,15.321242803048227
2015-06-23,3.956938829378359,11.104302672617392,15.06124150199575
2015-06-24,3.080286934688047,12.269090611479145,15.349377546167192
2015-06-25,2.5044125692989887,13.034540454723778,15.538953024022767
2015-06-26,2.123803761146794,13.272781790396415,15.39658555154321
2015-06-29,-0.5775169245642502,17.974852381733015,17.397335457168765
2015-06-30,0.09637759050228212,17.03079109754993,17.127168688052212
2015-07-01,1.0860901625629467,15.214607748480482,16.30069791104343
2015-07-02,0.6776793081500436,16.040611428724645,16.71829073687469
2015-07-03,0.6776793081500436,16.040611428724645,16.71829073687469
2015-07-06,1.320456254442881,15.791247522674535,17.111703777117416
2015-07-07,1.5067464323171116,14.933487871946415,16.440234304263527
2015-07-08,-0.7801370956245215,18.578601672712043,17.798464577087522
2015-07-09,-1.0358962699432261,19.180986480299612,18.145090210356386
2015-07-10,1.1420174058755208,15.759031021105436,16.901048426980957
2015-07-13,2.600491095730691,12.989963350355845,15.590454446086536
2015-07-14,3.2322989825873076,12.182399038307322,15.41469802089463
2015-07-15,3.1947538520081658,12.213316074315635,15.408069926323801
2015-07-16,4.425404025739985,10.504478952233045,14.92988297797303
2015-07-17,3.9997452757554477,10.836987808216634,14.836733083972081
2015-07-20,3.7282460349505246,11.088332915052723,14.816578950003247
2015-07-21,3.701806046691541,11.201160017590686,14.902966064282227
2015-07-22,4.015766096154088,10.963665586917864,14.979431683071953
2015-07-23,3.5658556987861765,11.625887812951946,15.191743511738123
2015-07-24,3.1848655555032614,12.527406667686805,15.712272223190066
2015-07-27,2.0334514249814646,14.433090991452666,16.46654241643413
2015-07-28,3.211946911738174,12.220378600257458,15.432325511995632
2015-07-29,3.9802598462322454,11.215228822062207,15.195488668294452
2015-07-30,4.0883758199928995,11.056570958034078,15.144946778026977
2015-07-31,4.1105057992153995,11.047121925709655,15.157627724925055
2015-08-03,3.5598577928327355,11.577092400063329,15.136950192896064
2015-08-04,3.3732376346338135,11.878837045558715,15.252074680192528
2015-08-05,3.788699288038046,11.406976329265474,15.19567561730352
2015-08-06,2.7387535903192894,12.92476745305771,15.663521043377
2015-08-07,2.603069000680607,12.96659381420549,15.569662814886097
2015-08-10,3.6559528124032497,11.486906126751927,15.142858939155177
2015-08-11,2.6586844381024477,13.292369446933453,15.9510538850359
2015-08-12,2.472679669795106,13.404985655426163,15.877665325221269
2015-08-13,2.686719710911799,13.125572669356684,15.812292380268483
2015-08-14,3.2793330084627197,12.41992584879069,15.69925885725341
2015-08-17,3.1206300033708967,12.330700795216792,15.451330798587689
2015-08-18,2.782747027927879,12.895386186372487,15.678133214300367
2015-08-19,1.9496751375297343,14.261154074708191,16.210829212237925
2015-08-20,-0.1396999438677753,17.92510585789295,17.785405914025176
2015-08-21,-4.93632852188621,25.278397131530404,20.342068609644194
2015-08-24,-12.626722472888286,37.70092398441675,25.07420151152846
2015-08-25,-8.125049647989158,32.38705898816052,24.26200934017136
2015-08-26,-5.195889576875857,27.165921343346245,21.970031766470388
2015-08-27,-2.5605750291102005,23.481493835104647,20.920918805994447
2015-08-28,-2.0072918187815567,23.518422881804494,21.511131063022937
2015-08-31,-2.0478631624381833,24.50711557144011,22.459252409001927
2015-09-01,-3.54724600177261,28.251410904619444,24.704164902846834
2015-09-02,-0.2616422379673189,23.08745422050893,22.825811982541612
2015-09-03,0.07597107891678334,22.9760258548386,23.051996933755383
2015-09-04,-0.6363665523168116,24.744138930052138,24.107772377735326
2015-09-07,-0.6363665523168116,24.744138930052138,24.107772377735326
2015-09-08,-0.0015136566478268776,22.542682175831587,22.54116851918376
2015-09-09,-1.2074031326961219,24.093961729788056,22.886558597091934
2015-09-10,-0.46169096782170627,22.932513094398608,22.470822126576902
2015-09-11,0.5711940089299965,21.304451096561237,21.875645105491234
2015-09-14,0.06793086144896066,22.08998916403085,22.15792002547981
2015-09-15,0.45032712527304497,20.35408040432268,20.804407529595725
2015-09-16,0.6198881832746714,19.061124220283823,19.681012403558494
2015-09-17,0.5569143235025109,19.612364344540755,20.169278668043265
2015-09-18,0.3073766915516778,20.30332883024211,20.610705521793786
2015-09-21,2.0129170523140587,17.874258626264727,19.887175678578785
2015-09-22,0.8858998846134227,20.290304969072423,21.176204853685846
2015-09-23,1.0835360160358078,19.62272853044543,20.706264546481236
2015-09-24,0.5510913750218833,20.60585104331239,21.156942418334275
2015-09-25,0.6351518025133664,20.75535986899098,21.390511671504346
2015-09-28,-1.7126483273752768,24.750691290542264,23.038042963166987
2015-09-29,-1.213245273623599,23.886214022771505,22.672968749147905
2015-09-30,-0.14171521005886234,21.987864583375487,21.846149373316624
2015-10-01,0.5656383553181357,20.714224173667482,21.279862528985618
2015-10-02,1.5724089381204536,18.948639563560345,20.5210485016808
2015-10-05,2.003426950582803,17.627720556076305,19.631147506659108
2015-10-06,2.1838437234294688,17.47232175867186,19.65616548210133
2015-10-07,3.0697411756363664,16.177309058820832,19.2470502344572
2015-10-08,3.2758034069285316,15.367410249519736,18.643213656448268
2015-10-09,4.046046680182011,14.518396396664246,18.564443076846256
2015-10-12,3.5714111580674732,14.4443437257503,18.015754883817774
2015-10-13,2.9605472262681456,15.813690638500633,18.77423786476878
2015-10-14,3.3589895436378683,15.809489455371398,19.168478999009267
2015-10-15,4.346414611763606,13.586060193868704,17.93247480563231
2015-10-16,4.009329186537467,13.722578263778566,17.731907450316033
2015-10-19,3.9096079763616594,13.331862321075977,17.241470297437637
2015-10-20,3.6665891096306655,13.989104233660745,17.65569334329141
2015-10-21,3.3841578558492085,14.950759438134737,18.334917293983946
2015-10-22,3.813517073303906,13.099749257149313,16.91326633045322
2015-10-23,3.9683317151464,12.985165104884752,16.95349682003115
2015-10-26,3.409359152646495,14.079038559683148,17.488397712329643
2015-10-27,3.0132754987753234,14.44776185518032,17.461037353955643
2015-10-28,3.596615699500937,13.3411402963381,16.937755995839037
2015-10-29,3.493840379225114,13.589421349638092,17.083261728863206
2015-10-30,3.4487449802447117,13.877716349728967,17.32646132997368
2015-11-02,3.6491854043082803,12.929225359516067,16.578410763824348
2015-11-03,3.571676541358624,13.15286859572193,16.724545137080554
2015-11-04,3.219809088578593,14.027734054792585,17.24754314337118
2015-11-05,3.4527914272929756,13.644683865250936,17.097475292543912
2015-11-06,3.9260597470565983,12.88950654170318,16.81556628875978
2015-11-09,2.685586072908084,14.950508174725943,17.636094247634027
2015-11-10,3.312905203109537,13.96773355729086,17.280638760400397
2015-11-11,2.9798020515061765,14.591519033273354,17.57132108477953
2015-11-12,2.2591507834539577,16.501764298611217,18.760915082065175
2015-11-13,1.474175054012548,18.198961389440797,19.673136443453345
2015-11-16,2.3004906370630422,16.242739960351983,18.543230597415025
2015-11-17,2.1153893643524064,16.66696659708585,18.782355961438256
2015-11-18,3.2081549875459014,14.728776775886049,17.93693176343195
2015-11-19,3.5048405685650703,14.875158269212251,18.379998837777322
2015-11-20,4.267440460840712,13.727164721629839,17.99460518247055
2015-11-23,4.128772372984807,13.720758478717391,17.849530851702198
2015-11-24,4.1571627114311624,13.82281790136669,17.979980612797853
2015-11-25,4.320670978256528,13.426149945218105,17.746820923474633
2015-11-26,4.320670978256528,13.426149945218105,17.746820923474633
2015-11-27,3.8192200867317183,13.902910886949513,17.72213097368123
2015-11-30,3.1504042780450945,14.946288589631724,18.09669286767682
2015-12-01,3.880875745489636,13.449307944218969,17.330183689708605
2015-12-02,3.1147680612965836,14.765594978224655,17.88036303952124
2015-12-03,2.1974657558423694,16.60026439091814,18.79773014676051
2015-12-04,3.9637676111401117,13.607950706052163,17.571718317192275
2015-12-07,3.307082878571995,14.526138323984044,17.83322120255604
2015-12-08,2.3223673120278683,16.399543272067813,18.72191058409568
2015-12-09,1.1412795569279872,18.2198092422503,19.361088799178287
2015-12-10,1.6513181436120483,17.64879797086637,19.300116114478417
2015-12-11,-0.6189508454748527,22.01966290277856,21.400712057303707
2015-12-14,0.09759234095689351,20.38797288661321,20.485565227570103
2015-12-15,1.1031672449190069,18.490723950725563,19.59389119564457
2015-12-16,2.616344962426208,15.910449092815096,18.526794055241304
2015-12-17,2.277877448561881,17.00333956174022,19.2812170103021
2015-12-18,1.8922524962914231,18.530585015256086,20.42283751154751
2015-12-21,2.384684394249941,17.084856968809884,19.469541363059825
2015-12-22,3.370321137086661,15.237791158684358,18.60811229577102
2015-12-23,3.9912278042214595,14.33683419909054,18.328062003312
2015-12-24,4.065736275238109,14.356691028932222,18.42242730417033
2015-12-25,4.065736275238109,14.356691028932222,18.42242730417033
2015-12-28,2.891274469029174,15.389598067927313,18.280872536956487
2015-12-29,3.5425131884168852,14.317881599751045,17.86039478816793
2015-12-30,3.2560305828095206,15.130955180885069,18.38698576369459
2015-12-31,2.5679119212748382,16.21550453400925,18.783416455284087
2016-01-01,2.5679119212748382,16.21550453400925,18.783416455284087
2016-01-04,0.7471338195662263,18.987888718303985,19.73502253787021
2016-01-05,1.643553112293759,17.631018088388515,19.274571200682274
2016-01-06,0.9357443514215262,18.92512152234768,19.860865873769207
2016-01-07,-0.7119726582638499,22.3915388977816,21.67956623951775
2016-01-08,-1.1873205960729472,23.775393314920535,22.588072718847588
2016-01-11,0.05471413984639284,21.600685653125076,21.65539979297147
2016-01-12,0.7714928948257125,20.10374559667108,20.87523849149679
2016-01-13,-0.25807622756550685,22.73836014278999,22.480283915224483
2016-01-14,0.9777191879296439,20.55136697618124,21.529086164110883
2016-01-15,-0.31038849150546355,23.42760582706546,23.117217335559996
2016-01-18,-0.31038849150546355,23.42760582706546,23.117217335559996
2016-01-19,-0.25398228735988937,23.103148693159223,22.849166405799334
2016-01-20,-1.0960023165662491,24.612322686004227,23.516320369437977
2016-01-21,-0.5580960293437975,24.03506308245152,23.47696705310772
2016-01-22,1.477313983612067,20.174336804912627,21.651650788524694
2016-01-25,0.5882569946470646,21.9060347540056,22.494291748652664
2016-01-26,1.2077087626815626,20.412849782548975,21.620558545230537
2016-01-27,1.017104657969547,21.10099249872756,22.118097156697107
2016-01-28,1.2854270752063712,20.46422263116872,21.74964970637509
2016-01-29,2.273020773673643,18.232279182170878,20.50529995584452
2016-02-01,2.2182620695050375,18.31462570936648,20.53288777887152
2016-02-02,1.312079441812152,20.284015070747373,21.596094512559525
2016-02-03,1.4567334619435606,19.95831628288755,21.415049744831112
2016-02-04,1.6888395275271542,20.027778757651017,21.71661828517817
2016-02-05,1.0765374611710925,21.474512668811833,22.551050129982926
2016-02-08,-0.32602613576159456,23.973167987101515,23.64714185133992
2016-02-09,-0.5491533479299413,24.56633628538439,24.01718293745445
2016-02-10,-0.21872095783793455,24.242539893744315,24.02381893590638
2016-02-11,-0.6799910110262353,25.7426077557634,25.062616744737166
2016-02-12,1.2092613247703916,23.031516096572847,24.24077742134324
2016-02-15,1.2092613247703916,23.031516096572847,24.24077742134324
2016-02-16,1.0645694704275073,22.115405802231802,23.17997527265931
2016-02-17,1.6248233649873711,20.42243907889446,22.04726244388183
2016-02-18,2.002684940162034,19.885335153795,21.888020093957035
2016-02-19,2.592519756211292,18.93227904244059,21.524798798651883
2016-02-22,2.7683633716310894,17.858750933634113,20.627114305265202
2016-02-23,2.1056945617892815,19.334273174868226,21.439967736657508
2016-02-24,1.7981773258330733,19.348960430066974,21.147137755900047
2016-02-25,2.579821314245077,17.74319829902307,20.323019613268148
2016-02-26,2.2764067379605954,18.385727393172207,20.662134131132802
2016-02-29,1.7328049186277106,19.29166493777125,21.024469856398962
2016-03-01,2.7739196883894195,16.63744672827128,19.411366416660698
2016-03-02,3.3291941334072614,15.809352912919136,19.138547046326398
2016-03-03,3.0743243204904545,15.687650833543348,18.761975154033802
2016-03-04,3.146723517333463,15.795857203258354,18.942580720591817
2016-03-07,2.7227957276256234,16.241403708095614,18.964199435721238
2016-03-08,2.1481755704543914,17.650741782011412,19.798917352465804
2016-03-09,2.4193290300273027,17.221833708944352,19.641162738971655
2016-03-10,2.9099029430926144,16.69804313307969,19.607946076172304
2016-03-11,3.7774583105276243,15.014174966511234,18.79163327703886
2016-03-14,3.3050178419316794,15.376075485291416,18.681093327223095
2016-03-15,3.3423603640053585,15.359735404536352,18.70209576854171
2016-03-16,4.350906165330187,13.723688030911863,18.07459419624205
2016-03-17,4.368051247612703,13.271784962236724,17.639836209849427
2016-03-18,4.959126581457729,12.715318576092818,17.674445157550547
2016-03-21,4.995764689476674,12.472059175446178,17.467823864922853
2016-03-22,4.5405124165074415,12.841634070819092,17.382146487326533
2016-03-23,4.511830088164082,13.541543443584967,18.05337353174905
2016-03-24,4.7759602367418985,13.229428141171962,18.00538837791386
2016-03-25,4.7759602367418985,13.229428141171962,18.00538837791386
2016-03-28,4.092809743322359,13.767181199892814,17.859990943215173
2016-03-29,4.7509720538965645,12.336025483942311,17.086997537838876
2016-03-30,4.93755976941528,11.836823157958161,16.77438292737344
2016-03-31,4.767769956451954,12.300364593449945,17.0681345499019
2016-04-01,5.007632600806845,11.527402441660803,16.535035042467648
2016-04-04,4.4658027619631895,12.588168497219826,17.053971259183015
2016-04-05,3.794396298681491,14.09992718914502,17.89432348782651
2016-04-06,4.527207186661347,12.614164301173805,17.14137148783515
2016-04-07,3.7000409400476144,14.688030353790626,18.38807129383824
2016-04-08,4.455082914578288,13.519214547891082,17.97429746246937
2016-04-11,3.486967533758321,14.791719148100366,18.278686681858687
2016-04-12,4.251179489884715,13.441651353487154,17.69283084337187
2016-04-13,4.963681878903454,12.146961179767967,17.11064305867142
2016-04-14,4.905069830702473,12.166868245729098,17.07193807643157
2016-04-15,4.720015441208403,12.374825413789676,17.09484085499808
2016-04-18,4.47819273302537,11.9660212577452,16.44421399077057
2016-04-19,4.328222148709779,12.037109489653458,16.365331638363237
2016-04-20,4.468877799906034,11.96001523749147,16.428893037397504
2016-04-21,4.411524803192842,12.497914352262454,16.909439155455296
2016-04-22,4.736626963978935,11.953910318595707,16.690537282574642
2016-04-25,4.15981842832119,12.803460955137266,16.963279383458456
2016-04-26,4.226915745496624,12.564332051370597,16.79124779686722
2016-04-27,4.030406047009315,12.411054619579655,16.44146066658897
2016-04-28,3.488025455639958,13.828352340569078,17.316377796209036
2016-04-29,3.3988923111813936,14.429214507332242,17.828106818513636
2016-05-02,3.9195464389309933,13.33620714899164,17.255753587922634
2016-05-03,3.549815318860885,14.391015710269519,17.940831029130404
2016-05-04,3.4223398015083557,14.799876161145237,18.222215962653593
2016-05-05,3.6102370057910633,14.696870522767671,18.307107528558735
2016-05-06,4.273522560894866,13.584619162351222,17.85814172324609
2016-05-09,4.116736199845491,13.535807206510786,17.652543406356276
2016-05-10,4.481554735568944,12.495021926854394,16.976576662423337
2016-05-11,4.028983054262596,13.558668716882394,17.58765177114499
2016-05-12,4.1579804129569915,13.233999850898076,17.391980263855068
2016-05-13,3.8948446945753297,13.953066550687431,17.84791124526276
2016-05-16,3.9865776263109876,13.408679390813697,17.395257017124685
2016-05-17,3.607992649217037,14.259282207748287,17.867274856965324
2016-05-18,3.3601022736570627,14.69028293158302,18.050385205240083
2016-05-19,3.520063249123286,14.756227362576876,18.276290611700162
2016-05-20,4.401665075213382,13.441569288342128,17.84323436355551
2016-05-23,4.1351867449576485,13.727318119139307,17.862504864096955
2016-05-24,4.60830607793228,12.306267776048884,16.914573853981164
2016-05-25,4.840172167986232,11.81334700807961,16.653519176065842
2016-05-26,4.940788419618796,11.555930610904168,16.496719030522964
2016-05-27,5.211711782770697,11.055128777768447,16.266840560539144
2016-05-30,5.211711782770697,11.055128777768447,16.266840560539144
2016-05-31,4.576035185628095,12.171768850765508,16.747804036393603
2016-06-01,4.461555730245209,12.15285709229012,16.61441282253533
2016-06-02,4.913196989846494,11.5410242714896,16.454221261336095
2016-06-03,5.378785942779475,11.188912581990119,16.567698524769593
2016-06-06,4.912519245254844,11.630682271218204,16.543201516473047
2016-06-07,4.750651594859191,11.867761393615025,16.618412988474216
2016-06-08,4.798559163431774,11.793341002630877,16.59190016606265
2016-06-09,4.691682584711529,12.349468171855186,17.041150756566715
2016-06-10,3.468345184995039,14.724170613679322,18.19251579867436
2016-06-13,1.8050543265367018,18.31197498429792,20.11702931083462
2016-06-14,1.8698204617633785,17.958423255131482,19.82824371689486
2016-06-15,1.7591533069708234,17.773125186123075,19.532278493093898
2016-06-16,2.055673125791614,17.00874919077922,19.064422316570834
2016-06-17,2.0653830433267153,17.250197321789056,19.31558036511577
2016-06-20,1.775490462205763,16.50225263630626,18.277743098512023
2016-06-21,1.5713583311631467,16.64928740891822,18.220645740081366
2016-06-22,-0.37458570646511546,19.079638452059747,18.70505274559463
2016-06-23,1.5957134075694945,15.34982648547491,16.945539893044405
2016-06-24,-1.2969601916316797,22.011067290548564,20.714107098916884
2016-06-27,0.03239394004425833,21.018265985342683,21.05065992538694
2016-06-28,2.172438056835613,16.551455743471543,18.723893800307156
2016-06-29,3.2600997637434617,14.55517213202582,17.815271895769282
2016-06-30,3.8907602009040847,13.486287671720879,17.377047872624964
2016-07-01,4.697753151114508,12.561224164437224,17.258977315551732
2016-07-04,4.697753151114508,12.561224164437224,17.258977315551732
2016-07-05,3.763454382358283,13.830183857519824,17.593638239878107
2016-07-06,4.039539975224253,13.339975165416876,17.37951514064113
2016-07-07,4.262906947799742,12.962295087452958,17.2252020352527
2016-07-08,5.171495770999883,11.216995862344078,16.38849163334396
2016-07-11,4.476612779313989,11.758938562981587,16.235551342295576
2016-07-12,4.215572282476252,11.620218351109365,15.835790633585617
2016-07-13,4.4707928778206885,11.247534166869873,15.718327044690561
2016-07-14,4.30768744069711,11.338483327570755,15.646170768267865
2016-07-15,4.738087493345894,11.036473893133897,15.77456138647979
2016-07-18,4.6517424385001345,11.092863303147851,15.744605741647986
2016-07-19,5.0673390861201675,10.607819162828328,15.675158248948495
2016-07-20,5.05138044793153,10.523427478291367,15.574807926222897
2016-07-21,4.7303151211327545,11.397120175686261,16.127435296819016
2016-07-22,5.411348491606207,10.534289413337476,15.945637904943682
2016-07-25,4.869324224821478,11.436876741024443,16.30620096584592
2016-07-26,4.755265168344913,11.501834786577227,16.25709995492214
2016-07-27,4.904349174652815,11.29388089183729,16.198230066490105
2016-07-28,4.980167691083203,11.192778643951272,16.172946335034474
2016-07-29,5.396342002879036,10.375676630854908,15.772018633733945
2016-08-01,4.949107992328143,10.934004773060186,15.88311276538833
2016-08-02,4.547280583356743,11.81820126104106,16.365481844397802
2016-08-03,4.886707298724792,11.274181742596712,16.160889041321504
2016-08-04,4.893638385785632,11.013750879822123,15.907389265607755
2016-08-05,5.595537992014908,9.817475754769886,15.413013746784793
2016-08-08,5.208933863530978,10.104401631738819,15.313335495269797
2016-08-09,4.984012664579986,10.229690574513398,15.213703239093384
2016-08-10,4.683384395890984,10.698969508013342,15.382353903904326
2016-08-11,5.165603293117805,10.187822175857605,15.35342546897541
2016-08-12,5.402230098894551,10.006207623071655,15.408437721966205
2016-08-15,5.1607536277580515,10.284157869101625,15.444911496859676
2016-08-16,4.719870343068385,11.194025045424098,15.913895388492483
2016-08-17,4.833267464347449,10.835792227036906,15.669059691384355
2016-08-18,5.595839377809307,9.908857210931647,15.504696588740954
2016-08-19,5.703565459995261,9.763882643404765,15.467448103400026
2016-08-22,5.317405496767492,10.302310844831194,15.619716341598686
2016-08-23,5.113154571446703,10.452135448871648,15.56529002031835
2016-08-24,4.513618838172205,11.457537439182923,15.971156277355128
2016-08-25,4.429952745704675,11.607537633032265,16.03749037873694
2016-08-26,4.3460424492658145,11.77423819028863,16.120280639554444
2016-08-29,4.901094534457405,11.007482235446767,15.908576769904172
2016-08-30,4.899881419218264,11.076156887626928,15.976038306845192
2016-08-31,4.743109405182334,11.545189162593655,16.28829856777599
2016-09-01,4.66504172002646,11.675180594559341,16.3402223145858
2016-09-02,5.953679756978627,9.974046681386554,15.92772643836518
2016-09-05,5.953679756978627,9.974046681386554,15.92772643836518
2016-09-06,5.531459717184941,10.21946056293006,15.750920280115
2016-09-07,5.49186301029086,10.208014443273111,15.699877453563971
2016-09-08,5.31505419202894,10.640458770782026,15.955512962810966
2016-09-09,1.7485409630781135,16.220084061960517,17.96862502503863
2016-09-12,3.5030665633343006,13.477575937274672,16.980642500608973
2016-09-13,1.6083451987497774,16.48114148987472,18.089486688624497
2016-09-14,1.8770418472528938,16.525785905058026,18.40282775231092
2016-09-15,3.316299823207004,14.260259010800894,17.576558834007898
2016-09-16,3.5344590937858005,13.847562312452114,17.382021406237914
2016-09-19,3.2550707058124235,14.047775821952099,17.302846527764522
2016-09-20,2.9858559120084056,14.594053475733793,17.579909387742198
2016-09-21,4.393624643177677,12.244466393758803,16.63809103693648
2016-09-22,5.1705417612497335,10.98755881373376,16.158100574983493
2016-09-23,4.943351370621038,11.272936018994837,16.216287389615875
2016-09-26,3.405143859986307,13.578232768974235,16.983376628960542
2016-09-27,4.2353699131022395,12.166982042352863,16.402351955455103
2016-09-28,4.544133564685099,11.52131832288354,16.06545188756864
2016-09-29,3.2525482831010173,13.403963048848372,16.65651133194939
2016-09-30,3.916519386713418,12.37735559678524,16.293874983498657
2016-10-03,3.4005175761831623,12.861581857263918,16.26209943344708
2016-10-04,3.1905435753752425,13.12876474986219,16.319308325237433
2016-10-05,3.677888407653281,12.541417106221509,16.21930551387479
2016-10-06,3.9681265561323187,12.117420180008025,16.085546736140344
2016-10-07,3.903341626518829,12.485899800756153,16.389241427274982
2016-10-10,4.073290799958334,11.99489495135172,16.068185751310054
2016-10-11,3.015942193671714,13.795229449484259,16.811171643155973
2016-10-12,2.9549141534027417,13.996250916541674,16.951165069944416
2016-10-13,2.6462447341840143,14.63699484261029,17.283239576794305
2016-10-14,3.057696764404211,14.113357585788405,17.171054350192616
2016-10-17,2.337250730552027,14.89676345722942,17.234014187781447
2016-10-18,2.920440406823001,13.940003620074112,16.860444026897113
2016-10-19,3.1569330479123963,13.377564077857034,16.53449712576943
2016-10-20,3.5931099783075844,12.800178756929117,16.393288735236702
2016-10-21,3.7307221515914186,12.506665242815213,16.237387394406632
2016-10-24,3.623284506382774,12.345274756507163,15.968559262889936
2016-10-25,3.0481046615986287,12.985600750622229,16.033705412220858
2016-10-26,2.403262762337807,13.919020681869714,16.32228344420752
2016-10-27,1.9157189592206585,14.853957267488596,16.769676226709255
2016-10-28,1.3423182162172136,15.624036961114443,16.966355177331657
2016-10-31,0.5631465435287666,16.748955425184086,17.312101968712852
2016-11-01,-0.07476825533237275,17.924887554131157,17.850119298798784
2016-11-02,-0.384625998723255,18.44823539164927,18.063609392926015
2016-11-03,-1.7174107436899,20.402541905735195,18.685131162045295
2016-11-04,-2.4224592916312275,21.39754244820805,18.975083156576822
2016-11-07,-1.3751415161040548,18.284949646149848,16.909808130045793
2016-11-08,-1.3781147387681898,18.37334280748083,16.995228068712642
2016-11-09,2.239645157126443,13.614100872693072,15.853746029819515
2016-11-10,2.632178324261478,13.675853414346825,16.308031738608303
2016-11-11,3.0065574411978293,13.252011042274015,16.258568483471844
2016-11-14,3.1612870413304446,13.326956168571675,16.48824320990212
2016-11-15,3.5974198162466386,12.217534987345942,15.814954803592581
2016-11-16,3.673406262988893,12.352110805147694,16.025517068136587
2016-11-17,3.807346408460406,11.993716482062723,15.801062890523129
2016-11-18,4.40504512257338,11.55650968690037,15.96155480947375
2016-11-21,4.592878114978481,11.05802423962188,15.65090235460036
2016-11-22,4.677137430811012,10.97634173024181,15.653479161052822
2016-11-23,4.599038832514715,11.107261605582556,15.706300438097271
2016-11-24,4.599038832514715,11.107261605582556,15.706300438097271
2016-11-25,4.60588606280052,11.120571545609673,15.726457608410193
2016-11-28,4.221732207674663,11.911942055226874,16.133674262901536
2016-11-29,4.299862738062954,11.769147958999143,16.069010697062097
2016-11-30,3.969089605637061,12.25798340623662,16.22707301187368
2016-12-01,3.5650062170817822,12.96191313021511,16.526919347296893
2016-12-02,3.7636404230163105,12.839775949289217,16.603416372305528
2016-12-05,5.026012237260371,10.921814376156203,15.947826613416574
2016-12-06,5.322442503568322,10.453873225752819,15.77631572932114
2016-12-07,4.794387947975817,10.809922484326535,15.604310432302352
2016-12-08,4.496475894866181,11.404748318035445,15.901224212901626
2016-12-09,4.970719944693473,10.581731305926747,15.55245125062022
2016-12-12,4.250515210351116,11.586681762318177,15.837196972669293
2016-12-13,4.035034218187171,11.840154559151763,15.875188777338934
2016-12-14,3.778844311829989,11.96182438305568,15.740668694885668
2016-12-15,4.547149750469023,11.122337315658282,15.669487066127305
2016-12-16,5.103701418674552,10.521060724942458,15.62476214361701
2016-12-19,5.265778265739497,10.154544702245264,15.420322967984761
2016-12-20,5.190539597220106,10.165690760568964,15.35623035778907
2016-12-21,5.1976310878416125,10.085710279992915,15.283341367834527
2016-12-22,5.312475563477431,10.191788154905215,15.504263718382646
2016-12-23,5.311953564698632,10.195178001831698,15.50713156653033
2016-12-26,5.311953564698632,10.195178001831698,15.50713156653033
2016-12-27,4.900586558067879,10.524523355729471,15.42510991379735
2016-12-28,4.623310719071052,11.339583707888513,15.962894426959565
2016-12-29,4.328521172654808,11.762142104940034,16.090663277594842
2016-12-30,4.018341124737537,12.335804567795707,16.354145692533244
2017-01-02,4.018341124737537,12.335804567795707,16.354145692533244
2017-01-03,4.326785859132514,11.321227324585069,15.648013183717582
2017-01-04,4.8258619345942755,10.234475803569534,15.06033773816381
2017-01-05,4.8078965751702665,10.134329067067453,14.94222564223772
2017-01-06,5.0161148391835315,9.779866514060966,14.795981353244498
2017-01-09,4.820944125388806,10.086484778415285,14.90742890380409
2017-01-10,5.004936410667588,9.91510792088723,14.920044331554818
2017-01-11,4.976216340636327,9.899465218084238,14.875681558720565
2017-01-12,4.929166177757633,10.024353055616146,14.953519233373779
2017-01-13,5.283135049765029,9.642491829094798,14.925626878859827
2017-01-16,5.283135049765029,9.642491829094798,14.925626878859827
2017-01-17,4.597387872256109,10.569666711429536,15.167054583685644
2017-01-18,4.477020909984663,10.642364516480397,15.11938542646506
2017-01-19,4.017796368358905,11.082464363784975,15.10026073214388
2017-01-20,4.914027619100656,9.88824713783704,14.802274756937695
2017-01-23,4.283633419265197,10.49946768577624,14.783101105041437
2017-01-24,4.346311600534371,9.813426300049576,14.159737900583947
2017-01-25,4.3271295197014865,9.562978654567628,13.890108174269114
2017-01-26,4.423477316818156,9.547584195931483,13.971061512749639
2017-01-27,4.716616903187587,9.395544228520441,14.112161131708028
2017-01-30,3.8385262682153005,10.704319572250636,14.542845840465937
2017-01-31,3.7532943763564806,10.830511334784681,14.583805711141162
2017-02-01,3.9658800119027386,10.489030515939275,14.454910527842014
2017-02-02,3.9234672112707383,10.677527928687457,14.600995139958195
2017-02-03,4.670619790759062,9.526868573121291,14.197488363880353
2017-02-06,4.285249013841259,10.054307444412945,14.339556458254204
2017-02-07,4.390620877538138,10.000496961303467,14.391117838841605
2017-02-08,4.530806998982946,10.027393062840693,14.558200061823639
2017-02-09,4.708651434149791,9.616286952871796,14.324938387021588
2017-02-10,4.613464183381014,9.523746281085108,14.137210464466122
2017-02-13,4.193066434097041,9.72891566741006,13.921982101507101
2017-02-14,4.113239197855199,9.334124192314738,13.447363390169937
2017-02-15,3.3381563539670083,10.114238838239897,13.452395192206906
2017-02-16,3.777514148298579,9.892790937187197,13.670305085485776
2017-02-17,4.005478292449052,9.802976014380613,13.808454306829665
2017-02-20,4.005478292449052,9.802976014380613,13.808454306829665
2017-02-21,3.954303933270854,9.991946926939143,13.946250860209997
2017-02-22,4.151355442821194,10.129062286925748,14.280417729746942
2017-02-23,4.402877442123447,10.121038455706287,14.523915897829735
2017-02-24,4.647876271267645,10.02016494868858,14.668041219956224
2017-02-27,4.078772961277492,10.55690091206329,14.635673873340782
2017-02-28,3.612910925542147,11.376490261685008,14.989401187227156
2017-03-01,3.9894966164970196,10.662026449565563,14.651523066062582
2017-03-02,4.660439170130431,9.993645081959489,14.65408425208992
2017-03-03,5.270997279191903,9.05201622811957,14.323013507311472
2017-03-06,5.045816565152931,9.30323635062471,14.34905291577764
2017-03-07,4.703395110016496,9.647259531826471,14.350654641842967
2017-03-08,4.449327195982924,9.97515626176177,14.424483457744694
2017-03-09,4.02053611954593,10.587686392160274,14.608222511706204
2017-03-10,4.4389366142416105,9.87454264975294,14.31347926399455
2017-03-13,4.272493270048457,10.055076173671097,14.327569443719554
2017-03-14,3.746772230043355,10.72750614963866,14.474278379682016
2017-03-15,4.356035081668365,9.800636930683632,14.156672012351997
2017-03-16,4.855559012039107,8.993652129802001,13.849211141841108
2017-03-17,4.836744177917415,8.992554512871045,13.82929869078846
2017-03-20,4.549638059769782,9.300441808786246,13.850079868556028
2017-03-21,3.7101131198251274,10.788177590197943,14.49829071002307
2017-03-22,3.2874597370957908,11.177578941215618,14.465038678311409
2017-03-23,3.1680593474530596,11.384537705847658,14.552597053300717
2017-03-24,3.29971482763613,11.093822941471737,14.393537769107867
2017-03-27,3.3815130860439755,10.69968033570179,14.081193421745766
2017-03-28,3.913371332770163,9.67271330857044,13.586084641340603
2017-03-29,3.9017647599704812,9.485276469372316,13.387041229342797
2017-03-30,4.067562239773441,9.20943964802539,13.27700188779883
2017-03-31,3.8608747022277488,9.574389357726384,13.435264059954132
2017-04-03,3.461152861818853,9.959447368332711,13.420600230151564
2017-04-04,3.707147401806031,9.513887810311521,13.221035212117553
2017-04-05,2.960932439327596,10.734426497672713,13.695358937000309
2017-04-06,3.066579496545481,10.30122015843942,13.367799654984902
2017-04-07,3.1117615168728676,10.51122842442865,13.622989941301517
2017-04-10,2.622420259351861,11.313585316777852,13.936005576129713
2017-04-11,2.1395597884728,12.144261617565306,14.283821406038106
2017-04-12,1.8499975925922527,12.533955362849595,14.383952955441847
2017-04-13,1.4891981319932341,13.135149316701424,14.624347448694659
2017-04-14,1.4891981319932341,13.135149316701424,14.624347448694659
2017-04-17,1.3404595142992157,12.769417471642836,14.109876985942051
2017-04-18,1.3618899724535378,12.770269229770538,14.132159202224075
2017-04-19,1.232411940192577,13.046794307213602,14.27920624740618
2017-04-20,1.7717382411575358,12.013517587673595,13.785255828831131
2017-04-21,1.3603294369298258,12.597481939753512,13.957811376683338
2017-04-24,3.5138853620571577,9.250698383744561,12.764583745801719
2017-04-25,3.5744346728473158,9.065314368925723,12.639749041773038
2017-04-26,3.5494712336746126,9.19917789280293,12.748649126477543
2017-04-27,3.779668174345085,8.955592205197,12.735260379542085
2017-04-28,3.601411001606092,9.219670901467106,12.821081903073198
2017-05-01,3.6607104982779877,8.95654314695427,12.617253645232257
2017-05-02,3.3076143886109506,9.420430825231584,12.728045213842535
2017-05-03,3.337328109549002,9.57458312293342,12.911911232482423
2017-05-04,3.3964842594094886,9.4030425611018,12.79952682051129
2017-05-05,3.2638665260570967,9.516169427598822,12.780035953655918
2017-05-08,3.9584270372175308,8.718336793025829,12.67676383024336
2017-05-09,3.765171853788109,8.976988588107005,12.742160441895114
2017-05-10,3.823685379760011,9.076895425698735,12.900580805458747
2017-05-11,3.621349870426002,9.46916072300889,13.090510593434892
2017-05-12,4.082405716277078,9.1264334305092,13.208839146786278
2017-05-15,3.9700694125872467,9.003913033527605,12.973982446114851
2017-05-16,3.975466367070565,9.070726871198659,13.046193238269224
2017-05-17,1.2540503835868737,13.488968999202475,14.743019382789349
2017-05-18,2.0220048858544857,12.409301515920987,14.431306401775473
2017-05-19,3.242638636897734,10.346735257338095,13.589373894235829
2017-05-22,3.909860864132714,9.350831203892257,13.260692068024971
2017-05-23,3.9076190638423096,9.270884211026384,13.178503274868694
2017-05-24,4.289695253879348,8.67718043938477,12.966875693264118
2017-05-25,4.250195349177295,8.628283324298552,12.878478673475847
2017-05-26,4.3463963966946295,8.567254225248766,12.913650621943395
2017-05-29,4.3463963966946295,8.567254225248766,12.913650621943395
2017-05-30,4.025432758172716,9.094549248458012,13.119982006630728
2017-05-31,3.9482637836328145,9.188459007317922,13.136722790950737
2017-06-01,4.087629477220522,8.848260564978155,12.935890042198677
2017-06-02,4.185214719263756,8.703964767075243,12.889179486339
2017-06-05,3.9386824782199295,9.148167377975765,13.086849856195695
2017-06-06,3.8118221272889787,9.565028803517443,13.376850930806421
2017-06-07,3.845122551773116,9.47928631412437,13.324408865897485
2017-06-08,4.093552467852781,9.022164093379642,13.115716561232423
2017-06-09,3.8523053395316325,9.331477810137722,13.183783149669354
2017-06-12,3.281217565788735,10.117518171348184,13.398735737136919
2017-06-13,3.959610184968744,9.076091678453015,13.035701863421759
2017-06-14,3.8792632894229975,9.227738499323609,13.107001788746606
2017-06-15,3.791127093600016,9.400605645564317,13.191732739164333
2017-06-16,4.1734254317331985,8.888344140291098,13.061769572024296
2017-06-19,4.057212808273071,8.625763901752798,12.68297671002587
2017-06-20,3.566897226690015,9.275876779391801,12.842774006081816
2017-06-21,3.6723984580975007,9.305093826184757,12.977492284282258
2017-06-22,3.755714107034043,9.06119875147989,12.816912858513934
2017-06-23,4.2931290776021775,8.503470863917851,12.796599941520029
2017-06-26,4.057553634995507,8.486854780595722,12.54440841559123
2017-06-27,3.4281904703778565,9.634301043010716,13.062491513388572
2017-06-28,4.102239023101763,8.625011869578598,12.727250892680361
2017-06-29,3.1248094262605335,10.041306601208447,13.16611602746898
2017-06-30,3.466195054128855,9.717055221043704,13.18325027517256
2017-07-03,3.3199757393218228,9.952394887088175,13.272370626409998
2017-07-04,3.3199757393218228,9.952394887088175,13.272370626409998
2017-07-05,3.542342196646656,9.651045746065545,13.193387942712201
2017-07-06,2.726152796761893,11.00568588432454,13.731838681086433
2017-07-07,3.8260617542464654,9.52976957204092,13.355831326287385
2017-07-10,3.6798465137163525,9.478132306564625,13.157978820280977
2017-07-11,3.6736635710952648,9.351530378989729,13.025193950084994
2017-07-12,4.076447140345444,8.652071364660216,12.72851850500566
2017-07-13,4.289086227686864,8.327087380709195,12.616173608396059
2017-07-14,4.344813549776207,7.937841949353723,12.28265549912993
2017-07-17,4.119097130710136,8.187582219594923,12.306679350305059
2017-07-18,4.057878204681721,8.268380622006967,12.326258826688688
2017-07-19,3.9482378498861035,8.207061584773022,12.155299434659126
2017-07-20,4.052536293614294,8.055515318385966,12.10805161200026
2017-07-21,4.240183383902481,7.8993489569726325,12.139532340875114
2017-07-24,4.168542457456037,7.899392785446264,12.067935242902301
2017-07-25,4.0806873462016275,7.866348386375585,11.947035732577213
2017-07-26,4.075216756870605,7.885675013201414,11.960891770072019
2017-07-27,3.564758489153064,8.453644486641263,12.018402975794327
2017-07-28,3.61436441825132,8.495036949412158,12.109401367663478
2017-07-31,3.5684641281593255,8.55723020915644,12.125694337315766
2017-08-01,3.7214933852469,8.232037620521382,11.953531005768282
2017-08-02,3.8323489696457997,8.282217330649164,12.114566300294964
2017-08-03,3.7312466817801173,8.635825455893812,12.36707213767393
2017-08-04,4.102893840552355,8.35684449487361,12.459738335425964
2017-08-07,4.018740815767556,8.368288229427746,12.387029045195302
2017-08-08,3.2994903190455123,9.487576481279074,12.787066800324586
2017-08-09,3.4701903315138996,9.5602062249386,13.0303965564525
2017-08-10,0.8146461884678047,14.006805818180865,14.82145200664867
2017-08-11,1.6300597632977905,13.2009471632282,14.83100692652599
2017-08-14,2.938728531107408,10.411582468235707,13.350310999343115
2017-08-15,3.1418378879414224,10.020803142408022,13.162641030349445
2017-08-16,3.3122803528808156,9.690870927091288,13.003151279972103
2017-08-17,1.3980492802216578,13.116777981339403,14.514827261561061
2017-08-18,2.1483893310397484,12.318216907359561,14.46660623839931
2017-08-21,2.6176389690871034,11.48868702368777,14.106325992774874
2017-08-22,3.564200051765596,9.70421334333961,13.268413395105206
2017-08-23,3.2835554305899777,10.527175510434043,13.81073094102402
2017-08-24,3.4102074636414557,10.504471488756854,13.91467895239831
2017-08-25,3.952908478200932,9.756325063287957,13.709233541488889
2017-08-28,3.8873438991903484,9.864478403404616,13.751822302594965
2017-08-29,3.8143026299300864,10.006660919152198,13.820963549082284
2017-08-30,4.2739798341271165,9.611322499997467,13.885302334124583
2017-08-31,4.647343009117957,8.961905712680341,13.609248721798298
2017-09-01,5.055822677231001,8.46976015740984,13.525582834640842
2017-09-04,5.055822677231001,8.46976015740984,13.525582834640842
2017-09-05,3.708947292356081,10.5451746386687,14.25412193102478
2017-09-06,4.371805906889918,9.849161097342872,14.22096700423279
2017-09-07,4.630434688968805,9.592276118982964,14.222710807951769
2017-09-08,4.108224412369747,10.564626272882306,14.672850685252053
2017-09-11,5.063656948686617,8.937185536286124,14.000842484972742
2017-09-12,4.875696553018527,8.91073639232054,13.786432945339067
2017-09-13,4.6986044776646025,8.809306476603929,13.507910954268532
2017-09-14,4.755927852861195,8.731268365152511,13.487196218013706
2017-09-15,5.014210108698256,8.324985063149834,13.33919517184809
2017-09-18,4.797134789778676,8.316963346907045,13.11409813668572
2017-09-19,4.718072372419998,8.383393112273138,13.101465484693136
2017-09-20,4.688942121751925,8.242308168520628,12.931250290272553
2017-09-21,4.858212871873169,8.14085261936378,12.99906549123695
2017-09-22,5.073396479121161,8.1550213192403,13.22841779836146
2017-09-25,4.6095416087541015,8.619813296682503,13.229354905436605
2017-09-26,4.541121769057225,8.730866414629947,13.271988183687172
2017-09-27,4.68880973771339,8.472462335826858,13.161272073540248
2017-09-28,4.8248902927185,8.19654780744604,13.02143810016454
2017-09-29,4.961655425925114,7.900402842557542,12.862058268482656
2017-10-02,4.8255417060549215,7.827287766725681,12.652829472780603
2017-10-03,4.667148648309166,7.937023849851671,12.604172498160837
2017-10-04,4.718327738236764,7.82939672836623,12.547724466602993
2017-10-05,4.763232614696983,7.553590574583493,12.316823189280475
2017-10-06,4.757568228072021,7.75647824627001,12.514046474342031
2017-10-09,4.288345380903689,8.51956292403391,12.807908304937598
2017-10-10,4.3432744233705805,8.324035764066057,12.667310187436637
2017-10-11,4.511159880114734,8.03425102272229,12.545410902837023
2017-10-12,4.422994722789529,8.171582028411253,12.594576751200782
2017-10-13,4.615077673374769,7.822876460973484,12.437954134348253
2017-10-16,4.348788349152111,8.03319163652863,12.38197998568074
2017-10-17,4.126682196833357,8.2497673719579,12.376449568791257
2017-10-18,4.13048450657346,8.158302700589175,12.288787207162635
2017-10-19,4.061089443177506,8.258080220965107,12.319169664142613
2017-10-20,4.0490230998159795,8.124914645669428,12.173937745485407
2017-10-23,3.1631849193936077,9.472116416583098,12.635301335976706
2017-10-24,3.0310978120923995,9.537386796964565,12.568484609056965
2017-10-25,2.8340257048581634,9.921167951621298,12.755193656479461
2017-10-26,2.7384560800051823,9.991585764432706,12.730041844437888
2017-10-27,3.207916117017586,9.090737073394425,12.298653190412011
2017-10-30,3.191035713841332,9.30937696149328,12.500412675334612
2017-10-31,3.4359381615965408,8.933416303776093,12.369354465372634
2017-11-01,3.544890141305709,8.915991758065822,12.46088189937153
2017-11-02,3.9129833688048326,8.641677415303272,12.554660784108105
2017-11-03,4.484130630757008,8.05317681587893,12.537307446635937
2017-11-06,4.3863252028792115,8.237935590828872,12.624260793708084
2017-11-07,4.19470750032899,8.705887067506621,12.900594567835611
2017-11-08,4.4800206857401825,8.529201854801762,13.009222540541945
2017-11-09,3.8377580562498306,9.426407143198757,13.264165199448588
2017-11-10,3.689125104091918,10.02469360354651,13.713818707638428
2017-11-13,3.7105031474592245,10.0764546710206,13.786957818479825
2017-11-14,3.836845734189197,10.1326049908186,13.969450725007796
2017-11-15,3.2274020063017677,11.23303111598778,14.460433122289547
2017-11-16,4.0253118903036675,9.890935845173066,13.916247735476734
2017-11-17,4.374930774301827,9.535536156402669,13.910466930704496
2017-11-20,4.5252003824555995,9.016496416792945,13.541696799248545
2017-11-21,4.839182600190082,8.148266491859562,12.987449092049644
2017-11-22,4.704001572364497,8.225862018360672,12.92986359072517
2017-11-23,4.704001572364497,8.225862018360672,12.92986359072517
2017-11-24,4.764351723499326,8.10466354783937,12.869015271338696
2017-11-27,4.537347508768972,8.431633021235537,12.96898053000451
2017-11-28,4.127908648129511,8.607448525910733,12.735357174040244
2017-11-29,3.96120047629565,9.196364686851503,13.157565163147153
2017-11-30,3.3941800329518816,9.63073274819734,13.024912781149222
2017-12-01,3.076144074617879,10.202958156697623,13.279102231315502
2017-12-04,2.9130103990848006,10.38644139873762,13.299451797822421
2017-12-05,3.5359229115842883,9.863068614496925,13.398991526081213
2017-12-06,3.801102591363062,9.601025164819074,13.402127756182136
2017-12-07,4.326668226385941,8.737206646573222,13.063874872959163
2017-12-08,4.804230833763227,7.953295648744928,12.757526482508155
2017-12-11,4.6060746260714645,7.970128566154992,12.576203192226457
2017-12-12,4.366261452452759,8.350860035615879,12.717121488068639
2017-12-13,4.385748632204887,8.412997013464622,12.79874564566951
2017-12-14,4.001816774263808,8.881648840948344,12.883465615212152
2017-12-15,4.96118362812094,7.639187462497183,12.600371090618124
2017-12-18,4.652177427009837,7.868629886112721,12.520807313122559
2017-12-19,4.3072940989426645,8.458504119603628,12.765798218546292
2017-12-20,4.539434378250064,8.120998732105878,12.660433110355942
2017-12-21,4.688832785453869,8.0355984354468,12.72443122090067
2017-12-22,4.569053839061526,8.31090245750444,12.879956296565966
2017-12-25,4.569053839061526,8.31090245750444,12.879956296565966
2017-12-26,4.276528630709384,8.685635368125082,12.962163998834466
2017-12-27,4.185910058344293,8.800927556840797,12.98683761518509
2017-12-28,4.538931035505991,8.48476682685389,13.023697862359882
2017-12-29,4.1201554408136865,9.103484255173054,13.22363969598674
2018-01-01,4.1201554408136865,9.103484255173054,13.22363969598674
2018-01-02,4.657499222395758,8.263175954825686,12.920675177221444
2018-01-03,4.8065516509835895,7.735919689666909,12.542471340650499
2018-01-04,4.774252865848009,7.75214299625735,12.526395862105359
2018-01-05,4.514777558107162,7.878278531134922,12.393056089242084
2018-01-08,4.382930718363894,7.940850007381665,12.323780725745559
2018-01-09,4.091069566288768,8.367519567583614,12.458589133872382
2018-01-10,4.232582119706718,8.165883374673479,12.398465494380197
2018-01-11,4.033610628479501,8.162298228902763,12.195908857382264
2018-01-12,3.611151310483592,8.589152311218662,12.200303621702254
2018-01-15,3.611151310483592,8.589152311218662,12.200303621702254
2018-01-16,2.840447097244178,10.090101837783935,12.930548935028114
2018-01-17,2.8176755026780658,9.973874973007716,12.791550475685781
2018-01-18,2.6604481973214718,10.442029961152945,13.102478158474417
2018-01-19,3.2857180290549017,9.543387601065906,12.829105630120807
2018-01-22,3.116764300578632,9.672483201405056,12.789247501983688
2018-01-23,3.033961365776179,9.84127336723452,12.875234733010698
2018-01-24,2.8911238379240327,10.283815702267345,13.174939540191378
2018-01-25,2.8277827070881525,10.454354305911451,13.282137012999604
2018-01-26,3.0643921837886214,10.029601130441005,13.093993314229627
2018-01-29,1.4148024406032675,12.7211144648638,14.135916905467068
2018-01-30,1.351330681548582,13.34871421625139,14.700044897799971
2018-01-31,1.9286418154345188,12.279924662682195,14.208566478116714
2018-02-01,1.7472624693208498,12.248261720107072,13.995524189427922
2018-02-02,0.10919880949434813,15.436862561020734,15.546061370515082
2018-02-05,-13.441596597412264,34.76602342467446,21.324426827262194
2018-02-06,-6.815873250510986,25.917448916895708,19.101575666384722
2018-02-07,-3.752161041066195,22.930389580401144,19.17822853933495
2018-02-08,-6.7833168576480745,29.29841706107607,22.515100203427995
2018-02-09,-3.726595450785549,24.802442803627933,21.075847352842384
2018-02-12,-1.0381056592294158,20.427975325409896,19.38986966618048
2018-02-13,-0.9359783205883403,20.06200574879715,19.12602742820881
2018-02-14,0.7763880509681407,16.561068922157965,17.337456973126105
2018-02-15,0.8944483895138298,16.146335908669617,17.040784298183446
2018-02-16,0.9060400098290202,16.01844552658381,16.92448553641283
2018-02-19,0.9060400098290202,16.01844552658381,16.92448553641283
2018-02-20,0.210184599522389,17.32519860757508,17.535383207097468
2018-02-21,0.27058323808778084,17.28514515660119,17.55572839468897
2018-02-22,0.975138399301569,15.806696107178103,16.781834506479672
2018-02-23,2.0978583602532233,13.556800935660643,15.654659295913866
2018-02-26,2.051260527336897,13.066016050852063,15.11727657818896
2018-02-27,0.8808423545630717,15.700721956515867,16.58156431107894
2018-02-28,0.6857478472846097,16.618839554852556,17.304587402137166
2018-03-01,-0.12099312320252764,18.6226479833411,18.501654860138572
2018-03-02,0.8551301372515283,16.721944752975503,17.57707489022703
2018-03-05,1.1436609835617464,15.92505503961286,17.068716023174606
2018-03-06,1.691232611093385,15.483658529866274,17.17489114095966
2018-03-07,1.8796818563589017,15.197548825098275,17.077230681457177
2018-03-08,2.4538076477824013,14.098361780485124,16.552169428267526
2018-03-09,3.4645856665879187,12.134961699439433,15.599547366027352
2018-03-12,2.804263829357911,13.362894562538404,16.167158391896315
2018-03-13,2.919343464957107,13.557300823290722,16.47664428824783
2018-03-14,2.397750348940086,14.651176526367909,17.048926875307995
2018-03-15,3.7596767035533336,13.033783326811877,16.79346003036521
2018-03-16,3.7737062164647455,12.637077133917678,16.410783350382424
2018-03-19,1.8920515814399348,15.472765409962177,17.36481699140211
2018-03-20,1.988295992080296,15.194532193392057,17.182828185472353
2018-03-21,1.8378274083419726,15.198509384964645,17.036336793306617
2018-03-22,-1.3211603643678203,20.036936303103325,18.715775938735504
2018-03-23,-1.8364877402836122,21.432761237199934,19.59627349691632
2018-03-26,0.11733723204602953,18.217954101595428,18.335291333641457
2018-03-27,-0.26312393918684407,19.62566048995246,19.362536550765615
2018-03-28,-0.6059552784976816,20.29062367898799,19.68466840049031
2018-03-29,0.5269861837131806,17.837527658271313,18.364513841984493
2018-03-30,0.5269861837131806,17.837527658271313,18.364513841984493
2018-04-02,-1.6917880369869387,21.549492602852983,19.857704565866044
2018-04-03,-0.493419875278132,19.358857432015785,18.865437556737653
2018-04-04,-0.2361303299768096,18.533776098550717,18.297645768573908
2018-04-05,0.5720562447712183,17.175127815228542,17.74718405999976
2018-04-06,-0.404097174355293,19.346812270208204,18.94271509585291
2018-04-09,-0.8856848099175032,19.811703964418285,18.926019154500782
2018-04-10,0.15151038612870948,18.254728774350955,18.406239160479664
2018-04-11,0.4598518965123688,17.90092536689448,18.36077726340685
2018-04-12,1.4522045219101045,16.13134216324653,17.583546685156634
2018-04-13,2.0726041778869035,14.918898186838847,16.99150236472575
2018-04-16,2.2262454675729604,14.105708569405026,16.331954036977987
2018-04-17,2.528692283308059,12.944608675319625,15.473300958627684
2018-04-18,2.61788822158376,12.800253536410718,15.418141757994478
2018-04-19,2.2532967095940784,13.498053508281451,15.75135021787553
2018-04-20,1.7415170567453604,14.53721114163975,16.27872819838511
2018-04-23,1.70543973750579,14.317221362442753,16.022661099948543
2018-04-24,0.8779002881958036,15.710476083802561,16.588376371998365
2018-04-25,0.8363304089317776,15.75689445132924,16.593224860261017
2018-04-26,1.6322676649048073,14.231267413769672,15.863535078674479
2018-04-27,2.324404232002781,13.492616239598851,15.817020471601632
2018-04-30,1.8877398153632647,14.163296669557464,16.05103648492073
2018-05-01,1.9756025207974837,13.81340579206253,15.789008312860014
2018-05-02,1.6052330124052592,14.426528636497762,16.03176164890302
2018-05-03,1.8256247272918227,14.012623276163005,15.838248003454828
2018-05-04,2.457882121126614,13.036872046428424,15.494754167555039
2018-05-07,2.314587582574772,13.25256628806232,15.567153870637092
2018-05-08,2.331155500868203,13.10929988670313,15.440455387571333
2018-05-09,3.0274409593610905,11.864150965873481,14.891591925234572
2018-05-10,2.992334228605804,11.428487792393003,14.420822020998807
2018-05-11,3.401548009968062,10.708521442877089,14.110069452845151
2018-05-14,2.8536325577690747,11.00045674472456,13.854089302493634
2018-05-15,2.0971722956688534,12.453414343027816,14.55058663869667
2018-05-16,2.7699473958185443,11.379716541517974,14.149663937336518
2018-05-17,2.679353424232234,11.396786635979442,14.076140060211676
2018-05-18,2.9652846334027814,11.356071868206316,14.321356501609097
2018-05-21,2.8305549579226668,11.01811133948956,13.848666297412226
2018-05-22,2.9696447386151377,11.068404922632642,14.03804966124778
2018-05-23,3.3029818554334067,10.512557635046477,13.815539490479884
2018-05-24,3.556518354641888,10.27403321909493,13.830551573736818
2018-05-25,3.2475111170545947,10.833621564410262,14.081132681464856
2018-05-28,3.2475111170545947,10.833621564410262,14.081132681464856
2018-05-29,1.2811416309476211,14.184497383606642,15.465639014554263
2018-05-30,2.767037562325598,12.013929222564276,14.780966784889873
2018-05-31,2.600460311680493,12.517656049226265,15.118116360906757
2018-06-01,3.295603670302137,11.083123093687536,14.378726763989674
2018-06-04,3.2392830578239984,10.84374703966092,14.083030097484919
2018-06-05,3.323512578741541,10.617043413831052,13.940555992572593
2018-06-06,3.604636204579897,9.917334760329252,13.52197096490915
2018-06-07,3.3400139651734086,10.41007633655833,13.750090301731738
2018-06-08,3.4870526873332643,10.296172737718159,13.783225425051423
2018-06-11,2.999725476268395,10.812124022213744,13.81184949848214
2018-06-12,3.467112678292999,10.396032662580453,13.863145340873452
2018-06-13,3.345077292131224,10.759534028359646,14.10461132049087
2018-06-14,4.1385782987287065,9.635934617792703,13.77451291652141
2018-06-15,4.149481875984685,9.816944190856198,13.966426066840883
2018-06-18,3.865004320775496,10.153636901987962,14.018641222763458
2018-06-19,3.4331123055874446,11.09754222129821,14.530654526885655
2018-06-20,3.620684585966016,10.629270762424277,14.249955348390293
2018-06-21,2.672140782179161,12.208088508628506,14.880229290807668
2018-06-22,3.3310914977825608,11.35231103583959,14.68340253362215
2018-06-25,1.240541232038698,14.79305476953261,16.033596001571308
2018-06-26,2.155849955531364,13.453754128209944,15.609604083741308
2018-06-27,1.1095395295504797,15.305677205672835,16.415216735223314
2018-06-28,1.8188487229282515,14.2965040158171,16.11535273874535
2018-06-29,2.493338543935023,13.160241522408613,15.653580066343636
2018-07-02,2.749230774821113,13.003854953963481,15.753085728784594
2018-07-03,2.3215737080915364,13.733762597259544,16.05533630535108
2018-07-04,2.3215737080915364,13.733762597259544,16.05533630535108
2018-07-05,2.8644552311820757,12.561575418846926,15.426030650029002
2018-07-06,3.9239041420298886,10.993215955553087,14.917120097582975
2018-07-09,3.973528442214759,10.213865473518274,14.187393915733033
2018-07-10,3.8920536840621693,10.167283940906666,14.059337624968835
2018-07-11,3.2765155790348732,11.188509724209089,14.465025303243962
2018-07-12,3.9434160987618156,10.12931002935977,14.072726128121586
2018-07-13,4.125977689094997,9.762683364216485,13.888661053311482
2018-07-16,3.657518621136962,10.373527506639366,14.031046127776328
2018-07-17,4.060186395077064,9.664978616846822,13.725165011923886
2018-07-18,4.167529580032189,9.57399508277453,13.74152466280672
2018-07-19,3.7417463080840303,10.294573224906758,14.036319532990788
2018-07-20,3.963710920790982,10.203984434474208,14.16769535526519
2018-07-23,3.896043513360091,10.08801851707286,13.98406203043295
2018-07-24,3.665898905797567,10.16277430734751,13.828673213145077
2018-07-25,3.6506847493235046,9.961293652202366,13.611978401525871
2018-07-26,3.6839453073499495,9.87137342562933,13.555318732979279
2018-07-27,3.3900881822707714,10.519317206250896,13.909405388521668
2018-07-30,2.681730677455107,11.645327839382947,14.327058516838054
2018-07-31,3.477788290534866,10.528269112814973,14.006057403349839
2018-08-01,3.217360975267205,10.863858135788313,14.081219111055518
2018-08-02,3.9672773065359905,9.823268978433417,13.790546284969407
2018-08-03,4.4727224536189425,9.083087789328358,13.5558102429473
2018-08-06,4.341089894415047,9.041804926857512,13.38289482127256
2018-08-07,4.680096285465762,8.770624005728878,13.45072029119464
2018-08-08,4.5450857670049185,8.669238782372878,13.214324549377796
2018-08-09,4.379698133475236,8.967876661334403,13.347574794809638
2018-08-10,3.35015533421355,10.640572353528114,13.990727687741664
2018-08-13,2.365088277929095,12.243231153080561,14.608319431009656
2018-08-14,3.3939404016954935,10.671411565317374,14.065351967012868
2018-08-15,2.7066264941233893,11.850713944290836,14.557340438414226
2018-08-16,3.728542324952681,10.424960632872919,14.1535029578256
2018-08-17,3.7796506110789174,10.16887329588664,13.948523906965557
2018-08-20,3.8629766475106813,10.054148958525486,13.917125606036167
2018-08-21,3.6646526435172255,10.347420106985787,14.012072750503012
2018-08-22,4.009644901364551,9.962095593171421,13.971740494535972
2018-08-23,4.025981720046035,10.017511636760567,14.043493356806602
2018-08-24,4.314993414564505,9.500939633210388,13.815933047774893
2018-08-27,4.2956210815265905,9.423234705831415,13.718855787358006
2018-08-28,4.198061713109908,9.724979772370794,13.923041485480702
2018-08-29,4.373747490750679,9.45003292354315,13.823780414293829
2018-08-30,3.8152432190663816,10.570682898294278,14.38592611736066
2018-08-31,4.185217810817935,10.04113308774682,14.226350898564755
2018-09-03,4.185217810817935,10.04113308774682,14.226350898564755
2018-09-04,3.8813149523316515,10.449499096117757,14.330814048449408
2018-09-05,3.5349013997279055,11.108833512370614,14.64373491209852
2018-09-06,3.144598643146347,11.843236753348464,14.98783539649481
2018-09-07,3.334970807974649,11.785786220195735,15.120757028170384
2018-09-10,3.7417696560647435,11.161264785664915,14.903034441729659
2018-09-11,4.19835481803538,10.252639803423369,14.450994621458749
2018-09-12,4.060139354776922,10.163917558402554,14.224056913179476
2018-09-13,4.359883381817385,9.352720941514505,13.71260432333189
2018-09-14,4.664093015589314,9.108607691521302,13.772700707110616
2018-09-17,3.1566086424351774,10.757623298125896,13.914231940561073
2018-09-18,3.717707898760141,9.991007888721366,13.708715787481507
2018-09-19,4.375251216002329,9.458328900339783,13.833580116342112
2018-09-20,4.191717139040431,9.439709613340382,13.631426752380813
2018-09-21,4.324662117077343,9.524494124243715,13.849156241321058
2018-09-24,3.8305488182695466,10.167828695187959,13.998377513457505
2018-09-25,3.7334823893866176,10.368764120037593,14.10224650942421
2018-09-26,3.541053270687753,10.70451029988366,14.245563570571413
2018-09-27,3.790854957774746,10.274163638485044,14.06501859625979
2018-09-28,3.9650652121320533,10.043031787783415,14.008096999915468
2018-10-01,3.8874630544830584,10.084112275109936,13.971575329592994
2018-10-02,3.792260676966162,10.299201075727314,14.091461752693476
2018-10-03,3.9031205874107275,10.098307965345443,14.00142855275617
2018-10-04,2.2649147627158914,12.414909362669336,14.679824125385228
2018-10-05,1.7922303577720875,13.00463576395633,14.796866121728417
2018-10-08,1.6958836016864396,13.335968969295154,15.031852570981593
2018-10-09,1.6487305711231688,13.426106741764036,15.074837312887205
2018-10-10,-2.478949455410646,20.25427135207893,17.775321896668284
2018-10-11,-3.5617394267267777,21.890212683123536,18.32847325639676
2018-10-12,-1.0563695523848509,18.53089210591646,17.47452255353161
2018-10-15,-0.9330977117787036,18.821468239952768,17.888370528174065
2018-10-16,0.9893528354985595,15.24164035765182,16.23099319315038
2018-10-17,1.1739096234518218,15.103371783772507,16.27728140722433
2018-10-18,-0.18703367265566584,17.70767874675199,17.520645074096326
2018-10-19,-0.08474350022455468,17.76481279625156,17.680069296027007
2018-10-22,-0.0031510487737556048,17.68786997923967,17.684718930465916
2018-10-23,-0.6079712841062381,18.53342206824494,17.9254507841387
2018-10-24,-3.069976907512764,22.665513239869732,19.595536332356968
2018-10-25,-2.8198809840700143,22.384622401345666,19.564741417275652
2018-10-26,-2.976150246033704,22.548824734328534,19.57267448829483
2018-10-29,-3.371726155313638,23.32085666398031,19.949130508666673
2018-10-30,-2.74115990213436,22.183073791488862,19.441913889354502
2018-10-31,-1.239621225731991,19.907516535588368,18.667895309856377
2018-11-01,-0.11241665448359583,18.194885598049332,18.082468943565736
2018-11-02,-0.16165402608714174,18.510254569226102,18.34860054313896
2018-11-05,-0.5342001517147814,18.70723495098844,18.17303479927366
2018-11-06,-0.684681343962783,18.33242011644675,17.64773877248397
2018-11-07,1.7264087392375433,14.4520666205142,16.178475359751744
2018-11-08,1.530534287876506,14.574767875631778,16.105302163508284
2018-11-09,1.5587464461374871,15.257755331714872,16.81650177785236
2018-11-12,-0.9088939812660719,18.961158393960574,18.0522644126945
2018-11-13,-0.19557442785763612,18.371973114412324,18.176398686554688
2018-11-14,-0.7032648884195929,19.621536672043856,18.918271783624263
2018-11-15,1.1998302413569562,17.13933542305289,18.339165664409848
2018-11-16,1.3359698485208682,16.456606421735305,17.792576270256173
2018-11-19,0.48729380062978933,18.271079573576817,18.758373374206606
2018-11-20,-0.16976083914522277,20.1799626176536,20.010201778508378
2018-11-21,0.6026230072810534,18.768802397887022,19.371425405168075
2018-11-22,0.6026230072810534,18.768802397887022,19.371425405168075
2018-11-23,0.05405788971001613,19.680587531535508,19.734645421245524
2018-11-26,1.065555888388623,17.42565158898344,18.49120747737206
2018-11-27,0.7011510276834692,17.64901776915928,18.35016879684275
2018-11-28,0.5002637280135751,17.248076363199054,17.74834009121263
2018-11-29,0.25973629358052364,17.64624548111955,17.905981774700074
2018-11-30,0.2197787731021137,17.34243138657692,17.562210159679033
2018-12-03,1.3432676315648493,15.33337498221195,16.6766426137768
2018-12-04,-1.1178263691284975,19.73443619426531,18.616609825136813
2018-12-05,-1.1178263691284975,19.73443619426531,18.616609825136813
2018-12-06,-1.2462426146736725,20.114366190344125,18.868123575670452
2018-12-07,-2.449235160412435,22.48730153895961,20.038066378547175
2018-12-10,-1.3277091817586602,21.0638384904137,19.73612930865504
2018-12-11,-0.5472512453537881,20.2466412239557,19.69938997860191
2018-12-12,-0.15460819973070272,19.843145090924995,19.688536891194293
2018-12-13,0.7674351920608053,18.892382485031508,19.659817677092313
2018-12-14,0.45082096965331786,19.66925183001717,20.12007279967049
2018-12-17,-1.0667980810653717,22.06254806976573,20.995749988700357
2018-12-18,-1.518724447527525,22.805754626841058,21.287030179313533
2018-12-19,-0.8366772561926297,22.247679218602386,21.411001962409756
2018-12-20,-2.783695233059195,24.848023060384964,22.06432782732577
2018-12-21,-4.217864857300686,26.868641466788844,22.650776609488158
2018-12-24,-8.30790135376185,31.95672386112661,23.64882250736476
2018-12-25,-8.30790135376185,31.95672386112661,23.64882250736476
2018-12-26,-5.761129395189407,27.659336022038556,21.89820662684915
2018-12-27,-5.616806888959349,27.77174612321438,22.154939234255032
2018-12-28,-4.228124289847447,26.08053954148794,21.852415251640494
2018-12-31,-2.250186427137187,23.177777432915676,20.92759100577849
2019-01-01,-2.250186427137187,23.177777432915676,20.92759100577849
2019-01-02,-0.5529979068503046,20.870974760496598,20.317976853646293
2019-01-03,-1.9233159153831814,23.342019415116155,21.418703499732974
2019-01-04,0.2678087954903461,19.66887773746019,19.936686532950535
2019-01-07,-0.04208134681435638,19.742078405136752,19.699997058322396
2019-01-08,0.6255469775395994,18.724827532284795,19.350374509824395
2019-01-09,0.9611163434118914,18.10535497910879,19.06647132252068
2019-01-10,1.5784066514314787,17.414428273546847,18.992834924978325
2019-01-11,2.410764072290064,16.094037931373713,18.504802003663777
2019-01-14,1.5402682520324653,16.960035945758612,18.500304197791078
2019-01-15,1.3890091390219546,16.40268621307292,17.791695352094873
2019-01-16,1.3264936648664296,16.478946242664648,17.805439907531078
2019-01-17,1.9496407255565629,15.645388262739004,17.595028988295567
2019-01-18,1.7860231988490831,15.437891774208481,17.223914973057564
2019-01-21,1.7860231988490831,15.437891774208481,17.223914973057564
2019-01-22,-0.21415371957093043,18.639474263457842,18.42532054388691
2019-01-23,0.4337745053256228,17.66479631324353,18.098570818569154
2019-01-24,1.091361901113931,16.747753183409834,17.839115084523765
2019-01-25,1.681605970204652,15.611191702209934,17.292797672414586
2019-01-28,0.6814904598164269,17.017727420875918,17.699217880692345
2019-01-29,0.4505957777206966,17.23111188628935,17.681707664010048
2019-01-30,1.296034508034717,15.699608762955203,16.99564327098992
2019-01-31,1.841939526943749,14.53929839318843,16.38123792013218
2019-02-01,2.3044363450880603,13.927389012166277,16.231825357254337
2019-02-04,2.5501164107818806,13.306229660671354,15.856346071453235
2019-02-05,2.278645701428431,13.42968996289815,15.708335664326581
2019-02-06,2.46201259194285,13.174347443096366,15.636360035039216
2019-02-07,1.7405465560071622,14.335852293356277,16.07639884936344
2019-02-08,2.2331175502003333,13.723573184131874,15.956690734332208
2019-02-11,1.7440873152068281,14.136928033098844,15.881015348305672
2019-02-12,2.0714755456856633,13.413678122615877,15.48515366830154
2019-02-13,1.9921778006734474,13.632604319944964,15.624782120618411
2019-02-14,1.8309323347457251,14.117895117716476,15.9488274524622
2019-02-15,2.949016162215333,12.798066086045838,15.74708224826117
2019-02-18,2.949016162215333,12.798066086045838,15.74708224826117
2019-02-19,2.871371138633396,12.845902930280051,15.717274068913447
2019-02-20,3.1297365464782505,12.139246330776574,15.268982877254825
2019-02-21,2.834050927480023,12.652588640942962,15.486639568422985
2019-02-22,3.3985042832063908,11.636262761149439,15.03476704435583
2019-02-25,2.7111554178482393,12.569924112163692,15.281079530011931
2019-02-26,2.5926342657408483,12.936317338489811,15.52895160423066
2019-02-27,2.924699325840077,12.38837886331709,15.313078189157167
2019-02-28,2.9163812971169296,12.455666506719105,15.372047803836034
2019-03-01,3.682832075548413,11.290764069677103,14.973596145225516
2019-03-04,2.8846652441659053,12.525683521467329,15.410348765633234
2019-03-05,2.943807818381176,12.490754626934386,15.434562445315562
2019-03-06,2.2919016804226366,13.670630270166646,15.962531950589282
2019-03-07,1.4376860889684568,14.476609370294078,15.914295459262535
2019-03-08,2.237003537871237,13.651847848023191,15.888851385894428
2019-03-11,3.025785500059744,12.412421002338409,15.438206502398153
2019-03-12,3.368610850961332,11.791041076803065,15.159651927764397
2019-03-13,3.5943882164300636,11.257526111042688,14.851914327472752
2019-03-14,3.6249816555021077,11.24999484090082,14.874976496402928
2019-03-15,3.5593068663517595,11.067557033329354,14.626863899681114
2019-03-18,3.342058583150079,11.430158047216358,14.772216630366437
2019-03-19,2.989669260735651,12.019465859788392,15.009135120524043
2019-03-20,2.8471777554150695,12.368020284931795,15.215198040346865
2019-03-21,2.768282141481764,12.13581822389679,14.904100365378554
2019-03-22,1.2285045751160837,15.001643213656138,16.23014778877222
2019-03-25,1.0206679855153755,14.85149548885098,15.872163474366355
2019-03-26,2.504445463907416,13.278223899817391,15.782669363724807
2019-03-27,2.2363598130044284,13.80285398384583,16.03921379685026
2019-03-28,2.84307022600424,12.88888578766585,15.73195601367009
2019-03-29,3.2746681156428465,12.092306661147976,15.366974776790823
2019-04-01,3.44598419282857,11.528056490188888,14.974040683017458
2019-04-02,3.6900328680947876,11.355355837546135,15.045388705640923
2019-04-03,3.2795470266659397,11.685253861263316,14.964800887929256
2019-04-04,3.5597300157332565,11.386837281748427,14.946567297481684
2019-04-05,4.066437554992476,10.56555964141465,14.631997196407125
2019-04-08,3.7367863843400126,10.967081818601796,14.703868202941809
2019-04-09,3.7364287765313104,10.96750868549749,14.7039374620288
2019-04-10,3.7358892706835025,10.968148039705444,14.704037310388946
2019-04-11,3.7359794461440856,10.968041559507395,14.70402100565148
2019-04-12,3.736563072858825,10.967348669550104,14.703911742408929
2019-04-15,3.7382630884251427,10.61527828272972,14.353541371154863
2019-04-16,3.7385628355755856,10.614902834644722,14.353465670220308
2019-04-17,3.4715149914244225,11.048525577336047,14.52004056876047
2019-04-18,3.823343383948229,10.575036096440883,14.398379480389112
2019-04-19,3.823343383948229,10.575036096440883,14.398379480389112
2019-04-22,3.784625594303378,10.761243899460224,14.545869493763602
2019-04-23,3.6903946848604097,10.632059184206478,14.322453869066887
2019-04-24,3.122614908896283,11.518305612610076,14.64092052150636
2019-04-25,3.302928137970211,11.465081717864702,14.768009855834913
2019-04-26,3.574108862131549,10.950471365206898,14.524580227338447
2019-04-29,3.3441692494469013,11.35709691694308,14.701266166389981
2019-04-30,3.248754421279523,11.433442077252003,14.682196498531527
2019-05-01,2.329793861681795,13.015450903239397,15.345244764921192
2019-05-02,2.6465972751581877,12.622557181907435,15.269154457065623
2019-05-03,3.7035791632012707,10.97413857365462,14.677717736855891
2019-05-06,1.7490359088496774,13.648533593672834,15.397569502522511
2019-05-07,-1.5247564326814995,18.011630037427693,16.486873604746194
2019-05-08,-1.5120141911049636,18.33510951022235,16.823095319117385
2019-05-09,-2.2248739022027095,18.506690022500546,16.281816120297837
2019-05-10,0.9018164664655828,14.861420560522134,15.763237026987717
2019-05-13,-2.392049977809368,19.58819620231449,17.19614622450512
2019-05-14,-0.394753993777595,16.66897461226713,16.274220618489537
2019-05-15,0.8096043933409636,14.931919714646066,15.74152410798703
2019-05-16,2.2555635449915776,13.366771021146926,15.622334566138504
2019-05-17,1.5179512530795183,14.36865981367535,15.886611066754869
2019-05-20,0.7883886254320451,14.993382682311235,15.78177130774328
2019-05-21,1.898905470930087,13.681339125490094,15.580244596420181
2019-05-22,2.0495799124320726,13.547760771929369,15.597340684361441
2019-05-23,0.6387817102108553,15.524059576275631,16.162841286486486
2019-05-24,1.3547723716362956,14.496733388422811,15.851505760059107
2019-05-27,1.3547723716362956,14.496733388422811,15.851505760059107
2019-05-28,0.4699961273922657,15.96503824788297,16.435034375275237
2019-05-29,0.5356603688697525,16.241368433856294,16.777028802726047
2019-05-30,1.1216220097179193,15.49529869713488,16.6169207068528
2019-05-31,0.3626838307661906,16.894996560514524,17.257680391280715
2019-06-03,0.2707163197550315,16.896972897513443,17.167689217268475
2019-06-04,1.061034655517652,15.199945356838402,16.260980012356054
2019-06-05,1.6700826719400101,14.277459733120606,15.947542405060616
2019-06-06,1.6311830376039698,14.117551350259358,15.748734387863328
2019-06-07,1.4852840396102511,14.412370404528463,15.897654444138714
2019-06-10,1.3791333045557863,14.284321548467274,15.66345485302306
2019-06-11,1.4538716442787152,14.42834464268065,15.882216286959364
2019-06-12,1.629001220310446,14.26676705855284,15.895768278863287
2019-06-13,1.5774769420515913,14.15982514588644,15.737302087938032
2019-06-14,1.9951589523388549,13.591460476766489,15.586619429105344
2019-06-17,1.5861928991535006,14.001841331454132,15.588034230607633
2019-06-18,1.630844577671315,13.827458230901634,15.458302808572949
2019-06-19,2.186218831863293,12.984207883399417,15.17042671526271
2019-06-20,1.8703748244389438,13.09787074179587,14.968245566234813
2019-06-21,1.6545679090655039,13.77004525645337,15.424613165518874
2019-06-24,1.6154520600101065,13.677409788506775,15.292861848516882
2019-06-25,1.1356754089979635,14.701885484977828,15.837560893975791
2019-06-26,1.2064539901786464,14.65231555027662,15.858769540455267
2019-06-27,1.3978660501263196,14.173223677688545,15.571089727814865
2019-06-28,1.5873624501662764,13.453564836721535,15.040927286887811
2019-07-01,2.5550239445667184,11.917170419339794,14.472194363906512
2019-07-02,3.753363501999429,10.628227441757256,14.381590943756684
2019-07-03,3.9372327355931276,10.23982743341594,14.177060169009067
2019-07-04,3.9372327355931276,10.23982743341594,14.177060169009067
2019-07-05,3.743027735140002,10.65891171309808,14.401939448238082
2019-07-08,3.2605415751670073,11.557813688423279,14.818355263590286
2019-07-09,3.1775297686131303,11.754061907625621,14.931591676238751
2019-07-10,3.7275301284924556,10.983082102569263,14.710612231061718
2019-07-11,3.7709894538068554,10.823207372355984,14.59419682616284
2019-07-12,4.063483979111464,10.47831875691352,14.541802736024984
2019-07-15,3.8010836874117313,10.906719915418538,14.70780360283027
2019-07-16,3.6492374446752844,11.213431990791523,14.862669435466808
2019-07-17,2.6054653002680492,12.39461955546292,15.00008485573097
2019-07-18,2.80912883161143,11.93943891383259,14.748567745444019
2019-07-19,2.4209053865847157,12.6699481353242,15.090853521908915
2019-07-22,2.8790723699245273,11.864643824867168,14.743716194791695
2019-07-23,3.25482368381633,11.097438702818687,14.352262386635017
2019-07-24,3.4846653789051647,10.632447658370832,14.117113037275997
2019-07-25,3.125605194082569,11.30655455985139,14.43215975393396
2019-07-26,3.7737159751525784,10.720975688212002,14.49469166336458
2019-07-29,3.1118448372937912,11.20940345162461,14.321248288918401
2019-07-30,2.260288673922009,12.489947766759263,14.750236440681272
2019-07-31,0.9769870909585414,14.68866132820707,15.665648419165612
2019-08-01,-0.10183125222907918,16.50421575471325,16.40238450248417
2019-08-02,0.3978783209213024,15.981668091863208,16.37954641278451
2019-08-05,-5.0023428138214605,24.08145508086638,19.07911226704492
2019-08-06,-1.632375833609121,19.28256289958701,17.65018706597789
2019-08-07,-1.2850938967053054,18.845220200536307,17.560126303831
2019-08-08,0.5902157978033493,15.728888071442046,16.319103869245396
2019-08-09,0.2235825290846023,16.641728264783836,16.86531079386844
2019-08-12,-2.0481100135741137,20.2225586657402,18.174448652166085
2019-08-13,0.5349521153466945,16.40049809114619,16.935450206492884
2019-08-14,-2.7160753390381807,21.69902416632376,18.98294882728558
2019-08-15,-1.0378730190036833,19.881137257504264,18.84326423850058
2019-08-16,0.7898933797587269,17.083616118219858,17.873509497978585
2019-08-19,1.5173091885374355,15.530825579816977,17.048134768354412
2019-08-20,1.302228967838186,16.165463222203417,17.467692190041603
2019-08-21,2.116027482919405,14.559414516390321,16.675441999309726
2019-08-22,1.6655543437111753,15.438882872138137,17.104437215849313
2019-08-23,0.26233960681132373,18.403408056076834,18.66574766288816
2019-08-26,0.3349729567114892,17.907681499882003,18.242654456593492
2019-08-27,-0.004228779352406065,18.835935738053138,18.83170695870073
2019-08-28,0.6148136066395828,17.796414290450137,18.41122789708972
2019-08-29,1.2691455961674656,16.42280668213761,17.691952278305077
2019-08-30,0.7377078285362977,17.337139951431897,18.074847779968195
2019-09-02,0.7377078285362977,17.337139951431897,18.074847779968195
2019-09-03,0.48706681163188037,18.110375553302937,18.597442364934818
2019-09-04,1.8271550004412784,15.845037123068808,17.672192123510087
2019-09-05,2.4344334688737934,14.679067467139875,17.11350093601367
2019-09-06,3.4618651931651794,13.288053713343787,16.749918906508967
2019-09-09,3.0842810951693895,13.72897410314553,16.81325519831492
2019-09-10,3.0835542537091563,13.645905802880332,16.729460056589488
2019-09-11,3.398408272012741,13.061045792204126,16.459454064216867
2019-09-12,3.4660353042745253,12.812564118261319,16.278599422535844
2019-09-13,3.8207510342955047,12.433995814387732,16.254746848683236
2019-09-16,3.2073306823333816,13.404298502782193,16.611629185115575
2019-09-17,3.5507553209786114,13.1963205877031,16.747075908681712
2019-09-18,3.8171376084049804,12.673856033961634,16.490993642366615
2019-09-19,3.7471431879206865,12.702713712740332,16.44985690066102
2019-09-20,3.1191708061387082,14.03800347071688,17.15717427685559
2019-09-23,3.3650472341356554,13.53491039243925,16.899957626574906
2019-09-24,2.1314616295915148,15.463363235605021,17.594824865196536
2019-09-25,2.7624151658746285,14.49601246358663,17.25842762946126
2019-09-26,2.728659763698708,14.60263317194596,17.33129293564467
2019-09-27,2.0425795075184734,15.717702011753198,17.760281519271672
2019-09-30,2.4404653054727223,14.725600240231001,17.166065545703724
2019-10-01,0.9553189258490278,17.205309894832336,18.160628820681364
2019-10-02,-0.0722627397931852,19.27771227694122,19.205449537148034
2019-10-03,0.8024190506272966,17.806434807850255,18.608853858477552
2019-10-04,1.9018406057801798,15.802304204336654,17.704144810116833
2019-10-07,0.9384043145536332,16.904294617299243,17.842698931852876
2019-10-08,0.15595699863221313,18.867456242571887,19.0234132412041
2019-10-09,1.2190747692434165,17.182963462331173,18.40203823157459
2019-10-10,1.5666068988062847,16.342726922263452,17.909333821069737
2019-10-11,2.816787081767279,14.282896978538956,17.099684060306235
2019-10-14,3.379443723969599,13.370881786366143,16.750325510335742
2019-10-15,3.936443623917727,12.316748403893468,16.253192027811195
2019-10-16,3.784808805323223,12.513170815542246,16.29797962086547
2019-10-17,3.7625492773708267,12.434481236258158,16.197030513628984
2019-10-18,3.5836053114756723,12.817278399562237,16.40088371103791
2019-10-21,3.7611288608293805,12.360099879377955,16.121228740207336
2019-10-22,3.5917042372955006,12.733346313174069,16.32505055046957
2019-10-23,3.84213127300921,12.275352060436164,16.117483333445374
2019-10-24,4.043052713913095,12.046095768783445,16.08914848269654
2019-10-25,4.6687596825898545,11.077061947284996,15.74582162987485
2019-10-28,4.208169574706886,11.668790340421802,15.876959915128689
2019-10-29,4.321708888338035,11.749398566325189,16.071107454663224
2019-10-30,4.67650239733724,11.057046316181616,15.733548713518855
2019-10-31,4.279214242739533,11.748471939810221,16.027686182549754
2019-11-01,4.879243532628914,10.744122405146271,15.623365937775185
2019-11-04,4.506519065720109,11.174301286486703,15.680820352206812
2019-11-05,4.492137838675005,11.461199343979821,15.953337182654826
2019-11-06,5.120966337185331,10.855448444129836,15.976414781315167
2019-11-07,4.968513887266141,10.983601843947257,15.952115731213398
2019-11-08,5.386359914562032,10.4316633239228,15.818023238484832
2019-11-11,4.630110106321354,11.247221382707359,15.877331489028712
2019-11-12,4.646774104554481,11.156932905687828,15.80370701024231
2019-11-13,4.539737099179671,11.328084714741596,15.867821813921267
2019-11-14,3.9236251119939727,11.91132837971011,15.834953491704082
2019-11-15,4.453260966654151,10.99905359731887,15.45231456397302
2019-11-18,4.238505209947997,11.251892653421846,15.490397863369843
2019-11-19,4.154173532664915,11.642140447003543,15.796313979668458
2019-11-20,4.298526711159141,11.687884949212188,15.98641166037133
2019-11-21,4.20421457697031,12.062649069218706,16.266863646189016
2019-11-22,4.667081874166943,11.288962354234238,15.956044228401181
2019-11-25,4.753600304767529,10.801003208630146,15.554603513397675
2019-11-26,4.877971880853719,10.478401823478086,15.356373704331805
2019-11-27,4.730716017201512,10.682475988323155,15.413192005524667
2019-11-28,4.730716017201512,10.682475988323155,15.413192005524667
2019-11-29,4.035121130047653,11.734057841364862,15.769178971412515
2019-12-02,2.4435649252695715,14.140112285008735,16.583677210278307
2019-12-03,1.8434502828171588,15.289571770426342,17.1330220532435
2019-12-04,2.461811011516641,14.161371334309166,16.623182345825807
2019-12-05,2.7273751679624816,13.786318265335645,16.513693433298126
2019-12-06,3.423703169408272,12.617344774790842,16.041047944199114
2019-12-09,2.1334834975578243,14.53339596891277,16.666879466470593
2019-12-10,2.4350770402940665,14.186047552507967,16.621124592802033
2019-12-11,2.8484357584376827,13.581852977327591,16.430288735765274
2019-12-12,3.1976393151310543,12.637475847772746,15.8351151629038
2019-12-13,4.285035792759041,11.016669788558826,15.301705581317867
2019-12-16,4.58589680684007,10.391085402039574,14.976982208879644
2019-12-17,4.55278963098945,10.63264028589404,15.18542991688349
2019-12-18,4.378726456303365,10.819502882359892,15.198229338663257
2019-12-19,4.4884676751154196,10.624949736468157,15.113417411583576
2019-12-20,4.452688311839459,10.700124808739396,15.152813120578855
2019-12-23,4.307443370937957,10.977786885290776,15.285230256228733
2019-12-24,4.185536094107718,11.0668051046153,15.252341198723018
2019-12-25,4.185536094107718,11.0668051046153,15.252341198723018
2019-12-26,4.199293033771113,10.941225501288367,15.14051853505948
2019-12-27,3.73854228966308,11.697325355534302,15.435867645197382
2019-12-30,2.767311357206653,13.131102766453898,15.898414123660551
2019-12-31,3.3229900707792837,12.039320323180368,15.362310393959651
2020-01-01,3.3229900707792837,12.039320323180368,15.362310393959651
2020-01-02,4.1117494346645,10.736503614345144,14.848253049009644
2020-01-03,3.0814794793423435,12.390522800168089,15.472002279510432
2020-01-06,3.3130057060775755,12.07921480415997,15.392220510237545
2020-01-07,3.2715933551998617,12.093859486664929,15.36545284186479
2020-01-08,3.309744968844873,11.630070121791421,14.939815090636294
2020-01-09,3.8531598451222155,10.776185486609915,14.62934533173213
2020-01-10,3.7981556100657716,10.834882925680091,14.633038535745863
2020-01-13,3.6529811276760746,10.702449759721047,14.355430887397121
2020-01-14,3.4866489855605938,10.861338140427272,14.347987125987865
2020-01-15,3.5782961970433576,10.698801749023389,14.277097946066746
2020-01-16,3.45912161141543,10.659938275744963,14.119059887160393
2020-01-17,3.5313608675876917,10.553930824987363,14.085291692575055
2020-01-20,3.5313608675876917,10.553930824987363,14.085291692575055
2020-01-21,2.8331317843666515,11.56769949140129,14.400831275767942
2020-01-22,2.85771227693105,11.673947941993095,14.531660218924145
2020-01-23,2.823367393107194,11.718072883510896,14.54144027661809
2020-01-24,1.8183217763430104,13.374354335785574,15.192676112128584
2020-01-27,-0.21043398514182599,16.706160736115642,16.495726750973816
2020-01-28,0.7663920280557761,14.95937325532183,15.725765283377607
2020-01-29,0.706111212239696,15.024252171596478,15.730363383836174
2020-01-30,1.3330821639837094,13.968465567914452,15.301547731898161
2020-01-31,-0.306841478193725,16.816755282123925,16.5099138039302
2020-02-03,0.12278496228898561,16.09822134806096,16.221006310349946
2020-02-04,1.2562454626048947,13.957536679439727,15.213782142044622
2020-02-05,1.8888058726143306,12.929729658192478,14.818535530806809
2020-02-06,2.142495782081957,12.557702434104057,14.700198216186013
2020-02-07,1.8365600386037766,13.266054346272618,15.102614384876395
2020-02-10,2.0041773696943483,12.879870113475908,14.884047483170256
2020-02-11,1.9239478764872082,13.032179911755254,14.956127788242462
2020-02-12,2.9056356962459358,11.638426504469832,14.544062200715768
2020-02-13,2.576632753212902,12.17228876927672,14.748921522489622
2020-02-14,2.440861400055711,12.173779041414587,14.614640441470298
2020-02-17,2.440861400055711,12.173779041414587,14.614640441470298
2020-02-18,1.933802941477623,13.079363548992761,15.013166490470384
2020-02-19,2.2940410527038377,12.581540908205625,14.875581960909463
2020-02-20,1.598937060250904,13.7228954722464,15.321832532497304
2020-02-21,0.7626626880489251,15.228723936921899,15.991386624970824
2020-02-24,-4.190354588475024,22.75541101047975,18.565056422004726
2020-02-25,-5.236954233060825,25.084102468952825,19.847148235892
2020-02-26,-5.075142350197993,24.958336177047613,19.88319382684962
2020-02-27,-12.81010659767232,36.531446505746544,23.721339908074224
2020-02-28,-14.319878145022575,38.42624363628121,24.106365491258632
2020-03-02,-8.986656806271899,31.855142798530412,22.868485992258513
2020-03-03,-11.266601354008891,35.7448116381576,24.47821028414871
2020-03-04,-6.677521124375005,29.694020039823897,23.016498915448892
2020-03-05,-10.699497575124603,37.56517735082112,26.86567977569652
2020-03-06,-10.377340328868122,39.67549719088891,29.29815686202079
2020-03-09,-17.16519480647353,51.84976421930158,34.684569412828054
2020-03-10,-12.698674593180918,45.098885163661144,32.400210570480226
2020-03-11,-15.398887978668213,51.37861343536012,35.97972545669191
2020-03-12,-28.578542303944523,73.5335334015958,44.95499109765128
2020-03-13,-16.147247490957888,54.65075327295491,38.50350578199702
2020-03-16,-27.582570959727782,79.03758756454513,51.45501660481735
2020-03-17,-20.88165036066431,70.80348072452509,49.92183036386078
2020-03-18,-17.44379802473243,72.31890575457187,54.87510772983944
2020-03-19,-16.609241807351708,66.99490511727329,50.38566330992158
2020-03-20,-13.889706053008162,60.75443234586208,46.864726292853916
2020-03-23,-15.624218828799165,56.30435585111766,40.6801370223185
2020-03-24,-20.954489011111825,56.97402936029028,36.019540349178456
2020-03-25,-20.987616555602244,59.88654417314593,38.898927617543684
2020-03-26,-21.174483915885588,57.11123007730382,35.936746161418235
2020-03-27,-21.314897065155492,60.59273659849117,39.27783953333568
2020-03-30,-15.004244689225807,52.32664317362815,37.32239848440234
2020-03-31,-12.023283111378312,48.92033090443334,36.89704779305503
2020-04-01,-12.97143659154893,52.977896334100784,40.006459742551854
2020-04-02,-9.339053372108971,46.88907621571854,37.55002284360957
2020-04-03,-6.961617786635188,43.21939298988956,36.257775203254376
2020-04-06,-7.024239954246134,41.54069959445409,34.516459640207955
2020-04-07,-7.6445767493624786,42.85717648027127,35.21259973090879
2020-04-08,-5.270169013965003,39.57544756887768,34.305278554912675
2020-04-09,-4.280010529446201,37.86198702942742,33.58197649998122
2020-04-10,-4.280010529446201,37.86198702942742,33.58197649998122
2020-04-13,-4.657731704626961,38.0605710118938,33.40283930726684
2020-04-14,-3.0211572937627977,34.660409893776425,31.639252600013627
2020-04-15,-3.925282241744277,37.53325279202937,33.607970550285096
2020-04-16,-3.2633425394092583,36.97653262962347,33.71319009021421
2020-04-17,-2.251794763898644,34.7146004696474,32.46280570574876
2020-04-20,-4.992690318101296,39.86123005683264,34.86853973873134
2020-04-21,-4.510739036197037,41.339540556125314,36.82880151992828
2020-04-22,-2.6348171661254725,38.11755131277004,35.48273414664457
2020-04-23,-1.8519350613298187,37.49509977450973,35.643164713179914
2020-04-24,1.3367024017802933,32.31005884184472,33.646761243625015
2020-04-27,1.498964122798153,30.331755631597606,31.83071975439576
2020-04-28,0.9655983584303769,30.638793694897696,31.604392053328073
2020-04-29,1.7131939014102038,28.27353965470459,29.986733556114793
2020-04-30,0.019623057757854667,31.25273440687113,31.272357464628985
2020-05-01,-0.6241761301136677,33.912093484312784,33.28791735419912
2020-05-04,0.2748862274566477,32.533452745769424,32.80833897322607
2020-05-05,1.124954824550386,30.698361883168822,31.823316707719208
2020-05-06,0.8540633557074031,31.27376188438042,32.12782524008782
2020-05-07,2.7042504147097013,28.30180658280349,31.00605699751319
2020-05-08,4.617148246744904,24.674991853432118,29.292140100177022
2020-05-11,3.9458525686360524,24.60428702053549,28.550139589171543
2020-05-12,0.8857188730005063,30.127142365246364,31.01286123824687
2020-05-13,0.8014828359638884,31.785344929797837,32.586827765761726
2020-05-14,1.5472354545705613,29.787371226612485,31.334606681183047
2020-05-15,2.002073771591512,29.302640655183925,31.304714426775437
2020-05-18,2.5267495885989284,26.606490795137606,29.133240383736535
2020-05-19,1.7659258455138804,27.885621003576567,29.651546849090447
2020-05-20,2.994063896529486,25.492623810859683,28.48668770738917
2020-05-21,2.7137935262436486,26.872641405189878,29.586434931433526
2020-05-22,3.734759866129913,25.41167471545372,29.146434581583634
2020-05-25,3.734759866129913,25.41167471545372,29.146434581583634
2020-05-26,3.3587134555262423,24.932176703740666,28.290890159266908
2020-05-27,3.046026257479042,24.518473127686878,27.56449938516592
2020-05-28,2.7066684673328183,25.336595915001492,28.04326438233431
2020-05-29,3.0900955577438403,24.407891950652076,27.497987508395916
2020-06-01,2.6964762161246405,25.216160612162735,27.912636828287376
2020-06-02,3.5097852298404995,23.7671623542764,27.2769475841169
2020-06-03,4.190469665257606,22.57864356241381,26.769113227671415
2020-06-04,3.965881245333641,22.71920251468542,26.68508376001906
2020-06-05,3.968733787391013,21.39578953541589,25.364523322806903
2020-06-08,2.7503974216748226,22.887849151526467,25.63824657320129
2020-06-09,2.1495314182665624,24.75029259218335,26.899824010449912
2020-06-10,2.186600590127913,24.7921646097966,26.978765199924513
2020-06-11,-2.7768999570464388,36.49258745981812,33.71568750277168
2020-06-12,-0.5906108656320548,32.14329617231761,31.552685306685557
2020-06-15,-0.05672423369441759,30.74998286699513,30.69325863330071
2020-06-16,0.24714146369464984,30.166905315269705,30.414046778964355
2020-06-17,1.031998607609097,29.75678074098373,30.788779348592826
2020-06-18,1.459246179261953,29.33735396811119,30.796600147373145
2020-06-19,0.9000819615096809,30.958348627396564,31.858430588906245
2020-06-22,2.1305222925492764,27.70889934762591,29.839421640175186
2020-06-23,1.7588265113922574,27.698722471407923,29.45754898280018
2020-06-24,0.84833636673266,29.869446285274464,30.717782652007124
2020-06-25,1.4429522933695118,28.21369445807888,29.656646751448392
2020-06-26,0.5484894488007903,30.348601607506172,30.897091056306962
2020-06-29,1.7924141757313308,27.64317373753304,29.43558791326437
2020-06-30,2.231608132728436,26.211398619263814,28.44300675199225
2020-07-01,3.4742704748139523,24.520407677418692,27.994678152232645
2020-07-02,4.130925398745195,23.244860430842856,27.37578582958805
2020-07-03,4.130925398745195,23.244860430842856,27.37578582958805
2020-07-06,3.2810878566525403,24.06439158300565,27.34547943965819
2020-07-07,2.5800345253140513,25.571180720243543,28.151215245557594
2020-07-08,3.896751210487995,23.722070775087463,27.618821985575458
2020-07-09,3.3651141226601347,24.871263363174634,28.23637748583477
2020-07-10,4.910569566843719,22.762332735288705,27.672902302132425
2020-07-13,1.9573537198144173,27.780783840437923,29.73813756025234
2020-07-14,2.6349033815301333,25.73906602865687,28.373969410187005
2020-07-15,4.029280510282472,23.827405505557937,27.85668601584041
2020-07-16,3.464561580196733,24.42447968959824,27.889041269794973
2020-07-17,4.6968179044522,22.461997538048333,27.158815442500533
2020-07-20,4.6269432171870335,21.404712486845064,26.031655704032097
2020-07-21,4.282211098902454,21.936268820240425,26.21847991914288
2020-07-22,4.7019405846528315,21.19716787677302,25.89910846142585
2020-07-23,3.8805844758543806,22.819466092008152,26.700050567862533
2020-07-24,4.442209362509093,22.63990666355737,27.082116026066462
2020-07-27,5.067297802770575,21.49259377323603,26.559891576006606
2020-07-28,4.683920749481324,22.115229247164507,26.79914999664583
2020-07-29,5.534483676030607,20.762520730922677,26.297004406953285
2020-07-30,5.264039933098445,21.476369367171777,26.740409300270223
2020-07-31,5.595541160078874,20.94382492508483,26.539366085163703
2020-08-03,5.49626109666994,20.895135666421545,26.391396763091485
2020-08-04,5.618266463521238,20.320748696382168,25.939015159903406
2020-08-05,6.132414953571772,19.5789783419317,25.71139329550347
2020-08-06,6.330120472589051,19.197649602127743,25.527770074716795
2020-08-07,6.598215233423538,19.02222871956276,25.6204439529863
2020-08-10,6.354451758981654,19.175419155656066,25.52987091463772
2020-08-11,5.092002069865849,21.209277224842392,26.30127929470824
2020-08-12,6.29598699150905,19.31480854476163,25.61079553627068
2020-08-13,6.510514842837328,19.18323582921998,25.69375067205731
2020-08-14,6.857493569238354,19.081686886169287,25.93918045540764
2020-08-17,6.5802374216435595,18.61456544525896,25.19480286690252
2020-08-18,6.1474686276898325,18.901903460901394,25.049372088591227
2020-08-19,5.808153780833532,19.729403791182662,25.537557572016194
2020-08-20,5.798040427956575,19.61309294222842,25.411133370184995
2020-08-21,6.1584780558282795,19.26265423540706,25.421132291235338
2020-08-24,6.193584053254117,19.05229786825579,25.245881921509906
2020-08-25,6.370917542309378,18.695559335038396,25.066476877347775
2020-08-26,5.654989993948515,19.82615495226955,25.481144946218066
2020-08-27,5.438368030043748,20.53887217722032,25.977240207264067
2020-08-28,6.586539820215208,19.17327290310833,25.759812723323538
2020-08-31,5.146151778078757,22.029097922785017,27.175249700863773
2020-09-01,5.721299883094783,21.58464647373139,27.305946356826173
2020-09-02,6.379653760585992,21.836514672392635,28.216168432978627
2020-09-03,1.9642396845101402,28.120737791786553,30.084977476296693
2020-09-04,1.9915188282559733,26.854754060528208,28.84627288878418
2020-09-07,1.9915188282559733,26.854754060528208,28.84627288878418
2020-09-08,0.488479415008225,27.938735509641276,28.4272149246495
2020-09-09,1.8990171723196845,25.376233272898574,27.27525044521826
2020-09-10,1.4558549291889094,26.433918885932318,27.889773815121227
2020-09-11,3.0869970832067075,23.98922267060754,27.076219753814247
2020-09-14,3.468844842086341,23.09906934198223,26.56791418406857
2020-09-15,3.814675431683188,22.695209955489698,26.509885387172886
2020-09-16,3.8854846022979572,22.9137371980885,26.79922180038646
2020-09-17,3.8750874182372144,23.188872066578476,27.06395948481569
2020-09-18,4.366618738017465,22.664677516229514,27.03129625424698
2020-09-21,2.9202375246618146,24.753650394149098,27.673887918810912
2020-09-22,3.8327518312561075,23.9964392212522,27.829191052508307
2020-09-23,3.0467829616916795,25.66193411610404,28.70871707779572
2020-09-24,3.093681938494946,25.52106678110846,28.614748719603405
2020-09-25,4.061139194991007,23.83598848972155,27.897127684712558
2020-09-28,3.4102569102643656,24.105258217272024,27.51551512753639
2020-09-29,2.7480178952628513,24.510168063893904,27.258185959156755
2020-09-30,2.677339421411805,24.910344529863476,27.58768395127528
2020-10-01,2.821143791471357,24.985297269992735,27.806441061464092
2020-10-02,3.006134690786073,25.32271352217517,28.328848212961244
2020-10-05,3.0875086251307486,24.399413267158504,27.486921892289253
2020-10-06,2.407881671548875,25.479660220886906,27.88754189243578
2020-10-07,3.460862878155865,23.49267702555809,26.953539903713956
2020-10-08,4.322862873558062,21.752170555349732,26.075033428907794
2020-10-09,4.390041041431214,20.72761807440392,25.117659115835135
2020-10-12,3.2538771687547587,21.469345068132878,24.723222236887636
2020-10-13,2.6135280802939427,22.32756073500539,24.941088815299334
2020-10-14,2.252516374260839,22.653691585918565,24.906207960179405
2020-10-15,0.8073664546264929,24.29450234986242,25.101868804488912
2020-10-16,0.7403359752340783,24.761583976742642,25.50191995197672
2020-10-19,0.0152057682709561,26.439764347081923,26.45497011535288
2020-10-20,-0.3590764066612131,26.65988717297009,26.300810766308878
2020-10-21,-0.35058005997834485,26.09602027940967,25.745440219431327
2020-10-22,-0.2652855143499231,25.785634166057154,25.52034865170723
2020-10-23,-0.014611224914897747,25.242889859688113,25.228278634773215
2020-10-26,-2.9448166696305407,29.84870672344463,26.903890053814088
2020-10-27,-3.526551263053257,30.664498482831448,27.13794721977819
2020-10-28,-6.727820867284194,36.976590753505015,30.24876988622082
2020-10-29,-5.461278145656355,34.63052278879948,29.169244643143127
2020-10-30,-5.64496053829977,35.009146870032275,29.364186331732505
2020-11-02,-5.508231937875404,33.81285364364558,28.304621705770177
2020-11-03,-5.1859828390484,32.42163561624869,27.235652777200293
2020-11-04,-1.6390266109339606,26.98254293071175,25.34351631977779
2020-11-05,-0.18060676296249767,25.203213105880828,25.02260634291833
2020-11-06,1.4898939263082482,22.74529594761914,24.23518987392739
2020-11-09,0.26958288512311057,23.396639879369392,23.666222764492503
2020-11-10,1.1814730660960286,22.368646431471113,23.55011949756714
2020-11-11,2.1855626826404126,20.806362436186866,22.99192511882728
2020-11-12,1.4619249644196053,22.4614055168336,23.923330481253206
2020-11-13,2.6205024184667707,20.51162080563819,23.132123224104962
2020-11-16,2.9030048033586766,20.046043273100754,22.94904807645943
2020-11-17,2.6181363427991826,20.405492811018732,23.023629153817915
2020-11-18,2.4172328870724797,21.241222983359794,23.658455870432274
2020-11-19,2.8453436719078518,20.530428977743533,23.375772649651385
2020-11-20,2.4883645173262643,21.17310223373821,23.661466751064474
2020-11-23,2.816960802465701,20.31863112182586,23.13559192429156
2020-11-24,3.3053022642607885,19.36510350755669,22.670405771817478
2020-11-25,3.3940363328188177,19.026619308527675,22.420655641346492
2020-11-26,3.3940363328188177,19.026619308527675,22.420655641346492
2020-11-27,3.333960696455776,19.087688123868826,22.421648820324602
2020-11-30,3.0598835040085213,19.212383280458774,22.272266784467295
2020-12-01,2.991651328630269,19.441110572039698,22.432761900669966
2020-12-02,2.962293830174552,19.46687522413365,22.4291690543082
2020-12-03,3.1099406806784486,19.31380000253111,22.42374068320956
2020-12-04,3.8247027381377237,18.434451882757756,22.25915462089548
2020-12-07,3.9019224425217764,18.59481810803148,22.496740550553255
2020-12-08,4.277567556384671,17.81744930886717,22.095016865251843
2020-12-09,3.605275154290549,19.07905112939899,22.68432628368954
2020-12-10,3.708070084298935,19.198197593596053,22.906267677894988
2020-12-11,3.3796341125151663,19.953931699691953,23.33356581220712
2020-12-14,2.352258106222596,21.53202638645694,23.884284492679537
2020-12-15,3.163542512692949,20.078663493274004,23.242206005966953
2020-12-16,3.4202165430720974,19.4669085122921,22.887125055364198
2020-12-17,3.7921198779975214,18.898620074013056,22.690739952010578
2020-12-18,4.012788807762462,18.59383718052094,22.6066259882834
2020-12-21,2.0827371893659254,21.7349603561035,23.817697545469425
2020-12-22,2.7449037633846025,21.048924454632836,23.79382821801744
2020-12-23,3.067822659678221,20.178143604840084,23.245966264518305
2020-12-24,3.988736668860188,18.69833126538518,22.687067934245366
2020-12-25,3.988736668860188,18.69833126538518,22.687067934245366
2020-12-28,3.8748123469368494,18.712344858638655,22.587157205575505
2020-12-29,3.599188006165832,19.735252084159427,23.33444009032526
2020-12-30,3.4176973114161378,19.510787759625618,22.928485071041756
2020-12-31,3.5671477631413566,19.176754759875216,22.743902523016573
2021-01-01,3.5671477631413566,19.176754759875216,22.743902523016573
2021-01-04,1.055296763919653,23.363409274487665,24.41870603840732
2021-01-05,2.1990060617087224,21.634553727580744,23.833559789289467
2021-01-06,2.267813775747829,21.17515736503671,23.44297114078454
2021-01-07,4.398892699379694,18.0836930077856,22.482585707165295
2021-01-08,4.667605163596168,17.759187561971487,22.426792725567655
2021-01-11,3.2048212624454884,20.40863088328965,23.61345214573514
2021-01-12,3.9508625819558922,19.355414059798118,23.30627664175401
2021-01-13,4.866842273322021,18.134622915936998,23.00146518925902
2021-01-14,3.7080270028777456,19.784310301071038,23.492337303948784
2021-01-15,3.1835491970854974,21.019100831451606,24.202650028537104
2021-01-18,3.1835491970854974,21.019100831451606,24.202650028537104
2021-01-19,3.502918374275744,20.271818492573324,23.774736866849068
2021-01-20,4.415699696186152,18.672736634477296,23.08843633066345
2021-01-21,4.704490183413057,18.50909231606317,23.213582499476228
2021-01-22,4.667671992710403,18.80944486577714,23.477116858487545
2021-01-25,4.285523423934972,19.69343074388286,23.978954167817832
2021-01-26,4.562861009833888,19.63072157344993,24.193582583283817
2021-01-27,-2.911941525504748,32.493421806976265,29.581480281471517
2021-01-28,1.451191991983876,25.428416798927266,26.879608790911142
2021-01-29,-0.2847795515015328,28.666307311428756,28.381527759927224
2021-02-01,1.6052998578427626,25.780115051821163,27.385414909663925
2021-02-02,3.992585016203339,21.474877069014173,25.467462085217512
2021-02-03,5.070479806236417,19.459271678349896,24.529751484586313
2021-02-04,5.690358874393095,18.44596858169652,24.136327456089614
2021-02-05,6.590501938678109,17.48642723526025,24.07692917393836
2021-02-08,6.005681002434567,18.037000436370356,24.042681438804923
2021-02-09,5.857710271478204,18.416404138672558,24.274114410150762
2021-02-10,5.774728475211962,18.802657633197175,24.577386108409137
2021-02-11,6.281016945220291,18.18991595593525,24.47093290115554
2021-02-12,7.184302290214667,16.865437361025727,24.049739651240394
2021-02-15,7.184302290214667,16.865437361025727,24.049739651240394
2021-02-16,5.928888198305007,18.779335604279833,24.70822380258484
2021-02-17,5.967066378481039,18.643842688480998,24.610909066962037
2021-02-18,5.520185692959565,19.636520950727494,25.15670664368706
2021-02-19,5.575420282543572,19.39921184018259,24.974632122726163
2021-02-22,4.8176939346934695,20.647542197582055,25.465236132275525
2021-02-23,4.694712636036673,20.386665817190526,25.0813784532272
2021-02-24,5.618193865671021,18.526836050273335,24.145029915944356
2021-02-25,1.1804829362911455,25.214742641564,26.395225577855147
2021-02-26,1.011973376766207,25.035401545166806,26.047374921933013
2021-03-01,3.8253785805080405,20.3377480421433,24.16312662265134
2021-03-02,3.3183897144644057,21.106293458346457,24.424683172810862
2021-03-03,1.8771037755513476,23.54260513253466,25.419708908086008
2021-03-04,0.6610324717755809,25.319071941856023,25.980104413631604
2021-03-05,2.6079843272400325,21.84411765993574,24.452101987175773
2021-03-08,1.713455011238306,22.709802963771324,24.42325797500963
2021-03-09,2.6725475790680235,21.42214572735284,24.094693306420865
2021-03-10,4.037214369718882,19.662289258969324,23.699503628688205
2021-03-11,4.388787690788877,18.95162407903925,23.340411769828126
2021-03-12,5.484901731886026,17.689381562248382,23.17428329413441
2021-03-15,5.3787077711739215,17.3973545959548,22.77606236712872
2021-03-16,5.371653099870784,17.24283517417259,22.614488274043374
2021-03-17,5.469646765460961,16.593452723880485,22.063099489341447
2021-03-18,4.5689494766561545,18.31681992027967,22.885769396935824
2021-03-19,4.733076055691587,18.061547233483395,22.794623289174982
2021-03-22,5.3447105973272,16.101434658808113,21.446145256135313
2021-03-23,4.414915439330283,17.376858242531824,21.791773681862107
2021-03-24,4.219137628771829,18.125376004891976,22.344513633663805
2021-03-25,4.775891581972946,16.82318619877691,21.599077780749855
2021-03-26,4.8912135197728315,15.98633654115707,20.877550060929902
2021-03-29,3.5924044420433745,17.631337261409374,21.22374170345275
2021-03-30,4.078662361259578,16.57570223906679,20.654364600326367
2021-03-31,4.293138818212562,16.189336074108503,20.482474892321065
2021-04-01,5.360240735634719,14.407390300001197,19.767631035635915
2021-04-02,5.360147830631645,14.407327711405967,19.767475542037612
2021-04-05,4.5872703878512535,14.982535361071575,19.56980574892283
2021-04-06,4.608286222433678,15.060121499405666,19.668407721839344
2021-04-07,5.127530296431605,14.24846872064824,19.375999017079845
2021-04-08,5.433685855171754,14.0161925399783,19.449878395150055
2021-04-09,5.985277139358017,13.609816235713938,19.595093375071954
2021-04-12,5.327476526891555,14.310047112585018,19.637523639476573
2021-04-13,5.456875141733779,14.073687654421096,19.530562796154875
2021-04-14,5.355562852992133,14.3364355362806,19.691998389272733
2021-04-15,5.117926323054153,14.360080631027412,19.478006954081565
2021-04-16,5.186894286254969,14.187645352697245,19.374539638952214
2021-04-19,4.593481082831866,15.320644502926454,19.91412558575832
2021-04-20,3.808023551993081,16.71642068176736,20.52444423376044
2021-04-21,4.519127054973492,15.445304443420053,19.964431498393544
2021-04-22,4.089860349135794,16.55523668091736,20.645097030053154
2021-04-23,4.84074520223983,15.205003295696429,20.04574849793626
2021-04-26,4.609909575891091,15.389939676050556,19.999849251941647
2021-04-27,4.583061323382745,15.322638436487255,19.90569975987
2021-04-28,4.822614076660017,14.981290791450874,19.80390486811089
2021-04-29,4.693591422676704,15.222216379233775,19.91580780191048
2021-04-30,4.283028116040331,16.02617154744757,20.309199663487902
2021-05-03,4.270245512855379,15.911629042420575,20.181874555275954
2021-05-04,3.669841264799846,17.118539839068657,20.788381103868502
2021-05-05,3.6902771844122206,16.802280212899834,20.492557397312055
2021-05-06,4.277734483665135,15.862476861422884,20.14021134508802
2021-05-07,5.225420506828577,14.27399057565454,19.499411082483117
2021-05-10,3.2360654489550242,17.297240705747814,20.53330615470284
2021-05-11,2.327158067829526,19.302825253301737,21.629983321131263
2021-05-12,-0.3513006728317656,24.12808293029707,23.776782257465303
2021-05-13,1.843156148243704,20.36473574036868,22.207891888612384
2021-05-14,3.9560286000249683,16.4417432820203,20.39777188204527
2021-05-17,3.596254320142272,17.521213510053936,21.117467830196208
2021-05-18,3.1873320501579983,18.812800292597036,22.000132342755034
2021-05-19,3.1463475147997464,19.28424107227048,22.430588587070226
2021-05-20,3.71897267041037,17.931459644955517,21.650432315365887
2021-05-21,3.9109529823386744,17.475423826865118,21.386376809203792
2021-05-24,4.558125083956618,15.857223938525141,20.41534902248176
2021-05-25,4.340448296231806,16.19400448751068,20.534452783742484
2021-05-26,5.0749121210891435,14.822841299843423,19.897753420932567
2021-05-27,5.001053478532903,14.23350526221655,19.234558740749453
2021-05-28,5.155849149938653,14.004877612854177,19.16072676279283
2021-05-31,5.155849149938653,14.004877612854177,19.16072676279283
2021-06-01,4.469789156425442,15.23461218625662,19.70440134268206
2021-06-02,5.152539885364854,14.607918627494412,19.760458512859266
2021-06-03,4.873324205196919,15.264374385867729,20.137698591064648
2021-06-04,5.824734128238418,13.565710866549729,19.390444994788147
2021-06-07,5.741066480364383,13.619265840572387,19.36033232093677
2021-06-08,5.0547150035764385,14.413810471114056,19.468525474690495
2021-06-09,4.40818030484709,15.247427852332162,19.655608157179252
2021-06-10,5.491976251340752,13.257526067803685,18.749502319144437
2021-06-11,5.711630476166862,12.784008586016457,18.49563906218332
2021-06-14,5.157607104235376,13.64826279114825,18.805869895383626
2021-06-15,4.971954342154259,14.128208209576748,19.100162551731007
2021-06-16,4.221518171228563,15.240607367821937,19.4621255390505
2021-06-17,4.560077114699908,14.662411900177588,19.222489014877496
2021-06-18,2.8736630335714324,17.536678849820923,20.410341883392356
2021-06-21,4.359651806507058,14.878254578784448,19.237906385291506
2021-06-22,4.981560504034981,13.648380264992277,18.629940769027257
2021-06-23,4.960338240324495,13.383064309776307,18.3434025501008
2021-06-24,5.257617702920822,12.827519008724423,18.085136711645244
2021-06-25,5.8712674811388315,12.042719309195435,17.913986790334267
2021-06-28,5.722803470841631,12.27728936126776,18.00009283210939
2021-06-29,5.7105787236121035,12.49453682974792,18.205115553360024
2021-06-30,6.004025349241109,12.35748131330851,18.36150666254962
2021-07-01,6.097511318715833,12.230958634259705,18.32846995297554
2021-07-02,6.499277860259928,11.60453778119591,18.10381564145584
2021-07-05,6.499277860259928,11.60453778119591,18.10381564145584
2021-07-06,5.242449286805854,13.336482520625228,18.578931807431083
2021-07-07,5.599502359673945,13.12331023381293,18.722812593486875
2021-07-08,3.640568694763621,15.884323720199992,19.524892414963613
2021-07-09,5.747169754017769,12.940591441295474,18.687761195313243
2021-07-12,5.471407327346393,13.29381835123487,18.765225678581263
2021-07-13,5.018323255679171,14.273766003686713,19.292089259365884
2021-07-14,5.767037095358061,13.477752218746348,19.24478931410441
2021-07-15,5.067762580471783,14.428664271569435,19.496426852041218
2021-07-16,4.377378463863149,15.699361249315114,20.076739713178263
2021-07-19,2.251040187550309,19.08762166174234,21.33866184929265
2021-07-20,3.5754229656995697,16.886906052680196,20.462329018379766
2021-07-21,4.457901400335661,15.223688803879096,19.681590204214757
2021-07-22,4.564315844023321,15.03221947276843,19.59653531679175
2021-07-23,5.1424503501256105,14.255507374034082,19.397957724159692
2021-07-26,5.033895937098267,14.437321632954037,19.471217570052303
2021-07-27,4.038808118991902,16.115854168451136,20.15466228744304
2021-07-28,4.6968473738382635,15.135859137173874,19.832706511012137
2021-07-29,5.06955326645102,14.483379110760605,19.552932377211626
2021-07-30,4.726139559226063,15.00456518743271,19.730704746658773
2021-08-02,4.209155803490898,15.988349136290559,20.197504939781457
2021-08-03,5.1369295108752695,14.62658853144001,19.76351804231528
2021-08-04,5.176007797485619,14.612164291303992,19.78817208878961
2021-08-05,5.411012080406252,14.043047990348526,19.454060070754778
2021-08-06,6.161751016725917,12.886699971009543,19.04845098773546
2021-08-09,5.781011315641699,13.660829701797272,19.44184101743897
2021-08-10,5.6275937263725275,13.85665990583999,19.484253632212518
2021-08-11,6.049003788191442,13.153907737740763,19.202911525932205
2021-08-12,6.233374433585132,12.71959759388299,18.95297202746812
2021-08-13,6.564263303333163,12.414618888579977,18.97888219191314
2021-08-16,5.653898817001808,13.520824089140485,19.174722906142293
2021-08-17,4.531428326001327,15.39121560150142,19.922643927502747
2021-08-18,2.5070233668623203,18.62021324069806,21.12723660756038
2021-08-19,2.7028926055210327,18.578690734724535,21.281583340245568
2021-08-20,4.762083212570641,15.73464915514619,20.49673236771683
2021-08-23,5.762631861022397,14.054723611034722,19.81735547205712
2021-08-24,5.915779168841045,14.075027912511914,19.99080708135296
2021-08-25,6.141217972631438,13.526328778165727,19.667546750797165
2021-08-26,4.799795133877991,15.493115252971497,20.29291038684949
2021-08-27,6.585325553016959,12.97590016806875,19.56122572108571
2021-08-30,6.543902332282579,12.970611665703094,19.514513997985674
2021-08-31,6.287780361797466,13.352778523783421,19.640558885580887
2021-09-01,6.439087525067327,12.997164978797224,19.43625250386455
2021-09-02,6.211364719476052,13.218959625456705,19.430324344932757
2021-09-03,6.7492420913397915,12.826122338524062,19.575364429863853
2021-09-06,6.7492420913397915,12.826122338524062,19.575364429863853
2021-09-07,5.492653764580247,14.850480213822397,20.343133978402644
2021-09-08,5.690532979150747,14.69528634376635,20.385819322917097
2021-09-09,5.082083773317581,15.670019306051767,20.75210307936935
2021-09-10,3.3175323365772726,17.9741524385335,21.291684775110774
2021-09-13,4.278731866539509,16.66218045892373,20.940912325463238
2021-09-14,4.190306184561024,16.85920192561158,21.049508110172603
2021-09-15,5.025633235579681,15.519151769183976,20.544785004763657
2021-09-16,4.730136304352236,15.90905741798258,20.639193722334817
2021-09-17,3.671668614161053,17.839429609731845,21.511098223892898
2021-09-20,0.16201557941771227,23.46922920674351,23.631244786161222
2021-09-21,1.560927119709941,21.413593252774646,22.974520372484587
2021-09-22,3.588435540487211,17.952131255997273,21.540566796484484
2021-09-23,0.32210814837043955,21.596492595720974,21.918600744091414
2021-09-24,2.822169900462015,19.70749074278169,22.529660643243705
2021-09-27,4.515502307694899,16.240856484914993,20.75635879260989
2021-09-28,1.8448191360898676,20.5805281735361,22.425347309625966
2021-09-29,2.4699656420776286,19.805819792612176,22.275785434689805
2021-09-30,1.7880497640821567,20.60453625696176,22.39258602104392
2021-10-01,3.2462257015718627,18.662347481677177,21.90857318324904
2021-10-04,1.512409903325029,20.69915247476849,22.211562378093518
2021-10-05,2.6574295653064155,18.97855217719392,21.635981742500334
2021-10-06,2.8347035160353187,18.51496275131564,21.34966626735096
2021-10-07,4.073798210922153,17.162930170144318,21.23672838106647
2021-10-08,4.5510731963292095,16.362135763890777,20.913208960219986
2021-10-11,2.8580087212548726,18.10297385234106,20.96098257359593
2021-10-12,3.4407714177089126,17.872429520172638,21.31320093788155
2021-10-13,4.249543606464311,16.351844249526593,20.601387855990904
2021-10-14,5.1662261103377425,14.727398010027823,19.893624120365565
2021-10-15,5.593519448869161,14.213370999675485,19.806890448544646
2021-10-18,5.628866799689444,14.300643088041756,19.9295098877312
2021-10-19,5.872693107869003,13.849980506280799,19.7226736141498
2021-10-20,5.8886923823291575,13.647085753529172,19.53577813585833
2021-10-21,5.987905483432147,13.2696821172613,19.257587600693448
2021-10-22,5.773066964150235,13.668564179798565,19.4416311439488
2021-10-25,5.663910877011318,13.46873369781779,19.132644574829108
2021-10-26,5.089333672327829,14.20650072374342,19.29583439607125
2021-10-27,4.076601870747149,15.142647202145776,19.219249072892925
2021-10-28,4.859865460628383,14.533543972967584,19.393409433595966
2021-10-29,5.288304683988631,14.292545690476263,19.580850374464895
2021-11-01,4.898441947622604,14.523075113884573,19.421517061507178
2021-11-02,5.248090777060492,14.192230406520329,19.44032118358082
2021-11-03,5.983837013052888,13.207832519615298,19.191669532668186
2021-11-04,5.968194257098556,13.23323988440675,19.201434141505306
2021-11-05,5.7929293368245265,13.93054385467464,19.723473191499167
2021-11-08,5.342387741784028,14.489436257570082,19.83182399935411
2021-11-09,4.744127521251826,15.153718831230847,19.897846352482674
2021-11-10,4.256376685826522,15.994437463766994,20.250814149593516
2021-11-11,5.091675154955809,14.984844392239413,20.076519547195222
2021-11-12,6.031581456713356,13.681756020211703,19.71333747692506
2021-11-15,5.656470939962315,14.239692644429777,19.89616358439209
2021-11-16,5.6684374093829675,14.290004386654964,19.95844179603793
2021-11-17,5.302056848288336,14.919029776162782,20.221086624451118
2021-11-18,5.1698444219938064,15.103405910578557,20.273250332572363
2021-11-19,5.3486024665558585,15.23018422758109,20.578786694136948
2021-11-22,4.370540140752485,16.41130043116083,20.781840571913314
2021-11-23,4.5965444472697214,16.58431045720089,21.18085490447061
2021-11-24,4.5103146196868895,15.853033868988367,20.363348488675257
2021-11-25,4.5103146196868895,15.853033868988367,20.363348488675257
2021-11-26,0.22393828083625422,24.816883669027014,25.04082194986327
2021-11-29,2.6566540563146113,19.5036754350655,22.16032949138011
2021-11-30,0.5698207225390313,23.467484196382312,24.037304918921343
2021-12-01,-0.9731440720064661,26.39151603811078,25.418371966104313
2021-12-02,0.7606012559575355,23.912497937222863,24.6730991931804
2021-12-03,-0.8058859630644193,26.517731183145532,25.711845220081113
2021-12-06,1.414239751632337,22.901657240452124,24.31589699208446
2021-12-07,3.865496634054285,18.374192717447368,22.239689351501653
2021-12-08,5.325410595623239,16.403155294652937,21.728565890276176
2021-12-09,4.081974788545615,18.083816473486657,22.165791262032272
2021-12-10,6.098151515877271,15.39373487901633,21.4918863948936
2021-12-13,4.752718038527931,17.496039324204606,22.248757362732537
2021-12-14,3.7527198455817974,19.254617784396437,23.007337629978235
2021-12-15,5.16163340938083,16.5324038769391,21.69403728631993
2021-12-16,4.862911692853263,17.51400162053258,22.37691331338584
2021-12-17,4.448025590621171,18.697404111806442,23.145429702427613
2021-12-20,3.0768018194438262,20.295648402998847,23.372450222442673
2021-12-21,4.2295728821838665,18.481480970861337,22.711053853045204
2021-12-22,5.699821593252661,16.176050130689095,21.875871723941756
2021-12-23,6.3955509536916235,15.267209442644921,21.662760396336544
2021-12-24,6.3955509536916235,15.267209442644921,21.662760396336544
2021-12-27,6.495240085648787,14.690429810229007,21.185669895877794
2021-12-28,6.400942333518088,14.485051677706618,20.885994011224707
2021-12-29,6.936695033984561,13.811550337401885,20.748245371386446
2021-12-30,6.3777089424023625,14.127985174406318,20.50569411680868
2021-12-31,6.59787576355621,13.989037910546994,20.586913674103204
2022-01-03,6.754549449578644,13.579780911867733,20.334330361446376
2022-01-04,6.596290827694725,13.91079036259672,20.507081190291444
2022-01-05,4.445173351101193,16.850250157876637,21.29542350897783
2022-01-06,4.685631613752118,16.754758048364966,21.440389662117084
2022-01-07,4.834843424940173,15.91940921576269,20.754252640702862
2022-01-10,4.159641413044781,16.839273462644076,20.998914875688858
2022-01-11,4.516529706704137,16.031636692894292,20.54816639959843
2022-01-12,5.102460701922874,15.243631986052991,20.346092687975865
2022-01-13,3.263286003996047,17.839485507757523,21.10277151175357
2022-01-14,4.223293695298345,16.72294121250081,20.946234907799155
2022-01-17,4.223293695298345,16.72294121250081,20.946234907799155
2022-01-18,1.3061519263451942,20.580381957477282,21.886533883822477
2022-01-19,1.5580127171773306,21.208164739036402,22.766177456213732
2022-01-20,0.78504120220963,22.971349530485064,23.756390732694694
2022-01-21,-0.37423580005257406,25.558696237976918,25.184460437924344
2022-01-24,-1.5952746733933587,27.051405413209412,25.456130739816054
2022-01-25,-2.403377174839676,28.60576573888269,26.202388564043012
2022-01-26,-2.986307011249668,29.134979055614053,26.148672044364385
2022-01-27,-2.306777676452697,27.603669451013012,25.296891774560315
2022-01-28,-0.6037785776153051,25.0699022409679,24.466123663352594
2022-01-31,0.3692601082964657,24.060237379950898,24.429497488247364
2022-02-01,1.4329295330824898,21.75351236303458,23.18644189611707
2022-02-02,2.9664200569238623,18.985708480935248,21.95212853785911
2022-02-03,2.8198880703163205,19.730814751355556,22.550702821671877
2022-02-04,2.022001721322166,21.303826809921542,23.325828531243708
2022-02-07,2.5394561134671285,20.77004988751777,23.3095060009849
2022-02-08,2.388408688882187,20.609925994033862,22.99833468291605
2022-02-09,2.954136444376129,19.318652960109954,22.272789404486083
2022-02-10,3.48149041255553,18.037026793483744,21.518517206039274
2022-02-11,1.2054744516195655,21.87426190131295,23.079736352932514
2022-02-14,-0.20421512783578777,24.843860786659636,24.63964565882385
2022-02-15,-0.9371213410371375,25.570080252334105,24.632958911296967
2022-02-16,0.26716763011394207,23.10108918434972,23.368256814463663
2022-02-17,1.1507022424956723,21.64532312218265,22.79602536467832
2022-02-18,-0.8882761840971334,25.35343722412228,24.465161040025148
2022-02-21,-0.5428613346691975,25.083376414127773,24.540515079458576
2022-02-22,-0.39796759749454935,24.966882856891164,24.568915259396615
2022-02-23,-1.289503403054617,25.957645696939462,24.668142293884845
2022-02-24,-2.2154748786609986,28.083856455049798,25.8683815763888
2022-02-25,-1.9230436590337412,27.08393126377559,25.16088760474185
2022-02-28,-0.4091898111971304,24.401704635500344,23.992514824303214
2022-03-01,-2.938633953636991,27.681051512778442,24.74241755914145
2022-03-02,-2.907062117037807,29.317740869277653,26.410678752239846
2022-03-03,-1.6200478526204272,27.063389491518542,25.443341638898115
2022-03-04,-1.56249004835567,27.118968046199466,25.556477997843796
2022-03-07,-1.421064386587954,28.060720964271272,26.63965657768332
2022-03-08,-3.4180572344147606,31.95330448159287,28.53524724717811
2022-03-09,-2.5179073625425836,30.84041850392148,28.322511141378897
2022-03-10,-1.660923019137872,28.773951419287634,27.113028400149762
2022-03-11,-0.3227887197965025,26.841266159471072,26.51847743967457
2022-03-14,-0.7690002923954289,28.719878607468086,27.950878315072657
2022-03-15,9.434560731498,25.128625412688383,34.56318614418638
2022-03-16,3.954899471011192,24.283257419337605,28.238156890348797
2022-03-17,2.755374084762643,22.472210193325225,25.227584278087868
2022-03-18,3.2543708654300687,21.11806633572062,24.37243720115069
2022-03-21,1.998843441457403,21.16720076852561,23.166044209983014
2022-03-22,3.8335458417971395,20.160517555274744,23.994063397071884
2022-03-23,2.2924011045427157,21.472755641886234,23.76515674642895
2022-03-24,4.490781224161953,19.871570332046478,24.36235155620843
2022-03-25,3.8450904043578866,18.404824822414685,22.249915226772572
2022-03-28,3.7894423053020176,18.400146397382873,22.18958870268489
2022-03-29,4.556036821237544,17.416632661666746,21.97266948290429
2022-03-30,4.423966100072029,16.95462582076796,21.378591920839987
2022-03-31,4.737538926186524,16.995979783896143,21.733518710082667
2022-04-01,4.224467794028175,18.077510639700336,22.30197843372851
2022-04-04,4.956365770948789,17.283005660968392,22.23937143191718
2022-04-05,5.520631189335798,16.058838744541912,21.57946993387771
2022-04-06,4.318001626918463,18.382977261201706,22.70097888812017
2022-04-07,3.769288911541068,19.47025357362358,23.239542485164648
2022-04-08,4.044719033824109,19.006140596138213,23.05085962996232
2022-04-11,4.385165523152725,18.578441781233355,22.96360730438608
2022-04-12,2.40497166917201,21.544727086427955,23.949698755599965
2022-04-13,2.5168331082720705,21.552602870466007,24.069435978738078
2022-04-14,4.335394573559739,18.78785221381028,23.123246787370018
2022-04-15,3.5846796766079123,20.089195416983145,23.673875093591057
2022-04-18,3.5788276821927205,20.085320753729345,23.664148435922066
2022-04-19,3.6790663531970615,19.755677553959018,23.43474390715608
2022-04-20,4.46712395243053,18.524253109826912,22.991377062257442
2022-04-21,3.7743143458123214,18.720479547770008,22.49479389358233
2022-04-22,3.293634224204613,20.259872726860902,23.553506951065515
2022-04-25,1.2623061930872588,23.611264246090887,24.873570439178145
2022-04-26,-2.4279065366024994,32.8650084499775,30.437101913375002
2022-04-27,-1.6829875966778367,28.922165468136463,27.239177871458626
2022-04-28,-0.5309930556379463,27.107110999897984,26.576117944260037
2022-04-29,0.24736071345880006,25.82479716260908,26.07215787606788
2022-05-02,-1.3603758794788057,28.41830355404334,27.057927674564535
2022-05-03,-1.4479067450526237,28.332619306029393,26.88471256097677
2022-05-04,-0.15489026002033413,26.022480002274094,25.86758974225376
2022-05-05,-0.8711467802025474,28.56258321296262,27.69143643276007
2022-05-06,-1.1112425307274307,27.84656695248154,26.735324421754108
2022-05-09,-0.1246760585856812,26.86664645622977,26.74197039764409
2022-05-10,-2.846117886615204,31.429876508119893,28.58375862150469
2022-05-11,-0.4353910590637575,29.80391785925996,29.368526800196204
2022-05-12,-1.284048019075179,31.98687169102134,30.70282367194616
2022-05-13,3.0663470293734783,24.72658451752372,27.792931546897197
2022-05-16,0.905243243608929,25.427564167752013,26.332807411360942
2022-05-17,0.6777316857050586,25.36747927441362,26.045210960118677
2022-05-18,1.2050178707687138,24.09247557955544,25.297493450324154
2022-05-19,-0.5038805917501783,28.147644821736407,27.64376422998623
2022-05-20,0.09542573104539542,26.513745420150727,26.609171151196122
2022-05-23,0.4784668141938546,26.15109489031497,26.629561704508824
2022-05-24,0.49583456244439006,25.918015704781617,26.413850267226007
2022-05-25,-0.16906985639649008,26.841323342899003,26.672253486502512
2022-05-26,0.08180625552859766,26.193054966773616,26.274861222302214
2022-05-27,0.8366446405542547,24.96349212949058,25.800136770044833
2022-05-30,1.481040052121326,23.33173319689209,24.812773249013414
2022-05-31,1.3114685929454488,24.279591319567555,25.591059912513003
2022-06-01,2.218390561286448,24.512310412504043,26.73070097379049
2022-06-02,1.362617252368615,23.57286829107725,24.935485543445864
2022-06-03,1.8032456197259101,22.86524313631549,24.668488756041402
2022-06-06,2.1722675950559385,22.493093406964483,24.665361002020422
2022-06-07,1.892015814306081,22.64776331014692,24.539779124453002
2022-06-08,1.993539653989533,22.174961489784582,24.168501143774115
2022-06-09,2.0070141912567543,22.2292473088572,24.236261500113955
2022-06-10,1.2641979780676706,23.751672921342504,25.015870899410174
2022-06-13,0.09190695832286266,25.959430158674547,26.05133711699741
2022-06-14,-2.453522742321031,31.057365124064695,28.603842381743664
2022-06-15,-1.5499310151799754,29.398120286163156,27.84818927098318
2022-06-16,-0.8144602900058509,27.263289537467216,26.448829247461365
2022-06-17,-1.897519331576774,29.97088317999495,28.073363848418175
2022-06-20,-0.9631667841437945,28.27133787059905,27.308171086455257
2022-06-21,-0.7400620261702144,28.010963510990006,27.27090148481979
2022-06-22,0.07824017336276512,26.268426867474155,26.34666704083692
2022-06-23,0.21252754798502593,26.103968742369076,26.316496290354102
2022-06-24,1.1337924507229147,24.166463099016777,25.300255549739692
2022-06-27,0.22294622313534873,24.959586635241802,25.18253285837715
2022-06-28,0.4959357607090844,24.3872319057996,24.883167666508683
2022-06-29,-0.15398340263305244,25.739669391421366,25.585685988788313
2022-06-30,-0.18541919066123924,25.750941529761533,25.565522339100294
2022-07-01,-0.2305374592443279,26.27459711657338,26.04405965732905
2022-07-04,1.5408124143930628,23.887567827348935,25.428380241741998
2022-07-05,0.9676688491503533,24.35125660529584,25.318925454446195
2022-07-06,0.8561682778632758,24.209132418567584,25.06530069643086
2022-07-07,0.6196424345885809,24.590201742945332,25.209844177533913
2022-07-08,0.9434546393679426,24.06321539207929,25.006670031447232
2022-07-11,1.886645783944065,22.71283345563833,24.599479239582394
2022-07-12,1.3465249277964446,23.814771342903146,25.16129627069959
2022-07-13,0.6472417949467051,24.763041469882392,25.410283264829097
2022-07-14,0.8696264949324295,24.5508807736475,25.42050726857993
2022-07-15,1.4162781561127105,23.975975387858362,25.392253543971073
2022-07-18,2.5834220147924327,21.98857001918405,24.571992033976482
2022-07-19,2.027960585192641,23.002054942089732,25.030015527282373
2022-07-20,2.417783294420147,22.08601193774629,24.503795232166436
2022-07-21,2.4228267744935614,21.962013090036763,24.384839864530324
2022-07-22,2.7218499224828854,21.235302281368124,23.95715220385101
2022-07-25,2.777505763627616,21.1409278029219,23.918433566549517
2022-07-26,2.4519968930217253,21.520129186674687,23.972126079696412
2022-07-27,2.0774201302607658,22.11833763775781,24.195757768018577
2022-07-28,2.354792836964947,21.133185077401322,23.48797791436627
2022-07-29,3.017645935295274,19.80168647504528,22.819332410340554
2022-08-01,3.38374007919591,19.12855139825023,22.51229147744614
2022-08-02,2.6600685683855154,20.5079499370247,23.168018505410217
2022-08-03,2.1427589122195663,21.608976779069973,23.75173569128954
2022-08-04,2.978099397079692,19.92477940698843,22.902878804068123
2022-08-05,3.4845469899567796,19.5158445502122,23.00039154016898
2022-08-08,3.806350562139116,19.154363395614567,22.960713957753683
2022-08-09,3.7130252733294355,19.441813095206218,23.154838368535653
2022-08-10,3.23449223857952,20.099081216499794,23.333573455079314
2022-08-11,4.213193171472966,18.24039771917542,22.453590890648385
2022-08-12,3.8572860029332148,18.76376083139814,22.621046834331356
2022-08-15,4.37005962854608,17.685718848606598,22.05577847715268
2022-08-16,4.502502145179015,17.255322265181597,21.757824410360612
2022-08-17,4.119436590301607,17.87005544487523,21.989492035176838
2022-08-18,4.234815081004108,18.234378519009223,22.46919360001333
2022-08-19,4.4653437291017894,18.378848216239213,22.844191945341002
2022-08-22,2.943982013757477,20.83847619079318,23.782458204550657
2022-08-23,2.499566506803145,21.2037455664161,23.703312073219244
2022-08-24,3.0681759927963768,19.95004918904323,23.018225181839608
2022-08-25,3.738094899394465,19.011073633746157,22.749168533140622
2022-08-26,1.2225646243852069,22.90410467830155,24.126669302686757
2022-08-29,1.0137747872292735,23.244611189782532,24.258385977011805
2022-08-30,0.9746800861234206,23.44177372489044,24.41645381101386
2022-08-31,1.1901015452160095,23.126030535342142,24.316132080558152
2022-09-01,0.9168356940532156,23.516514197140776,24.43334989119399
2022-09-02,0.3619296242358878,23.140921724611935,23.502851348847823
2022-09-05,-0.2899297342619853,24.629797048257767,24.339867313995782
2022-09-06,0.46965808448913293,24.302138851881505,24.771796936370638
2022-09-07,1.629401669791438,22.193237781204083,23.82263945099552
2022-09-08,1.5025595565865473,22.37465375150023,23.877213308086777
2022-09-09,3.072899419643619,20.10060812685079,23.17350754649441
2022-09-12,2.1260735631107543,21.048226130076536,23.17429969318729
2022-09-13,0.9782337288504053,22.131663825131696,23.1098975539821
2022-09-14,0.06324643162836452,24.66433958441251,24.727586016040874
2022-09-15,1.1046344946667013,23.306945685314005,24.411580179980707
2022-09-16,0.9488165653570846,23.598475618581066,24.54729218393815
2022-09-19,3.4234218731304615,22.93772888776108,26.36115076089154
2022-09-20,-0.044241950332299496,24.806548704442598,24.7623067541103
2022-09-21,0.12189074743198347,24.64776132929126,24.769652076723244
2022-09-22,-0.4623179790298977,25.958786035902243,25.496468056872345
2022-09-23,-0.9019936608354193,27.18618523973592,26.2841915789005
2022-09-26,-0.8088670377046512,26.95638725663739,26.14752021893274
2022-09-27,-1.9524913436687044,29.101376094252768,27.148884750584063
2022-09-28,-1.980244318042022,29.318476244232492,27.33823192619047
2022-09-29,-0.42537331049244287,26.96325155770074,26.537878247208297
2022-09-30,-0.5404339719178743,27.837937474294215,27.29750350237634
2022-10-03,-0.4849659083434439,27.63523761305259,27.150271704709144
2022-10-04,-0.03121825446095272,26.555040176781255,26.523821922320302
2022-10-05,0.13354090044359523,25.693181688893723,25.82672258933732
2022-10-06,0.6423729261375186,25.184506626138724,25.826879552276242
2022-10-07,-0.34078224203341634,26.824925916513575,26.48414367448016
2022-10-10,-0.42871196331771344,27.7954105907584,27.366698627440687
2022-10-11,-1.081435557143589,28.847724283407622,27.766288726264033
2022-10-12,-1.6861215564817194,29.82683629989959,28.14071474341787
2022-10-13,-1.6853444086219511,29.82718773946218,28.141843330840228
2022-10-14,-1.2031610988032995,28.28090412270619,27.07774302390289
2022-10-17,-0.9200152726025266,28.3923099513249,27.472294678722374
2022-10-18,-1.1538549853321385,28.235718207878158,27.08186322254602
2022-10-19,-0.4151565476514918,26.961540757339954,26.546384209688462
2022-10-20,-0.7251126193918367,27.623121500768516,26.89800888137668
2022-10-21,-0.28091258548562337,26.982750336927836,26.701837751442213
2022-10-24,0.11537297695670645,26.385868632417232,26.50124160937394
2022-10-25,-0.2605070083294123,26.885222845127693,26.62471583679828
2022-10-26,0.1011127343591447,25.7605810343443,25.861693768703443
2022-10-27,-0.14093207829505516,26.377039771488338,26.236107693193283
2022-10-28,0.379904130691763,25.10378797704678,25.48369210773854
2022-10-31,0.9859543089004568,23.56704542349006,24.552999732390518
2022-11-01,-0.12065920400346286,25.08706808769447,24.966408883691006
2022-11-02,1.7430975264103807,25.16257048575412,26.9056680121645
2022-11-03,0.07011252067032103,24.454187003176685,24.524299523847006
2022-11-04,3.179045496470266,22.753289226607382,25.93233472307765
2022-11-07,1.4072442485242505,22.861660751196382,24.268904999720633
2022-11-08,0.2288455415345645,24.932177089615916,25.16102263115048
2022-11-09,-0.32858318177916246,25.343644348816092,25.01506116703693
2022-11-10,1.4102741741005893,22.95519911068085,24.36547328478144
2022-11-11,1.3751833920924526,22.418936217026953,23.794119609119406
2022-11-14,2.158136198059978,21.409013986294834,23.567150184354812
2022-11-15,1.9036248237863518,22.63235408203725,24.5359789058236
2022-11-16,2.1031148957701475,22.105785240110777,24.208900135880924
2022-11-17,3.0544867473668127,21.857570535083916,24.91205728245073
2022-11-18,2.754574446077246,21.18795855510851,23.942533001185755
2022-11-21,2.9599908000050696,20.678472644582477,23.638463444587547
2022-11-22,3.2623482447030696,20.422255813329855,23.684604058032924
2022-11-23,3.895413607068779,18.81014530611445,22.70555891318323
2022-11-24,4.2158111787938495,18.453507605304782,22.669318784098632
2022-11-25,3.9309989789047144,18.764179384265628,22.695178363170342
2022-11-28,4.47138327064685,18.306688016357146,22.778071287003996
2022-11-29,3.2192157642250585,20.584671392523248,23.803887156748306
2022-11-30,3.632728610040676,20.000780102130523,23.6335087121712
2022-12-01,2.921806005912039,19.584933573885362,22.5067395797974
2022-12-02,3.377273536817423,19.186961748993383,22.564235285810806
2022-12-05,4.102290090737959,18.256308279270765,22.358598370008725
2022-12-06,3.141649314604688,19.81828596783753,22.959935282442217
2022-12-07,2.1905000403462935,21.24613850703154,23.436638547377832
2022-12-08,1.3383979960376848,21.73886827270456,23.077266268742246
2022-12-09,2.347996534201453,21.077689286915486,23.42568582111694
2022-12-12,2.628586867693855,21.06753590174647,23.696122769440326
2022-12-13,1.6105967898598657,22.161819904701762,23.772416694561628
2022-12-14,3.125991275195222,19.86355540524776,22.98954668044298
2022-12-15,4.383185115239222,18.314243514740973,22.697428629980195
2022-12-16,3.5163038653818752,20.333328503743648,23.849632369125523
2022-12-19,3.7015437878854307,20.29829616204573,23.99983994993116
2022-12-20,2.9595021047792045,20.357935930340453,23.317438035119658
2022-12-21,3.263581228637346,19.72660902111441,22.990190249751755
2022-12-22,4.729635249796694,18.141893552357406,22.8715288021541
2022-12-23,2.806636350057339,20.175366070278976,22.982002420336315
2022-12-26,4.081213854026192,19.10540151336454,23.186615367390733
2022-12-27,4.083659756663629,19.018051061249132,23.10171081791276
2022-12-28,3.064528574081482,19.56894919014636,22.63347776422784
2022-12-29,2.637022219825809,20.13649209955937,22.77351431938518
2022-12-30,3.0320908126846895,19.958410329059507,22.990501141744197
2023-01-02,2.9786933597259093,20.26056416494006,23.23925752466597
2023-01-03,0.5907269787610829,22.76306342640041,23.353790405161494
2023-01-04,2.594108949036201,20.49704186124964,23.091150810285843
2023-01-05,2.876235100146694,19.55783852515612,22.434073625302815
2023-01-06,2.555684063781193,20.065298131019723,22.620982194800916
2023-01-09,1.57543832653149,20.422805944460553,21.998244270992043
2023-01-10,1.901384283564461,19.335308498048814,21.236692781613275
2023-01-11,2.160851427653526,19.16901475372424,21.329866181377767
2023-01-12,1.543198552443215,19.59630992343008,21.139508475873296
2023-01-13,3.0509423953557295,17.3737384923414,20.42468088769713
2023-01-16,2.9734241790109515,17.050971887863994,20.024396066874946
2023-01-17,2.992897366832935,16.99637030590647,19.989267672739405
2023-01-18,2.773743834646883,17.49029118862745,20.26403502327433
2023-01-19,2.3500411803758574,18.47475301541835,20.824794195794208
2023-01-20,2.0585676507870545,18.099852822965808,20.158420473752862
2023-01-23,1.516469438710601,18.275355571618913,19.791825010329514
2023-01-24,2.5468407854973094,16.818935101943215,19.365775887440524
2023-01-25,2.4313157278767967,17.06890680169782,19.500222529574618
2023-01-26,1.4105400485615789,18.600101557455968,20.010641606017547
2023-01-27,2.3624701633211274,16.70315795383369,19.065628117154816
2023-01-30,2.359016765557733,16.553817203164336,18.91283396872207
2023-01-31,0.620449093382696,18.374430943853206,18.9948800372359
2023-02-01,1.6266807780846726,16.84665654511458,18.473337323199253
2023-02-02,1.3513903976920432,17.65559575505052,19.006986152742563
2023-02-03,1.821492312733735,17.143748764028057,18.965241076761792
2023-02-06,1.10410503140805,18.278152909087186,19.382257940495236
2023-02-07,1.5011716666430779,17.485714490767847,18.986886157410925
2023-02-08,2.5356815472790366,16.515286699010474,19.05096824628951
2023-02-09,1.4499795151272359,18.26247311272749,19.712452627854727
2023-02-10,1.0274454430134412,19.20182097495145,20.22926641796489
2023-02-13,1.1490508151245038,19.100417805759697,20.2494686208842
2023-02-14,1.1430933109853605,18.72517993713928,19.86827324812464
2023-02-15,2.101312379643609,17.24146872492705,19.34278110457066
2023-02-16,2.2243040585572977,16.80622651067513,19.03053056923243
2023-02-17,1.552772424688417,18.263091925027908,19.815864349716325
2023-02-20,1.5796163307248818,18.353708910313024,19.933325241037906
2023-02-21,0.913411024130955,19.957022892485828,20.870433916616783
2023-02-22,0.36921253890971073,20.64211141128851,21.01132395019822
2023-02-23,1.4824367177994908,18.437205211870015,19.919641929669506
2023-02-24,0.9812885393754307,19.034439354157538,20.01572789353297
2023-02-27,0.9691899420525871,19.570818023320154,20.54000796537274
2023-02-28,1.0068743481692124,19.11168731646369,20.118561664632903
2023-03-01,1.0314615473348958,18.80446108361503,19.835922630949927
2023-03-02,1.737017949507429,17.624853281679403,19.361871231186832
2023-03-03,2.204388555756136,16.69346575042591,18.897854306182047
2023-03-06,1.590418435669985,17.243670104271473,18.834088539941458
2023-03-07,0.9975725488771978,18.194159093280398,19.191731642157595
2023-03-08,1.0146552363061545,17.852034257955307,18.86668949426146
2023-03-09,-0.6149830068154074,21.104516729516284,20.489533722700877
2023-03-10,-0.5566676710202074,21.16694472221117,20.610277051190963
2023-03-13,-2.3469631054982685,24.873314402864764,22.526351297366496
2023-03-14,0.4825050872051939,21.08421686185352,21.566721949058714
2023-03-15,0.021834378845301927,23.284888424678243,23.306722803523545
2023-03-16,1.759174003922091,19.803702426907606,21.562876430829697
2023-03-17,0.8018067302342047,23.011827365977304,23.81363409621151
2023-03-20,1.1004434464844088,22.381230879789285,23.481674326273694
2023-03-21,3.731470978285941,22.547604467292395,26.279075445578336
2023-03-22,1.4254030486903773,21.30728644175801,22.732689490448386
2023-03-23,1.251132406103384,20.7644911908691,22.015623596972485
2023-03-24,2.425698000784571,20.082054248547422,22.507752249331993
2023-03-27,1.9477985944703242,19.686084056416682,21.633882650887006
2023-03-28,2.2138508267168575,18.78269306560197,20.996543892318826
2023-03-29,2.482471859087326,18.338431590721193,20.82090344980852
2023-03-30,2.6795653206578507,17.536212023196164,20.215777343854015
2023-03-31,3.2879858176851897,16.438477156994693,19.726462974679883
2023-04-03,3.108546842992098,16.908725100001025,20.017271942993123
2023-04-04,3.2234629303404283,16.53190784133247,19.755370771672897
2023-04-05,3.0978802198294524,16.921346900507846,20.0192271203373
2023-04-06,3.3970395943200593,16.842455314495258,20.239494908815317
2023-04-07,3.182433807804358,16.75770773622754,19.9401415440319
2023-04-10,3.561090015944867,16.30370034257994,19.864790358524807
2023-04-11,3.068987752771008,16.787085305674413,19.85607305844542
2023-04-12,2.844227330877473,16.95106587888458,19.795293209762054
2023-04-13,2.7485870532706578,17.07189189891961,19.820478952190268
2023-04-14,3.4600084489224443,15.82118548483027,19.281193933752714
2023-04-17,4.135035923383475,15.007814015123897,19.14284993850737
2023-04-18,3.508872695084092,15.29665503582161,18.805527730905702
2023-04-19,3.621795813726912,15.163487262359759,18.78528307608667
2023-04-20,4.00290745290085,14.893346467204474,18.896253920105323
2023-04-21,3.465906927845932,15.889617114091099,19.35552404193703
2023-04-24,4.267313162644946,15.034314349202482,19.30162751184743
2023-04-25,4.293226695509841,15.08203684315012,19.37526353865996
2023-04-26,3.257849760034798,17.114217500788296,20.372067260823094
2023-04-27,3.5882447960074977,16.663260502826308,20.251505298833806
2023-04-28,4.575201111486638,14.863842758501637,19.439043869988275
2023-05-01,5.429245935375802,13.514953584302633,18.944199519678435
2023-05-02,5.010890229083909,14.217200761004435,19.228090990088344
2023-05-03,3.3795090322681496,19.84723158760149,23.22674061986964
2023-05-04,3.733216775363257,16.728418186620793,20.46163496198405
2023-05-05,3.3071226903793836,18.162925277628737,21.47004796800812
2023-05-08,4.444404888326369,15.740114952870373,20.184519841196742
2023-05-09,4.456180514745057,15.632962312678082,20.08914282742314
2023-05-10,3.648081535337262,16.587475067291965,20.235556602629227
2023-05-11,4.112666576644418,15.880506830844265,19.993173407488683
2023-05-12,4.273822789275849,15.670850206350059,19.944672995625908
2023-05-15,3.7247842408786234,15.28647700489152,19.011261245770143
2023-05-16,3.6482834357554594,15.762270780917095,19.410554216672555
2023-05-17,3.701390365282194,15.060290881850058,18.761681247132252
2023-05-18,3.919790757748821,14.231946017154446,18.151736774903267
2023-05-19,3.567317370982229,15.031398328568352,18.59871569955058
2023-05-22,3.430346152553158,15.640949080220961,19.07129523277412
2023-05-23,2.622478465985761,16.495445209049436,19.117923675035197
2023-05-24,1.7141183214120517,17.86798686492624,19.582105186338293
2023-05-25,2.236971567423737,16.89367138057585,19.130642947999586
2023-05-26,2.949197241431426,15.56550808310523,18.514705324536656
2023-05-29,2.887315885869432,15.889566785807046,18.77688267167648
2023-05-30,3.414635922771362,15.47870332357702,18.893339246348383
2023-05-31,3.366184324257036,15.423842275653174,18.79002659991021
2023-06-01,4.369658884767329,13.256509229029195,17.626168113796524
2023-06-02,3.346891016518496,14.658492594171479,18.005383610689975
2023-06-05,3.3807142320057473,13.796253257634575,17.176967489640322
2023-06-06,4.179534922163839,13.276874997608168,17.456409919772007
2023-06-07,4.326470230865462,12.532975233641663,16.859445464507125
2023-06-08,3.8356352016674897,13.045788383709937,16.881423585377426
2023-06-09,3.928213919978541,12.686087847685831,16.614301767664372
2023-06-12,2.758109290346738,13.321758308935685,16.079867599282423
2023-06-13,3.3750567432137473,13.27182299566256,16.646879738876308
2023-06-14,3.692370966789939,12.902358923108517,16.594729889898456
2023-06-15,3.5592979119199004,12.851862217037665,16.411160128957565
2023-06-16,3.4300404553081503,13.126272276229534,16.556312731537684
2023-06-19,4.074418515773626,12.414800622075916,16.489219137849542
2023-06-20,4.206520173127268,12.08110622805019,16.28762640117746
2023-06-21,4.270342789107524,12.750698004639514,17.021040793747037
2023-06-22,3.4937650099655997,13.193157457167679,16.68692246713328
2023-06-23,3.93279832182494,12.598453687777742,16.53125200960268
2023-06-26,4.430349577700943,12.213841917839526,16.64419149554047
2023-06-27,3.498639024372192,13.035860868515012,16.534499892887204
2023-06-28,3.935667140573697,12.2331713716377,16.168838512211398
2023-06-29,0.605044376939972,16.015931785906247,16.62097616284622
2023-06-30,3.5821563522442457,12.013834435545686,15.595990787789932
2023-07-03,4.121292224700625,11.369867943804422,15.491160168505047
2023-07-04,3.4999099145654924,11.60138427978423,15.101294194349723
2023-07-05,3.565353922309722,12.161271858634473,15.726625780944195
2023-07-06,2.6003600454155666,12.848554422450409,15.448914467865976
2023-07-07,2.1973598983721487,14.170748208815365,16.368108107187513
2023-07-10,3.2235359722394428,12.871310245329063,16.094846217568506
2023-07-11,2.6955652142290045,13.392100082129273,16.087665296358278
2023-07-12,2.4328351159238952,13.408369015472136,15.841204131396031
2023-07-13,2.923744216084595,12.203183261775797,15.126927477860391
2023-07-14,3.117023801163585,13.087357365539857,16.204381166703442
2023-07-17,2.074957585437323,12.964625898953999,15.039583484391322
2023-07-18,2.88143294253004,12.447604505667673,15.329037448197713
2023-07-19,2.4743844320282413,13.755905985635728,16.23029041766397
2023-07-20,3.127250417018141,12.041892754211217,15.169143171229358
2023-07-21,1.295561780783233,14.202974222473749,15.498536003256982
2023-07-24,2.4171828253535033,12.884855674459772,15.302038499813275
2023-07-25,2.6722538699363074,12.609124397965028,15.281378267901335
2023-07-26,3.515215671853028,11.221389232628185,14.736604904481213
2023-07-27,3.062149148312608,12.172729504807144,15.234878653119752
2023-07-28,2.394555667615192,13.299081601380818,15.69363726899601
2023-07-31,3.2872189201421023,11.979048556990184,15.266267477132287
2023-08-01,2.7935960787055514,12.709372680801911,15.502968759507462
2023-08-02,2.8614634439573194,12.817228554327173,15.678691998284492
2023-08-03,2.1053677646492535,14.628863794820257,16.73423155946951
2023-08-04,2.1783339399831583,14.48630350349622,16.66463744347938
2023-08-07,1.904620113934465,15.242627117563151,17.147247231497616
2023-08-08,1.975139161628686,14.566287980756904,16.54142714238559
2023-08-09,2.240438254019674,14.645224267844581,16.885662521864255
2023-08-10,1.902828426301376,15.047785998772884,16.95061442507426
2023-08-11,2.059259046373773,14.884079967248601,16.943339013622374
2023-08-14,2.7005669856108963,13.91199308045942,16.612560066070316
2023-08-15,1.7154460727261949,14.8378244511455,16.553270523871696
2023-08-16,2.2682342864604905,15.003814516008354,17.272048802468845
2023-08-17,2.0290237524576398,15.576057465679902,17.605081218137542
2023-08-18,1.8536376408355402,16.33641516782213,18.19005280865767
2023-08-21,1.4953029770946031,16.421527809997176,17.91683078709178
2023-08-22,2.853274459705391,14.428326618695388,17.28160107840078
2023-08-23,2.0609880401093985,15.548428740976009,17.609416781085407
2023-08-24,2.6154586185762536,14.5707201417446,17.186178760320853
2023-08-25,2.1430118074570217,15.540610844970985,17.683622652428006
2023-08-28,3.1395706397220913,13.12771267253639,16.26728331225848
2023-08-29,3.25142606731527,12.465163462530569,15.71658952984584
2023-08-30,2.7737449810572112,13.247357493237066,16.021102474294278
2023-08-31,2.2672175229140414,13.585397524869917,15.852615047783958
2023-09-01,2.504166927037774,13.155131075529377,15.659298002567152
2023-09-04,2.807544944527665,12.809179896068358,15.616724840596023
2023-09-05,2.9889866759952994,12.486609028331035,15.475595704326334
2023-09-06,2.2760052327320714,13.369614911608195,15.645620144340267
2023-09-07,2.4427754955108387,13.757889605170663,16.2006651006815
2023-09-08,2.8862715365549327,12.914152368445308,15.80042390500024
2023-09-11,2.767458696102562,12.963278845167245,15.730737541269807
2023-09-12,2.6029242739696645,12.968241959476762,15.571166233446426
2023-09-13,2.044364053522374,13.656372459631516,15.70073651315389
2023-09-14,2.8864806351248973,12.611793437638546,15.498274072763444
2023-09-15,3.1269624103307283,11.929763473418072,15.0567258837488
2023-09-18,2.591337633481368,12.938731873943428,15.530069507424797
2023-09-19,2.8275199168922374,12.516040002448806,15.343559919341043
2023-09-20,2.0523233178057456,13.56525697034374,15.617580288149485
2023-09-21,1.4462509780675141,14.623593575674846,16.06984455374236
2023-09-22,1.0761644402260586,15.892858398919671,16.96902283914573
2023-09-25,1.256667851489306,15.62002526610487,16.876693117594176
2023-09-26,1.522050587641969,15.46118214873958,16.98323273638155
2023-09-27,0.2044836163185444,17.930894435511977,18.13537805183052
2023-09-28,1.4780526311871718,16.42599637326749,17.904049004454663
2023-09-29,1.5478270704147388,15.820682439251629,17.368509509666367
2023-10-02,1.9761596269731072,15.449098624535058,17.425258251508165
2023-10-03,1.5684485418720246,15.914672392753834,17.48312093462586
2023-10-04,0.9984976428521151,17.65697138256478,18.655469025416895
2023-10-05,1.7276081049009733,16.567703768518346,18.29531187341932
2023-10-06,1.7301316275284258,16.564735627297715,18.29486725482614
2023-10-09,2.268800978718721,15.457213961746072,17.726014940464793
2023-10-10,1.7356760043724897,16.02590844771454,17.76158445208703
2023-10-11,1.9454905139510696,15.408603657662956,17.354094171614026
2023-10-12,2.374410888737682,14.53136062058859,16.90577150932627
2023-10-13,2.0441775115806298,15.164695817088075,17.208873328668705
2023-10-16,1.160261325335366,17.289685930230444,18.44994725556581
2023-10-17,1.6040905575970719,15.873641647151072,17.477732204748143
2023-10-18,0.9736090358960467,18.551922505990333,19.52553154188638
2023-10-19,1.0996617763188148,17.45101985995399,18.550681636272806
2023-10-20,0.3821506022835983,19.268103421071928,19.650254023355526
2023-10-23,0.8098946406195857,18.07853672325173,18.888431363871316
2023-10-24,1.3301066319727326,16.929480658523875,18.259587290496608
2023-10-25,1.3300587984193477,16.929543316827754,18.2596021152471
2023-10-26,1.0734266715478107,19.100290155925094,20.173716827472905
2023-10-27,0.5443534635407907,18.936477156788925,19.480830620329716
2023-10-30,0.8841842263939554,17.84249959814143,18.726683824535385
2023-10-31,1.3771330213458555,17.135728234662405,18.51286125600826
2023-11-01,2.0863424264200674,15.108294325628197,17.194636752048265
2023-11-02,2.5996141013430574,13.896160936694699,16.495775038037756
2023-11-03,3.1198156720095245,12.888775672660147,16.00859134466967
2023-11-06,1.444411420012445,14.31490534269854,15.759316762710984
2023-11-07,2.4849288465949435,13.24945382812407,15.734382674719013
2023-11-08,2.5972469787614774,12.937963830109231,15.535210808870708
2023-11-09,2.7271339172794704,13.217670559894998,15.944804477174468
2023-11-10,2.8109423751718463,12.460093174900871,15.271035550072718
2023-11-13,2.144859008221472,13.249642417353483,15.394501425574955
2023-11-14,2.665223082675393,12.412207467212761,15.077430549888154
2023-11-15,2.8991094858892907,12.276859409325635,15.175968895214925
2023-11-16,2.929739363564819,12.099215177121824,15.028954540686643
2023-11-17,3.1289389874308906,11.795146735960165,14.924085723391055
2023-11-20,3.2449983831444627,11.56753689401829,14.812535277162752
2023-11-21,3.1992314502637313,11.578169324375418,14.77740077463915
2023-11-22,3.6589487349776704,11.072063005757173,14.731011740734843
2023-11-23,4.198977526508381,12.325509156568534,16.524486683076915
2023-11-24,3.8138423247355266,10.748063260227033,14.56190558496256
2023-11-27,3.4723509873745577,11.17791705306918,14.650268040443738
2023-11-28,3.4316886671840354,11.240098064071471,14.671786731255507
2023-11-29,3.4633736207284684,11.385650784648869,14.849024405377337
2023-11-30,3.1526219910779307,11.623406783235527,14.776028774313458
2023-12-01,3.3056278988189796,11.44550208676301,14.75112998558199
2023-12-04,3.0278977006412955,12.034894874661873,15.062792575303169
2023-12-05,4.612913868161522,12.176524573159023,16.789438441320545
2023-12-06,3.355246554667243,11.786301651255279,15.141548205922522
2023-12-07,2.763364673631811,12.205738813381291,14.969103487013102
2023-12-08,3.3981071011108526,11.263721308415857,14.66182840952671
2023-12-11,2.822439863193676,11.774743062251087,14.597182925444763
2023-12-12,3.4697749540113634,10.80926587050411,14.279040824515473
2023-12-13,3.2327517629204436,10.817085073472024,14.049836836392467
2023-12-14,3.813170337746456,10.200947754343929,14.014118092090385
2023-12-15,4.0074389360401685,10.298744745463082,14.306183681503251
2023-12-18,3.6612481123186917,10.840112933673668,14.50136104599236
2023-12-19,2.5248578444739884,13.018740595204445,15.543598439678433
2023-12-20,3.4969759586025546,11.897516624361524,15.394492582964078
2023-12-21,3.4013900164997626,11.818874964145683,15.220264980645446
2023-12-22,3.730716905382593,11.369317551118058,15.100034456500651
2023-12-25,2.609874490882902,12.693318176398623,15.303192667281525
2023-12-26,2.654604655313209,12.364575916090168,15.019180571403377
2023-12-27,3.762726318914961,10.838138860199503,14.600865179114464
2023-12-28,3.807305203131463,10.782768899688309,14.590074102819772
2023-12-29,1.9148084015227553,12.793914537413606,14.708722938936361
2024-01-01,2.424502882547955,12.589536965130849,15.014039847678804
2024-01-02,3.8494691187087753,11.747347461271138,15.596816579979913
2024-01-03,3.1400092255078995,12.090105282231779,15.230114507739678
2024-01-04,3.1252266537841287,12.082934929175936,15.208161582960065
2024-01-05,3.41516951215711,11.432809882083324,14.847979394240435
2024-01-08,3.1887747187814544,11.195624903990009,14.384399622771463
2024-01-09,3.328616637808805,10.923047528496026,14.251664166304831
2024-01-10,3.200985897417894,10.906806273045966,14.10779217046386
2024-01-11,3.3503615996887692,10.605541000945443,13.955902600634213
2024-01-12,3.413908941073755,10.685251000958075,14.09915994203183
2024-01-15,2.6223085691445167,11.525036682446922,14.147345251591439
2024-01-16,2.445967882201373,12.100442469214004,14.546410351415377
2024-01-17,2.067975164943606,12.8916940351442,14.959669200087806
2024-01-18,2.249808797750699,12.770789517835816,15.020598315586515
2024-01-19,2.495521199373469,11.540428177743513,14.035949377116982
2024-01-22,2.350784611246217,11.571612864766177,13.922397476012394
2024-01-23,2.6090782184583645,10.988385197950489,13.597463416408853
2024-01-24,2.4273310316676806,11.471913628729158,13.899244660396839
2024-01-25,2.3579087641806495,11.6203141618726,13.978222926053249
2024-01-26,2.497081566333767,11.480417999833891,13.977499566167658
2024-01-29,2.2705060318961294,11.810028682260091,14.08053471415622
2024-01-30,2.3554479778703854,11.714457401089657,14.069905378960042
2024-01-31,2.466923920760216,12.212749090983605,14.679673011743821
2024-02-01,2.7479162755405877,11.471337255652573,14.21925353119316
2024-02-02,2.59036482449984,11.693145501512307,14.283510326012147
2024-02-05,2.4893385783378914,11.647272507409195,14.136611085747086
2024-02-06,2.744675438123636,11.25725360299544,14.001929041119077
2024-02-07,2.862116290572674,10.988246802218319,13.850363092790992
2024-02-08,2.9657720859475702,10.915878676478533,13.881650762426103
2024-02-09,3.176809917588182,10.873007500877064,14.049817418465246
2024-02-12,2.540241110982322,11.89698921598018,14.437230326962503
2024-02-13,1.994274908413523,12.991805101198107,14.98608000961163
2024-02-14,2.5036590661562848,12.068235547970058,14.571894614126343
2024-02-15,2.6516748398762733,11.836785724258025,14.488460564134298
2024-02-16,2.4993857723809274,12.114892935986425,14.614278708367353
2024-02-19,2.0465581427867647,13.597639454534626,15.64419759732139
2024-02-20,1.8133096752702915,13.119262075740407,14.932571751010698
2024-02-21,1.8211212058860458,12.928627538454387,14.749748744340433
2024-02-22,2.3096530212935047,12.060589785156916,14.37024280645042
2024-02-23,2.7814549208587565,11.348015472231467,14.129470393090223
2024-02-26,2.54661872137525,11.592462657254508,14.139081378629758
2024-02-27,2.6406438890826482,11.260806130373314,13.901450019455963
2024-02-28,2.4153503677133177,11.722223949584121,14.137574317297439
2024-02-29,2.741001241077809,11.244659497966714,13.985660739044523
2024-03-01,3.060274041317207,10.921032945600414,13.981306986917621
2024-03-04,2.5781422276123678,11.667265245519323,14.24540747313169
2024-03-05,2.2985825435731826,12.382732914525722,14.681315458098904
2024-03-06,1.9008243757368426,12.80252375767025,14.703348133407093
2024-03-07,1.966920809776461,12.643002939989845,14.609923749766306
2024-03-08,2.532328544615588,12.341641142771527,14.873969687387115
2024-03-11,1.6479374627292938,13.387363838664124,15.035301301393417
2024-03-12,2.7898816322987923,11.750926035633674,14.540807667932466
2024-03-13,2.8330437990797,11.686366718620471,14.519410517700171
2024-03-14,2.6835571321631893,12.11792282820941,14.8014799603726
2024-03-15,2.521432110658239,12.490685665648735,15.012117776306974
2024-03-18,2.394944354662634,12.494706417724096,14.88965077238673
2024-03-19,2.5928469376183454,12.03222092365864,14.625067861276985
2024-03-20,2.9982204998395243,11.338294100911646,14.33651460075117
2024-03-21,3.1391985469649537,11.91721876559278,15.056417312557734
2024-03-22,3.3679187629953535,11.046434625570312,14.414353388565665
2024-03-25,3.277086389536837,11.263710178738512,14.540796568275349
2024-03-26,3.2590432648249283,11.16634225677406,14.425385521598988
2024-03-27,3.5180616528175417,10.688337136151791,14.206398788969333
2024-03-28,2.9963429449810377,11.683011138947165,14.679354083928203
2024-03-29,2.4715026828421056,11.93811248564723,14.409615168489335
2024-04-01,2.9883177827194363,11.582595729575356,14.570913512294792
2024-04-02,2.4841402775384633,12.512053806474762,14.996194084013226
2024-04-03,2.6023631630895103,12.300037045817492,14.902400208907002
2024-04-04,1.7239665372885167,13.896055192277156,15.620021729565673
2024-04-05,1.8366091200522519,13.787669970885721,15.624279090937973
2024-04-08,2.4073225369716287,12.811780633392313,15.219103170363942
2024-04-09,2.3334371786123658,12.806059224075147,15.139496402687513
2024-04-10,1.5214488391962195,14.090135161850592,15.611584001046811
2024-04-11,2.145979693513569,13.094225579400845,15.240205272914414
2024-04-12,1.4956000772448004,14.738213210472617,16.233813287717417
2024-04-15,0.3612929566215577,16.800596810001533,17.16188976662309
2024-04-16,0.7340367299712369,16.056246636436317,16.790283366407554
2024-04-17,0.8453436692352252,15.933545077200245,16.77888874643547
2024-04-18,0.9820111310356481,15.718480183907463,16.70049131494311
2024-04-19,0.7981282341200568,16.253277333185842,17.0514055673059
2024-04-22,1.424377189065801,14.624865737144102,16.049242926209903
2024-04-23,1.880585008719759,13.455754002250217,15.336339010969976
2024-04-24,1.2657486217253169,14.25020320294854,15.515951824673857
2024-04-25,1.1052300683764003,13.994739352308402,15.099969420684802
2024-04-26,1.8671097191507044,13.215345371613985,15.08245509076469
2024-04-29,1.7876248305339573,13.180035958988023,14.96766078952198
2024-04-30,1.491705600901378,13.893370661390932,15.38507626229231
2024-05-01,1.6679475315269645,13.807210890531998,15.475158422058962
2024-05-02,1.9716051140468878,13.108981843162068,15.080586957208956
2024-05-03,2.4863461351273966,12.083128752517013,14.56947488764441
2024-05-06,2.183233879009652,12.231411750828597,14.41464562983825
2024-05-07,2.4557270708681287,11.862632050721867,14.318359121589996
2024-05-08,2.606500283738045,11.71125433213306,14.317754615871106
2024-05-09,2.895672987859296,11.197906737336567,14.093579725195863
2024-05-10,2.980549121051519,11.105708232657975,14.086257353709494
2024-05-13,1.8242258825977817,12.471771827205625,14.295997709803407
2024-05-14,2.0005749031406346,12.130116936150909,14.130691839291543
2024-05-15,4.141464979089886,10.572219050311208,14.713684029401094
2024-05-16,3.327966875533951,10.534987858287801,13.862954733821752
2024-05-17,3.4476350318437845,10.271114465909845,13.71874949775363
2024-05-20,3.259354333857077,10.523227774567404,13.782582108424482
2024-05-21,3.410478126721321,10.218731754502585,13.629209881223906
2024-05-22,3.2172719883893137,10.637348812893224,13.854620801282538
2024-05-23,3.0411417776306973,10.908220308692593,13.94936208632329
2024-05-24,3.5038768573832897,10.150284490071815,13.654161347455105
2024-05-27,2.987060240290921,11.853107247676139,14.84016748796706
2024-05-28,2.9076432179197713,11.030961138550934,13.938604356470705
2024-05-29,2.191389637002212,12.195036892017852,14.386426529020063
2024-05-30,1.998167189271209,12.508558330500316,14.506725519771525
2024-05-31,2.775118807033728,11.100766221632885,13.875885028666612
2024-06-03,2.355641164084208,11.676416954142674,14.032058118226882
2024-06-04,2.3386788416801334,11.808943549240125,14.147622390920258
2024-06-05,2.6381797689831306,11.314161653175704,13.952341422158835
2024-06-06,2.7723186684248446,11.172216662062977,13.944535330487822
2024-06-07,3.1349589048443,10.774217085757433,13.909175990601733
2024-06-10,2.816849923150734,11.187794343407747,14.004644266558481
2024-06-11,2.771313027792182,11.190103924590353,13.961416952382535
2024-06-12,3.7151086216312788,9.983917492732557,13.699026114363836
2024-06-13,4.115824965937669,9.675507223487744,13.791332189425413
2024-06-14,3.8688327594386323,10.361649779051072,14.230482538489705
2024-06-17,3.4555285043282673,10.735363393633229,14.190891897961496
2024-06-18,3.6537333858964214,10.56852286924545,14.222256255141872
2024-06-19,1.8062241420210228,12.528851295395786,14.335075437416808
2024-06-20,3.370324945763276,11.34679798496618,14.717122930729456
2024-06-21,3.3875643734158523,11.196884109657933,14.584448483073785
2024-06-24,3.2902132314212515,11.453735967836431,14.743949199257683
2024-06-25,3.4109578342035825,11.081397706069684,14.492355540273266
2024-06-26,3.5643399132161644,10.855656595425396,14.41999650864156
2024-06-27,3.629216027926498,10.539575481142014,14.168791509068512
2024-06-28,3.521894705079525,10.683627732168974,14.205522437248499
2024-07-01,3.6959913774055018,10.300206838412397,13.996198215817898
2024-07-02,3.7916189020298248,10.048809816807983,13.840428718837808
2024-07-03,3.887346073447169,10.008403578986078,13.895749652433247
2024-07-04,2.6172718471735745,11.66065279244584,14.277924639619414
2024-07-05,3.9124527749778046,10.066484049651116,13.97893682462892
2024-07-08,3.615989437577481,10.370620354949924,13.986609792527405
2024-07-09,3.6050345998933455,10.487011068759891,14.092045668653236
2024-07-10,3.3258608322279084,10.762112820682487,14.087973652910396
2024-07-11,3.4828443626170067,10.796554837366058,14.279399199983065
2024-07-12,3.763670149541687,10.296500188155838,14.060170337697524
2024-07-15,3.1596641455444274,11.219715896647703,14.37938004219213
2024-07-16,3.2109371422515327,11.158499938833415,14.369437081084948
2024-07-17,2.537035971644798,12.41453512447761,14.951571096122407
2024-07-18,2.124252456493812,13.139949896645769,15.26420235313958
2024-07-19,1.4032954075815507,14.161958591455157,15.565253999036708
2024-07-22,2.1475615995261865,12.80745998008698,14.955021579613167
2024-07-23,2.1052123396899702,12.941127019813232,15.046339359503202
2024-07-24,0.9959973883919968,15.45827454045966,16.454271928851657
2024-07-25,0.638926132833344,15.983035662907177,16.62196179574052
2024-07-26,1.559157756793887,14.197787523529422,15.75694528032331
2024-07-29,1.2192286458346722,14.543266796451881,15.762495442286554
2024-07-30,0.17780236766498447,16.11593884709031,16.293741214755293
2024-07-31,1.3776004628512215,14.158532781119376,15.536133243970598
2024-08-01,0.5037309586756358,16.363386239935508,16.867117198611144
2024-08-02,-0.5167695112004296,19.82040717400287,19.30363766280244
2024-08-05,-8.564340576110691,32.86719059359306,24.302850017482367
2024-08-06,-2.8358966217284305,23.522776823011466,20.686880201283035
2024-08-07,-2.8350056294477923,23.672208424517635,20.837202795069842
2024-08-08,-0.8390786825644625,19.93136838498081,19.09228970241635
2024-08-09,0.4799493656221898,17.13832044552504,17.61826981114723
2024-08-12,-0.6056486797859044,18.35760185894719,17.751953179161287
2024-08-13,0.5745523399357939,15.99587114143298,16.570423481368774
2024-08-14,1.9971310229308568,13.826028636422647,15.823159659353504
2024-08-15,2.191967433800091,13.21634195546382,15.408309389263911
2024-08-16,2.5514762080588085,12.892298493721144,15.443774701779953
2024-08-19,2.6221422933788663,12.564544978122512,15.186687271501379
2024-08-20,2.427518680134339,13.27216012429274,15.699678804427078
2024-08-21,2.0235533574850315,13.827033278871378,15.85058663635641
2024-08-22,1.8406583401039285,14.448723969697216,16.289382309801145
2024-08-23,2.2431639577253932,13.419269439100704,15.662433396826097
2024-08-26,1.8996622352500907,13.77740202430581,15.6770642595559
2024-08-27,2.2078462058186563,13.27892926181069,15.486775467629347
2024-08-28,1.684814662544463,14.418747591624188,16.10356225416865
2024-08-29,2.5874929947290806,13.06286424007789,15.65035723480697
2024-08-30,2.6672793059533877,12.607371227486727,15.274650533440115
2024-09-02,1.696371221409244,14.341674336829186,16.03804555823843
2024-09-03,1.5465969114763354,15.968629091562203,17.51522600303854
2024-09-04,0.6400638762770718,17.330450146398423,17.970514022675495
2024-09-05,0.983813443123605,16.456637427355023,17.440450870478628
2024-09-06,0.6877974854250795,17.809127034842298,18.496924520267378
2024-09-09,0.874235625025733,16.702509001764515,17.576744626790248
2024-09-10,1.6843552943486166,15.673524508190418,17.357879802539035
2024-09-11,1.6245652726667572,15.165168462033307,16.789733734700064
2024-09-12,2.7802571401570475,13.808626288454349,16.588883428611396
2024-09-13,3.0504526824791505,13.469457571453525,16.519910253932675
2024-09-16,2.6681835611208555,14.059243184843268,16.727426745964124
2024-09-17,2.601379343889798,14.287555899834642,16.88893524372444
2024-09-18,2.2944937955510554,14.70921441569297,17.003708211244025
2024-09-19,3.1299341437106616,12.994775439758582,16.124709583469244
2024-09-20,2.725594785777716,13.563345459194377,16.288940244972093
2024-09-23,3.153090940477119,12.982107205452811,16.13519814592993
2024-09-24,3.3982034098446565,12.632187414470872,16.03039082431553
2024-09-25,3.4814654091498625,12.748984815999915,16.230450225149777
2024-09-26,3.3966057697849195,12.767763633010738,16.164369402795657
2024-09-27,2.641958268251596,14.222757533405744,16.86471580165734
2024-09-30,4.294558941472497,13.565668356189645,17.860227297662142
2024-10-01,1.3275343332179759,16.144615622300655,17.47214995551863
2024-10-02,1.5522737150029347,15.735157575032806,17.28743129003574
2024-10-03,0.8598086673502365,16.942656498825716,17.802465166175953
2024-10-04,1.9274703486431246,15.209568536563816,17.13703888520694
2024-10-07,0.3356740072291018,17.69821620533047,18.033890212559573
2024-10-08,1.0993859067429703,16.465354968062645,17.564740874805615
2024-10-09,1.3554127875967428,15.839602887739945,17.195015675336688
2024-10-10,1.5186845246814062,15.71779913577352,17.236483660454926
2024-10-11,0.41517172197175256,16.702449624258985,17.117621346230738
2024-10-14,0.5531924893718276,16.07425681433489,16.62744930370672
2024-10-15,0.12680585058522098,16.902878749612057,17.029684600197278
2024-10-16,0.7804992649370632,16.009895261158054,16.790394526095117
2024-10-17,1.036186986665614,15.385003079450184,16.4211900661158
2024-10-18,0.9376462120554958,15.097989758600653,16.03563597065615
2024-10-21,0.6974834327828052,15.388553952931177,16.086037385713983
2024-10-22,0.6858413553014131,15.321791941828753,16.007633297130166
2024-10-23,0.19205858796584252,16.42239419865327,16.61445278661911
2024-10-24,0.1896869779568462,16.325799024486358,16.515486002443204
2024-10-25,-0.17544900886377235,17.182474872787978,17.007025863924206
2024-10-28,-0.49790471590788954,17.214126432128808,16.716221716220918
2024-10-29,-0.45337092396170675,16.98133880318295,16.527967879221244
2024-10-30,-0.8673827762341695,17.92110501496664,17.05372223873247
2024-10-31,-2.0440977068683033,20.05061626040961,18.006518553541305
2024-11-01,-1.51407448491182,19.157883675444833,17.643809190533013
2024-11-04,-1.7415053080146947,19.16889243203859,17.427387124023895
2024-11-05,-1.385968111212918,17.92281658171516,16.536848470502242
2024-11-06,1.9633098350319873,13.505084450390184,15.468394285422171
2024-11-07,2.971166278245228,12.095719599788284,15.066885878033512
2024-11-08,3.2650530307742276,11.793771240998694,15.058824271772922
2024-11-11,2.724881264483443,12.365588903288106,15.09047016777155
2024-11-12,2.810002214378997,12.278745731748494,15.08874794612749
2024-11-13,3.4062316743633527,11.550727143219763,14.956958817583116
2024-11-14,2.722165745626734,12.379533494679034,15.101699240305768
2024-11-15,2.221739736501446,13.55203757842132,15.773777314922766
2024-11-18,0.4792579203249847,15.44096465370918,15.920222574034165
2024-11-19,1.9957340983629557,13.682527181490018,15.678261279852974
2024-11-20,1.6144794651143322,14.279810892646342,15.894290357760674
2024-11-21,2.021108132908129,13.829615347654789,15.850723480562918
2024-11-22,2.909433842834387,12.467959718977168,15.377393561811555
2024-11-25,3.0977913668039747,11.88924005168445,14.987031418488424
2024-11-26,3.1277574995144466,11.690084744713072,14.817842244227519
2024-11-27,3.1536025279430877,11.666929502002372,14.82053202994546
2024-11-28,0.6903617655407359,14.247115805844041,14.937477571384777
2024-11-29,3.31620589797968,11.336198014194878,14.652403912174558
2024-12-02,3.613904371252506,11.022482245883046,14.636386617135551
2024-12-03,3.602020266791401,10.994445995269002,14.596466262060403
2024-12-04,3.8045047648880246,10.994888016845564,14.799392781733589
2024-12-05,3.908543667485418,11.024070553716408,14.932614221201826
2024-12-06,4.45031627637708,10.419061984393325,14.869378260770405
2024-12-09,3.9668541845928864,11.3582892936292,15.325143478222087
2024-12-10,3.9221380954625538,11.339559872905967,15.261697968368521
2024-12-11,4.36275502545943,10.996858639946849,15.359613665406279
2024-12-12,4.43262079939973,11.096700527738795,15.529321327138526
2024-12-13,4.350198501345192,11.211228694005577,15.561427195350769
2024-12-16,3.9345938210958398,11.848259428490552,15.782853249586392
2024-12-17,3.5098091952702095,12.557421885445416,16.067231080715626
2024-12-18,-1.9784465745944892,20.947705860714258,18.96925928611977
2024-12-19,-0.3852372301094036,19.34583419530962,18.960596965200217
2024-12-20,1.9565972897659734,15.117757862144945,17.07435515191092
2024-12-23,2.6884014912350356,13.487695940449315,16.17609743168435
2024-12-24,3.759359213384686,11.507549598609899,15.266908811994584
2024-12-25,2.632260866386545,12.743793073665469,15.376053940052014
2024-12-26,3.9218910571117345,11.535140566226351,15.457031623338086
2024-12-27,3.072761290911332,12.740032670383956,15.812793961295288
2024-12-30,2.4159604897303044,13.907589181581764,16.32354967131207
2024-12-31,1.403530972528376,15.148769713883134,16.55230068641151
2025-01-01,1.4154594022847267,15.118234813819049,16.533694216103775
2025-01-02,1.757738160947202,14.857487977884087,16.61522613883129
2025-01-03,3.128800724950896,12.760740705119208,15.889541430070103
2025-01-06,2.9231664658596177,12.831693661420381,15.754860127279999
2025-01-07,2.1876754340742135,14.253888705769969,16.441564139844182
2025-01-08,2.263204688905878,14.207025103569675,16.470229792475553
2025-01-09,2.2066399464063977,14.69021279947074,16.896852745877137
2025-01-10,1.7744018582201964,15.675832930235886,17.450234788456083
2025-01-13,0.8795767249853306,16.248962028487387,17.128538753472718
2025-01-14,0.7319046057829759,16.148418185082754,16.88032279086573
2025-01-15,2.9445371949181727,12.95926464246203,15.903801837380202
2025-01-16,3.0151092500400605,12.96680366042748,15.98191291046754
2025-01-17,3.084157442126182,12.747352283032967,15.83150972515915
2025-01-20,1.0051308402730097,14.886750909726121,15.891881749999131
2025-01-21,1.114007093912436,14.786058632841023,15.900065726753459
2025-01-22,3.5176718495402923,11.889931625018853,15.407603474559146
2025-01-23,3.502265492139612,11.793126328479236,15.295391820618848
2025-01-24,3.5136075861756986,11.806062901612044,15.319670487787743
2025-01-27,1.5716555106022803,14.509538359727085,16.081193870329365
2025-01-28,2.3781008161248565,13.320340642810644,15.6984414589355
2025-01-29,2.2173519813486156,13.430523243198515,15.64787522454713
2025-01-30,2.790833832133197,12.821512122786732,15.61234595491993
2025-01-31,2.482546762291781,13.428906242905384,15.911453005197165
2025-02-03,1.0094881519900074,15.398269792710787,16.407757944700794
2025-02-04,2.034528908507765,13.980313586530452,16.014842495038216
2025-02-05,2.8204190689083415,12.757801531093913,15.578220600002254
2025-02-06,2.763318992358803,12.805397074292127,15.56871606665093
2025-02-07,2.834398884218251,13.072182377065063,15.906581261283314
2025-02-10,3.1341625274576206,12.538566232920582,15.672728760378202
2025-02-11,3.0949491187728775,12.609466183152323,15.7044153019252
2025-02-12,3.0472372393393368,12.746167567396983,15.79340480673632
2025-02-13,3.5355866679535453,11.956374101341599,15.491960769295144
2025-02-14,3.6532224115805167,11.848763202280521,15.501985613861038
2025-02-17,2.2729277820836717,13.374422192459082,15.647349974542754
2025-02-18,3.330696699528401,12.1628461030318,15.493542802560201
2025-02-19,3.0210217810873026,12.484557730920208,15.505579512007511
2025-02-20,2.4364681201659604,13.157716958680982,15.594185078846943
2025-02-21,1.5773532689554788,14.860831383466246,16.438184652421725
2025-02-24,1.0260997542881825,15.692547871066722,16.718647625354905
2025-02-25,0.7065755305577355,16.175419490191132,16.881995020748867
2025-02-26,0.662823502176014,16.097616299792232,16.760439801968246
2025-02-27,-2.2505626346603442,21.451505405475306,19.20094277081496
2025-02-28,0.4940330650103171,16.574204101790173,17.06823716680049
2025-03-03,-1.0557109215727962,19.34503764983432,18.289326728261525
2025-03-04,-1.4558615377639121,20.146565532599997,18.690703994836085
2025-03-05,-0.9304021307535884,19.02657218509621,18.096170054342622
2025-03-06,-2.3397619054811436,21.67764254420659,19.337880638725448
2025-03-07,-1.3684878855652833,20.04320275475821,18.674714869192925
2025-03-10,-3.6910682682092215,24.237526872036653,20.546458603827432
2025-03-11,-2.9822311008410765,23.648401378284987,20.66617027744391
2025-03-12,-1.6677653623719806,21.379247255103984,19.711481892732003
2025-03-13,-1.6751642518754615,21.672815607244623,19.99765135536916
2025-03-14,-0.24575700544669843,19.110389353739034,18.864632348292336
2025-03-17,0.10193852240746892,18.140844314153227,18.242782836560696
2025-03-18,-0.38454005564613425,19.07002859985717,18.685488544211037
2025-03-19,0.4339288692414094,17.52458831946581,17.95851718870722
2025-03-20,0.5270485428037723,17.339938548729844,17.866987091533616
2025-03-21,0.7221488505407585,16.904061416322797,17.626210266863556
2025-03-24,1.2965936398417028,15.423791558014408,16.72038519785611
2025-03-25,1.6637568729779701,15.051061004962744,16.714817877940714
2025-03-26,1.136309580263685,16.214422907752326,17.35073248801601
2025-03-27,0.9067634335526762,16.493822157119993,17.40058559067267
2025-03-28,-0.25095789001320057,19.109473087571708,18.858515197558507
2025-03-31,-0.7339840589493356,19.493402391828525,18.75941833287919
2025-04-01,-0.5618432289949737,19.16066964690783,18.598826417912857
2025-04-02,-0.1059600023899705,17.861119200461545,17.755159198071574
2025-04-03,-4.32829248336154,26.505824219874174,22.177531736512634
2025-04-04,-13.630477530367337,41.514083972350676,27.88360644198334
2025-04-07,-16.19675850273616,43.18309704014134,26.98633853740518
2025-04-08,-17.859610908414194,47.62890430317056,29.769293394756364
2025-04-09,-6.319067375651617,29.954269509829302,23.635202134177685
2025-04-10,-10.311183709772092,37.4822324787736,27.171048769001505
2025-04-11,-7.377704460200835,33.757887269305265,26.38018280910443
2025-04-14,-3.37739488323043,27.27307583945704,23.89568095622661
2025-04-15,-2.6174415651371454,26.193059281253905,23.57561771611676
2025-04-16,-3.852926530673301,28.792123751734945,24.939197221061644
2025-04-17,-2.1158420293661067,26.116573373446293,24.000731344080187
2025-04-18,-2.4276130435839143,26.554674976771135,24.12706193318722
2025-04-21,-1.9916983969041375,26.03695268483986,24.045254287935723
2025-04-22,-4.5651325281114445,30.366602036585117,25.801469508473673
2025-04-23,-2.0781991165811533,25.489318392940095,23.411119276358942
2025-04-24,-1.265735874430419,23.578554778097114,22.312818903666695
2025-04-25,-0.2796264505096886,21.932144901686648,21.65251845117696
2025-04-28,-0.6298268912808958,22.54324453780109,21.913417646520195
2025-04-29,0.22246446765668892,21.535216883288268,21.757681350944956
2025-04-30,-0.1153360804882908,22.11886805852207,22.00353197803378
2025-05-01,0.13406462969687993,21.896315523448955,22.030380153145835
2025-05-02,1.5180726549716717,19.49079299280722,21.00886564777889
2025-05-05,1.0470572963658746,20.32312497573775,21.370182272103623
2025-05-06,0.9029725246422906,20.946804964893484,21.849777489535775
2025-05-07,1.0984594472921323,20.388301177344466,21.4867606246366
2025-05-08,1.5508281730852076,19.39568026045971,20.946508433544917
2025-05-09,1.7023912126779095,19.0457927618849,20.74818397456281
2025-05-12,2.225351826460816,16.159068309262,18.384420135722817
2025-05-13,2.578298656579884,15.549002771890214,18.127301428470098
2025-05-14,2.7149237655811156,15.738458822670509,18.453382588251625
2025-05-15,2.864517352917618,15.306987502019451,18.17150485493707
2025-05-16,3.2276543648465132,14.944124809588255,18.171779174434768
2025-05-19,2.6419006287941063,15.83073785313208,18.472638481926186
2025-05-20,2.699633621306903,15.824638567074603,18.524272188381506
2025-05-21,1.4299360923042599,18.357753763832985,19.787689856137245
2025-05-22,1.893009711009391,17.72049399128855,19.61350370229794
2025-05-23,1.1380598779087414,19.360472592790735,20.498532470699477
2025-05-26,1.4491328405262323,19.11863144690461,20.567764287430844
2025-05-27,2.557449603686557,16.267143114964945,18.824592718651502
2025-05-28,2.3701535786189893,16.708574654188745,19.078728232807734
2025-05-29,2.5194174061037735,16.57692719562257,19.096344601726344
2025-05-30,2.850733635954132,16.150413199377724,19.001146835331856
2025-06-02,2.7500490906895436,16.01900039834452,18.769049489034064
2025-06-03,3.1872953964581328,15.321842738044388,18.50913813450252
2025-06-04,3.347592151295956,15.202914602262037,18.550506753557993
2025-06-05,2.9717738132005813,15.810196522469045,18.781970335669627
2025-06-06,3.91889651527811,14.20722478084097,18.12612129611908
2025-06-09,3.5074458342753125,14.654162148924598,18.16160798319991
2025-06-10,3.5281663301310235,14.467687613999852,17.995853944130875
2025-06-11,3.2976665903975118,14.802102139671863,18.099768730069375
2025-06-12,3.0674528929434555,15.188738910095017,18.256191803038472
2025-06-13,1.9799735260786164,17.282953449250694,19.26292697532931
2025-06-16,2.5914349757863313,15.823120960701992,18.414555936488323
2025-06-17,1.130625043174419,18.248582011987708,19.379207055162126
2025-06-18,1.9129672071768837,17.01413457259823,18.927101779775114
2025-06-19,1.3163758620847616,17.79876031535683,19.11513617744159
2025-06-20,1.79118961395152,17.42542451164094,19.21661412559246
2025-06-23,2.239273672362092,16.49544724010934,18.73472091247143
2025-06-24,3.1392240747433835,14.560818233731895,17.70004230847528
2025-06-25,2.442226031436313,15.326121153991398,17.76834718542771
2025-06-26,3.7200693750100378,13.736723053783727,17.456792428793765
2025-06-27,3.9870806024198675,13.455931849524783,17.44301245194465
2025-06-30,3.675623532716388,13.866714437111094,17.542337969827482
2025-07-01,2.9608426554860756,14.668880327352959,17.629722982839034
2025-07-02,3.730082357934325,13.720096155736371,17.450178513670696
2025-07-03,3.796161306740192,13.521268386666474,17.317429693406666
2025-07-04,2.4683508472066986,15.251130130354065,17.719480977560764
2025-07-07,2.8187224262747215,15.014002994707464,17.832725420982186
2025-07-08,3.454918096841485,13.979719459455922,17.434637556297407
2025-07-09,3.926281244887324,13.15206071733618,17.078341962223504
2025-07-10,4.025076528687229,12.955723709432476,16.980800238119706
2025-07-11,3.7292626947845573,13.565090054752202,17.29435274953676
2025-07-14,2.951725724507435,14.536346271316008,17.488071995823443
2025-07-15,2.812827289600012,14.87355999632021,17.686387285920222
2025-07-16,3.0175775938477436,14.642874737265974,17.660452331113717
2025-07-17,3.451577615318609,13.92281846219434,17.374396077512948
2025-07-18,3.556102907291283,13.796705105967924,17.352808013259207
2025-07-21,3.3004470647985045,13.914342063464716,17.21478912826322
2025-07-22,3.5129934559419578,13.799447751271183,17.31244120721314
2025-07-23,3.994870029740895,12.729762333707875,16.72463236344877
2025-07-24,3.9564656106608673,12.70506527105875,16.661530881719617
2025-07-25,4.261676598333741,12.247348436474583,16.509025034808325
2025-07-28,4.096931264979235,12.202689606485292,16.299620871464526
2025-07-29,3.582242376092127,13.063233811277803,16.64547618736993
2025-07-30,3.6114278877609642,12.806491108226023,16.417918995986987
2025-07-31,3.05032742107937,13.845722238954227,16.896049660033597
2025-08-01,1.301044111475619,16.77891753351888,18.079961644994498
2025-08-04,2.7042471795524463,14.384616810409682,17.088863989962128
2025-08-05,1.8823876096958934,15.48380711971944,17.366194729415334
2025-08-06,1.7724844849511499,15.833235745381256,17.605720230332405
2025-08-07,3.260178966567196,13.670819251282342,16.930998217849538
2025-08-08,2.3114480783170865,14.86161377728797,17.173061855605056
2025-08-11,3.0699308283445284,13.63692860691286,16.70685943525739
2025-08-12,2.8722982065003784,13.41906770216579,16.29136590866617
2025-08-13,3.073277964119141,13.460578918721913,16.533856882841054
2025-08-14,3.3554955808674904,13.270822605655553,16.626318186523044
2025-08-15,3.338137949940265,13.37699857182437,16.715136521764634
2025-08-18,3.395978261638591,13.405758963384853,16.801737225023444
2025-08-19,3.2176563272481378,13.426577389295025,16.644233716543162
2025-08-20,3.0621492343820904,13.931374333857555,16.993523568239645
2025-08-21,3.135136471241468,14.032615548399702,17.16775201964117
2025-08-22,2.644744448171597,14.76552385445045,17.410268302622047
2025-08-25,3.837100973561718,12.636752446239683,16.4738534198014
2025-08-26,3.57123441075022,13.217223342439924,16.788457753190144
2025-08-27,3.6488232957100255,13.063247221414626,16.71207051712465
2025-08-28,3.6050088920400167,13.134557838555432,16.73956673059545
2025-08-29,3.677137753460274,12.870895121530628,16.548032874990902
2025-09-01,3.5639314620702383,13.2519264980838,16.815857960154037
2025-09-02,3.5860792127336136,13.262573606483008,16.84865281921662
2025-09-03,2.4094951723158022,14.918534260998358,17.32802943331416
2025-09-04,3.192440020334832,13.41360845873277,16.606048479067603
2025-09-05,3.265436994506704,13.43004320290683,16.695480197413534
2025-09-08,3.5954740526428566,13.23124884898127,16.826722901624127
2025-09-09,3.2819065528725897,13.439288222885844,16.721194775758434
2025-09-10,3.2736287914336106,13.455913048315976,16.729541839749587
2025-09-11,3.122911511594614,13.20644602123709,16.329357532831704
2025-09-12,3.366854983202199,13.273682067908016,16.640537051110215
2025-09-15,3.659811273773176,13.047597603545427,16.707408877318603
2025-09-16,2.990738361846942,13.982341331737471,16.973079693584413
2025-09-17,2.6591397377888164,14.573963947336871,17.233103685125688
2025-09-18,2.8439178428919867,14.151821400199385,16.99573924309137
2025-09-19,2.965679563384686,14.101523161811528,17.067202725196214
2025-09-22,3.267868393703999,13.803428401286588,17.071296794990587
2025-09-23,2.8971571222513273,14.532428237562412,17.42958535981374
2025-09-24,2.7720750282231794,15.072978679405205,17.845053707628384
2025-09-25,2.9054758585819105,14.797751168535564,17.703227027117475
2025-09-26,2.680787559495988,15.165491519973193,17.84627907946918
2025-09-29,3.3590015717916692,13.895954615998981,17.25495618779065
2025-09-30,3.0035192642928283,14.53465784288061,17.53817710717344
2025-10-01,2.9564987228924906,14.53768274405141,17.4941814669439
2025-10-02,3.008673221597885,14.510667515148285,17.51934073674617
2025-10-03,2.8033945719392133,14.82093420370269,17.624328775641903
2025-10-06,3.024462042696914,14.634429662032336,17.65889170472925
2025-10-07,3.121840329083774,14.594953753711234,17.71679408279501
2025-10-08,2.659535704416939,15.364159541433839,18.023695245850778
2025-10-09,3.203287841716506,14.61803056188247,17.821318403598976
2025-10-10,3.144333115389843,14.700148834408433,17.844481949798276
2025-10-13,0.906189830199363,18.830310950326325,19.736500780525688
2025-10-14,1.8705335196138755,16.79511257966028,18.665646099274156
2025-10-15,1.0429833418432821,18.109105704399973,19.152089046243255
2025-10-16,1.110688980880461,18.066335807994204,19.177024788874665
2025-10-17,-1.14740044162113,21.660344950132387,20.512944508511257
2025-10-20,1.2018571355295684,17.889170876224217,19.091028011753785
2025-10-21,2.228129624993638,16.021594392970027,18.249724017963665
2025-10-22,2.5349965926220754,15.598268369006657,18.133264961628733
2025-10-23,2.159513085572094,16.19741861810386,18.356931703675954
2025-10-24,2.861270445357679,15.094530479935504,17.955800925293183
2025-10-27,3.3583776465870816,14.71355507329867,18.07193271988575
2025-10-28,3.4284051892808147,14.775333217437547,18.20373840671836
2025-10-29,3.0206387163178867,15.349334494863761,18.369973211181648
2025-10-30,3.2682722931176613,14.968171191688686,18.236443484806347
2025-10-31,3.3440856061894166,15.520771351086474,18.86485695727589
2025-11-03,3.1250931094913543,15.664328676262004,18.78942178575336
2025-11-04,3.3003031290737113,15.479606611528517,18.77990974060223
2025-11-05,2.2739755301305493,16.946493946089433,19.220469476219982
2025-11-06,2.6446302564933255,16.13868300447445,18.783313260967777
2025-11-07,1.828150488613673,17.372336959258853,19.200487447872526
2025-11-10,2.244887250737481,16.802191863985097,19.047079114722578
2025-11-11,2.917860700194673,15.60794281996575,18.525803520160423
2025-11-12,3.299875559478341,15.35298175866702,18.65285731814536
2025-11-13,3.1361471765730293,15.561246725586212,18.69739390215924
2025-11-14,1.973196007424459,17.596709823465876,19.569905830890335
2025-11-17,2.0720250543772565,17.335620435252842,19.4076454896301
2025-11-18,0.4189094119471015,19.67769515366066,20.096604565607763
2025-11-19,-0.7976886403577801,21.55110116986078,20.753412529503
2025-11-20,-2.0804182244680014,24.0166797575474,21.9362615330794
2025-11-21,-1.3705166517469465,22.82333389837089,21.452817246623944
2025-11-24,0.4834981592838865,20.101504616919524,20.58500277620341
2025-11-25,1.6532859828553228,17.9161396408822,19.569425623737523
2025-11-26,2.5234659178317145,16.37937656038313,18.902842478214843
2025-11-27,3.233858410503938,15.295302868073627,18.529161278577565
2025-11-28,3.3461668578002577,15.235617714941748,18.581784572742006
2025-12-01,3.7412549846014063,14.49837772277075,18.239632707372156
2025-12-02,3.159036171999798,15.410756195172578,18.569792367172376
2025-12-03,3.314710672231538,15.024437024989808,18.339147697221346
2025-12-04,3.5876678792127876,14.67536059344333,18.263028472656117
2025-12-05,3.808692605794496,14.308223719908012,18.11691632570251
2025-12-08,4.011313966609974,13.938009400819501,17.949323367429475
2025-12-09,3.4267402422647244,14.871748292826773,18.298488535091497
2025-12-10,3.2817011803242355,15.138265294904334,18.41996647522857
2025-12-11,3.8169608279957963,14.165371068943255,17.98233189693905
2025-12-12,4.298104552520272,13.464172018635153,17.762276571155425
2025-12-15,3.9503351647707134,13.935095899338346,17.88543106410906
2025-12-16,3.547786703831102,14.528812687121965,18.076599390953067
2025-12-17,3.3462435687428957,14.67549319888963,18.021736767632525
2025-12-18,2.6411183420389435,15.721082674361003,18.362201016399947
2025-12-19,2.9622828532277303,14.962173843108875,17.924456696336605
2025-12-22,3.782434530394722,13.37705797533719,17.15949250573191
2025-12-23,3.941625903622498,12.926194756024604,16.8678206596471
2025-12-24,3.94334057658482,13.02877430765875,16.97211488424357
2025-12-25,4.309866758392964,12.690616910100214,17.000483668493178
2025-12-26,4.387873908607787,12.587949986494582,16.97582389510237
2025-12-29,4.532561960822683,12.45147062471105,16.984032585533733
2025-12-30,4.261968958358274,12.825087378718983,17.087056337077257
2025-12-31,4.3151445892772635,12.829219787308105,17.14436437658537
2026-01-01,4.015278523648133,13.389896856367864,17.405175380015997
2026-01-02,4.076173708970169,13.3332668409929,17.40944054996307
2026-01-05,4.355389531991012,12.965231320196786,17.320620852187798
2026-01-06,4.1260225294273845,13.292410690680349,17.418433220107733
2026-01-07,4.088502805678118,13.214235541723049,17.302738347401167
2026-01-08,3.891893190107977,13.70157744919439,17.593470639302367
2026-01-09,3.7527085091847745,13.685822012839246,17.43853052202402
2026-01-12,4.287419995951355,12.76769223514095,17.055112231092306
2026-01-13,3.883008553420053,13.323313956221364,17.206322509641417
2026-01-14,3.5242702355838684,14.041276358622595,17.565546594206463
2026-01-15,3.2137706268910886,14.617764928714072,17.83153555560516
2026-01-16,3.7184489210505145,13.87026455775405,17.588713478804564
2026-01-19,3.7184489210505145,13.87026455775405,17.588713478804564
2026-01-20,3.821579283558826,13.808129857351975,17.6297091409108
2026-01-21,1.2088749497011797,17.653970909092475,18.862845858793655
2026-01-22,3.131254507805423,13.983089822384844,17.114344330190267
2026-01-23,3.543408614193277,14.086978256111331,17.63038687030461
2026-01-26,3.4851381982641794,14.378810686539067,17.863948884803246
2026-01-27,3.5435088608371075,14.362236915124768,17.905745775961876
2026-01-28,3.380070637974523,14.625675744440702,18.005746382415225
2026-01-29,3.4793085638406094,14.618627228043346,18.097935791883955
2026-01-30,3.4724725483912025,14.793654148448592,18.266126696839795
2026-02-02,3.1656421211862362,15.278171034698468,18.443813155884705
2026-02-03,3.5707208471742895,14.45526810767965,18.02598895485394
2026-02-04,2.5830018795443266,15.881794850268118,18.464796729812445
2026-02-05,2.0730887239454354,16.614921687310165,18.6880104112556
2026-02-06,0.3838360481602301,19.299228710774187,19.683064758934417
2026-02-09,2.9104968678191376,15.5810225704897,18.49151943830884
2026-02-10,2.9176949482264156,15.364812710174203,18.28250765840062
2026-02-11,2.760667948011463,15.76596601398882,18.526633962000282
2026-02-12,2.781824269304515,15.736826358716097,18.518650628020612
2026-02-13,1.0938037440541812,18.377823401354263,19.471627145408444
2026-02-16,1.5553995259595794,17.931625869450972,19.48702539541055
2026-02-17,1.5971121761915228,17.881428555513036,19.47854073170456
2026-02-18,1.2579440085271187,17.97289040683865,19.23083441536577
2026-02-19,1.7338326031125852,17.364194429215278,19.098027032327863
2026-02-20,1.4943325754909935,17.91530013414455,19.409632709635545
2026-02-23,2.3955449982581953,16.59912915352794,18.994674151786135
2026-02-24,1.2777165184532713,18.497657380865842,19.775373899319113
2026-02-25,2.2579645335553487,17.09166519764884,19.34962973120419
2026-02-26,3.1756367040879105,15.630717096965274,18.806353801053184
2026-02-27,2.8035320567085336,16.25603021079875,19.059562267507285
2026-03-02,2.3817407648214832,17.04578750148427,19.427528266305753
2026-03-03,1.44395696296678,18.37202604607152,19.815983009038302
2026-03-04,0.30846211375662946,20.122246831532483,20.430708945289112
2026-03-05,1.3027799872910002,18.32676325963431,19.62954324692531
2026-03-06,0.32983101492033384,20.15647153239481,20.486302547315145
2026-03-09,-1.2363526787287356,22.603275530357543,21.366922851628807
2026-03-10,-0.23513706135667078,21.66103310033886,21.425896038982188
2026-03-11,0.029810286361058758,21.153606161123207,21.183416447484266
2026-03-12,-1.8823953636572135,24.06109550417611,22.178700140518895
2026-03-13,-1.6188535980605678,24.20866493072187,22.589811332661302
2026-03-16,0.14242389288529722,21.398378140921807,21.540802033807104
2026-03-17,1.0647950443298733,19.90022004515145,20.965015089481323
2026-03-18,-0.5071793375699976,22.67764673915766,22.17046740158766
2026-03-19,0.4783072202787615,21.413184410559285,21.891491630838047
2026-03-20,-1.2722934366234462,24.09197323937343,22.819679802749985
2026-03-23,-0.9166148834246464,23.529396365649248,22.6127814822246
2026-03-24,-1.1468197597279186,23.694323963867397,22.54750420413948
2026-03-25,-0.13325837858350909,22.512017947268077,22.37875956868457
2026-03-26,-1.4269581420570354,24.39174403638249,22.964785894325455
2026-03-27,-3.046087785997191,27.709230209577196,24.663142423580005
2026-03-30,-2.3026727238562152,27.21317736455423,24.910504640698015
2026-03-31,-1.8516286356127054,26.62846151991165,24.776832884298944
2026-04-01,0.4768053351753636,22.107765191539322,22.584570526714685
2026-04-02,0.8017491765725993,21.22671336081298,22.02846253738558
2026-04-03,0.9511641519461591,20.808134100109683,21.759298252055842
2026-04-06,1.1348012014952893,20.568870011389613,21.703671212884903
2026-04-07,0.5753712279206731,20.909811479755554,21.485182707676227
2026-04-08,-0.4703445620161695,22.33957761733634,21.86923305532017
2026-04-09,1.6093909436775569,18.361564815889473,19.97095575956703
2026-04-10,2.3690748707570464,17.037329506174963,19.40640437693201
2026-04-13,2.6549409310546075,16.766053057073517,19.420993988128124
2026-04-14,2.2692409494575294,16.66756665584707,18.9368076053046
2026-04-15,2.662402593853418,16.088505573181457,18.750908167034876
2026-04-16,2.759652181955385,16.05979257481106,18.819444756766444
2026-04-17,3.0701671610746217,15.815005881252262,18.885173042326883
2026-04-20,3.59471150469178,15.195471678359851,18.79018318305163
2026-04-21,2.8657451409963137,16.4092975229372,19.275042663933515
2026-04-22,2.43218386188148,17.047768962770647,19.479952824652127
2026-04-23,2.8610508543055992,16.448081841407888,19.309132695713487
2026-04-24,2.5715877171763637,16.86208200039731,19.433669717573675
2026-04-27,2.9844761821122994,16.345276972037297,19.329753154149596
2026-04-28,3.2104473029503406,15.970516275029228,19.18096357797957
2026-04-29,3.1087312203529365,15.925947709278326,19.034678929631262
2026-04-30,2.6618231724450396,16.65839000676953,19.32021317921457
2026-05-01,3.5100412262668303,15.178820766591366,18.688861992858197
2026-05-04,3.743545115508727,15.17480769690572,18.918352812414447
2026-05-05,2.9984608634299903,16.267028457601917,19.265489321031907
2026-05-06,3.492215876339193,15.698163552108218,19.19037942844741
2026-05-07,3.3812865627092936,15.600378305623744,18.981664868333038
2026-05-08,3.5428874803432855,15.282602573266555,18.82549005360984
2026-05-11,3.5208856474404815,15.329018818317047,18.84990446575753
2026-05-12,2.9088847586808946,16.348869085346458,19.257753844027352
2026-05-13,3.085831565847453,16.117850456884682,19.203682022732135
2026-05-14,3.352107699638264,16.02394690820429,19.376054607842555
2026-05-15,3.6326313139508493,15.52601966381555,19.1586509777664
2026-05-18,3.110861421556809,16.247908537233695,19.358769958790504
2026-05-19,2.896043753023992,16.49721244505841,19.3932561980824
2026-05-20,3.010918970750069,16.155489128407634,19.166408099157703
2026-05-21,3.352974913870618,15.661169974688093,19.01414488855871
2026-05-22,3.6178754969187725,14.982629695164798,18.60050519208357
2026-05-25,3.722418054819924,14.902746573296904,18.625164628116828
2026-05-26,3.7606719700947604,14.870571842107092,18.631243812201852
2026-05-27,3.3401643821072007,15.351458115776914,18.691622497884115
2026-05-28,3.8052742397741603,14.747258290259438,18.5525325300336
2026-05-29,4.028744350306194,14.387359083723588,18.416103434029782
2026-06-01,4.28302063598788,13.805544722544601,18.08856535853248
2026-06-02,4.03014851032189,14.475494283928136,18.505642794250026
2026-06-03,4.282931244981194,14.289080472198092,18.572011717179286
2026-06-04,4.2998664684009,14.458794402785689,18.75866087118659
2026-06-05,4.458237084723159,14.028888998916205,18.487126083639364
2026-06-08,2.2967394506448784,16.592824608603202,18.88956405924808
2026-06-09,2.300238885817933,16.67848681586893,18.978725701686862
2026-06-10,1.8468997081809775,17.44867793822939,19.29557764641037
2026-06-11,0.9134702416500531,19.231702295196346,20.1451725368464
2026-06-12,2.2404410616707615,17.11054886486129,19.35098992653205
2026-06-15,3.366880258855163,15.478020735934619,18.844900994789782
2026-06-16,3.8113902918769433,14.37926212019794,18.190652412074883
2026-06-17,3.8139041873082853,14.461978523401179,18.275882710709464
2026-06-18,2.565673643366228,16.25154103243758,18.817214675803807
2026-06-19,3.6405099263488694,14.676955054826504,18.317464981175373
2026-06-22,3.71087046486951,14.583222428112611,18.29409289298212
2026-06-23,2.9946449474164005,15.44855506452896,18.44320001194536
2026-06-24,1.7849046302066114,17.334162969043415,19.119067599250027
2026-06-25,2.1106776143920563,16.615950617649457,18.726628232041513
2026-06-26,1.8649864535128309,16.854007017318335,18.718993470831165
2026-06-29,2.1888155225324404,16.35827020329898,18.54708572583142
2026-06-30,2.4498641848727747,15.771328554307788,18.221192739180562
2026-07-01,3.131784672592458,14.799328005005746,17.931112677598204
2026-07-02,3.207214265321248,14.813746401143597,18.020960666464845
2026-07-03,3.4348033732579246,14.490060800279473,17.924864173537397
2026-07-06,3.553210749628253,14.351422035962088,17.90463278559034
2026-07-07,3.749742402758768,13.955596239692229,17.705338642450997
2026-07-08,3.3810257019381655,14.459914280059428,17.840939981997593
2026-07-09,3.3815084177973223,14.458855387906711,17.840363805704033
2026-07-10,3.6577313292682714,14.131635747738128,17.7893670770064
2026-07-13,4.120339226851494,13.451384296030655,17.57172352288215
2026-07-14,2.9147260260454395,15.151307274587648,18.066033300633087
2026-07-15,3.1735330564987656,14.68401452557628,17.857547582075046
2026-07-16,3.0084088289104542,15.00725882887323,18.015667657783684
2026-07-17,3.1463901159526806,14.840551276559122,17.986941392511802
2026-07-20,2.2625181203559315,16.22038596833081,18.48290408868674
2026-07-21,2.0260468300888768,16.39816056007981,18.424207390168686
2026-07-22,2.8299337492519925,15.185807751283129,18.01574150053512
2026-07-23,3.237799716854971,14.802506516943255,18.040306233798226
2026-07-24,2.0949630343058026,16.485216356529158,18.58017939083496
2026-07-27,2.303833490229078,16.14431938479882,18.448152875027898
2026-07-28,1.969821601338431,16.241069430690832,18.210891032029263
2026-07-29,2.1016514587085506,15.881941483903011,17.983592942611562
2026-07-30,1.121845887719509,17.929771657753474,19.051617545472983
2026-07-31,2.9925891894263117,14.84725005748615,17.83983924691246
2026-08-03,3.6445157807125828,14.024923379910328,17.66943916062291
2026-08-04,3.6067032633399325,13.989818230499958,17.59652149383989
2026-08-05,3.0594516064344752,14.749681396336346,17.80913300277082
2026-08-06,3.441105549663515,14.1642957296155,17.605401279279015
2026-08-07,3.772165116630271,13.639617356006239,17.41178247263651
2026-08-10,4.064736140878857,13.419084503564385,17.48382064444324
2026-08-11,3.6668955779221104,13.952806146786104,17.619701724708214
2026-08-12,3.573145321701089,14.004910148297741,17.57805546999883
2026-08-13,3.9964620587497244,13.401510867518493,17.397972926268217
2026-08-14,4.113530386662076,13.386805021829504,17.50033540849158
2026-08-17,4.284463498455914,13.105657697164009,17.390121195619923
2026-08-18,3.9407793760571135,13.797478098310245,17.73825747436736
