Date,HS_Delta,VIX_O1,VIX_O6
2010-07-29,4.77224080534663,21.13633023791475,25.90857104326138
2010-07-30,4.459834823882691,21.53716357998593,25.99699840386862
2010-08-02,4.173758309024038,20.833036940857504,25.00679524988154
2010-08-03,4.714788181730221,20.236103298840025,24.950891480570245
2010-08-04,4.60804808504971,20.31629058720286,24.92433867225257
2010-08-05,4.247142134227008,20.582482968245657,24.829625102472665
2010-08-06,4.206686764703058,21.369330045756392,25.57601681045945
2010-08-09,3.3657383364131803,21.488366463329,24.85410479974218
2010-08-10,3.527688727083614,21.82935566517601,25.357044392259624
2010-08-11,4.217850176017905,22.77862246345472,26.996472639472625
2010-08-12,3.888400323661166,22.420828170392106,26.309228494053272
2010-08-13,4.361255100475873,22.404723960801412,26.765979061277285
2010-08-16,3.0592921898483354,22.934709189859685,25.99400137970802
2010-08-17,2.7727567378869544,22.78839143651932,25.561148174406274
2010-08-18,2.3420413539450315,23.05902825429855,25.40106960824358
2010-08-19,3.2885044782286457,23.349778265180614,26.63828274340926
2010-08-20,3.42762426645276,23.78162434455426,27.20924861100702
2010-08-23,3.2893486965540184,23.373519610514126,26.662868307068145
2010-08-24,3.064407039228584,24.353654069183477,27.41806110841206
2010-08-25,3.032534709120231,25.087879753608096,28.120414462728327
2010-08-26,2.8889578368947433,24.32474340645292,27.213701243347664
2010-08-27,3.458333133934982,23.653887490861266,27.112220624796247
2010-08-30,3.3716549377637826,23.765025910137872,27.136680847901655
2010-08-31,3.219662853198109,24.049298581888166,27.268961435086275
2010-09-01,2.4544096269374975,22.544624317354014,24.99903394429151
2010-09-02,1.4561904347929193,22.28840490181615,23.74459533660907
2010-09-03,2.2512748206975104,22.340273193230885,24.591548013928396
2010-09-06,2.9341664126920506,22.395024477718792,25.329190890410842
2010-09-07,3.065233048282348,21.928412213660874,24.99364526194322
2010-09-08,5.831584773011141,21.77750295135546,27.6090877243666
2010-09-09,11.968408527487117,21.263175192396172,33.23158371988329
2010-09-10,3.7292289261656073,20.600665968541197,24.329894894706804
2010-09-13,2.619356136338901,20.514031951825178,23.13338808816408
2010-09-14,2.9137952793645923,20.279774369148214,23.193569648512806
2010-09-15,2.9133927239562105,20.68096367670183,23.59435640065804
2010-09-16,4.169706416882313,21.300303011114448,25.47000942799676
2010-09-17,4.02488372550139,21.141028979510054,25.165912705011444
2010-09-20,8.359617982967734,22.923429154110966,31.2830471370787
2010-09-21,12.223506594629864,23.34897368882022,35.57248028345008
2010-09-22,9.472200708666502,23.58951283828353,33.06171354695003
2010-09-23,9.115474230694204,23.34003157901443,32.45550580970863
2010-09-24,12.727148963173853,23.31364355834365,36.0407925215175
2010-09-27,-0.51986538034771,21.83914665468869,21.31928127434098
2010-09-28,-0.34336369206369,21.809632027083268,21.466268335019578
2010-09-29,-0.4481900144874871,21.876900073027304,21.428710058539817
2010-09-30,-0.47782464250400736,21.81914300261654,21.34131836011253
2010-10-01,-0.528588430827643,21.820720167801298,21.292131736973655
2010-10-04,-0.17910567686729806,21.004133420151685,20.825027743284387
2010-10-05,0.35484656345321497,20.984061769702954,21.33890833315617
2010-10-06,0.7226663618074021,20.975388825901824,21.698055187709226
2010-10-07,0.8893599152007745,21.20823593947993,22.097595854680705
2010-10-08,1.2616616628241495,21.00562271369854,22.26728437652269
2010-10-11,7.986136571791988,19.645743545597398,27.631880117389386
2010-10-12,6.13073649731183,19.163114434941008,25.293850932252838
2010-10-13,-0.34021651348200166,19.63048512661283,19.290268613130827
2010-10-14,-0.38136915251855186,20.02994648526495,19.6485773327464
2010-10-15,1.9718790870369958,19.36494225146089,21.336821338497884
2010-10-18,1.5378497188417946,19.474532608670806,21.0123823275126
2010-10-19,1.887869020117403,19.313207657418676,21.20107667753608
2010-10-20,2.054417361968067,19.299156726716475,21.353574088684542
2010-10-21,2.1964863861034694,20.045049328744156,22.241535714847625
2010-10-22,2.599418210776399,19.562063142932526,22.161481353708925
2010-10-25,2.8627607488035345,19.322181212121478,22.184941960925013
2010-10-26,2.7364727044400468,19.148844896390855,21.885317600830902
2010-10-27,2.842506140565746,19.053089704864394,21.89559584543014
2010-10-28,2.8391914954443784,19.063332325398797,21.902523820843175
2010-10-29,2.8530945951742552,19.03389075483765,21.886985350011905
2010-11-01,-0.2554698284832835,13.660709183245745,13.405239354762461
2010-11-02,-0.8676112142302408,13.907679370829692,13.040068156599451
2010-11-03,-0.1392449186701885,13.642384658272585,13.503139739602396
2010-11-04,-0.49839390137767126,13.870651071131611,13.37225716975394
2010-11-05,5.598567515022424,13.877057682314184,19.47562519733661
2010-11-08,4.539295878807,13.846049511384429,18.38534539019143
2010-11-09,4.558913962743723,13.82294805320916,18.381862015952883
2010-11-10,2.9734189679063388,13.68819261082937,16.66161157873571
2010-11-11,3.1190190051446596,13.62714218593406,16.74616119107872
2010-11-12,3.047338748819783,13.767886893800728,16.81522564262051
2010-11-15,2.99981765020763,13.621659061043426,16.621476711251056
2010-11-16,-0.1610913012943822,13.707214323258246,13.546123021963863
2010-11-17,-0.043103911695485664,13.577216519054284,13.534112607358798
2010-11-18,-0.19926727431110614,13.664629939214617,13.46536266490351
2010-11-19,-0.31200238730833263,13.726571493235424,13.414569105927091
2010-11-22,0.35200217914081655,12.622311465850744,12.974313644991561
2010-11-23,0.4021901389169802,12.619689596523587,13.021879735440567
2010-11-24,0.39016099159407247,12.660608237284684,13.050769228878757
2010-11-25,0.31211039504571403,12.645054465131253,12.957164860176967
2010-11-26,0.2921918366839087,12.612813842540064,12.905005679223972
2010-11-29,-0.3055124968210148,13.898709182416303,13.593196685595288
2010-11-30,-0.41059333872446757,14.026866404531283,13.616273065806816
2010-12-01,-0.05519813992139788,13.650871064227585,13.595672924306188
2010-12-02,0.09190544445397997,13.595906175337522,13.687811619791502
2010-12-03,-0.1740783760407325,13.712822387983534,13.538744011942802
2010-12-06,-0.080978594473196,13.670600230733717,13.58962163626052
2010-12-07,1.4456365776282016,13.57277182684071,15.01840840446891
2010-12-08,1.6613152218603773,13.445836991323942,15.10715221318432
2010-12-09,8.921325767685637,13.714138870055919,22.635464637741556
2010-12-10,7.6812401601624565,13.632941889150729,21.314182049313185
2010-12-13,1.4179868550308612,13.727995691693879,15.14598254672474
2010-12-14,7.155262249703085,13.821449455635197,20.976711705338282
2010-12-15,0.05582229022267704,13.842418559109973,13.89824084933265
2010-12-16,-0.09742294435745613,13.972721240985821,13.875298296628365
2010-12-17,0.3202792690649314,13.548250209356786,13.868529478421717
2010-12-20,0.1802470219124057,12.628780987069273,12.809028008981679
2010-12-21,0.253271893132478,12.52775224342999,12.781024136562468
2010-12-22,0.04151867505021123,12.668761058980941,12.710279734031152
2010-12-23,0.3659847354883947,12.465105192277184,12.831089927765579
2010-12-24,0.36619368794046636,12.465223271425346,12.831416959365813
2010-12-27,0.33867838753854507,12.439863161488141,12.778541549026686
2010-12-28,-0.008701563021373815,12.663131532837188,12.654429969815814
2010-12-29,0.16676799064013537,13.55602787566634,13.722795866306475
2010-12-30,0.1085285721137943,13.574080506620353,13.682609078734147
2010-12-31,0.10852857211378897,13.574080506620364,13.682609078734153
2011-01-03,0.1514159808556954,13.511631943699765,13.66304792455546
2011-01-04,0.17270516023248028,13.544485189424702,13.717190349657182
2011-01-05,0.16879954102081385,13.511636795944598,13.680436336965412
2011-01-06,0.17397114913206835,13.496273014235213,13.67024416336728
2011-01-07,0.0541629614914676,13.571571470215678,13.625734431707146
2011-01-10,0.08381244444208136,13.629895940917446,13.713708385359528
2011-01-11,0.17560679043929284,13.611947021234974,13.787553811674266
2011-01-12,0.2617970991330161,13.495083632450042,13.756880731583058
2011-01-13,0.10704846715360894,13.609009180896015,13.716057648049624
2011-01-14,0.08257988865224242,13.54683816963432,13.629418058286562
2011-01-17,0.1110849983932507,13.556006213447208,13.667091211840459
2011-01-18,0.25196011135905927,13.52877962504842,13.78073973640748
2011-01-19,0.26505543082988403,13.47725571722028,13.742311148050163
2011-01-20,0.2736793180875239,13.436492727416585,13.710172045504109
2011-01-21,0.1684637479410913,13.475252597013357,13.643716344954449
2011-01-24,0.30803779484262606,13.563668353388877,13.871706148231503
2011-01-25,0.3283261948389242,13.474381496128437,13.802707690967361
2011-01-26,0.31275902593273663,13.512588120880476,13.825347146813213
2011-01-27,0.2564721438397566,13.506752156791416,13.763224300631173
2011-01-28,0.29877697561973093,13.516606612294826,13.815383587914557
2011-01-31,0.20607189172222817,13.538021570084574,13.744093461806802
2011-02-01,0.3838782614484053,13.437091433903195,13.8209696953516
2011-02-02,0.3291982721663391,13.478355699621556,13.807553971787895
2011-02-03,0.2966041479023751,13.518715463264734,13.815319611167109
2011-02-04,0.17025311136938726,13.568675549775596,13.738928661144984
2011-02-07,0.20373160847250027,13.586385465952745,13.790117074425245
2011-02-08,0.32942549540732635,13.542454815143179,13.871880310550505
2011-02-09,0.15385415717647888,13.624050213048221,13.7779043702247
2011-02-10,0.29566808691734536,13.476271229705741,13.771939316623087
2011-02-11,0.26218485668207947,13.494975265685413,13.757160122367493
2011-02-14,0.17671209284651823,13.658508378647912,13.83522047149443
2011-02-15,0.27725232957380186,13.497263514279153,13.774515843852955
2011-02-16,0.19844129437121794,13.527875854759902,13.72631714913112
2011-02-17,0.13124610351714416,13.667225159335239,13.798471262852383
2011-02-18,0.22509592903974251,13.573516301231717,13.798612230271459
2011-02-21,0.31087973612370234,13.512294515632691,13.823174251756393
2011-02-22,0.29534073215414836,13.451229995527278,13.746570727681426
2011-02-23,0.24225032697953885,13.537783986305907,13.780034313285446
2011-02-24,0.2680285421857107,13.580387228048362,13.848415770234073
2011-02-25,0.22863828613963477,12.261057853046275,12.48969613918591
2011-02-28,0.21315542467533,12.294682424364721,12.507837849040051
2011-03-01,0.08146798535041633,12.372162138982544,12.45363012433296
2011-03-02,0.0060333064157447325,12.461122783184713,12.467156089600458
2011-03-03,0.1473097530179004,12.37650455110985,12.52381430412775
2011-03-04,0.2435752890656282,12.288302946435737,12.531878235501365
2011-03-07,-0.01600698710324977,12.469300471258455,12.453293484155205
2011-03-08,0.14079832837803963,12.405537139175012,12.546335467553051
2011-03-09,0.10985288055620934,12.35861857523535,12.46847145579156
2011-03-10,0.11544929784872515,12.42886627887073,12.544315576719455
2011-03-11,0.1748677590474923,12.368525402098859,12.543393161146351
2011-03-14,0.23320568893707616,12.354169879390703,12.58737556832778
2011-03-15,-0.019883473710237354,12.4661626225071,12.446279148796863
2011-03-16,-0.06966069884268222,12.512344763516413,12.442684064673731
2011-03-17,0.18098412426028077,12.381193656006367,12.562177780266648
2011-03-18,-0.35378171523700885,13.761200986342956,13.407419271105947
2011-03-21,0.07581289176372152,13.29151824021923,13.36733113198295
2011-03-22,3.366795271625106,11.014262927177231,14.381058198802338
2011-03-23,-0.03127812112764161,13.98811212356267,13.956834002435029
2011-03-24,-0.38675601770071033,14.098307976181335,13.711551958480625
2011-03-25,-0.34408372254589814,14.005610930268075,13.661527207722177
2011-03-28,-0.20218470738449668,13.95193283121782,13.749748123833323
2011-03-29,-0.08135467856135392,13.805969646163549,13.724614967602195
2011-03-30,-0.1013466397333751,13.837663408588794,13.736316768855419
2011-03-31,-0.029112997608942592,13.793382394751882,13.76426939714294
2011-04-01,-0.18111614024370937,13.829266543041207,13.648150402797498
2011-04-04,-0.15078176105781083,13.728420038872216,13.577638277814405
2011-04-05,-0.22567121343860563,13.83792303437564,13.612251820937034
2011-04-06,-0.10988961932355856,13.293001742608851,13.183112123285293
2011-04-07,-0.7660736637848071,13.592804043954128,12.826730380169321
2011-04-08,-0.026369712639747078,13.229793269293106,13.203423556653359
2011-04-11,-0.3119717979389627,13.451217972249971,13.139246174311008
2011-04-12,-0.5987692730901575,13.827256597511683,13.228487324421526
2011-04-13,-0.6740205295051283,13.870946840551223,13.196926311046095
2011-04-14,-1.6722292438743889,14.901649178109777,13.229419934235388
2011-04-15,0.6101859730070576,12.659483452492104,13.269669425499162
2011-04-18,0.2632796814072993,12.972891590924313,13.236171272331612
2011-04-19,0.45929108241796257,12.833368859982466,13.292659942400428
2011-04-20,0.49101219587889666,12.78402537894754,13.275037574826436
2011-04-21,-1.2702655274832537,14.749109380524883,13.47884385304163
2011-04-22,-1.2702655274832537,14.749109380524883,13.47884385304163
2011-04-25,-1.2702655274832537,14.749109380524883,13.47884385304163
2011-04-26,-0.9911298070481802,14.530877079770544,13.539747272722364
2011-04-27,-1.16265330686727,14.683979850671447,13.521326543804177
2011-04-28,-1.0782943393122508,14.573443992646999,13.495149653334748
2011-04-29,-1.1078842578050594,14.5572946364682,13.44941037866314
2011-05-02,-0.9949916193749555,14.537422372672069,13.542430753297113
2011-05-03,-1.043133795874068,14.555953034584768,13.5128192387107
2011-05-04,-1.1274845515128025,14.676107059340923,13.54862250782812
2011-05-05,-1.1852979310527285,14.716760779493832,13.531462848441103
2011-05-06,-0.7498458048005805,13.280416845108716,12.530571040308136
2011-05-09,-0.5753728529228237,13.108672320006276,12.533299467083452
2011-05-10,-0.5226221152365493,13.104243425391255,12.581621310154706
2011-05-11,-0.6349997890899992,13.213271883693784,12.578272094603784
2011-05-12,-0.49270052200167136,13.645454583464423,13.152754061462751
2011-05-13,-0.5608734301375318,13.663063064279346,13.102189634141814
2011-05-16,-0.5351919824220932,13.632978170358893,13.0977861879368
2011-05-17,-0.4025270557862619,13.513532186737745,13.111005130951483
2011-05-18,-0.12730249561925433,13.219792637575855,13.0924901419566
2011-05-19,-0.13467980934994728,13.242459751929822,13.107779942579874
2011-05-20,-0.1602541524659653,13.25961513771848,13.099360985252515
2011-05-23,-0.11256450454043865,13.21717605518977,13.10461155064933
2011-05-24,-0.07031350562110816,13.180212223205812,13.109898717584704
2011-05-25,-0.13681859712717426,13.281568847449298,13.144750250322124
2011-05-26,-0.07778201442499011,13.212060928467581,13.134278914042591
2011-05-27,-0.05102439430185868,13.143022079498296,13.091997685196437
2011-05-30,-0.1710695609702988,13.27951312474176,13.108443563771461
2011-05-31,-0.13941653908230656,13.269486191586562,13.130069652504256
2011-06-01,-0.17565067382322042,13.29938256629714,13.12373189247392
2011-06-02,-0.15652278961235844,13.272456102897673,13.115933313285314
2011-06-03,-0.06377178842763875,12.272474948427515,12.208703159999876
2011-06-06,-0.17038317655471502,12.33787232571672,12.167489149162005
2011-06-07,-0.04502703391214169,12.238868417083738,12.193841383171597
2011-06-08,-0.19954667861655295,12.366690271866041,12.167143593249488
2011-06-09,-0.11698653144955706,12.29489882585519,12.177912294405633
2011-06-10,-0.1259340971752394,12.30617242058956,12.18023832341432
2011-06-13,-0.16278689084848175,12.4924712135394,12.329684322690918
2011-06-14,-0.04658554290256944,12.42557068048107,12.3789851375785
2011-06-15,-0.11463859725101422,12.445406064734774,12.33076746748376
2011-06-16,-0.029650481449081667,12.35741374600057,12.32776326455149
2011-06-17,-0.06129847958555246,12.420652652655743,12.35935417307019
2011-06-20,-0.08940000145717697,12.403548087730321,12.314148086273145
2011-06-21,-0.08423297305009925,12.434112691785055,12.349879718734956
2011-06-22,-0.12360860217095748,12.458101593040514,12.334492990869556
2011-06-23,-0.037136214521019895,12.361362235128762,12.324226020607743
2011-06-24,0.00183789049599703,12.332405262382078,12.334243152878075
2011-06-27,-0.07269580504607731,12.431275006809646,12.358579201763568
2011-06-28,0.035572877429659755,12.350415419932686,12.385988297362346
2011-06-29,-0.21239693746504962,12.590883688834884,12.378486751369834
2011-06-30,-0.038858700008413294,12.413566564245661,12.374707864237248
2011-07-01,-0.1319551219735544,12.520855427952515,12.38890030597896
2011-07-04,-0.11039951475097354,12.517928792931809,12.407529278180835
2011-07-05,-0.25532849793563095,12.652440031809745,12.397111533874114
2011-07-06,-0.07661796190213543,12.510581518887331,12.433963556985196
2011-07-07,-0.08881061428345838,12.467885216712379,12.37907460242892
2011-07-08,-0.2875118106641761,12.67854984167623,12.391038031012053
2011-07-11,-0.2640383030241349,12.645976372034596,12.381938069010461
2011-07-12,-0.4997275077401717,12.868814685307662,12.36908717756749
2011-07-13,-0.738128710903224,13.09277417461997,12.354645463716746
2011-07-14,-1.097883953263043,13.476943064169888,12.379059110906844
2011-07-15,0.015115085892004387,12.412710398183409,12.427825484075413
2011-07-18,-0.16586760908952058,12.522810834776084,12.356943225686564
2011-07-19,-0.20866230557711596,12.604606364574442,12.395944058997326
2011-07-20,-0.022689774480147307,12.430168294491908,12.407478520011761
2011-07-21,-0.07597589110415548,12.492938736735189,12.416962845631033
2011-07-22,-0.10601488492694244,12.511776238391938,12.405761353464996
2011-07-25,-0.10075310065053245,12.47270739584126,12.371954295190728
2011-07-26,-0.004863061667677471,12.3936629627873,12.388799901119622
2011-07-27,-0.10398039647462021,12.47886396068747,12.37488356421285
2011-07-28,-0.14634365336030264,12.526924517205481,12.380580863845179
2011-07-29,-0.20394543630066764,12.566211140968027,12.36226570466736
2011-08-01,0.0009021393437098624,12.417275815971234,12.418177955314944
2011-08-02,-0.17273423863206183,12.524157238875693,12.351423000243631
2011-08-03,-0.04233859730872247,12.425448783975668,12.383110186666945
2011-08-04,-0.3284709016185161,12.79336553264662,12.464894631028104
2011-08-05,-0.6199676757305106,13.009265721881095,12.389298046150584
2011-08-08,-0.5857830304795986,13.138785084284555,12.553002053804956
2011-08-09,-0.3586435750060186,12.857683496978852,12.499039921972834
2011-08-10,-2.2614582582796103,13.81534794316017,11.55388968488056
2011-08-11,-0.5566612211870545,13.062985292026974,12.50632407083992
2011-08-12,-0.9386038308233022,13.258297906463051,12.319694075639749
2011-08-15,-0.2976565323355693,12.774142560473456,12.476486028137886
2011-08-16,-0.20402647190154255,12.631616907579673,12.42759043567813
2011-08-17,-0.1496167589866193,12.636408642721658,12.48679188373504
2011-08-18,-0.2261257346870149,12.703462836133586,12.47733710144657
2011-08-19,-0.18592061570697638,12.680209024297612,12.494288408590636
2011-08-22,-0.16795632229773894,12.665408014620747,12.497451692323008
2011-08-23,-0.047388645783660976,12.56766929285934,12.52028064707568
2011-08-24,-0.21123096340172154,12.683562258297604,12.472331294895882
2011-08-25,-0.1485519310741399,12.642598421997898,12.494046490923758
2011-08-26,-0.09858859299212597,12.556421134660138,12.457832541668012
2011-08-29,-0.3110006406609571,12.838185914591607,12.52718527393065
2011-08-30,-0.26816786626925015,12.72659539174549,12.45842752547624
2011-08-31,-0.1344366400351884,12.589712935655806,12.455276295620617
2011-09-01,-0.13409586815293117,12.58164020527614,12.447544337123208
2011-09-02,-0.07127766591490037,12.524933534649898,12.453655868734998
2011-09-05,-0.08096503535788813,12.546056879798515,12.465091844440627
2011-09-06,-0.24205549250785907,25.645446107878968,25.40339061537111
2011-09-07,-0.23549445105606637,25.814805597127233,25.579311146071166
2011-09-08,0.034302058158914406,25.59224527958594,25.626547337744853
2011-09-09,-0.31132951230892303,25.514741080496258,25.203411568187335
2011-09-12,0.1377049427253354,25.668302439974873,25.80600738270021
2011-09-13,-0.2577568965173569,25.744461893765845,25.486704997248488
2011-09-14,-0.6279608868419331,25.906303467356512,25.27834258051458
2011-09-15,-0.8236787908643066,26.375525748373747,25.55184695750944
2011-09-16,0.7387814465005285,24.945343727130332,25.68412517363086
2011-09-19,-0.5969168815144741,25.740268899752483,25.14335201823801
2011-09-20,-0.11972142985442957,25.810281929971946,25.690560500117517
2011-09-21,-0.4910047774930959,25.85812908192559,25.367124304432494
2011-09-22,-0.33936643643296804,25.786020538015425,25.446654101582457
2011-09-23,-0.3562607277466121,25.836415769153938,25.480155041407325
2011-09-26,-0.3244637373421888,25.83710053227358,25.512636794931392
2011-09-27,-0.06274782477661134,25.67729958760751,25.6145517628309
2011-09-28,-0.006455887094116264,25.717870567102747,25.71141468000863
2011-09-29,-0.16479741536530312,25.683455430022928,25.518658014657625
2011-09-30,-0.1588803555789866,25.827842038411863,25.668961682832876
2011-10-03,-0.05921722917457828,25.837869011073565,25.778651781898986
2011-10-04,-0.4493395409284773,25.914032702781665,25.464693161853187
2011-10-05,-0.0322881819731613,25.855904805968784,25.823616623995623
2011-10-06,-0.16142444027812886,25.763915981065143,25.602491540787014
2011-10-07,-0.1747994350346005,25.910291609417136,25.735492174382536
2011-10-10,-0.021390868043084765,25.853800657547076,25.83240978950399
2011-10-11,0.06446560968696957,25.862014805858518,25.926480415545488
2011-10-12,-0.1624910061592999,25.886383069074487,25.723892062915187
2011-10-13,-0.00782660225501175,25.77902583187177,25.77119922961676
2011-10-14,-0.0756382836450804,25.805664843254227,25.730026559609147
2011-10-17,-0.08624971520415059,25.922420053774626,25.836170338570476
2011-10-18,0.12132112741902645,25.724262176214967,25.845583303633994
2011-10-19,-0.02638342044970088,25.852559169907753,25.826175749458052
2011-10-20,0.11184094592255533,25.745180094212632,25.857021040135187
2011-10-21,0.03871261201836518,25.740383899005476,25.77909651102384
2011-10-24,0.029080684839250637,25.730978199302157,25.760058884141408
2011-10-25,-0.04069851356790721,25.837123895323145,25.79642538175524
2011-10-26,-0.026562783603477413,25.811559106525372,25.784996322921895
2011-10-27,-0.13327260284304643,25.974506296068377,25.84123369322533
2011-10-28,-0.03874682218104297,25.868789507122987,25.830042684941944
2011-10-31,-0.123307809831541,25.82020023145223,25.69689242162069
2011-11-01,0.2199561037704001,25.773862721591996,25.993818825362396
2011-11-02,0.022615860822750022,25.84370103363607,25.86631689445882
2011-11-03,-0.10841112851082713,25.83688943831809,25.72847830980726
2011-11-04,0.03169981549969236,25.721957595134924,25.753657410634617
2011-11-07,0.10580983412641487,25.78592617668451,25.891736010810924
2011-11-08,-0.02511383903524944,27.621087238590608,27.59597339955536
2011-11-09,0.12158946112990066,27.617585594831322,27.739175055961223
2011-11-10,0.12147288698552217,27.7073420782676,27.828814965253123
2011-11-11,0.08530261902597402,27.637236315911256,27.72253893493723
2011-11-14,0.07972480140146487,27.668953028693625,27.74867783009509
2011-11-15,0.0210155935377756,27.691642575897408,27.712658169435183
2011-11-16,0.02796203055149249,27.669358630975132,27.697320661526625
2011-11-17,0.26018199763913685,27.59033732774205,27.850519325381185
2011-11-18,0.06831760331568049,27.702887334244842,27.771204937560523
2011-11-21,-0.11448065792048112,27.798003664860683,27.683523006940202
2011-11-22,0.09140469362262849,27.73348315815845,27.824887851781078
2011-11-23,0.18596320672105193,27.795404374146354,27.981367580867406
2011-11-24,0.26577221115253025,27.771868316677846,28.037640527830376
2011-11-25,0.27921817150616235,27.750487136647195,28.029705308153357
2011-11-28,0.010925055883962642,27.784784903598798,27.79570995948276
2011-11-29,0.2862397695762695,27.67401510723535,27.960254876811618
2011-11-30,0.20960989076711556,27.702471474238028,27.912081365005143
2011-12-01,-1.7139486692119128,29.656941856694335,27.942993187482422
2011-12-02,-0.6375308070699681,28.57392763945019,27.936396832380222
2011-12-05,0.3833594413849397,27.52272141243929,27.90608085382423
2011-12-06,0.4469831781950653,27.45915726989695,27.906140448092014
2011-12-07,0.42348899866539824,27.55491152925056,27.97840052791596
2011-12-08,0.5549611840543811,27.478670777289686,28.033631961344067
2011-12-09,0.4448830945533757,27.520471622741628,27.965354717295003
2011-12-12,0.4789611534155611,27.635473058712932,28.114434212128494
2011-12-13,0.6510902143403889,27.434786756483454,28.085876970823843
2011-12-14,-2.683277181296784,31.034875424217628,28.351598242920844
2011-12-15,0.7753090417637267,27.494499018072894,28.26980805983662
2011-12-16,-6.556268583069507,35.138691096181915,28.58242251311241
2011-12-19,0.7123244784775942,27.822199444704555,28.53452392318215
2011-12-20,0.5367485803580649,27.761720550927222,28.298469131285287
2011-12-21,0.5615671162054241,27.77006076875988,28.331627884965304
2011-12-22,0.39807943106170995,27.841069983510856,28.239149414572566
2011-12-23,0.47411984098597415,27.792150802209488,28.266270643195462
2011-12-26,0.46919713201375046,27.787605630107592,28.256802762121342
2011-12-27,0.4149472383840873,28.042621876123064,28.45756911450715
2011-12-28,0.3478077758314093,27.822218724855002,28.17002650068641
2011-12-29,0.7546794817802258,27.725358723143582,28.480038204923808
2011-12-30,0.7549576356892835,27.763617208788045,28.518574844477328
2012-01-02,0.3687582406668106,27.586454998273307,27.955213238940118
2012-01-03,0.45727193641098296,27.79711467368543,28.254386610096415
2012-01-04,0.6264133767745754,27.626835562847692,28.253248939622267
2012-01-05,0.5572151396911629,27.74015203816947,28.297367177860632
2012-01-06,0.570031463933784,27.766771577403553,28.336803041337337
2012-01-09,0.7593929933687917,27.66265897772444,28.422051971093232
2012-01-10,0.6428554542259661,27.684728397338404,28.32758385156437
2012-01-11,0.5244668931056466,27.898838535897337,28.423305429002983
2012-01-12,0.6644172222163789,27.661285746552426,28.325702968768805
2012-01-13,0.5660417175399779,27.808631298583382,28.37467301612336
2012-01-16,0.6417843558020806,27.730848566320006,28.372632922122087
2012-01-17,0.780320411876712,27.69532415511742,28.47564456699413
2012-01-18,0.6342902579045635,27.740644833439188,28.37493509134375
2012-01-19,0.7933256776131437,27.582150097193175,28.37547577480632
2012-01-20,0.6011171972493834,27.705475262137103,28.306592459386486
2012-01-23,0.7083013372353406,27.673151307806116,28.381452645041456
2012-01-24,0.5127964169465464,27.893472350879474,28.40626876782602
2012-01-25,0.5554691608129616,27.76420594764433,28.319675108457293
2012-01-26,0.6043191820348746,27.72415466407441,28.328473846109283
2012-01-27,0.38573854432476296,27.559897130640685,27.945635674965448
2012-01-30,0.3439131166204277,27.645995505189912,27.98990862181034
2012-01-31,0.4133592471810559,27.552699559830362,27.966058807011418
2012-02-01,0.5131710864995327,27.53552114857462,28.048692235074153
2012-02-02,0.545683250141014,27.500354924324423,28.046038174465437
2012-02-03,0.5311525746711112,27.661354729605243,28.192507304276354
2012-02-06,0.39525932035052236,27.663988487469144,28.059247807819666
2012-02-07,0.4008060620184928,27.64021206366012,28.04101812567861
2012-02-08,0.4538798329684006,27.541754705290444,27.995634538258845
2012-02-09,0.4629264632633294,27.55849258795997,28.0214190512233
2012-02-10,0.33645058466344935,27.53999051605013,27.876441100713578
2012-02-13,0.701622904079148,27.604007662920043,28.30563056699919
2012-02-14,0.6427887588227286,27.50260866234501,28.14539742116774
2012-02-15,0.6444918633135401,27.57334076188767,28.21783262520121
2012-02-16,0.5373668879411575,27.718952009267163,28.25631889720832
2012-02-17,0.5843149566049419,27.653991621044817,28.23830657764976
2012-02-20,0.3822524461135295,27.599699783494014,27.981952229607543
2012-02-21,0.3440136340093112,27.620802483163942,27.964816117173253
2012-02-22,0.22413875062912325,27.619694719436904,27.843833470066027
2012-02-23,0.3557876061116829,27.50564898668191,27.86143659279359
2012-02-24,0.22142812572748483,27.54710122251079,27.768529348238275
2012-02-27,0.22509734108939128,27.567440153395413,27.792537494484804
2012-02-28,0.2643673050723869,27.58493356792296,27.849300872995347
2012-02-29,0.24823848330470355,27.55322632466483,27.801464807969534
2012-03-01,0.20807342853054323,27.645054621942776,27.85312805047332
2012-03-02,0.19724603847017974,27.688760189275868,27.886006227746048
2012-03-05,0.03158834848798975,27.772606483864458,27.804194832352447
2012-03-06,0.003936411464071199,27.652488430769353,27.656424842233424
2012-03-07,0.07418102841366192,27.59315520979133,27.667336238204992
2012-03-08,0.03130329233477269,27.71109822059611,27.742401512930883
2012-03-09,0.12572670470310499,27.677153605221434,27.80288030992454
2012-03-12,0.24318087980698166,27.484785382854238,27.72796626266122
2012-03-13,0.3267926754839863,27.59576312784462,27.922555803328606
2012-03-14,0.3364915269315425,27.54015464584853,27.876646172780074
2012-03-15,-0.015639909129685492,27.882706413801746,27.86706650467206
2012-03-16,0.16939985014062486,27.674382055630144,27.84378190577077
2012-03-19,0.3958920409818347,27.5486911969466,27.944583237928434
2012-03-20,0.0733210157910662,27.592108643163055,27.66542965895412
2012-03-21,-0.07503208925212235,27.672342263274462,27.59731017402234
2012-03-22,-0.046550013607099316,27.62971078530437,27.58316077169727
2012-03-23,-0.11601116701843495,27.571974746505628,27.455963579487193
2012-03-26,-0.09027977417713728,27.680441753912593,27.590161979735456
2012-03-27,0.0039695590560704375,27.6849165487507,27.68888610780677
2012-03-28,-0.1352769050862328,27.755228881875897,27.619951976789665
2012-03-29,0.25108278852199817,27.67854888939891,27.92963167792091
2012-03-30,-0.008647828517144518,27.685797452255805,27.67714962373866
2012-04-02,-0.10624731612305283,27.819689633040934,27.71344231691788
2012-04-03,-0.06544241889499247,27.696547710056034,27.63110529116104
2012-04-04,0.06425375330601213,27.797242254822997,27.86149600812901
2012-04-05,0.1605475867977333,27.786096687557965,27.946644274355698
2012-04-06,0.1609258376150926,27.786371339323402,27.947297176938495
2012-04-09,0.1609258376150926,27.786371339323402,27.947297176938495
2012-04-10,-0.13003254495952277,27.897173378233575,27.767140833274052
2012-04-11,-0.4217509598014182,28.21248749830103,27.790736538499612
2012-04-12,-0.27821485854398276,28.04443867055742,27.766223812013436
2012-04-13,-0.31916756633920684,28.1091037755705,27.789936209231293
2012-04-16,-0.0605762570247812,27.815108168759128,27.754531911734347
2012-04-17,-0.18534114136811297,28.00960453945112,27.82426339808301
2012-04-18,-0.10999477606318919,27.927380455229756,27.817385679166566
2012-04-19,-0.0062408671495930435,27.84217389992682,27.835933032777227
2012-04-20,-0.38732452044583,28.174297291343898,27.786972770898068
2012-04-23,-0.17469440579364104,27.907703715223253,27.73300930942961
2012-04-24,-0.23335433240467296,28.02782874476341,27.79447441235874
2012-04-25,-0.060200279781142285,27.917457076080936,27.857256796299794
2012-04-26,-0.24972086310578234,28.05377344005187,27.804052576946088
2012-04-27,-0.030612899142980154,27.87080516924117,27.84019227009819
2012-04-30,-0.049135213557867985,27.79069102828824,27.741555814730372
2012-05-01,-0.049361906464710614,27.790534297075514,27.741172390610803
2012-05-02,-0.08405366376431544,27.755178431570936,27.67112476780662
2012-05-03,-0.04693464507954914,27.720513103588285,27.673578458508736
2012-05-04,-0.24480867130218087,27.799177678048935,27.554369006746754
2012-05-07,-0.15188244347396918,27.690746712202337,27.538864268728368
2012-05-08,-0.09753022275203449,27.70646866987493,27.608938447122895
2012-05-09,-0.12403398583274594,27.735600035393006,27.61156604956026
2012-05-10,-0.1819171279265568,27.695002447193435,27.513085319266878
2012-05-11,-0.061559423921263345,27.59642144094135,27.534862017020085
2012-05-14,-0.0659636078925665,27.647842375136587,27.58187876724402
2012-05-15,-0.0767937138057313,27.66869795790931,27.591904244103578
2012-05-16,-0.0620652915446378,27.637698727246534,27.575633435701896
2012-05-17,-0.13244024154925071,27.721053763902386,27.588613522353135
2012-05-18,-0.20325769278584715,27.80532278847393,27.602065095688083
2012-05-21,-0.13505743071497278,27.687022531838917,27.551965101123944
2012-05-22,-0.13471956009289343,27.681251106651704,27.54653154655881
2012-05-23,-0.07296484396258762,27.639266874066365,27.566302030103778
2012-05-24,-0.13852661702038205,27.67686267635387,27.53833605933349
2012-05-25,-0.14752640217559687,27.689094350531697,27.5415679483561
2012-05-28,-0.13828673485781096,27.708199047800335,27.569912312942524
2012-05-29,0.0005109386875616906,27.531923328436562,27.532434267124124
2012-05-30,0.07617392218700658,27.453048389968476,27.529222312155483
2012-05-31,-0.08664451922879124,27.655935545140466,27.569291025911674
2012-06-01,-10.455568057656915,37.88795257148758,27.432384513830666
2012-06-04,-9.743741328681029,37.226855774465676,27.483114445784647
2012-06-05,-7.093075708103502,34.616324525516156,27.523248817412654
2012-06-06,-3.049578364771971,30.499745094434772,27.4501667296628
2012-06-07,-1.82412001317536,29.332268138068695,27.508148124893335
2012-06-08,-1.6105798410132373,29.07779048824693,27.467210647233692
2012-06-11,-3.864785144028403,31.30204905735736,27.43726391332896
2012-06-12,-5.199613568435417,32.63763369204257,27.438020123607153
2012-06-13,0.06160513536195111,27.456192656951757,27.517797792313708
2012-06-14,-0.20855404510311004,27.68376919073845,27.47521514563534
2012-06-15,-0.13495693860447844,20.097940553196704,19.962983614592225
2012-06-18,-0.34541271889940006,20.33680179420879,19.99138907530939
2012-06-19,-0.1853184527815408,20.156586293700823,19.971267840919282
2012-06-20,-0.09048755960481891,14.311347952082931,14.220860392478112
2012-06-21,-0.14624762547631676,14.387840486052625,14.241592860576308
2012-06-22,-0.07147341726373924,14.291021569467194,14.219548152203455
2012-06-25,-0.09032476043049975,14.377090449068403,14.286765688637903
2012-06-26,-0.1445098408897465,14.427989653990746,14.283479813101
2012-06-27,-0.0732377190128588,14.35119266698495,14.277954947972091
2012-06-28,0.061352369060116985,14.23263645576558,14.293988824825696
2012-06-29,-0.14521036005999477,14.408013349458596,14.262802989398601
2012-07-02,0.09517716965329015,14.215337974827108,14.310515144480398
2012-07-03,0.00185711667147892,14.310658431959556,14.312515548631035
2012-07-04,-0.014634537042818252,14.323922079119011,14.309287542076193
2012-07-05,-0.12570505813285138,14.399387044005948,14.273681985873097
2012-07-06,-0.10294374211127355,14.392134359243574,14.2891906171323
2012-07-09,-0.1598649286775835,14.469262647474162,14.309397718796578
2012-07-10,0.008144130971254882,14.30545361377719,14.313597744748446
2012-07-11,0.05840258801878484,14.181792380795871,14.240194968814656
2012-07-12,-0.3381144687224129,16.91307509454945,16.574960625827035
2012-07-13,-0.20226709787598196,16.78124782734762,16.57898072947164
2012-07-16,-0.09238579407216463,16.695151696086917,16.602765902014752
2012-07-17,-0.18560948386750908,16.771629525728887,16.586020041861378
2012-07-18,0.00576812948396821,16.470287636182785,16.476055765666754
2012-07-19,-0.001248241505830805,16.54717488426686,16.545926642761028
2012-07-20,0.12095939409480749,16.455114684358342,16.57607407845315
2012-07-23,0.03205734569964491,16.591011000478105,16.62306834617775
2012-07-24,0.15572457018004116,16.42983561008521,16.58556018026525
2012-07-25,0.08862134382655285,16.526036341465865,16.614657685292418
2012-07-26,-0.2669087692060117,16.883870948620654,16.616962179414642
2012-07-27,-0.5308788846390939,17.10680274148769,16.575923856848597
2012-07-30,-0.7480774342283674,17.34600284692159,16.597925412693222
2012-07-31,-0.45313362831918624,17.005654620859158,16.55252099253997
2012-08-01,-0.12555915224208292,16.699361697454876,16.573802545212793
2012-08-02,-0.009724265384345898,16.59807965490795,16.588355389523603
2012-08-03,0.10171649038418096,16.545531931012512,16.647248421396693
2012-08-06,0.06794007255712131,16.55864463946579,16.62658471202291
2012-08-07,0.00933644824678126,16.585459776163905,16.594796224410686
2012-08-08,0.007768262110275259,16.555041528189328,16.562809790299603
2012-08-09,-0.08298803053817849,16.682530788354672,16.599542757816494
2012-08-10,-0.009347238888409493,16.46367078709368,16.45432354820527
2012-08-13,-0.1699664686918716,16.67974945652396,16.50978298783209
2012-08-14,0.09772386980555225,16.425246592932112,16.522970462737664
2012-08-15,-0.35128802886823607,16.791121011122087,16.43983298225385
2012-08-16,-0.6780729876782239,17.265873830071374,16.58780084239315
2012-08-17,0.13739099561095358,16.42912231236933,16.566513307980284
2012-08-20,0.16895290629373605,16.478269809166438,16.647222715460174
2012-08-21,-0.09711811713708585,16.642857352648022,16.545739235510936
2012-08-22,-0.2315141555343736,16.833157468682554,16.60164331314818
2012-08-23,-0.15516187511209267,16.720079789383743,16.56491791427165
2012-08-24,-0.36680745821572813,16.87205404346315,16.505246585247423
2012-08-27,-0.22105804959307562,16.815665379610156,16.59460733001708
2012-08-28,-0.2878321003161375,16.787031039985823,16.499198939669686
2012-08-29,-0.0988522056342056,16.599839761147212,16.500987555513007
2012-08-30,-0.10130013754772449,16.64039028810943,16.539090150561705
2012-08-31,-0.1930250219277525,16.7687036738068,16.57567865187905
2012-09-03,-0.11650891653111728,16.72792984821923,16.611420931688112
2012-09-04,-0.2886512413879281,16.84758692119434,16.55893567980641
2012-09-05,0.05819271074586041,16.521767295271697,16.579960006017558
2012-09-06,-0.0832856508170785,16.81430276477577,16.731017113958693
2012-09-07,-0.17798174262803101,16.91591891708529,16.737937174457258
2012-09-10,-0.12012513668795677,16.84485943096769,16.724734294279735
2012-09-11,-0.2680484988574854,16.977162654571647,16.70911415571416
2012-09-12,-0.2732185113788361,16.943373299563678,16.670154788184842
2012-09-13,-0.257216151513191,16.985761169584894,16.728545018071703
2012-09-14,-0.24654127580257423,16.81428139102615,16.567740115223575
2012-09-17,-0.14178935243574742,14.397824577747059,14.256035225311312
2012-09-18,-0.21974967309892968,14.475876889025702,14.256127215926773
2012-09-19,-0.09011485196025504,14.35897674604328,14.268861894083026
2012-09-20,-12.425436144310577,30.463916452046437,18.03848030773586
2012-09-21,-10.814010900778428,28.133241294019452,17.319230393241025
2012-09-24,-12.305913733953663,29.971348975524254,17.66543524157059
2012-09-25,-13.509839227731128,31.537143082759485,18.027303855028357
2012-09-26,-15.29029602024881,33.878279005825874,18.587982985577064
2012-09-27,-15.201497460852433,33.68235056843336,18.480853107580923
2012-09-28,-16.24692452433836,35.03860414465494,18.79167962031658
2012-10-01,-16.24674768183194,34.54072521231908,18.29397753048714
2012-10-02,-16.010620141585814,34.146994825935494,18.13637468434968
2012-10-03,-16.12869044203781,34.219219004932064,18.090528562894253
2012-10-04,-16.57128408101633,34.716076277340676,18.144792196324346
2012-10-05,-0.05298567047131897,14.094436408631644,14.041450738160325
2012-10-08,-0.1866840956519038,14.175704455787233,13.98902036013533
2012-10-09,-0.08234543723611587,14.089711178273975,14.007365741037859
2012-10-10,-0.2670438921813503,14.266059745543993,13.999015853362643
2012-10-11,-17.35112314361187,35.34748609736324,17.99636295375137
2012-10-12,-0.37457395269090377,14.348641630680333,13.97406767798943
2012-10-15,-0.08941071807018552,14.040475024573393,13.951064306503207
2012-10-16,-0.00148581692049099,13.94316683535389,13.9416810184334
2012-10-17,-0.07116878742918864,14.02192641385932,13.950757626430132
2012-10-18,-0.14510448422490185,14.133722380821084,13.988617896596182
2012-10-19,-0.03538776870575511,14.048566315360148,14.013178546654393
2012-10-22,0.021786210983592014,14.012408282288009,14.0341944932716
2012-10-23,-13.493998078179992,30.86695462366108,17.372956545481088
2012-10-24,-0.09428535391702297,14.10512181775748,14.010836463840457
2012-10-25,0.005613280359963113,14.053535054535821,14.059148334895784
2012-10-26,-0.05495978247644295,14.079610482446583,14.02465069997014
2012-10-29,0.17745668005671789,12.812317527251324,12.989774207308042
2012-10-30,0.2065308061184954,12.798049379007592,13.004580185126088
2012-10-31,0.14156611742291147,12.846959592565948,12.98852570998886
2012-11-01,0.13025172971475207,12.892908340339403,13.023160070054155
2012-11-02,0.10127882890240691,12.896924611346705,12.998203440249112
2012-11-05,0.005380196693751671,12.469476154014474,12.474856350708226
2012-11-06,0.04160214669150264,12.463573087084248,12.50517523377575
2012-11-07,0.06692372970448268,12.42481224400191,12.491735973706392
2012-11-08,-0.047951401144175065,12.530759320540124,12.482807919395949
2012-11-09,0.05207522570662704,12.452512138723716,12.504587364430343
2012-11-12,-0.027805634002724844,12.532943280058708,12.505137646055983
2012-11-13,-0.551396940704306,12.747909368042937,12.19651242733863
2012-11-14,-0.24972479155586313,12.418347547470491,12.168622755914628
2012-11-15,-1.1185196226528298,13.299411087037052,12.180891464384223
2012-11-16,-0.9513071166281417,13.115313911075349,12.164006794447207
2012-11-19,-0.020873171634406162,12.221190792148425,12.200317620514019
2012-11-20,-0.038216681867439206,11.802283192528105,11.764066510660665
2012-11-21,0.018361330536166065,11.739887585636215,11.75824891617238
2012-11-22,0.0251315346677341,11.75579426829085,11.780925802958585
2012-11-23,0.07815089636624073,11.700870712833039,11.77902160919928
2012-11-26,0.07283951986478598,11.732523931482428,11.805363451347214
2012-11-27,0.005616024837115319,11.79011235359628,11.795728378433395
2012-11-28,0.0019810996984794826,13.261185567007457,13.263166666705937
2012-11-29,0.14506806332613387,13.144225715860841,13.289293779186975
2012-11-30,-0.0069402586930440435,13.234080994768076,13.227140736075032
2012-12-03,0.12278259189151264,13.11592131022099,13.238703902112503
2012-12-04,0.15069243971349877,13.123104852444712,13.27379729215821
2012-12-05,0.20531277024653605,13.074551504314607,13.279864274561143
2012-12-06,0.026377140438672342,13.235000267254629,13.2613774076933
2012-12-07,0.12116918236224805,11.91054712207656,12.031716304438808
2012-12-10,0.08085120651270117,11.900815944815573,11.981667151328274
2012-12-11,-0.011681115485108862,12.047211837394963,12.035530721909854
2012-12-12,0.00810168754183671,12.042924332739597,12.051026020281434
2012-12-13,0.09350340409278424,11.99728058671529,12.090783990808074
2012-12-14,0.05763083745449471,11.99640839830685,12.054039235761344
2012-12-17,0.038982748930608935,12.001262167782286,12.040244916712895
2012-12-18,-0.038053771748645104,12.094453335926286,12.05639956417764
2012-12-19,-0.024659751385614825,12.08897680248176,12.064317051096145
2012-12-20,-0.22309793610924622,12.236696412927921,12.013598476818675
2012-12-21,-0.03339572009010183,12.065354445276629,12.031958725186527
2012-12-24,-0.03339572009010716,12.065354445276636,12.031958725186529
2012-12-25,-0.03339572009010716,12.065354445276636,12.031958725186529
2012-12-26,-0.03339572009010716,12.065354445276636,12.031958725186529
2012-12-27,0.13543166682874386,10.051717610045964,10.187149276874708
2012-12-28,-0.10985802941559086,10.224896125375727,10.115038095960136
2012-12-31,-0.09934740674408538,10.230336070087196,10.13098866334311
2013-01-01,-0.09934740674408538,10.230336070087196,10.13098866334311
2013-01-02,-0.21385100820612557,10.304878257484813,10.091027249278687
2013-01-03,0.012510648889490383,9.55716771305446,9.56967836194395
2013-01-04,0.06622612864911837,9.563902927043088,9.630129055692207
2013-01-07,0.0780538476007493,9.520041495047685,9.598095342648435
2013-01-08,-0.01828000589496881,9.60233200405496,9.58405199815999
2013-01-09,0.0008174658511777011,9.625117031834343,9.62593449768552
2013-01-10,-0.005984167582932187,9.590614916899952,9.58463074931702
2013-01-11,-0.015122950034610838,9.617624124771337,9.602501174736727
2013-01-14,0.07840460840609609,9.51691769628942,9.595322304695516
2013-01-15,0.06346584512631281,9.530894978470972,9.594360823597285
2013-01-16,0.10379158533118371,9.492670743699952,9.596462329031135
2013-01-17,0.13258789298496154,9.45625494998443,9.588842842969392
2013-01-18,-0.04673445773021179,9.590573117926933,9.543838660196721
2013-01-21,0.1651474581542054,9.44577170835437,9.610919166508575
2013-01-22,0.016287385914820263,9.558526083964356,9.574813469879176
2013-01-23,0.16141332017398824,9.098790498449466,9.260203818623454
2013-01-24,0.12269782120834627,9.131396888582746,9.254094709791092
2013-01-25,0.2415181294356774,9.008275983026511,9.249794112462189
2013-01-28,0.11035067113275332,8.611756268930849,8.722106940063602
2013-01-29,0.13684401717629413,8.602605405621567,8.739449422797861
2013-01-30,0.12404869865027557,8.62957359193227,8.753622290582545
2013-01-31,-0.017147692893091815,8.67783922749276,8.660691534599668
2013-02-01,0.23464856919412647,8.517302537029984,8.75195110622411
2013-02-04,0.06204101777811388,8.669054434260024,8.731095452038138
2013-02-05,0.3755215930376341,8.4692112765315,8.844732869569134
2013-02-06,0.2819700163642995,8.495374261385956,8.777344277750256
2013-02-07,0.21614608951134429,8.544074758964483,8.760220848475827
2013-02-08,0.18809341327495765,8.952525820797693,9.14061923407265
2013-02-11,0.2477429766078867,8.929740380915796,9.177483357523682
2013-02-12,0.12898114984784215,9.001979136636962,9.130960286484804
2013-02-13,0.21848242229465775,8.914229852246525,9.132712274541182
2013-02-14,0.2845788599380761,8.788197368968879,9.072776228906955
2013-02-15,0.2235793022013386,8.867909525459252,9.09148882766059
2013-02-18,0.21122223733668122,8.832137955704535,9.043360193041217
2013-02-19,0.0819748995083085,8.942694773099362,9.02466967260767
2013-02-20,0.14437637946737247,8.893705575594467,9.03808195506184
2013-02-21,0.18442849663508198,8.865521643311933,9.049950139947015
2013-02-22,0.24053273588770097,8.850303925784534,9.090836661672235
2013-02-25,0.17471115561311557,8.856581877233637,9.031293032846753
2013-02-26,0.2817926205788108,8.785652782145393,9.067445402724204
2013-02-27,0.08357852948497602,8.942189215241116,9.025767744726092
2013-02-28,0.1839985923945182,8.873080792666869,9.057079385061387
2013-03-01,0.0938517017502214,8.9393560021848,9.033207703935021
2013-03-04,0.1940540723694042,8.853984233189644,9.048038305559048
2013-03-05,0.023656879185462998,9.02010960580754,9.043766484993004
2013-03-06,0.04778717448641423,11.381896616245669,11.429683790732083
2013-03-07,0.180822252251847,11.25067214363991,11.431494395891757
2013-03-08,1.0323999712062744,12.240898366384052,13.273298337590326
2013-03-11,1.1274698616164844,12.09109361481035,13.218563476426834
2013-03-12,1.1483628327851143,12.58428640771313,13.732649240498244
2013-03-13,0.7876026284335005,12.93199699144224,13.71959961987574
2013-03-14,0.5773120981004638,12.91085880405454,13.488170902155003
2013-03-15,0.9728484290322825,12.575873884492086,13.548722313524369
2013-03-18,0.9562358305879233,12.575363416699009,13.531599247286932
2013-03-19,0.8469588474385876,12.710168631865598,13.557127479304185
2013-03-20,0.9477103224774854,12.623909091168208,13.571619413645694
2013-03-21,0.8226119685602651,12.801843303304059,13.624455271864324
2013-03-22,0.9359180661096804,12.272679574002336,13.208597640112016
2013-03-25,0.8929097616351385,12.304944523729011,13.19785428536415
2013-03-26,0.737596537029205,12.399113844511113,13.136710381540318
2013-03-27,0.7206912354582204,12.568856515126134,13.289547750584354
2013-03-28,0.8790140726466653,12.29704376583403,13.176057838480695
2013-03-29,0.8790140726466653,12.29704376583403,13.176057838480695
2013-04-01,0.8790140726466653,12.29704376583403,13.176057838480695
2013-04-02,0.8029750963892361,12.075549617551461,12.878524713940697
2013-04-03,0.5985694162260486,12.446869840814047,13.045439257040096
2013-04-04,0.4156552151228663,12.604614461138453,13.02026967626132
2013-04-05,-0.1157796053538096,13.41241853191698,13.29663892656317
2013-04-08,0.10626267613781692,13.134041694212847,13.240304370350664
2013-04-09,0.4683819874058983,12.797514671958684,13.265896659364582
2013-04-10,0.4784313892481773,12.333464670700359,12.811896059948536
2013-04-11,0.6511483145093315,12.05844128179302,12.70958959630235
2013-04-12,0.5618243404640051,12.30139832363961,12.863222664103615
2013-04-15,0.22829520756190114,12.708333218401947,12.936628425963848
2013-04-16,0.07337077262991265,12.952967390038312,13.026338162668225
2013-04-17,0.11941175790344793,13.243581052015397,13.362992809918845
2013-04-18,0.26239749185502603,13.518201336852401,13.780598828707427
2013-04-19,0.1974651440125541,13.449846518347371,13.647311662359925
2013-04-22,0.005077024646377382,13.580529113691163,13.58560613833754
2013-04-23,0.404601434982629,12.75564707536217,13.160248510344799
2013-04-24,0.4038502441129488,12.755236213184595,13.159086457297544
2013-04-25,0.3603593357475461,12.486692911958302,12.847052247705848
2013-04-26,1.4015019057785985,12.234470655070693,13.635972560849291
2013-04-29,1.3344705893492552,12.155943827609665,13.49041441695892
2013-04-30,-0.207517514915196,13.297358224393014,13.089840709477818
2013-05-01,-0.2075175149152333,13.297358224393035,13.089840709477802
2013-05-02,-0.10965627977815728,13.042765131278305,12.933108851500148
2013-05-03,0.7745050166460477,11.97261924691561,12.747124263561657
2013-05-06,0.7073126225376711,12.008933025433127,12.716245647970798
2013-05-07,-0.5561989651752075,13.68329898754376,13.127100022368552
2013-05-08,-1.0377081765378993,13.936692598058162,12.898984421520263
2013-05-09,-1.365591947730321,14.18407952229387,12.818487574563548
2013-05-10,-0.7098057203566359,13.53678379002267,12.826978069666033
2013-05-13,-0.6925223125011808,13.537933925993858,12.845411613492677
2013-05-14,-0.849366085991548,13.63073190002686,12.781365814035311
2013-05-15,-1.6114509334165028,14.16517631839834,12.553725384981837
2013-05-16,-2.504833989611596,15.052584423004339,12.547750433392743
2013-05-17,0.3063314511808297,12.214172408623458,12.520503859804288
2013-05-20,0.31013037109724095,12.100219734258385,12.410350105355626
2013-05-21,0.30425442855196394,12.149041547706856,12.45329597625882
2013-05-22,0.42504891530427535,11.999986334956663,12.425035250260938
2013-05-23,0.4995258931300892,12.206404370747258,12.705930263877347
2013-05-24,0.6569421264680049,12.15687721166864,12.813819338136645
2013-05-27,0.5164273454330832,12.149056139257679,12.665483484690762
2013-05-28,0.3424068083877181,12.10428321099779,12.446690019385509
2013-05-29,0.5442836562741835,12.28814058739112,12.832424243665303
2013-05-30,0.5360385606438296,12.234863563247044,12.770902123890874
2013-05-31,0.5968316994911724,12.334523631168311,12.931355330659484
2013-06-03,0.6105247022602107,12.494140444536832,13.104665146797043
2013-06-04,0.6143258946689834,12.446056656510045,13.060382551179028
2013-06-05,0.607933741076133,12.724321959815002,13.332255700891135
2013-06-06,0.7592874979390345,12.895286464055546,13.654573961994581
2013-06-07,0.6699829141284699,12.667990169620625,13.337973083749095
2013-06-10,0.7390307587968703,12.912970145355388,13.652000904152258
2013-06-11,0.98549071132806,13.079240376557818,14.064731087885878
2013-06-12,0.9592396144269255,13.177479144704302,14.136718759131227
2013-06-13,0.9854996900521567,13.191551618189537,14.177051308241694
2013-06-14,0.9582935341805285,13.11330772530197,14.071601259482499
2013-06-17,0.8144770875259795,13.081333964164866,13.895811051690846
2013-06-18,0.88658049541068,13.370443460505916,14.257023955916596
2013-06-19,0.8745551680897137,13.393476013501607,14.26803118159132
2013-06-20,1.113827638931994,13.867789380370393,14.981617019302387
2013-06-21,0.8535532315457495,14.380377096512326,15.233930328058076
2013-06-24,0.7619036871131435,14.813243320260028,15.575147007373172
2013-06-25,0.9475482586199622,14.343999107229452,15.291547365849414
2013-06-26,0.9751883965542838,14.006087755366503,14.981276151920786
2013-06-27,1.0148342511697628,16.118462364128096,17.13329661529786
2013-06-28,0.9492087949905326,16.269840672517216,17.219049467507748
2013-07-01,0.9746007271597605,16.111902584844678,17.08650331200444
2013-07-02,1.112393297766122,16.076275394724526,17.188668692490648
2013-07-03,1.2574679303595282,15.982231038282865,17.239698968642394
2013-07-04,1.0635412923341594,15.804160305756765,16.867701598090925
2013-07-05,0.9795730616276046,16.087297685573425,17.06687074720103
2013-07-08,1.224030522915049,15.631434279299997,16.855464802215046
2013-07-09,1.0353376914697616,15.58073769114768,16.616075382617442
2013-07-10,1.0100319770258412,15.65366697803501,16.663698955060852
2013-07-11,0.9674352906413315,15.503751472244327,16.471186762885658
2013-07-12,0.8726078513884943,15.606405312153079,16.479013163541573
2013-07-15,0.8948771005954157,15.49719087506682,16.392067975662236
2013-07-16,0.8885140750201153,15.595584492042544,16.48409856706266
2013-07-17,0.7699990469853972,16.083246885118584,16.85324593210398
2013-07-18,0.7667413231147187,16.021321306771256,16.788062629885975
2013-07-19,0.9453268333140858,15.778011198032397,16.723338031346483
2013-07-22,0.7396495256776188,15.940506449940825,16.680155975618444
2013-07-23,0.8674227536330985,15.830247621650075,16.697670375283174
2013-07-24,0.7909847986165737,15.729825129140707,16.52080992775728
2013-07-25,0.8359914955658496,15.742018935204346,16.578010430770195
2013-07-26,0.7782266026628832,15.804066312366999,16.582292915029882
2013-07-29,0.7738654109404095,15.860555520410546,16.634420931350956
2013-07-30,0.8352142181567856,15.754181457053079,16.589395675209865
2013-07-31,1.005998984831372,15.723065843500702,16.729064828332074
2013-08-01,0.9088947867861261,15.574206155085326,16.483100941871452
2013-08-02,0.9754470586217501,15.405467368307463,16.380914426929213
2013-08-05,0.8134242911169522,15.554647608168686,16.36807189928564
2013-08-06,0.8750253471052734,15.571094793887541,16.446120140992814
2013-08-07,0.6983632023281103,15.803950542561651,16.50231374488976
2013-08-08,0.9224066458392528,15.449864598175644,16.372271244014897
2013-08-09,0.6071257667859289,15.566941363255546,16.174067130041475
2013-08-12,0.5401828011705092,15.617424336570707,16.157607137741216
2013-08-13,0.6464245655588154,15.435192688955285,16.0816172545141
2013-08-14,0.5002728620319967,15.489003186427578,15.989276048459574
2013-08-15,0.23373951849166374,15.983990985607885,16.21773050409955
2013-08-16,0.6986313809996041,15.456566894156982,16.155198275156586
2013-08-19,0.7782371181909085,15.464073554936395,16.242310673127303
2013-08-20,0.9166935224058488,15.5016236161197,16.41831713852555
2013-08-21,0.5582753853845137,12.224998625639257,12.78327401102377
2013-08-22,0.6236517694774086,12.019596134481304,12.643247903958713
2013-08-23,0.463966807483013,12.07999243251367,12.543959239996683
2013-08-26,0.6796193437127194,11.886523501168229,12.566142844880948
2013-08-27,0.6772490371905668,12.268363321320798,12.945612358511365
2013-08-28,0.7152731594108221,12.297428417107712,13.012701576518534
2013-08-29,0.7256258273186624,11.784409020816799,12.510034848135462
2013-08-30,0.7794201771355986,11.972559154072865,12.751979331208464
2013-09-02,0.7155180252501268,11.659937364882405,12.375455390132531
2013-09-03,0.6731435093512328,11.730507982531321,12.403651491882554
2013-09-04,0.6983360809191641,11.655980066020975,12.354316146940139
2013-09-05,0.663804234605962,11.56060978173343,12.224414016339392
2013-09-06,0.5424205440229528,11.788249905352787,12.33067044937574
2013-09-09,0.5578658627097024,11.751448242636803,12.309314105346505
2013-09-10,0.39226491675335673,11.636077037801494,12.02834195455485
2013-09-11,0.3954179198057357,11.579801787608353,11.97521970741409
2013-09-12,0.37038707940138416,11.623907771235523,11.994294850636907
2013-09-13,0.33673189370577283,11.585389397492676,11.922121291198449
2013-09-16,0.3034190833584631,11.555365817960164,11.858784901318627
2013-09-17,0.402803322880402,11.55583673135757,11.958640054237971
2013-09-18,0.4216799191258609,11.440003207396478,11.861683126522339
2013-09-19,0.3833504836336381,11.415175457478181,11.79852594111182
2013-09-20,0.490782782425935,11.4080150422799,11.898797824705834
2013-09-23,0.47414905377331173,11.506509915595439,11.98065896936875
2013-09-24,0.34211357948709775,11.567324817840117,11.909438397327214
2013-09-25,0.25389572811027605,11.651404073061398,11.905299801171674
2013-09-26,0.31616173362875344,11.60733386032552,11.923495593954273
2013-09-27,0.3325205982138719,11.64835725399466,11.980877852208533
2013-09-30,0.3199920248030317,11.70248004891709,12.022472073720122
2013-10-01,0.3008238360628397,11.621149218201914,11.921973054264754
2013-10-02,0.40200480253074566,11.68178173954989,12.083786542080636
2013-10-03,0.43750141741171156,11.706640292557463,12.144141709969174
2013-10-04,0.49911937877971546,11.107073557584025,11.60619293636374
2013-10-07,0.4959448119116523,11.152936470168985,11.648881282080637
2013-10-08,0.5685577568302218,11.25823110939213,11.826788866222351
2013-10-09,0.5488973277814377,11.422279980969268,11.971177308750706
2013-10-10,0.34349373671733296,11.24871159128666,11.592205328003994
2013-10-11,0.5209057453274202,11.059845051048097,11.580750796375517
2013-10-14,0.39428969169994765,11.156981530894237,11.551271222594185
2013-10-15,0.3608020504962077,11.02370192376316,11.384503974259367
2013-10-16,0.33619392768129863,10.987665530136491,11.32385945781779
2013-10-17,0.31835810358120575,11.014259929669068,11.332618033250274
2013-10-18,0.36185808359046057,10.841022817812197,11.202880901402658
2013-10-21,0.37933127551189827,10.81364541955954,11.192976695071438
2013-10-22,0.40089929204178176,10.713664096185921,11.114563388227703
2013-10-23,0.38694135664908025,10.622660077262879,11.009601433911959
2013-10-24,0.30272506622878304,10.619289280241071,10.922014346469854
2013-10-25,0.25024673684287535,10.687041231389378,10.937287968232253
2013-10-28,0.3150271433544738,10.666909559359153,10.981936702713627
2013-10-29,0.3821315561066996,10.550996654664496,10.933128210771196
2013-10-30,0.2889573432332355,10.659650537714391,10.948607880947627
2013-10-31,0.41415989379302154,10.277176610735088,10.69133650452811
2013-11-01,0.4204746264119663,10.322035680835304,10.74251030724727
2013-11-04,0.40912482220153557,10.292756235186095,10.70188105738763
2013-11-05,0.41693721888586843,10.296426439178267,10.713363658064136
2013-11-06,0.3322611562736064,10.3738635372253,10.706124693498907
2013-11-07,0.2803966505068427,9.913749445203974,10.194146095710817
2013-11-08,0.33163986110467114,9.865985440717461,10.197625301822132
2013-11-11,0.32380762209226255,9.849213624114626,10.173021246206888
2013-11-12,0.03032401180295352,10.257400028165634,10.287724039968587
2013-11-13,-0.06791476060530854,10.407647353445359,10.33973259284005
2013-11-14,-0.9315789189099881,11.23606588561529,10.304486966705301
2013-11-15,0.3599415611019232,9.885544425040793,10.245485986142716
2013-11-18,0.39601986160233693,9.793543968111218,10.189563829713554
2013-11-19,0.3902520726225518,9.89906242081636,10.289314493438912
2013-11-20,0.24686045325111827,8.82853765869415,9.075398111945269
2013-11-21,0.33125474191513504,8.78023803296628,9.111492774881414
2013-11-22,0.3597258185021488,8.782816495465198,9.142542313967347
2013-11-25,0.39501538612297615,8.70372701621923,9.098742402342205
2013-11-26,0.21834015920846728,7.563925957973397,7.782266117181864
2013-11-27,0.2574707120285442,7.498996871466024,7.756467583494568
2013-11-28,0.3470488383332153,7.3959291317745715,7.742977970107787
2013-11-29,0.30771908147785965,7.439787556528721,7.7475066380065805
2013-12-02,0.275924809818223,7.4728951816279325,7.7488199914461555
2013-12-03,0.38734387244984436,7.6047783825892,7.992122255039044
2013-12-04,0.5855657540462937,7.553671459038003,8.139237213084296
2013-12-05,0.5900404655110307,7.64731499983335,8.23735546534438
2013-12-06,0.407551546213889,7.7702104540084305,8.17776200022232
2013-12-09,0.30820158072106274,7.77677744448283,8.084979025203893
2013-12-10,0.3533965786954223,7.856560164612736,8.209956743308158
2013-12-11,0.45330114602952154,7.846229412317853,8.299530558347374
2013-12-12,0.8368699131406805,7.700791323972157,8.537661237112838
2013-12-13,0.8438293686908125,7.676318986231799,8.520148354922611
2013-12-16,0.6902388600532987,7.725485575899167,8.415724435952466
2013-12-17,0.6671180173457918,7.846187532057582,8.513305549403373
2013-12-18,0.675669526555084,7.708545265015668,8.384214791570752
2013-12-19,0.5925819461953816,7.486009125725894,8.078591071921275
2013-12-20,0.7257246578622771,7.441786991263366,8.167511649125643
2013-12-23,0.6485762590023789,7.423060133079263,8.071636392081642
2013-12-24,0.6485762590023638,7.42306013307929,8.071636392081654
2013-12-25,0.6485762590023638,7.42306013307929,8.071636392081654
2013-12-26,0.6485762590023638,7.42306013307929,8.071636392081654
2013-12-27,0.4851210696745216,8.834641236761673,9.319762306436195
2013-12-30,0.3272337960645171,8.950821071041931,9.278054867106448
2013-12-31,0.3272337960645171,8.950821071041924,9.278054867106441
2014-01-01,0.3272337960645171,8.950821071041924,9.278054867106441
2014-01-02,0.7860345895945446,8.75156305738549,9.537597646980034
2014-01-03,0.6243016958313312,8.802420128133642,9.426721823964973
2014-01-06,0.7068481794091923,8.768583496955824,9.475431676365016
2014-01-07,0.5571616018553058,8.75272179294761,9.309883394802917
2014-01-08,0.5094567188742474,8.850744097190216,9.360200816064463
2014-01-09,0.6567689876515672,8.719819652845533,9.3765886404971
2014-01-10,0.49638118706665146,8.792348210053945,9.288729397120596
2014-01-13,0.736497262729177,8.727226471190793,9.46372373391997
2014-01-14,0.601946498927779,8.803201820449125,9.405148319376904
2014-01-15,0.3297225315767154,8.956550230238141,9.286272761814857
2014-01-16,0.10083538467517705,9.198148935995546,9.298984320670723
2014-01-17,0.7354862752646962,8.521916467130668,9.257402742395364
2014-01-20,0.5889821107289777,8.640809309534967,9.229791420263945
2014-01-21,0.6045014051680724,8.669761581385542,9.274262986553614
2014-01-22,0.5763673687801738,8.62187564692559,9.198243015705764
2014-01-23,0.546645798806173,8.773872628944654,9.320518427750827
2014-01-24,0.8880663469880776,8.849167820019703,9.73723416700778
2014-01-27,0.9259949700156156,8.801019241332122,9.727014211347738
2014-01-28,0.9717740009032116,8.785028715404161,9.756802716307373
2014-01-29,1.026138708930393,8.783944278300755,9.810082987231148
2014-01-30,1.0098560846086375,8.797101389104872,9.80695747371351
2014-01-31,0.7813167223524271,9.003530860282801,9.784847582635228
2014-02-03,0.891576799409,9.075818126664581,9.967394926073581
2014-02-04,0.7414873449583315,9.148342883855022,9.889830228813354
2014-02-05,0.8116350764762181,9.117212773629726,9.928847850105944
2014-02-06,0.8505318853855464,8.899861301237884,9.75039318662343
2014-02-07,0.8797584974198944,8.745263323793766,9.625021821213661
2014-02-10,0.7850520670743997,8.79341979214099,9.578471859215389
2014-02-11,0.6070125674696012,8.82619448662774,9.433207054097341
2014-02-12,0.6198268115957646,8.798293240608666,9.418120052204431
2014-02-13,0.5189144219225064,8.85326625347431,9.372180675396816
2014-02-14,0.6247060082884275,8.720366514019913,9.34507252230834
2014-02-17,0.49408192246949945,8.76804984816295,9.262131770632449
2014-02-18,0.5490861409938326,8.690549825580865,9.239635966574697
2014-02-19,0.4086715385080151,8.812328212042178,9.220999750550193
2014-02-20,0.6821783387181917,8.61553636512146,9.297714703839652
2014-02-21,0.6109575678837711,8.554840347122335,9.165797915006106
2014-02-24,0.6212727751857887,8.562383575017181,9.18365635020297
2014-02-25,0.5361759832362889,8.508528365597664,9.044704348833953
2014-02-26,0.4913991868391214,8.610699427225073,9.102098614064195
2014-02-27,0.49332802706798695,8.64586533801557,9.139193365083557
2014-02-28,0.596628771103207,8.578929422083439,9.175558193186646
2014-03-03,0.6211022116146054,8.66149294669534,9.282595158309945
2014-03-04,0.5035560821080693,8.624363628748439,9.127919710856508
2014-03-05,0.579412479961789,8.575400192857199,9.154812672818988
2014-03-06,0.5488302096041959,8.582145014291719,9.130975223895915
2014-03-07,0.38383883511168726,10.584640111068618,10.968478946180305
2014-03-10,0.40601383794399837,10.611613727196122,11.01762756514012
2014-03-11,0.38914584213218895,10.632917667848792,11.022063509980981
2014-03-12,0.3154750791567391,10.75435885863898,11.06983393779572
2014-03-13,0.3098373201348448,10.88876996314924,11.198607283284085
2014-03-14,0.30896110611501904,10.995197229695059,11.304158335810078
2014-03-17,0.4606726469521778,10.73579362964825,11.196466276600427
2014-03-18,0.407825370498788,10.652696575800622,11.06052194629941
2014-03-19,0.39875485420714973,10.647965714786494,11.046720568993644
2014-03-20,0.43711123952243547,10.621466291830151,11.058577531352586
2014-03-21,0.30419384710519637,10.690704298481101,10.994898145586298
2014-03-24,0.5296206407054811,10.701037712984048,11.23065835368953
2014-03-25,0.4575408273028039,10.601098533636161,11.058639360938965
2014-03-26,0.3914799825785398,10.577894711634226,10.969374694212766
2014-03-27,0.29703555050678254,10.62257086620123,10.919606416708012
2014-03-28,0.27604934331651876,10.570287113209242,10.84633645652576
2014-03-31,0.2889965483688677,10.526383143191495,10.815379691560363
2014-04-01,0.2572296403526604,10.489797661594908,10.747027301947568
2014-04-02,0.28224695350889206,10.466790624177873,10.749037577686765
2014-04-03,0.2876066448596646,10.47190915630412,10.759515801163785
2014-04-04,0.26587201582552566,10.453934002791218,10.719806018616744
2014-04-07,0.18899679894135168,10.565756660613584,10.754753459554935
2014-04-08,0.2656630505297297,10.601727869596427,10.867390920126157
2014-04-09,0.13999735172167327,10.658968573913723,10.798965925635397
2014-04-10,0.29926906669349584,10.592228490774337,10.891497557467833
2014-04-11,0.2786371728819592,10.740698121714827,11.019335294596786
2014-04-14,0.24038868231983201,10.716032019546477,10.956420701866309
2014-04-15,0.20098235512609364,10.864309775234076,11.06529213036017
2014-04-16,0.23492490705597469,10.707728789535171,10.942653696591146
2014-04-17,0.19879659708176511,10.660739928682439,10.859536525764204
2014-04-18,0.19879659708176511,10.660739928682439,10.859536525764204
2014-04-21,0.19879659708176511,10.660739928682439,10.859536525764204
2014-04-22,0.30897457051600163,10.483181328903953,10.792155899419955
2014-04-23,0.29453446321640975,10.51418707738284,10.80872154059925
2014-04-24,0.25999387175344424,10.53302192775155,10.793015799504994
2014-04-25,0.14806312893033002,10.661319050442367,10.809382179372697
2014-04-28,0.14418560854722884,10.673220974013391,10.81740658256062
2014-04-29,0.0838514540780082,10.595081556624663,10.678933010702671
2014-04-30,0.014825008367180814,10.68383979916032,10.6986648075275
2014-05-01,0.014825008367189696,10.683839799160303,10.698664807527493
2014-05-02,0.11065754469190736,10.573387027401864,10.684044572093772
2014-05-05,-0.04907537894166225,10.770757756990298,10.721682378048635
2014-05-06,0.1057172182791053,10.624896491300603,10.730613709579709
2014-05-07,0.09138597807317872,10.662355651011115,10.753741629084294
2014-05-08,0.02873885179774227,10.652948973064163,10.681687824861905
2014-05-09,-0.05227860124538353,10.757465674642317,10.705187073396933
2014-05-12,-0.4340457349033322,11.091153817085107,10.657108082181775
2014-05-13,-0.5236041249058108,11.160476992286398,10.636872867380587
2014-05-14,-1.0750898809059564,11.72595151715434,10.650861636248383
2014-05-15,-1.9747912752627705,12.655090978639528,10.680299703376757
2014-05-16,0.1533260083671859,10.548523654058002,10.701849662425188
2014-05-19,0.10792733890220951,10.611799036043235,10.719726374945445
2014-05-20,0.16654835880491525,10.52566309757427,10.692211456379185
2014-05-21,0.07045826522731247,10.61122357451174,10.681681839739053
2014-05-22,0.2599703018561659,10.439733512618723,10.699703814474889
2014-05-23,0.14088066713721403,10.526818345877707,10.667699013014921
2014-05-26,0.21313526790256,10.497870491178626,10.711005759081186
2014-05-27,0.05628973394198589,10.567731892287236,10.624021626229222
2014-05-28,0.21274230037972686,10.440790875620912,10.65353317600064
2014-05-29,0.10161290037127557,10.544978867528625,10.646591767899901
2014-05-30,0.19066924041991484,10.441419675139372,10.632088915559287
2014-06-02,0.1427621684604503,10.504470213950274,10.647232382410724
2014-06-03,0.1841839227848503,10.474429595015982,10.658613517800832
2014-06-04,0.09102081315359989,10.560195293400385,10.651216106553985
2014-06-05,0.11385050636838301,10.53615181722177,10.650002323590153
2014-06-06,0.13673714094777445,10.483644165337068,10.620381306284843
2014-06-09,0.1720982154085977,10.430904690134128,10.603002905542725
2014-06-10,0.07403454003897281,10.457726939060493,10.531761479099465
2014-06-11,0.0878060481632641,10.475125388688436,10.5629314368517
2014-06-12,0.39028264828048265,10.479990901598196,10.870273549878679
2014-06-13,0.3379755999926921,10.4444157239931,10.782391323985792
2014-06-16,0.40432268777107616,10.476885626325604,10.88120831409668
2014-06-17,0.33213835457932106,10.526950922784025,10.859089277363346
2014-06-18,0.32863561248250406,10.559065231346354,10.887700843828858
2014-06-19,0.34977196134980915,10.527341558295237,10.877113519645047
2014-06-20,0.4255928316474549,10.341089097685552,10.766681929333007
2014-06-23,0.36882277476164305,10.476000238570645,10.844823013332288
2014-06-24,0.47532161511431426,10.442287761451983,10.917609376566297
2014-06-25,0.41632701137874584,10.53175171464858,10.948078726027326
2014-06-26,0.21666119799759187,9.161156926507239,9.37781812450483
2014-06-27,0.29180802644672,9.122530368269146,9.414338394715866
2014-06-30,0.2545191128285307,9.180030517973295,9.434549630801826
2014-07-01,0.25037352329703744,9.12278453047812,9.373158053775157
2014-07-02,0.06828087616972134,9.104422261311806,9.172703137481527
2014-07-03,0.11045221903348867,9.059799846042866,9.170252065076355
2014-07-04,-0.005481858842049547,8.661131789628081,8.655649930786032
2014-07-07,0.05739054076251904,8.66279431496055,8.720184855723069
2014-07-08,-0.05809849816441748,8.792688341973028,8.73458984380861
2014-07-09,-0.06806108834553903,8.80380179733061,8.735740708985071
2014-07-10,-0.12692598750436623,8.800130299059227,8.67320431155486
2014-07-11,-0.05078642336136596,9.278841941934761,9.228055518573395
2014-07-14,-0.034939901458100664,9.320941033439038,9.286001131980937
2014-07-15,-0.13719592540704717,9.42764447945348,9.290448554046433
2014-07-16,-0.18748796568280035,9.460072848872072,9.272584883189271
2014-07-17,-0.12433679488426286,9.403253115600178,9.278916320715915
2014-07-18,-0.08655421795501361,9.322841662446772,9.236287444491758
2014-07-21,0.013268427760436907,9.293086768570541,9.306355196330978
2014-07-22,-0.0014860383315351555,9.597846363502196,9.59636032517066
2014-07-23,0.04964869319907095,9.546187291838757,9.595835985037828
2014-07-24,-0.0688108611188678,9.669458272176316,9.600647411057448
2014-07-25,0.008028011905583554,9.560277879788224,9.568305891693807
2014-07-28,0.04875254090666026,9.541049414397346,9.589801955304006
2014-07-29,0.05790389747250657,10.157214503460354,10.21511840093286
2014-07-30,-0.0056126175682997825,10.202814079472514,10.197201461904214
2014-07-31,0.06365008789486737,10.148655001278376,10.212305089173244
2014-08-01,-0.16128566411726908,10.375599535049625,10.214313870932356
2014-08-04,-0.041652950136144895,10.300974200420326,10.25932125028418
2014-08-05,-0.03133496916047562,10.228450208085267,10.197115238924791
2014-08-06,0.012641539238579469,10.176236737558035,10.188878276796615
2014-08-07,0.15297153201981573,10.081295947356145,10.23426747937596
2014-08-08,-0.1779804498933384,10.378646899722517,10.200666449829178
2014-08-11,-0.0031825322256153754,10.185514473206151,10.182331940980536
2014-08-12,-0.23478866382514418,10.39465808396562,10.159869420140476
2014-08-13,-0.3739595958475288,10.62099916033707,10.24703956448954
2014-08-14,-0.6581833600827345,10.895534317653338,10.237350957570603
2014-08-15,0.07041094688001692,10.115295578641062,10.185706525521079
2014-08-18,0.08851203794755413,10.200185407913436,10.28869744586099
2014-08-19,0.14682892546379023,10.11345866937031,10.2602875948341
2014-08-20,0.16263183212213406,10.05839585873028,10.221027690852415
2014-08-21,0.166742193964458,10.067213909450102,10.23395610341456
2014-08-22,0.1557121663648715,10.094366148226033,10.250078314590905
2014-08-25,0.04431212855886635,10.286939770575733,10.3312518991346
2014-08-26,0.04723607256616624,10.246636027708785,10.293872100274951
2014-08-27,0.13540091718629732,10.117599994212958,10.253000911399255
2014-08-28,0.057065393206599424,10.184863224001587,10.241928617208186
2014-08-29,0.08734377414352856,10.143929321507422,10.23127309565095
2014-09-01,0.06556887240948761,10.200133396864071,10.265702269273559
2014-09-02,0.044318303012707005,10.208519012814254,10.25283731582696
2014-09-03,0.03348419809058534,10.198359833735005,10.23184403182559
2014-09-04,0.0699777627387288,10.160586427105164,10.230564189843893
2014-09-05,0.14082461361566523,10.125068323355515,10.26589293697118
2014-09-08,0.1227533496738964,10.117373504811049,10.240126854484945
2014-09-09,0.2058167218932141,10.39290747405907,10.598724195952284
2014-09-10,0.1525761857014949,10.462439570879136,10.61501575658063
2014-09-11,0.14794639928332387,10.427570431172995,10.57551683045632
2014-09-12,0.1566794680726531,10.466851055860937,10.62353052393359
2014-09-15,0.07951461966382922,10.558460043907367,10.637974663571196
2014-09-16,0.05815190281259852,10.54278417616403,10.600936078976629
2014-09-17,0.005359150678010849,10.587655307211655,10.593014457889666
2014-09-18,-0.314917543469166,11.1754349608252,10.860517417356034
2014-09-19,0.17387485068765507,10.46141019290662,10.635285043594275
2014-09-22,0.12616439261388912,10.42723301507273,10.553397407686619
2014-09-23,0.09032546045500212,10.493583969956035,10.583909430411037
2014-09-24,0.08981100981639045,10.04511769067107,10.13492870048746
2014-09-25,0.036252706522176936,10.047719262648883,10.08397196917106
2014-09-26,-0.02425023782647351,10.102665550913835,10.078415313087362
2014-09-29,0.0485683233708869,10.036748695180119,10.085317018551006
2014-09-30,0.10275300008923693,10.015180462218133,10.11793346230737
2014-10-01,0.06527866645558866,10.029971214248047,10.095249880703635
2014-10-02,-0.9494416967257528,11.038113979041333,10.08867228231558
2014-10-03,-0.4240578078247559,10.535542803079071,10.111484995254315
2014-10-06,-0.31192233109190504,10.38367594126028,10.071753610168376
2014-10-07,-0.7692463339080557,10.809556477117672,10.040310143209616
2014-10-08,-0.0034353631356704994,10.100259860645993,10.096824497510323
2014-10-09,-0.08876796089569972,10.161369834248795,10.072601873353095
2014-10-10,-0.1763404316253716,10.288122841004267,10.111782409378895
2014-10-13,-0.05371607285152713,10.1006894006296,10.046973327778073
2014-10-14,-0.10079942536686559,10.198649355118732,10.097849929751867
2014-10-15,-3.0265122997852263,14.888490001575406,11.86197770179018
2014-10-16,-2.532299544372595,14.49803171878497,11.965732174412375
2014-10-17,-0.016506500029869642,11.935273772338821,11.918767272308951
2014-10-20,-0.0847220286253183,12.008955791721105,11.924233763095787
2014-10-21,0.012727660643113481,11.908429436847669,11.921157097490783
2014-10-22,-0.003518252707142011,11.940487326293022,11.93696907358588
2014-10-23,-0.11823389536453632,12.053191457624866,11.93495756226033
2014-10-24,-0.12783502890351883,15.915492250357493,15.787657221453975
2014-10-27,-0.14333043289189717,15.9283971949028,15.785066762010903
2014-10-28,-0.03007654705863061,15.855357310772156,15.825280763713526
2014-10-29,-0.027790499364336085,15.835600824401133,15.807810325036797
2014-10-30,-0.09568482766878006,17.234066326801095,17.138381499132315
2014-10-31,0.01278478869769728,17.168855827594445,17.181640616292142
2014-11-03,-0.008163017523699523,17.141645969019677,17.133482951495978
2014-11-04,-0.029212138517678454,17.154046756208285,17.124834617690606
2014-11-05,-0.05449837390069234,17.187377582846935,17.132879208946242
2014-11-06,-0.026217167806798614,17.170335220752126,17.144118052945327
2014-11-07,-0.0830245724596601,17.211466896105428,17.128442323645768
2014-11-10,-0.08863604055399676,17.21093528529734,17.122299244743342
2014-11-11,-0.11647707920617023,17.23006871976955,17.11359164056338
2014-11-12,-0.023462623918312886,17.21843251840474,17.194969894486427
2014-11-13,0.014983059300277546,16.721971636395537,16.736954695695815
2014-11-14,0.09146455691378108,16.681323382819684,16.772787939733465
2014-11-17,0.0014967214128382977,16.78682092458495,16.78831764599779
2014-11-18,0.03505711821546953,16.74615759569852,16.78121471391399
2014-11-19,0.08548449577626016,16.696408235469818,16.781892731246078
2014-11-20,-0.04382770540301806,15.524380567864767,15.48055286246175
2014-11-21,-0.10119601970075287,15.55510290657372,15.453906886872968
2014-11-24,-0.09333630701974904,15.545283346427588,15.45194703940784
2014-11-25,-0.032415981697109686,15.491050054317327,15.458634072620217
2014-11-26,0.013661436243307179,16.03200674065331,16.045668176896616
2014-11-27,0.05240357550412966,16.003934382565554,16.056337958069683
2014-11-28,-0.034254465534719,16.08838624973315,16.054131784198432
2014-12-01,0.0004001562695101768,16.073384899095263,16.073785055364773
2014-12-02,-0.043069825714567855,16.104649950079576,16.06158012436501
2014-12-03,-0.014289637223686924,16.065187949170458,16.05089831194677
2014-12-04,-0.13296014614937768,13.336901368717937,13.20394122256856
2014-12-05,-0.0820989714777145,13.280251690116732,13.198152718639017
2014-12-08,-0.15863772071871018,13.356988305786889,13.198350585068178
2014-12-09,-0.04560950366801286,13.260227448064757,13.214617944396744
2014-12-10,-0.05318347225667708,14.26403444409248,14.210850971835804
2014-12-11,0.1222848816971922,14.067487326844184,14.189772208541376
2014-12-12,-0.4279826109451914,14.632039312747105,14.204056701801914
2014-12-15,-0.026973741946173746,14.24327404286412,14.216300300917947
2014-12-16,-0.09812627300984467,14.282401563165642,14.184275290155798
2014-12-17,-0.07565830239848026,17.00691254624764,16.93125424384916
2014-12-18,0.056458292586018644,16.892905974570255,16.949364267156273
2014-12-19,0.23568022304309721,16.823578438050447,17.059258661093544
2014-12-22,0.31646491819222433,16.77455354409497,17.091018462287195
2014-12-23,0.23490064789623943,16.87676205892891,17.11166270682515
2014-12-24,0.2349006478962714,16.876762058928882,17.111662706825154
2014-12-25,0.2349006478962714,16.876762058928882,17.111662706825154
2014-12-26,0.2349006478962714,16.876762058928882,17.111662706825154
2014-12-29,0.15252398109115717,19.113403508734024,19.26592748982518
2014-12-30,0.29851092240761545,19.004384037436424,19.30289495984404
2014-12-31,0.29851092240759414,19.004384037436438,19.302894959844032
2015-01-01,0.29851092240759414,19.004384037436438,19.302894959844032
2015-01-02,0.21004227817654808,19.113328577632974,19.32337085580952
2015-01-05,0.2870351534391631,19.172971009655413,19.460006163094576
2015-01-06,0.10902599937343282,19.403984910621958,19.51301090999539
2015-01-07,0.21716541725459138,19.269167243596353,19.486332660850945
2015-01-08,0.2695236220480268,19.082999788578476,19.352523410626503
2015-01-09,0.20169236635237198,19.24546730813633,19.447159674488702
2015-01-12,0.3048075714266538,19.221428479836547,19.5262360512632
2015-01-13,0.3524606298341908,19.117900483513914,19.470361113348105
2015-01-14,0.3546966595940333,19.148906972628975,19.503603632223008
2015-01-15,-0.3817238104792331,19.813817287726348,19.432093477247115
2015-01-16,0.30102306890491803,19.165277067499364,19.466300136404282
2015-01-19,0.16765987900246415,19.351981453827566,19.51964133283003
2015-01-20,0.27631501151212134,19.845906989742062,20.122222001254183
2015-01-21,0.19731489427538307,19.944733451604133,20.142048345879516
2015-01-22,0.3625641596857463,19.830462674660957,20.193026834346703
2015-01-23,0.2992999259992217,19.795765134807795,20.095065060807016
2015-01-26,0.3029475543742741,19.769651800478723,20.072599354852997
2015-01-27,0.21477019596343183,19.85942266737524,20.074192863338673
2015-01-28,0.21420270590446222,17.692720393778362,17.906923099682825
2015-01-29,0.18433972617766514,17.6636350218958,17.847974748073465
2015-01-30,0.2609834769183976,17.6644815537323,17.9254650306507
2015-02-02,0.16170988280115495,17.753688999375072,17.915398882176227
2015-02-03,0.216462138718434,17.694291031558706,17.91075317027714
2015-02-04,0.18816260968867127,17.725140734757453,17.913303344446124
2015-02-05,-0.013113124396408438,17.625166705877017,17.61205358148061
2015-02-06,0.023752209718708173,17.604492216014425,17.628244425733133
2015-02-09,-0.00458742606130258,17.584764520709168,17.580177094647865
2015-02-10,-0.004515303479866617,17.682440743565543,17.677925440085676
2015-02-11,-0.11030659344557847,17.69338341601566,17.58307682257008
2015-02-12,-0.0077850809942106025,17.642969054961704,17.635183973967493
2015-02-13,0.019668944228488527,17.640333830505828,17.660002774734316
2015-02-16,-0.19189271220016835,17.817752536625882,17.625859824425714
2015-02-17,-0.019391521589529503,17.67460511095497,17.65521358936544
2015-02-18,0.07774369835949457,17.656780102869497,17.734523801228992
2015-02-19,-0.011677553490869741,17.63312422742405,17.621446673933182
2015-02-20,0.13221706335578176,17.538632865208818,17.6708499285646
2015-02-23,0.150623937632254,17.62604640762788,17.776670345260133
2015-02-24,-0.030682603685676213,17.6376314482165,17.606948844530823
2015-02-25,0.024761285582933112,17.59879786661992,17.62355915220285
2015-02-26,0.14817140837622844,17.61399566551589,17.76216707389212
2015-02-27,0.09873409350485218,17.534528347869653,17.633262441374505
2015-03-02,0.06461316891827629,14.24030038813201,14.304913557050286
2015-03-03,0.08441047804343071,14.203655400520518,14.288065878563948
2015-03-04,0.004932477143109182,14.275370707339544,14.280303184482653
2015-03-05,0.07267425456869603,14.327494060402044,14.40016831497074
2015-03-06,-0.03497637877276638,14.26572981295567,14.230753434182903
2015-03-09,-0.0871047499279829,14.300377812761145,14.213273062833162
2015-03-10,0.009992596626252848,14.291985919429823,14.301978516056076
2015-03-11,-0.03211960016195903,14.269266708112013,14.237147107950054
2015-03-12,-0.019022966598706503,14.28033632640309,14.261313359804383
2015-03-13,-0.0287688481663686,14.293840477075726,14.265071628909357
2015-03-16,0.06030597099527135,11.47374974240714,11.534055713402411
2015-03-17,0.15705029058732478,11.343264579264147,11.500314869851472
2015-03-18,0.04253721719077319,11.453076417366658,11.495613634557431
2015-03-19,-0.06178669153916516,11.497073483685817,11.435286792146652
2015-03-20,-0.06275788712406793,11.563705419889613,11.500947532765545
2015-03-23,-0.07465151544728066,11.58383050309261,11.50917898764533
2015-03-24,0.0482153283288298,11.426181585701976,11.474396914030805
2015-03-25,-0.0387401097160911,11.54493405907841,11.506193949362318
2015-03-26,-0.2041933120112116,11.720274647574138,11.516081335562927
2015-03-27,-0.15738268280484213,11.670685273688006,11.513302590883164
2015-03-30,-0.1881473729708638,11.669722970557697,11.481575597586833
2015-03-31,-0.21128556694281464,11.695061713399383,11.483776146456568
2015-04-01,-0.09227837421960494,11.565957018794109,11.473678644574504
2015-04-02,-0.2710291768052677,11.781574116481497,11.51054493967623
2015-04-03,-0.2710291768052677,11.781574116481497,11.51054493967623
2015-04-06,-0.2710291768052677,11.781574116481497,11.51054493967623
2015-04-07,-0.294294059823514,11.751339096418848,11.457045036595334
2015-04-08,-0.8547639910845533,12.264540739333645,11.409776748249092
2015-04-09,-0.8162301045174569,12.24157555175269,11.425345447235234
2015-04-10,-0.7207120806026559,12.118657166956128,11.397945086353472
2015-04-13,-0.564368921391905,11.988965347899436,11.42459642650753
2015-04-14,-0.6011139838873767,12.007202830760399,11.406088846873022
2015-04-15,-0.2817097560574897,11.701728762716652,11.420019006659162
2015-04-16,-0.41488107189751133,11.824067598364893,11.409186526467382
2015-04-17,-0.6655319125759593,12.100467843957228,11.434935931381268
2015-04-20,-0.30223116342432377,11.772724393878146,11.470493230453823
2015-04-21,-0.19933555920707846,11.702145373164512,11.502809813957434
2015-04-22,-0.34013220592561844,12.08729070323594,11.747158497310322
2015-04-23,-0.4239552465787817,12.168669414735685,11.744714168156904
2015-04-24,-0.23625567212547338,12.005768365591452,11.769512693465979
2015-04-27,-0.31900262585940986,12.071258062498352,11.752255436638942
2015-04-28,-0.27947351667256726,12.002181050967948,11.722707534295381
2015-04-29,-0.24211656207416432,11.70457676853205,11.462460206457886
2015-04-30,-0.1044764197039747,11.561063655413225,11.45658723570925
2015-05-01,-0.10447641970393917,11.561063655413188,11.456587235709248
2015-05-04,-0.09485402821758804,11.56502650499599,11.470172476778401
2015-05-05,-0.5289165351454397,11.960371373643527,11.431454838498087
2015-05-06,-0.21618959144533534,11.65359817327348,11.437408581828144
2015-05-07,-0.176507721836904,11.655188598951053,11.478680877114149
2015-05-08,-0.3583993988043819,11.82371548403796,11.465316085233578
2015-05-11,-0.1749401047193313,11.626670189199583,11.451730084480252
2015-05-12,-0.08286924358035641,11.566787941072228,11.483918697491871
2015-05-13,-0.45191210020856865,11.892250067679448,11.44033796747088
2015-05-14,-0.14548368783936638,11.71303376871918,11.567550080879814
2015-05-15,0.06825065855157675,11.432156696747855,11.500407355299432
2015-05-18,0.07652942831954057,11.42233298332044,11.49886241163998
2015-05-19,0.028285606577570732,11.45152847010471,11.479814076682281
2015-05-20,0.15948259797696807,11.386316416211399,11.545799014188367
2015-05-21,0.25714322856502037,11.329708663892477,11.586851892457497
2015-05-22,0.11419354625050637,11.49367446176543,11.607868008015936
2015-05-25,-0.39043501813292636,12.101934089985157,11.71149907185223
2015-05-26,0.002928621093701622,11.50265892396872,11.505587545062422
2015-05-27,0.19346175147076572,11.40652155032843,11.599983301799195
2015-05-28,-0.1858461978297008,15.395652629081855,15.209806431252154
2015-05-29,-0.23453315336015024,20.056057494500294,19.821524341140144
2015-06-01,-0.27601678717782363,20.108601962535545,19.83258517535772
2015-06-02,-0.12976561329820413,20.114619181361377,19.984853568063173
2015-06-03,0.06378864510926618,20.008174238186584,20.07196288329585
2015-06-04,-0.03976928891557563,20.085283900934442,20.045514612018867
2015-06-05,0.010813303865649715,20.02200489214314,20.03281819600879
2015-06-08,-0.1840158800631535,20.140973838803927,19.956957958740773
2015-06-09,-0.10665153327953902,20.06606449498581,19.95941296170627
2015-06-10,0.0205443345412597,20.15725604723671,20.17780038177797
2015-06-11,0.14780816083514026,20.07282686469661,20.22063502553175
2015-06-12,-0.02775453359341995,20.14026930593652,20.1125147723431
2015-06-15,-0.20309774769057043,20.084527601503595,19.881429853813025
2015-06-16,0.04791993776717263,19.884022626651454,19.931942564418627
2015-06-17,-0.2532433075793534,20.134785869375136,19.881542561795783
2015-06-18,-0.18668656454699217,20.052104466114447,19.865417901567454
2015-06-19,-0.07461200878994845,19.983194739653122,19.908582730863174
2015-06-22,0.1621157167912166,19.961583766768896,20.123699483560113
2015-06-23,-0.0940378465019478,20.029679649715472,19.935641803213525
2015-06-24,0.1185330618718119,20.051901519977168,20.17043458184898
2015-06-25,-0.15581831101444266,20.122695646829477,19.966877335815035
2015-06-26,-0.19378514162924887,20.137236191805574,19.943451050176325
2015-06-29,-0.3624146005146436,20.14945274731155,19.787038146796906
2015-06-30,0.2297394976544851,19.84712572608446,20.076865223738945
2015-07-01,-0.12384605486611733,20.084032688304134,19.960186633438017
2015-07-02,-0.04008839605697645,20.024008054684476,19.9839196586275
2015-07-03,0.022923708127521536,19.991088566568923,20.014012274696444
2015-07-06,-0.05087104479604321,19.995334278123085,19.944463233327042
2015-07-07,0.019266077895263578,19.973903448281753,19.993169526177017
2015-07-08,-0.08365365392262447,19.987381158633806,19.90372750471118
2015-07-09,0.04737423090081805,20.041608781233627,20.088983012134445
2015-07-10,-0.007600391215991209,19.95331323879514,19.94571284757915
2015-07-13,0.23391760253993255,19.914710784804782,20.148628387344715
2015-07-14,-0.10981315363787658,20.17498925156493,20.065176097927054
2015-07-15,-0.2752275251247447,20.241318289549906,19.96609076442516
2015-07-16,-0.39493502815475523,20.35829258032375,19.963357552168993
2015-07-17,-0.08023507139862929,20.076325709361793,19.996090637963164
2015-07-20,-0.16612567126423627,20.206932952018956,20.04080728075472
2015-07-21,-0.1044897211859741,20.050099021930905,19.94560930074493
2015-07-22,-0.08083552781493353,20.142428656402533,20.0615931285876
2015-07-23,-0.0010635330022275014,17.622997331619477,17.62193379861725
2015-07-24,0.03511231376509727,17.678399555776377,17.713511869541474
2015-07-27,-0.2429741565479091,17.767324772559814,17.524350616011905
2015-07-28,-0.11195847019374128,17.754922057133967,17.642963586940226
2015-07-29,-0.043493487398222896,17.761823009446708,17.718329522048485
2015-07-30,-0.1716814997808953,17.724475248432768,17.552793748651872
2015-07-31,-0.17326518119480738,17.74048055849412,17.567215377299313
2015-08-03,-0.23649539742032744,17.762788724153317,17.52629332673299
2015-08-04,-0.23226576644217545,17.725072293576556,17.49280652713438
2015-08-05,-0.16367712112917943,17.678949850665475,17.515272729536296
2015-08-06,-0.06035473142542713,17.65396425098252,17.59360951955709
2015-08-07,0.00413606565978597,17.723808690462334,17.72794475612212
2015-08-10,-0.046729367133306,17.668864575495647,17.62213520836234
2015-08-11,0.1844635126480263,17.635138075219828,17.819601587867854
2015-08-12,-0.009715203574479858,17.725028816251715,17.715313612677235
2015-08-13,-0.12966431380492338,17.702617366017087,17.572953052212164
2015-08-14,-0.17801781629586344,17.68688485001624,17.508867033720378
2015-08-17,-0.16493717145272768,17.735419043189854,17.570481871737126
2015-08-18,-0.06697553461180306,17.69171602157033,17.624740486958526
2015-08-19,-0.0028491244551815953,17.66362853433193,17.66077940987675
2015-08-20,-0.030347369126992874,17.701755211218774,17.67140784209178
2015-08-21,0.21539118366073495,17.806882476473596,18.02227366013433
2015-08-24,-0.523660271398203,17.996235535273637,17.472575263875434
2015-08-25,-0.16170290579096402,23.215695344524605,23.05399243873364
2015-08-26,0.019337678187184792,23.30299097206896,23.322328650256146
2015-08-27,0.13783804797212085,23.257755982217777,23.395594030189898
2015-08-28,0.0935542631350863,23.316730876609785,23.41028513974487
2015-08-31,0.038645083096373156,23.371400242038508,23.41004532513488
2015-09-01,-0.22182447625378288,23.344090059361104,23.12226558310732
2015-09-02,-0.3086069210444293,23.28391845848678,22.97531153744235
2015-09-03,0.05297738018402143,23.3045120490522,23.35748942923622
2015-09-04,-0.3128071066394327,23.507748930362364,23.19494182372293
2015-09-07,-0.330396000082267,23.44532757203402,23.114931571951754
2015-09-08,0.3076773169905529,23.349508369338444,23.657185686328997
2015-09-09,0.10628440720050492,23.42547877076583,23.531763177966337
2015-09-10,0.22149739016886727,23.464155044728596,23.685652434897463
2015-09-11,-0.15870707080715007,23.334663917077155,23.175956846270005
2015-09-14,-0.10505530153586307,23.376584875117317,23.271529573581454
2015-09-15,0.15129760999526454,23.3904546764908,23.541752286486066
2015-09-16,0.18216618194438539,23.307316096961213,23.489482278905598
2015-09-17,0.1927215969211744,23.293172192435616,23.48589378935679
2015-09-18,-0.2218420335388096,23.37179932813055,23.14995729459174
2015-09-21,-0.09945967846199011,23.300210778401187,23.200751099939197
2015-09-22,-0.044104187363423364,23.312300296298616,23.268196108935193
2015-09-23,-0.23018699591285596,23.28875429058096,23.058567294668105
2015-09-24,-0.19416015519844976,23.243663451528924,23.049503296330474
2015-09-25,-0.22927907067518305,23.2716614318557,23.04238236118052
2015-09-28,-0.0291419697146047,23.310986570039436,23.28184460032483
2015-09-29,-0.27044968627580346,25.707837159419338,25.437387473143534
2015-09-30,0.04572713223474878,25.798554400875627,25.844281533110376
2015-10-01,0.17461517457132203,25.70015259797348,25.874767772544804
2015-10-02,0.23113172161383133,25.77269958344835,26.00383130506218
2015-10-05,-0.21219680060146473,25.925515894346567,25.713319093745103
2015-10-06,0.4864965189785373,25.540300358991207,26.026796877969744
2015-10-07,0.07481175584361921,25.84387445781565,25.91868621365927
2015-10-08,0.020953955247279055,25.7457147856679,25.76666874091518
2015-10-09,0.01650969527368673,25.737968518159764,25.75447821343345
2015-10-12,-0.24600201837181856,26.736223051230436,26.490221032858617
2015-10-13,-0.5482156972562251,26.900503453801587,26.352287756545362
2015-10-14,-0.5221648463388746,26.63483697179308,26.112672125454207
2015-10-15,-0.358152879429511,26.880310172879096,26.522157293449585
2015-10-16,-0.1953382367294445,26.748850995277774,26.55351275854833
2015-10-19,-0.19089667877243244,26.730183836196996,26.539287157424564
2015-10-20,-0.36596726903774623,26.907393247187027,26.54142597814928
2015-10-21,-0.3038339828009313,26.868059173372593,26.564225190571662
2015-10-22,-0.3171418316138386,26.6975249846218,26.380383153007962
2015-10-23,-0.26721388185909234,26.661101582972275,26.393887701113183
2015-10-26,-0.21289077457671368,26.59747166295598,26.384580888379265
2015-10-27,-0.21717097559035636,26.53344344738475,26.316272471794395
2015-10-28,-0.036371466782743056,26.622329332179557,26.585957865396814
2015-10-29,-0.09286346408295287,26.679652081138272,26.58678861705532
2015-10-30,-0.1922836182929899,26.852238469542968,26.659954851249978
2015-11-02,-0.06747778991178777,26.714512271290484,26.647034481378697
2015-11-03,-0.2143913674305935,26.726950361310802,26.51255899388021
2015-11-04,-0.2113539730103149,26.75019988829816,26.538845915287844
2015-11-05,-0.28366502150107564,26.792440044108705,26.50877502260763
2015-11-06,-0.2624053927014529,26.78337026356477,26.520964870863317
2015-11-09,-0.2495147842702501,26.78789051469434,26.53837573042409
2015-11-10,-0.14358376072615897,22.346523534876802,22.202939774150643
2015-11-11,-0.06661191392972299,22.354443695704372,22.28783178177465
2015-11-12,-0.18624943983496678,22.360977782403154,22.174728342568187
2015-11-13,-0.21309941182035175,22.41619595115501,22.20309653933466
2015-11-16,-0.059975129919696,17.01098627943252,16.951011149512823
2015-11-17,-0.02634640187847026,17.00896233638868,16.98261593451021
2015-11-18,-0.09955665782097611,17.08083882341926,16.981282165598284
2015-11-19,-0.08053099949518483,17.051562583566092,16.971031584070907
2015-11-20,-0.05911943307553713,17.010536894165043,16.951417461089505
2015-11-23,-0.08191309186046425,17.053933346081877,16.972020254221412
2015-11-24,-0.07790179764946004,17.01951199263658,16.94161019498712
2015-11-25,-0.011221043714154888,16.942679707024926,16.93145866331077
2015-11-26,-0.06447420703984008,16.996413209026617,16.931939001986777
2015-11-27,-0.03940763204716191,16.995309835585456,16.955902203538294
2015-11-30,0.01938289138108118,16.946993495613555,16.966376386994636
2015-12-01,-0.12443923035714022,16.610617930305256,16.486178699948116
2015-12-02,-0.12235430424675897,16.582070805327536,16.459716501080777
2015-12-03,-0.24213189133506674,16.719092323662142,16.476960432327076
2015-12-04,-0.2039298387792705,16.669420775680912,16.46549093690164
2015-12-07,-0.11046893167194582,16.587240854214578,16.476771922542632
2015-12-08,-0.2278730186659672,16.71312857585681,16.485255557190843
2015-12-09,-0.29242368035678723,16.802354626323325,16.509930945966538
2015-12-10,-0.2477698054553521,16.74461080651901,16.496841001063657
2015-12-11,-0.3332650125508003,16.852867268747687,16.519602256196887
2015-12-14,-0.1845533475284462,16.73001128952503,16.545457941996585
2015-12-15,-0.1825046284103884,16.669571102604902,16.487066474194513
2015-12-16,-0.12160046797613688,16.624349981873188,16.50274951389705
2015-12-17,-0.003794988001722288,16.529478221267873,16.52568323326615
2015-12-18,-0.15318619537606537,16.659249070836218,16.506062875460152
2015-12-21,-0.01866039850016321,16.44860660907585,16.429946210575686
2015-12-22,-0.11353379947680864,16.56740897935816,16.45387517988135
2015-12-23,-0.21533202680574348,16.66163413113792,16.446302104332176
2015-12-24,-0.21533202680574348,16.66163413113793,16.446302104332187
2015-12-25,-0.21533202680574348,16.66163413113793,16.446302104332187
2015-12-28,0.04094089965698089,16.61514890366392,16.6560898033209
2015-12-29,0.0417071411173211,16.618614961434105,16.660322102551426
2015-12-30,0.006937727392568149,16.619870064691604,16.626807792084172
2015-12-31,0.006937727392557491,16.619870064691597,16.626807792084154
2016-01-01,0.006937727392557491,16.619870064691597,16.626807792084154
2016-01-04,-0.058240609247324215,16.717913017575924,16.6596724083286
2016-01-05,-1.1671074486557131,22.38646127260307,21.21935382394736
2016-01-06,-1.4288692902476576,23.01721718427142,21.588347894023762
2016-01-07,-3.114199954927134,25.62693981934826,22.512739864421125
2016-01-08,-2.9699266468296273,25.373071808753156,22.40314516192353
2016-01-11,-2.5792922418545032,24.96176731345034,22.382475071595838
2016-01-12,-2.9068590811306656,24.900048675131025,21.99318959400036
2016-01-13,-2.4106725595807106,24.35338197508065,21.94270941549994
2016-01-14,-2.953697564767932,25.236822541013034,22.2831249762451
2016-01-15,-3.5039324324434347,26.87156975937536,23.367637326931927
2016-01-18,-4.904417435886646,28.842807628223948,23.9383901923373
2016-01-19,-3.298014769988132,26.198972633548074,22.900957863559942
2016-01-20,-5.0319352264872315,28.928130176679968,23.896194950192736
2016-01-21,-3.736972470472704,26.981562165965773,23.24458969549307
2016-01-22,-2.348266905488803,24.461793594042614,22.11352668855381
2016-01-25,-2.355899280956301,24.823010154110392,22.46711087315409
2016-01-26,-2.0083246159504107,23.94065017404186,21.93232555809145
2016-01-27,-1.8669778339646257,23.909055658739952,22.042077824775326
2016-01-28,-2.310117070464411,24.950130678032416,22.640013607568005
2016-01-29,-1.5894381924385748,23.496460985373858,21.907022792935283
2016-02-01,-1.7057593843038532,23.311243848337,21.605484464033147
2016-02-02,-2.3206686969081787,24.22311939243432,21.90245069552614
2016-02-03,-2.6857661528604453,24.89411068269757,22.208344529837124
2016-02-04,-2.6982805905678795,24.93116604074473,22.232885450176852
2016-02-05,-2.7805063571312836,25.281204481446284,22.500698124315
2016-02-08,-4.446451594124429,28.023100195350786,23.576648601226356
2016-02-09,-4.420280665470074,28.152139838522,23.731859173051927
2016-02-10,-4.765633043097264,28.673583325728675,23.90795028263141
2016-02-11,-7.004567603234339,32.71862612216713,25.71405851893279
2016-02-12,-5.555980527917548,30.73083397981661,25.17485345189906
2016-02-15,-4.397629689841509,28.897174244542654,24.499544554701146
2016-02-16,-4.969439131695317,29.727711584724435,24.758272453029118
2016-02-17,-3.7393042222435824,27.611377324096935,23.872073101853353
2016-02-18,-3.209781548546424,27.037338245106422,23.82755669656
2016-02-19,-3.573212196681748,27.589322410374738,24.01611021369299
2016-02-22,-2.5425458727871657,26.04104918285241,23.498503310065246
2016-02-23,-2.932964355403932,26.486841580298854,23.553877224894922
2016-02-24,-4.306780833111926,29.37857873048096,25.071797897369034
2016-02-25,-3.5266226846532795,28.143999384103207,24.617376699449927
2016-02-26,-1.479244939884925,25.252377028408123,23.773132088523198
2016-02-29,-2.927915106978201,26.233007868771736,23.305092761793535
2016-03-01,-2.411509562589778,25.40300577508347,22.991496212493693
2016-03-02,-2.1414703386773724,24.658061828304895,22.516591489627523
2016-03-03,-2.350286495614011,24.666603555594918,22.316317059980907
2016-03-04,-1.2678241817487148,22.472461438192106,21.20463725644339
2016-03-07,-1.1671201976936167,22.535865173450947,21.36874497575733
2016-03-08,-1.4993193823843107,23.119546828715464,21.620227446331153
2016-03-09,-2.987597128817516,24.827326595328845,21.83972946651133
2016-03-10,-3.348851946176225,25.234523337207083,21.885671391030858
2016-03-11,0.12985294819195303,21.2928926587197,21.422745606911654
2016-03-14,-0.004042384019761869,21.177902164656494,21.173859780636732
2016-03-15,-0.03341838103311545,21.47771790298547,21.444299521952356
2016-03-16,0.32785250572125335,21.134303920213494,21.462156425934747
2016-03-17,0.11957904303098843,21.38901962933077,21.50859867236176
2016-03-18,1.9254369768255124,18.02754351857022,19.95298049539573
2016-03-21,2.177166098311716,17.161181274139334,19.33834737245105
2016-03-22,1.2252722402180893,18.22494631913888,19.45021855935697
2016-03-23,1.1440035460120406,18.333262810227314,19.477266356239355
2016-03-24,0.7915435885666753,18.98543434967298,19.776977938239654
2016-03-25,0.7915435885666753,18.98543434967298,19.776977938239654
2016-03-28,0.7915435885666753,18.98543434967298,19.776977938239654
2016-03-29,0.3609713937115302,20.243410651759497,20.604382045471027
2016-03-30,1.8091824553865976,19.24064129600808,21.049823751394676
2016-03-31,1.5195270376743437,19.0229092053638,20.542436243038143
2016-04-01,1.1975749296857394,20.431672652063806,21.629247581749546
2016-04-04,0.45827244109227294,20.35775353599851,20.81602597709078
2016-04-05,0.9491793599529394,21.73679197323792,22.68597133319086
2016-04-06,1.1673175147223667,20.971975373181703,22.13929288790407
2016-04-07,0.13636362342657193,21.704317138143207,21.84068076156978
2016-04-08,1.4067567323325392,20.423542741089452,21.83029947342199
2016-04-11,0.8417913726120858,20.86966145891744,21.711452831529527
2016-04-12,1.160388465023889,20.31611501869179,21.47650348371568
2016-04-13,2.010576941754252,18.870560701604013,20.881137643358265
2016-04-14,3.6146290700928283,17.741917694732688,21.356546764825517
2016-04-15,3.6424310193264198,17.779149637735962,21.421580657062382
2016-04-18,3.0297437456470426,18.430702848542502,21.460446594189545
2016-04-19,3.719163744204824,17.06110265139592,20.780266395600744
2016-04-20,3.7085828579941023,16.901412433401134,20.609995291395236
2016-04-21,3.080495196563561,17.368574496308174,20.449069692871735
2016-04-22,3.178721979453112,17.62796822001053,20.80669019946364
2016-04-25,2.544285213970113,18.548089402867717,21.09237461683783
2016-04-26,2.821759780009188,17.796204897408042,20.61796467741723
2016-04-27,2.724620279291731,17.824532951216803,20.549153230508534
2016-04-28,2.816518016271303,17.67582698998996,20.492345006261264
2016-04-29,2.140515377111374,18.767486029748497,20.90800140685987
2016-05-02,0.4708151658841899,21.027923529686998,21.498738695571188
2016-05-03,-0.5161543271467615,22.71163525969265,22.195480932545887
2016-05-04,-1.0044535814800106,23.475676805170657,22.471223223690647
2016-05-05,0.7882377671508323,21.55084441675601,22.339082183906843
2016-05-06,0.9232816753499442,21.055142526727764,21.978424202077708
2016-05-09,0.6317371019402387,20.9710908133031,21.60282791524334
2016-05-10,0.6293151502398473,20.608162874606744,21.23747802484659
2016-05-11,0.6287172826606557,20.639930306049447,21.268647588710103
2016-05-12,0.45869155752832214,20.92483469042761,21.38352624795593
2016-05-13,1.67687860907969,19.112418442930085,20.789297052009776
2016-05-16,1.0666899093596633,20.030917676858,21.097607586217663
2016-05-17,1.0065652497551305,20.10831976668222,21.114885016437352
2016-05-18,1.580319855495901,19.25170875257406,20.83202860806996
2016-05-19,1.3811290582733982,19.846874516156088,21.228003574429486
2016-05-20,1.3987409695344972,19.738510507291878,21.137251476826375
2016-05-23,1.3980593624946067,19.737842339269957,21.135901701764563
2016-05-24,2.028390025228447,18.035690365086705,20.06408039031515
2016-05-25,2.3292239341608827,17.36949944509352,19.698723379254403
2016-05-26,2.332590594975251,17.210599123882535,19.543189718857786
2016-05-27,3.523019087571395,16.679683799579674,20.20270288715107
2016-05-30,3.050322021421753,17.811984264638454,20.862306286060207
2016-05-31,2.1250540438992154,18.182157675330537,20.307211719229752
2016-06-01,1.552810036849685,19.333638964348683,20.88644900119837
2016-06-02,1.5473758964233113,19.054049895689676,20.601425792112988
2016-06-03,1.111105038101151,20.175679594005373,21.286784632106524
2016-06-06,0.3403682443582454,20.581888506984722,20.922256751342967
2016-06-07,0.041362559845346425,20.303065628786054,20.3444281886314
2016-06-08,0.11799195111861849,20.765007302555134,20.882999253673752
2016-06-09,-0.6237502160456074,22.69948485885135,22.07573464280574
2016-06-10,-2.542944040381869,25.829442501463035,23.286498461081166
2016-06-13,-3.3146568401471015,26.889147923640127,23.574491083493026
2016-06-14,-4.594839619604308,27.524292147905,22.929452528300693
2016-06-15,-7.279701234339139,32.43108150368996,25.15138026935082
2016-06-16,-5.251784406287001,30.645991251794374,25.394206845507373
2016-06-17,-7.67029813930673,32.971160009081835,25.300861869775105
2016-06-20,-7.184770859101818,32.85767073133628,25.67289987223446
2016-06-21,-6.651181620937447,31.9607470160837,25.309565395146254
2016-06-22,-6.50930242478081,29.038713380812325,22.529410956031516
2016-06-23,-5.131194489590648,27.489800050366277,22.35860556077563
2016-06-24,-10.57630720717906,34.98324013472593,24.406932927546872
2016-06-27,-8.745745772904172,34.017036336558924,25.271290563654752
2016-06-28,-4.608461733479999,26.934146179493062,22.325684446013064
2016-06-29,-2.740115305691454,23.60945856713504,20.869343261443586
2016-06-30,-1.233718037099237,22.038334038477107,20.80461600137787
2016-07-01,-1.120362335137827,21.630501223774655,20.510138888636828
2016-07-04,-0.09818029971636477,20.980293395893376,20.88211309617701
2016-07-05,-1.2561589355013894,22.53070598305942,21.27454704755803
2016-07-06,-1.837550425665924,23.460557626633218,21.623007200967294
2016-07-07,-1.4722884571315014,22.810448863307467,21.338160406175966
2016-07-08,-0.5637747809869857,21.61704597987256,21.053271198885575
2016-07-11,-0.5637021287466588,21.61711182764142,21.05340969889476
2016-07-12,1.4696584675171351,18.646770903711044,20.11642937122818
2016-07-13,1.4689706087651615,18.707245240490046,20.176215849255208
2016-07-14,1.9486328935205393,17.999508096519055,19.948140990039594
2016-07-15,1.9945038391492744,18.019263656736968,20.013767495886242
2016-07-18,2.0442693611190634,17.82871767274704,19.872987033866103
2016-07-19,1.8309671076602925,18.21468871150393,20.04565581916422
2016-07-20,2.6436620324961986,17.021410587827493,19.66507262032369
2016-07-21,2.4427792419248533,17.204681470066365,19.64746071199122
2016-07-22,3.411588612251286,15.985261417541007,19.396850029792294
2016-07-25,3.3052532320524364,16.075269467626274,19.38052269967871
2016-07-26,3.4931130326803306,15.72142812997873,19.21454116265906
2016-07-27,3.1543463242067062,16.14714835711432,19.301494681321028
2016-07-28,2.140902374619891,17.647181468614487,19.78808384323438
2016-07-29,2.7988878288033128,16.80299535263401,19.601883181437323
2016-08-01,2.4529396386863382,17.313638669715733,19.76657830840207
2016-08-02,1.743646069998178,18.40343286413827,20.14707893413645
2016-08-03,1.6815382790974382,18.482736094644427,20.164274373741865
2016-08-04,2.005986989366054,17.92502812221998,19.931015111586035
2016-08-05,3.3236804025579136,15.866169036287731,19.189849438845645
2016-08-08,3.186011907410313,15.92071132525225,19.106723232662564
2016-08-09,4.213657456615573,13.885532752084098,18.09919020869967
2016-08-10,3.812573496573318,14.569654967155987,18.382228463729305
2016-08-11,4.039740714647213,14.117267538823185,18.157008253470398
2016-08-12,3.6289393520904945,14.791663377762806,18.4206027298533
2016-08-15,3.390839601385254,15.070260221422382,18.461099822807636
2016-08-16,2.8147566746900843,16.353387206747065,19.16814388143715
2016-08-17,2.472975216623716,17.05255068142763,19.525525898051345
2016-08-18,2.526316153287741,17.22153610462549,19.74785225791323
2016-08-19,2.1020865306341037,17.817754036647315,19.91984056728142
2016-08-22,2.1444067437052645,17.77810935019801,19.922516093903276
2016-08-23,2.653225496456951,16.9115557039843,19.56478120044125
2016-08-24,2.182307882965354,17.790890010051584,19.973197893016938
2016-08-25,2.3001976967581044,17.57176380325388,19.871961500011984
2016-08-26,2.503114182550359,17.180033178118283,19.68314736066864
2016-08-29,2.289583854254989,17.67855299859922,19.968136852854208
2016-08-30,3.108841178046692,16.63266983673078,19.741511014777473
2016-08-31,2.9285526508328807,16.874061558482065,19.802614209314946
2016-09-01,2.973293119223623,16.869682458648406,19.84297557787203
2016-09-02,3.6938453666009625,15.511909812562822,19.205755179163784
2016-09-05,3.1052212511032735,16.873078980877807,19.97830023198108
2016-09-06,4.650931931671819,14.63945322288503,19.290385154556848
2016-09-07,4.704527446938492,14.40223946042288,19.106766907361372
2016-09-08,3.6400273059621675,15.517467255639314,19.15749456160148
2016-09-09,3.0370512719844527,16.41853352278054,19.45558479476499
2016-09-12,2.8465228769285886,16.85008063049831,19.6966035074269
2016-09-13,0.818543135259798,19.200214083617144,20.018757218876942
2016-09-14,1.1280166444786452,18.807363047019262,19.935379691497907
2016-09-15,0.997453892447524,18.865498500596015,19.86295239304354
2016-09-16,2.6442974286645544,17.424923489861442,20.069220918525996
2016-09-19,2.49895188826909,17.082204174012862,19.581156062281952
2016-09-20,2.2192856322457466,17.360764656125944,19.58005028837169
2016-09-21,2.5778807630226765,16.917129283425652,19.49501004644833
2016-09-22,2.2791337873540485,17.600752484639003,19.87988627199305
2016-09-23,4.645730219024463,14.019598101850358,18.66532832087482
2016-09-26,2.9282731331491583,16.440762700872984,19.369035834022142
2016-09-27,3.0021356882005357,16.380114666639876,19.382250354840412
2016-09-28,2.636161200887482,16.47286446276662,19.1090256636541
2016-09-29,2.8208448615286095,16.234659457673814,19.055504319202424
2016-09-30,1.695276201967598,17.557913510652092,19.25318971261969
2016-10-03,1.6962828719534464,17.558883266077103,19.25516613803055
2016-10-04,2.7759363423664993,15.73807764631815,18.51401398868465
2016-10-05,2.296048133981788,16.479177705012454,18.775225838994242
2016-10-06,2.215811878269843,16.576334778708134,18.792146656977977
2016-10-07,2.108166805496076,17.232679596544035,19.34084640204011
2016-10-10,2.5471018386693274,16.62814058093715,19.175242419606477
2016-10-11,2.0448070850914313,17.36309888936604,19.40790597445747
2016-10-12,2.0639731100533716,17.409564125041253,19.473537235094625
2016-10-13,2.0042494575445637,17.70051317618389,19.704762633728453
2016-10-14,2.5948761376621903,16.78617928873953,19.38105542640172
2016-10-17,1.7731381344917558,17.894824944397353,19.66796307888911
2016-10-18,2.6366721242893263,16.624342793851973,19.2610149181413
2016-10-19,2.7322461279563015,16.339549249769036,19.071795377725337
2016-10-20,4.102922341836367,14.596291932855587,18.699214274691954
2016-10-21,4.2084637945514025,14.492052556388476,18.70051635093988
2016-10-24,3.597913778161086,15.045201609751125,18.64311538791221
2016-10-25,3.425029578294634,15.370559026238794,18.795588604533428
2016-10-26,3.0857345252984754,15.492314686030456,18.57804921132893
2016-10-27,3.0389628021397073,15.495625861971543,18.53458866411125
2016-10-28,2.85658919800235,15.80443625544165,18.661025453444
2016-10-31,2.614731279770602,16.147961414094784,18.762692693865386
2016-11-01,-0.9127498582550402,21.661698671602373,20.748948813347333
2016-11-02,-1.8181249628527105,22.72438617128471,20.906261208432
2016-11-03,-1.485386452592401,22.42323007621716,20.937843623624758
2016-11-04,-3.224873351069366,24.18830016700842,20.963426815939055
2016-11-07,-1.9441529664253103,22.52139525016542,20.57724228374011
2016-11-08,-3.3820522123456875,23.46740175797654,20.08534954563085
2016-11-09,0.44334653014761827,19.180754030301987,19.624100560449605
2016-11-10,0.5545644368001952,19.06323116594897,19.617795602749165
2016-11-11,0.36012184849736073,19.49495816375178,19.85508001224914
2016-11-14,0.6589476555041252,19.017565760501594,19.67651341600572
2016-11-15,0.8216537654042462,18.662791310638777,19.484445076043023
2016-11-16,0.6248932690808253,18.984196317024367,19.609089586105192
2016-11-17,1.02054645021283,18.363973503592273,19.384519953805103
2016-11-18,0.9424272846893338,18.570695334653443,19.513122619342777
2016-11-21,1.1458005645789555,18.366166413904452,19.511966978483407
2016-11-22,1.352827151122188,18.041897446402004,19.394724597524192
2016-11-23,1.2885634322881536,18.07439159709187,19.362955029380025
2016-11-24,1.6072224802428536,17.737078999097093,19.344301479339947
2016-11-25,1.758639140875136,17.463625823158647,19.222264964033783
2016-11-28,0.6418241107502247,19.531181741226163,20.173005851976388
2016-11-29,1.048355441702995,19.056049379721742,20.104404821424737
2016-11-30,1.1698254892733644,18.76445268442726,19.934278173700623
2016-12-01,1.162084553820975,19.097872650854768,20.259957204675743
2016-12-02,-0.7815648210232524,20.09001408116648,19.308449260143227
2016-12-05,-0.35290742534492026,19.4643022945008,19.11139486915588
2016-12-06,3.958589437150941,14.3857228253124,18.34431226246334
2016-12-07,4.18892426240053,14.087845133035021,18.27676939543555
2016-12-08,4.4407942061573245,13.500020942838322,17.940815148995647
2016-12-09,5.451115104280575,12.760166806375125,18.2112819106557
2016-12-12,5.202058169606234,13.20673508024951,18.408793249855744
2016-12-13,5.4105631697235825,12.613956368119991,18.024519537843574
2016-12-14,5.38833639232595,12.82291095253921,18.21124734486516
2016-12-15,4.99538498868257,12.863944253215589,17.85932924189816
2016-12-16,5.217203712218721,13.230095015823293,18.447298728042014
2016-12-19,5.092853758020777,13.257585015028933,18.35043877304971
2016-12-20,5.176568601755532,12.9692666926997,18.14583529445523
2016-12-21,4.568988687364701,13.13326565218092,17.70225433954562
2016-12-22,4.58700668259052,13.3033844561294,17.89039113871992
2016-12-23,4.550372703009041,13.199224817402536,17.749597520411577
2016-12-26,4.550372703009041,13.199224817402536,17.749597520411577
2016-12-27,4.355746726414463,13.396824451917233,17.752571178331696
2016-12-28,4.546973505775702,13.26517582076629,17.81214932654199
2016-12-29,4.383154425830623,13.561353623999475,17.944508049830098
2016-12-30,4.569207152118558,13.351590271738988,17.920797423857547
2017-01-02,4.3954478378796225,13.104005183828566,17.499453021708188
2017-01-03,4.420736961793356,12.905926308811221,17.326663270604577
2017-01-04,4.396078177462707,13.011119460422668,17.407197637885375
2017-01-05,4.3695194294834945,12.93801218890937,17.307531618392865
2017-01-06,4.809024222280314,12.092169130537943,16.901193352818257
2017-01-09,4.385163822160386,12.691814265309812,17.0769780874702
2017-01-10,4.368957654214729,12.66093244467837,17.029890098893098
2017-01-11,4.237781887840997,12.728482861195905,16.966264749036903
2017-01-12,4.063617123593353,13.10308887482335,17.166705998416703
2017-01-13,4.220518044675764,12.622861096282378,16.84337914095814
2017-01-16,3.7727989451856896,13.343175139807597,17.115974084993287
2017-01-17,3.641276852309975,13.487654881644314,17.12893173395429
2017-01-18,3.639990413780973,13.492453813324323,17.132444227105296
2017-01-19,4.863944469252241,12.102619745907274,16.966564215159515
2017-01-20,4.730650646215672,12.215487106366147,16.94613775258182
2017-01-23,4.322845823130365,12.664789234987648,16.987635058118013
2017-01-24,4.362018595743891,12.533710225457845,16.895728821201736
2017-01-25,4.6871279808754664,11.638696113880592,16.325824094756058
2017-01-26,4.3646479656819785,12.623551438718565,16.988199404400543
2017-01-27,3.8426819947345106,12.919064025680013,16.761746020414524
2017-01-30,3.516887732310149,13.658095038864762,17.17498277117491
2017-01-31,3.2248066481472897,13.874721384997759,17.09952803314505
2017-02-01,3.487626545673457,13.387607286612752,16.87523383228621
2017-02-02,4.155194650885761,12.221048100594015,16.376242751479776
2017-02-03,4.400283350191259,11.749293876651212,16.14957722684247
2017-02-06,3.964243180757581,12.358309383471003,16.322552564228584
2017-02-07,4.126376391257288,12.085384935505505,16.211761326762794
2017-02-08,4.195096191076098,11.916656843139451,16.11175303421555
2017-02-09,4.3833450929152225,11.65829032282994,16.041635415745162
2017-02-10,4.397821609270688,11.655497918570655,16.053319527841342
2017-02-13,4.86874609166969,11.18042332406088,16.04916941573057
2017-02-14,4.971643616018168,11.133782796905647,16.105426412923816
2017-02-15,4.855443671256008,11.26123674203168,16.11668041328769
2017-02-16,4.7254084714592235,11.53634631601942,16.261754787478644
2017-02-17,4.909532492688651,11.278148644699176,16.187681137387827
2017-02-20,5.13289255094411,11.520792400709915,16.653684951654025
2017-02-21,5.344738791337548,11.163794075788399,16.508532867125947
2017-02-22,5.151984902760745,11.555428560354205,16.70741346311495
2017-02-23,5.091902321167451,11.627022146233363,16.718924467400814
2017-02-24,4.7935783011142785,12.099382173447411,16.89296047456169
2017-02-27,4.692233170655438,12.329693342255236,17.021926512910674
2017-02-28,4.79273663239743,12.37803025333506,17.17076688573249
2017-03-01,4.926402156641116,11.824340137343944,16.75074229398506
2017-03-02,5.037626736920899,11.701433942041664,16.739060678962563
2017-03-03,5.217164432021521,11.61884086592075,16.836005297942272
2017-03-06,5.024856533746629,11.927461840249755,16.952318373996384
2017-03-07,4.910824209477557,12.145058305718035,17.05588251519559
2017-03-08,4.7704965742179475,11.923555952812908,16.694052527030856
2017-03-09,4.8178147038281285,11.79578653768454,16.61360124151267
2017-03-10,4.465825535620855,12.449478171894828,16.915303707515683
2017-03-13,4.686367328090425,12.100227935479952,16.786595263570376
2017-03-14,4.608889377444417,12.290886988408147,16.899776365852563
2017-03-15,4.802078889510664,11.937976694269036,16.7400555837797
2017-03-16,4.758117351413386,11.72533615861347,16.483453510026855
2017-03-17,6.1920950055654504,10.36612185541343,16.55821686097888
2017-03-20,5.841301313692364,10.518947887186494,16.360249200878858
2017-03-21,5.610862067153276,10.934768069096991,16.545630136250267
2017-03-22,5.361639851782041,11.301772320112871,16.66341217189491
2017-03-23,5.300652835346806,11.10962808689629,16.410280922243096
2017-03-24,5.001447756687975,11.423410906704381,16.424858663392357
2017-03-27,4.502288161842436,12.069783602602108,16.572071764444544
2017-03-28,4.542905245678488,11.673850153093456,16.216755398771944
2017-03-29,4.461209062101505,11.613258183078083,16.074467245179587
2017-03-30,4.380844073130907,11.510066319683023,15.89091039281393
2017-03-31,3.8522866512821583,11.375519020028554,15.227805671310712
2017-04-03,3.17686361312032,12.187146653805629,15.364010266925948
2017-04-04,2.909731533609847,12.4049857311553,15.314717264765147
2017-04-05,2.6895849987358567,12.645191655958591,15.334776654694448
2017-04-06,2.5636774344742737,12.64053603543432,15.204213469908593
2017-04-07,2.281178185658094,12.908475067819728,15.189653253477822
2017-04-10,1.5270520894728463,13.720283152227239,15.247335241700085
2017-04-11,1.1671845853284761,14.097920716267376,15.265105301595852
2017-04-12,-0.7359146581052656,16.60409987091905,15.868185212813785
2017-04-13,-1.1125903968890505,17.213910609470418,16.101320212581367
2017-04-14,-1.1125903968890505,17.213910609470418,16.101320212581367
2017-04-17,-1.1125903968890505,17.213910609470418,16.101320212581367
2017-04-18,-2.298311056066165,18.580686329933094,16.28237527386693
2017-04-19,-3.615932385615336,19.520630356570262,15.904697970954926
2017-04-20,-3.924378246098602,19.239541152010787,15.315162905912185
2017-04-21,-4.322131329656033,19.651261442841953,15.32913011318592
2017-04-24,1.138278235899346,12.589475141836756,13.727753377736102
2017-04-25,2.6908257839953205,10.782830562566435,13.473656346561755
2017-04-26,2.7827098144308913,10.636150402866885,13.418860217297777
2017-04-27,2.7332485825477466,10.710998569504083,13.44424715205183
2017-04-28,2.7491613138053204,10.698458875331255,13.447620189136575
2017-05-01,2.749161313805308,10.69845887533125,13.447620189136558
2017-05-02,1.6356553744784357,11.873103370954311,13.508758745432747
2017-05-03,1.5358731082952488,11.996370784183483,13.532243892478732
2017-05-04,1.7714569998074925,10.969328991650611,12.740785991458104
2017-05-05,2.1327249194778624,10.467095988881084,12.599820908358947
2017-05-08,2.292639736964377,10.438947149825562,12.73158688678994
2017-05-09,2.614409586443397,9.918682771829152,12.53309235827255
2017-05-10,2.4374844777822755,10.230719825397022,12.668204303179298
2017-05-11,2.2888444437949875,10.568927387097899,12.857771830892887
2017-05-12,2.4450910784219317,10.26104114150783,12.706132219929762
2017-05-15,2.4244229261198793,10.915197537853501,13.33962046397338
2017-05-16,2.6280693690178403,10.635361765607119,13.263431134624959
2017-05-17,2.012776410407671,11.786074594073522,13.798851004481193
2017-05-18,0.8451203671867713,13.5746563446844,14.41977671187117
2017-05-19,2.456210065766891,11.247673208873783,13.703883274640674
2017-05-22,2.0108024282223145,11.717263176034614,13.728065604256928
2017-05-23,2.4260683031911423,10.367293782860093,12.793362086051236
2017-05-24,2.3526209533910283,10.461717009878322,12.81433796326935
2017-05-25,2.4587227689106346,10.379593663044162,12.838316431954796
2017-05-26,2.409502380131922,10.523215883297036,12.932718263428958
2017-05-29,2.218176803686495,10.742932760554194,12.961109564240688
2017-05-30,2.248525557906218,10.857954505942773,13.106480063848991
2017-05-31,2.803813468761284,11.473781918046384,14.277595386807668
2017-06-01,3.0687856913244556,11.107663981551148,14.176449672875604
2017-06-02,3.094573315942183,10.998803154034595,14.093376469976779
2017-06-05,3.0945733159421547,10.998803154034619,14.093376469976773
2017-06-06,3.2745321765116735,10.920339661902505,14.194871838414178
2017-06-07,3.205773370417944,10.938188075226721,14.143961445644665
2017-06-08,3.3878037712511,10.781005239099189,14.168809010350289
2017-06-09,3.491345032579984,10.608953949778746,14.10029898235873
2017-06-12,3.105692256700676,11.340637317536165,14.446329574236842
2017-06-13,2.4480796501771653,11.185973663777911,13.634053313955077
2017-06-14,2.198811991318223,11.335700003272109,13.534511994590332
2017-06-15,1.8091877299771184,11.874781902732998,13.683969632710117
2017-06-16,2.771479236597603,10.859491412298725,13.630970648896328
2017-06-19,3.394308547956369,10.23840684741683,13.632715395373198
2017-06-20,3.059436457762624,11.019735502841874,14.079171960604498
2017-06-21,2.5017111379853443,11.334302284112306,13.83601342209765
2017-06-22,2.660103420199853,11.176747935868077,13.83685135606793
2017-06-23,2.415197439025432,11.47746945010837,13.892666889133801
2017-06-26,2.716507346105958,10.774912893250336,13.491420239356295
2017-06-27,1.8812122149387953,11.868785628675708,13.749997843614503
2017-06-28,1.6933570643723286,12.144472904144017,13.837829968516346
2017-06-29,0.39662479355811797,14.093228829120216,14.489853622678334
2017-06-30,0.4035019003295428,14.231956655594349,14.635458555923892
2017-07-03,1.4873304668254743,12.196919988743414,13.684250455568888
2017-07-04,2.2391064776032685,11.145625517608394,13.384731995211663
2017-07-05,2.039310606528824,11.002503233996592,13.041813840525416
2017-07-06,1.675984569575549,11.659780210294715,13.335764779870264
2017-07-07,1.7147511116866188,11.65706013809335,13.371811249779968
2017-07-10,1.8769513049848676,11.276147248699843,13.15309855368471
2017-07-11,1.8786003115508265,12.123003753887026,14.001604065437853
2017-07-12,3.979802624438637,9.930387377978038,13.910190002416675
2017-07-13,4.340604711827902,9.481835004655379,13.82243971648328
2017-07-14,5.035341867180696,8.921827570553614,13.95716943773431
2017-07-17,3.7671448228840116,8.910339949428558,12.67748477231257
2017-07-18,2.934104590797281,10.699453795678671,13.633558386475952
2017-07-19,3.382235380808023,9.987547573054481,13.369782953862504
2017-07-20,2.2669702027979746,11.223977839014745,13.49094804181272
2017-07-21,1.9581841570753546,12.026405981251836,13.98459013832719
2017-07-24,1.5927320198009394,11.92051867272118,13.513250692522119
2017-07-25,1.9492776180842988,11.267011768901426,13.216289386985725
2017-07-26,2.630819474114441,10.121020532395393,12.751840006509834
2017-07-27,2.5994764210521737,10.26981164272262,12.869288063774794
2017-07-28,2.226185462990573,10.73399748262803,12.960182945618604
2017-07-31,2.284873025890038,10.73623101649038,13.021104042380419
2017-08-01,2.896294854402745,10.065488998866643,12.961783853269388
2017-08-02,2.3106884552536755,10.767776821973365,13.07846527722704
2017-08-03,2.360756667890355,10.574943886415019,12.935700554305374
2017-08-04,2.9157870886847927,9.700392810986248,12.61617989967104
2017-08-07,3.1910532639340747,9.573903245615396,12.76495650954947
2017-08-08,3.324657969642054,9.446689597976578,12.771347567618632
2017-08-09,3.457087302327043,10.925444923792817,14.38253222611986
2017-08-10,2.8380984322741654,12.009577664779723,14.847676097053888
2017-08-11,1.1792943389734152,13.988306744686483,15.167601083659898
2017-08-14,2.056693800921444,11.843546665642329,13.900240466563773
2017-08-15,2.1960787543300686,11.633822557799345,13.829901312129413
2017-08-16,2.83341634168859,10.8953632820789,13.72877962376749
2017-08-17,2.68941525593349,11.05333348693275,13.74274874286624
2017-08-18,1.4959482351839117,12.97478382346999,14.470732058653901
2017-08-21,1.1924000187545882,13.456672576217068,14.649072594971656
2017-08-22,1.9281481409656767,12.280209978383711,14.208358119349388
2017-08-23,2.5066156889325306,12.099832373951514,14.606448062884045
2017-08-24,3.082113376428719,11.349044899721495,14.431158276150214
2017-08-25,3.0457442206580865,11.453644173120036,14.499388393778123
2017-08-28,2.5370197172268636,12.34664848406569,14.883668201292554
2017-08-29,1.4523020528859902,13.553147446981153,15.005449499867144
2017-08-30,2.1326831935436648,12.410589130485205,14.54327232402887
2017-08-31,2.4046025185265254,11.737563898708553,14.142166417235078
2017-09-01,2.952767084749299,11.005666175469687,13.958433260218985
2017-09-04,2.725191999493294,11.53407703979243,14.259269039285725
2017-09-05,2.636470613456371,11.649542424533829,14.2860130379902
2017-09-06,2.1620192097933337,12.542202303401673,14.704221513195007
2017-09-07,3.1407294869185947,11.317775156017216,14.45850464293581
2017-09-08,3.2033879625012993,11.224528360013093,14.427916322514392
2017-09-11,3.747692664654373,10.505732719843328,14.253425384497701
2017-09-12,4.196421852332966,10.348808558837115,14.545230411170081
2017-09-13,4.141085872569288,10.238849124864952,14.37993499743424
2017-09-14,4.0961921202030975,10.223939056006527,14.320131176209625
2017-09-15,4.600143607492122,9.758818705587469,14.35896231307959
2017-09-18,5.083897303336407,9.279161136438239,14.363058439774646
2017-09-19,4.468986429851249,9.173374257646435,13.642360687497684
2017-09-20,4.430158865121236,9.318322300320357,13.748481165441593
2017-09-21,4.666159327486028,8.867486497748697,13.533645825234725
2017-09-22,4.9531992259791355,8.537866193082067,13.491065419061202
2017-09-25,4.831014377720249,8.49829345180595,13.329307829526199
2017-09-26,4.365198088660026,9.152305213403437,13.517503302063464
2017-09-27,4.575533694722852,8.7354457252175,13.310979419940352
2017-09-28,4.677785061051736,8.578071258813264,13.255856319865
2017-09-29,4.970824842769236,8.177442173583467,13.148267016352703
2017-10-02,4.187399922993006,9.077414452740449,13.264814375733454
2017-10-03,4.188365530878521,9.07853346839582,13.266898999274341
2017-10-04,4.173588842978814,9.04076582493367,13.214354667912485
2017-10-05,3.9897028562415127,9.180156177876087,13.1698590341176
2017-10-06,3.7436582597687647,9.5516252266206,13.295283486389364
2017-10-09,3.991655927409388,9.22797204566976,13.219627973079149
2017-10-10,3.968003474079824,9.265741068572332,13.233744542652156
2017-10-11,3.916680994875829,9.345448546595664,13.262129541471493
2017-10-12,3.876202573950053,9.348322810585483,13.224525384535536
2017-10-13,4.0497497947045815,9.04328911675765,13.093038911462232
2017-10-16,4.175975183548772,8.699724058720523,12.875699242269295
2017-10-17,4.107081265913456,8.792284799506442,12.899366065419898
2017-10-18,4.177148361102395,8.24446122529733,12.421609586399725
2017-10-19,3.261074965346044,9.729572053729644,12.990647019075688
2017-10-20,3.6020493757649135,9.059837721739948,12.661887097504861
2017-10-23,3.2663017299722217,9.299297473841383,12.565599203813605
2017-10-24,3.204743425172822,9.482262952262875,12.687006377435697
2017-10-25,2.7904032868095765,10.19595344629528,12.986356733104856
2017-10-26,3.338680303933101,9.130732215549626,12.469412519482727
2017-10-27,3.01560880080887,9.697075760560027,12.712684561368897
2017-10-30,3.308080512610619,9.284080478901819,12.592160991512438
2017-10-31,3.30803600932526,9.284025077292977,12.592061086618237
2017-11-01,3.932594816778801,8.571243501002048,12.503838317780849
2017-11-02,3.603225220883285,9.073124677641346,12.67634989852463
2017-11-03,3.738845016159244,8.833577351202475,12.57242236736172
2017-11-06,3.8650106246637357,8.678563214007093,12.543573838670829
2017-11-07,3.590514359783528,9.13417711451642,12.724691474299949
2017-11-08,3.619278794330386,9.956868169085354,13.57614696341574
2017-11-09,2.249213770989467,11.900826192733174,14.15003996372264
2017-11-10,2.522590753959756,11.972283798158195,14.49487455211795
2017-11-13,3.132944904033833,12.036371086086575,15.169315990120408
2017-11-14,3.6911235511016756,11.942944807497682,15.634068358599357
2017-11-15,3.6460253376740983,12.17282097509145,15.818846312765547
2017-11-16,3.814670006313033,11.676171693415023,15.490841699728056
2017-11-17,3.9333757847938475,11.085082576938891,15.018458361732739
2017-11-20,4.1318476054505044,10.647186328016844,14.779033933467348
2017-11-21,4.007250815877111,10.17215724747011,14.179408063347221
2017-11-22,3.981063058384608,10.281423404067171,14.262486462451779
2017-11-23,4.003855474875813,10.255763508337653,14.259618983213466
2017-11-24,3.983596071687847,10.327919130037106,14.311515201724953
2017-11-27,3.937623522133146,10.591075164160882,14.528698686294028
2017-11-28,4.0795949790787365,10.227078955870438,14.306673934949174
2017-11-29,3.8537617625588414,10.099791940641438,13.95355370320028
2017-11-30,3.643629680306706,10.47295505214912,14.116584732455825
2017-12-01,2.9513328765165916,11.687278881998466,14.638611758515058
2017-12-04,3.5057313045198413,10.737824395623646,14.243555700143487
2017-12-05,3.500880466615664,10.733456910842687,14.23433737745835
2017-12-06,3.4716003023590822,10.918987109279,14.390587411638082
2017-12-07,3.566248388797108,10.78979246897782,14.356040857774929
2017-12-08,3.8163327020094133,10.280028628922008,14.09636133093142
2017-12-11,3.809499974797495,10.42788681150827,14.237386786305764
2017-12-12,4.542315124019574,9.48695476252846,14.029269886548034
2017-12-13,4.332819621551902,9.823862950108104,14.156682571660006
2017-12-14,4.189948484586729,10.150068110865,14.34001659545173
2017-12-15,4.954151673058213,9.170639860959282,14.124791534017495
2017-12-18,5.985212913222303,7.835554260286435,13.820767173508738
2017-12-19,5.920297127639548,8.067020598927579,13.987317726567127
2017-12-20,5.517392831988953,8.954563408197872,14.471956240186826
2017-12-21,5.75623891595683,8.481484674144387,14.237723590101217
2017-12-22,5.769277700413214,8.517669128608135,14.28694682902135
2017-12-25,5.769277700413214,8.517669128608135,14.28694682902135
2017-12-26,5.769277700413214,8.517669128608135,14.28694682902135
2017-12-27,5.356137695701806,8.74017436930632,14.096312065008126
2017-12-28,4.0961896119954275,10.331122246262321,14.427311858257749
2017-12-29,4.043196438153387,10.43482714452309,14.478023582676478
2018-01-01,4.043196438153387,10.43482714452309,14.478023582676478
2018-01-02,3.3854416404971666,11.103563138039336,14.489004778536502
2018-01-03,4.064986617512366,9.759842081928742,13.824828699441108
2018-01-04,4.1529004465154955,9.104240612848487,13.257141059363983
2018-01-05,4.413832434529219,8.747168134190444,13.161000568719663
2018-01-08,3.9877670446299067,9.158557603109612,13.146324647739519
2018-01-09,4.108717936941122,8.919139843591415,13.027857780532537
2018-01-10,3.9602443463946013,9.276604099322288,13.23684844571689
2018-01-11,3.7674684628549233,9.495792796717938,13.263261259572861
2018-01-12,3.961901038079354,9.255828872293579,13.217729910372933
2018-01-15,3.892295112696207,9.273008162852625,13.165303275548832
2018-01-16,3.6427330853468796,9.666632014733759,13.309365100080639
2018-01-17,3.5737260397096957,9.806023982989185,13.37975002269888
2018-01-18,3.615631919707875,9.674485528058142,13.290117447766017
2018-01-19,3.971323844679011,9.272095327879867,13.243419172558879
2018-01-22,4.137472711983925,8.940519581638352,13.077992293622277
2018-01-23,3.8696244520332996,9.199801776578347,13.069426228611647
2018-01-24,3.74348424268077,9.403008582489507,13.146492825170277
2018-01-25,3.4727264588388085,9.925905533523578,13.398631992362386
2018-01-26,3.8516811907673016,9.223841584119912,13.075522774887213
2018-01-29,3.4899385722158787,9.763159952216634,13.253098524432513
2018-01-30,2.9938731941089625,10.901402602120497,13.895275796229459
2018-01-31,2.951349027660724,11.205358226203863,14.156707253864587
2018-02-01,2.004259057080196,12.212445839945701,14.216704897025897
2018-02-02,0.4290002887304549,14.550529200619538,14.979529489349993
2018-02-05,-0.028838814020417658,15.560522876664129,15.531684062643711
2018-02-06,-6.208925867434957,24.740663672711957,18.531737805277
2018-02-07,-2.6800378299254852,19.612328213231287,16.9322903833058
2018-02-08,-4.197921597275524,21.96912121157539,17.771199614299867
2018-02-09,-7.726877743998674,27.486496848539353,19.75961910454068
2018-02-12,-6.459916648714557,24.64150228827217,18.181585639557614
2018-02-13,-3.510098658760352,21.791781890333635,18.281683231573282
2018-02-14,-2.726207649705543,20.250843457328777,17.524635807623234
2018-02-15,-0.17393110625265606,16.04667901657771,15.872747910325053
2018-02-16,0.6981105439456634,14.590918866496699,15.289029410442362
2018-02-19,0.305721517348454,15.054915008334607,15.360636525683061
2018-02-20,0.4195922395645617,14.793264099485242,15.212856339049804
2018-02-21,0.31994562672942806,14.603211266388511,14.92315689311794
2018-02-22,0.2745385783996337,14.811512867256177,15.08605144565581
2018-02-23,0.3247637842130704,14.38516672877966,14.709930512992731
2018-02-26,0.74610588168545,13.526931976496714,14.273037858182164
2018-02-27,0.7614201182745219,13.455859258046932,14.217279376321454
2018-02-28,0.41701173118426915,14.484625026397019,14.901636757581288
2018-03-01,-1.286712866955746,16.591314761360362,15.304601894404616
2018-03-02,-3.0129880535724247,19.517313111247763,16.504325057675338
2018-03-05,0.14142568545264034,15.589138825165563,15.730564510618203
2018-03-06,0.8811011915642251,14.667749338574543,15.548850530138768
2018-03-07,1.2473351779634356,14.358893163313441,15.606228341276877
2018-03-08,1.676745777329705,13.329660693182143,15.006406470511848
2018-03-09,2.7285951363337695,12.125338561673244,14.853933698007014
2018-03-12,2.5024149031312763,12.23783825723988,14.740253160371156
2018-03-13,1.2870812092333708,13.702822933788294,14.989904143021665
2018-03-14,1.9806092903817216,13.133389740713394,15.113999031095116
2018-03-15,1.829796862085967,13.332473055524465,15.162269917610432
2018-03-16,3.4215041220166,11.24304228712675,14.66454640914335
2018-03-19,2.6883698040887545,12.408426456948005,15.09679626103676
2018-03-20,2.5410574464053077,12.325178630336405,14.866236076741712
2018-03-21,2.4057952520706447,12.715312017741356,15.121107269812
2018-03-22,2.3072088912388757,13.641813419355998,15.949022310594874
2018-03-23,0.11826467718743139,15.583346471415938,15.70161114860337
2018-03-26,0.030136148708660215,15.826744139662077,15.856880288370737
2018-03-27,0.6114713375192871,15.03321424227679,15.644685579796077
2018-03-28,0.648175704090864,14.88184214493567,15.530017849026533
2018-03-29,1.1821134677434877,13.850293697908242,15.03240716565173
2018-03-30,1.1821134677434877,13.850293697908242,15.03240716565173
2018-04-02,1.1821134677434877,13.850293697908242,15.03240716565173
2018-04-03,0.14913031532735488,15.081211245147937,15.230341560475292
2018-04-04,-0.08528748165456435,15.714627394442354,15.62933991278779
2018-04-05,0.5808264825358744,13.981105856545154,14.561932339081029
2018-04-06,0.861666133755774,14.798468534070764,15.660134667826538
2018-04-09,0.6434281313101113,14.694852021331773,15.338280152641884
2018-04-10,1.6930403530344638,13.609254549825783,15.302294902860247
2018-04-11,1.3389133937034003,14.342118691321298,15.681032085024698
2018-04-12,2.42950917878494,12.874603714841895,15.304112893626835
2018-04-13,2.4965713515092443,12.395765114581083,14.892336466090327
2018-04-16,2.261396322799383,12.771003952366986,15.032400275166369
2018-04-17,3.2250017193115976,10.572111049822063,13.79711276913366
2018-04-18,3.226597524543136,10.515293948158615,13.74189147270175
2018-04-19,2.900796756681631,10.72479446768554,13.62559122436717
2018-04-20,3.054154163054349,10.516053257968357,13.570207421022706
2018-04-23,3.169405705308879,10.270995976105578,13.440401681414457
2018-04-24,2.662373407948552,10.82903514669468,13.491408554643233
2018-04-25,2.1489503803832655,11.560197038570228,13.709147418953494
2018-04-26,2.7969814612807102,10.379746027275113,13.176727488555823
2018-04-27,2.7118443767442706,10.341790379133148,13.053634755877418
2018-04-30,2.7025359788862957,10.306814538166957,13.009350517053253
2018-05-01,2.702535978886358,10.306814538166904,13.009350517053262
2018-05-02,3.0760280485507057,9.67355302060749,12.749581069158195
2018-05-03,2.033421329176969,11.312882973440255,13.346304302617224
2018-05-04,2.4807122415308775,10.600907357659874,13.081619599190752
2018-05-07,2.8920679958449576,9.811857602585262,12.703925598430219
2018-05-08,2.812290052826988,9.928989414335252,12.74127946716224
2018-05-09,3.218141968914786,9.572028674210145,12.790170643124931
2018-05-10,2.9092274818224464,10.048769661204929,12.957997143027375
2018-05-11,3.063429745631927,9.896271352970517,12.959701098602444
2018-05-14,2.9205864091719693,9.84163840607996,12.76222481525193
2018-05-15,3.1964120957751003,9.491233442771305,12.687645538546406
2018-05-16,2.731345792304351,10.031656409930454,12.763002202234805
2018-05-17,2.8711021425729264,9.815874168779334,12.686976311352261
2018-05-18,2.9199595243934837,9.780880952861276,12.70084047725476
2018-05-21,2.6711216367397057,10.158239745574502,12.829361382314207
2018-05-22,2.99814652278876,9.764501175468489,12.762647698257249
2018-05-23,1.1422353366303017,12.535634267904108,13.67786960453441
2018-05-24,0.9480134689462982,12.87067645336029,13.818689922306588
2018-05-25,0.9422575735638876,12.462018112784559,13.404275686348447
2018-05-28,-0.3546770177449474,14.884440607589566,14.529763589844618
2018-05-29,-0.9884512956585532,16.35526993593246,15.366818640273905
2018-05-30,-1.0486533537528189,16.447564837224604,15.398911483471785
2018-05-31,-0.040986143510318485,15.28387074622687,15.242884602716552
2018-06-01,1.1844831462250145,12.943306159265031,14.127789305490046
2018-06-04,1.0126654022973085,12.838198284765706,13.850863687063015
2018-06-05,1.159903735974737,12.742846537068523,13.90275027304326
2018-06-06,1.133591751228293,12.788150401835164,13.921742153063457
2018-06-07,1.1846708280085458,12.772491840127415,13.957162668135961
2018-06-08,1.689160783064711,12.531501732362285,14.220662515426996
2018-06-11,2.0587678634572946,12.076011035938917,14.134778899396212
2018-06-12,2.1020107516491375,11.562238650349755,13.664249401998893
2018-06-13,1.5008476143296896,12.215060909650374,13.715908523980064
2018-06-14,2.600075556842553,10.329666784057366,12.929742340899919
2018-06-15,2.9748328715398316,9.758721320866453,12.733554192406284
2018-06-18,2.1983994369397966,10.88525644806925,13.083655885009046
2018-06-19,1.8006835773591288,11.68601225686261,13.486695834221738
2018-06-20,2.2008487836059967,10.879893445657258,13.080742229263254
2018-06-21,0.9196240114707024,12.961266250857495,13.880890262328197
2018-06-22,1.351507221888225,12.048127655155593,13.399634877043818
2018-06-25,0.8352511284280197,13.412620107757764,14.247871236185784
2018-06-26,0.48579898289108847,13.744108549198137,14.229907532089225
2018-06-27,0.5830226545437078,13.465499304600767,14.048521959144475
2018-06-28,0.10795588901674691,14.280738014787135,14.388693903803881
2018-06-29,1.278265375982798,13.099809582436395,14.378074958419193
2018-07-02,0.0020026189014163975,15.069416460451002,15.071419079352419
2018-07-03,-0.24667177100300108,15.363314916285809,15.116643145282808
2018-07-04,0.9297392758778695,13.547239380987081,14.47697865686495
2018-07-05,1.1078275045270498,13.115677726167533,14.223505230694583
2018-07-06,1.08106916142399,13.068474818033268,14.149543979457258
2018-07-09,2.1348415466646458,11.60972565372799,13.744567200392636
2018-07-10,2.446911702099422,11.201996438008798,13.64890814010822
2018-07-11,2.124629331442595,11.646559094942106,13.7711884263847
2018-07-12,2.597314259748279,10.830226349134604,13.427540608882882
2018-07-13,2.577151124752069,10.638895983031588,13.216047107783657
2018-07-16,2.4806224856108123,10.844066986414187,13.324689472025
2018-07-17,2.767024240090212,10.45046218413673,13.217486424226943
2018-07-18,3.0334835347499833,9.663817417426998,12.697300952176981
2018-07-19,2.958336612028555,9.78460710964463,12.742943721673186
2018-07-20,2.3353179156379706,10.630759422208722,12.966077337846693
2018-07-23,2.244647362923459,10.811253761763613,13.055901124687072
2018-07-24,2.842475516300574,9.866821549676688,12.709297065977262
2018-07-25,2.6191691183057078,10.257856306747337,12.877025425053045
2018-07-26,2.9070243969676106,9.710226773511874,12.617251170479484
2018-07-27,3.451802358646045,8.850094292728254,12.3018966513743
2018-07-30,3.2183190707135356,9.17447329030976,12.392792361023295
2018-07-31,3.3540517388064632,9.209221548720228,12.563273287526691
2018-08-01,3.018595778307711,9.974823084933885,12.993418863241596
2018-08-02,2.0264882719873807,11.418595002805969,13.44508327479335
2018-08-03,2.315403144650176,10.837154748895406,13.152557893545582
2018-08-06,2.3026347845374,10.963536065031304,13.266170849568704
2018-08-07,2.783745519380963,10.000759749814755,12.784505269195718
2018-08-08,2.6917608624139184,10.245139048246719,12.936899910660637
2018-08-09,2.7010801041885593,10.129057881342419,12.830137985530978
2018-08-10,1.2318428484831063,12.45587793768816,13.687720786171266
2018-08-13,0.28215557098928556,13.718070248340137,14.000225819329422
2018-08-14,0.9404238047794458,12.990087016696132,13.930510821475577
2018-08-15,-0.5732342324210631,15.255979402393674,14.68274516997261
2018-08-16,0.23985212655259858,14.03026989536937,14.270122021921969
2018-08-17,0.682633838750343,13.671862699576204,14.354496538326547
2018-08-20,1.5276368828550577,12.095428933291837,13.623065816146894
2018-08-21,2.2580240128970193,10.731423517484895,12.989447530381915
2018-08-22,2.1766717518496517,10.815280647425398,12.99195239927505
2018-08-23,2.1647335731706914,10.96084374350744,13.12557731667813
2018-08-24,2.558512138199548,10.32935326841688,12.887865406616427
2018-08-27,2.7705407770839745,9.896356418761991,12.666897195845966
2018-08-28,2.6702149127154993,9.990741664496499,12.660956577211998
2018-08-29,2.3305993484912246,10.48284005377947,12.813439402270694
2018-08-30,1.8286074734060858,11.579434229962567,13.408041703368653
2018-08-31,1.13986431458728,12.712560002861832,13.852424317449112
2018-09-03,0.8125032068843883,12.986478915273691,13.79898212215808
2018-09-04,0.21569998055707273,13.845473367470177,14.06117334802725
2018-09-05,-0.34602482897478204,15.047162653975835,14.701137825001053
2018-09-06,-0.30776643986403585,14.89060937597371,14.582842936109675
2018-09-07,-0.25561029648088684,14.845148809152994,14.589538512672107
2018-09-10,1.3370556686719492,12.800660041210177,14.137715709882126
2018-09-11,1.3290273568783046,12.85350869178723,14.182536048665535
2018-09-12,1.5174273602138637,12.42127771255273,13.938705072766593
2018-09-13,1.4520662688879469,12.48858990870137,13.940656177589316
2018-09-14,1.981564279163507,11.228768838188016,13.210333117351523
2018-09-17,2.0705737600362273,11.094842988815406,13.165416748851634
2018-09-18,2.1177495057253317,11.048536377386355,13.166285883111687
2018-09-19,1.8714599646120256,11.319266895154868,13.190726859766894
2018-09-20,2.1689649877007238,10.731794043944696,12.90075903164542
2018-09-21,2.449738663202803,10.50385084616339,12.953589509366193
2018-09-24,2.178345713796981,10.958743274512308,13.137088988309289
2018-09-25,2.346403431680514,10.675476476519782,13.021879908200296
2018-09-26,2.4498176997884222,10.284429830334561,12.734247530122984
2018-09-27,2.6859929226437522,9.962055454086995,12.648048376730747
2018-09-28,0.9061129313603509,12.570734459898475,13.476847391258826
2018-10-01,1.6164577170871706,11.536396649093579,13.15285436618075
2018-10-02,1.136729634965274,12.28829452968105,13.425024164646324
2018-10-03,1.136868551798786,12.288419262770336,13.425287814569122
2018-10-04,0.9094659641559506,12.771959288703119,13.68142525285907
2018-10-05,-0.4336763925003613,14.470365447964367,14.036689055464006
2018-10-08,-0.1949403104908729,14.554647781051777,14.359707470560904
2018-10-09,0.25889022107783966,13.971854946627912,14.230745167705752
2018-10-10,0.4391935135902525,14.290688820836516,14.729882334426769
2018-10-11,-0.3293468414597971,16.28570850530479,15.956361663844993
2018-10-12,-0.5272213259562886,16.107441949607026,15.580220623650737
2018-10-15,-0.24176479882653545,15.758990769091282,15.517225970264747
2018-10-16,0.4174052333299141,14.136381426390235,14.55378665972015
2018-10-17,0.6610389786267561,14.036888873221805,14.697927851848561
2018-10-18,0.020440709058730633,14.844399749800294,14.864840458859025
2018-10-19,0.3576530923637886,14.69871163393201,15.056364726295799
2018-10-22,0.11166451716095693,15.07191168057331,15.183576197734267
2018-10-23,-1.4918826292016334,17.3765733620123,15.884690732810668
2018-10-24,-0.41675406492250033,16.449696366742632,16.032942301820132
2018-10-25,-0.5045077329958598,16.309431901238074,15.804924168242215
2018-10-26,-2.4172696686059645,19.227573902603687,16.810304233997723
2018-10-29,-2.715530359800411,19.135206819507715,16.419676459707304
2018-10-30,-1.7736868155785572,18.237301900905216,16.46361508532666
2018-10-31,-0.7114816065151714,16.277596492953766,15.566114886438594
2018-11-01,0.39408942029918315,14.980636030892933,15.374725451192116
2018-11-02,0.27732107580407117,14.802920267119896,15.080241342923967
2018-11-05,-0.029857177806277946,15.226131466354548,15.19627428854827
2018-11-06,0.006344418195578072,15.24801727645057,15.254361694646148
2018-11-07,1.1881121265773071,13.130271545529087,14.318383672106394
2018-11-08,1.0391826896258003,13.226482379691006,14.265665069316807
2018-11-09,1.4754231700958904,12.636789966930372,14.112213137026263
2018-11-12,0.8990929244504482,13.583069144612345,14.482162069062793
2018-11-13,0.46943768373261285,13.660345848864122,14.129783532596734
2018-11-14,-0.38599419941000335,15.23685619227925,14.850861992869246
2018-11-15,-1.2417419161489907,16.687578263012877,15.445836346863887
2018-11-16,0.7745934485890089,14.514714536502133,15.289307985091142
2018-11-19,0.4584994076109652,15.28734015616417,15.745839563775135
2018-11-20,-0.2602810345458657,16.31919626055252,16.058915226006654
2018-11-21,-0.18369329044964644,16.016611036706728,15.832917746257081
2018-11-22,-0.28078086369229993,16.373010826584835,16.092229962892535
2018-11-23,-0.03710349271840485,15.922509630966827,15.885406138248422
2018-11-26,0.2986973721399302,15.255399962931845,15.554097335071775
2018-11-27,0.33026868642766516,15.274514471190233,15.604783157617899
2018-11-28,0.29545658534589414,15.34036754008705,15.635824125432944
2018-11-29,0.36961725144682234,15.086288809556322,15.455906061003144
2018-11-30,0.433672208970151,15.209432881859339,15.64310509082949
2018-12-03,0.5734855684522717,14.272631924525351,14.846117492977623
2018-12-04,0.5139490701591889,14.535208551813486,15.049157621972675
2018-12-05,0.024672423988860714,15.462970405162283,15.487642829151143
2018-12-06,-6.23241537619694,25.284211815258644,19.051796439061704
2018-12-07,-1.8318704113626332,19.582192337961317,17.750321926598684
2018-12-10,-2.121035263190006,20.730232569349237,18.60919730615923
2018-12-11,-0.9058030435840507,18.670996812895734,17.765193769311683
2018-12-12,0.17756530940840776,17.049016180438542,17.22658148984695
2018-12-13,0.38050933011249555,16.978290649907088,17.358799980019583
2018-12-14,0.45593973512626107,17.422251422289285,17.878191157415547
2018-12-17,0.5106273587836903,17.617365522927198,18.127992881710888
2018-12-18,0.9590320797367973,17.215438973359028,18.174471053095825
2018-12-19,0.8460665424064722,17.22803437135072,18.074100913757192
2018-12-20,0.44551436197463445,18.27559405482678,18.721108416801414
2018-12-21,1.6567186674184349,17.45825945998502,19.114978127403454
2018-12-24,1.6579372826872358,17.460230310206477,19.118167592893712
2018-12-25,1.6579372826872358,17.460230310206477,19.118167592893712
2018-12-26,1.6579372826872358,17.460230310206477,19.118167592893712
2018-12-27,-0.03195562683015396,20.443695256038183,20.41173962920803
2018-12-28,-0.011389132868803387,19.288372385951618,19.276983253082815
2018-12-31,-0.017812258124045854,19.2790009529959,19.261188694871855
2019-01-01,-0.017812258124045854,19.2790009529959,19.261188694871855
2019-01-02,0.19894727056114547,18.902889797940837,19.101837068501982
2019-01-03,-0.010093541582488541,19.341008454731224,19.330914913148735
2019-01-04,0.6215585902341587,16.91314776448371,17.53470635471787
2019-01-07,0.18855678080185712,17.68857813948525,17.87713492028711
2019-01-08,0.7912485448171154,16.102109104027775,16.89335764884489
2019-01-09,0.9273499333149324,16.00255204292363,16.92990197623856
2019-01-10,0.9453813862899771,16.015789533078177,16.961170919368154
2019-01-11,1.8358721626563366,15.173172828413644,17.00904499106998
2019-01-14,1.5419346185558354,15.510377231932324,17.05231185048816
2019-01-15,1.712498737570785,15.068914384242833,16.781413121813618
2019-01-16,2.391507303144314,13.858914141795841,16.250421444940155
2019-01-17,2.3300107626643083,13.69705580515167,16.02706656781598
2019-01-18,2.5732595556546762,12.168147146493634,14.74140670214831
2019-01-21,2.1509842867844426,12.696952685338953,14.847936972123396
2019-01-22,2.044183730329282,12.915932644812548,14.96011637514183
2019-01-23,1.6736422466078036,13.860027124547456,15.53366937115526
2019-01-24,1.7966902962391202,13.587222882727751,15.383913178966871
2019-01-25,2.222270555401481,12.702658714530616,14.924929269932097
2019-01-28,1.521293900627116,13.875902979235391,15.397196879862507
2019-01-29,1.90509123925826,13.207195428289046,15.112286667547306
2019-01-30,1.9366669603680595,13.072548458708692,15.009215419076751
2019-01-31,2.0163886093727967,12.892622150193672,14.909010759566469
2019-02-01,3.008207367397974,11.725504418161895,14.73371178555987
2019-02-04,2.592885058374911,12.09837244816289,14.6912575065378
2019-02-05,2.9377354954532517,11.121270197901824,14.059005693355076
2019-02-06,2.797753241495645,11.389448164800365,14.18720140629601
2019-02-07,1.5171847840383776,13.463355302611033,14.98054008664941
2019-02-08,0.6597376463046825,14.813677260628848,15.473414906933531
2019-02-11,1.2477865364634066,13.836064732715073,15.08385126917848
2019-02-12,1.9121499506711732,12.656788076461773,14.568938027132946
2019-02-13,2.2779899562120427,12.156304986726923,14.434294942938966
2019-02-14,2.2886268025744894,12.254884601848595,14.543511404423084
2019-02-15,2.6239575471417815,11.892121252062992,14.516078799204774
2019-02-18,2.2655616690480755,12.082529166068388,14.348090835116464
2019-02-19,2.2675188869281495,12.172291048856204,14.439809935784353
2019-02-20,2.4846605437891576,11.678837229934071,14.163497773723229
2019-02-21,2.400358131163408,11.98027941854317,14.380637549706577
2019-02-22,2.8693165562423246,11.070625551934215,13.93994210817654
2019-02-25,2.808604968447547,11.097270808172963,13.90587577662051
2019-02-26,2.978084857352245,10.858043368269286,13.83612822562153
2019-02-27,2.5311442141591716,11.837859340569413,14.369003554728584
2019-02-28,2.6531972776552664,11.556855075285291,14.210052352940558
2019-03-01,3.91098678583851,10.658720291960098,14.569707077798608
2019-03-04,3.531966139462371,10.841461343293206,14.373427482755577
2019-03-05,3.65271754376087,10.641984926630586,14.294702470391456
2019-03-06,3.4745417537398122,10.810319474124125,14.284861227863937
2019-03-07,3.343560343507951,11.102355527927928,14.44591587143588
2019-03-08,3.153820696293865,11.92367030032166,15.077490996615525
2019-03-11,3.3470097955135554,11.52624491947415,14.873254714987706
2019-03-12,3.333859642959604,11.547170677032579,14.881030319992183
2019-03-13,3.356255056032456,11.226226063451145,14.582481119483601
2019-03-14,3.351623350984191,10.841446674219933,14.193070025204124
2019-03-15,3.310488506651355,10.87460447765979,14.185092984311146
2019-03-18,2.9938927758161356,11.327327750783263,14.321220526599399
2019-03-19,2.922468773036769,11.410446389072789,14.332915162109558
2019-03-20,2.4112664543765163,12.17402296000845,14.585289414384967
2019-03-21,2.3664109147501406,12.275610505692931,14.642021420443072
2019-03-22,0.18659737867505655,15.580023197164367,15.766620575839424
2019-03-25,0.12566969184493892,15.592595753268663,15.718265445113602
2019-03-26,0.7359336759312018,14.22994821663244,14.965881892563642
2019-03-27,0.8624148439480521,14.033094592904344,14.895509436852397
2019-03-28,0.7789031103838244,14.190539166626634,14.969442277010458
2019-03-29,1.434844705852365,13.248361614014339,14.683206319866704
2019-04-01,2.092863177231262,12.105618305075495,14.198481482306757
2019-04-02,1.7181675881885905,12.578814078131678,14.296981666320269
2019-04-03,2.26449959857246,11.562165974678042,13.826665573250501
2019-04-04,2.300072435943891,11.598665640160847,13.898738076104738
2019-04-05,3.334299470661213,10.501265139690684,13.835564610351897
2019-04-08,2.86792894334833,11.163704450726733,14.031633394075063
2019-04-09,2.374111654309946,11.820095887649815,14.194207541959761
2019-04-10,2.398175336245483,11.765220817820117,14.1633961540656
2019-04-11,2.5671339947693568,11.484751851643258,14.051885846412615
2019-04-12,3.8485314395937618,9.472333182569283,13.320864622163045
2019-04-15,3.6004489423361683,9.59474659169112,13.195195534027288
2019-04-16,3.8156967999336455,9.225612443052077,13.041309242985722
2019-04-17,3.922645925269869,9.668317712636878,13.590963637906746
2019-04-18,3.8774388058043883,9.63283377045392,13.51027257625831
2019-04-19,3.8774388058043883,9.63283377045392,13.51027257625831
2019-04-22,3.8774388058043883,9.63283377045392,13.51027257625831
2019-04-23,3.9153129835432026,9.821838697468294,13.737151681011497
2019-04-24,3.5958529171080986,10.65085856096664,14.246711478074738
2019-04-25,3.302349976059846,10.422375315114577,13.724725291174423
2019-04-26,3.3333666370696218,10.339450422506557,13.672817059576179
2019-04-29,3.3247043412596877,10.253898388166121,13.578602729425809
2019-04-30,2.8250931530512027,10.664291787363414,13.489384940414617
2019-05-01,2.8250931530511902,10.664291787363421,13.489384940414611
2019-05-02,2.5618051672595517,11.146850470448493,13.708655637708045
2019-05-03,2.4055942278288587,10.999757258579542,13.405351486408401
2019-05-06,0.8261239020175228,13.695854700440982,14.521978602458505
2019-05-07,-1.178633917017443,16.187745361590935,15.009111444573492
2019-05-08,-0.7869524776861567,15.690291563216904,14.903339085530748
2019-05-09,-3.0488773354847467,18.65254298836836,15.603665652883613
2019-05-10,-1.4645615441343036,16.599970489857117,15.135408945722814
2019-05-13,-1.5547293197299155,17.196910877374492,15.642181557644577
2019-05-14,-0.8614766608210811,16.07200545550036,15.210528794679279
2019-05-15,-0.07839767038527867,14.653003978446872,14.574606308061593
2019-05-16,-0.13896089251090338,13.795013546553545,13.656052654042641
2019-05-17,0.934482351055328,12.79374685423942,13.728229205294747
2019-05-20,-0.11099802940085368,14.666577508985041,14.555579479584187
2019-05-21,0.6658435802028375,13.228610520228598,13.894454100431435
2019-05-22,0.6616583137303014,13.234282583446758,13.89594089717706
2019-05-23,-0.564200226671872,15.081223040472064,14.517022813800192
2019-05-24,0.20589182923469096,14.036590263643603,14.242482092878294
2019-05-27,0.2186270129143626,13.875609797289881,14.094236810204244
2019-05-28,0.277287192051098,13.947197177105048,14.224484369156146
2019-05-29,-0.19965340097718176,15.049592898044134,14.849939497066952
2019-05-30,-0.19227328351934503,15.016341204464812,14.824067920945467
2019-05-31,-0.42128316799700016,15.550909042890071,15.12962587489307
2019-06-03,-0.3262475361097721,15.332852348858783,15.00660481274901
2019-06-04,-0.10519948298663984,14.73520424460453,14.63000476161789
2019-06-05,0.6537166493379498,13.749109816925195,14.402826466263145
2019-06-06,0.6390335914790573,13.788285722450949,14.427319313930006
2019-06-07,1.3413387959265108,12.605591433167712,13.946930229094223
2019-06-10,1.519841033535691,12.288191428026739,13.80803246156243
2019-06-11,1.5879927843695345,11.975150815026549,13.563143599396083
2019-06-12,1.7028314268911267,12.065138349940987,13.767969776832114
2019-06-13,2.263137799110309,11.292668895038128,13.555806694148437
2019-06-14,2.217932664228229,11.477802777926723,13.695735442154952
2019-06-17,2.1566945097392924,11.517051028866883,13.673745538606175
2019-06-18,2.3856270474468104,10.525573871173217,12.911200918620027
2019-06-19,2.470817770173637,10.466726196228153,12.93754396640179
2019-06-20,2.4133248313481257,10.580332353211523,12.993657184559648
2019-06-21,1.4659186517630722,12.10692602245151,13.572844674214583
2019-06-24,2.1071687734438793,11.407133274546736,13.514302047990615
2019-06-25,2.069010767199467,11.455851863414166,13.524862630613633
2019-06-26,1.7981527160833917,11.859596874924625,13.657749591008017
2019-06-27,1.971682830223358,11.69462489682584,13.666307727049197
2019-06-28,2.215270840804445,11.166462304024936,13.381733144829381
2019-07-01,2.7903588328073923,10.115498434965268,12.90585726777266
2019-07-02,3.0707265041785696,9.748889247444254,12.819615751622823
2019-07-03,3.8852265129033245,8.556419494582688,12.441646007486012
2019-07-04,3.7559667680524367,8.695800643794948,12.451767411847385
2019-07-05,3.544140386235501,9.014626939594477,12.558767325829978
2019-07-08,2.91780129339735,9.944348094003761,12.86214938740111
2019-07-09,2.681144103336088,10.3530803397375,13.034224443073589
2019-07-10,2.6358064116586615,10.491407358966894,13.127213770625556
2019-07-11,2.7308289320668084,10.422632670068058,13.153461602134866
2019-07-12,2.682655170452362,10.499009614989323,13.181664785441685
2019-07-15,2.7731097401989047,10.262910132861224,13.036019873060129
2019-07-16,3.7223102959551397,9.151750754543102,12.874061050498241
2019-07-17,3.4703604900082645,9.542765398849665,13.01312588885793
2019-07-18,2.829413598898949,10.524597318180675,13.354010917079624
2019-07-19,2.233634587483584,11.04411672309197,13.277751310575553
2019-07-22,2.1235252991703106,11.16474652194976,13.288271821120071
2019-07-23,2.6367271342611094,10.130487107139583,12.767214241400692
2019-07-24,2.4927053830205903,10.090506264952163,12.583211647972753
2019-07-25,2.3434410240598353,10.435892445019697,12.779333469079532
2019-07-26,2.422886380321355,10.256890259480896,12.67977663980225
2019-07-29,2.4857843832547815,10.169156560622692,12.654940943877474
2019-07-30,1.6376518061872094,12.065301082200497,13.702952888387706
2019-07-31,1.585697840580277,12.003141292799159,13.588839133379436
2019-08-01,2.135591370237309,11.158007236706318,13.293598606943627
2019-08-02,-0.7034655466661448,15.615574826675848,14.912109280009703
2019-08-05,-1.9992193463335912,17.850041398692994,15.850822052359403
2019-08-06,-2.383485852958028,18.190061553157577,15.806575700199549
2019-08-07,-1.2100976789046083,16.775648009670892,15.565550330766284
2019-08-08,-0.09490865090422673,15.04355182159713,14.948643170692904
2019-08-09,-0.4566378448076236,15.622220117240715,15.165582272433092
2019-08-12,-0.5442077698226928,16.174244216193053,15.63003644637036
2019-08-13,0.4821686519319073,14.771033314049717,15.253201965981624
2019-08-14,-1.8882760513825652,18.57044606165402,16.682170010271456
2019-08-15,-3.4729922329217366,20.746636470412096,17.27364423749036
2019-08-16,-0.9800051769005336,17.07807239476404,16.098067217863505
2019-08-19,0.22560359306078404,15.132040983369274,15.357644576430058
2019-08-20,-0.025674947176419494,15.21207319428202,15.1863982471056
2019-08-21,0.8064042342199009,13.966058458218095,14.772462692437996
2019-08-22,0.7939904259365367,14.769351720693491,15.563342146630028
2019-08-23,0.409662281109771,15.532899716316278,15.942561997426049
2019-08-26,-0.5529970122818426,17.129230418383795,16.576233406101952
2019-08-27,0.2751115293435298,16.03652726882179,16.31163879816532
2019-08-28,0.1626309730002049,16.111633692430686,16.27426466543089
2019-08-29,0.9267872339078256,14.840083128246153,15.766870362153979
2019-08-30,1.3848187070848947,13.919260562813966,15.30407926989886
2019-09-02,1.5766246034154712,13.590052902504826,15.166677505920298
2019-09-03,0.32016386666383667,15.665685523311154,15.985849389974991
2019-09-04,1.6094272995061996,13.764076919433563,15.373504218939763
2019-09-05,2.0223239163123505,12.575074625483163,14.597398541795513
2019-09-06,2.3810210647528542,11.890890056015497,14.271911120768351
2019-09-09,1.9476684924750405,12.377018648306377,14.324687140781418
2019-09-10,2.0639199352321267,12.317108820415894,14.381028755648021
2019-09-11,1.610077405868406,12.851661777360984,14.46173918322939
2019-09-12,1.9790848292705547,12.199217030489546,14.1783018597601
2019-09-13,3.0781951972780774,10.67441009467555,13.752605291953627
2019-09-16,1.4399112136166963,12.804269150566006,14.244180364182702
2019-09-17,1.3563328195818958,12.950111538747807,14.306444358329703
2019-09-18,2.187823775260247,12.012551895518826,14.200375670779072
2019-09-19,2.5837539667798133,11.32755092344745,13.911304890227264
2019-09-20,2.8163480635804365,10.87300871280194,13.689356776382377
2019-09-23,2.100772924672542,12.34231897072586,14.443091895398402
2019-09-24,2.054668434903949,12.179221149017312,14.233889583921261
2019-09-25,1.144907829758612,13.629239773725747,14.774147603484359
2019-09-26,1.5623683982985366,12.857251242988562,14.419619641287099
2019-09-27,1.8514858545871373,12.493154493156602,14.34464034774374
2019-09-30,1.6892830078296832,12.63180650099198,14.321089508821663
2019-10-01,1.011542338358046,13.788912470075049,14.800454808433095
2019-10-02,-1.4522189714391374,17.340129434605185,15.887910463166047
2019-10-03,-0.6858771397148864,16.731036742536908,16.04515960282202
2019-10-04,-0.2549951114122546,16.027575894810685,15.77258078339843
2019-10-07,0.13731311839593374,14.958212014304706,15.09552513270064
2019-10-08,-0.22196422429391838,15.628154701491853,15.406190477197935
2019-10-09,-0.07414948089165208,15.343383408441424,15.269233927549772
2019-10-10,0.07453706157825657,14.977897495747388,15.052434557325645
2019-10-11,0.9978620603297088,13.329473463864916,14.327335524194625
2019-10-14,0.8084628386681132,13.723604160875697,14.53206699954381
2019-10-15,1.4215025776793784,12.44812601198976,13.869628589669139
2019-10-16,1.6467457281256976,12.236757465383185,13.883503193508883
2019-10-17,1.6324111357977849,12.227449685042627,13.859860820840412
2019-10-18,1.364697668657449,12.905009530517948,14.269707199175397
2019-10-21,1.5307831335007958,12.540414952292107,14.071198085792902
2019-10-22,1.5835838539202047,12.134767564913746,13.71835141883395
2019-10-23,1.6013151622847488,12.07597624612892,13.67729140841367
2019-10-24,2.3017650132237026,11.135148215573137,13.43691322879684
2019-10-25,2.851723600703842,10.415532130361175,13.267255731065017
2019-10-28,2.9555725760637586,10.187496460311829,13.143069036375588
2019-10-29,2.49792562547462,10.829688952160325,13.327614577634945
2019-10-30,2.603366007235042,10.808801444187694,13.412167451422736
2019-10-31,2.519169101501003,10.912904332543619,13.432073434044622
2019-11-01,3.0507440499191567,10.139029368491382,13.189773418410539
2019-11-04,3.542139420345915,9.304395532919294,12.846534953265209
2019-11-05,2.7786023829103765,10.169450823237874,12.94805320614825
2019-11-06,2.864128456158781,10.256441142324766,13.120569598483547
2019-11-07,2.750402458984704,10.379085979644046,13.12948843862875
2019-11-08,2.8625699196296495,10.663724810819769,13.526294730449418
2019-11-11,2.8723811828190797,10.592771035942661,13.465152218761741
2019-11-12,3.0782048341334587,10.182829244502278,13.261034078635737
2019-11-13,3.114595519632058,10.306358075741183,13.420953595373241
2019-11-14,2.720624043329469,10.651561470691707,13.372185514021176
2019-11-15,2.8870998293565027,10.21968269957755,13.106782528934053
2019-11-18,2.9973977002445586,10.183622948834914,13.181020649079473
2019-11-19,2.9539802475886905,10.244172985556997,13.198153233145687
2019-11-20,2.8591029874606786,10.488732553750989,13.347835541211667
2019-11-21,2.700014032749486,10.784044904912683,13.48405893766217
2019-11-22,2.5822514001542523,10.924215519413448,13.5064669195677
2019-11-25,3.1348567030676318,9.967205901584702,13.102062604652334
2019-11-26,3.180754346598368,10.159177624447125,13.339931971045493
2019-11-27,3.1131982406032037,10.160312880882866,13.27351112148607
2019-11-28,2.786807042484675,10.64574260647141,13.432549648956085
2019-11-29,2.5279654853536204,11.02560185103153,13.55356733638515
2019-12-02,0.7779105075167667,13.539215885249241,14.317126392766008
2019-12-03,0.20377693869713198,14.905826633045468,15.1096035717426
2019-12-04,1.006675126828318,13.601623624252355,14.608298751080673
2019-12-05,0.9890629073021628,13.626689703669715,14.615752610971878
2019-12-06,1.8731177473522305,12.137891637744914,14.011009385097145
2019-12-09,2.025369742831364,12.114840206066642,14.140209948898006
2019-12-10,1.123301068218069,13.452392979913846,14.575694048131915
2019-12-11,1.2121005165082153,13.12353416321451,14.335634679722725
2019-12-12,1.0008564943439708,12.796719586511237,13.797576080855208
2019-12-13,2.165557664433127,11.157952343530308,13.323510007963435
2019-12-16,3.040635236364354,9.821390351610283,12.862025587974637
2019-12-17,2.9178824081038535,10.286265484821069,13.204147892924922
2019-12-18,2.9881308391664625,10.154344006269616,13.142474845436078
2019-12-19,3.5358337152015338,9.743113412176887,13.278947127378421
2019-12-20,4.086356745541748,8.96277638480237,13.049133130344117
2019-12-23,3.8596609815409675,9.30285190093582,13.162512882476788
2019-12-24,3.859660981540955,9.302851900935824,13.16251288247678
2019-12-25,3.859660981540955,9.302851900935824,13.16251288247678
2019-12-26,3.859660981540955,9.302851900935824,13.16251288247678
2019-12-27,3.5815034456153096,9.73786363895785,13.319367084573159
2019-12-30,2.481589968075106,11.445867975117464,13.92745794319257
2019-12-31,2.481589968075081,11.445867975117492,13.927457943192573
2020-01-01,2.481589968075081,11.445867975117492,13.927457943192573
2020-01-02,2.7046261900137853,10.670594280145744,13.37522047015953
2020-01-03,1.997604801707629,11.617461070688957,13.615065872396586
2020-01-06,0.4482911954118691,13.459574659459477,13.907865854871346
2020-01-07,1.0408509021045482,12.453973015237562,13.49482391734211
2020-01-08,1.386336402812125,12.058853180514674,13.4451895833268
2020-01-09,1.6751342416764476,11.26204334650367,12.937177588180118
2020-01-10,1.7230423430336295,11.307170425031853,13.030212768065482
2020-01-13,2.0924753424505003,10.821468170913349,12.913943513363849
2020-01-14,2.0629084377154427,10.930074837324847,12.99298327504029
2020-01-15,2.0413560902117354,10.966861055121676,13.008217145333411
2020-01-16,2.233381663898319,10.540699496612373,12.774081160510692
2020-01-17,3.194468271146368,9.181112155452485,12.375580426598853
2020-01-20,2.79143917486968,9.702824290650385,12.494263465520065
2020-01-21,2.541295326299613,10.158921709727284,12.700217036026897
2020-01-22,2.1509536201320234,10.563935538271203,12.714889158403226
2020-01-23,1.8224892205471352,11.030544977704293,12.853034198251429
2020-01-24,2.0304430804466502,10.361523267738812,12.391966348185463
2020-01-27,-0.8206962067038575,14.080283188403014,13.259586981699156
2020-01-28,0.09395643378716478,12.56369881804978,12.657655251836944
2020-01-29,0.7430154418369508,11.520639693863798,12.263655135700748
2020-01-30,-0.49223050552049763,13.790139707516802,13.297909201996305
2020-01-31,-0.974414725108101,14.644709317425516,13.670294592317415
2020-02-03,-0.8330171397701207,14.396483854722728,13.563466714952607
2020-02-04,0.8055352990394908,11.640896318295663,12.446431617335154
2020-02-05,1.2087073348433481,10.746516144756974,11.955223479600322
2020-02-06,1.6750271876835985,10.168048938070369,11.843076125753967
2020-02-07,1.7705466099747085,10.490033093709382,12.26057970368409
2020-02-10,1.782524700665455,10.386187494939406,12.168712195604861
2020-02-11,2.013259408350951,9.854354295518375,11.867613703869326
2020-02-12,2.251946060381501,9.703657518842643,11.955603579224144
2020-02-13,1.732480075255788,10.56453859976087,12.297018675016657
2020-02-14,1.6283053501508462,10.627412337503571,12.255717687654418
2020-02-17,1.8393565376794445,10.317008889744024,12.156365427423468
2020-02-18,1.6602400953359364,10.915756230057587,12.575996325393524
2020-02-19,2.1714843900196,10.059588699254245,12.231073089273846
2020-02-20,1.8310064284319783,10.438085330940602,12.26909175937258
2020-02-21,0.6321600082220122,12.81181126679237,13.443971275014382
2020-02-24,-3.594163925516961,19.586155403729606,15.991991478212645
2020-02-25,-4.359814630864449,21.260286040966566,16.900471410102117
2020-02-26,-5.143017833977844,22.418563731455833,17.27554589747799
2020-02-27,-7.702760386015218,26.654961253827164,18.952200867811946
2020-02-28,-15.07617178537317,37.708001957788625,22.631830172415455
2020-03-02,-12.329665788010821,34.088450216912605,21.758784428901784
2020-03-03,-10.144738470307782,30.28374556044368,20.139007090135898
2020-03-04,-8.829478109877812,28.765617386982267,19.936139277104456
2020-03-05,-8.69442883854013,29.872479768343695,21.178050929803565
2020-03-06,-13.310562995998527,40.91736843177202,27.60680543577349
2020-03-09,-18.76221403314178,53.21088824322443,34.44867421008265
2020-03-10,-17.797786044533268,50.75560238473435,32.957816340201084
2020-03-11,-17.079328914581104,50.71497092209189,33.63564200751078
2020-03-12,-21.855673739269925,61.14469997955931,39.28902624028939
2020-03-13,-24.73906055427284,66.68970331134449,41.95064275707165
2020-03-16,-24.099120323586817,67.33139220910786,43.232271885521044
2020-03-17,-24.91911699108043,74.03559427726233,49.116477286181905
2020-03-18,-25.838583336110318,75.93365020028247,50.09506686417215
2020-03-19,-24.460858207425723,74.20321664710673,49.742358439681006
2020-03-20,-18.36331652421528,61.355175286241156,42.99185876202588
2020-03-23,-18.698765726292095,60.73316032959561,42.03439460330352
2020-03-24,-13.562098261876507,44.73600077232333,31.173902510446823
2020-03-25,-16.502186102617358,50.4265316343255,33.92434553170814
2020-03-26,-14.90263704581691,47.841962757777395,32.939325711960485
2020-03-27,-18.512595754654264,55.59883787632896,37.086242121674694
2020-03-30,-16.078516379261174,51.59613209116033,35.517615711899154
2020-03-31,-9.226394442169031,42.275121589866266,33.048727147697235
2020-04-01,-10.465727390468459,44.83108795739068,34.36536056692222
2020-04-02,-8.224905559776104,41.762930686176475,33.53802512640037
2020-04-03,-7.393195913033978,41.0885797396379,33.69538382660392
2020-04-06,-5.317581766527848,35.394266137920525,30.076684371392677
2020-04-07,-8.164868118643913,38.79418172738773,30.629313608743818
2020-04-08,-7.856768972601387,39.23764048278223,31.380871510180846
2020-04-09,-5.95582295864536,37.45513590468412,31.49931294603876
2020-04-10,-5.95582295864536,37.45513590468412,31.49931294603876
2020-04-13,-5.95582295864536,37.45513590468412,31.49931294603876
2020-04-14,-5.055392648907233,35.64635987828122,30.590967229373984
2020-04-15,-7.313069446886836,39.29630209055961,31.98323264367277
2020-04-16,-6.925268749192856,38.374359756869104,31.449091007676248
2020-04-17,-5.164573505746198,36.558036656211144,31.393463150464946
2020-04-20,-5.0695305222286535,35.92616068602842,30.856630163799764
2020-04-21,-7.499117409652605,42.510043798869,35.010926389216394
2020-04-22,-5.151309189230318,38.59568245726045,33.444373268030134
2020-04-23,-3.809065316178355,35.82927422440702,32.02020890822867
2020-04-24,-2.3083605208256017,34.80164163065715,32.49328110983155
2020-04-27,-0.48258550921161003,30.298117592387115,29.815532083175505
2020-04-28,0.45711789896389377,27.61248095126402,28.069598850227912
2020-04-29,1.0898288574998851,25.94254035763336,27.032369215133244
2020-04-30,-1.068891586398113,29.76734672243267,28.698455136034557
2020-05-01,-1.0688915863981023,29.767346722432663,28.69845513603456
2020-05-04,-2.845651221583587,34.17071035168677,31.325059130103185
2020-05-05,-1.1560798114550153,30.130268284615795,28.97418847316078
2020-05-06,-1.1267395380676284,30.307344596936296,29.180605058868668
2020-05-07,0.11654473421528522,28.19098945409131,28.307534188306594
2020-05-08,1.3408211165935775,25.897091989790532,27.23791310638411
2020-05-11,-0.2869304101610908,26.931222620803226,26.644292210642135
2020-05-12,1.2376073844321454,24.044804453177758,25.282411837609903
2020-05-13,-1.1003751379275961,27.277238282788907,26.17686314486131
2020-05-14,-4.093541631178997,33.43566889392605,29.342127262747052
2020-05-15,-0.9718278383745833,29.23057571080468,28.258747872430096
2020-05-18,0.3759713943934564,24.871056881629038,25.247028276022494
2020-05-19,0.3406794912439999,25.117080176078797,25.457759667322797
2020-05-20,0.48397062866359164,23.9418411611465,24.42581178981009
2020-05-21,-1.2044050326527795,26.623491843964587,25.419086811311807
2020-05-22,-1.1138429081297758,26.704366175744077,25.5905232676143
2020-05-25,-0.10182804248112376,24.792076421998345,24.69024837951722
2020-05-26,0.3722678014387917,23.75418242959278,24.126450231031573
2020-05-27,0.6028885356207745,23.19837804012168,23.801266575742453
2020-05-28,0.8243618357644173,22.90740992481361,23.731771760578027
2020-05-29,-0.5678066516408968,25.64147500146614,25.073668349825244
2020-06-01,-0.7825386655538722,25.120790363486346,24.338251697932474
2020-06-02,-1.0795062819663173,24.97994206428719,23.900435782320873
2020-06-03,-0.5403806848240187,23.818717618144007,23.278336933319988
2020-06-04,-0.8482430661104559,24.424653076483573,23.576410010373117
2020-06-05,-0.2882379078873498,22.171344989586792,21.883107081699443
2020-06-08,-1.5595167700237091,23.621176934124076,22.061660164100367
2020-06-09,-2.3179549139051154,25.309760534636254,22.99180562073114
2020-06-10,-1.8693325240571603,25.743627494734252,23.87429497067709
2020-06-11,-3.5587904674265047,29.912778488595134,26.35398802116863
2020-06-12,-5.238191545774555,32.781405951732154,27.5432144059576
2020-06-15,-5.3097589758529615,34.34430992979875,29.034550953945786
2020-06-16,-2.520916817975216,28.82818769956631,26.307270881591094
2020-06-17,-2.8373407754716204,29.651815106693363,26.814474331221742
2020-06-18,-3.054261840983038,30.788002453264536,27.733740612281498
2020-06-19,-1.154073623767971,27.692596315996038,26.538522692228067
2020-06-22,-1.8157441901292017,29.24799577957381,27.432251589444608
2020-06-23,-0.47401864828847806,26.55455698399354,26.08053833570506
2020-06-24,-2.211184065676175,29.93448890628294,27.723304840606765
2020-06-25,-2.5067012851965096,30.587951403540814,28.081250118344304
2020-06-26,-1.9567677263386045,29.352401359258273,27.39563363291967
2020-06-29,-2.6343356953541175,29.833410980462766,27.19907528510865
2020-06-30,-1.3545413619639035,27.862706579851327,26.508165217887424
2020-07-01,0.025438369742460054,25.934329542260503,25.959767912002963
2020-07-02,1.391116158452263,23.247737831733627,24.63885399018589
2020-07-03,1.1575963352270655,23.817838770303847,24.975435105530913
2020-07-06,1.8422038467976272,22.321764761085127,24.163968607882754
2020-07-07,0.5264645315494079,23.964214899640613,24.49067943119002
2020-07-08,0.1687118188835015,24.559476029974824,24.728187848858326
2020-07-09,-0.3022495598068602,25.298956913287242,24.99670735348038
2020-07-10,1.0935274674376032,24.6100871344669,25.703614601904505
2020-07-13,1.1491645707256914,23.298206745776824,24.447371316502515
2020-07-14,-0.10498016471867189,25.549932959109935,25.444952794391263
2020-07-15,0.5112088978564415,23.779948495888558,24.291157393745
2020-07-16,0.9913099684494959,23.507172928934327,24.498482897383823
2020-07-17,1.6449349816949628,22.096612451617165,23.741547433312128
2020-07-20,2.0165532657278185,20.75562409220409,22.77217735793191
2020-07-21,2.5160317147974567,19.63074649224989,22.146778207047348
2020-07-22,2.187944339612333,20.467901257368094,22.655845596980427
2020-07-23,2.834175315167375,19.29209356638952,22.126268881556896
2020-07-24,1.8190887764946275,21.17459007701284,22.99367885350747
2020-07-27,1.572630467935518,21.66503844706011,23.237668914995627
2020-07-28,1.8997615289480017,21.122011249361506,23.021772778309508
2020-07-29,1.7002051339341726,21.250142069840354,22.950347203774527
2020-07-30,1.1033239454290147,23.440528831110484,24.5438527765395
2020-07-31,1.103392844609509,23.440595007119544,24.543987851729053
2020-08-03,1.3372540718155221,21.620838506139663,22.958092577955185
2020-08-04,1.323853952110536,21.688920503750506,23.01277445586104
2020-08-05,1.8174102253115265,20.575597253929846,22.393007479241373
2020-08-06,1.4602933131207756,21.189742473529158,22.650035786649934
2020-08-07,2.0696662596545004,20.278987028648434,22.348653288302934
2020-08-10,2.3436767499253968,19.76564204111531,22.109318791040707
2020-08-11,1.9921045493728258,19.6129155243542,21.605020073727026
2020-08-12,2.620404424087287,18.435669763746613,21.0560741878339
2020-08-13,2.3541459553941664,19.375602644655586,21.729748600049753
2020-08-14,1.7714843508275422,20.932909791401915,22.704394142229457
2020-08-17,2.1211267140120533,20.351789267880825,22.47291598189288
2020-08-18,2.3710901627655616,19.42819898016853,21.799289142934093
2020-08-19,2.7117578192895415,18.72422508233517,21.435982901624712
2020-08-20,2.3323229692855065,19.51248178715847,21.844804756443978
2020-08-21,2.126706955985565,20.38453161274771,22.511238568733276
2020-08-24,2.5489396219213027,19.12925249030208,21.678192112223382
2020-08-25,3.361016116302224,18.214371641644046,21.57538775794627
2020-08-26,3.0001931167067575,18.454095310128498,21.454288426835255
2020-08-27,2.4328710022363857,19.441535785836965,21.87440678807335
2020-08-28,2.241097840016298,20.408440319356092,22.64953815937239
2020-08-31,1.8561185019005642,21.178754061186446,23.03487256308701
2020-09-01,1.696518931289983,22.12919096058262,23.825709891872602
2020-09-02,2.239435569528826,20.80249899320445,23.041934562733275
2020-09-03,1.7099087149299486,22.895399009667248,24.605307724597196
2020-09-04,1.3633757203609989,23.709445901709387,25.072821622070386
2020-09-07,0.5029912170992432,23.421733564891625,23.924724781990868
2020-09-08,0.19503509931715612,24.246610756134164,24.44164585545132
2020-09-09,1.436635401969923,21.355634815430207,22.79227021740013
2020-09-10,1.9308595885000024,20.581318319918758,22.51217790841876
2020-09-11,1.8555510078956239,20.556851568523236,22.41240257641886
2020-09-14,1.8199518268624573,20.167524041075723,21.98747586793818
2020-09-15,2.910305549140368,18.546943045609073,21.45724859474944
2020-09-16,3.154118450865404,18.103598719756263,21.257717170621667
2020-09-17,2.995984538100579,18.401229129574716,21.397213667675295
2020-09-18,2.7452627041452047,19.063644027700263,21.808906731845468
2020-09-21,-0.5179020003527164,25.426790078987406,24.90888807863469
2020-09-22,0.7134684418612878,23.355183010348767,24.068651452210055
2020-09-23,0.5583621633965308,23.189228505333645,23.747590668730176
2020-09-24,0.17707721884314864,24.132762612033137,24.309839830876285
2020-09-25,-0.3386770445555065,25.098784318629157,24.76010727407365
2020-09-28,1.0793853849606272,22.31850472266485,23.39789010762548
2020-09-29,1.0257873238798574,22.618445678746397,23.644233002626255
2020-09-30,0.6250935955229586,22.922533232915168,23.547626828438126
2020-10-01,1.464746885306269,22.110908704354397,23.575655589660666
2020-10-02,0.9816227005423315,22.78883515774446,23.770457858286793
2020-10-05,1.0394162145317516,22.24287374051369,23.282289955045442
2020-10-06,2.2131445692103497,20.934334138156878,23.147478707367227
2020-10-07,2.0241860198191333,20.735355348531435,22.75954136835057
2020-10-08,2.6260149694096597,19.020022497099205,21.646037466508865
2020-10-09,3.45230619868887,17.857693103195455,21.309999301884325
2020-10-12,2.585343595018692,17.849513446689297,20.43485704170799
2020-10-13,2.0786527185387236,18.635347880443266,20.71400059898199
2020-10-14,1.3555911054471892,19.314527005887072,20.67011811133426
2020-10-15,-0.49033039127658995,22.653209607640612,22.162879216364022
2020-10-16,0.3664216397106159,20.680083684974463,21.04650532468508
2020-10-19,0.464831956364133,21.03894565420426,21.50377761056839
2020-10-20,-0.20261007896111494,22.26486799612847,22.062257917167354
2020-10-21,-0.8171856949050742,23.89300237427477,23.075816679369694
2020-10-22,-1.2278017376047679,24.145010637115835,22.917208899511067
2020-10-23,-0.6804449528571652,23.209853007974285,22.52940805511712
2020-10-26,-2.251779785911424,25.82760691274661,23.575827126835186
2020-10-27,-3.8170610189506675,27.776313994380182,23.959252975429514
2020-10-28,-3.219154143091842,29.728855658956483,26.50970151586464
2020-10-29,-5.033829677103526,31.632557826425835,26.59872814932231
2020-10-30,-4.04043267864613,30.033218781554176,25.992786102908045
2020-11-02,-4.245285230752739,29.390186600164515,25.144901369411777
2020-11-03,-3.844042495985274,27.63036250351117,23.786320007525894
2020-11-04,-2.023230165045458,24.233050658824187,22.20982049377873
2020-11-05,-1.5334621036739726,23.154481221050208,21.621019117376235
2020-11-06,-1.0097845512936274,22.745429824726763,21.735645273433136
2020-11-09,-2.1415956491886092,21.52322571845873,19.38163006927012
2020-11-10,-1.307806398553062,20.62982121232958,19.32201481377652
2020-11-11,1.1139254372997875,18.12669424911128,19.24061968641107
2020-11-12,0.6575357569829734,18.944255612877946,19.60179136986092
2020-11-13,1.3208416573755457,18.476306296431982,19.797147953807528
2020-11-16,1.0143693751903378,18.640167933202047,19.654537308392385
2020-11-17,1.3423569148816696,18.0171589305368,19.35951584541847
2020-11-18,2.0764845344663456,17.38385178364789,19.460336318114237
2020-11-19,2.117350619961684,17.35075207522399,19.468102695185674
2020-11-20,1.4788204183890663,17.405295410422767,18.884115828811833
2020-11-23,0.6735360456069763,18.464720743410957,19.138256789017934
2020-11-24,1.8788734797755922,16.96756786733915,18.84644134711474
2020-11-25,1.8294461568159583,17.049782813212904,18.879228970028862
2020-11-26,1.6670105707256262,17.13164715727372,18.798657727999345
2020-11-27,3.120124189375135,15.01057447988852,18.130698669263655
2020-11-30,1.1243396653400595,17.70824444386531,18.83258410920537
2020-12-01,1.7557317494352738,16.846512683135582,18.602244432570856
2020-12-02,2.253498296773305,16.5911660223625,18.844664319135806
2020-12-03,2.378536615599323,16.394723962488307,18.77326057808763
2020-12-04,2.526165039692554,16.38638707716974,18.912552116862294
2020-12-07,2.156879533627375,16.82452733122647,18.981406864853845
2020-12-08,2.2750800611150552,16.62879723654205,18.903877297657104
2020-12-09,2.879176035154728,15.521363790413407,18.400539825568135
2020-12-10,2.1813658321163345,16.546719800559593,18.728085632675928
2020-12-11,0.7475583077227697,18.772439673606897,19.519997981329666
2020-12-14,1.7735603038842704,17.48444874615375,19.25800905003802
2020-12-15,2.2149173207435027,17.154997604413747,19.36991492515725
2020-12-16,2.587825422037678,16.378607791237823,18.9664332132755
2020-12-17,3.142463404638619,15.638457824700417,18.780921229339036
2020-12-18,2.2659134286500127,16.97161684910399,19.237530277754004
2020-12-21,-0.7972298035140426,21.876716647818697,21.079486844304654
2020-12-22,0.04680685658217243,20.395583414250225,20.442390270832398
2020-12-23,0.6534028111403778,19.03723119225888,19.690634003399257
2020-12-24,0.6562407296970854,19.04095576606477,19.697196495761855
2020-12-25,0.6562407296970854,19.04095576606477,19.697196495761855
2020-12-28,1.3188565991429932,17.884716571774856,19.20357317091785
2020-12-29,1.4274659634899223,17.823670314651295,19.251136278141217
2020-12-30,1.254086283300584,18.228795248388604,19.482881531689188
2020-12-31,0.8907747361385745,18.651809807554347,19.54258454369292
2021-01-01,0.8907747361385745,18.651809807554347,19.54258454369292
2021-01-04,-0.45354880219401394,20.756356882868477,20.302808080674463
2021-01-05,-0.3736302932672686,20.82452337751399,20.450893084246722
2021-01-06,1.7119854158075576,17.698077034562072,19.41006245036963
2021-01-07,1.8500139690853707,17.481594621544712,19.331608590630083
2021-01-08,2.2510365774002956,16.91867257870035,19.169709156100645
2021-01-11,0.8911279279554485,18.517753928565007,19.408881856520456
2021-01-12,0.9835950962699975,18.67532873879935,19.65892383506935
2021-01-13,1.6844768783960546,17.72838478480148,19.412861663197535
2021-01-14,2.7619421217015194,16.33753867950662,19.099480801208138
2021-01-15,2.6710118777651104,17.324856290983355,19.995868168748466
2021-01-18,2.4433765151700584,17.38873699085833,19.83211350602839
2021-01-19,2.8944265115780183,16.840427032252304,19.734853543830322
2021-01-20,3.803207783891743,15.785089340272929,19.588297124164672
2021-01-21,3.9942358840128485,15.714573274646607,19.708809158659456
2021-01-22,3.466929387190053,16.367219440903835,19.834148828093888
2021-01-25,2.3774701247898875,17.915999902911008,20.293470027700895
2021-01-26,1.5107172879032866,18.7497466345817,20.260463922484988
2021-01-27,1.0251709034984593,20.42659763095252,21.45176853445098
2021-01-28,0.49195638406886744,21.99304580804508,22.485002192113946
2021-01-29,-0.6882950557966794,23.576114665247598,22.88781960945092
2021-02-01,0.8993609678928713,21.45594956997361,22.35531053786648
2021-02-02,1.9304502935060128,19.458820588278574,21.389270881784586
2021-02-03,2.2938859182790274,18.72853838695689,21.02242430523592
2021-02-04,1.931699443776072,19.154974062583584,21.086673506359656
2021-02-05,3.5032615023701084,16.816175347602417,20.319436849972526
2021-02-08,3.270668821978326,16.60605146146471,19.876720283443035
2021-02-09,3.5267423976331678,16.270617219807775,19.797359617440943
2021-02-10,3.1149130999261416,16.963612519886972,20.078525619813114
2021-02-11,3.6674196221011712,16.43014760825147,20.09756723035264
2021-02-12,4.05813187633515,15.910461085538788,19.968592961873938
2021-02-15,4.195274841199478,15.316114022075528,19.511388863275005
2021-02-16,3.78881553468495,16.28479438451986,20.07360991920481
2021-02-17,3.346859609367069,17.205908497377358,20.552768106744427
2021-02-18,2.4722276586559815,18.768783779826684,21.241011438482666
2021-02-19,3.1303434941866826,17.36441069375844,20.494754187945123
2021-02-22,3.0283588304460807,17.696794276041455,20.725153106487536
2021-02-23,2.4905345805168295,18.503088929333966,20.993623509850796
2021-02-24,2.7864967174660613,17.839273291110338,20.6257700085764
2021-02-25,2.7221539780982837,17.60904399892862,20.331197977026903
2021-02-26,-0.4295293764295671,22.653286451101604,22.223757074672037
2021-03-01,1.957630397478166,18.347752477363777,20.305382874841943
2021-03-02,2.243081982899529,17.770834330722035,20.013916313621564
2021-03-03,2.317315470147932,17.80210433720762,20.119419807355552
2021-03-04,1.8542908066689066,18.584645280034316,20.438936086703222
2021-03-05,1.2338572598436812,19.362312800474964,20.596170060318645
2021-03-08,2.3188000272441194,17.180350437392626,19.499150464636745
2021-03-09,3.2448834273012075,16.033486953320864,19.27837038062207
2021-03-10,3.734086994605768,15.15753167143788,18.891618666043648
2021-03-11,3.6470978811149095,15.07619451467879,18.7232923957937
2021-03-12,3.8804765957813725,15.148320216737213,19.028796812518586
2021-03-15,3.780535424636012,15.1146038766403,18.895139301276313
2021-03-16,4.114477588207706,14.086432942639796,18.2009105308475
2021-03-17,3.80186735233462,14.308406529657669,18.11027388199229
2021-03-18,4.26876870957015,13.880459041094323,18.149227750664473
2021-03-19,2.8679387429697627,15.68294256594411,18.550881308913873
2021-03-22,3.872657781246101,14.234810760839839,18.10746854208594
2021-03-23,4.141331293932119,13.613116263468164,17.754447557400283
2021-03-24,4.1564159473464315,13.759323373958768,17.9157393213052
2021-03-25,3.413646790453159,14.663790566187101,18.07743735664026
2021-03-26,3.8970641257139444,13.84482190704795,17.741886032761894
2021-03-29,3.614585257967697,13.828805849786448,17.443391107754145
2021-03-30,3.8868794157754145,13.384899763404345,17.27177917917976
2021-03-31,3.4199752169826763,13.647583803601945,17.06755902058462
2021-04-01,4.127790141953746,12.480860099724083,16.60865024167783
2021-04-02,4.127790141953746,12.480860099724083,16.60865024167783
2021-04-05,4.127790141953746,12.480860099724083,16.60865024167783
2021-04-06,3.523263118293622,12.817255869332522,16.340518987626144
2021-04-07,4.015867073562749,12.345758571057065,16.361625644619814
2021-04-08,4.269899843620175,11.50495077256239,15.774850616182565
2021-04-09,4.065691567886391,11.753044931393468,15.81873649927986
2021-04-12,2.9211717268075006,12.940982610611012,15.862154337418513
2021-04-13,3.351044195089653,12.569383099922158,15.92042729501181
2021-04-14,3.6153295271606503,12.129625867402579,15.74495539456323
2021-04-15,3.983220409155976,11.782287748668525,15.7655081578245
2021-04-16,3.8505341870276677,11.793277953922827,15.643812140950494
2021-04-19,3.38864056429143,12.415403749009137,15.804044313300567
2021-04-20,1.7778039758264974,14.947106878788802,16.7249108546153
2021-04-21,2.0710253597309034,14.810471069929207,16.88149642966011
2021-04-22,2.6638842365862434,13.541785047445684,16.205669284031927
2021-04-23,2.65535274533838,13.884092950598628,16.539445695937008
2021-04-26,2.951576811982651,13.60100104429047,16.55257785627312
2021-04-27,2.8613596863485604,13.709376873384407,16.570736559732968
2021-04-28,3.571840329327287,13.006083021920162,16.57792335124745
2021-04-29,3.204909650501909,13.36977064952332,16.57468030002523
2021-04-30,2.9157602969662655,14.403450535044037,17.319210832010302
2021-05-03,2.354131765268857,15.163413282123745,17.517545047392602
2021-05-04,0.8681507262626198,17.162296057840063,18.030446784102683
2021-05-05,2.1169867707479266,15.286762627105327,17.403749397853254
2021-05-06,1.7388764860303887,15.62998722334206,17.368863709372448
2021-05-07,2.846296240101754,13.944385934477552,16.790682174579306
2021-05-10,3.0630667322513982,13.722249263806626,16.785315996058024
2021-05-11,-0.46856696759587635,18.554877228184704,18.086310260588828
2021-05-12,-0.12511191086886697,18.21793987544996,18.092827964581094
2021-05-13,0.029640536773563042,18.69655943594341,18.726199972716973
2021-05-14,1.3659218827017554,16.51789149266437,17.883813375366124
2021-05-17,0.9214100516137975,16.74916285787924,17.67057290949304
2021-05-18,1.9186431975039113,16.23967410034208,18.15831729784599
2021-05-19,-0.571362485148839,20.371112970621997,19.799750485473158
2021-05-20,1.2782089178558884,17.489348592893496,18.767557510749384
2021-05-21,1.9943758580471496,16.13096432139747,18.12534017944462
2021-05-24,2.3326779972585054,15.647872423986778,17.980550421245283
2021-05-25,3.0534694493023498,14.769168783767531,17.82263823306988
2021-05-26,2.479165906411666,14.934955341311607,17.414121247723273
2021-05-27,3.484210041702747,13.792879257347673,17.27708929905042
2021-05-28,3.3146076527353685,13.431308719172069,16.745916371907438
2021-05-31,2.802358809933894,13.924529693950708,16.726888503884602
2021-06-01,3.0104816789007423,14.037854727717672,17.048336406618414
2021-06-02,2.4551637143332563,14.694691278954132,17.149854993287388
2021-06-03,2.039144928726591,15.657352856553919,17.69649778528051
2021-06-04,3.754400081958627,13.755464983642485,17.50986506560111
2021-06-07,3.0456320318346997,13.789898974376516,16.835531006211216
2021-06-08,3.1419876835879794,13.711302335038658,16.853290018626637
2021-06-09,2.6330925857680043,14.191751645799041,16.824844231567045
2021-06-10,3.470060638717827,13.399135941126294,16.86919657984412
2021-06-11,4.021578852363765,12.21550311558846,16.237081967952225
2021-06-14,3.33497183366814,12.38932381871814,15.72429565238628
2021-06-15,3.01365339387549,12.669124698779303,15.682778092654793
2021-06-16,2.6677194223769494,13.07563239324773,15.74335181562468
2021-06-17,2.9601149647542027,13.442707685738819,16.40282265049302
2021-06-18,2.5106791742280006,14.663823275545424,17.174502449773424
2021-06-21,1.8442874153218245,15.71343849112507,17.557725906446894
2021-06-22,2.2918188998635465,14.575751236004624,16.86757013586817
2021-06-23,3.0144488480763805,13.458480396231057,16.472929244307437
2021-06-24,2.8506164384437085,13.053552333354594,15.904168771798302
2021-06-25,3.0252920918865644,12.849315640691175,15.87460773257774
2021-06-28,3.0161213833248013,12.920824004357268,15.93694538768207
2021-06-29,3.206718751933119,12.71523921489422,15.921957966827339
2021-06-30,2.917005624492596,13.409240442007924,16.32624606650052
2021-07-01,3.085824638310088,13.104713882812499,16.190538521122587
2021-07-02,3.4769578028061456,12.277197114807574,15.75415491761372
2021-07-05,3.3609416790252276,12.441614776492097,15.802556455517324
2021-07-06,3.5844088102984237,12.216714932607449,15.801123742905872
2021-07-07,3.228541756408349,12.902754030043448,16.131295786451798
2021-07-08,0.8298536753236867,16.467066161407743,17.29691983673143
2021-07-09,2.916995200762077,13.339187478073185,16.256182678835263
2021-07-12,2.890190436646737,13.409446192296276,16.299636628943013
2021-07-13,3.1547578243679517,12.931240347268755,16.085998171636707
2021-07-14,3.5619088541696318,12.633587387459796,16.195496241629428
2021-07-15,1.8084340963543628,14.868290055568147,16.67672415192251
2021-07-16,2.7106406382042554,13.948627941186617,16.659268579390872
2021-07-19,-1.2641126295867942,20.535866313667004,19.27175368408021
2021-07-20,0.4835721541099751,18.26429235568718,18.747864509797154
2021-07-21,0.6524623230785238,17.291851875362347,17.94431419844087
2021-07-22,1.9558927341520338,15.33380921834894,17.289701952500973
2021-07-23,3.37757804518602,13.461826125947852,16.83940417113387
2021-07-26,2.7310288747063733,14.117020369210076,16.84804924391645
2021-07-27,2.819931553994552,14.456863683160842,17.276795237155394
2021-07-28,2.7931707053605255,14.489887605378152,17.283058310738678
2021-07-29,2.926057135117599,13.765000655172038,16.691057790289637
2021-07-30,1.9250402462403322,15.317163425273009,17.24220367151334
2021-08-02,2.3858277729859765,14.573991461125747,16.959819234111723
2021-08-03,2.312938633803208,14.636764137104718,16.949702770907926
2021-08-04,3.3311334199137264,13.404881804466903,16.73601522438063
2021-08-05,3.546030079170853,12.842578051157014,16.388608130327867
2021-08-06,3.8938455388793116,12.363542761478978,16.25738830035829
2021-08-09,4.062312696909032,12.237617722467526,16.299930419376558
2021-08-10,4.418746804954781,11.625793444164904,16.044540249119684
2021-08-11,4.4106569857271705,11.605869487893921,16.01652647362109
2021-08-12,4.784292250544832,11.069807871027663,15.854100121572495
2021-08-13,4.735218109084336,11.116370264581878,15.851588373666214
2021-08-16,3.077025813832325,13.280901565822287,16.357927379654612
2021-08-17,3.553151872761175,12.80889797272293,16.362049845484105
2021-08-18,3.657700254506235,12.733185494512608,16.390885749018842
2021-08-19,1.2807035308961332,16.369632531856052,17.650336062752185
2021-08-20,2.2112669533473497,15.225961169300342,17.437228122647692
2021-08-23,3.0225104217791845,13.476827269129252,16.499337690908437
2021-08-24,2.9350107234608664,13.481569794478077,16.416580517938943
2021-08-25,3.537304925591876,12.907113510147028,16.444418435738903
2021-08-26,3.2643298358433555,13.599779990150068,16.864109825993424
2021-08-27,4.110068391714098,12.383739403481052,16.49380779519515
2021-08-30,4.081154637604154,12.511430764805723,16.592585402409878
2021-08-31,3.202388381347731,13.859280244517766,17.061668625865497
2021-09-01,3.7330745552741185,13.10962343464863,16.842697989922748
2021-09-02,3.6985904572999733,12.81425105990151,16.512841517201483
2021-09-03,3.635580130180461,13.379227203908666,17.014807334089127
2021-09-06,3.7563384229045784,12.766548968756657,16.522887391661236
2021-09-07,3.2347689001426723,13.771554307268726,17.0063232074114
2021-09-08,2.340251805846478,15.066983353254141,17.40723515910062
2021-09-09,2.882125694279729,14.406958500459687,17.289084194739416
2021-09-10,2.397997384621158,15.352958860842145,17.750956245463303
2021-09-13,2.0367895063010746,15.732317794549767,17.76910730085084
2021-09-14,2.519960674254362,15.365858608300394,17.885819282554756
2021-09-15,2.4541327285180863,15.733429316759501,18.187562045277588
2021-09-16,2.357067911510926,15.815565615695254,18.17263352720618
2021-09-17,1.6694218499467404,16.826108908987553,18.495530758934294
2021-09-20,-1.1164461149402278,21.653029435653927,20.5365833207137
2021-09-21,-0.46915629765329214,19.979181314784384,19.510025017131092
2021-09-22,0.9911987220949712,18.045475108125093,19.036673830220064
2021-09-23,2.115780615851623,16.151369225360828,18.26714984121245
2021-09-24,1.5734396024619954,17.077292585463837,18.650732187925833
2021-09-27,1.4695579497939661,17.01834476856486,18.487902718358825
2021-09-28,-0.7794060944410859,20.55647509936044,19.777069004919355
2021-09-29,0.07635390501858552,19.582611115730685,19.65896502074927
2021-09-30,0.36304041046157565,19.14251469507376,19.505555105535336
2021-10-01,0.06812243308956312,19.572421331493555,19.640543764583118
2021-10-04,-0.53420978388111,20.194685448287565,19.660475664406455
2021-10-05,2.158728755174998,17.544769258083225,19.703498013258223
2021-10-06,0.5358883256528806,19.17669437818242,19.712582703835302
2021-10-07,1.6226858933247819,17.32554964701016,18.94823554033494
2021-10-08,2.950396248897894,15.698293293899718,18.648689542797612
2021-10-11,2.768519599533942,16.239877107716495,19.008396707250437
2021-10-12,2.303627352587725,16.16672089805609,18.470348250643816
2021-10-13,2.823906307530949,15.30470280673804,18.12860911426899
2021-10-14,3.9817450352670427,13.633829803578184,17.615574838845227
2021-10-15,3.903404486891773,12.953854934130305,16.85725942102208
2021-10-18,3.229815530003391,14.00645721213227,17.23627274213566
2021-10-19,4.543367777965981,12.661431644716851,17.204799422682832
2021-10-20,4.958775872627193,12.036904743494652,16.995680616121845
2021-10-21,4.6934080428991045,12.2557253965165,16.949133439415604
2021-10-22,4.82521335512758,11.588099957707136,16.413313312834717
2021-10-25,4.217804609852696,12.263778782088714,16.48158339194141
2021-10-26,4.55571101178162,11.557381296946213,16.113092308727833
2021-10-27,3.7765746517769205,12.315268180382338,16.09184283215926
2021-10-28,4.047518502488344,12.564975471577867,16.61249397406621
2021-10-29,3.54457689873783,13.603609866868307,17.148186765606138
2021-11-01,3.336074561704317,13.169917987864244,16.50599254956856
2021-11-02,3.949239964929806,12.738967182082803,16.68820714701261
2021-11-03,4.069720244225611,12.355577718686352,16.425297962911962
2021-11-04,4.6475343100931195,11.54687190667377,16.19440621676689
2021-11-05,4.558026418884419,11.64187868056244,16.19990509944686
2021-11-08,4.31483842384209,12.12048753234539,16.43532595618748
2021-11-09,3.7608248020960815,13.104048584304973,16.864873386401054
2021-11-10,4.316271179049252,12.49975327328622,16.816024452335473
2021-11-11,4.773880747492983,12.065663475090146,16.83954422258313
2021-11-12,4.943106249379852,11.647419326284588,16.59052557566444
2021-11-15,4.523148247506905,12.071116849678015,16.59426509718492
2021-11-16,4.34419204589782,12.538157431577797,16.882349477475618
2021-11-17,4.410659249417474,12.533671314258907,16.94433056367638
2021-11-18,3.752578175661826,13.749156167286555,17.50173434294838
2021-11-19,3.000160721270742,14.608211697239582,17.608372418510324
2021-11-22,3.359708272014565,14.17168132073488,17.531389592749445
2021-11-23,2.5664205169147074,15.516343293211584,18.08276381012629
2021-11-24,2.583009829489953,15.97634804263949,18.559357872129443
2021-11-25,2.9635383799548354,15.026515019154099,17.990053399108934
2021-11-26,-4.2038559392566235,25.91289320242417,21.709037263167545
2021-11-29,-2.3875665064613685,23.27231338070964,20.884746874248272
2021-11-30,-0.878419347854571,21.399538080993505,20.521118733138934
2021-12-01,0.14368378651542812,20.287766752085435,20.431450538600863
2021-12-02,-1.95421432889,23.49764322536832,21.54342889647832
2021-12-03,-3.0934487275859475,25.07964061448324,21.98619188689729
2021-12-06,-1.187455432218048,22.854749008044603,21.667293575826555
2021-12-07,1.0533746127012122,18.765327810048426,19.818702422749638
2021-12-08,0.43145220381169835,19.23416626396901,19.665618467780707
2021-12-09,1.260700423236198,17.813908527228513,19.07460895046471
2021-12-10,2.3873187040964226,16.67788111222804,19.065199816324462
2021-12-13,1.4988517906507361,17.85265661751863,19.351508408169366
2021-12-14,0.6777284404266233,19.2495066506152,19.927235091041823
2021-12-15,0.5844498539474365,19.38610736319006,19.970557217137497
2021-12-16,2.782391903959523,15.719961868855629,18.50235377281515
2021-12-17,3.162850462510992,16.666118988321994,19.828969450832986
2021-12-20,-0.16513158662129968,21.021499949304474,20.856368362683174
2021-12-21,2.3399556416958873,17.41956222615024,19.759517867846128
2021-12-22,3.309610811144914,16.052402064373368,19.362012875518282
2021-12-23,4.091077978422371,14.491590451934341,18.582668430356712
2021-12-24,4.095663613598548,14.496639029455958,18.592302643054506
2021-12-27,3.924503952031774,14.67246676317183,18.596970715203604
2021-12-28,4.080220197257351,13.902911451913702,17.983131649171053
2021-12-29,3.879088754052983,14.156684240595293,18.035772994648276
2021-12-30,4.237377927547266,13.3969544865479,17.634332414095166
2021-12-31,4.227436799378106,13.387627758752052,17.615064558130157
2022-01-03,4.181208210117397,13.403001602734893,17.58420981285229
2022-01-04,4.291168591194204,12.942618605826734,17.233787197020938
2022-01-05,4.763492415723846,12.437224944674377,17.200717360398222
2022-01-06,3.9275737892959253,14.712379755425244,18.63995354472117
2022-01-07,3.4572691207742245,15.14751721342347,18.604786334197694
2022-01-10,2.08721034954846,17.41993402804881,19.50714437759727
2022-01-11,3.7335754739460203,14.829373357353132,18.562948831299153
2022-01-12,4.483934340364122,13.486542879242997,17.97047721960712
2022-01-13,4.459344892355681,13.530656504532335,17.990001396888015
2022-01-14,2.764478706983894,15.791909768096165,18.55638847508006
2022-01-17,3.590011625148886,14.789018608846305,18.37903023399519
2022-01-18,2.6490045575033037,16.521545271591336,19.17054982909464
2022-01-19,2.408457280474078,16.777673128790326,19.186130409264404
2022-01-20,3.229871854185328,15.478060947334887,18.707932801520215
2022-01-21,1.1614252404777403,18.97382781967131,20.13525306014905
2022-01-24,-2.5639790625817724,25.243787754788933,22.67980869220716
2022-01-25,-2.0749204135294335,24.385299294046913,22.31037888051748
2022-01-26,-0.626542482802968,22.04094007258625,21.41439758978328
2022-01-27,-0.6041917085564066,21.83185233002401,21.227660621467603
2022-01-28,-1.3188477808768724,23.135159997145642,21.81631221626877
2022-01-31,-0.4582224440642939,21.36378873305302,20.905566288988727
2022-02-01,1.0736582307631295,18.565694907061612,19.63935313782474
2022-02-02,1.842166459603913,16.902170013508726,18.74433647311264
2022-02-03,1.5685528733216358,18.344172331433768,19.912725204755404
2022-02-04,-0.18446340720852206,20.363283091304577,20.178819684096055
2022-02-07,0.7409317074575625,18.769507072350628,19.51043877980819
2022-02-08,1.1950581025190878,18.328133318215396,19.523191420734484
2022-02-09,2.2311215675700886,16.629260968648822,18.86038253621891
2022-02-10,1.8988885626838865,16.653475367768106,18.552363930451993
2022-02-11,0.8724036555822074,18.44143033940927,19.313833994991477
2022-02-14,-1.0090236710938072,22.336976303260197,21.32795263216639
2022-02-15,-0.08902171390236902,20.16167018074308,20.07264846684071
2022-02-16,-0.08096194356533815,19.981207505463793,19.900245561898455
2022-02-17,-1.1632493534083217,21.653430415323136,20.490181061914814
2022-02-18,-2.471798912323539,24.022516178271783,21.550717265948244
2022-02-21,-5.329557903038641,27.382358288259173,22.052800385220532
2022-02-22,-3.0952148085680484,24.254714510153057,21.15949970158501
2022-02-23,-3.318873621918744,24.873615569035685,21.55474194711694
2022-02-24,-5.342242642112115,27.87036011838662,22.528117476274506
2022-02-25,-1.7325474815739348,23.048010448500712,21.315462966926777
2022-02-28,-3.140940752126511,25.402789167640883,22.261848415514372
2022-03-01,-4.503369041508154,28.483435749210066,23.980066707701912
2022-03-02,-2.9083436483345295,27.229429512012658,24.321085863678128
2022-03-03,-4.98186223676905,28.808775213492943,23.826912976723893
2022-03-04,-9.432465750203612,35.722193572687644,26.289727822484032
2022-03-07,-4.690307873729854,33.669719244320284,28.97941137059043
2022-03-08,-4.878912183957688,32.423498343797306,27.544586159839618
2022-03-09,-4.8952217452608515,29.714446917987093,24.81922517272624
2022-03-10,-5.726267045818268,30.707930351078012,24.981663305259744
2022-03-11,-4.379751188544972,29.307538871253968,24.927787682708995
2022-03-14,-2.586738766356529,29.09129208105417,26.50455331469764
2022-03-15,-5.311136663539411,28.51367955373102,23.20254289019161
2022-03-16,-3.2919175716849622,30.03779848472187,26.745880913036906
2022-03-17,-0.7483410425656238,23.337809209189448,22.589468166623824
2022-03-18,0.398317434440699,22.107863897812987,22.506181332253686
2022-03-21,1.6171319339819092,19.26242172283934,20.879553656821248
2022-03-22,1.9431871604099165,18.445531409269353,20.38871856967927
2022-03-23,0.30180305237287897,21.100571162664757,21.402374215037636
2022-03-24,0.06151725243562467,21.56301389184098,21.624531144276606
2022-03-25,-0.3393729083554682,21.863672379996526,21.524299471641058
2022-03-28,0.138822979290687,21.49508328445852,21.633906263749207
2022-03-29,0.1390995283901013,21.495353430241128,21.63445295863123
2022-03-30,1.8196943331454314,18.66476573969122,20.48446007283665
2022-03-31,2.095315718089566,18.64039271475896,20.735708432848526
2022-04-01,2.0461124140689186,18.265672665294804,20.311785079363723
2022-04-04,3.6131219580695273,16.280634283917124,19.89375624198665
2022-04-05,1.5567142531555476,18.47952561195112,20.03623986510667
2022-04-06,0.447663541460674,21.32706146957882,21.774725011039493
2022-04-07,0.045285481334865096,22.1829555645783,22.228241045913165
2022-04-08,0.7844947069006025,19.749560513259574,20.534055220160177
2022-04-11,2.434908511668052,17.970983066852437,20.40589157852049
2022-04-12,1.9872734073378844,18.545236293628328,20.532509700966212
2022-04-13,1.9103954665893639,18.599055480779526,20.50945094736889
2022-04-14,2.6081967776955004,17.197999808569275,19.806196586264775
2022-04-15,2.8097233339943344,17.11782946345405,19.927552797448385
2022-04-18,2.693214942974901,17.110824460533635,19.804039403508536
2022-04-19,1.7528734632570036,18.211523883520037,19.96439734677704
2022-04-20,2.3106798993767264,19.116860093830905,21.42753999320763
2022-04-21,3.0640683482468134,18.290660879688545,21.35472922793536
2022-04-22,10.166423729531548,19.830545787946676,29.996969517478224
2022-04-25,5.829746919472203,26.647963899815547,32.47771081928775
2022-04-26,6.755097642956105,25.55314054331932,32.308238186275425
2022-04-27,9.654099093065454,22.894947498056865,32.54904659112232
2022-04-28,4.789687187206191,23.780956874574958,28.57064406178115
2022-04-29,9.469518980721777,21.273614303786953,30.74313328450873
2022-05-02,-1.6792828650627918,28.64126679191398,26.96198392685119
2022-05-03,-0.649931781240074,23.129921837345304,22.47999005610523
2022-05-04,-0.8596596967072685,22.80488589726456,21.94522620055729
2022-05-05,-1.6779544040992675,24.298763916098068,22.6208095119988
2022-05-06,-1.5215184398193315,24.69502580114952,23.173507361330188
2022-05-09,-4.1591270676553584,28.45164085443824,24.29251378678288
2022-05-10,-2.9393305566062224,27.162939409445343,24.22360885283912
2022-05-11,-1.883983482076843,24.71407123347767,22.83008775140083
2022-05-12,-1.2270945697176217,24.266817979667227,23.039723409949605
2022-05-13,-0.0657718074063176,22.20468233965372,22.1389105322474
2022-05-16,0.6711514524397373,20.919827663037957,21.590979115477694
2022-05-17,1.6188549382388047,19.411397034697313,21.030251972936117
2022-05-18,0.672159459631569,20.852853591711785,21.525013051343354
2022-05-19,0.5195549948386677,22.235183606255234,22.7547386010939
2022-05-20,-0.8830334927211894,22.976204471946833,22.093170979225643
2022-05-23,-0.19691186738097244,21.979361414309263,21.78244954692829
2022-05-24,-0.09208165408462676,22.235277914809714,22.143196260725087
2022-05-25,1.0827989684949735,20.54722579908031,21.630024767575282
2022-05-26,2.065435782176163,19.0993565718893,21.16479235406546
2022-05-27,2.8024968947748903,17.76467238660792,20.56716928138281
2022-05-30,1.4349617133491712,18.49496287447506,19.92992458782423
2022-05-31,1.2827127528656277,19.087453960142238,20.370166713007865
2022-06-01,1.2242795483987727,19.128302040650354,20.352581589049127
2022-06-02,2.340017859893063,17.942454802317073,20.282472662210136
2022-06-03,2.291036835362412,17.591520408514548,19.88255724387696
2022-06-06,2.6088447532755197,17.267783306841196,19.876628060116715
2022-06-07,2.111564543339643,17.902564690965377,20.01412923430502
2022-06-08,2.196933416639638,17.813802306757548,20.010735723397186
2022-06-09,2.7650641397077287,17.642753784835953,20.407817924543682
2022-06-10,0.8339593168945107,20.921853997293102,21.755813314187613
2022-06-13,0.09621945222108863,23.076474155119524,23.172693607340612
2022-06-14,0.3851436254864389,24.127073607224652,24.51221723271109
2022-06-15,0.8567196880713617,21.887801541986022,22.744521230057384
2022-06-16,-0.16571807831350682,23.758497093208632,23.592779014895125
2022-06-17,-0.48767558528183486,23.615643009893912,23.127967424612077
2022-06-20,0.1015016285927679,21.973183135883854,22.074684764476622
2022-06-21,0.5159212470569088,21.23331901463774,21.74924026169465
2022-06-22,0.028992111163347545,22.030953910784547,22.059946021947894
2022-06-23,-0.5259027080366501,22.790667432157743,22.264764724121093
2022-06-24,0.2140264573506343,21.260729044071304,21.47475550142194
2022-06-27,0.3197552986704473,20.88787345866558,21.20762875733603
2022-06-28,0.34477256360644404,20.510026679388712,20.854799242995156
2022-06-29,0.3837512343846434,21.005711217560425,21.389462451945068
2022-06-30,-0.44702657267155743,23.163527217366,22.71650064469444
2022-07-01,0.22401859518209477,22.13987924277559,22.363897837957683
2022-07-04,0.5254672825350966,21.55450012078937,22.079967403324467
2022-07-05,-0.7407292375992931,23.825443741241322,23.08471450364203
2022-07-06,-0.06443067229556476,22.87959647120893,22.815165798913366
2022-07-07,0.30320348005887965,21.881952436364806,22.185155916423685
2022-07-08,1.1093223791969962,20.79948164380389,21.908804023000886
2022-07-11,0.7356656267986565,21.688148658082078,22.423814284880734
2022-07-12,0.6080202009200519,21.814058133807702,22.422078334727754
2022-07-13,-0.1565818937517065,22.894592548439288,22.73801065468758
2022-07-14,-0.5450764326345947,23.887209653186833,23.34213322055224
2022-07-15,0.535324263961737,22.07228282166456,22.6076070856263
2022-07-18,0.09701528358209899,22.262646544869387,22.359661828451486
2022-07-19,1.145357380747928,20.635879729617237,21.781237110365165
2022-07-20,0.6422142159623121,21.223452852348675,21.865667068310987
2022-07-21,1.7560628294120306,20.055282326876718,21.81134515628875
2022-07-22,3.351225070903986,18.0519914505986,21.403216521502586
2022-07-25,2.79113214745076,18.4591486618565,21.25028080930726
2022-07-26,2.1456284823782603,19.391415274298428,21.537043756676688
2022-07-27,2.488233231288234,18.529884664965763,21.018117896253997
2022-07-28,4.042984865903499,16.007645599813145,20.050630465716644
2022-07-29,3.9219387218511237,16.300906795803016,20.22284551765414
2022-08-01,2.8360405988355453,17.07412737708648,19.910167975922025
2022-08-02,1.9630189288109854,18.45128031806708,20.414299246878066
2022-08-03,2.462246465061341,17.210256320235477,19.672502785296818
2022-08-04,2.361248517385228,17.473440774543665,19.834689291928893
2022-08-05,2.41836075870771,17.813147797519967,20.231508556227677
2022-08-08,3.0803350436596695,16.954388502223715,20.034723545883384
2022-08-09,2.451463198547472,17.726153865422766,20.17761706397024
2022-08-10,3.09955369715135,16.567173345588067,19.666727042739417
2022-08-11,3.2723016778580494,16.3020903938913,19.57439207174935
2022-08-12,3.3272708046637867,16.258920561501625,19.586191366165412
2022-08-15,2.922136127582732,16.684531348386578,19.60666747596931
2022-08-16,3.889281759845934,15.729441490901097,19.61872325074703
2022-08-17,2.0813797798351636,17.60291822037866,19.684298000213822
2022-08-18,2.231112593653723,17.473730040822048,19.70484263447577
2022-08-19,2.436276953884736,17.65932580585136,20.095602759736096
2022-08-22,1.1642597079915333,19.962017946453475,21.12627765444501
2022-08-23,1.4216851194027846,19.730477314784217,21.152162434187
2022-08-24,1.4942198768916128,19.252117162714228,20.74633703960584
2022-08-25,2.0294889211198743,18.26643109035651,20.295920011476383
2022-08-26,1.5636041678078456,19.532763769333517,21.096367937141363
2022-08-29,1.2211455122065367,20.69378336801162,21.914928880218156
2022-08-30,1.2546444164154167,20.621976385777117,21.876620802192534
2022-08-31,1.4514458288998462,20.354810754533364,21.80625658343321
2022-09-01,0.9751732989007316,21.384365362136094,22.359538661036826
2022-09-02,2.158653199180627,18.877046869511858,21.035700068692485
2022-09-05,6.470641392904831,20.58414363751454,27.05478503041937
2022-09-06,1.5862796103852652,19.52721471211844,21.113494322503705
2022-09-07,0.9726906772431967,20.429512097029264,21.40220277427246
2022-09-08,1.4877504620383029,19.18814999504207,20.675900457080374
2022-09-09,1.8945983194528004,18.348061917732903,20.242660237185703
2022-09-12,2.3680382162304063,17.72745374242585,20.095491958656257
2022-09-13,2.454185460685782,18.401789720393474,20.855975181079256
2022-09-14,1.9453618730071263,19.303263389244265,21.24862526225139
2022-09-15,1.800303892512435,19.407545335239647,21.20784922775208
2022-09-16,0.9437907814148794,20.80262828214792,21.7464190635628
2022-09-19,2.708646694528124,19.25970311161442,21.968349806142545
2022-09-20,1.9332142376763208,20.228963025476624,22.162177263152945
2022-09-21,1.8849685863897108,20.13380450601596,22.01877309240567
2022-09-22,1.5048866106468708,20.977595206397485,22.482481817044356
2022-09-23,0.8972437404843454,22.54001184221063,23.437255582694977
2022-09-26,0.6228784751428869,23.070118234210664,23.69299670935355
2022-09-27,-0.355582160077212,24.05313046049035,23.69754830041314
2022-09-28,-0.33570422195191085,24.47232323197665,24.136619010024738
2022-09-29,-0.9768144232957745,25.987268054716324,25.01045363142055
2022-09-30,0.22096175068177715,23.88349756216917,24.104459312850945
2022-10-03,-0.15199507708608095,24.083146684680624,23.931151607594543
2022-10-04,0.3290800890630443,22.653689553692473,22.982769642755517
2022-10-05,0.2377273939058746,23.33677597154645,23.574503365452326
2022-10-06,0.21333886097295007,23.687326996758102,23.900665857731052
2022-10-07,0.2707149583141053,23.97458323943196,24.245298197746067
2022-10-10,-1.1919374498973632,25.669806229886294,24.47786877998893
2022-10-11,-1.604664948189157,26.593031757261056,24.9883668090719
2022-10-12,-1.9924082100398053,26.750048908263548,24.757640698223742
2022-10-13,-1.9933062824165013,26.749482381892616,24.756176099476114
2022-10-14,-0.5516226026095552,24.786278990514553,24.234656387904998
2022-10-17,-0.18761642669204903,23.557455691302174,23.369839264610125
2022-10-18,0.3160637487367701,22.830418024921393,23.146481773658163
2022-10-19,0.06294634282677336,22.820173110503557,22.88311945333033
2022-10-20,0.9594377586844409,21.81259063603525,22.77202839471969
2022-10-21,0.46323724477871053,22.242058062737513,22.705295307516224
2022-10-24,-0.11044436056289086,22.725505962651848,22.615061602088957
2022-10-25,0.08318070823320767,22.32460680828623,22.407787516519438
2022-10-26,-0.06876862238449633,22.1030933810335,22.034324758649003
2022-10-27,0.3442256372576473,21.27492219812438,21.619147835382027
2022-10-28,0.7919202824714588,20.457107092155933,21.249027374627392
2022-10-31,0.6343392684986036,20.167729513431603,20.802068781930206
2022-11-01,0.6697384073704988,19.601119831011278,20.270858238381777
2022-11-02,0.46916136240255923,19.69294404942058,20.162105411823138
2022-11-03,0.8057837818137159,19.52174527436334,20.327529056177056
2022-11-04,1.2871229565186262,18.19885586595899,19.485978822477616
2022-11-07,0.9238796548244714,18.520233681222827,19.444113336047298
2022-11-08,1.832578450442547,17.75827808923586,19.590856539678406
2022-11-09,1.0420864863394286,18.569597012006994,19.611683498346423
2022-11-10,1.8496730861124817,16.74523971220388,18.59491279831636
2022-11-11,2.208811410906442,16.63005526989709,18.83886668080353
2022-11-14,2.2701333108582507,15.963364763630574,18.233498074488825
2022-11-15,1.5878925556018366,16.300208326303135,17.888100881904972
2022-11-16,1.7255945475464394,16.958748861357332,18.68434340890377
2022-11-17,1.479748527228935,17.760257363171046,19.24000589039998
2022-11-18,1.4133580351812576,17.179231381196736,18.592589416377994
2022-11-21,2.2165535254226896,16.71341835176758,18.92997187719027
2022-11-22,3.0083597314802244,15.73341418402354,18.741773915503764
2022-11-23,3.11714002916497,15.184497492633517,18.301637521798487
2022-11-24,2.046491476626839,15.541554355984152,17.58804583261099
2022-11-25,1.9469543031476615,15.628167015244552,17.575121318392213
2022-11-28,1.0135663141665816,16.939081708398167,17.95264802256475
2022-11-29,0.9919041332400163,16.97185001356032,17.963754146800337
2022-11-30,1.1216840864283988,16.88709068946726,18.00877477589566
2022-12-01,1.4676094850919625,16.025641576692124,17.493251061784086
2022-12-02,1.917278598455228,15.585203282316643,17.50248188077187
2022-12-05,1.842296074442789,15.430951934011144,17.273248008453933
2022-12-06,1.2154920561935931,16.539038818641206,17.7545308748348
2022-12-07,0.7888348250295394,16.913208456798518,17.702043281828058
2022-12-08,0.8375444706232109,17.29876872744858,18.13631319807179
2022-12-09,1.2856407030146322,16.87552992502211,18.161170628036743
2022-12-12,0.9189267508237542,17.23101044916426,18.149937199988013
2022-12-13,1.38303296047083,15.941601051995127,17.324634012465957
2022-12-14,1.6556167253917504,15.645135875391686,17.300752600783436
2022-12-15,1.9044845956610814,16.295826087652827,18.20031068331391
2022-12-16,2.359034271690877,17.004315681241756,19.363349952932634
2022-12-19,2.497761743559135,16.243266602689165,18.7410283462483
2022-12-20,2.4742466236679057,16.448408193606355,18.92265481727426
2022-12-21,2.9226138867473637,15.387961782219723,18.310575668967086
2022-12-22,2.3595026952611278,15.952426752657505,18.311929447918633
2022-12-23,2.674895273129577,15.953630260467547,18.628525533597124
2022-12-26,2.4979464287727637,16.066279750408565,18.56422617918133
2022-12-27,1.879728673867497,16.3512840105684,18.231012684435896
2022-12-28,2.1282221952433424,16.10501897143191,18.233241166675253
2022-12-29,2.136901354095592,15.733378845112444,17.870280199208036
2022-12-30,1.8163148243766862,16.01013176830806,17.826446592684746
2023-01-02,1.122283524566022,16.658828825650062,17.781112350216084
2023-01-03,1.448738458001241,15.942601647026319,17.39134010502756
2023-01-04,1.3700601238028547,15.534805474522798,16.904865598325653
2023-01-05,1.75866164457425,15.026831334788927,16.785492979363177
2023-01-06,2.080546159216551,14.68703661870943,16.76758277792598
2023-01-09,1.064113447779663,15.118083848638703,16.182197296418366
2023-01-10,1.342347490215257,15.293552696520749,16.635900186736006
2023-01-11,1.2079147654352305,15.097820420802108,16.30573518623734
2023-01-12,1.640822569473686,13.948130494071794,15.58895306354548
2023-01-13,2.6829816012228935,12.85460928017225,15.537590881395143
2023-01-16,2.1778620970715945,13.349444180891107,15.527306277962701
2023-01-17,1.942304049033277,13.619021628305614,15.56132567733889
2023-01-18,2.2446943546304787,13.282165463304374,15.526859817934852
2023-01-19,1.3210046889046652,15.18591923320379,16.506923922108456
2023-01-20,1.7270057004922208,14.219646672055667,15.946652372547888
2023-01-23,1.8561875257835219,13.709500370830325,15.565687896613847
2023-01-24,1.8125667292257859,14.055930392277963,15.868497121503749
2023-01-25,1.6542432108620737,14.066384916970808,15.720628127832882
2023-01-26,1.715567543588568,13.615613120931396,15.331180664519964
2023-01-27,2.2392931405926095,13.008786899722294,15.248080040314903
2023-01-30,1.98945048187516,13.836011907329338,15.825462389204498
2023-01-31,1.1417191858811417,14.216775427369836,15.358494613250977
2023-02-01,1.3545053226005717,13.970685185208906,15.325190507809477
2023-02-02,3.316554819626706,12.811713212133277,16.128268031759983
2023-02-03,2.584110068260676,12.262655087828291,14.846765156088967
2023-02-06,1.3731492056087564,14.038649820179522,15.411799025788278
2023-02-07,1.9028693857673673,13.71114177378334,15.614011159550707
2023-02-08,1.5650755288201008,13.639653001967947,15.204728530788048
2023-02-09,0.004782984408606694,14.365377255434698,14.370160239843305
2023-02-10,0.14183921896022156,15.417522328653266,15.559361547613488
2023-02-13,0.48537509502884113,14.756365683434778,15.241740778463619
2023-02-14,-1.2647127122605788,16.221608583968738,14.95689587170816
2023-02-15,1.3345850605505394,13.499586175499964,14.834171236050503
2023-02-16,1.5424105315644976,13.345364468131729,14.887774999696227
2023-02-17,0.9597483924005115,14.152973842860403,15.112722235260915
2023-02-20,1.8689201764929795,14.352381326900831,16.22130150339381
2023-02-21,6.03266815218884,15.225090375141598,21.257758527330438
2023-02-22,6.04802028515091,15.673442843340743,21.721463128491653
2023-02-23,5.377837557260316,15.26873046577228,20.646568023032597
2023-02-24,5.7406613120595935,16.5771694952762,22.317830807335792
2023-02-27,4.94947897266146,16.5816642834297,21.53114325609116
2023-02-28,6.2147788560135915,14.86079473798744,21.075573594001032
2023-03-01,7.413767561343985,14.44694293043349,21.860710491777475
2023-03-02,6.30440274764698,14.733091478916583,21.037494226563563
2023-03-03,6.943173644681901,13.879145706142507,20.822319350824408
2023-03-06,6.818382736257368,13.574707128118893,20.39308986437626
2023-03-07,8.465959311392632,13.206241581267514,21.672200892660147
2023-03-08,1.9527668662184734,13.084105488097055,15.036872354315529
2023-03-09,2.2024366545512954,13.090268831599083,15.292705486150378
2023-03-10,11.891672926938908,15.565007806935283,27.45668073387419
2023-03-13,-1.474034871956924,35.47993496341699,34.00590009146006
2023-03-14,-0.7806290055914715,33.48110108769152,32.70047208210005
2023-03-15,-0.5443377597941037,21.150576906010947,20.606239146216843
2023-03-16,1.579441072521771,18.374009576143337,19.953450648665108
2023-03-17,0.8025916873407972,20.385966669023272,21.18855835636407
2023-03-20,2.298283348076584,19.090261919919634,21.388545267996218
2023-03-21,0.8409614980099995,17.348050396716623,18.189011894726622
2023-03-22,2.1206527730272207,16.231892353936665,18.352545126963886
2023-03-23,4.9709319862634995,14.74906816553987,19.72000015180337
2023-03-24,3.399529220776394,17.441208788777207,20.8407380095536
2023-03-27,3.283486148832253,16.94999062778749,20.233476776619742
2023-03-28,3.817777409393333,16.161391854798186,19.97916926419152
2023-03-29,1.346818462935655,16.248983151642705,17.59580161457836
2023-03-30,2.4385186243018495,13.945074146543938,16.383592770845787
2023-03-31,2.807760750231358,13.172309526347433,15.980070276578791
2023-04-03,3.573930420635442,12.726584991029899,16.30051541166534
2023-04-04,3.66455862479304,12.190286719267883,15.854845344060923
2023-04-05,3.5359594968455994,13.082730887620617,16.618690384466216
2023-04-06,3.206300129813423,13.256150721423667,16.46245085123709
2023-04-07,3.274827007003971,13.206196021213849,16.48102302821782
2023-04-10,3.3258387270681915,13.272495053301522,16.598333780369714
2023-04-11,3.5583936160333796,12.782781633569426,16.341175249602806
2023-04-12,3.610610865404933,12.559143415492546,16.16975428089748
2023-04-13,3.7368804554016517,12.382539504672645,16.119419960074296
2023-04-14,3.736113750652688,12.584198882978317,16.320312633631005
2023-04-17,3.3511969311354513,13.288727712318568,16.63992464345402
2023-04-18,2.9432490718489586,13.261114610956968,16.204363682805926
2023-04-19,4.523885504707108,12.406615330622325,16.930500835329433
2023-04-20,4.596787176618186,13.6855005948882,18.282287771506386
2023-04-21,3.646184765223472,12.27354153254239,15.919726297765862
2023-04-24,4.572546611887546,11.823439925385177,16.395986537272723
2023-04-25,9.507252673248148,12.421586987263792,21.92883966051194
2023-04-26,9.794422666841173,13.358126429727632,23.152549096568805
2023-04-27,8.004958969384164,13.05063232618946,21.055591295573624
2023-04-28,4.050823694218565,12.668277307306322,16.719101001524887
2023-05-01,4.097559902896293,12.601728022108805,16.6992879250051
2023-05-02,8.520251146284796,13.915449192550366,22.43570033883516
2023-05-03,3.28270895767629,14.18730415975781,17.4700131174341
2023-05-04,6.169531761582986,14.363028112523073,20.53255987410606
2023-05-05,4.640454174268969,12.769883610075878,17.410337784344847
2023-05-08,3.500687267324569,13.632443439578221,17.13313070690279
2023-05-09,3.266726255558593,13.381455455456015,16.648181711014608
2023-05-10,3.1350248476270846,13.693194889561225,16.82821973718831
2023-05-11,9.488956630987246,13.859975176904914,23.34893180789216
2023-05-12,4.3220228335488375,12.0823369878914,16.404359821440238
2023-05-15,4.6900973694159624,12.21017077082335,16.900268140239312
2023-05-16,17.61136167534806,11.534026173627314,29.145387848975375
2023-05-17,2.3719379428372545,13.46385043307268,15.835788375909935
2023-05-18,12.90537876001763,21.834018098678282,34.73939685869591
2023-05-19,3.6067579004020285,10.974190962101725,14.580948862503753
2023-05-22,2.6932745445494906,12.178302017115314,14.871576561664805
2023-05-23,2.701913199424183,12.165874386697368,14.867787586121551
2023-05-24,1.2036680039626386,14.877111286709935,16.080779290672574
2023-05-25,1.5429720801228548,14.29046015529638,15.833432235419235
2023-05-26,2.265842606573317,13.052343109417503,15.31818571599082
2023-05-29,2.2722940376456453,13.031997439970594,15.304291477616239
2023-05-30,1.960240110793821,12.702612917917286,14.662853028711107
2023-05-31,1.1367179053440548,14.132566135241003,15.269284040585058
2023-06-01,2.6055289729838353,12.829049449287295,15.43457842227113
2023-06-02,2.3866029442963352,12.107142162044767,14.493745106341102
2023-06-05,1.333125024369675,13.066672401549125,14.3997974259188
2023-06-06,2.500795116449865,11.895453617661305,14.39624873411117
2023-06-07,2.258447849232379,11.799193605556237,14.057641454788616
2023-06-08,2.5804716516456576,11.475731768836765,14.056203420482422
2023-06-09,2.954028915138869,10.936484337626677,13.890513252765546
2023-06-12,4.017909546166127,9.839572187614525,13.857481733780652
2023-06-13,3.7217006430831763,9.893939507861385,13.61564015094456
2023-06-14,3.6924775488986814,9.86525169002435,13.55772923892303
2023-06-15,3.8280026773318276,9.880833327244156,13.708836004575984
2023-06-16,3.7028960094802645,9.986963841156442,13.689859850636706
2023-06-19,3.6858803420110355,10.005487163914372,13.691367505925408
2023-06-20,3.3083042102960913,10.455384299797931,13.763688510094022
2023-06-21,3.4761791638293236,10.2757791058041,13.751958269633423
2023-06-22,3.1987558808437697,11.029307754220744,14.228063635064514
2023-06-23,3.6002929518480524,10.691815326291335,14.292108278139388
2023-06-26,3.208702232558803,11.081439859849265,14.290142092408068
2023-06-27,2.6177116606207775,11.208427809188397,13.826139469809174
2023-06-28,3.440928706611478,10.437697031013766,13.878625737625244
2023-06-29,3.2751254601195576,10.181217205485332,13.45634266560489
2023-06-30,3.0610840316514736,9.856768978592994,12.917853010244468
2023-07-03,3.0477735433627284,9.945515367122375,12.993288910485104
2023-07-04,2.891371567538174,10.093684233201055,12.985055800739229
2023-07-05,2.7762063649471855,10.820410521554532,13.596616886501717
2023-07-06,2.436604704578677,12.507411886794209,14.944016591372886
2023-07-07,2.674857274226383,11.853310337734053,14.528167611960436
2023-07-10,1.276665968786098,13.053798621599677,14.330464590385775
2023-07-11,1.8640741089987962,12.270130180243088,14.134204289241884
2023-07-12,1.9486129144035118,11.482802518621778,13.43141543302529
2023-07-13,2.4047448473038973,11.048328893462388,13.453073740766285
2023-07-14,2.6031137648003266,10.896958002006635,13.500071766806961
2023-07-17,2.117344486997359,11.667973754914971,13.78531824191233
2023-07-18,2.093848203252991,11.409593199634275,13.503441402887265
2023-07-19,2.4201499187037427,11.132691996170374,13.552841914874117
2023-07-20,2.2080200996702306,11.408504200381632,13.616524300051863
2023-07-21,2.5627840007765244,10.754975474049125,13.31775947482565
2023-07-24,2.4030722726456997,10.93523753120656,13.33830980385226
2023-07-25,2.708660939248336,10.974323049183072,13.682983988431408
2023-07-26,2.491321529294119,11.265995745974966,13.757317275269084
2023-07-27,2.6985753857291126,10.615497052251577,13.31407243798069
2023-07-28,2.6055780613505597,10.614876665343088,13.220454726693648
2023-07-31,1.9422090908578618,11.694790645501156,13.636999736359018
2023-08-01,1.5571580217681404,12.612860525872255,14.170018547640396
2023-08-02,0.8763204496296524,14.230261617832326,15.106582067461979
2023-08-03,-0.064966388623791,15.33145948858432,15.26649309996053
2023-08-04,1.0549654810307008,13.816734389245369,14.87169987027607
2023-08-07,1.625494311542658,13.323103723772418,14.948598035315076
2023-08-08,1.0072794924301842,14.49484129403883,15.502120786469014
2023-08-09,1.1497298537001424,13.704451811378405,14.854181665078547
2023-08-10,1.2884933244778356,13.78847465887393,15.076967983351766
2023-08-11,1.0846304072050454,13.863069492141758,14.947699899346803
2023-08-14,1.134243732133644,13.79191425565909,14.926157987792735
2023-08-15,0.3347493442604552,14.432483842079199,14.767233186339654
2023-08-16,0.7374382137121085,14.56784821080227,15.305286424514378
2023-08-17,3.6045310282719214,14.953864562764089,18.55839559103601
2023-08-18,0.31953570606956916,15.683874097289085,16.003409803358654
2023-08-21,0.08768510810534202,15.204706889671845,15.292391997777187
2023-08-22,1.1904878187066927,14.010866756361176,15.20135457506787
2023-08-23,1.1573791638713278,13.955590439640622,15.11296960351195
2023-08-24,1.4250482599586896,13.159786989542393,14.584835249501083
2023-08-25,1.031209926204868,13.563214337234076,14.594424263438944
2023-08-28,1.5733913585608725,13.128834700280963,14.702226058841836
2023-08-29,1.8095058394390655,12.317089470609407,14.126595310048472
2023-08-30,2.0413182781505146,12.120995928021463,14.162314206171978
2023-08-31,2.035305564642348,11.520981849660616,13.556287414302965
2023-09-01,2.0708615604785123,11.391439437168211,13.462300997646723
2023-09-04,1.819009584120872,11.5452695577956,13.364279141916471
2023-09-05,1.6551714596447962,11.676483158283505,13.3316546179283
2023-09-06,1.812057038300809,12.142206054215572,13.954263092516381
2023-09-07,2.020016813138584,12.146774591852093,14.166791404990677
2023-09-08,1.932088886856004,11.788095484013116,13.72018437086912
2023-09-11,2.394213247326377,11.176024788349,13.570238035675377
2023-09-12,2.466560965837136,11.103937149154802,13.570498114991938
2023-09-13,2.4437415341155404,11.525574564746787,13.969316098862327
2023-09-14,2.855702192088593,10.290141931894452,13.145844123983045
2023-09-15,2.8114499627397436,10.364325953523306,13.17577591626305
2023-09-18,0.8855737014192115,13.053533605338766,13.939107306757977
2023-09-19,2.118774544751357,11.784123837778772,13.902898382530129
2023-09-20,2.285782091531299,11.029022012724147,13.314804104255446
2023-09-21,1.693018566180175,12.228837817835277,13.921856384015452
2023-09-22,1.5710238856714795,12.656013519360835,14.227037405032315
2023-09-25,0.8832817052311341,13.910291363955768,14.793573069186902
2023-09-26,1.1015352773471765,13.990829686076136,15.092364963423313
2023-09-27,0.9781847242188668,14.048765696502914,15.02695042072178
2023-09-28,1.293346671206491,13.627485341289539,14.92083201249603
2023-09-29,1.74909122394493,12.504782053662172,14.253873277607102
2023-10-02,1.0777357858313348,13.828821204151579,14.906556989982914
2023-10-03,0.8387343609111433,14.602644615059713,15.441378975970856
2023-10-04,1.1098080273350241,14.640814956759938,15.750622984094962
2023-10-05,1.2752983577791284,14.04889401656784,15.324192374346968
2023-10-06,1.275450727708579,14.04822297011075,15.323673697819329
2023-10-09,0.9851966758705579,14.768488691006452,15.75368536687701
2023-10-10,1.3538204705997412,13.632784977112482,14.986605447712224
2023-10-11,1.4914799236385257,13.100338125324212,14.591818048962738
2023-10-12,1.7907082262725886,12.593895989521183,14.384604215793772
2023-10-13,0.5950770143376847,14.462470708575943,15.057547722913627
2023-10-16,1.0999835056033476,14.062168165089941,15.162151670693289
2023-10-17,0.7011965049005067,14.67443630992769,15.375632814828197
2023-10-18,-2.818605561892749,18.958014589706725,16.139409027813976
2023-10-19,0.7144418360667135,15.405345268537696,16.11978710460441
2023-10-20,-0.14926758456728706,17.127173015594817,16.97790543102753
2023-10-23,0.20824006976586773,17.079906092660725,17.288146162426592
2023-10-24,0.3320592622676486,16.29124879745697,16.623308059724618
2023-10-25,0.33192026954213105,16.291459199170628,16.62337946871276
2023-10-26,0.14960521660592363,16.597212997759847,16.74681821436577
2023-10-27,0.5189084556865318,16.046778483591503,16.565686939278034
2023-10-30,0.004019130681026439,16.431574596418226,16.435593727099253
2023-10-31,0.5028892233163944,15.388563598630553,15.891452821946947
2023-11-01,1.504872719755335,13.85859243413762,15.363465153892955
2023-11-02,2.1093720278875576,12.979650960063113,15.08902298795067
2023-11-03,2.317282143673536,12.264358568232499,14.581640711906035
2023-11-06,1.4857320352422487,12.877567383044441,14.36329941828669
2023-11-07,2.1669110755654195,11.874150071003356,14.041061146568776
2023-11-08,1.8403608027769778,12.003213516370922,13.8435743191479
2023-11-09,1.8400138251018614,12.006164192889031,13.846178017990892
2023-11-10,2.338486785962914,11.49572237430625,13.834209160269165
2023-11-13,2.2434481345023354,11.31259894951404,13.556047084016376
2023-11-14,-0.36538221746543087,13.792448128505368,13.427065911039938
2023-11-15,3.376193292241453,11.15439135261966,14.530584644861113
2023-11-16,-5.62062690217906,19.757520319436903,14.136893417257843
2023-11-17,2.0165310023812086,10.809079328747345,12.825610331128553
2023-11-20,2.0381846905529795,10.749050722567874,12.787235413120854
2023-11-21,2.1140111667254065,10.756685624623822,12.870696791349229
2023-11-22,2.347236487645775,10.4555283136583,12.802764801304075
2023-11-23,2.400752413382852,10.488636715848674,12.889389129231526
2023-11-24,2.167458521307177,10.616152677560255,12.783611198867431
2023-11-27,2.021653936504576,11.155146489440355,13.176800425944931
2023-11-28,2.2929278739868373,11.000874404539228,13.293802278526066
2023-11-29,1.7056937762478803,11.332782547939784,13.038476324187664
2023-11-30,1.7303710574521567,11.166981001765944,12.8973520592181
2023-12-01,1.9598010334035862,10.570800778559324,12.53060181196291
2023-12-04,2.348887523022574,10.685963303988078,13.034850827010652
2023-12-05,2.311361509685147,10.719693902187819,13.031055411872966
2023-12-06,1.6056963163294569,11.14237455122037,12.748070867549826
2023-12-07,1.619205688905577,11.294346982469165,12.913552671374742
2023-12-08,1.5576279487145754,10.99993070535548,12.557558654070055
2023-12-11,2.515938910694416,10.120208343583128,12.636147254277544
2023-12-12,2.783167252000357,9.762716385246625,12.545883637246982
2023-12-13,2.6214127943642023,9.981307551250731,12.602720345614934
2023-12-14,2.455527945075703,9.862976200671017,12.31850414574672
2023-12-15,2.9105581538001317,9.561228789370746,12.471786943170878
2023-12-18,3.184157704661562,9.743026396226645,12.927184100888207
2023-12-19,2.7004201450732346,9.76971640019942,12.470136545272654
2023-12-20,3.399534935242343,9.517503013434814,12.917037948677157
2023-12-21,2.9392219527659513,10.341297989600976,13.280519942366928
2023-12-22,3.3849739140325514,10.095221563835983,13.480195477868534
2023-12-25,3.221741353942864,10.245408612249882,13.467149966192746
2023-12-26,1.6811909292201879,11.686833028694085,13.368023957914273
2023-12-27,3.142016888206266,10.218296129433444,13.36031301763971
2023-12-28,3.2792699786198956,9.86902532439027,13.148295303010165
2023-12-29,3.1008044355118987,10.238299764286085,13.339104199797983
2024-01-01,3.016542199941002,10.467135511198551,13.483677711139553
2024-01-02,3.023320360116278,10.457148786035779,13.480469146152057
2024-01-03,2.4847771617550567,11.488589350274449,13.973366512029505
2024-01-04,2.8840779059510258,10.55737765058999,13.441455556541015
2024-01-05,2.84662468995435,10.589679264622717,13.436303954577067
2024-01-08,2.853509251525093,10.362327929787202,13.215837181312295
2024-01-09,2.6583349209688496,10.331322895734147,12.989657816702996
2024-01-10,2.6582156849019594,10.33009450241179,12.988310187313749
2024-01-11,2.5700866898634462,10.500937785999382,13.071024475862828
2024-01-12,2.4133570536508735,10.415775695497338,12.829132749148211
2024-01-15,2.4417703916915645,10.429614763500386,12.87138515519195
2024-01-16,2.5399823328000632,10.382664022990443,12.922646355790507
2024-01-17,1.9724478228293112,11.289060742309493,13.261508565138804
2024-01-18,2.499432840686106,10.578230404252286,13.077663244938392
2024-01-19,2.1339991374134843,11.041406372824802,13.175405510238287
2024-01-22,2.194761231453498,10.583594622917587,12.778355854371085
2024-01-23,2.3110706581712446,10.263893191568515,12.57496384973976
2024-01-24,2.0441479871270776,10.495917970954642,12.540065958081719
2024-01-25,2.1466826374742247,10.540224749770244,12.686907387244469
2024-01-26,2.34495754493185,10.407701513915182,12.752659058847032
2024-01-29,2.3767604806730542,10.86336341356285,13.240123894235904
2024-01-30,2.0474410043032396,10.764708781002986,12.812149785306225
2024-01-31,1.9867918955652897,11.026624077006758,13.013415972572048
2024-02-01,2.177892043003734,10.744471444485397,12.92236348748913
2024-02-02,2.5247666892119884,10.459397972282808,12.984164661494797
2024-02-05,2.53323934386011,10.610758319031975,13.143997662892085
2024-02-06,2.579228795592357,10.627640333088536,13.206869128680893
2024-02-07,2.5882188586808503,10.265814554268193,12.854033412949043
2024-02-08,2.1274761484964433,10.824445546274388,12.951921694770832
2024-02-09,1.7455798454213074,11.452370159799225,13.197950005220532
2024-02-12,2.2440414703568976,10.97164323860757,13.215684708964467
2024-02-13,2.3228824421686127,11.466792865337348,13.789675307505961
2024-02-14,1.1890141547980502,11.747751541362407,12.936765696160457
2024-02-15,3.104543130015852,11.363523519397909,14.46806664941376
2024-02-16,2.5960740399420015,10.05352126036249,12.649595300304492
2024-02-19,2.383257486307121,10.37584627998123,12.759103766288352
2024-02-20,3.334560512670361,10.343004083414401,13.677564596084762
2024-02-21,6.63307329038177,10.256091120018219,16.88916441039999
2024-02-22,3.4552328859332917,10.298253395016017,13.753486280949309
2024-02-23,3.276618950128384,10.442131172080014,13.718750122208398
2024-02-26,2.5290701337914214,9.63669561757946,12.16576575137088
2024-02-27,2.713737085189555,10.53365584269505,13.247392927884604
2024-02-28,6.1792116438974265,11.08397342228904,17.263185066186466
2024-02-29,6.565589121745791,11.136045858654267,17.70163498040006
2024-03-01,3.1126678155579004,10.51522838776962,13.62789620332752
2024-03-04,6.74341745492033,11.970310444955459,18.71372789987579
2024-03-05,10.400454723369439,12.269725489792584,22.670180213162023
2024-03-06,10.77084617120491,12.58408117176622,23.35492734297113
2024-03-07,-1.2352555211241754,15.4383959943043,14.203140473180124
2024-03-08,3.0171240068629857,11.38338070159486,14.400504708457845
2024-03-11,5.063567600440662,11.580889973947395,16.644457574388056
2024-03-12,3.9182051853645454,12.927948570741805,16.84615375610635
2024-03-13,12.417410734328564,14.682336527691797,27.09974726202036
2024-03-14,19.295297370219686,19.487768157333555,38.78306552755324
2024-03-15,4.397821730574499,9.589555661651016,13.987377392225515
2024-03-18,2.763603443891503,10.14356232296753,12.907165766859032
2024-03-19,4.385337832675935,9.023801114363918,13.409138947039853
2024-03-20,3.9651270107822345,9.18211172646731,13.147238737249545
2024-03-21,4.042452663253972,9.100137326963068,13.14258999021704
2024-03-22,4.027204151471125,9.027477124304838,13.054681275775962
2024-03-25,3.616643014444291,9.479769591741466,13.096412606185757
2024-03-26,3.4094107525074406,9.326805037255298,12.736215789762738
2024-03-27,3.2349880274658247,8.959414798836109,12.194402826301934
2024-03-28,2.757650885854643,10.488219046506062,13.245869932360705
2024-03-29,3.173998652599174,9.897375339020126,13.0713739916193
2024-04-01,2.8616239120813525,10.369169303348205,13.230793215429557
2024-04-02,2.0638797075252597,11.923256383503212,13.987136091028471
2024-04-03,1.3871980061511788,12.602602569242336,13.989800575393515
2024-04-04,1.2776905465363768,12.111377185762494,13.389067732298871
2024-04-05,0.5362199420645144,13.412464266691087,13.948684208755601
2024-04-08,-0.6548849125956515,15.012098109919142,14.35721319732349
2024-04-09,1.073957841625326,13.078518211694343,14.152476053319669
2024-04-10,7.520419713716894,6.832837175689541,14.353256889406435
2024-04-11,-0.7200333990724204,16.122127102740738,15.402093703668317
2024-04-12,-0.08706089111280946,15.06026603167306,14.97320514056025
2024-04-15,2.9085202843557845,12.00708561737212,14.915605901727904
2024-04-16,-0.45031611441096153,16.18050799738753,15.730191882976568
2024-04-17,0.718045586379576,14.27771370143378,14.995759287813357
2024-04-18,-0.2146495174286258,16.64559583476278,16.430946317334154
2024-04-19,1.674787939814557,13.152891338056863,14.82767927787142
2024-04-22,1.6024563650979484,13.534649592204081,15.13710595730203
2024-04-23,14.590519622090204,10.871208414753047,25.46172803684325
2024-04-24,13.4625977916869,10.740133724383046,24.202731516069946
2024-04-25,17.155211882533443,10.107229757013803,27.262441639547248
2024-04-26,3.290516623431685,11.5180143371479,14.808530960579585
2024-04-29,3.1730567672303387,11.46103201655454,14.634088783784879
2024-04-30,4.8421341045325725,10.184968155193861,15.027102259726433
2024-05-01,2.947915647432156,10.274309351915573,13.222224999347729
2024-05-02,4.104570559883184,10.831931206579462,14.936501766462646
2024-05-03,2.33469973179586,10.473079483092725,12.807779214888585
2024-05-06,1.7506589701249915,11.194159115871068,12.94481808599606
2024-05-07,2.0798508623151957,10.710022988373009,12.789873850688204
2024-05-08,2.3994139737219697,10.49900311754858,12.89841709127055
2024-05-09,2.190560183661848,10.313528530354647,12.504088714016495
2024-05-10,2.0710020636601705,10.429433381923365,12.500435445583536
2024-05-13,2.1639513275894817,10.41397122837837,12.577922555967852
2024-05-14,2.19291227798343,10.231685854167702,12.424598132151132
2024-05-15,2.798038386640197,9.25142594531661,12.049464331956807
2024-05-16,2.663693978717454,9.28459117600961,11.948285154727063
2024-05-17,2.823247319431168,9.118767913035628,11.942015232466796
2024-05-20,2.190220591102449,9.693836192758958,11.884056783861407
2024-05-21,2.836629097217255,9.069926795739473,11.906555892956728
2024-05-22,1.7896386803825095,10.19202669165541,11.98166537203792
2024-05-23,2.0261546816447904,10.107246943279652,12.133401624924442
2024-05-24,2.3540679388371792,9.67456340263545,12.028631341472629
2024-05-27,2.1048040185914534,10.105648268715155,12.210452287306609
2024-05-28,1.1685755948923173,11.186682904630278,12.355258499522595
2024-05-29,1.710827139849215,10.951784441264149,12.662611581113364
2024-05-30,1.5073121464592631,10.857050537181067,12.36436268364033
2024-05-31,1.2583518046573339,11.236432087185168,12.494783891842502
2024-06-03,1.6943186734157258,10.584809907153685,12.279128580569411
2024-06-04,1.3005401397083443,11.320913993181678,12.621454132890022
2024-06-05,1.7419426843734964,10.60753800666725,12.349480691040746
2024-06-06,1.698134579699703,10.250951818702106,11.949086398401809
2024-06-07,1.8063375913443274,10.192719949447113,11.99905754079144
2024-06-10,1.027580186811111,11.373642983488299,12.40122317029941
2024-06-11,0.4359770449964948,12.321954699941571,12.757931744938066
2024-06-12,0.6125818281435311,11.686119652719944,12.298701480863475
2024-06-13,0.3394149535733373,12.67840218758025,13.017817141153587
2024-06-14,-0.3574910942870009,14.41514840442759,14.05765731014059
2024-06-17,-0.2982633625099531,13.97875341022354,13.680490047713587
2024-06-18,0.04618367414382085,13.015620317546153,13.061803991689974
2024-06-19,0.04433141087917569,13.008332772361697,13.052664183240873
2024-06-20,0.5351608674597976,12.322216613953332,12.85737748141313
2024-06-21,0.29765998514357506,13.037165658104671,13.334825643248246
2024-06-24,0.6735531428263091,12.319920230176045,12.993473373002354
2024-06-25,0.6879685557979816,12.576285739622653,13.264254295420635
2024-06-26,0.3265569235785666,12.971346082375945,13.297903005954511
2024-06-27,0.42926690605486684,12.903850532336536,13.333117438391403
2024-06-28,0.9923570429570638,12.369929403184047,13.36228644614111
2024-07-01,1.9326972478195827,10.599797165534945,12.532494413354527
2024-07-02,1.8342646712943207,10.719606107345655,12.553870778639975
2024-07-03,2.131045822819493,10.000266813536964,12.131312636356457
2024-07-04,1.991017402160825,10.031186077439843,12.022203479600668
2024-07-05,2.1944057870058415,9.932198320647394,12.126604107653236
2024-07-08,2.533524905152351,9.552754482969634,12.086279388121985
2024-07-09,2.4935088047938443,10.26597661563701,12.759485420430854
2024-07-10,2.199439521483889,9.880585742323154,12.080025263807043
2024-07-11,2.316212175217016,9.838878090880417,12.155090266097433
2024-07-12,2.9174707703492153,9.2563393697598,12.173810140109016
2024-07-15,2.375186144003928,9.846638958407535,12.221825102411463
2024-07-16,2.330135782703975,10.136681046180525,12.4668168288845
2024-07-17,1.9316979002180101,10.57259062438381,12.50428852460182
2024-07-18,1.6546477432959144,10.99223051023067,12.646878253526584
2024-07-19,1.66825421487445,11.47914258481633,13.14739679969078
2024-07-22,0.3454114086078608,12.388370002814105,12.733781411421965
2024-07-23,0.34465213576666187,12.390046277762998,12.73469841352966
2024-07-24,1.3923068150802855,11.659123113831878,13.051429928912164
2024-07-25,1.3021617085550652,12.016194182091379,13.318355890646444
2024-07-26,1.1614669271853053,11.927397409195413,13.088864336380718
2024-07-29,1.5928200393701708,11.713810538619768,13.306630577989939
2024-07-30,1.6733046051918574,11.464082103233936,13.137386708425794
2024-07-31,2.092736530131676,10.84417444862831,12.936910978759986
2024-08-01,1.4620226116706743,12.437117109628684,13.899139721299358
2024-08-02,-0.6115799089453091,16.245907117932163,15.634327208986853
2024-08-05,-3.530827401164629,21.29473472730267,17.763907326138042
2024-08-06,-2.3299970327827815,18.95955431993434,16.62955728715156
2024-08-07,-1.0737669144446471,16.35838006590816,15.284613151463514
2024-08-08,-1.5034394672227123,17.072093025855413,15.5686535586327
2024-08-09,-0.6807656015036603,15.945761554168994,15.264995952665334
2024-08-12,-0.5655432363996056,15.434722610677493,14.869179374277888
2024-08-13,0.623546666713672,13.60914839712685,14.232695063840522
2024-08-14,1.3329076583295052,12.29162853207602,13.624536190405525
2024-08-15,1.6297416564585774,11.453491813963868,13.083233470422446
2024-08-16,1.7614095083562358,11.480800921275321,13.242210429631557
2024-08-19,1.5504950612088368,11.53058232710899,13.081077388317826
2024-08-20,1.493707781550249,11.927868909060907,13.421576690611156
2024-08-21,1.5335123721309483,11.715911787239342,13.24942415937029
2024-08-22,1.5616743515167073,11.853173411353511,13.414847762870219
2024-08-23,1.44352117505656,11.766143999262944,13.209665174319504
2024-08-26,1.707721140366175,11.541752400674163,13.249473541040338
2024-08-27,1.5228277063402107,11.641671356331026,13.164499062671236
2024-08-28,1.9213504846001985,11.214957685930207,13.136308170530405
2024-08-29,2.0470075844878544,11.05162157722364,13.098629161711495
2024-08-30,1.9246997745587482,11.13640363984998,13.061103414408729
2024-09-02,2.3085986200527415,10.857486418863859,13.1660850389166
2024-09-03,1.7694492687955652,12.127255054690671,13.896704323486237
2024-09-04,1.7694613064753657,12.126728583125757,13.896189889601123
2024-09-05,0.5888107840882544,13.857619816012958,14.446430600101213
2024-09-06,-0.04987317083436871,15.174826443365696,15.124953272531327
2024-09-09,0.5117867823295015,14.037885854132051,14.549672636461553
2024-09-10,0.9072273163047875,13.444182828287962,14.35141014459275
2024-09-11,0.5298961255415406,13.703327295197015,14.233223420738556
2024-09-12,0.19061860448635315,13.988165254650486,14.17878385913684
2024-09-13,0.7405425895739608,13.04008044562495,13.78062303519891
2024-09-16,1.2655856920688358,12.56913880732233,13.834724499391166
2024-09-17,1.794535579511761,11.817204938787198,13.611740518298959
2024-09-18,1.1969686555687762,12.649076452551785,13.846045108120562
2024-09-19,1.9494209561021112,11.412084892945936,13.361505849048047
2024-09-20,1.9520829290474033,11.584579115240428,13.536662044287832
2024-09-23,2.0026776876147263,11.78606361986006,13.788741307474787
2024-09-24,2.2744402574433806,11.470714009422469,13.74515426686585
2024-09-25,2.288790597422622,11.64129665818376,13.930087255606383
2024-09-26,2.28703895415879,11.647000756274181,13.934039710432971
2024-09-27,3.014240783316742,10.782404583453982,13.796645366770724
2024-09-30,2.6815389427076237,11.698718201729374,14.380257144436998
2024-10-01,2.6802157579459855,11.702383856885943,14.382599614831928
2024-10-02,0.9050544021374112,13.733479036830465,14.638533438967876
2024-10-03,0.23300040007030454,14.899394059983445,15.13239446005375
2024-10-04,0.6183527390293229,14.161276740229074,14.779629479258396
2024-10-07,0.5748465981425817,14.140713799543894,14.715560397686476
2024-10-08,0.42704826747540636,14.443879165039341,14.870927432514748
2024-10-09,0.6513271746820379,13.70778187570824,14.359109050390279
2024-10-10,0.7595571568776798,13.679099305254905,14.438656462132585
2024-10-11,1.244180674693455,13.142530186080439,14.386710860773894
2024-10-14,1.0111871252321443,12.978172037551536,13.98935916278368
2024-10-15,1.2485509302674966,12.436172568411944,13.68472349867944
2024-10-16,0.6840682964239377,13.481464183770314,14.165532480194251
2024-10-17,0.9845235427315,12.624716016036302,13.609239558767802
2024-10-18,1.3356712803457427,11.992316728133174,13.327988008478917
2024-10-21,0.682716985524646,12.786955234569094,13.46967222009374
2024-10-22,0.6105649670575612,13.122325689353778,13.732890656411339
2024-10-23,0.5292592970952157,13.207950200871188,13.737209497966404
2024-10-24,0.5555296000488443,13.314967640517503,13.870497240566348
2024-10-25,0.5480998812705948,13.280874259897935,13.82897414116853
2024-10-28,0.26995807787331394,12.942415850458636,13.21237392833195
2024-10-29,0.43936275172557515,12.844371728285761,13.283734480011336
2024-10-30,-0.05489723057661777,13.679040202425341,13.624142971848723
2024-10-31,-0.6182313496704417,14.889874520617266,14.271643170946824
2024-11-01,-1.1331591091980169,14.56074331091411,13.427584201716092
2024-11-04,-1.03427964671239,14.842985735829311,13.80870608911692
2024-11-05,-0.5342926935409338,14.443804732541013,13.909512039000079
2024-11-06,0.08699089110284497,13.410781672689659,13.497772563792504
2024-11-07,1.0365825416385963,12.01648750415696,13.053070045795556
2024-11-08,1.0891481258657318,12.05328294158408,13.142431067449811
2024-11-11,1.193392338348291,11.725650002473023,12.919042340821314
2024-11-12,0.8028114346656814,12.372865372565709,13.17567680723139
2024-11-13,0.5584534099538097,13.087246259043736,13.645699668997546
2024-11-14,0.5054122581309297,12.905678926554307,13.411091184685237
2024-11-15,0.6254278994903437,12.84923330310474,13.474661202595083
2024-11-18,0.5954737729972539,13.020289317444123,13.615763090441376
2024-11-19,0.012491998347739397,13.8428737667928,13.85536576514054
2024-11-20,-0.3653134348975797,14.447854364384543,14.082540929486964
2024-11-21,0.3826195971125941,13.579189711369713,13.961809308482307
2024-11-22,0.777719837976818,12.674818772354504,13.452538610331322
2024-11-25,1.0570013101825566,12.12704766229867,13.184048972481227
2024-11-26,1.1618962191340305,12.153693487445647,13.315589706579678
2024-11-27,0.9490238415045145,12.54008810038667,13.489111941891185
2024-11-28,0.934543759285015,12.223579752088225,13.15812351137324
2024-11-29,0.9119234713405806,11.965169249146783,12.877092720487363
2024-12-02,0.9648488027018196,12.002784466457307,12.967633269159126
2024-12-03,1.8275595250873469,11.015745431908538,12.843304956995885
2024-12-04,1.4163197136404015,11.278397141947224,12.694716855587625
2024-12-05,1.5715085599863254,11.266295988357536,12.837804548343861
2024-12-06,1.876290484695657,10.931959125185083,12.80824960988074
2024-12-09,-0.5822656227654637,13.36349852848208,12.781232905716616
2024-12-10,1.14046884081632,11.88304379749791,13.02351263831423
2024-12-11,1.4558953425617958,11.259755217141908,12.715650559703704
2024-12-12,2.05692288529759,10.853504417968288,12.910427303265879
2024-12-13,1.8796407247037052,11.330461097837413,13.210101822541118
2024-12-16,2.4497354513937335,10.885374001330526,13.335109452724259
2024-12-17,2.5303277302964045,10.923007717732764,13.453335448029168
2024-12-18,2.5393952773669497,10.952802447600703,13.492197724967653
2024-12-19,2.544225682072179,11.598546656645862,14.142772338718041
2024-12-20,0.22024874497483893,14.775010385446857,14.995259130421696
2024-12-23,0.9952596841267312,12.789111359478353,13.784371043605084
2024-12-24,1.228692375784421,12.517302156626814,13.745994532411235
2024-12-25,1.2232648246816602,12.519519299754423,13.742784124436083
2024-12-26,1.2805486093584584,12.459786052577988,13.740334661936446
2024-12-27,1.1702925398063524,12.443899479257684,13.614192019064037
2024-12-30,1.137894098992227,12.653917737474401,13.791811836466628
2024-12-31,1.430866805084806,11.775499753164643,13.20636655824945
2025-01-01,1.3647265626425167,11.842946659840388,13.207673222482905
2025-01-02,1.0090427915283442,12.771467088724528,13.780509880252872
2025-01-03,1.472015853205363,12.641765571944905,14.113781425150268
2025-01-06,1.7340687581340966,11.94773379335617,13.681802551490266
2025-01-07,1.7064517515684194,11.854379290452322,13.560831042020741
2025-01-08,1.4048251404100611,12.454762482796648,13.859587623206709
2025-01-09,1.3898493409187545,12.39351856381622,13.783367904734975
2025-01-10,1.3880320804932076,12.999673191059607,14.387705271552814
2025-01-13,1.0862716567353115,13.452613711751207,14.538885368486518
2025-01-14,1.2679649677446339,12.995866577951615,14.263831545696249
2025-01-15,1.6432572961756353,11.894239998706922,13.537497294882558
2025-01-16,1.5299851502119655,11.649378896506384,13.17936404671835
2025-01-17,1.3895765791915835,11.701121122579709,13.090697701771292
2025-01-20,0.6217528502541718,12.339464527284795,12.961217377538967
2025-01-21,1.5014283456844897,11.160363518589854,12.661791864274344
2025-01-22,1.536883786822747,10.966088200010105,12.502971986832852
2025-01-23,1.5970493927284775,10.909921077618007,12.506970470346484
2025-01-24,1.9299932675721152,10.661193896588282,12.591187164160397
2025-01-27,1.332605129454958,11.502857917992097,12.835463047447055
2025-01-28,1.5122308937427782,11.024078096919325,12.536308990662103
2025-01-29,1.5400674345977858,10.901250668377946,12.441318102975732
2025-01-30,1.504861077759701,10.746209709008905,12.251070786768606
2025-01-31,1.7404069557539987,10.746394606845225,12.486801562599224
2025-02-03,0.6462356749600762,12.16341117138897,12.809646846349047
2025-02-04,1.2496701320304968,11.52066191579139,12.770332047821887
2025-02-05,1.522768462967825,11.22414382903786,12.746912292005685
2025-02-06,1.4852820566657279,10.924671508820975,12.409953565486703
2025-02-07,1.3244129251011039,11.476127534525403,12.800540459626507
2025-02-10,1.2834190916890282,11.361214975746158,12.644634067435186
2025-02-11,1.1811178512903453,11.392160720999241,12.573278572289587
2025-02-12,1.3027687068772824,11.29433426541234,12.597102972289623
2025-02-13,0.9457281358080643,11.75248421825831,12.698212354066374
2025-02-14,1.355048447357646,11.474622809887425,12.82967125724507
2025-02-17,1.0909855089608094,11.71512605673583,12.80611156569664
2025-02-18,1.451631906511551,11.40531442960465,12.8569463361162
2025-02-19,0.41196517539807687,13.012694739284921,13.424659914682998
2025-02-20,0.575706490700254,12.70598809530403,13.281694586004283
2025-02-21,0.7238622485863946,12.518569937455853,13.242432186042247
2025-02-24,-0.4865378815227839,13.486923813136068,13.000385931613284
2025-02-25,0.04311238837610176,13.158796485319677,13.201908873695778
2025-02-26,0.11769869568382418,13.05248036222092,13.170179057904743
2025-02-27,0.11700411497735352,13.053277271152924,13.170281386130277
2025-02-28,0.45909315300786524,13.179993926057069,13.639087079064934
2025-03-03,0.9941941521675925,12.689011249979277,13.68320540214687
2025-03-04,0.10167096258411235,14.8690014121265,14.970672374710613
2025-03-05,-0.31657824776871735,14.780374914549146,14.463796666780429
2025-03-06,-0.4598649216172177,14.785003674135211,14.325138752517994
2025-03-07,-0.8620223849798521,15.489709693234449,14.627687308254597
2025-03-10,-1.7057154049572567,16.30259522678758,14.596879821830324
2025-03-11,-1.8829271805557681,16.825822256871653,14.942895076315885
2025-03-12,-1.0663005271311832,15.564663120632199,14.498362593501016
2025-03-13,-0.8416987484673708,15.189759906619985,14.348061158152614
2025-03-14,-0.26226405681385145,14.138887853560272,13.87662379674642
2025-03-17,-0.11804604253170048,13.523250379407331,13.40520433687563
2025-03-18,0.1422072372933343,13.31470421783319,13.456911455126525
2025-03-19,0.4434478744407091,12.945218349954088,13.388666224394797
2025-03-20,0.5713930343049505,12.80960629576772,13.38099933007267
2025-03-21,0.3023269291257211,13.289488131196702,13.591815060322423
2025-03-24,0.5405994882913348,12.685159463775866,13.225758952067201
2025-03-25,0.9998629480562009,12.005982309728243,13.005845257784443
2025-03-26,0.7511227133217506,12.79371494160465,13.5448376549264
2025-03-27,0.11408027201932747,13.524448011440645,13.638528283459973
2025-03-28,0.29031844637508897,14.1601004447803,14.450418891155389
2025-03-31,0.6005842633917808,14.660201055613356,15.260785319005137
2025-04-01,0.5058363081053407,14.189068132071792,14.694904440177133
2025-04-02,0.5512059168251149,14.638899164219499,15.190105081044614
2025-04-03,-0.405777960131374,16.825593222665383,16.41981526253401
2025-04-04,-6.454555898767481,26.117335738212873,19.662779839445392
2025-04-07,-10.795316313819498,32.970050565342135,22.174734251522636
2025-04-08,-6.508318442135106,26.30006818689314,19.791749744758032
2025-04-09,-12.698072797241473,36.237033349263385,23.538960552021912
2025-04-10,-6.661045561175943,27.083074499199704,20.42202893802376
2025-04-11,-8.792311636990213,31.006481608354786,22.214169971364573
2025-04-14,-3.0819192949773857,22.298376571418164,19.216457276440778
2025-04-15,-2.008814886570015,19.821686372487573,17.812871485917558
2025-04-16,-2.066782386442334,20.241900858319635,18.1751184718773
2025-04-17,-1.7864313901621003,19.896856167438337,18.110424777276236
2025-04-18,-1.489301396480741,19.82526079681227,18.33595940033153
2025-04-21,-1.2007940763583562,19.48978831806,18.288994241701644
2025-04-22,-1.6347848547730592,20.038827358028776,18.404042503255717
2025-04-23,-1.3581437942233912,19.21568884023114,17.85754504600775
2025-04-24,-0.5886305925468811,18.026249985739515,17.437619393192634
2025-04-25,0.1562202514558777,16.99155112367217,17.14777137512805
2025-04-28,-0.1904180036988805,17.277766044718142,17.08734804101926
2025-04-29,0.20128719716715437,16.720530610343577,16.92181780751073
2025-04-30,0.21406439274131017,16.72608229578122,16.940146688522532
2025-05-01,0.5895288435970159,16.58801216027296,17.177541003869976
2025-05-02,0.57837038522905,16.58305012756384,17.16142051279289
2025-05-05,1.0261671209036418,15.084521912440954,16.110689033344595
2025-05-06,0.8524351150757745,15.639638665327254,16.49207378040303
2025-05-07,0.43213496496028725,16.380477254905024,16.81261221986531
2025-05-08,0.7210043060785178,15.702421684004344,16.423425990082862
2025-05-09,0.8471561989800005,15.501875751534866,16.349031950514867
2025-05-12,1.1339361236788967,14.078005999959101,15.211942123637998
2025-05-13,1.8040594235356266,12.578538547504955,14.382597971040582
2025-05-14,1.4371334215645355,13.145582769036226,14.582716190600761
2025-05-15,1.52158345497301,12.899490425115149,14.421073880088159
2025-05-16,1.586727104828542,12.650581964926259,14.2373090697548
2025-05-19,1.3190001669751972,13.123794700204556,14.442794867179753
2025-05-20,1.5557133817611835,12.997993493404431,14.553706875165615
2025-05-21,1.5990575084539973,12.881095518105425,14.480153026559423
2025-05-22,1.1805204725754965,14.00141959639473,15.181940068970226
2025-05-23,-1.441265484693762,17.803257368414158,16.361991883720396
2025-05-26,0.28969622599385225,14.964683263047096,15.254379489040948
2025-05-27,0.21988210490196103,15.022193649544736,15.242075754446697
2025-05-28,0.6358382004328451,14.451168544893658,15.087006745326503
2025-05-29,0.993883406797142,14.127641480058756,15.121524886855898
2025-05-30,0.9870544194531163,14.221557418469914,15.20861183792303
2025-06-02,0.6236877805913537,14.797583055223154,15.421270835814507
2025-06-03,1.047668326468063,13.909676625843137,14.9573449523112
2025-06-04,1.1802195917434108,13.618897876948106,14.799117468691517
2025-06-05,1.4502953747594276,13.282337681772974,14.732633056532402
2025-06-06,1.7090772746108591,12.738592986817338,14.447670261428197
2025-06-09,1.5529353311124172,12.865082902739783,14.4180182338522
2025-06-10,1.5611286852451833,12.792996230251699,14.354124915496882
2025-06-11,1.6496323762418648,12.621536409643177,14.271168785885042
2025-06-12,0.8605677192523764,13.934353548187472,14.794921267439848
2025-06-13,-0.15202014229599747,15.672127542358169,15.520107400062171
2025-06-16,0.1282849005093567,14.861879513738463,14.99016441424782
2025-06-17,-0.6422747892867928,16.038583003222538,15.396308213935745
2025-06-18,-0.9053457011484625,16.531632743116965,15.626287041968503
2025-06-19,-1.9398717122357851,18.048230862960782,16.108359150724997
2025-06-20,-0.42734469702427447,15.768088929133098,15.340744232108824
2025-06-23,-0.70030982884054,16.281180668571064,15.580870839730524
2025-06-24,0.6809122640319245,13.84273024069374,14.523642504725665
2025-06-25,0.49930664593099117,13.989098390118546,14.488405036049537
2025-06-26,0.5839646765906092,13.670029817007629,14.253994493598238
2025-06-27,1.531625793868752,12.665643799097353,14.197269592966105
2025-06-30,1.0626030969746054,13.068046363761928,14.130649460736533
2025-07-01,1.0809788348738785,12.966426565991945,14.047405400865824
2025-07-02,0.7460196828436967,13.334632508653923,14.08065219149762
2025-07-03,1.0343269514823845,12.870058923914426,13.90438587539681
2025-07-04,0.16435741133343917,14.007811975081106,14.172169386414545
2025-07-07,0.5823132619776352,13.53648970378327,14.118802965760905
2025-07-08,1.2187224114152944,12.764025269393164,13.982747680808458
2025-07-09,1.4209833356964268,12.105535306461048,13.526518642157475
2025-07-10,1.92536175523143,11.636081332875348,13.561443088106778
2025-07-11,1.503735592274749,12.595175729427291,14.09891132170204
2025-07-14,1.1871186474676598,13.027326138856091,14.214444786323751
2025-07-15,1.0302488429581675,13.262202185154756,14.292451028112923
2025-07-16,0.7796441595306458,13.605805726183624,14.38544988571427
2025-07-17,1.1758766197978474,13.04816954992773,14.224046169725577
2025-07-18,1.1989329775969342,13.081864538789636,14.28079751638657
2025-07-21,1.1714868235482996,12.981712664216062,14.153199487764361
2025-07-22,0.6623956609649095,13.667660620963911,14.33005628192882
2025-07-23,0.8096171336459452,13.488032325638713,14.297649459284658
2025-07-24,1.1414051336280036,12.696688844114576,13.838093977742579
2025-07-25,1.131855389689445,12.955433609777378,14.087288999466823
2025-07-28,1.3127331090951841,12.41883588745849,13.731568996553674
2025-07-29,1.7286646388782394,11.841579595900527,13.570244234778766
2025-07-30,1.5633895123266264,11.808570452477715,13.371959964804342
2025-07-31,1.346306907023699,12.455007857585658,13.801314764609357
2025-08-01,-0.18860117185798053,15.33520663759716,15.14660546573918
2025-08-04,0.3356469035663654,14.003510832992786,14.339157736559152
2025-08-05,0.6574007842762999,13.644721465020728,14.302122249297028
2025-08-06,0.8743781854656394,13.414457605290304,14.288835790755943
2025-08-07,0.8954974394126598,13.198187419779508,14.093684859192168
2025-08-08,1.3842090862512801,12.410014205801497,13.794223292052777
2025-08-11,1.0115446992359196,12.86060118569788,13.872145884933799
2025-08-12,1.611504915723959,11.758791375593526,13.370296291317485
2025-08-13,1.7244603833528043,11.634410190812698,13.358870574165502
2025-08-14,1.7745145018750819,11.562535555503882,13.337050057378963
2025-08-15,1.7078010801727181,11.532036567261473,13.239837647434191
2025-08-18,1.2919889739466832,12.046983580385138,13.338972554331821
2025-08-19,1.5970843668352508,11.608715136653696,13.205799503488947
2025-08-20,1.5140464768089075,11.905190657558057,13.419237134366965
2025-08-21,1.4894255876083893,11.928093263093592,13.417518850701981
2025-08-22,1.9031304058216225,11.058412122410262,12.961542528231885
2025-08-25,1.880437086526669,11.44316212498078,13.32359921150745
2025-08-26,1.5310975815631096,12.206855941221455,13.737953522784565
2025-08-27,1.731430707209464,11.985680929714896,13.71711163692436
2025-08-28,2.243200452040881,11.406112806586036,13.649313258626917
2025-08-29,2.1126792847144564,11.701826449932556,13.814505734647012
2025-09-01,2.027612232221836,11.835985664475638,13.863597896697474
2025-09-02,0.7193445513799404,13.718423852043921,14.437768403423862
2025-09-03,1.5022091650877876,12.53537385119475,14.037583016282538
2025-09-04,1.547042600379534,11.812369718244469,13.359412318624003
2025-09-05,1.42376304374368,12.471504403486918,13.895267447230598
2025-09-08,1.4684147600301944,11.929750564683546,13.39816532471374
2025-09-09,1.592201154143357,11.776427874728165,13.368629028871522
2025-09-10,1.64206761967014,11.772910128829208,13.414977748499348
2025-09-11,1.9564315207190806,11.227894383363836,13.184325904082916
2025-09-12,1.9625018699424928,11.230632056622984,13.193133926565476
2025-09-15,1.9832512792436674,11.261282131594669,13.244533410838336
2025-09-16,2.275416840411763,10.908486839831193,13.183903680242956
2025-09-17,1.5592127228452508,11.97912124961827,13.538333972463521
2025-09-18,2.0629506530228525,11.029375569831842,13.092326222854695
2025-09-19,2.071106341478462,11.121197921268001,13.192304262746463
2025-09-22,1.8811961891540534,11.65777852284737,13.538974712001423
2025-09-23,1.9654702443615815,11.581910621573035,13.547380865934617
2025-09-24,2.0726032388580506,11.59011789116782,13.66272113002587
2025-09-25,1.7684272557356575,12.1354431298144,13.903870385550057
2025-09-26,1.9071722046632136,11.789580726947914,13.696752931611128
2025-09-29,2.288381592815993,11.242978878468827,13.53136047128482
2025-09-30,2.1978998622823482,11.440714358319502,13.63861422060185
2025-10-01,2.145928165683827,11.373307196803262,13.51923536248709
2025-10-02,1.9684287955698316,11.610525758547535,13.578954554117367
2025-10-03,2.4240854741262066,11.181411074858014,13.60549654898422
2025-10-06,1.6352837029706002,12.394232996883849,14.02951669985445
2025-10-07,1.4505308644867316,12.860415914014029,14.31094677850076
2025-10-08,1.829248008942196,12.507407254586006,14.336655263528202
2025-10-09,2.228692064036144,12.248011557671,14.476703621707143
2025-10-10,1.543603559573297,13.949270221933263,15.49287378150656
2025-10-13,0.8916469726958649,14.502359402498996,15.394006375194861
2025-10-14,0.505965992387047,15.072056676934018,15.578022669321065
2025-10-15,0.9429588721201672,14.191465309981538,15.134424182101705
2025-10-16,1.1148719897516877,13.92754486986908,15.042416859620767
2025-10-17,0.7214885784332932,14.727575040969446,15.44906361940274
2025-10-20,1.9215889748340391,12.347319627021951,14.26890860185599
2025-10-21,2.244311368653122,12.006517126297224,14.250828494950346
2025-10-22,1.9485189390933595,12.577224603070231,14.52574354216359
2025-10-23,2.149105742854987,12.315685711038194,14.46479145389318
2025-10-24,2.425612226984857,11.690467742950332,14.116079969935189
2025-10-27,2.796521772750255,11.063846592024808,13.860368364775063
2025-10-28,2.935188793824187,11.087883720291746,14.023072514115933
2025-10-29,2.434823210586204,11.743148185081237,14.177971395667441
2025-10-30,3.0055562719361664,11.285053061375505,14.290609333311671
2025-10-31,3.1479424094824004,11.326105627513845,14.474048036996246
2025-11-03,1.793801495639702,12.81772296308443,14.611524458724132
2025-11-04,1.7306499850775356,13.165457031417779,14.896107016495314
2025-11-05,1.7287955908098613,12.946040834953344,14.674836425763205
2025-11-06,0.800755877084395,14.446539090577334,15.247294967661729
2025-11-07,0.5603390109491269,15.05866631407556,15.619005325024688
2025-11-10,1.067404567082713,13.521118814576106,14.588523381658819
2025-11-11,1.7146611732865829,12.91794997793084,14.632611151217423
2025-11-12,1.7014187554895859,13.033747763283419,14.735166518773005
2025-11-13,1.249724657931763,13.988240912344835,15.237965570276598
2025-11-14,0.8393399016995549,14.479773375200747,15.319113276900302
2025-11-17,0.12456912712706192,15.252004585807546,15.376573712934608
2025-11-18,-1.0966129692846742,17.418850695668883,16.32223772638421
2025-11-19,-1.4184251350462063,17.587966722861726,16.16954158781552
2025-11-20,-0.5967209717505764,16.50925259058861,15.912531618838033
2025-11-21,-1.825202369791942,18.499973759643222,16.67477138985128
2025-11-24,-0.18639865043526704,15.621980281115883,15.435581630680616
2025-11-25,1.2937935278962094,13.73957502734504,15.03336855524125
2025-11-26,1.6818195754995742,12.87041021036203,14.552229785861604
2025-11-27,1.8824928356349968,12.520385518131377,14.402878353766374
2025-11-28,2.2779173600644658,12.123934859670888,14.401852219735353
2025-12-01,2.299010556942136,12.252261759515909,14.551272316458045
2025-12-02,2.5782155695631737,11.811978370918922,14.390193940482096
2025-12-03,2.8987269606986636,11.435950632575684,14.334677593274348
2025-12-04,3.2902515222814532,11.02394756955796,14.314199091839413
2025-12-05,3.7664834977932315,10.715219851517709,14.48170334931094
2025-12-08,3.190967820256093,11.273570279500515,14.464538099756608
2025-12-09,3.1140041145002577,11.316437759865543,14.430441874365801
2025-12-10,2.9861612619339724,11.581371412120237,14.56753267405421
2025-12-11,3.3504678096318425,10.954827814686823,14.305295624318665
2025-12-12,3.1310319573769334,11.360644687858748,14.491676645235682
2025-12-15,3.139995063561253,11.069957076226215,14.209952139787468
2025-12-16,3.1217545909931275,11.38414835176957,14.505902942762697
2025-12-17,2.6813126212246363,11.808881980499836,14.490194601724472
2025-12-18,2.9663160858670015,11.082048890303914,14.048364976170916
2025-12-19,3.1413025546249465,10.825703112882913,13.967005667507859
2025-12-22,3.3720833032901574,10.083639363183163,13.45572266647332
2025-12-23,4.022243558518806,9.592368440468483,13.61461199898729
2025-12-24,3.967838682520682,9.639771139029014,13.607609821549696
2025-12-25,4.012056844811887,9.599561332169717,13.611618176981604
2025-12-26,3.2607254437199273,10.549893430588012,13.81061887430794
2025-12-29,3.681664288819169,10.414365646004459,14.096029934823628
2025-12-30,3.7534744655110295,10.221805592387243,13.975280057898273
2025-12-31,3.740394600017776,10.260835854466624,14.0012304544844
2026-01-01,2.8808702177323546,11.09492377981733,13.975793997549685
2026-01-02,3.0656082532698914,10.64762668047192,13.713234933741811
2026-01-05,2.8790215093530787,10.950582552431506,13.829604061784584
2026-01-06,3.0169948385716463,10.753826380044307,13.770821218615954
2026-01-07,3.0618598537548554,11.199234986568936,14.261094840323791
2026-01-08,2.6770205430574165,11.36420569865495,14.041226241712366
2026-01-09,3.225762034468609,10.665287765695206,13.891049800163815
2026-01-12,2.666816206163629,11.390822702232398,14.057638908396028
2026-01-13,2.5990546789678053,11.662264256730381,14.261318935698187
2026-01-14,2.7027134533188306,12.034164566358255,14.736878019677086
2026-01-15,2.9713500482012147,11.356889294578405,14.32823934277962
2026-01-16,2.9103841269512323,11.654180648446314,14.564564775397546
2026-01-19,1.3546751626438986,13.904011650981998,15.258686813625896
2026-01-20,0.8003278787987202,14.413930631464739,15.214258510263459
2026-01-21,1.7132645302947225,13.270598690735772,14.983863221030495
2026-01-22,1.8261485896431928,12.675734610857111,14.501883200500304
2026-01-23,2.2540909731388243,12.257378665910005,14.51146963904883
2026-01-26,2.5976935081230987,11.94283335305659,14.54052686117969
2026-01-27,2.9296442325081635,11.596297747742181,14.525941980250344
2026-01-28,2.3177708502522822,12.504936642694547,14.82270749294683
2026-01-29,1.0703553382904634,14.401130985302771,15.471486323593235
2026-01-30,1.840434456697194,13.222394305566084,15.062828762263278
2026-02-02,2.4099910862143066,12.362736955099237,14.772728041313544
2026-02-03,2.474560957512878,12.492350669267083,14.966911626779961
2026-02-04,2.13701167902002,12.973809783322624,15.110821462342644
2026-02-05,0.7758643499335687,15.14091805599975,15.916782405933319
2026-02-06,1.7487215652305075,13.481569765570475,15.230291330800982
2026-02-09,1.8983104486404585,12.942004821461204,14.840315270101662
2026-02-10,2.1046889444863286,12.753375617818433,14.858064562304762
2026-02-11,2.128052676429398,12.68816579006524,14.816218466494638
2026-02-12,0.8383939234345714,14.794600926192562,15.632994849627133
2026-02-13,1.1949444380193324,14.29627426579164,15.491218703810972
2026-02-16,0.5863522824088268,14.95407754595799,15.540429828366817
2026-02-17,1.0409681459593738,14.314806418646016,15.35577456460539
2026-02-18,1.4534095108218246,13.533939059055871,14.987348569877696
2026-02-19,0.4622040604467941,15.09680383720021,15.559007897647003
2026-02-20,1.3669193775144528,14.002413600832503,15.369332978346955
2026-02-23,0.6405564508221229,14.849774250450103,15.490330701272226
2026-02-24,1.2935659780768987,14.058507559750419,15.352073537827318
2026-02-25,2.0733853411904057,13.075129447790804,15.14851478898121
2026-02-26,1.9872924569348012,13.263032201086613,15.250324658021414
2026-02-27,2.210032649919679,13.15909846764837,15.369131117568049
2026-03-02,0.3356062268874034,15.676040707232684,16.011646934120087
2026-03-03,-2.9313963671965837,21.51996496228238,18.588568595085796
2026-03-04,-1.2061121824669634,18.117009545770014,16.91089736330305
2026-03-05,-2.9693335879485474,20.689403484766842,17.720069896818295
2026-03-06,-4.171299770217928,22.96532822421252,18.794028453994592
2026-03-09,-4.730785548313669,24.110936610907167,19.380151062593498
2026-03-10,-2.4978859709111987,20.88173817730113,18.383852206389932
2026-03-11,-4.020314035694106,23.276823889103206,19.2565098534091
2026-03-12,-3.9993672674801424,23.48016531520547,19.480798047725326
2026-03-13,-3.7206114166794606,22.831589053965473,19.110977637286013
2026-03-16,-3.2196210838666666,22.150635294289067,18.9310142104224
2026-03-17,-2.153636093293123,20.968283101085078,18.814647007791955
2026-03-18,-2.1817960792159674,21.722655797019158,19.54085971780319
2026-03-19,-3.6226515166584363,24.2004768496239,20.577825332965464
2026-03-20,-4.6647565467684515,26.30810871695499,21.64335217018654
2026-03-23,-4.49033907525914,25.635129337171513,21.144790261912373
2026-03-24,-4.314461139897187,25.431788668755807,21.11732752885862
2026-03-25,-4.104961445574428,24.589084894294054,20.484123448719625
2026-03-26,-5.33067477260342,26.38437553855173,21.05370076594831
2026-03-27,-5.190884899262269,27.210565888514587,22.01968098925232
2026-03-30,-4.84730981541448,26.14590024084001,21.29859042542553
2026-03-31,-3.792121488291773,24.480852404344635,20.68873091605286
2026-04-01,-1.5790707117637588,20.880854091804313,19.301783380040554
2026-04-02,-2.096874003055273,21.66917285153625,19.572298848480976
2026-04-03,-2.054508623387239,21.617866377362695,19.563357753975456
2026-04-06,-3.20582521383702,23.116363574202897,19.910538360365877
2026-04-07,-4.129629849687866,24.61789228626865,20.488262436580783
2026-04-08,-1.1714438242600806,19.30042586448442,18.12898204022434
2026-04-09,-0.3886563190430472,18.613383532007386,18.22472721296434
2026-04-10,-0.20941065960158767,17.465524443198767,17.25611378359718
2026-04-13,-0.6707728899832048,18.04896813698354,17.378195247000335
2026-04-14,0.04989496992650544,16.41178753899923,16.461682508925737
2026-04-15,0.31036507637064403,16.26747336215791,16.577838438528556
2026-04-16,0.25498447714937456,16.486794594107867,16.74177907125724
2026-04-17,1.047535762223447,14.623069205637973,15.67060496786142
2026-04-20,-0.12355747401138828,16.879278714874747,16.75572124086336
2026-04-21,-0.48911567465825456,17.628142534289385,17.13902685963113
2026-04-22,-0.46329475055279445,17.457002119798002,16.993707369245207
2026-04-23,-0.6173939483921806,17.670110545326846,17.052716596934665
2026-04-24,-0.775685637561299,18.14575237549448,17.370066737933183
2026-04-27,-0.779789312597309,18.36041204061072,17.58062272801341
2026-04-28,-0.7585869964548309,18.236717270223878,17.478130273769047
2026-04-29,-0.36122259136649504,17.802526428402057,17.441303837035562
2026-04-30,0.060644540191912455,16.913004653698675,16.973649193890587
2026-05-01,0.052428782393462825,16.882474998047574,16.934903780441037
2026-05-04,-1.4679008347454143,19.058970312873626,17.59106947812821
2026-05-05,-1.1239727132310726,18.436029762613735,17.312057049382663
2026-05-06,-0.2406336853783273,16.52650239663696,16.285868711258633
2026-05-07,-0.0734377586302628,16.699232233795115,16.625794475164852
2026-05-08,-0.608726527895989,17.6217193716384,17.01299284374241
2026-05-11,-0.43767226370043844,17.35352743419186,16.915855170491422
2026-05-12,-0.5893248712429511,17.89175322726796,17.302428356025008
2026-05-13,-0.11244365406399837,16.99773345458485,16.88528980052085
2026-05-14,0.33663717994009446,16.426396663865177,16.76303384380527
2026-05-15,-0.22942095106695248,17.514623457975713,17.28520250690876
2026-05-18,-0.5853107038724055,17.916225463278206,17.3309147594058
2026-05-19,-0.484689830426678,17.857572806849305,17.372882976422627
2026-05-20,-0.129369627849254,17.52999384428625,17.400624216436995
2026-05-21,0.4849139387057555,16.462011518559912,16.946925457265667
2026-05-22,0.3613938109861401,16.18053756296711,16.54193137395325
2026-05-25,1.1404658729826167,14.740003193951889,15.880469066934506
2026-05-26,1.1663748391190918,14.974346712547346,16.140721551666438
2026-05-27,1.2539409702344102,14.812877040490427,16.066818010724838
2026-05-28,1.099620829741598,15.001681407707812,16.10130223744941
2026-05-29,1.6294398695187713,14.153137806565667,15.782577676084438
2026-06-01,1.2377949893956295,14.893831416739312,16.13162640613494
2026-06-02,1.7627570182196628,14.176048263880482,15.938805282100144
2026-06-03,1.8631612258092218,14.143550338171885,16.006711563981106
2026-06-04,2.0217052433781078,13.871882411700604,15.893587655078711
2026-06-05,2.1953388451660327,13.713809416163528,15.90914826132956
2026-06-08,1.4670214429588881,14.497859797317844,15.964881240276732
2026-06-09,0.9079880934735307,15.515136922460094,16.423125015933625
2026-06-10,0.6766134184318204,15.934407730037034,16.611021148468854
2026-06-11,0.6490023473268529,15.781979841559469,16.430982188886322
2026-06-12,1.7226635881438401,13.799824394800481,15.522487982944321
2026-06-15,2.6393484493903916,12.358829043048685,14.998177492439076
2026-06-16,2.8854299853272583,12.017839137988199,14.903269123315457
2026-06-17,2.5863379434899283,12.225603720788039,14.811941664277967
2026-06-18,2.5554677040666647,12.24588135577928,14.801349059845945
2026-06-19,2.7394365382604207,12.029851076734474,14.769287614994894
2026-06-22,2.8737683487825194,11.8716435096829,14.745411858465419
2026-06-23,2.265336375860212,13.054234830502832,15.319571206363044
2026-06-24,2.4631506441605673,12.851335255354051,15.314485899514619
2026-06-25,2.58439878738214,12.693127999564306,15.277526786946446
2026-06-26,2.1170869892998905,13.142415296014413,15.259502285314303
2026-06-29,2.6709921759596824,12.390203523184503,15.061195699144186
2026-06-30,3.0005687401798156,11.777833857768034,14.77840259794785
2026-07-01,3.0835248513501234,11.49407756241444,14.577602413764563
2026-07-02,3.229167811312861,11.298495829859503,14.527663641172364
2026-07-03,3.491139327172208,10.839675180467575,14.330814507639783
2026-07-06,3.0754270363018072,11.296970319346787,14.372397355648594
2026-07-07,2.7994663995919638,11.832184062361675,14.631650461953638
2026-07-08,0.9737923104336819,14.5486420805032,15.522434390936882
2026-07-09,0.9787385673856335,14.550801403187805,15.529539970573438
2026-07-10,2.511373999397785,12.264497393004335,14.77587139240212
2026-07-13,1.9795375046935693,12.840874385556338,14.820411890249908
2026-07-14,2.220223180237852,12.59651918974102,14.816742369978872
2026-07-15,2.2244811634873702,12.598422788958622,14.822903952445992
2026-07-16,2.172665585671764,12.60438879304402,14.777054378715784
2026-07-17,2.1731186507019835,12.604585981255461,14.777704631957445
2026-07-20,1.6378707128374526,13.319709794551374,14.957580507388826
2026-07-21,1.9800617462107848,12.582054111189663,14.562115857400448
2026-07-22,2.038832264321167,12.615906931744622,14.654739196065789
2026-07-23,0.5379971258277418,14.983794153305308,15.52179127913305
2026-07-24,1.337154580202343,13.570041131539309,14.907195711741652
2026-07-27,1.504852892887218,13.43727104088622,14.942123933773438
2026-07-28,1.8266776742882733,12.997125505050361,14.823803179338634
2026-07-29,1.2930516211615064,13.877762036523599,15.170813657685105
2026-07-30,1.869709645598311,13.01574920248529,14.885458848083601
2026-07-31,2.5316767733211467,12.10889637938128,14.640573152702427
2026-08-03,3.0416703891521255,11.5998056400975,14.641476029249626
2026-08-04,3.039254009907019,11.525388452088231,14.56464246199525
2026-08-05,2.85981643619885,11.772828319475021,14.632644755673871
2026-08-06,3.1791926278497744,11.359753279674942,14.538945907524717
2026-08-07,3.5345850379835753,11.03590135170921,14.570486389692785
2026-08-10,3.1856545946909947,11.56057695843491,14.746231553125904
2026-08-11,2.6736781086575228,11.742310504215018,14.41598861287254
2026-08-12,2.3320362195593187,12.163905725600081,14.4959419451594
2026-08-13,2.487712220523468,11.928999017189497,14.416711237712965
2026-08-14,3.0698078705353176,11.555773993538224,14.625581864073542
2026-08-17,2.347499183462496,12.249513072644932,14.597012256107428
2026-08-18,1.471768957533401,13.114827172831658,14.58659613036506
