Date,HS_Delta,VIX_O1,VIX_O6
2009-06-18,0.2345094809161239,45.516874792253894,45.75138427317002
2009-06-19,-3.005922618535081,46.77121333307116,43.76529071453608
2009-06-22,-84.75202092887312,155.41757701205984,70.66555608318671
2009-06-23,-4.043752816815889,46.76493672271663,42.72118390590074
2009-06-24,-0.8187437515547771,42.349097071547966,41.53035331999319
2009-06-25,0.6311294042614861,40.14013540921341,40.77126481347489
2009-06-26,-1.7120342564590771,40.90951338154248,39.197479125083404
2009-06-29,-0.5056720252081064,41.919379165597235,41.41370714038913
2009-06-30,-0.8957977473381078,44.145566928114455,43.24976918077635
2009-07-01,-5.248919151878162,43.73154760730088,38.48262845542272
2009-07-02,1.2315774061488511,52.47594729953173,53.707524705680584
2009-07-03,1.2315774061488511,52.47594729953173,53.707524705680584
2009-07-06,-1.6730739648859583,42.9129983050233,41.23992434013734
2009-07-07,3.3955106049473045,44.69505974454169,48.09057034948899
2009-07-08,-41.531755561918295,83.6626728031502,42.130917241231906
2009-07-09,0.12255610218446122,45.18451236815856,45.30706847034302
2009-07-10,-1.7602107299001162,40.35430217020912,38.594091440309
2009-07-13,-2.0294327473336864,49.07247410024617,47.04304135291248
2009-07-14,7.697119028012395,44.797815398970855,52.49493442698325
2009-07-15,-93.15600624636767,159.94195797581276,66.78595172944509
2009-07-16,-2.34503766682775,42.54437497670607,40.19933730987832
2009-07-17,4.49841158267359,35.904711248557156,40.403122831230746
2009-07-20,1.8672882131013822,37.42173224461436,39.28902045771574
2009-07-21,9.591940074883894,34.414249805168275,44.00618988005217
2009-07-22,8.16607785814994,36.33226019404987,44.49833805219981
2009-07-23,15.071355199727414,32.46383378394483,47.53518898367224
2009-07-24,11.113972631667885,35.23660101968404,46.35057365135192
2009-07-27,6.524780402684591,34.26772659136715,40.79250699405174
2009-07-28,10.573335203138726,36.31786391817303,46.89119912131176
2009-07-29,16.89728370414759,36.83096461419927,53.72824831834686
2009-07-30,1.8655454253778885,35.400850044578696,37.266395469956585
2009-07-31,3.0024247685329613,36.75641337739286,39.75883814592582
2009-08-03,-39.42758213000934,85.97250205121458,46.544919921205235
2009-08-04,2.8697090902657933,36.48101255891499,39.350721649180784
2009-08-05,19.028044896974563,41.51971738202996,60.54776227900452
2009-08-06,1.0025733242800712,36.82803320775056,37.83060653203063
2009-08-07,-4.391232613980229,52.93046562289195,48.53923300891172
2009-08-10,0.8770363508425234,45.44575686578888,46.3227932166314
2009-08-11,11.2368852287806,37.04455146189591,48.28143669067651
2009-08-12,0.5059688927067185,39.914575049900975,40.420543942607694
2009-08-13,-25.19372445050567,65.99372087643589,40.79999642593022
2009-08-14,0.12473129826221907,38.59340873550492,38.71814003376714
2009-08-17,-61.63817004597138,109.80960758716016,48.17143754118878
2009-08-18,-0.07544405954284628,40.12277180893994,40.04732774939709
2009-08-19,1.056269935449258,37.61742318341386,38.67369311886312
2009-08-20,-21.397205191944586,68.31333007448912,46.91612488254453
2009-08-21,-101.12656750599768,177.78725472208367,76.66068721608599
2009-08-24,7.531336858032979,34.701942841483486,42.233279699516466
2009-08-25,2.150993705734564,39.30605360751236,41.457047313246925
2009-08-26,0.08646999156585622,40.092968021747424,40.17943801331328
2009-08-27,3.72987314841383,37.51599336061596,41.24586650902979
2009-08-28,3.052749431975485,37.715647239348435,40.76839667132392
2009-08-31,8.16893118264042,35.02336013139949,43.19229131403991
2009-09-01,2.1826348234338724,38.327195002108404,40.509829825542276
2009-09-02,4.1926271720097645,35.99925253850001,40.191879710509774
2009-09-03,5.9407041353407095,34.69940180445695,40.64010593979766
2009-09-04,-12.292645487693406,52.00515199786384,39.712506510170435
2009-09-07,-12.292645487693406,52.00515199786384,39.712506510170435
2009-09-08,2.967779287064033,33.8811623623515,36.848941649415536
2009-09-09,3.949570099719214,31.437124184474964,35.38669428419418
2009-09-10,3.7972163468710143,30.031219337662147,33.82843568453316
2009-09-11,3.0083402998315343,31.014557862079396,34.02289816191093
2009-09-14,1.846601392321876,31.892962835257077,33.73956422757895
2009-09-15,1.9506477518462937,31.31054648539423,33.261194237240524
2009-09-16,2.85286813373261,30.16032369779737,33.01319183152998
2009-09-17,1.3811900645834783,31.934442401499965,33.31563246608344
2009-09-18,1.8660688640196916,31.469724745289096,33.33579360930879
2009-09-21,2.119963323107406,30.693408755909523,32.81337207901693
2009-09-22,2.9834662653368547,29.417787603538,32.40125386887485
2009-09-23,3.088109110468956,30.261090812468446,33.3491999229374
2009-09-24,2.4477287786728184,32.515845062681684,34.9635738413545
2009-09-25,3.834337682848652,31.194119182322705,35.02845686517136
2009-09-28,4.088012422352552,31.02535897532307,35.11337139767562
2009-09-29,4.573215478076744,30.400214221339017,34.97342969941576
2009-09-30,4.123464489541419,30.756297027090234,34.87976151663165
2009-10-01,2.8024983740903977,33.17648194963564,35.978980323726034
2009-10-02,2.8830910543693378,33.20275619147227,36.085847245841606
2009-10-05,3.6657865922540154,31.792801139119824,35.45858773137384
2009-10-06,3.0738117720850937,31.742894949423018,34.81670672150811
2009-10-07,2.241634695505425,32.637372100207415,34.87900679571284
2009-10-08,3.8984682302618054,30.05704099130461,33.955509221566416
2009-10-09,4.931117523281451,28.904360953771167,33.83547847705262
2009-10-12,3.4938513176994306,30.236259518587495,33.730110836286926
2009-10-13,3.9872714088629415,29.986262486501158,33.9735338953641
2009-10-14,3.0475851618293213,29.886397553502615,32.933982715331936
2009-10-15,4.198186564805539,28.592290530676344,32.79047709548188
2009-10-16,4.773294993900752,28.54117196687503,33.31446696077578
2009-10-19,4.276745219948928,28.467944978120563,32.74469019806949
2009-10-20,3.6899912109835427,29.522676252228408,33.21266746321195
2009-10-21,1.2137620341602613,32.61545843966918,33.829220473829444
2009-10-22,4.300827331149858,28.432515433200333,32.73334276435019
2009-10-23,3.1651510367682896,29.9017735167174,33.06692455348569
2009-10-26,-24.88724491161649,60.634857396439465,35.74761248482297
2009-10-27,1.1992940110881136,33.09798407349076,34.29727808457887
2009-10-28,-17.85266618930013,56.30260609346735,38.449939904167216
2009-10-29,1.5486556465558294,33.485632663007145,35.034288309562974
2009-10-30,-1.3935181010506525,39.74434911726472,38.350831016214066
2009-11-02,-13.760803578618862,52.36396876201429,38.603165183395426
2009-11-03,-1.9388187732839128,40.30490922598732,38.36609045270341
2009-11-04,-2.1574132278796725,39.61876966055037,37.4613564326707
2009-11-05,0.787107299712865,35.84352826905514,36.63063556876801
2009-11-06,1.81107179649932,34.38177535505595,36.19284715155527
2009-11-09,1.6078149311429044,33.072085134745585,34.67990006588849
2009-11-10,1.655959149290375,32.8091771710812,34.46513632037158
2009-11-11,2.4779221093824546,32.11091807029848,34.588840179680936
2009-11-12,2.4892023477305187,32.559103024506534,35.04830537223705
2009-11-13,3.331644250097913,31.276332490353827,34.60797674045174
2009-11-16,2.754155580314734,31.16779427942522,33.921949859739954
2009-11-17,2.699354922732983,30.914028366450818,33.6133832891838
2009-11-18,2.9180463230259512,30.71387028791443,33.63191661094038
2009-11-19,2.4003903712902,32.249600316299734,34.649990687589934
2009-11-20,1.8623918616798818,32.64960484552039,34.511996707200275
2009-11-23,-0.13218512496230517,33.85575904410261,33.72357391914031
2009-11-24,2.963759464496075,30.764566531554653,33.72832599605073
2009-11-25,-3.6101007505751994,37.05353610946649,33.44343535889129
2009-11-26,-3.6101007505751994,37.05353610946649,33.44343535889129
2009-11-27,-0.7174708305517044,36.751023484013906,36.0335526534622
2009-11-30,-31.727558994427262,69.3549298057495,37.627370811322244
2009-12-01,-24.976523771564914,60.08164027740908,35.105116505844165
2009-12-02,-29.71171150571687,64.44751015636,34.735798650643126
2009-12-03,-11.452633685674243,46.576677990217526,35.12404430454328
2009-12-04,-36.2195441518636,71.12410495966407,34.904560807800465
2009-12-07,-39.51088739396395,77.38225393090376,37.87136653693981
2009-12-08,-11.701020253732544,48.073157943457105,36.37213768972456
2009-12-09,-42.74186155128867,80.18592640438735,37.44406485309867
2009-12-10,-50.27698979642793,85.63015685958818,35.35316706316026
2009-12-11,-56.159029790939854,91.28411377168091,35.12508398074105
2009-12-14,-24.64463755214507,59.250290923706594,34.60565337156152
2009-12-15,-25.395346087694428,60.20396504289774,34.808618955203315
2009-12-16,-36.02877787860086,70.41111784581621,34.382339967215344
2009-12-17,-26.885711970634162,61.46479564491389,34.57908367427973
2009-12-18,-34.039366149633075,68.61726388731138,34.577897737678306
2009-12-21,-48.68685879973585,83.16677312588148,34.479914326145625
2009-12-22,-41.36728281022881,74.44123360711342,33.07395079688461
2009-12-23,-42.32797679057571,74.76390708450216,32.435930293926454
2009-12-24,-28.189072093413206,60.05330215606032,31.864230062647113
2009-12-25,-28.189072093413206,60.05330215606032,31.864230062647113
2009-12-28,-36.28655829585684,72.19320749968969,35.90664920383285
2009-12-29,-26.931421884185724,58.96137750255107,32.02995561836535
2009-12-30,-13.278440787402602,45.35732567817749,32.07888489077489
2009-12-31,-28.148260206520973,60.30846072136449,32.16020051484352
2010-01-01,-28.148260206520973,60.30846072136449,32.16020051484352
2010-01-04,-44.615165572038414,75.84295750356937,31.227791931530952
2010-01-05,-57.42056125617829,88.2833865051326,30.862825248954305
2010-01-06,-57.26591145609842,87.78991750617384,30.524006050075414
2010-01-07,-62.7517212282663,94.12395654835723,31.37223532009093
2010-01-08,-57.08774114310782,87.08054944226798,29.992808299160156
2010-01-11,-16.74136496365327,46.89369856886737,30.1523336052141
2010-01-12,1.991299435538,28.575473385375634,30.566772820913634
2010-01-13,2.6551667755730826,27.46226133820104,30.11742811377412
2010-01-14,3.357635172697936,26.149519903011083,29.50715507570902
2010-01-15,-10.41739595468571,45.90669382287023,35.48929786818452
2010-01-18,-10.41739595468571,45.90669382287023,35.48929786818452
2010-01-19,5.697467869636192,23.140030073764244,28.837497943400436
2010-01-20,4.190359474663051,25.697611416346756,29.887970891009807
2010-01-21,2.5163839580663634,28.021980221669864,30.538364179736227
2010-01-22,1.0415905131116219,32.563278997721156,33.60486951083278
2010-01-25,1.7698075989413553,30.751147432820076,32.52095503176143
2010-01-26,-1.567462148238235,34.76407266926365,33.19661052102541
2010-01-27,1.327245929290072,30.99556387054242,32.32280979983249
2010-01-28,1.2263388921854599,31.10334783973741,32.32968673192287
2010-01-29,-3.8894114943604166,38.04031994879567,34.15090845443525
2010-02-01,1.9188280690342658,29.740158756434955,31.65898682546922
2010-02-02,3.0669381507812083,27.82335760170307,30.890295752484278
2010-02-03,2.389771439517702,28.381071488200494,30.770842927718196
2010-02-04,-0.9752189307173538,34.632938485921535,33.65771955520418
2010-02-05,-10.098440254775248,46.046036679053685,35.94759642427844
2010-02-08,-1.153445867417723,35.737844497543634,34.58439863012591
2010-02-09,-0.28671440288519534,33.77431810431518,33.48760370142998
2010-02-10,0.4359224863566524,32.937675591401884,33.37359807775854
2010-02-11,1.849948579564746,30.585405752685062,32.43535433224981
2010-02-12,2.4340824223391877,30.18349613771108,32.61757856005027
2010-02-15,2.4340824223391877,30.18349613771108,32.61757856005027
2010-02-16,1.4196519218694554,30.36880118826715,31.788453110136604
2010-02-17,1.2473912935369675,30.334164959585376,31.581556253122343
2010-02-18,1.1959897410601812,29.86309171822672,31.0590814592869
2010-02-19,1.5174832708377295,29.44965270806935,30.96713597890708
2010-02-22,1.3668766114132005,29.187892234976008,30.55476884638921
2010-02-23,1.683872416483755,29.763157206381774,31.44702962286553
2010-02-24,2.0129104989605615,29.278518944555245,31.291429443515806
2010-02-25,0.2604793766593474,31.957319238613422,32.21779861527277
2010-02-26,-1.5214973350099754,36.55604055206225,35.034543217052274
2010-03-01,2.126834774744477,27.969664171608148,30.096498946352625
2010-03-02,2.4712851748985045,27.57641688913158,30.047702064030084
2010-03-03,2.458172636574414,27.200397115480424,29.658569752054838
2010-03-04,2.9397905797957264,27.228381073766705,30.168171653562432
2010-03-05,3.563819738428812,25.2704390175191,28.83425875594791
2010-03-08,2.5209507221686955,26.171491160640336,28.69244188280903
2010-03-09,2.576071818001516,25.372224450946952,27.948296268948468
2010-03-10,-0.7843893993900046,29.059709277857852,28.275319878467847
2010-03-11,2.8044244045277757,25.66360135163063,28.468025756158404
2010-03-12,2.920149517947344,25.562769873099523,28.482919391046867
2010-03-15,2.0484920345140907,26.95113279174526,28.99962482625935
2010-03-16,3.0946070850822984,24.934324251291603,28.0289313363739
2010-03-17,2.9114859860610913,24.098068899979,27.009554886040092
2010-03-18,3.4934937889257824,24.2471931027262,27.740686891651983
2010-03-19,3.409128909682053,24.8751629301561,28.284291839838154
2010-03-22,4.256462254603889,24.17873325387537,28.43519550847926
2010-03-23,4.686795300702915,22.846363259610726,27.53315856031364
2010-03-24,4.255338641274516,24.222182426892445,28.47752106816696
2010-03-25,4.264712540108263,24.20144915022541,28.466161690333674
2010-03-26,4.843725901167868,23.59809094970033,28.4418168508682
2010-03-29,5.096821816713778,22.74894687263652,27.845768689350297
2010-03-30,4.9351087498799195,22.55985551194069,27.49496426182061
2010-03-31,4.783221692238236,22.32575437453961,27.108976066777846
2010-04-01,4.7429507746774995,22.042674274213017,26.785625048890516
2010-04-02,4.7429507746774995,22.042674274213017,26.785625048890516
2010-04-05,3.9419429743907948,22.83379342725635,26.775736401647144
2010-04-06,4.259519898306916,22.547938318870315,26.80745821717723
2010-04-07,3.325068323080508,24.311505180216898,27.636573503297406
2010-04-08,4.104678425070372,23.57238071188233,27.677059136952703
2010-04-09,5.056465722956418,22.195630480821997,27.252096203778414
2010-04-12,3.7212201569063517,23.83021711057523,27.55143726748158
2010-04-13,3.770116546883493,24.034194901526252,27.804311448409745
2010-04-14,-4.254270500329657,31.672597165124085,27.418326664794428
2010-04-15,6.018448617883678,22.946429829901543,28.96487844778522
2010-04-16,-13.519246109814087,43.77933942230826,30.260093312494174
2010-04-19,-20.91792869847967,51.08566483372141,30.16773613524174
2010-04-20,-10.42847672801459,40.55161594525775,30.12313921724316
2010-04-21,-0.12559848932375317,28.464311951036215,28.338713461712462
2010-04-22,1.6750343091088844,26.83071561627466,28.505749925383544
2010-04-23,1.0856027720052523,25.05876992800045,26.144372700005704
2010-04-26,-6.237016074045684,37.51522749175995,31.278211417714267
2010-04-27,-13.949561749687476,73.77736227908119,59.82780052939371
2010-04-28,-1.5493419229085887,33.66585380497514,32.116511882066554
2010-04-29,-1.269528320047904,30.65939203785289,29.389863717804985
2010-04-30,11.187788675433517,57.069853378361465,68.25764205379498
2010-05-03,-0.08340729323901996,32.02453962378965,31.94113233055063
2010-05-04,2.185428157471563,32.944173708549904,35.12960186602147
2010-05-05,1.5590097365267894,35.361224664627,36.92023440115379
2010-05-06,-23.231444991025313,90.07354193274755,66.84209694172223
2010-05-07,-5.671677152112842,48.677671146666746,43.005993994553904
2010-05-10,0.8029715360429392,35.39626031361912,36.19923184966206
2010-05-11,-6.847806083469926,47.11564774254921,40.26784165907928
2010-05-12,-0.7090017181636981,34.55089325599444,33.84189153783074
2010-05-13,-0.7822262388124486,38.38890791620534,37.60668167739289
2010-05-14,-0.30400186262442475,37.95119356831442,37.64719170569
2010-05-17,-3.3697016215029336,40.40827479630071,37.038573174797776
2010-05-18,-2.0265215038553777,41.270926852151234,39.24440534829586
2010-05-19,-1.6470899573808921,42.69769552959676,41.050605572215865
2010-05-20,-9.803742618693896,54.054330194353504,44.25058757565961
2010-05-21,-19.26899878576569,84.66470943199337,65.39571064622768
2010-05-24,0.9987959532525821,44.034781922641194,45.033577875893776
2010-05-25,-1.0351958196494024,47.03824798032507,46.003052160675665
2010-05-26,0.12941640352195805,44.02352420071792,44.15294060423988
2010-05-27,1.3422431110501591,38.898790028385974,40.241033139436134
2010-05-28,0.58406696091307,41.111313212279,41.69538017319207
2010-05-31,0.58406696091307,41.111313212279,41.69538017319207
2010-06-01,-3.664458636864566,46.34464279308343,42.680184156218864
2010-06-02,-1.4558025646828625,38.88654154627025,37.43073898158739
2010-06-03,-0.028483396821734175,39.49216767234917,39.463684275527434
2010-06-04,-6.309887465131119,46.4948712320629,40.18498376693178
2010-06-07,-13.245467132596367,57.702291796699754,44.45682466410339
2010-06-08,-2.8518542508359417,43.829124651562566,40.977270400726624
2010-06-09,-4.128926352102361,46.07650509142303,41.94757873932067
2010-06-10,-1.0957258906040153,39.96806324724082,38.872337356636805
2010-06-11,-4.512036324250452,43.53756367265776,39.02552734840731
2010-06-14,-0.7161236116433827,38.842169081056696,38.12604546941331
2010-06-15,-0.7577102063510921,36.439656559635615,35.68194635328452
2010-06-16,-3.3428279423728213,36.956857297866165,33.614029355493344
2010-06-17,-0.08749841335261266,34.48547515646626,34.397976743113645
2010-06-18,-0.7274779454218603,35.17766317282639,34.45018522740453
2010-06-21,-0.5060131576813802,33.99891204394387,33.49289888626249
2010-06-22,1.0186263992314863,35.478175573147716,36.4968019723792
2010-06-23,17.256729769184815,35.566825581136165,52.82355535032098
2010-06-24,2.3332936834716804,38.07572144327346,40.40901512674514
2010-06-25,-5.131208243732054,58.62606626435668,53.494858020624626
2010-06-28,-22.68166857581972,59.67276674410211,36.99109816828239
2010-06-29,-70.84832591546314,120.71169974836823,49.86337383290509
2010-06-30,-0.39572470673103766,43.748297735532695,43.35257302880166
2010-07-01,-1.8749089179701457,40.53693629963874,38.662027381668594
2010-07-02,-15.163167591843411,53.85833250182645,38.69516490998304
2010-07-05,-15.163167591843411,53.85833250182645,38.69516490998304
2010-07-06,-12.383527741275884,50.12114371344906,37.737615972173174
2010-07-07,-2.1679219117238873,40.57455277711576,38.406630865391875
2010-07-08,-0.6919641229682796,37.24309657303424,36.55113245006596
2010-07-09,-65.41652011399293,104.0026645749052,38.58614446091227
2010-07-12,-5.130861662214215,40.369169888998925,35.23830822678471
2010-07-13,-2.954546170183768,37.159281639979596,34.20473546979583
2010-07-14,-2.7472213649810797,37.38487985814964,34.63765849316856
2010-07-15,-10.20109914125915,45.7901950051029,35.58909586384375
2010-07-16,-12.627561941289791,48.28952821873622,35.66196627744643
2010-07-19,5.859935170978812,30.96559996063679,36.8255351316156
2010-07-20,7.243157280756776,28.03492657777899,35.278083858535766
2010-07-21,5.636788635884855,29.92832046015115,35.565109096036004
2010-07-22,7.016523984518926,27.75727787498436,34.77380185950329
2010-07-23,7.448286667208791,26.938848935634148,34.38713560284294
2010-07-26,7.599781608311126,26.5590573509185,34.15883895922963
2010-07-27,6.340663427387533,27.270616313724588,33.61127974111212
2010-07-28,5.453125508287151,28.345107721387286,33.79823322967444
2010-07-29,5.714351295992685,28.18733448850245,33.901685784495136
2010-07-30,6.066616836610756,27.354665014879437,33.42128185149019
2010-08-02,5.984270319221505,25.795685637170713,31.779955956392218
2010-08-03,5.199133442318438,26.696394932209106,31.895528374527544
2010-08-04,4.94582181320407,26.986327738167144,31.932149551371214
2010-08-05,5.023311857034095,26.8071286682402,31.830440525274295
2010-08-06,5.822959339480455,26.003340395684283,31.82629973516474
2010-08-09,-2.7002601155526946,34.28240317662267,31.582143061069978
2010-08-10,4.923123553360014,27.098696484704384,32.0218200380644
2010-08-11,3.9142770828165077,30.056649417647908,33.970926500464415
2010-08-12,4.8230472036230765,29.37778379283092,34.200830996453995
2010-08-13,5.149767966796976,28.894317652010347,34.04408561880732
2010-08-16,4.05314392051552,29.784990020738594,33.838133941254114
2010-08-17,5.144267190099566,27.553743458734143,32.69801064883371
2010-08-18,5.700839886492421,27.18223293579003,32.88307282228245
2010-08-19,4.88531011996621,28.468232909176006,33.353543029142216
2010-08-20,6.363337563530919,27.04990849849019,33.41324606202111
2010-08-23,6.449232232971859,27.1530067706666,33.60223900363846
2010-08-24,6.054989582108686,28.82423363806652,34.879223220175206
2010-08-25,5.841194215026931,29.180548556138362,35.02174277116529
2010-08-26,5.864082220884413,29.348313720147388,35.2123959410318
2010-08-27,6.780102349464009,27.253963421454635,34.034065770918644
2010-08-30,5.4397585699092375,29.043239609207554,34.48299817911679
2010-08-31,4.880865580536888,29.297927271490483,34.17879285202737
2010-09-01,6.665936590802097,26.362498984428008,33.028435575230105
2010-09-02,6.913673762212557,25.42516392267623,32.33883768488879
2010-09-03,7.548298237440587,24.004852938194755,31.553151175635342
2010-09-06,7.548298237440587,24.004852938194755,31.553151175635342
2010-09-07,5.745291816546185,26.384222719747157,32.12951453629334
2010-09-08,5.780884408423276,25.967434416005137,31.748318824428413
2010-09-09,6.790807037457419,24.39461562137078,31.185422658828198
2010-09-10,6.645251983176369,24.195960729817234,30.841212712993602
2010-09-13,5.776518382398301,23.664687975363456,29.441206357761757
2010-09-14,5.350298366629275,24.053886550455246,29.40418491708452
2010-09-15,5.043492787402439,24.61644421741964,29.65993700482208
2010-09-16,4.698772037843018,24.847529918322405,29.546301956165422
2010-09-17,4.734439293905915,24.207492060429683,28.941931354335598
2010-09-20,4.81327930630605,23.333707552484263,28.146986858790314
2010-09-21,4.914185341502776,23.682913562697305,28.59709890420008
2010-09-22,4.952811018401508,23.56534607023383,28.518157088635338
2010-09-23,3.924417492180755,25.244609779560477,29.169027271741232
2010-09-24,4.322491845956204,24.436814762845206,28.75930660880141
2010-09-27,4.291658150259774,25.005164676791036,29.29682282705081
2010-09-28,4.782448090047065,24.766554975091026,29.54900306513809
2010-09-29,4.8422335578359466,24.373276969547163,29.21551052738311
2010-09-30,5.865339445797293,24.057880129930247,29.92321957572754
2010-10-01,6.654020324716161,22.622873714865115,29.276894039581276
2010-10-04,5.368062504664994,24.06379914076916,29.431861645434154
2010-10-05,6.252029339692399,22.89626298206559,29.14829232175799
2010-10-06,5.6333310269527495,23.817120414653964,29.450451441606713
2010-10-07,5.220074557743029,24.508475010306828,29.728549568049857
2010-10-08,6.939743017842208,22.359477723615324,29.299220741457532
2010-10-11,5.962585542314944,23.31820809893302,29.280793641247964
2010-10-12,6.402396188434377,22.932202934793146,29.334599123227523
2010-10-13,5.991989457239086,22.952730023574123,28.94471948081321
2010-10-14,3.0662478797713284,26.075261191199694,29.141509070971022
2010-10-15,6.964123318104882,22.784621300977165,29.748744619082046
2010-10-18,6.102463210950464,23.215141429054743,29.317604640005207
2010-10-19,4.8043399286226425,25.518143428991685,30.322483357614328
2010-10-20,5.079435866492254,24.11231022867409,29.191746095166344
2010-10-21,5.138024848917283,24.513041857059463,29.651066705976746
2010-10-22,5.786245183640073,23.267241746618993,29.053486930259066
2010-10-25,4.8921647448489125,23.886449699211234,28.778614444060146
2010-10-26,4.723207466054184,24.419425358647878,29.142632824702062
2010-10-27,3.4439888178482185,26.123972141533702,29.56796095938192
2010-10-28,3.801998265578444,24.8372864214537,28.639284687032145
2010-10-29,2.629656836866566,25.868322828099572,28.497979664966138
2010-11-01,3.234802797610463,25.624180613967884,28.858983411578347
2010-11-02,2.956504213193611,25.296596586432834,28.253100799626445
2010-11-03,4.226197286917788,23.842243885245356,28.068441172163144
2010-11-04,4.243222345304897,22.66962007637934,26.912842421684235
2010-11-05,4.265776921379889,22.2527487323378,26.51852565371769
2010-11-08,4.374715294356555,22.63477042106878,27.009485715425335
2010-11-09,3.4023593158119247,24.442351551285192,27.844710867097117
2010-11-10,3.9108187125530876,24.361200925991106,28.272019638544194
2010-11-11,2.794753501759814,25.337946063378965,28.13269956513878
2010-11-12,1.6853866865752494,27.416377860000633,29.101764546575883
2010-11-15,2.3397072700884465,27.23408467536272,29.573791945451166
2010-11-16,0.6158578087813638,30.17316732155628,30.789025130337645
2010-11-17,0.9438302391365774,28.59083383035826,29.534664069494838
2010-11-18,2.9221014509647034,25.801480880872713,28.723582331837417
2010-11-19,3.7179376500330825,24.763562725563276,28.481500375596358
2010-11-22,4.7089994155487105,24.43276614961435,29.14176556516306
2010-11-23,2.089137439111642,27.760698721945122,29.849836161056764
2010-11-24,2.276223009737688,26.47157848255456,28.747801492292247
2010-11-25,2.276223009737688,26.47157848255456,28.747801492292247
2010-11-26,2.1448463980344883,27.937426483307398,30.082272881341886
2010-11-29,1.4196588317703451,28.998156793795836,30.41781562556618
2010-11-30,0.3533889249207043,30.172073085169703,30.525462010090408
2010-12-01,1.4464881702705483,27.951967488971906,29.398455659242455
2010-12-02,3.5482888698650186,25.396790872266067,28.945079742131085
2010-12-03,3.781050216568957,24.002397320476202,27.78344753704516
2010-12-06,4.425423026741942,24.02456037565149,28.449983402393432
2010-12-07,2.476603837683996,24.10242052996031,26.579024367644305
2010-12-08,3.7560237463265587,24.10911263053075,27.865136376857308
2010-12-09,3.3060739155336307,24.26066325192381,27.56673716745744
2010-12-10,4.478360161745925,22.644204412034053,27.12256457377998
2010-12-13,3.603879539530727,22.593355649439616,26.197235188970343
2010-12-14,3.3883731613009367,22.599733648486854,25.98810680978779
2010-12-15,1.217115164342779,25.252844369322503,26.469959533665282
2010-12-16,-6.35267404701019,33.25335816579983,26.90068411878964
2010-12-17,-0.7297733443216039,27.34635818325432,26.616584838932717
2010-12-20,4.962469351737795,20.896982207594185,25.85945155933198
2010-12-21,4.767544473320129,20.41093063056138,25.17847510388151
2010-12-22,5.489804551761946,19.984872442744983,25.47467699450693
2010-12-23,5.2996348954907795,20.560727103194115,25.860361998684894
2010-12-24,5.2996348954907795,20.560727103194115,25.860361998684894
2010-12-27,4.856441805430119,21.6537417649669,26.510183570397018
2010-12-28,4.713266473042967,22.079833148232346,26.793099621275314
2010-12-29,4.614115251718744,21.864282752630693,26.478398004349437
2010-12-30,4.25226420854932,22.29921495526173,26.55147916381105
2010-12-31,4.7460597828831546,22.253749063739708,26.999808846622862
2011-01-03,3.68509715927652,22.885555787136855,26.570652946413375
2011-01-04,4.404041050032159,22.07666720353204,26.4807082535642
2011-01-05,3.7230671291492534,22.404923140353677,26.12799026950293
2011-01-06,4.155774642266625,21.9152490992148,26.071023741481426
2011-01-07,4.863780121663471,21.645387389363645,26.509167511027115
2011-01-10,4.095147846205638,22.826654648443988,26.921802494649626
2011-01-11,5.012380813545377,21.484028998003854,26.49640981154923
2011-01-12,5.294480761189696,20.52567770521034,25.820158466400038
2011-01-13,4.542749745048077,21.749471227771238,26.292220972819315
2011-01-14,4.978198177430791,21.092692981749124,26.070891159179915
2011-01-17,4.978198177430791,21.092692981749124,26.070891159179915
2011-01-18,4.570688713981816,21.526158727793685,26.096847441775502
2011-01-19,4.03627313728272,22.504239010097184,26.540512147379903
2011-01-20,4.539976538026746,22.700840648305622,27.240817186332368
2011-01-21,3.6664511513929696,23.5383166930486,27.20476784444157
2011-01-24,4.468925558001015,22.493437620378042,26.962363178379057
2011-01-25,4.731201089166962,22.142799792841313,26.874000882008275
2011-01-26,5.639965123233605,20.829874416421518,26.469839539655123
2011-01-27,4.0178707979820345,21.775191480669108,25.793062278651142
2011-01-28,1.72988658396498,25.64601154931167,27.37589813327665
2011-01-31,2.1216993441588166,25.17555053924067,27.297249883399488
2011-02-01,4.055544278699685,22.350516125497073,26.406060404196758
2011-02-02,2.2972373582587196,23.895727911083046,26.192965269341766
2011-02-03,2.9014270521125347,23.43833498438763,26.339762036500165
2011-02-04,2.7733325427806683,23.240631295788734,26.013963838569403
2011-02-07,2.227533601980749,23.617748717252915,25.845282319233664
2011-02-08,3.527534606337742,21.936142392058777,25.46367699839652
2011-02-09,2.8286159733232843,24.249697351284365,27.07831332460765
2011-02-10,2.9322278989413704,23.834308197560393,26.766536096501763
2011-02-11,3.9226833893076076,22.33628055177239,26.258963941079998
2011-02-14,3.3628920516054137,22.82484808773142,26.187740139336835
2011-02-15,3.501084279674096,22.494732910892733,25.99581719056683
2011-02-16,3.2821210380890697,22.292710083676017,25.574831121765087
2011-02-17,2.861159578684166,22.66730228705,25.528461865734165
2011-02-18,3.940427144836608,21.509443111207926,25.449870256044534
2011-02-21,3.940427144836608,21.509443111207926,25.449870256044534
2011-02-22,1.8824525035097572,25.33366216527584,27.216114668785597
2011-02-23,1.9347768453297327,25.752705302833824,27.687482148163557
2011-02-24,2.5437803391675224,24.64273948093168,27.186519820099203
2011-02-25,3.77103181439697,22.61158639589487,26.38261821029184
2011-02-28,3.122175670030348,22.88193445800638,26.00411012803673
2011-03-01,3.2870610520131187,23.56189651142272,26.84895756343584
2011-03-02,3.2336392578554047,23.156478777449923,26.390118035305328
2011-03-03,4.12394229735229,21.61180422526961,25.7357465226219
2011-03-04,3.8515324696543445,22.179498188276348,26.031030657930692
2011-03-07,2.3742043951215486,24.06814857728724,26.442352972408788
2011-03-08,3.131282842693608,22.926731716899727,26.058014559593335
2011-03-09,3.3596747916915852,23.063520900298524,26.42319569199011
2011-03-10,1.2901714999212501,26.020204300545487,27.310375800466737
2011-03-11,2.8726261467849277,24.654001995750193,27.52662814253512
2011-03-14,2.8014498098695775,24.872776605247378,27.674226415116955
2011-03-15,2.6459520424662735,26.206433831646077,28.85238587411235
2011-03-16,-0.34157497925653146,30.848424616335645,30.506849637079114
2011-03-17,1.6763399390030749,27.702997321762997,29.37933726076607
2011-03-18,1.7311979162187043,26.922280315352175,28.65347823157088
2011-03-21,3.4079747171085657,23.873835801152136,27.281810518260702
2011-03-22,3.601843314315307,23.40114706025768,27.00299037457299
2011-03-23,4.177665392644446,22.487125685647836,26.664791078292282
2011-03-24,4.578448252301591,21.120956498932227,25.699404751233818
2011-03-25,4.105122081944277,21.67295853545388,25.778080617398157
2011-03-28,4.295660079558413,21.518188692829728,25.81384877238814
2011-03-29,3.9321733963288175,21.672748781049595,25.604922177378413
2011-03-30,5.064659633542451,20.1081812840828,25.17284091762525
2011-03-31,4.826644035381143,20.402474894798374,25.229118930179517
2011-04-01,3.506238868672103,20.942569958549885,24.44880882722199
2011-04-04,4.0737111694268116,20.23468534843311,24.308396517859922
2011-04-05,4.266398435411983,19.99120050815349,24.257598943565473
2011-04-06,2.329831981294646,22.049069136172797,24.378901117467443
2011-04-07,2.5182248696212923,22.3910305022995,24.909255371920793
2011-04-08,3.178675197484072,21.780821870257,24.959497067741072
2011-04-11,0.19146024514031623,25.555864364474097,25.747324609614413
2011-04-12,3.492170158474064,23.40786782269597,26.900037981170033
2011-04-13,3.976466605922564,22.274252570107787,26.25071917603035
2011-04-14,1.3165173964239614,24.824567653251712,26.141085049675674
2011-04-15,-1.7343274215701427,27.297954707748673,25.56362728617853
2011-04-18,5.3678256554220525,21.39577697439706,26.76360262981911
2011-04-19,6.216410043186144,19.7621962578095,25.978606300995644
2011-04-20,5.762326119506348,19.136200561231036,24.898526680737383
2011-04-21,4.554356871549839,20.332995995586288,24.887352867136126
2011-04-22,4.554356871549839,20.332995995586288,24.887352867136126
2011-04-25,4.2774852667669165,20.965081371757822,25.24256663852474
2011-04-26,5.090617537755392,20.09176233042135,25.182379868176742
2011-04-27,5.72638210754841,19.750163829908054,25.476545937456464
2011-04-28,5.831106847500848,19.56135585312127,25.39246270062212
2011-04-29,3.9025404346472605,21.144349093831668,25.04688952847893
2011-05-02,3.9531265122679002,21.299550971724774,25.252677483992674
2011-05-03,3.473326820344706,23.63655957168669,27.109886392031395
2011-05-04,3.8096729926767736,23.53026256141442,27.339935554091195
2011-05-05,3.145076425566586,24.178765846950537,27.323842272517123
2011-05-06,3.2697127026334236,23.417555476001425,26.68726817863485
2011-05-09,3.8232499037545153,22.24679049302365,26.070040396778165
2011-05-10,2.232582453713615,23.25646285121962,25.489045304933235
2011-05-11,3.4721314382388933,23.02806844840852,26.50019988664741
2011-05-12,4.011777365238473,22.527434472734047,26.53921183797252
2011-05-13,3.4050785935817487,23.36028100930972,26.76535960289147
2011-05-16,3.2179834806263763,23.683534178078716,26.901517658705092
2011-05-17,3.4053780899086483,23.60123718961474,27.006615279523388
2011-05-18,3.906478872598303,22.199841776536815,26.106320649135117
2011-05-19,4.157395342836885,21.716057642384293,25.873452985221178
2011-05-20,3.768055419203524,22.102236600088712,25.870292019292236
2011-05-23,2.312981951748924,24.1563699560325,26.469351907781423
2011-05-24,3.1557186241473723,22.646260996318688,25.80197962046606
2011-05-25,4.180454257733764,21.223177589725033,25.403631847458797
2011-05-26,4.021114358552392,20.786235819172727,24.80735017772512
2011-05-27,4.478179387520772,20.028230269513973,24.506409657034744
2011-05-30,4.478179387520772,20.028230269513973,24.506409657034744
2011-05-31,4.3767499036672675,20.49061431122953,24.867364214896796
2011-06-01,2.6621056602342286,22.926285120484156,25.588390780718385
2011-06-02,3.2355269935950837,22.690356880861675,25.92588387445676
2011-06-03,2.676170619291497,23.277269357480794,25.95343997677229
2011-06-06,1.9390231624994385,24.64997501535636,26.5889981778558
2011-06-07,3.212018208021547,23.145799478163738,26.357817686185285
2011-06-08,2.4652821964272,24.179915552639685,26.645197749066885
2011-06-09,3.476608002968174,22.69595747169483,26.172565474663003
2011-06-10,2.044711798358616,24.62447761476541,26.669189413124027
2011-06-13,1.63954968881335,25.148177625373798,26.787727314187148
2011-06-14,1.7019072567300668,24.284430298937643,25.98633755566771
2011-06-15,0.653243431081254,26.493656506637052,27.146899937718306
2011-06-16,-0.33678240446251095,28.693511393908256,28.356728989445745
2011-06-17,0.42988325093554636,27.60548396474702,28.035367215682566
2011-06-20,1.2506146908568354,26.058384436605863,27.308999127462698
2011-06-21,1.9935380016446054,24.57825176473564,26.571789766380245
2011-06-22,3.1285871008323376,23.70258370975384,26.831170810586176
2011-06-23,3.1288321211659422,24.78112532887176,27.9099574500377
2011-06-24,-0.0857564525992558,27.92377760148029,27.838021148881033
2011-06-27,2.70029963256804,24.77908331062548,27.47938294319352
2011-06-28,2.832224446236605,24.026943845543624,26.85916829178023
2011-06-29,-0.4375943579312498,26.848541774818514,26.410947416887264
2011-06-30,4.254308789872081,21.131762961171795,25.386071751043875
2011-07-01,2.7378867949670536,22.224872775853914,24.962759570820968
2011-07-04,2.7378867949670536,22.224872775853914,24.962759570820968
2011-07-05,4.1688349899746875,20.44452560434353,24.613360594318216
2011-07-06,4.015081376385609,20.871931438838917,24.887012815224526
2011-07-07,4.2343760286702725,20.103944315586077,24.33832034425635
2011-07-08,3.0528423251626187,22.227301067907042,25.28014339306966
2011-07-11,0.42273655337899996,25.796412665252678,26.219149218631678
2011-07-12,-0.557170875554899,27.044021451413393,26.486850575858494
2011-07-13,1.9386854327415897,24.043297958345708,25.981983391087297
2011-07-14,-0.12013992131618068,26.28418309268622,26.16404317137004
2011-07-15,1.8693001392222186,24.048105465313196,25.917405604535414
2011-07-18,3.18306776202936,23.22779407398797,26.41086183601733
2011-07-19,1.03886809973935,24.7439473218714,25.78281542161075
2011-07-20,3.178460511376958,22.41219935142497,25.590659862801928
2011-07-21,1.759895258352632,23.911880069608735,25.671775327961367
2011-07-22,-4.409354498933315,28.82417039588511,24.414815896951794
2011-07-25,3.2169766899159953,22.2654097611287,25.482386451044697
2011-07-26,2.445498079233033,23.04060780042582,25.486105879658854
2011-07-27,0.21282979310118222,26.162627909345492,26.375457702446674
2011-07-28,0.15752031913244835,26.63032581544481,26.787846134577258
2011-07-29,-0.759499953893517,27.63400634015052,26.874506386257003
2011-08-01,0.030589387653346733,26.80600000063687,26.836589388290218
2011-08-02,-0.1573687804472499,26.660889302906167,26.503520522458917
2011-08-03,0.6987105530036573,26.421369993684372,27.12008054668803
2011-08-04,-5.6761622974204755,35.66139937423174,29.985237076811266
2011-08-05,-6.2887304146996215,40.59372833668861,34.30499792198899
2011-08-08,-15.825158148619778,56.047865348207196,40.22270719958742
2011-08-09,-12.386830357335825,51.64754850235309,39.260718145017265
2011-08-10,-13.974139209422788,53.26565659898097,39.29151738955818
2011-08-11,-11.338522175642034,48.60279810825224,37.264275932610204
2011-08-12,-18.853873430854826,54.13665830028379,35.282784869428966
2011-08-15,-43.21664793585749,86.84898812517923,43.632340189321745
2011-08-16,-3.8840713225381336,37.15820556736949,33.27413424483136
2011-08-17,-0.7037820993547257,32.86261989567216,32.158837796317435
2011-08-18,-5.840863713960488,42.03250299080525,36.19163927684476
2011-08-19,-8.526992332540196,44.788751506707776,36.26175917416758
2011-08-22,-7.700042206874841,45.42814349412147,37.72810128724663
2011-08-23,-3.5241475086065464,40.66035398344231,37.13620647483577
2011-08-24,-3.172323970970922,41.59542639185348,38.42310242088256
2011-08-25,-7.2223922569596155,45.63852145726764,38.41612920030803
2011-08-26,-1.6560486619219716,40.14522897010597,38.489180308184
2011-08-29,-7.205957510950569,42.79370760252036,35.58775009156979
2011-08-30,-2.0108300518028273,37.41430553126276,35.403475479459935
2011-08-31,-1.3081798187914018,35.22571737548526,33.91753755669386
2011-09-01,-1.0929722560541677,34.94832430336786,33.855352047313694
2011-09-02,3.4349149829487757,40.06852643215552,43.5034414151043
2011-09-05,3.4349149829487757,40.06852643215552,43.5034414151043
2011-09-06,-3.8246071570342863,42.19151621561116,38.36690905857687
2011-09-07,-0.727107886393064,36.3964640634244,35.66935617703134
2011-09-08,-1.516030115652697,38.647965259414484,37.13193514376179
2011-09-09,-6.810768909098208,47.09163910214243,40.28087019304422
2011-09-12,-6.081426314084403,47.15575087392971,41.07432455984531
2011-09-13,-2.357233942480555,42.949707114637405,40.59247317215685
2011-09-14,-0.062471161063299974,40.091138570771825,40.028667409708525
2011-09-15,-9.22864256296429,48.569748290718465,39.341105727754176
2011-09-16,3.047448279862394,33.60995650048667,36.65740478034906
2011-09-19,-0.9453751244605257,39.76814870431839,38.822773579857866
2011-09-20,-0.817089515097642,39.53744065387485,38.72035113877721
2011-09-21,-3.254640179984335,42.85972306401492,39.60508288403059
2011-09-22,-9.638455664280748,54.55611580315099,44.91766013887024
2011-09-23,-7.428215948906853,54.97882888192449,47.55061293301764
2011-09-26,-7.340570485759933,54.364860032374004,47.02428954661407
2011-09-27,-4.5213593720379635,48.29353928485779,43.77217991281983
2011-09-28,-10.676258740376575,57.07035973222069,46.39410099184411
2011-09-29,-5.4519467906381465,50.736984367582195,45.28503757694405
2011-09-30,-8.741348047357675,55.90910815351343,47.167760106155754
2011-10-03,-30.03282689821974,81.53246666185537,51.49963976363563
2011-10-04,-5.211819504474988,57.7134769433829,52.50165743890791
2011-10-05,-8.423896041606852,54.3198842568017,45.89598821519485
2011-10-06,-7.9309463243444185,51.41528841606202,43.4843420917176
2011-10-07,-8.232954575447984,51.64089499229594,43.40794041684796
2011-10-10,0.23328644024118006,43.36161174506471,43.59489818530589
2011-10-11,-0.30607504281879017,41.48978752099527,41.18371247817648
2011-10-12,0.4045472850650853,38.72964297649146,39.13419026155655
2011-10-13,-0.16588371818065895,39.12577174545944,38.95988802727878
2011-10-14,3.7972617060259637,37.45545364688617,41.25271535291213
2011-10-17,-2.25060168958354,43.346398739776824,41.09579705019328
2011-10-18,1.1975041336121777,41.00380154210913,42.20130567572131
2011-10-19,-11.51506483708561,50.04198966760449,38.52692483051888
2011-10-20,-1.2830514131110817,43.89869571989175,42.615644306780666
2011-10-21,1.1663123813438432,45.13127817031658,46.29759055166042
2011-10-24,0.34845480873377,36.82708768003764,37.17554248877141
2011-10-25,3.6686681138897512,41.65996595658681,45.32863407047656
2011-10-26,4.9484873384677925,39.387653110713984,44.33614044918178
2011-10-27,14.40199805570036,34.542367122651115,48.944365178351475
2011-10-28,0.9646456436612709,33.212584094829744,34.177229738491015
2011-10-31,5.095561950359745,37.71493426030568,42.81049621066543
2011-11-01,-3.8031333766205933,43.797249973746155,39.99411659712556
2011-11-02,-2.3473592696680825,40.524989739463045,38.17763046979496
2011-11-03,3.266410949078839,39.516751819899746,42.783162768978585
2011-11-04,4.269812043573793,40.07307914442036,44.342891187994155
2011-11-07,-1.2626427345254,39.31033924881779,38.04769651429239
2011-11-08,2.5175049357277146,36.99606565328021,39.51357058900793
2011-11-09,3.335782122915809,45.235335033755256,48.571117156671065
2011-11-10,6.531973199125694,41.856186106460754,48.38815930558645
2011-11-11,3.4602076171946194,39.7366855963659,43.19689321356052
2011-11-14,-2.0207886047011385,41.45963417140337,39.438845566702234
2011-11-15,6.606264793618344,40.52618329842632,47.13244809204466
2011-11-16,3.1478995774721525,42.84206116051833,45.98996073799048
2011-11-17,-3.1585435851776253,45.443965562324124,42.2854219771465
2011-11-18,0.8189173205054132,41.46099320949369,42.2799105299991
2011-11-21,1.5144776158590503,43.35881852202795,44.873296137887
2011-11-22,4.324375956295107,40.818107100301134,45.14248305659624
2011-11-23,2.2821942876276964,42.74864927914945,45.03084356677714
2011-11-24,2.2821942876276964,42.74864927914945,45.03084356677714
2011-11-25,0.30324112157150296,43.96679797908095,44.270039100652454
2011-11-28,2.6825459191961727,41.75214635465189,44.434692273848064
2011-11-29,13.9326375286646,38.598022203617305,52.530659732281904
2011-11-30,13.655648140372989,36.28490495254012,49.940553092913106
2011-12-01,2.567152228307613,36.12363227874873,38.69078450705634
2011-12-02,15.097660827622569,36.06837186435794,51.16603269198051
2011-12-05,14.844948305090902,37.058436188403896,51.9033844934948
2011-12-06,13.983503960313875,37.83663913956437,51.820143099878244
2011-12-07,12.209160922612497,38.97881555415899,51.18797647677149
2011-12-08,11.378864277986914,41.560352806874235,52.93921708486115
2011-12-09,2.0461416772647993,36.12964434879107,38.17578602605587
2011-12-12,3.951748908234478,38.20950537112529,42.16125427935977
2011-12-13,9.441554111758933,35.691645980853316,45.13320009261225
2011-12-14,10.59231054585841,35.79591134128581,46.38822188714422
2011-12-15,11.31228087672772,32.75663538299042,44.06891625971814
2011-12-16,-7.417546886511346,46.43849359791718,39.020946711405834
2011-12-19,5.744125838954815,32.28645543546693,38.03058127442174
2011-12-20,6.251722131655921,30.299148166859307,36.55087029851523
2011-12-21,6.698868808161077,29.216325702196254,35.91519451035733
2011-12-22,7.703769290969067,27.155402308175734,34.8591715991448
2011-12-23,20.808737285603506,27.672061085144463,48.48079837074797
2011-12-26,20.808737285603506,27.672061085144463,48.48079837074797
2011-12-27,10.99402528960383,29.267620728596828,40.26164601820066
2011-12-28,4.742215154229104,30.526211559003425,35.26842671323253
2011-12-29,3.212424968940102,29.522796326398005,32.73522129533811
2011-12-30,5.397615175843082,29.28959307501213,34.687208250855214
2012-01-02,5.397615175843082,29.28959307501213,34.687208250855214
2012-01-03,3.6987700674550226,30.028761468546023,33.727531536001045
2012-01-04,3.866451976493064,28.917932678968423,32.78438465546149
2012-01-05,5.306210914295981,28.110384590998343,33.416595505294325
2012-01-06,4.644345577913455,28.42962733401628,33.07397291192974
2012-01-09,4.717641891938975,27.33577709335134,32.053418985290314
2012-01-10,4.430581586041107,26.547555260288703,30.97813684632981
2012-01-11,5.612840361985857,26.84278434455052,32.455624706536376
2012-01-12,5.001469278956733,27.021121131911613,32.02259041086835
2012-01-13,13.024742848855091,28.168066242688987,41.19280909154408
2012-01-16,13.024742848855091,28.168066242688987,41.19280909154408
2012-01-17,14.598288213603102,28.514465830620882,43.11275404422398
2012-01-18,11.432844694158913,26.010610978267966,37.44345567242688
2012-01-19,10.763160520464751,25.44395590077537,36.20711642124012
2012-01-20,12.266020650775861,23.343238168685534,35.609258819461395
2012-01-23,11.613957427340345,24.679415794952803,36.29337322229315
2012-01-24,12.112547750578575,24.35512676065429,36.467674511232865
2012-01-25,12.14750743381752,24.22670083616404,36.37420826998156
2012-01-26,4.474145537107489,25.545876295589785,30.020021832697275
2012-01-27,12.112775490960757,24.711840045630638,36.824615536591395
2012-01-30,9.289813133916855,26.26762063320317,35.557433767120024
2012-01-31,9.007208610689318,24.95916964427228,33.9663782549616
2012-02-01,8.972110260108135,24.324956643124327,33.29706690323246
2012-02-02,9.337246230280957,24.251493930577535,33.58874016085849
2012-02-03,4.766436725966063,24.286505469903446,29.05294219586951
2012-02-06,11.234773612557838,25.135776792666675,36.37055040522451
2012-02-07,1.0161977556401638,25.484739866172045,26.50093762181221
2012-02-08,5.667480484386385,25.773916994863605,31.44139747924999
2012-02-09,6.602511095228131,25.226833001117978,31.82934409634611
2012-02-10,2.591160043540963,27.81149021873658,30.402650262277543
2012-02-13,5.163697969213931,26.86262422087341,32.02632219008734
2012-02-14,2.5670619446963023,28.21000713845463,30.77706908315093
2012-02-15,0.9561474539608383,29.057543766762606,30.013691220723445
2012-02-16,4.105785546511271,26.34392248672172,30.44970803323299
2012-02-17,15.609427639731539,26.064906504964906,41.674334144696445
2012-02-20,15.609427639731539,26.064906504964906,41.674334144696445
2012-02-21,4.423956957001298,25.089882825342368,29.513839782343666
2012-02-22,5.7807350228865815,23.897848085523847,29.67858310841043
2012-02-23,15.711883752051538,23.08172336804307,38.793607120094606
2012-02-24,12.029686285307935,22.73040837113413,34.760094656442064
2012-02-27,14.512579530901824,24.660274116857423,39.17285364775925
2012-02-28,4.469092388017181,24.04362267058184,28.51271505859902
2012-02-29,4.5767074566296095,24.7137833034678,29.29049076009741
2012-03-01,7.8975400818434665,23.778533754123373,31.67607383596684
2012-03-02,11.811058737287894,23.27048023377111,35.081538971059004
2012-03-05,13.753980718374617,23.731792688395014,37.48577340676963
2012-03-06,6.9602160754085425,26.598022444160645,33.55823851956919
2012-03-07,12.592535338999767,25.392749301201363,37.98528464020113
2012-03-08,17.2089559982702,24.025756343583595,41.23471234185379
2012-03-09,19.042628540978924,24.735943021682573,43.7785715626615
2012-03-12,19.04043503898826,24.42832891014385,43.46876394913211
2012-03-13,12.4482170503546,24.76457628319111,37.21279333354571
2012-03-14,8.58016267914499,24.922945944482876,33.50310862362787
2012-03-15,8.960468012490711,22.644404438962557,31.604872451453268
2012-03-16,6.7808971538671905,21.042017249289238,27.822914403156428
2012-03-19,22.442395923628705,21.90580497428685,44.348200897915554
2012-03-20,17.036646189944236,23.25106472177216,40.287710911716395
2012-03-21,22.664355211809795,22.470823575162388,45.13517878697218
2012-03-22,7.296265923760746,23.66655859440733,30.962824518168077
2012-03-23,11.51279251265207,22.936388155442515,34.449180668094584
2012-03-26,21.126472485248602,22.553924968284615,43.68039745353322
2012-03-27,23.22139598493997,23.178503216775443,46.399899201715414
2012-03-28,3.0262819391324065,24.489968957939595,27.516250897072002
2012-03-29,3.263820074113543,24.786537295940658,28.0503573700542
2012-03-30,3.078785107830619,23.68481036921137,26.76359547704199
2012-04-02,4.236125975825999,23.448544874708627,27.684670850534626
2012-04-03,6.087470104913972,23.326917822794606,29.414387927708578
2012-04-04,3.1733891164717853,24.544413313841456,27.71780243031324
2012-04-05,2.907144102238764,24.540870111345324,27.448014213584088
2012-04-06,2.907144102238764,24.540870111345324,27.448014213584088
2012-04-09,4.03990183230507,25.62571931821936,29.66562115052443
2012-04-10,1.762520111469474,28.10499149578412,29.867511607253594
2012-04-11,2.454348209502328,27.11687114504854,29.571219354550866
2012-04-12,2.830547605989029,25.632470690007285,28.463018295996314
2012-04-13,3.619968811526636,26.568713259275313,30.18868207080195
2012-04-16,3.742556296301153,27.50725393812622,31.249810234427372
2012-04-17,12.16010939072359,25.65830430415857,37.81841369488216
2012-04-18,12.050344160049068,25.732212343876608,37.782556503925676
2012-04-19,11.53116322014008,25.658736166175046,37.189899386315126
2012-04-20,12.976205371788573,23.12897860637611,36.10518397816468
2012-04-23,13.697270695604875,24.90422667473558,38.601497370340454
2012-04-24,14.747341727234776,24.2589155319028,39.00625725913758
2012-04-25,5.856442828625418,23.456167027202053,29.31260985582747
2012-04-26,13.2466614895438,22.2175590302916,35.4642205198354
2012-04-27,11.011639304791402,21.33337913749368,32.34501844228508
2012-04-30,11.62165953283661,22.505574750794196,34.127234283630806
2012-05-01,7.704352486718882,21.694785158775286,29.399137645494168
2012-05-02,8.63222352649947,21.74961896970116,30.38184249620063
2012-05-03,6.618523960726094,22.53825822410756,29.156782184833656
2012-05-04,5.730856491798402,24.685232165049232,30.416088656847634
2012-05-07,4.861267274987092,24.595871198617107,29.4571384736042
2012-05-08,7.069797019895216,25.38824784610777,32.458044866002986
2012-05-09,9.813466659215955,27.171678662009967,36.98514532122592
2012-05-10,11.341790177049571,26.05396498361569,37.39575516066526
2012-05-11,5.887482115109748,26.562981895860226,32.450464010969974
2012-05-14,10.373946600699384,29.18322261915025,39.557169219849634
2012-05-15,7.052878066041266,30.06595811104672,37.118836177087985
2012-05-16,10.405573554895064,31.64743230738221,42.053005862277274
2012-05-17,2.449101828943796,33.25593988950871,35.705041718452506
2012-05-18,0.9546849927609102,34.39534845983739,35.3500334525983
2012-05-21,9.580544554467131,29.894563662835566,39.4751082173027
2012-05-22,11.86130187618977,30.64092970104263,42.5022315772324
2012-05-23,10.967804886571418,30.56155299502316,41.52935788159458
2012-05-24,6.663924609077821,31.132865588083707,37.79679019716153
2012-05-25,3.300189665506629,30.879914758651573,34.1801044241582
2012-05-28,3.300189665506629,30.879914758651573,34.1801044241582
2012-05-29,5.559627528759737,29.183406584925176,34.743034113684914
2012-05-30,4.43528533605739,30.534548930247922,34.96983426630531
2012-05-31,5.071507338226308,30.30485473493849,35.3763620731648
2012-06-01,1.9799392973792962,32.97503644375359,34.954975741132884
2012-06-04,4.768160399252729,33.47904460496418,38.24720500421691
2012-06-05,5.337076221316874,30.445086289381525,35.7821625106984
2012-06-06,5.528201000035487,28.68630858130532,34.214509581340806
2012-06-07,5.277616781752094,28.60834342882812,33.885960210580215
2012-06-08,7.253082681603999,28.455778544007295,35.708861225611294
2012-06-11,13.435584878789715,31.308548870984627,44.74413374977434
2012-06-12,16.61123589760897,29.61913272025363,46.2303686178626
2012-06-13,20.014786452821067,31.62527499621562,51.640061449036686
2012-06-14,13.06550547471955,30.9663391955962,44.03184467031575
2012-06-15,14.501641869312806,27.938612376156158,42.440254245468964
2012-06-18,22.919805736757986,27.240422152405912,50.1602278891639
2012-06-19,8.546639863546485,25.696318137212838,34.24295800075932
2012-06-20,18.742306199726713,24.85507841335349,43.5973846130802
2012-06-21,28.406320182755703,26.549370630328983,54.955690813084686
2012-06-22,10.359928744238136,25.762855641687455,36.12278438592559
2012-06-25,13.125040476645164,27.544679064660304,40.66971954130547
2012-06-26,5.902659592907522,27.07836538799471,32.981024980902234
2012-06-27,7.784016432778074,26.174993058322954,33.95900949110103
2012-06-28,5.430980896771185,26.236758832520536,31.66773972929172
2012-06-29,-10.19095640423508,40.29335622924396,30.10239982500888
2012-07-02,7.1701255655252965,24.448412139634996,31.618537705160293
2012-07-03,6.136304548326496,23.671195907303968,29.807500455630464
2012-07-04,6.136304548326496,23.671195907303968,29.807500455630464
2012-07-05,9.602784693386972,24.658368663719486,34.26115335710646
2012-07-06,10.417991384118729,24.943039711280505,35.361031095399234
2012-07-09,13.551380758062013,25.463378836640754,39.01475959470277
2012-07-10,5.479000038942324,26.194164673690306,31.67316471263263
2012-07-11,15.56455563308624,25.443829428933174,41.008385062019414
2012-07-12,15.882503139807504,26.409510569292223,42.29201370909973
2012-07-13,17.914123797487687,24.65406841178171,42.5681922092694
2012-07-16,18.575452007300832,24.611446311348097,43.18689831864893
2012-07-17,22.291789748961534,23.06107412384872,45.352863872810254
2012-07-18,9.244870498873563,22.70285062729002,31.947721126163582
2012-07-19,24.092752145939272,22.308024783229456,46.40077692916873
2012-07-20,25.930247010369133,23.03160729182908,48.96185430219821
2012-07-23,26.362716632941606,26.99199520060352,53.354711833545124
2012-07-24,25.0029673241142,27.43415543682134,52.43712276093554
2012-07-25,4.6923963706192815,26.259093834016547,30.951490204635828
2012-07-26,4.97118416113436,24.536055411002835,29.507239572137195
2012-07-27,7.109863598242857,23.07193039580688,30.181793994049738
2012-07-30,5.7148596415333515,24.288034959501438,30.00289460103479
2012-07-31,5.553845218209837,24.875686296744963,30.4295315149548
2012-08-01,5.172368310930924,25.60151087493522,30.773879185866143
2012-08-02,3.0444718237264787,25.831590666939835,28.876062490666314
2012-08-03,5.825099615008931,21.717679883023873,27.542779498032804
2012-08-06,6.275740474538427,23.284879775895828,29.560620250434255
2012-08-07,7.5604291604750244,22.93503660768427,30.495465768159296
2012-08-08,9.128552771864818,21.274792882810626,30.403345654675444
2012-08-09,9.899824878060137,21.01404920479207,30.913874082852207
2012-08-10,8.840905438317037,20.501192885822306,29.342098324139343
2012-08-13,11.392785654927977,20.976540174245926,32.3693258291739
2012-08-14,11.851089480486852,21.104221151805223,32.955310632292075
2012-08-15,11.525754944055222,22.15075453931555,33.67650948337077
2012-08-16,13.490125834182592,19.79357629839747,33.28370213258006
2012-08-17,-76.94926874233965,128.43158248048664,51.48231373814699
2012-08-20,12.61127426205758,19.570417927013285,32.181692189070866
2012-08-21,15.02014463287275,20.230266678638095,35.250411311510845
2012-08-22,15.418284541147703,20.09947078730546,35.51775532845316
2012-08-23,5.544221371217731,21.083157189419442,26.627378560637172
2012-08-24,6.1266699274491465,20.52777372003077,26.654443647479916
2012-08-27,16.881785454436045,21.899432552275034,38.78121800671108
2012-08-28,8.428278279280228,21.867865613940623,30.29614389322085
2012-08-29,13.130813006879873,22.57911896651792,35.709931973397794
2012-08-30,18.209670898486873,23.351384611050083,41.561055509536956
2012-08-31,11.806263567391266,22.641926189048096,34.44818975643936
2012-09-03,11.806263567391266,22.641926189048096,34.44818975643936
2012-09-04,17.791297028062495,24.082365850029596,41.87366287809209
2012-09-05,18.989413531790625,23.890977809245186,42.88039134103581
2012-09-06,15.916365751620841,21.63570222964994,37.55206798127078
2012-09-07,13.965527869693066,21.67403234777755,35.63956021747062
2012-09-10,22.82040404428412,23.42902201716794,46.24942606145206
2012-09-11,5.579869839172108,22.249105594028183,27.82897543320029
2012-09-12,10.018273037575284,22.124745075632703,32.14301811320799
2012-09-13,7.061932011182154,20.69138454293173,27.753316554113884
2012-09-14,14.536548026257524,20.89702292826099,35.433570954518515
2012-09-17,26.572936961571386,21.290736573524114,47.8636735350955
2012-09-18,3.357533819410385,20.4172357316641,23.774769551074485
2012-09-19,2.7385648001626564,20.528959167893433,23.26752396805609
2012-09-20,3.4625737853598224,19.447422806659834,22.909996592019656
2012-09-21,4.795929099085644,18.74333523982732,23.539264338912965
2012-09-24,4.955590427637272,18.69444286179904,23.650033289436312
2012-09-25,3.495898640834344,21.64049502426224,25.136393665096584
2012-09-26,3.64032483504495,21.521559787917266,25.161884622962216
2012-09-27,4.975577756823252,19.69874102135423,24.674318778177483
2012-09-28,3.9396105460868682,21.44598947934423,25.3856000254311
2012-10-01,4.080206617586676,21.095265898710338,25.175472516297013
2012-10-02,6.184200687547705,21.48127568624204,27.665476373789744
2012-10-03,5.212439652467619,20.462596900938447,25.675036553406066
2012-10-04,4.362852919293772,20.42251621472036,24.785369134014132
2012-10-05,5.867369311824522,20.494964438993513,26.362333750818035
2012-10-08,4.713422166159777,20.691682641820872,25.40510480798065
2012-10-09,4.496952324979901,21.288238476665246,25.785190801645147
2012-10-10,4.187298506271418,21.9625919989098,26.14989050518122
2012-10-11,5.398614162364137,19.96576056700386,25.364374729367995
2012-10-12,5.365853885403283,20.60740288419825,25.973256769601534
2012-10-15,6.27009053403345,19.89323663519539,26.16332716922884
2012-10-16,5.7205510273694955,19.10533470893297,24.825885736302464
2012-10-17,10.732204620925998,18.915481988763567,29.647686609689565
2012-10-18,10.620680277969708,18.773514268299056,29.394194546268764
2012-10-19,8.08884330945914,22.016720617191357,30.105563926650497
2012-10-22,9.357576017391011,19.972798467868603,29.330374485259615
2012-10-23,3.653420276156883,23.122009227461472,26.775429503618355
2012-10-24,7.207113229397439,22.15840232451077,29.36551555390821
2012-10-25,3.003455337782434,21.655548949806533,24.659004287588967
2012-10-26,3.7961541094491658,24.47510710009749,28.271261209546655
2012-10-29,3.795919450107469,24.474950586772987,28.270870036880456
2012-10-30,3.7954489812318606,24.474637299476186,28.270086280708046
2012-10-31,5.1563248451327155,23.155135057748915,28.31145990288163
2012-11-01,10.907783818526621,21.585135994650894,32.492919813177515
2012-11-02,8.442069722057859,23.047899376805955,31.489969098863813
2012-11-05,9.349852814274705,22.78277587593376,32.13262869020846
2012-11-06,10.009113724693325,22.350294140318834,32.35940786501216
2012-11-07,10.061792839848245,22.49324898795544,32.555041827803684
2012-11-08,4.648539472192873,23.52280382480692,28.171343296999794
2012-11-09,10.50508405672224,24.160200440516164,34.6652844972384
2012-11-12,7.690022591497971,21.820351173797018,29.51037376529499
2012-11-13,4.418351561339794,21.737448001643635,26.15579956298343
2012-11-14,11.943807980581546,24.474794582535658,36.418602563117204
2012-11-15,6.928211828202365,26.189410104834586,33.11762193303695
2012-11-16,11.018452368485057,23.197885963720957,34.216338332206014
2012-11-19,10.02450487172591,19.432483010721064,29.456987882446974
2012-11-20,4.122470982867451,19.449333396904052,23.571804379771503
2012-11-21,4.635989931577132,19.008144776381496,23.644134707958628
2012-11-22,4.635989931577132,19.008144776381496,23.644134707958628
2012-11-23,3.870541984783049,19.10315948747439,22.97370147225744
2012-11-26,3.419506400781195,19.905555107643142,23.325061508424337
2012-11-27,19.8157986350151,19.152241369994556,38.968040005009655
2012-11-28,11.245829431985022,19.85065119334343,31.096480625328454
2012-11-29,17.44857204019228,20.207563921565683,37.65613596175796
2012-11-30,17.53605993607669,21.143477803090647,38.67953773916734
2012-12-03,16.778206657962567,20.12026851837882,36.898475176341385
2012-12-04,18.670789828322214,20.385386687084598,39.05617651540681
2012-12-05,2.8373799941204325,19.984849307448908,22.82222930156934
2012-12-06,4.116083002590166,18.84903116507053,22.965114167660698
2012-12-07,0.43910840184084776,22.769177589428395,23.208285991269243
2012-12-10,4.372354744710641,18.52877517774621,22.90112992245685
2012-12-11,4.798894934904684,18.616774224718082,23.415669159622766
2012-12-12,4.147599300530189,18.34365055123944,22.491249851769627
2012-12-13,10.587755463293558,20.70185948744287,31.28961495073643
2012-12-14,3.4447643752198296,19.634460074580314,23.079224449800144
2012-12-17,3.2902752828080537,19.056409370883763,22.346684653691817
2012-12-18,6.768689086305834,18.39874084434681,25.167429930652645
2012-12-19,5.394360790899071,18.260348801146133,23.654709592045204
2012-12-20,6.064643164295216,18.050106566281762,24.11474973057698
2012-12-21,-2.808149129040924,26.125690740975653,23.31754161193473
2012-12-24,4.971080806181124,17.466952589560364,22.43803339574149
2012-12-25,4.971080806181124,17.466952589560364,22.43803339574149
2012-12-26,4.28600767228431,18.49099968705918,22.77700735934349
2012-12-27,4.245973815385419,18.73518367176102,22.98115748714644
2012-12-28,-6.035864194812689,30.432812670058812,24.396948475246123
2012-12-31,4.104801349020196,18.25509533065286,22.359896679673056
2013-01-01,4.104801349020196,18.25509533065286,22.359896679673056
2013-01-02,4.9686593023448395,16.57100520233776,21.539664504682598
2013-01-03,3.085576921339783,18.830982134077296,21.91655905541708
2013-01-04,-0.6353731822588564,22.086744873748145,21.45137169148929
2013-01-07,6.76001603473102,16.18585649358156,22.94587252831258
2013-01-08,5.578843080968738,15.59860698913264,21.17745007010138
2013-01-09,4.902704544608124,15.518613359187391,20.421317903795515
2013-01-10,8.07954058473321,16.3439010528145,24.423441637547707
2013-01-11,8.59375810126911,15.9041440162713,24.49790211754041
2013-01-14,8.874982538245082,15.91954496546181,24.79452750370689
2013-01-15,6.206739179108361,16.4933903306492,22.70012950975756
2013-01-16,8.379436367581082,16.268524078126628,24.64796044570771
2013-01-17,8.222414487529083,17.085339100856807,25.30775358838589
2013-01-18,3.427427050155501,15.776196533881375,19.203623584036876
2013-01-21,3.427427050155501,15.776196533881375,19.203623584036876
2013-01-22,3.990911886664165,14.870758696255326,18.86167058291949
2013-01-23,4.56757886953187,13.929680452258426,18.497259321790295
2013-01-24,3.423517618029182,14.877064533089976,18.30058215111916
2013-01-25,4.0180550106535105,14.36398110322608,18.38203611387959
2013-01-28,2.756074841410344,15.84445508456974,18.600529925980084
2013-01-29,3.0125397424191824,15.538125658538437,18.55066540095762
2013-01-30,2.676510079383796,16.214395297278063,18.89090537666186
2013-01-31,2.519260466893332,16.49763664312417,19.016897110017503
2013-02-01,3.273779547143887,15.483189027975511,18.756968575119398
2013-02-04,2.4584198615008717,16.7608969346102,19.219316796111073
2013-02-05,3.6067639474676785,15.407476178204343,19.01424012567202
2013-02-06,3.128146726404525,15.838322772460097,18.966469498864623
2013-02-07,2.51246560041006,16.665882919788956,19.178348520199016
2013-02-08,3.340906002852524,15.294696075701964,18.635602078554488
2013-02-11,3.1873337947368157,15.389823479354387,18.577157274091203
2013-02-12,3.151376435941966,14.800435699570059,17.951812135512025
2013-02-13,3.8664387504720334,13.810098370423527,17.67653712089556
2013-02-14,2.743832688334315,14.741654539940818,17.485487228275133
2013-02-15,4.120413550070074,13.096119876997294,17.216533427067368
2013-02-18,4.120413550070074,13.096119876997294,17.216533427067368
2013-02-19,2.970548721030486,13.968562804701264,16.93911152573175
2013-02-20,2.366490655788411,14.843150270585397,17.209640926373808
2013-02-21,0.8333089715158906,16.921428895176177,17.754737866692068
2013-02-22,0.7226508298081491,16.80631617238292,17.52896700219107
2013-02-25,-1.1772685192470824,20.07607260079833,18.898804081551248
2013-02-26,0.7834051530808637,17.93015315801741,18.713558311098275
2013-02-27,1.1876360310731116,16.798459345551493,17.986095376624604
2013-02-28,1.6590131822476728,16.34658319861117,18.005596380858844
2013-03-01,1.7283690496273643,16.211170824148617,17.93953987377598
2013-03-04,2.0810980463781146,15.950065798420008,18.031163844798122
2013-03-05,2.676673669796518,14.843857718722283,17.5205313885188
2013-03-06,8.776028268384477,14.896229791707698,23.672258060092176
2013-03-07,15.762247866663465,14.561141203983436,30.3233890706469
2013-03-08,4.4583751807852465,12.891599997331657,17.349975178116903
2013-03-11,15.190094422820625,14.41459827159128,29.604692694411906
2013-03-12,17.123053382720283,16.377416443375896,33.50046982609618
2013-03-13,15.104833039218956,16.660278931232455,31.76511197045141
2013-03-14,22.539111763356228,16.9928150914313,39.53192685478753
2013-03-15,7.951831257884567,15.13287536203875,23.084706619923317
2013-03-18,21.051501165180525,15.998041530299433,37.04954269547996
2013-03-19,5.829909966277796,16.479721388398993,22.30963135467679
2013-03-20,12.228211406464919,15.771031068608963,27.99924247507388
2013-03-21,15.24353704074396,17.42927420358658,32.67281124433054
2013-03-22,23.68208569189693,16.682885725395096,40.364971417292026
2013-03-25,2.5814723811936062,16.287644886815485,18.86911726800909
2013-03-26,17.004682807376028,16.305889063893062,33.31057187126909
2013-03-27,1.9783460401807176,16.068751917730765,18.047097957911483
2013-03-28,3.4748822483690454,14.368036938512443,17.84291918688149
2013-03-29,3.4748822483690454,14.368036938512443,17.84291918688149
2013-04-01,2.7262099158530493,15.788237062321341,18.51444697817439
2013-04-02,3.1353512148905374,15.221076131991637,18.356427346882175
2013-04-03,2.749694730639023,15.987763978660793,18.737458709299815
2013-04-04,1.541627734099805,17.538998454438357,19.08062618853816
2013-04-05,1.8606328532664165,17.21492826591345,19.075561119179866
2013-04-08,1.984321526443015,16.86792936875911,18.852250895202125
2013-04-09,2.344441669312097,16.041780043371386,18.386221712683483
2013-04-10,2.341489019101518,15.739320547239233,18.08080956634075
2013-04-11,3.403032843714877,14.673318067879373,18.07635091159425
2013-04-12,0.5735446400893238,18.081274245212086,18.65481888530141
2013-04-15,-1.5779048821912696,25.825028655058247,24.247123772866978
2013-04-16,1.1128911543078637,18.174672173293082,19.287563327600946
2013-04-17,0.299471731988735,20.153520600236448,20.452992332225183
2013-04-18,0.1294590304132761,20.52603224700274,20.655491277416015
2013-04-19,1.8043187666298621,19.262810590702248,21.06712935733211
2013-04-22,2.181995958759721,17.288334419115767,19.470330377875488
2013-04-23,17.86190347317832,21.02342877446031,38.88533224763863
2013-04-24,1.1060567048654413,17.8537129062634,18.95976961112884
2013-04-25,20.276056226854685,19.566954244016635,39.84301047087132
2013-04-26,2.1118372455089656,16.672817267767652,18.784654513276617
2013-04-29,2.3029258190610378,16.331024671475667,18.633950490536705
2013-04-30,1.37324160866552,16.549346459855226,17.922588068520746
2013-05-01,-0.26294086971590147,19.134237067863978,18.871296198148077
2013-05-02,11.581245629247807,20.590389757826085,32.17163538707389
2013-05-03,14.65736934725016,20.14931579664315,34.80668514389331
2013-05-06,-2.4014925374184592,20.739134561126964,18.337642023708504
2013-05-07,8.853634707613633,17.7566294507219,26.610264158335532
2013-05-08,1.4400343467165726,16.68059394533328,18.12062829204985
2013-05-09,1.6322935217310715,17.00390101594948,18.636194537680552
2013-05-10,10.311229232263159,17.929834054347708,28.241063286610867
2013-05-13,0.7021858336944362,18.732723079176242,19.43490891287068
2013-05-14,0.21924066100899253,18.981519880707115,19.200760541716107
2013-05-15,-1.1461359001824505,20.63068658695895,19.4845506867765
2013-05-16,-2.1617958044187127,21.29498035414305,19.133184549724337
2013-05-17,-2.6397294426513582,23.859240379880642,21.219510937229284
2013-05-20,2.8946742970422363,15.737557703134684,18.63223200017692
2013-05-21,-15.186957019520108,36.569358409923304,21.382401390403196
2013-05-22,3.1472354402641542,16.599443609498625,19.74667904976278
2013-05-23,-78.72102481879953,103.52853138290195,24.807506564102415
2013-05-24,2.440115797835407,18.452838729369724,20.89295452720513
2013-05-27,2.440115797835407,18.452838729369724,20.89295452720513
2013-05-28,2.7334419049296947,17.588742184209714,20.32218408913941
2013-05-29,1.5654852609688064,19.000154152834178,20.565639413802984
2013-05-30,3.182386795079502,18.92361996411207,22.106006759191573
2013-05-31,-25.515538282383623,46.80883282691905,21.293294544535428
2013-06-03,0.8988389446470535,19.915119947010815,20.81395889165787
2013-06-04,1.5722819979657245,20.36582419456392,21.938106192529645
2013-06-05,-2.0735853913201154,24.733627281869893,22.660041890549778
2013-06-06,0.4446168391133831,21.727478244366143,22.172095083479526
2013-06-07,1.0453144808177797,21.368758519507068,22.414073000324848
2013-06-10,1.4689312805182944,23.085453513951187,24.55438479446948
2013-06-11,0.05013486457170302,23.190517244174753,23.240652108746456
2013-06-12,-1.3235683050027482,25.243720640417965,23.920152335415217
2013-06-13,0.8130645122099018,24.119372465854237,24.93243697806414
2013-06-14,0.05547914290989553,24.202593684361982,24.258072827271878
2013-06-17,-6.3976191745940625,33.37476648243499,26.97714730784093
2013-06-18,-0.8235695465853965,24.461230992341786,23.63766144575639
2013-06-19,-4.164482390655348,32.17266998323098,28.008187592575634
2013-06-20,-13.82798489837684,48.59058263159281,34.76259773321597
2013-06-21,9.941053647322043,30.63944822254402,40.58050186986606
2013-06-24,-4.695329564670217,38.06439617929822,33.369066614628004
2013-06-25,-7.721130033066011,35.04771320452406,27.326583171458047
2013-06-26,-0.26929600489958716,26.43811848819943,26.16882248329984
2013-06-27,-1.3867145133121248,25.92932567586535,24.542611162553225
2013-06-28,-14.160487198812081,38.76457049810052,24.604083299288437
2013-07-01,0.8263582205190687,23.294459132856446,24.120817353375514
2013-07-02,-1.4268130984356837,27.334295922796358,25.907482824360674
2013-07-03,0.9158860725164253,27.798926033877454,28.71481210639388
2013-07-04,0.9158860725164253,27.798926033877454,28.71481210639388
2013-07-05,6.4665233259753805,26.58653648852632,33.0530598145017
2013-07-08,-1.1196959944671363,26.245668454591904,25.125972460124768
2013-07-09,1.9396185091900087,28.157241629782483,30.09686013897249
2013-07-10,0.06168831869496216,24.311719979293272,24.373408297988234
2013-07-11,0.07714327359041917,23.993341761620258,24.070485035210677
2013-07-12,-2.1484211487294864,30.806414535481437,28.65799338675195
2013-07-15,-1.8041658735059016,34.78823621986544,32.98407034635954
2013-07-16,-0.7984831118900217,24.79850402417526,24.000020912285237
2013-07-17,-0.6924661997212098,30.652834931375693,29.960368731654484
2013-07-18,6.561114759569218,24.065478763767096,30.626593523336314
2013-07-19,3.3038220880828533,22.79250469093349,26.096326779016344
2013-07-22,1.967984844243766,21.06040003064035,23.028384874884114
2013-07-23,2.5729364384131017,20.15031308697173,22.723249525384833
2013-07-24,2.3066354416076145,20.505498585594157,22.812134027201772
2013-07-25,2.618082836598493,19.756648125324073,22.374730961922566
2013-07-26,2.8066935035014957,19.389974526859337,22.196668030360833
2013-07-29,1.5347571064629513,21.210658254599917,22.745415361062868
2013-07-30,1.3927129474829982,21.39607397940594,22.78878692688894
2013-07-31,2.2394570485314595,21.295451600483027,23.534908649014486
2013-08-01,2.9241150079364537,19.786927566125662,22.711042574062116
2013-08-02,3.6157671497152073,18.367830486725296,21.983597636440503
2013-08-05,3.4237079471668324,18.38262885997097,21.806336807137804
2013-08-06,1.7014973934138844,20.445147370583996,22.14664476399788
2013-08-07,1.2265156375692499,21.546443486625535,22.772959124194784
2013-08-08,-11.035258653970562,39.37191673656385,28.336658082593285
2013-08-09,-6.435622437931652,28.565444019723436,22.129821581791784
2013-08-12,1.0584798336381738,20.87215956083563,21.930639394473804
2013-08-13,1.6424983843426801,20.10732146528825,21.74981984963093
2013-08-14,4.007755684522767,20.22533813827227,24.233093822795038
2013-08-15,1.2298959251742545,21.702194244325938,22.932090169500192
2013-08-16,3.6157379605195565,19.668863833000508,23.284601793520064
2013-08-19,1.1516222383878443,22.838113471030095,23.98973570941794
2013-08-20,1.1678858718031364,22.911053576308095,24.07893944811123
2013-08-21,1.1381130271975977,23.793112136539783,24.93122516373738
2013-08-22,1.4467536622404324,22.80336560596064,24.25011926820107
2013-08-23,2.673645095483412,21.12191675351477,23.795561848998183
2013-08-26,1.2804546991291446,23.397884758515175,24.67833945764432
2013-08-27,-0.30089420143425727,26.302557867959393,26.001663666525136
2013-08-28,0.3946170505675646,25.64347376116574,26.038090811733305
2013-08-29,1.0287240213031517,25.488910915671546,26.517634936974698
2013-08-30,0.8083262399170685,25.449298191097014,26.257624431014083
2013-09-02,0.8083262399170685,25.449298191097014,26.257624431014083
2013-09-03,0.031373719739569594,25.863340863462803,25.894714583202372
2013-09-04,1.4030160542849899,23.908935852195196,25.311951906480186
2013-09-05,1.863481659841245,22.966235763093554,24.8297174229348
2013-09-06,1.3584836797434257,23.402948899276545,24.76143257901997
2013-09-09,0.7786063990249801,23.625197241088344,24.403803640113324
2013-09-10,3.6701513533740844,23.38857741600012,27.058728769374206
2013-09-11,1.197513934758483,22.36760685893658,23.565120793695062
2013-09-12,1.0527649181269005,22.507052543031428,23.559817461158328
2013-09-13,2.4671666844977906,21.603847717148536,24.071014401646327
2013-09-16,0.35238837183484506,22.315292890969992,22.667681262804837
2013-09-17,0.44364094410868304,22.224723793229813,22.668364737338496
2013-09-18,1.2240370250903965,20.722435327502286,21.946472352592682
2013-09-19,2.053970872840271,19.87810910397764,21.93207997681791
2013-09-20,1.681071188839823,21.452004831866326,23.13307602070615
2013-09-23,2.0127268901595237,20.74183808442562,22.754564974585143
2013-09-24,2.366083411475799,20.36700104707158,22.733084458547378
2013-09-25,2.27101886218691,20.326322742193344,22.597341604380254
2013-09-26,2.327452356897986,20.27672771394673,22.604180070844716
2013-09-27,1.6738871062063332,21.369986782285704,23.043873888492037
2013-09-30,0.5206368544653976,23.40483630515104,23.925473159616438
2013-10-01,1.5300377468139388,21.682563051461116,23.212600798275055
2013-10-02,1.079896068555911,22.203813226624906,23.283709295180817
2013-10-03,0.7179589153693264,22.783218301693857,23.501177217063184
2013-10-04,1.1031132991777106,21.896058143002016,22.999171442179726
2013-10-07,-0.6544223626257519,24.64739943879375,23.992977076168
2013-10-08,-1.1140381426740085,25.947901305439007,24.833863162765
2013-10-09,-0.47381530016618,25.02890379499993,24.55508849483375
2013-10-10,1.3130672625715043,22.467532122610805,23.78059938518231
2013-10-11,1.9636869555106635,21.055646313158068,23.01933326866873
2013-10-14,0.9630364794731321,21.8182576216123,22.781294101085432
2013-10-15,-2.4373052973426077,25.707782942152008,23.2704776448094
2013-10-16,-1.0967383055557178,24.06818182666288,22.97144352110716
2013-10-17,2.5975437885236268,19.413561525909824,22.01110531443345
2013-10-18,3.5605050350700935,17.84215244737655,21.402657482446642
2013-10-21,4.451514491120122,16.521501647312675,20.973016138432797
2013-10-22,4.056673417561949,16.812797462940903,20.869470880502853
2013-10-23,2.820148345010736,18.95287690813664,21.773025253147377
2013-10-24,2.810191190174919,18.994703003797085,21.804894193972004
2013-10-25,3.1166652675399575,18.451217761344306,21.567883028884264
2013-10-28,3.005971222145167,18.328636265554305,21.334607487699472
2013-10-29,2.929674287821591,18.329525155348524,21.259199443170115
2013-10-30,2.8295935919036026,18.60333715969555,21.43293075159915
2013-10-31,3.033927025363859,18.781518417703747,21.815445443067606
2013-11-01,3.462720859061541,18.49932260127246,21.962043460334
2013-11-04,3.282585716240952,18.30167342611589,21.584259142356842
2013-11-05,1.971554374430351,20.563207701024005,22.534762075454356
2013-11-06,2.5211928731266156,20.176903243419805,22.69809611654642
2013-11-07,1.3011029542988553,21.987027381266277,23.288130335565132
2013-11-08,2.784335882720555,20.24432798877912,23.028663871499674
2013-11-11,-0.5663024749002439,23.686349492822103,23.12004701792186
2013-11-12,1.6604433070840763,21.325725801651338,22.986169108735414
2013-11-13,2.2421542267982097,20.93133181068311,23.173486037481318
2013-11-14,3.7647984786515885,18.70305323492101,22.4678517135726
2013-11-15,4.310427206173259,17.92653448358924,22.2369616897625
2013-11-18,1.6486853286189636,20.971013263275605,22.61969859189457
2013-11-19,2.123702852485799,20.84073789679313,22.96444074927893
2013-11-20,1.8947025631766294,21.712577115818828,23.607279678995457
2013-11-21,1.8921463255080262,21.70305167481836,23.595198000326388
2013-11-22,2.310110237527809,20.975789058566285,23.285899296094094
2013-11-25,1.5105624704325216,21.916086704383204,23.426649174815726
2013-11-26,1.9164360957860005,21.157369154661,23.073805250447002
2013-11-27,2.0338967316100955,20.87244425602838,22.906340987638476
2013-11-28,2.0338967316100955,20.87244425602838,22.906340987638476
2013-11-29,2.1972239638329363,20.464083774814842,22.66130773864778
2013-12-02,0.7324461868875929,22.6666739054636,23.399120092351193
2013-12-03,-0.07755123401904385,24.004569185786515,23.92701795176747
2013-12-04,0.18063062619047798,23.953936640065855,24.134567266256333
2013-12-05,-0.23845680255797674,24.317870511128195,24.07941370857022
2013-12-06,0.8016638482859122,22.844109350656197,23.64577319894211
2013-12-09,1.3575737689392184,22.45500453747838,23.8125783064176
2013-12-10,1.397689960744703,22.24797742296547,23.645667383710173
2013-12-11,0.006068021033456716,24.213722263995614,24.21979028502907
2013-12-12,0.683493160682108,23.399952853740537,24.083446014422645
2013-12-13,0.34785982165960405,23.566105432237787,23.91396525389739
2013-12-16,-0.3140692279921993,23.878838951773808,23.56476972378161
2013-12-17,0.5040531613288337,22.984755293515015,23.48880845484385
2013-12-18,3.029063001950977,19.22164566995927,22.250708671910246
2013-12-19,3.8087327980067407,18.523447758314155,22.332180556320896
2013-12-20,3.287373921858503,18.399030821949264,21.686404743807767
2013-12-23,4.097652185933924,17.302312304517763,21.399964490451687
2013-12-24,3.883720571503691,17.21191512287176,21.09563569437545
2013-12-25,3.883720571503691,17.21191512287176,21.09563569437545
2013-12-26,3.61724850986867,17.57187954085256,21.18912805072123
2013-12-27,3.374768474893475,17.700313444265163,21.075081919158638
2013-12-30,2.6778731749295765,18.315583148519508,20.993456323449085
2013-12-31,1.9603243261628798,18.804583125691476,20.764907451854356
2014-01-01,1.9603243261628798,18.804583125691476,20.764907451854356
2014-01-02,0.10823095904731161,21.830088825539885,21.938319784587197
2014-01-03,1.264017658879908,20.684889092274254,21.948906751154162
2014-01-06,1.1848709176907022,20.787859126127195,21.972730043817897
2014-01-07,1.5396954749018619,19.955070797541048,21.49476627244291
2014-01-08,1.315212427315398,20.11839082980044,21.433603257115838
2014-01-09,1.7064753141191638,20.112314859822895,21.81879017394206
2014-01-10,2.330590208526168,18.743674012714205,21.074264221240373
2014-01-13,1.503250156341764,19.936698077632,21.439948233973762
2014-01-14,2.1435961188513133,19.23375983563869,21.377355954490003
2014-01-15,2.1652130790847153,19.110802633544836,21.27601571262955
2014-01-16,2.54051655603849,18.805329570199003,21.345846126237493
2014-01-17,4.0879854107608224,17.140918556960223,21.228903967721045
2014-01-20,4.0879854107608224,17.140918556960223,21.228903967721045
2014-01-21,3.0256951381456787,18.290791393885808,21.316486532031487
2014-01-22,3.545588187223643,17.861799466284285,21.40738765350793
2014-01-23,1.9896554227175756,20.28834257118712,22.277997993904695
2014-01-24,2.0478053856786644,24.84969912194571,26.897504507624376
2014-01-27,-0.802269769897535,25.551623551106488,24.749353781208953
2014-01-28,-0.8547546059374866,25.648729746139505,24.79397514020202
2014-01-29,-1.3295417685675268,26.961626718897957,25.63208495033043
2014-01-30,-0.21655299276080342,25.092489644140187,24.875936651379384
2014-01-31,0.1702364080879839,24.910198597973906,25.08043500606189
2014-02-03,-1.6790545259059648,27.458110911409396,25.77905638550343
2014-02-04,-1.494169581754651,26.379785143665373,24.885615561910722
2014-02-05,-0.9411128613794624,26.14984517267689,25.208732311297428
2014-02-06,-0.38608660042585896,24.615827646395203,24.229741045969345
2014-02-07,0.06071684602635585,23.52089448426774,23.581611330294095
2014-02-10,-0.044599566812628666,23.560708448941387,23.51610888212876
2014-02-11,0.45790536666279635,22.081654613908697,22.539559980571493
2014-02-12,0.6417419756198548,22.41430442734793,23.056046402967784
2014-02-13,1.294118143050543,21.47689362555731,22.771011768607853
2014-02-14,1.7573029691588502,20.569452359595726,22.326755328754576
2014-02-17,1.7573029691588502,20.569452359595726,22.326755328754576
2014-02-18,0.3911727937700036,22.289401023316014,22.680573817086017
2014-02-19,0.1438772810211617,23.00405517072574,23.1479324517469
2014-02-20,0.6298134311639529,22.15067871515392,22.780492146317872
2014-02-21,1.273027470025994,21.42785879468555,22.700886264711546
2014-02-24,1.6539056693558685,20.889134963611145,22.543040632967013
2014-02-25,1.2481408337766027,21.757538217355847,23.00567905113245
2014-02-26,1.190194335680065,21.836853321837715,23.02704765751778
2014-02-27,1.6135290418344752,21.062668286285465,22.67619732811994
2014-02-28,0.30744028873395735,22.83007844523865,23.13751873397261
2014-03-03,-2.235686702696068,26.520936567809173,24.285249865113105
2014-03-04,0.9755879076656697,22.287964517999654,23.263552425665324
2014-03-05,1.4176324508863587,21.671912733580374,23.089545184466733
2014-03-06,1.0788413328711108,21.806310182754,22.88515151562511
2014-03-07,0.6621045823163882,23.025030225785716,23.687134808102105
2014-03-10,0.6036395722089232,23.4717105954111,24.075350167620023
2014-03-11,0.6558314880728275,23.551920515778786,24.207752003851613
2014-03-12,0.7274489929859129,23.290556779411354,24.018005772397267
2014-03-13,-0.8893413372918246,25.797436472712086,24.90809513542026
2014-03-14,-5.434918988233871,30.39064089665333,24.95572190841946
2014-03-17,0.8359173978779388,23.6943737402847,24.53029113816264
2014-03-18,1.819522339890021,21.67461442141211,23.49413676130213
2014-03-19,1.3982564535206095,22.656078328290242,24.05433478181085
2014-03-20,2.594563993428853,21.149779974902348,23.7443439683312
2014-03-21,1.7546677310712404,21.7837412200668,23.53840895113804
2014-03-24,1.583444715795487,21.567335023483754,23.15077973927924
2014-03-25,2.2227008899543854,20.32087246132429,22.543573351278674
2014-03-26,0.05923599249331701,22.427391826546973,22.48662781904029
2014-03-27,1.2467925162277531,21.24669781680005,22.493490333027804
2014-03-28,1.5430079417134444,20.68485901453376,22.227866956247205
2014-03-31,1.7606118785522256,19.961434328779156,21.72204620733138
2014-04-01,2.5695052642449383,18.726515892851012,21.29602115709595
2014-04-02,2.720177944582197,18.299720564733857,21.019898509316054
2014-04-03,3.2355808887547077,17.890935451000995,21.126516339755703
2014-04-04,2.5705398761211313,18.908657130956648,21.47919700707778
2014-04-07,2.3704541524699536,19.319924570353212,21.690378722823166
2014-04-08,1.95386448098035,19.66218354757016,21.61604802855051
2014-04-09,2.499136810347693,18.983359153005118,21.48249596335281
2014-04-10,1.5010888386168908,20.870005471541493,22.371094310158384
2014-04-11,2.1975935306384855,20.49635538347555,22.693948914114035
2014-04-14,2.34411664594467,20.080967469372197,22.425084115316867
2014-04-15,0.8871940612118365,21.889366209671742,22.77656027088358
2014-04-16,2.0010083766866877,19.978575133139582,21.97958350982627
2014-04-17,2.151379125579002,19.242015675214876,21.393394800793878
2014-04-18,2.151379125579002,19.242015675214876,21.393394800793878
2014-04-21,2.16334966054389,19.431755522299827,21.595105182843717
2014-04-22,2.397572512241773,18.99386930774967,21.391441819991442
2014-04-23,-18.934338610670412,40.33551983958331,21.4011812289129
2014-04-24,2.309300403950001,19.09857367547371,21.40787407942371
2014-04-25,2.44009120155291,19.302171552575633,21.742262754128543
2014-04-28,2.3073937804144933,19.42348063327585,21.730874413690344
2014-04-29,3.268095762614127,17.948510525178275,21.216606287792402
2014-04-30,3.7944691422876353,17.26222634297003,21.056695485257666
2014-05-01,2.8643241424894903,17.870957628303476,20.735281770792966
2014-05-02,2.931541793085181,17.23545403465294,20.16699582773812
2014-05-05,3.2743640645137724,17.175314553962128,20.4496786184759
2014-05-06,3.1184067975598317,17.07818036554199,20.19658716310182
2014-05-07,3.1366561014515284,16.79287403069434,19.929530132145867
2014-05-08,3.1205606946035047,16.46458334595546,19.585144040558966
2014-05-09,2.113003975973747,17.413189066508266,19.526193042482014
2014-05-12,3.652942884850514,15.45725541440357,19.110198299254083
2014-05-13,3.58179228101071,14.862619791926814,18.444412072937524
2014-05-14,2.6134593949747806,15.848279256932335,18.461738651907115
2014-05-15,3.136265296252107,15.881969582063812,19.01823487831592
2014-05-16,-0.5589611945001245,19.41223599278145,18.853274798281326
2014-05-19,4.217563241400523,14.461924868573902,18.679488109974425
2014-05-20,3.0982584264573436,15.955688723662368,19.05394715011971
2014-05-21,3.662263125014393,15.272860346122505,18.935123471136897
2014-05-22,4.463442723295826,14.161644338696314,18.62508706199214
2014-05-23,4.632577746592615,14.039541514921867,18.67211926151448
2014-05-26,4.632577746592615,14.039541514921867,18.67211926151448
2014-05-27,4.217928440284966,14.74744763637102,18.965376076655986
2014-05-28,3.9673649470663346,14.835582956053331,18.802947903119666
2014-05-29,4.159823665425364,14.58338319139602,18.743206856821384
2014-05-30,3.601588944459209,15.628299833521023,19.229888777980232
2014-06-02,3.2744612412409424,15.947936289611647,19.22239753085259
2014-06-03,3.067645027956644,15.97644434517498,19.044089373131623
2014-06-04,2.992795326533056,16.236554030332258,19.229349356865313
2014-06-05,3.1734304039475383,15.719866885040922,18.89329728898846
2014-06-06,3.9947364622379364,14.356336014397966,18.351072476635903
2014-06-09,3.48189952132412,14.820797368975427,18.302696890299547
2014-06-10,3.4579224640314052,14.686292824683672,18.144215288715078
2014-06-11,3.5402300544232475,14.874873514063442,18.41510356848669
2014-06-12,2.7180344921815234,16.028564489999795,18.746598982181318
2014-06-13,3.8695814093806717,14.919143194125226,18.788724603505898
2014-06-16,1.9041113241936145,17.0243484271939,18.928459751387514
2014-06-17,3.0125238505797203,15.930751631711038,18.94327548229076
2014-06-18,3.3895045797802705,15.027327959285428,18.416832539065698
2014-06-19,4.0062768100458275,14.258589953260826,18.264866763306653
2014-06-20,4.795844429320228,13.30567333859303,18.101517767913258
2014-06-23,4.17653194635462,13.691499444978072,17.868031391332693
2014-06-24,3.6232063068279317,13.99204906915752,17.615255375985452
2014-06-25,4.260993733722255,13.414530639559999,17.675524373282254
2014-06-26,3.9808321805457663,13.379485227643512,17.360317408189278
2014-06-27,4.319177893640676,12.979937567468655,17.29911546110933
2014-06-30,3.591310020237378,13.581684349579382,17.17299436981676
2014-07-01,4.049309673864181,12.6693717788354,16.71868145269958
2014-07-02,4.302790638161822,12.540304317861048,16.84309495602287
2014-07-03,4.483057644415469,12.150562922086992,16.63362056650246
2014-07-04,4.483057644415469,12.150562922086992,16.63362056650246
2014-07-07,4.148577848675496,12.565067315416142,16.713645164091638
2014-07-08,3.3885925190710378,13.635103243466792,17.02369576253783
2014-07-09,3.8382145563571726,13.180921344582188,17.01913590093936
2014-07-10,3.9322672550751108,13.510193678268642,17.442460933343753
2014-07-11,3.831183664646886,13.52969886684527,17.360882531492155
2014-07-14,4.368426381516924,12.899033752853414,17.26746013437034
2014-07-15,3.904965656324997,13.468253350640257,17.373219006965254
2014-07-16,4.47940581562289,12.811523953180902,17.290929768803792
2014-07-17,2.1466980039442305,16.474240125395557,18.620938129339788
2014-07-18,4.007275464099214,14.010231855587863,18.017507319687077
2014-07-21,4.231161648741736,13.893857698458199,18.125019347199935
2014-07-22,4.296830105127594,13.599607847976142,17.896437953103735
2014-07-23,4.095199292649866,13.630787798875208,17.725987091525074
2014-07-24,3.386415413143748,14.631068711924044,18.017484125067792
2014-07-25,3.901151311843009,14.416219773506697,18.317371085349706
2014-07-28,3.9684275663153485,14.383368114817902,18.35179568113325
2014-07-29,3.414638697248778,15.127849848198943,18.54248854544772
2014-07-30,2.967911797565172,15.697879308363866,18.66579110592904
2014-07-31,1.2391701571457894,18.30263459144242,19.54180474858821
2014-08-01,1.787998281026372,18.19233321914121,19.980331500167583
2014-08-04,2.77929200167306,17.073258442031538,19.852550443704597
2014-08-05,1.750215968891716,18.59986741772531,20.350083386617026
2014-08-06,1.239640198804537,19.47474993248094,20.714390131285477
2014-08-07,1.102284337173856,19.83977201854909,20.942056355722947
2014-08-08,3.237901376412605,17.53654552735596,20.774446903768563
2014-08-11,3.0439176837842012,17.438888423383215,20.482806107167416
2014-08-12,3.7102900656766558,16.592885082175933,20.30317514785259
2014-08-13,3.9593703524430293,15.907428490420289,19.866798842863318
2014-08-14,4.663309156297217,15.036809667622997,19.700118823920214
2014-08-15,4.621022097676461,14.896560727608977,19.517582825285437
2014-08-18,4.620527484920457,14.170220723728983,18.79074820864944
2014-08-19,4.953323486075691,13.387788889627695,18.341112375703386
2014-08-20,4.846178578117586,13.564196334537352,18.410374912654937
2014-08-21,4.943641674430607,13.538515466654244,18.48215714108485
2014-08-22,4.842260754578692,13.504128888295455,18.346389642874147
2014-08-25,4.878494390554231,12.841930739391906,17.720425129946136
2014-08-26,4.6582087707853255,12.883191430344748,17.541400201130074
2014-08-27,4.929603075930316,12.60196446517105,17.531567541101367
2014-08-28,4.5701779175720905,13.31947453695543,17.88965245452752
2014-08-29,4.359886128129716,13.534336518782474,17.89422264691219
2014-09-01,4.359886128129716,13.534336518782474,17.89422264691219
2014-09-02,4.108317259664847,13.922063296030213,18.03038055569506
2014-09-03,2.9879266061632563,14.74839605640333,17.736322662566586
2014-09-04,2.9473000661542645,14.88650434832529,17.833804414479555
2014-09-05,4.0676289554048495,13.776540431756448,17.844169387161298
2014-09-08,3.32159744041393,14.866901640046349,18.18849908046028
2014-09-09,2.3732292590494595,16.494691865230457,18.867921124279917
2014-09-10,2.4490081742960506,16.42083910983291,18.869847284128962
2014-09-11,2.2032747704097275,16.974893125631212,19.17816789604094
2014-09-12,1.8411143615740215,17.781707835174394,19.622822196748416
2014-09-15,1.1080713567766445,18.75312485231805,19.861196209094693
2014-09-16,1.5093242976008483,18.13770688183526,19.64703117943611
2014-09-17,2.9514212754246714,16.486854340009913,19.438275615434584
2014-09-18,3.6072511835100975,15.595143607048406,19.202394790558504
2014-09-19,3.7607295048952007,15.03847981797981,18.79920932287501
2014-09-22,2.292287187273015,16.9005225224626,19.192809709735617
2014-09-23,2.3179009011898692,16.95304004594027,19.27094094713014
2014-09-24,2.851012806939181,16.136387667356086,18.987400474295267
2014-09-25,1.975775605607108,17.784821074117023,19.76059667972413
2014-09-26,2.0957101437391117,17.743644610619526,19.839354754358638
2014-09-29,0.8069036314600169,19.94275664117414,20.749660272634156
2014-09-30,1.2506479589382948,19.540813311739686,20.79146127067798
2014-10-01,0.6061614366407788,20.960134643133618,21.566296079774396
2014-10-02,1.3543493063039378,20.12184537761124,21.47619468391518
2014-10-03,1.9474275408129174,18.924986147162485,20.872413687975403
2014-10-06,1.860905306687627,18.68799308477224,20.54889839145987
2014-10-07,0.9966782646891161,19.888379665846905,20.88505793053602
2014-10-08,1.9975871206143054,18.67920760977132,20.676794730385627
2014-10-09,0.7695499204888065,20.56064115894869,21.330191079437498
2014-10-10,-0.6554643955625643,22.706518322899612,22.051053927337048
2014-10-13,-2.065571207810592,24.812691327774004,22.747120119963412
2014-10-14,-0.46422968098453055,23.27591693074342,22.81168724975889
2014-10-15,-5.815674742741795,30.500993228109646,24.68531848536785
2014-10-16,-1.6090441679545968,25.858921114848698,24.2498769468941
2014-10-17,0.2991977844503175,22.91749384529404,23.216691629744357
2014-10-20,-0.07367263092021759,22.74306036582155,22.66938773490133
2014-10-21,0.7808467007069702,20.902073929887738,21.682920630594708
2014-10-22,1.2029194701983386,20.487493438678904,21.690412908877242
2014-10-23,1.440931602855354,19.932944681344296,21.37387628419965
2014-10-24,-1.772819915084355,22.61128814418617,20.838468229101814
2014-10-27,2.9444912017801634,17.89681565051101,20.841306852291172
2014-10-28,2.4154129546204324,17.960027183221435,20.375440137841867
2014-10-29,2.0337616565381786,18.259100885763445,20.292862542301624
2014-10-30,2.345464627463315,17.537859465340695,19.88332409280401
2014-10-31,3.0768799082270952,16.52963850817676,19.606518416403855
2014-11-03,1.7883739686574778,17.923146317433,19.71152028609048
2014-11-04,1.660258873994671,18.01992499469546,19.680183868690133
2014-11-05,2.116594336645367,17.74988846930705,19.866482805952415
2014-11-06,1.9364792831362934,18.191993214018172,20.128472497154466
2014-11-07,3.194734421640195,16.303500059984998,19.498234481625193
2014-11-10,3.1275170585916037,15.854726695968886,18.98224375456049
2014-11-11,3.255534677184926,15.811595114743152,19.067129791928078
2014-11-12,3.1417407614215165,16.324510726247834,19.46625148766935
2014-11-13,3.238107596839967,16.29184144773859,19.529949044578558
2014-11-14,3.698884487777592,15.665016100950533,19.363900588728125
2014-11-17,3.1243862322021165,16.624719199780547,19.749105431982663
2014-11-18,3.4400900140659054,16.15809538872714,19.598185402793046
2014-11-19,3.5369516531247616,15.988241337863238,19.525192990988
2014-11-20,3.9068996128550992,16.079360997828864,19.986260610683964
2014-11-21,4.198468407197218,14.649865693854,18.84833410105122
2014-11-24,3.4513759252275893,15.514020536541286,18.965396461768876
2014-11-25,4.233595426833817,14.675467041533272,18.90906246836709
2014-11-26,4.146672631546062,14.86244962909665,19.009122260642712
2014-11-27,4.146672631546062,14.86244962909665,19.009122260642712
2014-11-28,3.176250810395672,16.360285842994266,19.536536653389938
2014-12-01,1.9942911622959762,17.97281595293488,19.967107115230856
2014-12-02,2.3649322735086677,17.660204374051492,20.02513664756016
2014-12-03,2.7241956192067036,17.15554137311513,19.879736992321835
2014-12-04,2.706827074010395,17.123635674326092,19.830462748336487
2014-12-05,4.2027597743690635,15.84645529174066,20.049215066109724
2014-12-08,2.8146031952687416,17.619576587969707,20.43417978323845
2014-12-09,2.1725393496868186,19.069496367715807,21.242035717402626
2014-12-10,1.4860698018193368,20.692408735510064,22.1784785373294
2014-12-11,1.1492123145138287,21.222735415441747,22.371947729955576
2014-12-12,1.2460767443322887,22.379101344404898,23.625178088737186
2014-12-15,2.196117557253089,23.07013984463583,25.266257401888918
2014-12-16,1.2275606789687394,24.485312495332213,25.712873174300952
2014-12-17,1.8658618008861545,23.14135822589622,25.007220026782374
2014-12-18,1.6194351164298517,23.46398735323247,25.08342246966232
2014-12-19,5.27810861327016,18.23799763185592,23.51610624512608
2014-12-22,5.625206617171251,17.170757826903717,22.79596444407497
2014-12-23,5.435668583111823,16.879438666478144,22.315107249589968
2014-12-24,8.667035316404121,19.398190035517477,28.065225351921598
2014-12-25,8.667035316404121,19.398190035517477,28.065225351921598
2014-12-26,-19.883802915705104,42.07477175191017,22.190968836205066
2014-12-29,3.885663445088081,18.17330787711177,22.058971322199852
2014-12-30,4.287192892241066,18.068883330104608,22.356076222345674
2014-12-31,3.117944305271628,19.540282696899496,22.658227002171124
2015-01-01,3.117944305271628,19.540282696899496,22.658227002171124
2015-01-02,3.8408937028970627,19.014261112381693,22.855154815278755
2015-01-05,1.5457017267225481,22.276062931506843,23.82176465822939
2015-01-06,2.044794845478222,22.416619066133652,24.461413911611874
2015-01-07,2.587649424069525,21.14249706383637,23.730146487905895
2015-01-08,3.233807606340065,19.41756821385891,22.651375820198975
2015-01-09,3.960831600115526,18.133848352245458,22.094679952360984
2015-01-12,1.8195021733196377,20.782962724789165,22.602464898108803
2015-01-13,1.5839600158986578,20.980623487442536,22.564583503341193
2015-01-14,0.9671609265206911,22.078325667536223,23.045486594056914
2015-01-15,1.3413641799760327,21.917041510191,23.258405690167034
2015-01-16,-3.1364711877308444,26.8652387588859,23.728767571155057
2015-01-19,-3.1364711877308444,26.8652387588859,23.728767571155057
2015-01-20,2.561183549039832,19.710635216009546,22.271818765049378
2015-01-21,2.6954123104801297,18.919996534932444,21.615408845412574
2015-01-22,2.671165035892866,17.841994972369655,20.51316000826252
2015-01-23,3.879958450714959,16.478304443228257,20.358262893943216
2015-01-26,3.6558610450591296,16.876589644453492,20.532450689512622
2015-01-27,3.1132171268103157,17.637562434313367,20.750779561123682
2015-01-28,1.3940486381423192,20.112949394298045,21.506998032440364
2015-01-29,2.1559531555848928,19.70464527704035,21.860598432625242
2015-01-30,1.3065526228189341,21.9979443872792,23.304497010098135
2015-02-02,0.9087306483468858,21.93290082389942,22.841631472246306
2015-02-03,2.001977810668542,19.80112060239092,21.803098413059463
2015-02-04,1.2730222732763927,20.673840773978114,21.946863047254507
2015-02-05,2.1569176578883074,19.51648171550223,21.673399373390538
2015-02-06,2.875919758729406,19.057781899326358,21.933701658055764
2015-02-09,1.8918334629953115,20.384676215658725,22.276509678654037
2015-02-10,2.485734991078008,19.465577309620716,21.951312300698724
2015-02-11,1.8989534324525223,20.10948534290744,22.008438775359963
2015-02-12,3.4717720218032397,17.529288827793895,21.001060849597135
2015-02-13,3.6539901371877725,16.77894800430882,20.432938141496592
2015-02-16,3.6539901371877725,16.77894800430882,20.432938141496592
2015-02-17,2.0575667898418004,18.69270784481337,20.75027463465517
2015-02-18,2.5685544310173327,18.066178073364707,20.63473250438204
2015-02-19,3.0956490421158556,17.491363221319983,20.587012263435838
2015-02-20,3.907172138308738,16.00438957492466,19.911561713233397
2015-02-23,3.544656508032965,16.53033146516917,20.074987973202134
2015-02-24,3.7436035256867477,15.83267477087482,19.57627829656157
2015-02-25,3.7779005466589517,15.732639129932114,19.510539676591065
2015-02-26,3.3431443822468623,16.089643436762703,19.432787819009565
2015-02-27,4.148536044665814,15.085196270537878,19.233732315203692
2015-03-02,3.8534394018772,15.350397784327651,19.20383718620485
2015-03-03,3.5924991345796595,15.824789142861933,19.417288277441592
2015-03-04,2.974494455807367,16.941630775732698,19.916125231540065
2015-03-05,3.133874840862937,16.846216214177467,19.980091055040404
2015-03-06,3.1122507702644455,17.610879271443512,20.723130041707957
2015-03-09,2.254716578839755,18.603720412666032,20.858436991505787
2015-03-10,1.4987672305913797,20.018697543486315,21.517464774077695
2015-03-11,2.043165385635792,19.372358827368238,21.41552421300403
2015-03-12,2.6085716234609357,18.45601332429046,21.064584947751396
2015-03-13,1.7727880590374383,20.037775333581145,21.810563392618583
2015-03-16,1.578314120570365,19.871224616546098,21.449538737116463
2015-03-17,1.8403207147495202,19.566581371323174,21.406902086072694
2015-03-18,3.5187766051344873,16.91793421254118,20.436710817675667
2015-03-19,2.6779821199849145,18.462441641453474,21.140423761438388
2015-03-20,3.836990774760352,16.556672265309526,20.393663040069878
2015-03-23,3.750189441687045,16.261399476049235,20.01158891773628
2015-03-24,4.314691155458071,15.486299761999817,19.800990917457888
2015-03-25,2.736458060359446,17.45131050080056,20.187768561160006
2015-03-26,2.198197243266641,18.555284614325203,20.753481857591844
2015-03-27,3.0893450529876034,17.451633845616023,20.540978898603626
2015-03-30,3.208686005874263,16.84382492879019,20.052510934664454
2015-03-31,2.538704803590786,17.752471229385975,20.29117603297676
2015-04-01,2.1587242862292797,17.959143690016983,20.117867976246263
2015-04-02,2.2427332734594536,17.54810357219579,19.790836845655242
2015-04-03,2.24224617969983,17.547739316383467,19.789985496083297
2015-04-06,1.8124916739180428,17.72483051556023,19.537322189478274
2015-04-07,2.498211528460068,17.197124788647887,19.695336317107955
2015-04-08,0.8274894356191709,19.038741994421002,19.866231430040173
2015-04-09,0.825508346191409,19.141628406414675,19.967136752606084
2015-04-10,2.4453567381552723,17.284577035900707,19.72993377405598
2015-04-13,1.7962878507573414,18.330238726136677,20.12652657689402
2015-04-14,2.583513571945886,17.359899597978647,19.943413169924533
2015-04-15,2.916939942655791,16.80697120670652,19.723911149362312
2015-04-16,3.201042995658991,16.14652080854309,19.347563804202082
2015-04-17,2.2841431358384376,17.889300853262235,20.173443989100672
2015-04-20,1.9235664652062745,18.141899870917246,20.06546633612352
2015-04-21,2.1084088437456963,17.727674998664572,19.836083842410268
2015-04-22,2.407251481013013,17.31762739015103,19.724878871164044
2015-04-23,2.3703526357678086,17.351578336060044,19.721930971827852
2015-04-24,2.794811206128081,16.946418378601262,19.741229584729343
2015-04-27,2.1476692651228255,17.664300662342512,19.811969927465338
2015-04-28,2.3214110557879692,17.344685154922406,19.666096210710375
2015-04-29,2.350703830359702,17.739838275669975,20.090542106029677
2015-04-30,2.0979221229245937,18.410602983074043,20.508525105998636
2015-05-01,3.3561743692459594,16.728184224658264,20.084358593904224
2015-05-04,3.2403409472267732,16.611861098747458,19.85220204597423
2015-05-05,-4.4903244618574085,24.76560675029834,20.27528228844093
2015-05-06,0.10719025641994762,20.595742599804066,20.702932856224013
2015-05-07,-0.19326459721758127,20.921768730029328,20.728504132811747
2015-05-08,3.1546715139618975,16.479228642766127,19.633900156728025
2015-05-11,2.2860980338435866,17.44422608368046,19.730324117524045
2015-05-12,1.300967935399239,18.632355134961255,19.933323070360494
2015-05-13,1.2905303657657647,18.431656969402827,19.72218733516859
2015-05-14,2.277398242403244,17.0515027443522,19.328900986755443
2015-05-15,3.0469123763515054,15.666529862453919,18.713442238805424
2015-05-18,2.635364646084213,16.137012515753803,18.772377161838016
2015-05-19,2.599283726234546,16.19800445026439,18.797288176498935
2015-05-20,3.0535055767863373,15.546340544566165,18.599846121352503
2015-05-21,3.3884862728257517,15.31575198783915,18.7042382606649
2015-05-22,3.56118175978467,14.915573610054778,18.47675536983945
2015-05-25,3.56118175978467,14.915573610054778,18.47675536983945
2015-05-26,1.3371195208468407,17.946126933932323,19.283246454779164
2015-05-27,2.392345127993444,17.09094947126993,19.483294599263374
2015-05-28,2.210967534464956,17.61780112865342,19.828768663118375
2015-05-29,2.605684731417753,17.327311613195622,19.932996344613375
2015-06-01,2.00115799861776,18.177863182986723,20.179021181604483
2015-06-02,2.346752636262174,17.408350386651833,19.755103022914007
2015-06-03,2.208001583627734,17.391657683024977,19.59965926665271
2015-06-04,1.5693126746437969,18.70821317002593,20.27752584466973
2015-06-05,2.2874975427726554,18.214317209574094,20.50181475234675
2015-06-08,1.4563808652326422,19.209081349118353,20.665462214350995
2015-06-09,1.9652303031584637,18.998542177772208,20.963772480930672
2015-06-10,2.9022504017193462,17.145748563515795,20.04799896523514
2015-06-11,3.3992038447720034,16.462723199751096,19.8619270445231
2015-06-12,2.587267988021516,17.417487963272833,20.00475595129435
2015-06-15,1.2412682952580631,19.28063949321014,20.5219077884682
2015-06-16,1.4980579817994268,19.01965313628026,20.51771111807969
2015-06-17,2.230195397833622,17.798519937161352,20.028715334994974
2015-06-18,2.4967178179248,17.055887406682654,19.552605224607454
2015-06-19,3.2799851296625278,16.2248371728802,19.504822302542728
2015-06-22,2.728930867925026,16.06506153608203,18.793992404007057
2015-06-23,2.7125485936437386,15.463661655616754,18.176210249260492
2015-06-24,1.4865111984871575,16.966499798948227,18.453010997435385
2015-06-25,1.731390082493462,16.95496250916088,18.68635259165434
2015-06-26,0.5409928219427407,18.366301640460268,18.90729446240301
2015-06-29,-0.9818778759422706,21.33575346835612,20.35387559241385
2015-06-30,-0.25841109989493205,20.243880126411774,19.985469026516842
2015-07-01,-1.1172762236392444,21.070093807061205,19.95281758342196
2015-07-02,-0.08491176921604549,19.78986616665027,19.704954397434225
2015-07-03,-0.08491176921604549,19.78986616665027,19.704954397434225
2015-07-06,-0.4973694528933166,21.494890958280724,20.997521505387407
2015-07-07,-0.8155726115618656,22.24974968712205,21.434177075560186
2015-07-08,-5.998599405097401,29.6984866945126,23.699887289415198
2015-07-09,-4.841786213182303,27.758225180323713,22.91643896714141
2015-07-10,-2.151631703151544,23.655334730955076,21.50370302780353
2015-07-13,-0.2892590128387944,20.82100015951332,20.531741146674527
2015-07-14,1.4476028354271762,18.64161233236718,20.089215167794357
2015-07-15,-0.0944420746798933,20.370882516301762,20.27644044162187
2015-07-16,2.0865045432963534,17.6668715868979,19.753376130194255
2015-07-17,3.343847303085809,16.45523614857648,19.799083451662288
2015-07-20,2.572204268407905,17.177432993568573,19.749637261976478
2015-07-21,3.0418465675813735,16.494883129576376,19.53672969715775
2015-07-22,2.9459102757943114,16.762994298207413,19.708904574001725
2015-07-23,3.1799811469813335,17.021628479609337,20.20160962659067
2015-07-24,2.021291283178659,18.97650937811487,20.997800661293528
2015-07-27,-0.2148754601343832,22.734235726442446,22.519360266308063
2015-07-28,1.216376739928542,20.172120948514795,21.388497688443337
2015-07-29,2.0400154002401933,18.449830149468042,20.489845549708235
2015-07-30,1.2378305368790876,19.705546750313275,20.943377287192362
2015-07-31,1.5046993416978083,19.20944538388125,20.714144725579057
2015-08-03,0.20839972815196006,21.20655150183568,21.41495122998764
2015-08-04,0.397732479708683,20.684029502680502,21.081761982389185
2015-08-05,0.37931364807379,20.544019247302682,20.923332895376472
2015-08-06,-0.37981394857813555,21.819930192588018,21.440116244009882
2015-08-07,0.7693324854828703,20.747898685480862,21.517231170963733
2015-08-10,0.9100019578029475,20.254289616768663,21.16429157457161
2015-08-11,-0.8964149900261766,23.497261780352776,22.6008467903266
2015-08-12,-1.500099310413301,25.14310134779589,23.64300203738259
2015-08-13,-0.7512587513110702,23.85266343156715,23.10140468025608
2015-08-14,0.5600486443168755,22.37057835364386,22.930626997960736
2015-08-17,-0.3553080253369991,23.520350117203883,23.165042091866884
2015-08-18,-0.46589687083613995,23.75682893150701,23.29093206067087
2015-08-19,-1.7175764442411854,25.86109123690629,24.143514792665105
2015-08-20,-3.1922736761713857,28.722073374887668,25.529799698716282
2015-08-21,-9.641033180888257,43.88500676938475,34.243973588496495
2015-08-24,-21.125468382405813,59.949797176377,38.82432879397118
2015-08-25,-8.852684128277417,44.10646651695679,35.253782388679376
2015-08-26,-7.302082030790562,34.44872307724508,27.146641046454516
2015-08-27,-30.0030259135233,58.21070575498569,28.20767984146239
2015-08-28,-7.385236111013434,35.50872567505374,28.123489564040305
2015-08-31,-7.0323432368702505,35.89878070391191,28.86643746704166
2015-09-01,-8.673770749486842,41.05758210086515,32.383811351378306
2015-09-02,-6.81598478736505,37.77919044538177,30.963205658016722
2015-09-03,-5.786502558232737,36.03626586159466,30.24976330336192
2015-09-04,-7.693567077051533,40.345022439524044,32.65145536247251
2015-09-07,-7.693567077051533,40.345022439524044,32.65145536247251
2015-09-08,-5.119428676814,35.72521655542523,30.605787878611228
2015-09-09,-3.913377667622612,33.49957894213907,29.586201274516455
2015-09-10,-3.277011317109647,34.421798312907605,31.144786995797958
2015-09-11,-4.732209330075932,34.574222813329015,29.842013483253083
2015-09-14,-3.9752894026052914,33.468893693395245,29.493604290789953
2015-09-15,-3.587609998908416,32.62557018536978,29.037960186461365
2015-09-16,0.3090401864315382,29.858252711468257,30.167292897899795
2015-09-17,-0.1680664173423274,27.46837807548604,27.300311658143713
2015-09-18,-7.547988807474454,35.45825020822351,27.910261400749057
2015-09-21,0.18624949917555966,27.601241915396436,27.787491414571996
2015-09-22,-0.5213708365742598,29.343704320018343,28.822333483444083
2015-09-23,-0.9977846363751297,29.8602724614221,28.86248782504697
2015-09-24,-1.4426981145168618,31.346906110385504,29.904207995868642
2015-09-25,0.6172547822172838,30.62836262486426,31.245617407081543
2015-09-28,-3.833969575414933,34.79898283062811,30.96501325521318
2015-09-29,-3.7309570290585796,34.44291313343413,30.711956104375552
2015-09-30,-4.601963500337547,34.3592287583858,29.75726525804825
2015-10-01,-0.8396958409144339,29.873206964954473,29.03351112404004
2015-10-02,0.044845667215319907,28.117765992681004,28.162611659896324
2015-10-05,0.06252781233008164,26.770994738525435,26.833522550855516
2015-10-06,-0.2490509034577002,26.72013456563846,26.47108366218076
2015-10-07,-0.868502621443433,26.68111789825769,25.812615276814256
2015-10-08,0.8050177887421093,24.83305697111308,25.63807475985519
2015-10-09,0.7246135738028308,24.788096755388082,25.512710329190913
2015-10-12,0.47620663248428485,24.8258793348881,25.302085967372385
2015-10-13,-0.16190187834639147,26.30765137339414,26.14574949504775
2015-10-14,-0.06412033635398373,26.32819737737666,26.264077041022677
2015-10-15,0.16617402482746968,25.301590338221825,25.467764363049294
2015-10-16,2.141219015905012,22.916804106679404,25.058023122584416
2015-10-19,2.39596385459782,22.639861201435945,25.035825056033765
2015-10-20,1.5192915726111913,22.634664681266006,24.153956253877197
2015-10-21,1.2417320667941922,23.511751253246587,24.75348332004078
2015-10-22,3.9120071373099705,21.791314217037975,25.703321354347946
2015-10-23,2.5218452355739984,21.04240904307392,23.56425427864792
2015-10-26,2.3957771325499913,21.97633436394374,24.37211149649373
2015-10-27,1.787419742920207,22.538645723852483,24.32606546677269
2015-10-28,1.8218917215824426,23.112734589997384,24.934626311579827
2015-10-29,2.45614519381715,22.423676187342643,24.879821381159793
2015-10-30,3.7103980764512734,20.30343450869914,24.013832585150414
2015-11-02,3.6970021711085437,19.748749725080224,23.445751896188767
2015-11-03,3.3587893460718057,19.12926196709907,22.488051313170875
2015-11-04,2.6868031203552967,20.112053220362558,22.798856340717855
2015-11-05,2.4307853693987482,20.52034920100205,22.951134570400797
2015-11-06,-17.621568292966828,43.41777249047001,25.79620419750318
2015-11-09,2.2892401737166104,22.047400879507773,24.336641053224383
2015-11-10,2.9883850229495543,21.321816937627016,24.31020196057657
2015-11-11,2.958191045424133,21.00800534600074,23.966196391424873
2015-11-12,2.7916325486959686,21.82462553132901,24.616258080024977
2015-11-13,2.6309182951196277,22.94523492123647,25.576153216356097
2015-11-16,3.259965840025348,21.834374276348434,25.094340116373782
2015-11-17,3.3381109779709135,21.591290057315437,24.92940103528635
2015-11-18,4.38226116858953,19.635954811856536,24.018215980446065
2015-11-19,4.3460135727420734,19.469571105230372,23.815584677972446
2015-11-20,5.415645443571222,17.949242742308503,23.364888185879725
2015-11-23,9.312481660738044,18.32151480405269,27.633996464790734
2015-11-24,4.182873463355644,18.11917601866084,22.302049482016486
2015-11-25,4.086291571077727,18.600544463789618,22.686836034867344
2015-11-26,4.086291571077727,18.600544463789618,22.686836034867344
2015-11-27,3.0110373973867937,20.19285210799554,23.203889505382335
2015-11-30,2.4402442521752725,21.220323643071165,23.660567895246437
2015-12-01,2.8020754492501503,20.62338150259212,23.42545695184227
2015-12-02,2.9014906835644787,20.86846044099797,23.76995112456245
2015-12-03,2.4093445979630523,21.577821622183116,23.987166220146168
2015-12-04,4.15633319449314,19.93519419655435,24.09152739104749
2015-12-07,1.9417419710371746,21.797658270329187,23.73940024136636
2015-12-08,0.7397894171531867,23.9923708964142,24.732160313567388
2015-12-09,0.24192430240255192,25.22642349395413,25.46834779635668
2015-12-10,1.1707470796881871,24.05526451295395,25.226011592642138
2015-12-11,0.883348451941707,28.263456245111858,29.146804697053565
2015-12-14,-0.005742489487726488,27.41281011259205,27.407067623104325
2015-12-15,-0.15727958688969323,25.729075935620184,25.57179634873049
2015-12-16,4.45529906977621,22.706441642577957,27.161740712354167
2015-12-17,3.6506425763095542,23.356968506768748,27.007611083078302
2015-12-18,4.438476754949203,22.985304268149278,27.42378102309848
2015-12-21,2.142700330065054,22.83989998358588,24.982600313650934
2015-12-22,3.703576871339685,21.127213003693356,24.83078987503304
2015-12-23,3.2492691201417614,20.385842396454596,23.635111516596357
2015-12-24,4.40639310144601,19.837048819106894,24.243441920552904
2015-12-25,4.40639310144601,19.837048819106894,24.243441920552904
2015-12-28,3.3153754563979447,21.229906968655456,24.5452824250534
2015-12-29,2.918617063956752,20.42157528015415,23.340192344110903
2015-12-30,2.124148729136042,21.12943503431934,23.25358376345538
2015-12-31,2.913629709653243,20.696992691509706,23.61062240116295
2016-01-01,2.913629709653243,20.696992691509706,23.61062240116295
2016-01-04,-1.6221454935572694,26.01634830877355,24.394202815216282
2016-01-05,0.577242904652163,24.133252426381738,24.7104953310339
2016-01-06,-0.4307582196232431,25.616860293093026,25.186102073469783
2016-01-07,-8.344164088505309,36.11609157675895,27.771927488253638
2016-01-08,-64.18676165439902,97.15112846943009,32.96436681503107
2016-01-11,-4.370728195670168,32.55617130182824,28.185443106158075
2016-01-12,-2.5273951197619446,30.950293003714286,28.42289788395234
2016-01-13,-4.753314780436337,33.22074094871723,28.46742616828089
2016-01-14,-5.742269358105165,33.8282491379434,28.085979779838237
2016-01-15,-6.6270912177538825,37.801849400624576,31.174758182870693
2016-01-18,-6.6270912177538825,37.801849400624576,31.174758182870693
2016-01-19,-1.4439331109113418,30.77264405438252,29.32871094347118
2016-01-20,-2.553499559807129,33.14864111808484,30.59514155827771
2016-01-21,-2.3373726874644696,32.9432723093096,30.60589962184513
2016-01-22,-0.6296133637699555,29.296470006135223,28.666856642365268
2016-01-25,-0.9322589107329478,29.98545867000303,29.053199759270083
2016-01-26,-1.0100374645737702,28.9980579012386,27.98802043666483
2016-01-27,0.1948444762160264,28.34320999232625,28.538054468542278
2016-01-28,-0.34428121989485305,28.397763170827204,28.05348195093235
2016-01-29,0.6330308737917534,26.068185417879757,26.70121629167151
2016-02-01,-0.5898776820256124,27.649129715248844,27.05925203322323
2016-02-02,-0.8430325473530189,29.15037403467219,28.30734148731917
2016-02-03,-1.4053425876270715,29.36748618248525,27.96214359485818
2016-02-04,-1.221336509709122,29.41862200196063,28.19728549225151
2016-02-05,-2.534515674339623,31.197965819812662,28.66345014547304
2016-02-08,-3.411375638197061,33.84492950793925,30.433553869742187
2016-02-09,-3.779658941619008,35.27076204973267,31.49110310811366
2016-02-10,-2.569231568697326,33.344578348837665,30.77534678014034
2016-02-11,-4.312780131875186,36.45538964142497,32.142609509549786
2016-02-12,-2.309019048328082,33.82570337958867,31.516684331260585
2016-02-15,-2.309019048328082,33.82570337958867,31.516684331260585
2016-02-16,-1.1610881781528093,31.376612349802947,30.215524171650138
2016-02-17,-0.8624219930983514,29.46993927311956,28.60751728002121
2016-02-18,-0.27623862986914816,28.984821999023985,28.708583369154837
2016-02-19,0.18918750080772995,28.395373999012435,28.584561499820165
2016-02-22,0.5195995498573751,26.502852533507042,27.022452083364417
2016-02-23,0.4342605368751151,27.44876825113024,27.883028788005355
2016-02-24,0.08141861374645387,27.967771588303087,28.04919020204954
2016-02-25,0.556405599245231,26.918761282277814,27.475166881523045
2016-02-26,-0.04846290724751512,28.28039772915984,28.231934821912326
2016-02-29,0.7771343794024368,26.96973318093577,27.746867560338206
2016-03-01,0.8497084467911797,25.270974734417074,26.120683181208253
2016-03-02,1.6692302377307584,24.037715703045755,25.706945940776514
2016-03-03,1.7589874560049026,23.33672784087838,25.09571529688328
2016-03-04,-5.874801049284546,30.872096893138117,24.99729584385357
2016-03-07,0.35563073484541263,24.67130940383232,25.026940138677734
2016-03-08,0.17794357862315024,25.81972423214581,25.99766781076896
2016-03-09,-1.2169586571641844,26.990332588102905,25.77337393093872
2016-03-10,1.1725712593701978,24.346467563684637,25.519038823054835
2016-03-11,2.138244005119141,22.812142872469856,24.950386877588997
2016-03-14,1.1292374474455933,23.66430218908356,24.793539636529154
2016-03-15,-0.0019045081984003787,25.194292185505894,25.192387677307494
2016-03-16,1.776955080872547,22.719586676095084,24.49654175696763
2016-03-17,1.1256782507941487,22.81085897186404,23.93653722265819
2016-03-18,1.8826652679552502,21.77374159471356,23.65640686266881
2016-03-21,1.9842442863976935,21.798557197835873,23.782801484233566
2016-03-22,1.0464016318410572,22.56805086561828,23.614452497459336
2016-03-23,1.9388517103950456,22.017914030807795,23.95676574120284
2016-03-24,2.417701567936966,21.700605945818033,24.118307513755
2016-03-25,2.417701567936966,21.700605945818033,24.118307513755
2016-03-28,1.4495674572265287,22.6303214417927,24.079888899019227
2016-03-29,1.049675258890268,22.525468834909972,23.57514409380024
2016-03-30,1.023076511866062,21.81717450528192,22.84025101714798
2016-03-31,1.6779659543543204,21.250819876362637,22.928785830716958
2016-04-01,2.1110291573628146,20.79824755771551,22.909276715078324
2016-04-04,1.158145224186434,21.86596235012275,23.024107574309184
2016-04-05,0.5780247473493638,22.952485689301163,23.530510436650527
2016-04-06,1.5137455156922002,21.982914125684278,23.49665964137648
2016-04-07,1.3606544510699763,23.26120385460852,24.621858305678497
2016-04-08,2.013464433912489,22.129753769769454,24.143218203681943
2016-04-11,1.337892319809466,22.448359028855794,23.78625134866526
2016-04-12,0.6327996799580475,22.796779478867602,23.42957915882565
2016-04-13,-2.8220835304388387,25.899053590662035,23.076970060223196
2016-04-14,0.6976265576019998,22.674642068336304,23.372268625938304
2016-04-15,2.7796685455720187,20.6866475007992,23.46631604637122
2016-04-18,2.9575891102392617,20.274237883658262,23.231826993897524
2016-04-19,2.7989626022007954,20.00004376207957,22.799006364280366
2016-04-20,2.533952967314331,20.44757615583074,22.98152912314507
2016-04-21,2.889010611221085,20.51217818004276,23.401188791263845
2016-04-22,2.4311020092011297,20.838749940131223,23.269851949332352
2016-04-25,2.481730140599055,21.136918128722495,23.61864826932155
2016-04-26,2.4834575138442254,20.657735544773885,23.14119305861811
2016-04-27,3.1449822425146294,19.943718779473556,23.088701021988186
2016-04-28,3.1585071081665994,20.305386109325035,23.463893217491634
2016-04-29,2.195203944887595,21.30622923423847,23.501433179126064
2016-05-02,1.84323180373039,21.83508366696303,23.67831547069342
2016-05-03,0.6185224589798075,23.97467097499898,24.593193433978787
2016-05-04,0.9146013869059182,24.441372908918833,25.35597429582475
2016-05-05,1.8918931870262945,23.384841799930804,25.2767349869571
2016-05-06,2.064225068012469,22.954502997920265,25.018728065932734
2016-05-09,1.4205290330670053,23.98214289269924,25.402671925766246
2016-05-10,1.9047581242279428,22.433593427809566,24.33835155203751
2016-05-11,2.467877121877489,21.91569404524927,24.38357116712676
2016-05-12,2.993378803359221,21.49961683800624,24.49299564136546
2016-05-13,1.7554934985122017,23.473181988898915,25.228675487411117
2016-05-16,2.2694601959893355,22.592902789310422,24.862362985299757
2016-05-17,2.0781630531585336,22.770291458795864,24.848454511954397
2016-05-18,2.02422118517212,23.82250981821901,25.84673100339113
2016-05-19,-26.074676608617793,53.14408095070981,27.069404342092014
2016-05-20,2.593069206792233,22.256820429667705,24.849889636459938
2016-05-23,2.63214270169253,21.703338876507875,24.335481578200405
2016-05-24,2.6749027834226737,20.95871682774956,23.633619611172232
2016-05-25,2.7168113466337793,20.178399346928146,22.895210693561925
2016-05-26,-2.208822587283791,24.58491186627753,22.37608927899374
2016-05-27,2.7991101291995584,19.70598893354786,22.50509906274742
2016-05-30,2.7991101291995584,19.70598893354786,22.50509906274742
2016-05-31,2.163037544031752,21.563898817305727,23.72693636133748
2016-06-01,3.0058688363353525,19.924582262127203,22.930451098462555
2016-06-02,2.2744157059783277,19.44097971474709,21.715395420725418
2016-06-03,3.228900230376677,18.68574381779157,21.914644048168245
2016-06-06,2.5395573138908993,19.39504630362681,21.93460361751771
2016-06-07,2.808398414794354,18.888850799665477,21.69724921445983
2016-06-08,2.412111161736302,18.936722728908244,21.348833890644546
2016-06-09,2.825221864367716,19.32451604037648,22.149737904744196
2016-06-10,1.9738893422614296,22.309992636588177,24.283881978849607
2016-06-13,-0.3548469701898078,26.10446593492898,25.749618964739174
2016-06-14,0.06028547727885325,26.051320877601142,26.111606354879996
2016-06-15,-0.2170342143800177,24.993668226541864,24.776634012161846
2016-06-16,-0.25753965833105497,25.174288478720268,24.916748820389213
2016-06-17,-0.45650141391191923,25.180324561047208,24.72382314713529
2016-06-20,-9.096352913520604,33.11162694728132,24.01527403376072
2016-06-21,-1.3904392774362293,24.843624967747562,23.453185690311333
2016-06-22,-4.349693023237425,28.4251629912599,24.075469968022475
2016-06-23,-52.35686123093397,75.94664332263493,23.589782091700954
2016-06-24,-2.526303865935091,28.509533977917567,25.983230111982476
2016-06-27,0.0521569838656184,27.479730729802583,27.5318877136682
2016-06-28,2.0306757754670812,22.95642454361693,24.98710031908401
2016-06-29,-20.327851065608304,44.58045376303353,24.25260269742523
2016-06-30,0.926269049514957,23.411584781018185,24.33785383053314
2016-07-01,3.099724872125101,20.69838100158764,23.798105873712743
2016-07-04,3.099724872125101,20.69838100158764,23.798105873712743
2016-07-05,0.8438495366465233,23.216819228972316,24.06066876561884
2016-07-06,1.3189796882145686,22.718061620512398,24.037041308726966
2016-07-07,2.4137071007222666,21.72900637566123,24.142713476383495
2016-07-08,-2.2824488401764356,25.318810884843145,23.03636204466671
2016-07-11,0.2622470826222596,22.387737341056866,22.649984423679125
2016-07-12,2.1080724321851854,20.314571127521848,22.422643559707033
2016-07-13,2.012990536629296,20.750793169312836,22.76378370594213
2016-07-14,2.130422253610945,20.09744282792056,22.227865081531505
2016-07-15,4.303586162495947,18.264457884243456,22.568044046739402
2016-07-18,3.071470653212831,19.448133083130745,22.519603736343576
2016-07-19,3.3870347202060387,19.130202000152657,22.517236720358696
2016-07-20,3.134470935735525,18.906816101879336,22.04128703761486
2016-07-21,3.2199830323875673,19.18281071460283,22.402793746990397
2016-07-22,3.07627927845229,19.226386185700107,22.302665464152398
2016-07-25,2.9709770964422546,19.89887220507885,22.869849301521104
2016-07-26,3.2110850343062083,19.51110770227504,22.72219273658125
2016-07-27,3.6834475784708474,18.86647886729865,22.549926445769497
2016-07-28,3.5345962411622054,18.743400694566965,22.27799693572917
2016-07-29,4.575600451776353,17.439638184546567,22.01523863632292
2016-08-01,3.7321748866279165,18.042580184106598,21.774755070734514
2016-08-02,1.6204501146727281,21.198406205941364,22.818856320614092
2016-08-03,3.073806247295998,19.158160559967815,22.231966807263813
2016-08-04,-4.033291120114651,26.216606146805105,22.183315026690455
2016-08-05,-78.97129597534598,100.03212307537883,21.060827100032856
2016-08-08,2.512856424862541,18.45321152827209,20.96606795313463
2016-08-09,-0.3902325037898997,21.448466473775174,21.058233969985274
2016-08-10,3.783426195887813,17.212618805920748,20.99604500180856
2016-08-11,3.076049464763557,17.368183410800533,20.44423287556409
2016-08-12,-0.36056864227525054,21.617207059923143,21.256638417647892
2016-08-15,3.508368627444071,17.50319044040612,21.01155906785019
2016-08-16,2.258482785729729,18.582910652847982,20.84139343857771
2016-08-17,3.008772268466263,18.372784575007454,21.381556843473717
2016-08-18,3.6830282413819653,17.172760477725912,20.855788719107878
2016-08-19,3.5947294775239627,17.309782194649493,20.904511672173456
2016-08-22,3.1098890031652218,18.430742746262972,21.540631749428194
2016-08-23,2.78658222511865,18.789740325594593,21.576322550713243
2016-08-24,-5.781981732861084,27.737676239162028,21.955694506300944
2016-08-25,5.287018461050945,19.798438633614147,25.08545709466509
2016-08-26,-4.560634934386446,26.660464074015056,22.09982913962861
2016-08-29,2.530541718506626,19.20639117955275,21.736932898059376
2016-08-30,-3.2920476687867577,25.953618842258347,22.66157117347159
2016-08-31,-2.8769033271511013,25.051217141541937,22.174313814390835
2016-09-01,1.7345650159723611,20.192385785548453,21.926950801520814
2016-09-02,2.518177017832585,18.754838753709457,21.273015771542042
2016-09-05,2.518177017832585,18.754838753709457,21.273015771542042
2016-09-06,2.1820453020775687,19.20529140595212,21.38733670802969
2016-09-07,2.824529455999123,17.96380082997201,20.78833028597113
2016-09-08,2.7960444727005083,18.192125208002796,20.988169680703304
2016-09-09,0.028210442006781022,22.81966579768712,22.8478762396939
2016-09-12,-0.4554926641967185,23.156909885296734,22.701417221100016
2016-09-13,-2.57860118815643,26.49510254585989,23.91650135770346
2016-09-14,-2.2728272681310955,26.602069449929367,24.32924218179827
2016-09-15,-2.448254150184262,26.519890104520194,24.07163595433593
2016-09-16,10.006042758891425,41.98666917020415,51.99271192909558
2016-09-19,1.0957308412553317,21.99478588589113,23.09051672714646
2016-09-20,1.3398093241901634,21.664996898379012,23.004806222569176
2016-09-21,3.122069045790873,18.668358999762482,21.790428045553355
2016-09-22,3.725779579926744,17.848775584459105,21.57455516438585
2016-09-23,4.100244515112294,19.559179723559716,23.65942423867201
2016-09-26,1.7039983138677215,21.4673926451371,23.17139095900482
2016-09-27,2.9248400426886363,19.60257387175004,22.527413914438675
2016-09-28,3.0129218547305747,19.24765961504654,22.260581469777115
2016-09-29,0.79932309033628,22.453663853025148,23.252986943361428
2016-09-30,2.3315279182584057,20.4274203228426,22.758948241101006
2016-10-03,2.028544512780705,20.78125587450385,22.809800387284554
2016-10-04,1.3938949027556262,21.652406930238282,23.046301832993908
2016-10-05,2.088678189194791,20.462921848175824,22.551600037370616
2016-10-06,1.2335918556244216,21.11902434713196,22.35261620275638
2016-10-07,2.0358211755182367,20.594069338225193,22.62989051374343
2016-10-10,1.4267851870123849,20.733450217697666,22.16023540471005
2016-10-11,-0.3720087100509488,23.385967721274376,23.013959011223427
2016-10-12,0.6591913065860879,22.260684876544932,22.91987618313102
2016-10-13,-27.200162450754128,50.696369642640406,23.496207191886278
2016-10-14,0.6241254105806,22.385274882641433,23.009400293222033
2016-10-17,0.9583613519177554,21.801120070017575,22.75948142193533
2016-10-18,1.6952043843182842,20.59457488698003,22.289779271298315
2016-10-19,2.4133482362143077,19.779823554424677,22.193171790638985
2016-10-20,2.422894293955302,19.232966305394577,21.65586059934988
2016-10-21,2.2118502676239054,19.39578024823808,21.607630515861985
2016-10-24,2.804727634257251,18.80234470272687,21.60707233698412
2016-10-25,2.82285993414488,18.62986228892246,21.45272222306734
2016-10-26,2.05978013355487,20.62654459633207,22.68632472988694
2016-10-27,1.6608873385657468,20.858373019205317,22.519260357771063
2016-10-28,0.21193727457955092,22.392552814389898,22.60449008896945
2016-10-31,-0.40115628204955556,23.293680848200786,22.89252456615123
2016-11-01,-26.331431668183598,49.99246812822536,23.661036460041764
2016-11-02,-49.1748272167511,73.19404392260974,24.019216705858636
2016-11-03,-14.060114628715183,39.313690781200435,25.253576152485252
2016-11-04,-3.1648610707362685,28.55888162332442,25.394020552588152
2016-11-07,-9.032844672532242,34.38744122874263,25.35459655621039
2016-11-08,-22.19247464027196,49.872288703451524,27.679814063179563
2016-11-09,0.8115157118870968,22.225178933308364,23.03669464519546
2016-11-10,-1.3953912356713225,25.898624955668815,24.503233719997493
2016-11-11,-2.3994299392937357,27.679359185456526,25.27992924616279
2016-11-14,-2.0113893363685307,27.413565719678317,25.402176383309786
2016-11-15,1.0626351405716008,22.756384498285016,23.819019638856616
2016-11-16,1.1890092182758458,22.52414013728478,23.713149355560624
2016-11-17,2.1268085292591863,20.87398074080084,23.000789270060025
2016-11-18,4.009098640839362,20.583066212533474,24.592164853372836
2016-11-21,1.2630947267489852,21.15582985931277,22.418924586061756
2016-11-22,2.8049518925580053,18.98210803725931,21.787059929817314
2016-11-23,2.3593200838897808,20.111301880255652,22.470621964145433
2016-11-24,2.3593200838897808,20.111301880255652,22.470621964145433
2016-11-25,1.9529385148020744,20.00790103303243,21.960839547834503
2016-11-28,0.9612888561683306,21.303415708653073,22.264704564821404
2016-11-29,1.0597374893430107,21.040572532050692,22.100310021393703
2016-11-30,1.6499970984702976,20.325119455893848,21.975116554364146
2016-12-01,0.8137627897698962,22.04822560663257,22.861988396402467
2016-12-02,1.0138351963948224,21.885201455943996,22.89903665233882
2016-12-05,-1.5070367400174334,23.838496061170662,22.33145932115323
2016-12-06,1.3355875310789322,20.489426820451108,21.82501435153004
2016-12-07,2.6099622528863407,19.028729182517274,21.638691435403615
2016-12-08,3.088757099378938,18.847931236931032,21.93668833630997
2016-12-09,3.7962649226964693,18.027636084997948,21.823901007694417
2016-12-12,2.208523220445553,19.891947192896993,22.100470413342546
2016-12-13,2.3153450260131017,19.65135486805011,21.96669989406321
2016-12-14,-4.64266454467251,27.764381693421726,23.121717148749216
2016-12-15,1.4384338397112835,21.63538805436544,23.073821894076723
2016-12-16,4.021031801385277,18.707487542325516,22.728519343710794
2016-12-19,4.148675179070175,18.4738315575144,22.622506736584576
2016-12-20,3.86038287341092,18.831716819278217,22.692099692689137
2016-12-21,4.890677477980091,17.922366664506736,22.813044142486827
2016-12-22,4.3182298817995,19.04427684196043,23.362506723759928
2016-12-23,4.866109447100598,17.894891720938986,22.761001168039584
2016-12-26,4.866109447100598,17.894891720938986,22.761001168039584
2016-12-27,3.9924812334358286,18.676245571307508,22.668726804743336
2016-12-28,3.424169565352507,18.893469500657456,22.317639066009963
2016-12-29,3.2284480710035446,19.249326072932092,22.477774143935637
2016-12-30,2.507198709917482,20.302541506888748,22.80974021680623
2017-01-02,2.507198709917482,20.302541506888748,22.80974021680623
2017-01-03,2.9819062588623595,19.76795284646931,22.74985910533167
2017-01-04,3.3778431279001424,18.522148948569075,21.899992076469218
2017-01-05,3.644142109090648,17.795577893235787,21.439720002326435
2017-01-06,3.921362432057613,17.473019069800614,21.394381501858227
2017-01-09,3.669225611326496,17.71909836336702,21.388323974693517
2017-01-10,2.9666813848508333,18.48597593955632,21.452657324407152
2017-01-11,3.8510472197008028,17.46810328260645,21.319150502307252
2017-01-12,1.7072611343485988,19.778278473829843,21.485539608178442
2017-01-13,4.904606917284884,16.343288261042897,21.24789517832778
2017-01-16,4.904606917284884,16.343288261042897,21.24789517832778
2017-01-17,3.715242025276943,17.48434937590466,21.199591401181603
2017-01-18,4.047000061192172,17.13932948451623,21.186329545708404
2017-01-19,3.896857146664722,17.55566930650852,21.452526453173242
2017-01-20,4.885764542285017,15.617900341763416,20.503664884048433
2017-01-23,4.179306457672766,16.23006771957515,20.409374177247916
2017-01-24,4.428370438792166,15.748049616224103,20.17642005501627
2017-01-25,4.255546840383907,15.535176576010251,19.790723416394158
2017-01-26,3.8142172346087193,15.996548944102248,19.810766178710967
2017-01-27,4.416524785864295,15.007631388862313,19.42415617472661
2017-01-30,3.492312925178844,16.736874146586317,20.22918707176516
2017-01-31,1.9596590803512832,18.308193817739657,20.26785289809094
2017-02-01,3.073805656596523,17.743697803327148,20.81750345992367
2017-02-02,3.9803331122115324,15.852204194881686,19.83253730709322
2017-02-03,4.514360437623774,14.862617745283876,19.37697818290765
2017-02-06,3.4760069976503942,15.97645186628085,19.452458863931245
2017-02-07,3.8089057029949274,15.881008506996707,19.689914209991635
2017-02-08,3.9221719829615314,15.746982563369508,19.66915454633104
2017-02-09,4.30354546897733,15.573733920190428,19.877279389167757
2017-02-10,4.681804424715331,14.935007539992817,19.61681196470815
2017-02-13,3.917086628212518,15.55262162760103,19.469708255813547
2017-02-14,4.623897910256625,14.799283371400938,19.423181281657563
2017-02-15,3.956853688748266,14.940512062272147,18.897365751020413
2017-02-16,4.3661083420665605,14.830832941264752,19.196941283331313
2017-02-17,5.3313679559688065,13.79374569751318,19.125113653481986
2017-02-20,5.3313679559688065,13.79374569751318,19.125113653481986
2017-02-21,4.3042838853165115,14.98332575978225,19.28760964509876
2017-02-22,4.286592792865335,15.472639162077812,19.759231954943147
2017-02-23,4.099317247095929,15.69806376578827,19.7973810128842
2017-02-24,4.5753364565240595,16.01766953837087,20.59300599489493
2017-02-27,4.072736632033781,16.487025738832656,20.559762370866437
2017-02-28,3.036816404476294,17.782105894291238,20.818922298767532
2017-03-01,2.0430387263225924,18.2683395073554,20.311378233677992
2017-03-02,2.6524211614089417,17.962961635028684,20.615382796437626
2017-03-03,3.3333944864919616,16.65991877575922,19.99331326225118
2017-03-06,3.1442300851276492,16.450503804628674,19.594733889756323
2017-03-07,3.420314463593037,15.798122091538715,19.218436555131753
2017-03-08,1.7074066614361563,17.816979037980456,19.524385699416612
2017-03-09,0.9072236596452896,19.312026275606172,20.21924993525146
2017-03-10,3.268839597459582,16.491311385468066,19.760150982927648
2017-03-13,2.8258090594668808,17.242006192764332,20.067815252231213
2017-03-14,-47.98058383756039,68.59280518012436,20.612221342563974
2017-03-15,-66.2089902105391,85.8383037373802,19.6293135268411
2017-03-16,-7.866797305008959,28.054230689987307,20.18743338497835
2017-03-17,5.058174302141836,14.49928341660058,19.557457718742416
2017-03-20,4.611584353640563,14.553842111607143,19.165426465247705
2017-03-21,-5.817813563461371,25.90000011573726,20.08218655227589
2017-03-22,3.3164620932690028,16.53168879526693,19.848150888535933
2017-03-23,2.44810499903301,17.12005688400085,19.56816188303386
2017-03-24,3.4509710187233438,16.31275654363078,19.763727562354124
2017-03-27,3.49905781239071,16.291163770907072,19.790221583297782
2017-03-28,3.862431737442444,15.563503959593872,19.425935697036316
2017-03-29,4.214839259010775,14.564856211862592,18.779695470873367
2017-03-30,4.193219656391324,14.205475443171785,18.39869509956311
2017-03-31,4.074152715261205,14.378504005469617,18.452656720730822
2017-04-03,3.4391937285735334,14.698032722857329,18.137226451430863
2017-04-04,3.2643683399522363,14.83910467081983,18.103473010772067
2017-04-05,3.4807623115116524,14.80115547770252,18.281917789214173
2017-04-06,3.157422539395311,15.185701563251955,18.343124102647266
2017-04-07,2.984499484951554,15.562612400840253,18.547111885791807
2017-04-10,2.211950690241352,16.352249065063972,18.564199755305324
2017-04-11,1.7561722233578259,17.07868803128063,18.834860254638457
2017-04-12,1.6837705671251086,17.037863545746255,18.721634112871364
2017-04-13,-2.4472912698795675,21.33817619402007,18.8908849241405
2017-04-14,-2.4472912698795675,21.33817619402007,18.8908849241405
2017-04-17,-3.330181449988789,21.969556392555262,18.639374942566473
2017-04-18,-0.6311103115419705,19.306150471280155,18.675040159738185
2017-04-19,-0.2521495473073365,18.98751039422266,18.735360846915324
2017-04-20,-0.11596264171226167,18.395195508593524,18.279232866881262
2017-04-21,-0.05486811715339357,18.603059957446465,18.54819184029307
2017-04-24,3.246234822184473,13.888399238088184,17.134634060272656
2017-04-25,3.1821354144315244,13.876536590601244,17.05867200503277
2017-04-26,3.060020369468212,14.182212541963441,17.242232911431653
2017-04-27,3.8126160224288004,13.864900071010853,17.677516093439653
2017-04-28,3.774016205593341,13.481607733080416,17.255623938673757
2017-05-01,3.7100972930239564,13.422963742102102,17.133061035126058
2017-05-02,3.315269527622325,13.58715874575781,16.902428273380135
2017-05-03,3.002573670226841,14.152259657056302,17.154833327283143
2017-05-04,2.080682530102054,15.865908584848126,17.94659111495018
2017-05-05,2.3358278178478393,15.42073972671784,17.75656754456568
2017-05-08,1.664469717891933,16.904981128667515,18.569450846559448
2017-05-09,2.639027845619365,14.721351072467941,17.360378918087306
2017-05-10,2.214026884268897,15.096492555117457,17.310519439386354
2017-05-11,3.324779329191598,14.352278013565344,17.677057342756942
2017-05-12,3.165473763259694,14.569253089558043,17.734726852817737
2017-05-15,2.634711177550729,14.697438983748542,17.33215016129927
2017-05-16,2.119514497316594,15.275645477852972,17.395159975169566
2017-05-17,1.1283870224434267,17.901794183257117,19.030181205700544
2017-05-18,1.1845341109471441,18.008735876684394,19.19326998763154
2017-05-19,1.9245944569127467,16.15175682892904,18.07635128584179
2017-05-22,2.2505359143592294,15.945600372892827,18.196136287252056
2017-05-23,2.442853257748334,15.484744401890582,17.927597659638916
2017-05-24,2.9797544000880105,14.762219623282027,17.741974023370037
2017-05-25,3.735292602751123,14.035986888120213,17.771279490871336
2017-05-26,4.561780702488793,13.966646981540745,18.528427684029538
2017-05-29,4.561780702488793,13.966646981540745,18.528427684029538
2017-05-30,4.230547087012189,14.723858980815487,18.954406067827676
2017-05-31,3.469272486880694,15.865618370737508,19.334890857618202
2017-06-01,4.6406017439315015,14.259109921364182,18.899711665295683
2017-06-02,2.3550884605969777,16.238045509833064,18.593133970430042
2017-06-05,2.798690465825045,15.851415170366204,18.65010563619125
2017-06-06,4.279281834198729,14.527331037921423,18.80661287212015
2017-06-07,4.144005705357442,14.613180387023897,18.75718609238134
2017-06-08,4.5724258654023675,14.023525544094559,18.595951409496926
2017-06-09,4.356878433438936,14.555991078267144,18.91286951170608
2017-06-12,2.862835351574148,16.273422893534935,19.136258245109083
2017-06-13,2.898700969177913,15.686634760301175,18.585335729479088
2017-06-14,2.709164925833484,15.756314145278036,18.46547907111152
2017-06-15,3.414728879241883,15.442281685101028,18.85701056434291
2017-06-16,4.563599381592651,14.01462752501906,18.57822690661171
2017-06-19,5.350822924236594,12.61776296230365,17.968585886540243
2017-06-20,4.379124426099489,13.824589535359829,18.203713961459318
2017-06-21,4.810745724811962,13.31732105051708,18.128066775329042
2017-06-22,5.313540506996555,12.70803155152653,18.021572058523084
2017-06-23,5.183158012845912,12.442526059277476,17.625684072123388
2017-06-26,4.580908156162236,13.003597593009522,17.584505749171758
2017-06-27,3.4520513109285904,14.610512740965712,18.062564051894302
2017-06-28,3.6694899847761455,14.05970321672963,17.729193201505776
2017-06-29,2.527421244187938,15.933285900655541,18.46070714484348
2017-06-30,3.3379862541071414,14.665731496719095,18.003717750826237
2017-07-03,2.9910726911814223,14.985330280374434,17.976402971555856
2017-07-04,2.9910726911814223,14.985330280374434,17.976402971555856
2017-07-05,2.8791780447843163,15.307039650823024,18.18621769560734
2017-07-06,2.2595018706907126,16.43587011822879,18.695371988919504
2017-07-07,3.583913482881888,15.42910587263558,19.013019355517468
2017-07-10,3.21053374882011,14.761577994675749,17.97211174349586
2017-07-11,2.8810360670751507,15.131801373278972,18.012837440354122
2017-07-12,3.9240589266749986,13.913323847193276,17.837382773868274
2017-07-13,4.312899178811886,12.945076532354477,17.257975711166363
2017-07-14,4.173383975320382,13.11629620350413,17.28968017882451
2017-07-17,4.14173839797782,13.571182014774996,17.712920412752815
2017-07-18,3.3080411218287775,14.804516163689593,18.11255728551837
2017-07-19,4.483455827062642,12.904563121989455,17.388018949052096
2017-07-20,4.5966197276430485,12.855179151579005,17.451798879222054
2017-07-21,4.426759730563642,12.79523956056968,17.221999291133322
2017-07-24,4.523078172729818,12.662275395092607,17.185353567822425
2017-07-25,4.623985401131668,12.75653846235753,17.3805238634892
2017-07-26,4.053812015427367,12.501363937651968,16.555175953079335
2017-07-27,3.4978536532564597,13.289311533219216,16.787165186475676
2017-07-28,4.079537473089202,12.77536964197874,16.85490711506794
2017-07-31,3.766540238934434,13.042753699699675,16.80929393863411
2017-08-01,3.7727398164401986,12.731955097680489,16.504694914120687
2017-08-02,4.0089622785576875,12.700886148461835,16.709848427019523
2017-08-03,3.9184803178065373,13.700066795452045,17.618547113258582
2017-08-04,-10.888803936894199,28.388709393549217,17.499905456655018
2017-08-07,4.046154574613514,13.182791749383743,17.228946323997256
2017-08-08,3.531052719148194,13.79619296932328,17.327245688471475
2017-08-09,2.594653536013624,15.61153004687991,18.206183582893534
2017-08-10,-0.5531404123461812,20.71474026635324,20.161599854007058
2017-08-11,0.36453601378984146,19.864589548103215,20.229125561893056
2017-08-14,2.2085528574695594,16.612065739365097,18.820618596834656
2017-08-15,3.2850392087728384,15.385869797354426,18.670909006127264
2017-08-16,2.9649920258915294,15.311568976250985,18.276561002142515
2017-08-17,0.8402307738451249,18.68889660123559,19.529127375080716
2017-08-18,2.539327661851779,16.53295263782124,19.072280299673018
2017-08-21,2.7540433754300455,15.998700635036803,18.75274401046685
2017-08-22,3.9749583556066668,14.859078625344441,18.834036980951108
2017-08-23,4.00767439553425,14.543979601598197,18.551653997132448
2017-08-24,3.5465113991041495,14.973390023513469,18.519901422617618
2017-08-25,1.1790447177081091,17.504371821695436,18.683416539403545
2017-08-28,1.7932384531058823,16.895714690836908,18.68895314394279
2017-08-29,3.899984960455644,15.052436426119723,18.952421386575367
2017-08-30,1.8517525759125348,16.779162924977953,18.630915500890488
2017-08-31,-16.69688737362244,35.456434966469544,18.759547592847102
2017-09-01,3.300207121494438,14.844901125551601,18.14510824704604
2017-09-04,3.300207121494438,14.844901125551601,18.14510824704604
2017-09-05,1.700784636335868,17.526884650843876,19.227669287179744
2017-09-06,3.811965398169024,15.16715029591206,18.979115694081084
2017-09-07,4.069946566663903,14.62324503402675,18.693191600690653
2017-09-08,3.1840533146898444,16.218556882283742,19.402610196973587
2017-09-11,3.468709313566192,14.926387808340861,18.395097121907053
2017-09-12,3.8793712084378633,14.640466715899315,18.51983792433718
2017-09-13,4.449225357405204,14.269697152282124,18.718922509687328
2017-09-14,5.24494726154097,13.615276373529687,18.860223635070657
2017-09-15,6.32727553767878,12.287581565325247,18.614857103004027
2017-09-18,5.514575017144102,13.046099466091613,18.560674483235715
2017-09-19,4.394337335546087,14.21732961751745,18.611666953063537
2017-09-20,3.8780821177103135,14.826573881464721,18.704655999175035
2017-09-21,4.978428904715688,13.627226601110149,18.605655505825837
2017-09-22,5.397361740825895,13.634499943226777,19.03186168405267
2017-09-25,3.1887116479906368,16.385356960552542,19.57406860854318
2017-09-26,3.9973134245631172,15.849439146259147,19.846752570822265
2017-09-27,4.250514946807604,15.582628575809585,19.83314352261719
2017-09-28,4.294998693925615,14.85728934492038,19.152288038845995
2017-09-29,1.419521288054252,17.146092776626443,18.565614064680695
2017-10-02,3.5538685970346915,15.007559662167013,18.561428259201705
2017-10-03,3.6049851322620867,14.517570303613816,18.122555435875903
2017-10-04,3.976079803259248,14.121875863181026,18.097955666440274
2017-10-05,4.1065615773149915,13.655514861609891,17.762076438924883
2017-10-06,4.1606832059315995,14.337414202758753,18.498097408690352
2017-10-09,3.0461237717712066,15.598178743606134,18.64430251537734
2017-10-10,3.891197029992904,14.619919122777562,18.511116152770466
2017-10-11,4.085993633926021,14.18386448288585,18.26985811681187
2017-10-12,4.3103367666832035,14.002062675489707,18.31239944217291
2017-10-13,4.579266973187753,13.03144074453613,17.610707717723884
2017-10-16,3.856375241916057,14.308121283761357,18.164496525677414
2017-10-17,4.546875324962173,13.85805217237489,18.404927497337063
2017-10-18,4.228524594475658,14.169682113734183,18.39820670820984
2017-10-19,4.658042920511768,13.782566808657204,18.440609729168973
2017-10-20,4.722615816737964,13.442061537791897,18.16467735452986
2017-10-23,4.045340527698963,14.69191119209575,18.737251719794713
2017-10-24,3.5387651210659605,15.102691958065936,18.641457079131897
2017-10-25,2.7163267309668946,15.993078831602265,18.70940556256916
2017-10-26,2.3802588827943616,16.238600842632625,18.618859725426987
2017-10-27,3.193951081721142,15.04210345002533,18.236054531746472
2017-10-30,2.0980007059580963,16.782731399788798,18.880732105746894
2017-10-31,2.987265825917497,15.577194361475438,18.564460187392935
2017-11-01,0.9295013765530022,17.39031434299457,18.319815719547574
2017-11-02,3.6235204926676126,14.385194790252168,18.00871528291978
2017-11-03,3.484973295136003,14.795051073369555,18.280024368505558
2017-11-06,3.453032958272024,14.76286599024431,18.215898948516333
2017-11-07,3.299389072533229,15.522804044207264,18.822193116740493
2017-11-08,1.5085926114099166,17.191254753686643,18.69984736509656
2017-11-09,2.4521701264837823,16.206100287532486,18.65827041401627
2017-11-10,3.605035807747738,15.509441993384316,19.114477801132054
2017-11-13,3.08736301451923,16.1486355587861,19.23599857330533
2017-11-14,3.3379134893257323,16.31654968075319,19.654463170078923
2017-11-15,3.264070985104297,16.824523086637292,20.08859407174159
2017-11-16,3.7991650432858375,15.602682532513205,19.401847575799042
2017-11-17,4.904318891524031,14.502974020976463,19.407292912500495
2017-11-20,4.236473054094471,15.311643073435743,19.548116127530214
2017-11-21,4.252841916754104,15.105110884658224,19.357952801412328
2017-11-22,4.344062549781933,14.597706176893515,18.94176872667545
2017-11-23,4.344062549781933,14.597706176893515,18.94176872667545
2017-11-24,4.198419479625832,14.729322382079316,18.927741861705147
2017-11-27,3.9372433360710097,15.660505947183538,19.597749283254547
2017-11-28,4.131985339830354,15.758862893491596,19.89084823332195
2017-11-29,3.5571332326272262,16.932396768786028,20.489530001413254
2017-11-30,2.55710820339597,17.913327632841142,20.47043583623711
2017-12-01,-1.0732866888245667,21.882631052678843,20.809344363854276
2017-12-04,2.1605426937120598,18.094688648195973,20.255231341908033
2017-12-05,-0.43121140656355905,22.137149879522962,21.705938472959403
2017-12-06,-1.6501345091218695,22.75990247294894,21.10976796382707
2017-12-07,0.7450232696802708,19.25415568302927,19.999178952709542
2017-12-08,0.3316672140897303,18.717896313675144,19.049563527764874
2017-12-11,-9.04690438936964,27.79744938590732,18.75054499653768
2017-12-12,-2.7412751239477267,22.024391288243898,19.28311616429617
2017-12-13,-42.03615534160423,61.48116847139439,19.44501312979016
2017-12-14,-1.4428411175538436,24.698699110413262,23.25585799285942
2017-12-15,5.296059048775405,21.670702728528955,26.96676177730436
2017-12-18,0.7960270308511426,17.320034068472047,18.11606109932319
2017-12-19,-3.62030549165155,21.899867884076073,18.279562392424523
2017-12-20,-8.599606068188496,26.892089814007715,18.29248374581922
2017-12-21,3.322459855861835,14.759227040609849,18.081686896471684
2017-12-22,3.5718766260883097,14.17896238960879,17.7508390156971
2017-12-25,3.5718766260883097,14.17896238960879,17.7508390156971
2017-12-26,3.0566881221448927,14.751384106214685,17.808072228359578
2017-12-27,3.6345665553370967,14.058333233390355,17.692899788727452
2017-12-28,4.018155156740747,13.973213905840954,17.9913690625817
2017-12-29,-3.89049066984197,21.909230098640613,18.018739428798643
2018-01-01,-3.89049066984197,21.909230098640613,18.018739428798643
2018-01-02,3.0700833003015386,14.902452323414925,17.972535623716464
2018-01-03,3.4107428951850007,13.916001897365907,17.326744792550908
2018-01-04,3.2732274277294238,14.163033035051406,17.43626046278083
2018-01-05,2.6752477126094245,14.734057357734754,17.40930507034418
2018-01-08,2.62844034416983,14.62004233887552,17.24848268304535
2018-01-09,3.2441379345941126,14.46002869246213,17.704166627056242
2018-01-10,3.320751276435658,14.333673313558947,17.654424589994605
2018-01-11,3.5856876254378616,13.696628218262012,17.282315843699873
2018-01-12,2.603801389234068,14.893333475033742,17.49713486426781
2018-01-15,2.603801389234068,14.893333475033742,17.49713486426781
2018-01-16,2.495074023118235,15.662287279603081,18.157361302721316
2018-01-17,2.6582191094789245,15.41855217017513,18.076771279654054
2018-01-18,2.991400192544571,15.440177721362126,18.431577913906697
2018-01-19,3.4826682856870566,14.653975555898482,18.13664384158554
2018-01-22,2.2540182650189617,15.876489799043656,18.130508064062617
2018-01-23,2.5360680210646933,15.74984418398937,18.285912205054064
2018-01-24,2.399531191269137,16.03126964040461,18.430800831673746
2018-01-25,1.2479978622371348,17.54788624307522,18.795884105312354
2018-01-26,1.5021205842301413,17.263757728281025,18.765878312511166
2018-01-29,-0.21175035565335065,19.99686330343898,19.78511294778563
2018-01-30,0.3682101939051634,19.945597207824218,20.31380740172938
2018-01-31,1.4885250566567443,19.732311601740435,21.22083665839718
2018-02-01,0.698437873209059,19.257903885643174,19.956341758852233
2018-02-02,-0.09767961968703176,21.494774616811355,21.397094997124324
2018-02-05,-5.918334214909677,36.56652702262127,30.648192807711595
2018-02-06,-1.0358294263830068,25.80522867949545,24.769399253112443
2018-02-07,-4.829911946475033,28.24853525054393,23.4186233040689
2018-02-08,-18.688856783281402,45.55346972661039,26.864612943328986
2018-02-09,-6.162463866653354,31.298267335448436,25.135803468795082
2018-02-12,-1.6426812216397941,25.4255457749387,23.782864553298907
2018-02-13,-1.073025999960464,24.157141515349142,23.084115515388678
2018-02-14,1.2667548675479736,20.842431426124982,22.109186293672956
2018-02-15,-0.5210424479950468,22.17881010065838,21.657767652663335
2018-02-16,2.350708657286976,20.997802851087926,23.3485115083749
2018-02-19,2.350708657286976,20.997802851087926,23.3485115083749
2018-02-20,-0.05781218375010866,22.07954456114826,22.021732377398152
2018-02-21,0.42571301869006817,21.450925684688826,21.876638703378894
2018-02-22,0.9910367222046972,20.897106159615067,21.888142881819764
2018-02-23,1.0275251662906548,19.82403919785874,20.851564364149393
2018-02-26,1.7217183120098376,19.33340313249791,21.055121444507748
2018-02-27,-0.34300465425659965,22.357700843962736,22.014696189706136
2018-02-28,-1.3086752893009965,23.69428997104095,22.385614681739952
2018-03-01,3.3060976400193454,24.239142006138326,27.545239646157672
2018-03-02,-0.27792528179342924,22.8362388357954,22.55831355400197
2018-03-05,-0.48139217618511054,23.01538415473617,22.53399197855106
2018-03-06,1.077864122367643,21.73238695254123,22.810251074908873
2018-03-07,0.42621028352088786,21.710115851245362,22.13632613476625
2018-03-08,1.013131927193644,20.622039846967418,21.635171774161062
2018-03-09,1.426893676352325,19.324173901927402,20.751067578279727
2018-03-12,1.0975483586878099,19.842272906281057,20.939821264968867
2018-03-13,0.42658415664021376,20.849183154355845,21.27576731099606
2018-03-14,1.0534814730451494,20.4377967049284,21.49127817797355
2018-03-15,1.2301821905376862,20.09389244190528,21.324074632442965
2018-03-16,3.279610476453943,18.17151221737687,21.45112269383081
2018-03-19,2.025568668601089,20.875092674329068,22.900661342930157
2018-03-20,1.685183012326398,20.555947355671293,22.24113036799769
2018-03-21,3.6987721715929425,19.02606417413749,22.72483634573043
2018-03-22,-7.54614472007184,31.30000426127106,23.75385954119922
2018-03-23,-2.037422011164658,26.776274484962766,24.738852473798108
2018-03-26,-0.15401944694536596,24.65577988615484,24.501760439209473
2018-03-27,-2.6679724035044146,26.49241167328927,23.824439269784854
2018-03-28,-2.694083299682081,27.082820124281504,24.388736824599423
2018-03-29,-0.4135377587608282,23.973158718410875,23.559620959650047
2018-03-30,-0.4135377587608282,23.973158718410875,23.559620959650047
2018-04-02,-3.5018777069763445,27.90825436988674,24.406376662910397
2018-04-03,-1.6236824785101724,25.201075373068704,23.577392894558532
2018-04-04,-1.4063696917054358,25.27695944991482,23.870589758209384
2018-04-05,0.008968029681405199,23.058962601635194,23.0679306313166
2018-04-06,-8.304653973089124,38.21996803859243,29.915314065503303
2018-04-09,0.13831936518880283,23.5324685139698,23.670787879158603
2018-04-10,0.03099912551836681,22.664958336568517,22.695957462086884
2018-04-11,0.4695238543266811,21.949472296600685,22.418996150927367
2018-04-12,1.0130161030868194,20.69239158441239,21.70540768749921
2018-04-13,0.6880554653011757,20.65834070880791,21.346396174109085
2018-04-16,1.7479247910135634,19.70886053225727,21.456785323270832
2018-04-17,-4.408434002460357,24.88956285229517,20.481128849834814
2018-04-18,2.932013613464541,17.038354393167815,19.970368006632356
2018-04-19,2.650447550377155,17.30197525434046,19.952422804717614
2018-04-20,2.378921259572877,17.873021785566976,20.251943045139853
2018-04-23,2.290736628689526,17.804511831558003,20.09524846024753
2018-04-24,1.838495247516068,18.58751176932661,20.42600701684268
2018-04-25,1.7810119802278592,19.152163317311103,20.933175297538963
2018-04-26,2.302398258790273,17.861552763433608,20.16395102222388
2018-04-27,2.1714326159400095,17.21387451909312,19.38530713503313
2018-04-30,2.4549709589735613,17.368440560559613,19.823411519533174
2018-05-01,2.299368363695642,17.65611899705804,19.955487360753683
2018-05-02,1.4430808094682703,18.249368432616095,19.692449242084365
2018-05-03,1.6540195613795525,18.314567360696422,19.968586922075975
2018-05-04,1.8352923230503144,17.770220595164766,19.60551291821508
2018-05-07,1.4877551576901702,18.274835513150144,19.762590670840314
2018-05-08,1.221558633982891,17.992633365207897,19.21419199919079
2018-05-09,14.63847044272135,17.570001867978846,32.208472310700195
2018-05-10,1.4499811961319402,17.146034446691928,18.59601564282387
2018-05-11,2.252413105037295,16.176008485715535,18.42842159075283
2018-05-14,2.0404552141377614,16.4085000287789,18.44895524291666
2018-05-15,0.892034816489641,18.490980485895193,19.383015302384834
2018-05-16,1.9669000183429546,17.543981537018556,19.51088155536151
2018-05-17,1.5895543127897724,18.050943098646457,19.64049741143623
2018-05-18,1.7404989796447907,17.799254622766608,19.5397536024114
2018-05-21,2.072499664870815,17.08208532147067,19.154584986341487
2018-05-22,2.2763917923725465,16.387949574475076,18.664341366847623
2018-05-23,2.135561177624986,16.82925659140204,18.964817769027025
2018-05-24,1.6814230440573184,17.54496209617194,19.226385140229258
2018-05-25,2.1803632681310923,16.98456621643031,19.1649294845614
2018-05-28,2.1803632681310923,16.98456621643031,19.1649294845614
2018-05-29,-1.3649933372040053,21.90451941457009,20.539526077366084
2018-05-30,1.2938453924381648,18.833228724350118,20.127074116788283
2018-05-31,1.8572280370405352,17.67650268672218,19.533730723762716
2018-06-01,2.6136893534002255,16.315881092290212,18.929570445690437
2018-06-04,1.1636794174350307,17.14819131092962,18.31187072836465
2018-06-05,2.2589982910515687,16.273608116617382,18.53260640766895
2018-06-06,2.562574809288554,15.95514341191951,18.517718221208064
2018-06-07,0.5390884403884648,18.43137855653691,18.970466996925374
2018-06-08,1.8087742932050475,17.42177400354358,19.230548296748626
2018-06-11,1.1730302495769322,18.049005069291002,19.222035318867935
2018-06-12,1.5910849219407517,17.558525362254713,19.149610284195465
2018-06-13,1.5625766655089457,17.967353633517035,19.52993029902598
2018-06-14,1.9403054096689765,17.380565807555087,19.320871217224063
2018-06-15,3.4257176261049374,16.013244711066662,19.4389623371716
2018-06-18,2.6169720365897327,17.266643651883147,19.88361568847288
2018-06-19,1.873979640051207,18.292364983431707,20.166344623482914
2018-06-20,2.4290055718057815,17.095727057016198,19.52473262882198
2018-06-21,1.7495673996838974,18.555533500685353,20.30510090036925
2018-06-22,2.402049344778284,17.29793004783248,19.699979392610764
2018-06-25,0.35458205964452816,20.016982863154727,20.371564922799255
2018-06-26,1.2947907233585418,18.91342814810912,20.20821887146766
2018-06-27,-0.6703780385956399,21.889324563354084,21.218946524758444
2018-06-28,0.4956087632345465,20.32786718732318,20.823475950557725
2018-06-29,0.9593117107482101,19.44558716261095,20.40489887335916
2018-07-02,0.4518568094237345,20.64306337968031,21.094920189104045
2018-07-03,0.2988220728354172,20.46750955914601,20.766331631981426
2018-07-04,0.2988220728354172,20.46750955914601,20.766331631981426
2018-07-05,0.2356727286962652,20.542192896203932,20.777865624900198
2018-07-06,1.3135119333468417,18.581553533575367,19.89506546692221
2018-07-09,1.5475841767285097,17.524141795004144,19.071725971732654
2018-07-10,2.373135994149603,16.49272036755594,18.865856361705543
2018-07-11,1.7000164703576637,18.13649014295725,19.836506613314913
2018-07-12,-0.9269815892485127,20.255901532945956,19.328919943697443
2018-07-13,2.6995917943279153,16.26753290513145,18.967124699459365
2018-07-16,2.6769218653078894,16.48271389810153,19.15963576340942
2018-07-17,2.8690168993943637,15.986915806653752,18.855932706048115
2018-07-18,2.4223646387854316,16.234489258182077,18.656853896967508
2018-07-19,7.824215894053811,17.034017245867762,24.858233139921573
2018-07-20,2.9570106600420587,16.10542018094038,19.06243084098244
2018-07-23,2.7321496256271054,16.815025728778405,19.54717535440551
2018-07-24,2.3809045793957893,16.69334372534213,19.07424830473792
2018-07-25,2.233262420042479,16.235115831695687,18.468378251738166
2018-07-26,2.49327572961759,16.160454718029822,18.653730447647412
2018-07-27,2.2650472594134072,16.45553972441282,18.720586983826227
2018-07-30,2.1111405667253536,17.148155881970204,19.259296448695558
2018-07-31,1.9881980862001392,16.60009643664766,18.5882945228478
2018-08-01,2.3199642945707595,16.549561335990877,18.869525630561636
2018-08-02,2.092572751942363,17.307944613483635,19.400517365425998
2018-08-03,2.608251771938182,16.59248834391801,19.200740115856192
2018-08-06,2.3309942829806225,16.889272045221983,19.220266328202605
2018-08-07,2.645234173166056,16.278448232809207,18.923682405975264
2018-08-08,2.5840569877397535,16.216558785926214,18.800615773665967
2018-08-09,3.202544227124026,15.647135416258209,18.849679643382235
2018-08-10,1.0206752478013392,18.993960294949996,20.014635542751336
2018-08-13,-0.12026734326729027,20.496177322428526,20.375909979161236
2018-08-14,0.7842645783626381,19.011654763613762,19.7959193419764
2018-08-15,10.43345344904533,25.261317000210404,35.694770449255735
2018-08-16,-21.11620011442816,44.90390000451677,23.78769989008861
2018-08-17,0.8580332138279623,19.322787752685336,20.1808209665133
2018-08-20,0.866539130215628,18.932505590258394,19.799044720474022
2018-08-21,1.7320760940242472,17.522174904029423,19.25425099805367
2018-08-22,1.4886491015893597,17.739708498344232,19.22835759993359
2018-08-23,1.597750853128126,18.15952640216594,19.757277255294067
2018-08-24,1.7490671812897851,17.590020120629397,19.339087301919182
2018-08-27,0.9340650198366021,18.529643381425878,19.46370840126248
2018-08-28,1.687321990521724,17.648032765229054,19.335354755750778
2018-08-29,2.0065381788234404,17.25183068186744,19.25836886069088
2018-08-30,0.807546993999285,19.507731596801133,20.315278590800418
2018-08-31,1.2136354591624219,18.878832117617712,20.092467576780134
2018-09-03,1.2136354591624219,18.878832117617712,20.092467576780134
2018-09-04,-0.7917460085734653,21.93784642945735,21.146100420883883
2018-09-05,0.27623247069343293,21.344336805571388,21.62056927626482
2018-09-06,0.5722875304520372,20.765822073089886,21.338109603541923
2018-09-07,-12.519317118993769,34.24124462404727,21.7219275050535
2018-09-10,0.4763151343644658,20.784728002490695,21.26104313685516
2018-09-11,0.5582187341184195,20.680081599304867,21.238300333423286
2018-09-12,0.5838756853582829,20.284963438172987,20.86883912353127
2018-09-13,0.8563859619978018,19.59805352050474,20.454439482502544
2018-09-14,22.041880921712522,19.363639188416865,41.40552011012939
2018-09-17,0.2881748655172025,20.738530144776497,21.0267050102937
2018-09-18,1.12731018392671,19.023561656090674,20.150871840017384
2018-09-19,1.899417017906135,17.961168254722786,19.86058527262892
2018-09-20,3.0148045333211897,17.93377435867307,20.94857889199426
2018-09-21,1.7403794331198625,17.685515982379503,19.425895415499365
2018-09-24,0.980693011895589,18.744733729860965,19.725426741756554
2018-09-25,1.1238381756881246,18.49282033177552,19.616658507463644
2018-09-26,0.8418321529414037,18.588661149434344,19.430493302375748
2018-09-27,1.6147176266108545,17.718405690312416,19.33312331692327
2018-09-28,1.3327621895198227,18.133924757854487,19.46668694737431
2018-10-01,1.08381097658512,18.44425586098774,19.52806683757286
2018-10-02,0.7205460900865575,19.154853448093455,19.875399538180012
2018-10-03,0.9814680835338585,19.404111968870595,20.385580052404453
2018-10-04,-0.3998238757169297,21.736906066902986,21.337082191186056
2018-10-05,-1.022350779464798,22.186661269194097,21.1643104897293
2018-10-08,-0.6492170786907714,21.71581890752117,21.0666018288304
2018-10-09,-0.42036088460566035,21.1361697466888,20.71580886208314
2018-10-10,-3.405513112836328,26.168725548259236,22.763212435422908
2018-10-11,-4.191564492174528,27.01678901719201,22.825224525017482
2018-10-12,-2.6288530083895765,24.817921460200292,22.189068451810716
2018-10-15,-2.4314996096038612,24.673734370367523,22.24223476076366
2018-10-16,-1.4257921711799533,22.662099695298497,21.236307524118544
2018-10-17,-1.0169518246177915,22.878578626526192,21.8616268019084
2018-10-18,-2.6810699529168964,25.564327566229732,22.883257613312836
2018-10-19,-2.1918423823097797,24.3454194124771,22.15357703016732
2018-10-22,-1.5108226079133864,23.657833674963495,22.14701106705011
2018-10-23,-1.7796284358639731,24.924641325080415,23.145012889216442
2018-10-24,-4.144513381909935,29.122507803495555,24.97799442158562
2018-10-25,-4.03763842566574,28.208968738641037,24.171330312975297
2018-10-26,-4.046680201692531,28.523688045370648,24.477007843678116
2018-10-29,-5.027832425073306,29.938187001345646,24.91035457627234
2018-10-30,-3.21228341803004,27.458702301446753,24.246418883416712
2018-10-31,-2.2606680408979862,25.629866221187857,23.36919818028987
2018-11-01,-2.5054209304347594,24.746271271811647,22.240850341376888
2018-11-02,-3.335763385106141,25.610848439165572,22.27508505405943
2018-11-05,-2.961263562530611,25.382420142271144,22.421156579740533
2018-11-06,-2.6743576072356063,24.95554454551169,22.281186938276083
2018-11-07,-0.771264291974255,21.78951555641031,21.018251264436056
2018-11-08,-2.402798031139909,23.824838816030926,21.422040784891017
2018-11-09,-14.804575611057516,42.67113760802479,27.866561996967278
2018-11-12,-4.555989456514496,27.321124961674503,22.765135505160007
2018-11-13,-5.316115631099468,27.95214148118176,22.63602585008229
2018-11-14,-15.22404866419732,49.60700408965863,34.38295542546131
2018-11-15,-19.438733854661354,42.11021457752387,22.671480722862515
2018-11-16,-0.0301763362741454,29.868425899577034,29.838249563302888
2018-11-19,-2.7798054769986855,25.42311802443824,22.643312547439553
2018-11-20,-2.4026437747449165,25.993036620842645,23.59039284609773
2018-11-21,-2.632953544029615,25.392639605898214,22.7596860618686
2018-11-22,-2.632953544029615,25.392639605898214,22.7596860618686
2018-11-23,-0.9566602737322825,24.151134604682177,23.194474330949895
2018-11-26,-1.6165586898241529,24.501796988905888,22.885238299081735
2018-11-27,-1.5680187588276375,23.724006004043407,22.15598724521577
2018-11-28,-1.8964166572200938,23.785517353644682,21.889100696424588
2018-11-29,-1.803725393069385,23.866040711947782,22.062315318878397
2018-11-30,-1.545876252776651,23.747863933604542,22.20198768082789
2018-12-03,-3.841169648986039,25.267415541654657,21.426245892668618
2018-12-04,-1.0608480120621344,23.02612091309069,21.965272901028555
2018-12-05,-1.0608480120621344,23.02612091309069,21.965272901028555
2018-12-06,-2.2691310175568944,24.729405515467317,22.460274497910422
2018-12-07,-2.015791116441399,25.96515982724622,23.949368710804823
2018-12-10,-1.6321402376761007,25.684655568109406,24.052515330433305
2018-12-11,-0.27379636321421685,24.154291575095517,23.8804952118813
2018-12-12,-0.06310366790841826,23.44881350592056,23.38570983801214
2018-12-13,1.0106752023220729,22.16278078620636,23.17345598852843
2018-12-14,1.5421515473538534,22.085220101669382,23.627371649023235
2018-12-17,-1.2537821755732992,25.921768310789243,24.667986135215944
2018-12-18,-0.5287195323131577,25.19923978282978,24.67052025051662
2018-12-19,-0.18583614816363792,24.740633643863227,24.55479749569959
2018-12-20,0.3197222489864622,24.18820841233274,24.507930661319204
2018-12-21,1.78581036103596,25.09409420751077,26.87990456854673
2018-12-24,-2.233158989080941,27.66864480615204,25.4354858170711
2018-12-25,-2.233158989080941,27.66864480615204,25.4354858170711
2018-12-26,-1.3828723372260612,26.136230455228997,24.753358118002936
2018-12-27,0.09602038323211204,24.824700226860543,24.920720610092655
2018-12-28,0.31466625683293614,24.168795785360217,24.483462042193153
2018-12-31,-0.0793907822341069,23.80731253669757,23.727921754463463
2019-01-01,-0.0793907822341069,23.80731253669757,23.727921754463463
2019-01-02,0.579989157968182,23.117755780400536,23.697744938368718
2019-01-03,-0.04983026103639787,24.56355423647972,24.513723975443323
2019-01-04,2.551220943045063,22.25167366458722,24.802894607632282
2019-01-07,0.6610848818565316,22.27762498055614,22.938709862412672
2019-01-08,1.1038399113835418,21.317528283282268,22.42136819466581
2019-01-09,1.2985274920610017,20.401784994130846,21.700312486191848
2019-01-10,1.8516812982543058,19.639220278932246,21.490901577186552
2019-01-11,2.5444884980982785,18.63035667537754,21.17484517347582
2019-01-14,1.9437487776264675,19.39900709972001,21.342755877346477
2019-01-15,2.0426901893892158,18.79797839273491,20.840668582124124
2019-01-16,2.102827860535239,18.45080423548788,20.55363209602312
2019-01-17,2.112971909866907,18.594088481425857,20.707060391292764
2019-01-18,2.9180800006527505,17.278079047447132,20.196159048099883
2019-01-21,2.9180800006527505,17.278079047447132,20.196159048099883
2019-01-22,1.3200674830914778,19.70765442110396,21.027721904195438
2019-01-23,1.4651555781505436,19.33715756498388,20.802313143134423
2019-01-24,1.8726300972521948,18.577212679595696,20.44984277684789
2019-01-25,2.0055246946526353,18.216793155381612,20.222317850034248
2019-01-28,1.4203895109983264,19.24368296142275,20.664072472421076
2019-01-29,1.4644727384496363,19.21446452872129,20.678937267170927
2019-01-30,1.1168606881916716,19.376214121026273,20.493074809217944
2019-01-31,1.650485803177915,18.70431852914972,20.354804332327635
2019-02-01,1.8576023912212314,18.24329923939436,20.100901630615592
2019-02-04,2.331045147673315,17.565666535772348,19.896711683445663
2019-02-05,2.001941324943939,17.39478237025626,19.396723695200198
2019-02-06,1.6150161238428993,17.852887035993923,19.467903159836823
2019-02-07,1.8503071186076347,18.920124065433203,20.770431184040838
2019-02-08,2.2492017562965536,17.789473390963046,20.0386751472596
2019-02-11,2.0081400036723487,18.03079957669262,20.038939580364968
2019-02-12,2.867628910770062,16.786492518984854,19.654121429754916
2019-02-13,2.5029145199738743,17.132373802301327,19.6352883222752
2019-02-14,2.562840929180414,16.941093504073976,19.50393443325439
2019-02-15,2.7550837628824425,16.528111472604273,19.283195235486716
2019-02-18,2.7550837628824425,16.528111472604273,19.283195235486716
2019-02-19,2.535859497862482,16.413433466570932,18.949292964433415
2019-02-20,2.6666412024021753,16.01510493850453,18.681746140906704
2019-02-21,2.343171603123004,16.217469594146632,18.560641197269636
2019-02-22,2.6608823820277774,15.442399378559516,18.103281760587294
2019-02-25,2.414509010078378,15.786178146393349,18.200687156471727
2019-02-26,1.5803524520058225,16.806700967066828,18.38705341907265
2019-02-27,1.5612024865741745,17.139122443753813,18.700324930327987
2019-02-28,1.6420439900209338,17.311971871221704,18.954015861242638
2019-03-01,-3.8657624059436735,22.762114423202394,18.89635201725872
2019-03-04,1.0064898852697546,17.944795030048528,18.951284915318283
2019-03-05,1.4384802155956429,17.18201838115213,18.620498596747773
2019-03-06,1.8261240962839977,16.826039876900648,18.652163973184646
2019-03-07,0.29795400640432135,19.34998651528521,19.64794052168953
2019-03-08,1.9765525950135263,18.175853469003442,20.15240606401697
2019-03-11,-0.631683198473393,20.08265724496959,19.450974046496196
2019-03-12,1.5546672989245032,17.390804179962853,18.945471478887356
2019-03-13,-0.9677010691055798,19.84983714823002,18.88213607912444
2019-03-14,-0.9469906870367772,19.96902739151107,19.022036704474292
2019-03-15,3.3529618268016534,15.174122284393732,18.527084111195386
2019-03-18,2.9849669315004377,15.189507750323575,18.174474681824012
2019-03-19,3.0272972619736205,15.200863260201414,18.228160522175035
2019-03-20,1.5374366786309075,16.711953835814285,18.249390514445192
2019-03-21,3.163290638746492,15.002226253882167,18.16551689262866
2019-03-22,0.51706355495525,18.60260332308389,19.11966687803914
2019-03-25,1.0832888236716087,18.349883379685092,19.4331722033567
2019-03-26,-1.1202753509678374,20.038624602354627,18.91834925138679
2019-03-27,1.5221371498738065,17.943246187722146,19.465383337595952
2019-03-28,-16.078743927838772,35.21648574780525,19.13774181996648
2019-03-29,1.8641386182539392,16.906972770749267,18.771111389003206
2019-04-01,1.3686728235886747,17.03130548448494,18.399978308073614
2019-04-02,2.2300959272918455,16.148133791022975,18.37822971831482
2019-04-03,1.8288299939640105,16.794691553777184,18.623521547741195
2019-04-04,2.484599156289713,15.848292866977276,18.33289202326699
2019-04-05,2.3384301426110774,15.47797063353293,17.816400776144008
2019-04-08,2.671664497012058,15.1880191513993,17.85968364841136
2019-04-09,2.7997175656993907,15.237693164790416,18.037410730489807
2019-04-10,2.801001178142368,15.23829826942951,18.039299447571878
2019-04-11,2.8007874960722106,15.238197475502968,18.03898497157518
2019-04-12,2.799396092466063,15.237541760718818,18.03693785318488
2019-04-15,2.7282067390620615,15.200753031154706,17.928959770216768
2019-04-16,2.7274246002646603,15.20040329103316,17.92782789129782
2019-04-17,3.406691220834535,14.11457925011748,17.521270470952015
2019-04-18,3.078886575475547,14.183120053308592,17.26200662878414
2019-04-19,3.078886575475547,14.183120053308592,17.26200662878414
2019-04-22,1.4958758916209867,16.06634704504529,17.562222936666277
2019-04-23,2.78387410045368,14.362920076443569,17.14679417689725
2019-04-24,2.2888876237157874,15.027767835549987,17.316655459265775
2019-04-25,2.017380768541532,15.629582042612345,17.646962811153877
2019-04-26,2.6033727965479017,14.839498003030489,17.44287079957839
2019-04-29,2.6030072592415543,14.68769627634489,17.290703535586445
2019-04-30,2.3931506799161006,14.79767204468919,17.19082272460529
2019-05-01,2.213868083307881,15.19571582048958,17.40958390379746
2019-05-02,2.393402591692274,15.153412110952816,17.54681470264509
2019-05-03,2.880717017958336,14.337150581720447,17.217867599678783
2019-05-06,0.3008704720769515,17.927568281493894,18.228438753570845
2019-05-07,-1.8502263638330945,21.652795070877822,19.802568707044728
2019-05-08,-2.285058458298135,22.20271368969836,19.917655231400225
2019-05-09,-3.7975420669268196,24.001325445765396,20.203783378838576
2019-05-10,-4.48245827712968,24.051623893523793,19.569165616394113
2019-05-13,-4.68264750282809,26.465469374962524,21.782821872134434
2019-05-14,-3.335901087602405,23.715738392588918,20.379837304986513
2019-05-15,-1.6640170610761515,21.29478476869243,19.63076770761628
2019-05-16,-2.8426738648679617,22.265320843104817,19.422646978236855
2019-05-17,0.4582786581679841,19.457607290683267,19.91588594885125
2019-05-20,-0.08465574762827544,20.015999647724318,19.931343900096042
2019-05-21,1.466142386896113,17.686863947511714,19.153006334407827
2019-05-22,1.192980496663047,17.881594358678147,19.074574855341194
2019-05-23,0.4014317728316037,19.75568180544648,20.157113578278082
2019-05-24,2.0423741360126613,19.48552261914662,21.527896755159283
2019-05-27,2.0423741360126613,19.48552261914662,21.527896755159283
2019-05-28,0.544676778250178,19.185753958351214,19.73043073660139
2019-05-29,0.5260333464067983,19.427912730837598,19.953946077244396
2019-05-30,1.221429147810145,18.628825791551954,19.8502549393621
2019-05-31,1.0089733093296758,19.317985413267746,20.32695872259742
2019-06-03,0.9351392048081415,19.555708048086736,20.490847252894877
2019-06-04,1.1173971841795627,19.05736546433326,20.17476264851282
2019-06-05,0.18212668785741215,19.622162973811648,19.80428966166906
2019-06-06,3.612140307639944,18.66485017833466,22.276990485974604
2019-06-07,2.68535849820114,18.013456234691596,20.698814732892735
2019-06-10,1.286367213413925,17.794285724946317,19.08065293836024
2019-06-11,1.1346441174038446,17.500344601969815,18.63498871937366
2019-06-12,-0.6012120834762129,19.664602691484536,19.063390608008323
2019-06-13,0.5352581566897143,18.495823089560734,19.031081246250448
2019-06-14,-20.299136560418514,41.63131235956975,21.332175799151234
2019-06-17,2.4953836016037734,18.673706946393658,21.16909054799743
2019-06-18,0.9693349271316976,17.993661458593007,18.962996385724704
2019-06-19,-2.4843157566866267,21.12776443150494,18.643448674818313
2019-06-20,1.2837555589317162,16.801514567988693,18.08527012692041
2019-06-21,1.4519330357178575,16.991014622788637,18.442947658506494
2019-06-24,1.607620045356743,17.02930152334894,18.636921568705684
2019-06-25,0.13852504479370964,18.517766051723125,18.656291096516835
2019-06-26,0.7897526758612408,17.99272238404174,18.782475059902982
2019-06-27,-3.9432338326400895,23.42721136117051,19.48397752853042
2019-06-28,-1.8123877546417724,23.28000824784446,21.467620493202688
2019-07-01,9.554971208627952,15.783307490888019,25.33827869951597
2019-07-02,5.220345229653393,15.33858942342022,20.558934653073614
2019-07-03,2.49478023842625,15.48940923694431,17.98418947537056
2019-07-04,2.49478023842625,15.48940923694431,17.98418947537056
2019-07-05,2.371484469393037,15.606027224553726,17.977511693946763
2019-07-08,2.0418789101040424,16.211486030476646,18.25336494058069
2019-07-09,1.0569507137125704,17.36652567217076,18.42347638588333
2019-07-10,2.531458693223879,15.583735240766107,18.115193933989985
2019-07-11,2.294627147789427,16.18488550212747,18.4795126499169
2019-07-12,1.7304578385182676,15.559221112215285,17.289678950733553
2019-07-15,0.9838701801653329,16.173175282587103,17.157045462752436
2019-07-16,1.512866533464294,15.567951854410559,17.080818387874853
2019-07-17,2.6547666176492744,14.709160193871847,17.36392681152112
2019-07-18,2.1709414844255424,15.403898806640376,17.574840291065918
2019-07-19,0.8511504920249777,16.771538245260036,17.622688737285014
2019-07-22,3.4845878991392976,15.486503378642391,18.97109127778169
2019-07-23,5.565816274485236,14.916693750469815,20.48251002495505
2019-07-24,-0.3833606180553737,17.36548205260102,16.982121434545647
2019-07-25,4.519583503964281,15.55115673257735,20.07074023654163
2019-07-26,1.658819503940677,15.21090572422002,16.869725228160696
2019-07-29,-0.022841084198859107,17.30471897378276,17.2818778895839
2019-07-30,1.120445858785999,16.346100549985675,17.466546408771674
2019-07-31,4.872652925995709,16.072607258450773,20.945260184446482
2019-08-01,-0.1290660718102572,19.058019959730853,18.928953887920596
2019-08-02,-37.426054011742806,64.89070551953515,27.464651507792336
2019-08-05,-5.586103950066256,27.972892037568393,22.386788087502136
2019-08-06,-4.026686657681406,24.760539817811818,20.733853160130412
2019-08-07,-1.4534396283614122,23.950910900959432,22.49747127259802
2019-08-08,-0.06073733722665153,20.08855681850039,20.02781948127374
2019-08-09,-4.650486471617626,25.994459337138448,21.343972865520822
2019-08-12,-2.2887426495242345,23.934736752942126,21.64599410341789
2019-08-13,-2.0735748837789245,22.397578501387247,20.324003617608323
2019-08-14,-14.309203076890284,36.122766421563476,21.81356334467319
2019-08-15,-1.9913890859229184,23.960651118311482,21.969262032388563
2019-08-16,-3.2073082098797023,24.449487631608523,21.24217942172882
2019-08-19,1.0514442199516552,19.48726802309551,20.538712243047165
2019-08-20,0.960245135629215,18.839458389582934,19.79970352521215
2019-08-21,1.3353813620996,18.66487948730838,20.00026084940798
2019-08-22,3.1937106455029287,18.90686127645077,22.100571921953698
2019-08-23,-4.968029710924895,32.42842615535888,27.460396444433982
2019-08-26,-0.5505207678867059,21.71973807820999,21.169217310323283
2019-08-27,-0.13863622900313288,21.06134415913901,20.92270793013588
2019-08-28,2.173030427696194,20.419289159814184,22.592319587510378
2019-08-29,-9.331923835035592,31.13463877772163,21.802714942686038
2019-08-30,1.3969839768250267,18.871568485839248,20.268552462664275
2019-09-02,1.3969839768250267,18.871568485839248,20.268552462664275
2019-09-03,-3.9307387979208066,24.54106147295894,20.610322675038134
2019-09-04,0.7313124937239657,19.446940083284968,20.178252577008934
2019-09-05,2.973797553473979,17.7580878519327,20.73188540540668
2019-09-06,-0.4885982576398433,19.41156388123916,18.922965623599318
2019-09-09,4.619435902852853,16.60320405730819,21.222639960161043
2019-09-10,3.5318803926653075,17.530306992217675,21.062187384882982
2019-09-11,0.7350792569828393,18.51656237853783,19.25164163552067
2019-09-12,2.466659680801092,15.961264998795174,18.427924679596266
2019-09-13,6.170549697237778,16.068674599497577,22.239224296735355
2019-09-16,4.815407991876164,18.11826933449878,22.933677326374944
2019-09-17,5.852262264179959,17.899539489642994,23.751801753822953
2019-09-18,2.5709845437915924,16.888016909525952,19.459001453317544
2019-09-19,1.1192974810453649,17.931900093995612,19.051197575040977
2019-09-20,4.550116543119543,18.119999067871927,22.67011561099147
2019-09-23,3.322363938633149,16.80145748963052,20.123821428263668
2019-09-24,6.028231842394938,17.897992849608524,23.926224692003462
2019-09-25,4.883303595906,18.717339442098844,23.600643038004844
2019-09-26,7.471639769932807,17.584347237098914,25.05598700703172
2019-09-27,-0.349519620942786,20.350427916108647,20.00090829516586
2019-09-30,-16.575942203689095,70.89460863986449,54.31866643617539
2019-10-01,2.6117139848735285,19.039436967288438,21.651150952161967
2019-10-02,4.850418658853428,20.42226165118479,25.27268031003822
2019-10-03,4.170932391311272,19.079397982528736,23.250330373840008
2019-10-04,3.1930725231541466,31.936770481040423,35.12984300419457
2019-10-07,8.490366257191727,20.256110118298988,28.746476375490715
2019-10-08,25.445402737174604,20.79114701003776,46.236549747212365
2019-10-09,-6.647502037569176,37.82757329600294,31.180071258433763
2019-10-10,6.621111745057764,19.76815765006483,26.389269395122593
2019-10-11,-40.2682479191006,65.6105761508376,25.342328231737003
2019-10-14,6.647882559634301,17.452252260030996,24.100134819665296
2019-10-15,9.74625614181332,16.765448974814763,26.511705116628082
2019-10-16,30.620419769436257,15.529621738549078,46.150041507985335
2019-10-17,3.841474264899608,15.790504958642169,19.631979223541776
2019-10-18,-50.4308065629414,75.89280240184144,25.461995838900037
2019-10-21,4.828140080227952,15.598210767763335,20.426350847991287
2019-10-22,4.211124712842025,15.980008527720624,20.19113324056265
2019-10-23,2.6042062961461774,15.767962708489168,18.372169004635346
2019-10-24,3.3016948801432022,15.852045857165454,19.153740737308656
2019-10-25,4.002205250864835,14.023253787473204,18.025459038338038
2019-10-28,3.3266699880319557,15.466360575106947,18.793030563138903
2019-10-29,3.0770335459302682,15.8619255928054,18.93895913873567
2019-10-30,2.436642437194415,16.12837608313684,18.565018520331254
2019-10-31,2.719269580245971,15.711781750354724,18.431051330600695
2019-11-01,-109.3970283065995,144.96652441255742,35.569496105957924
2019-11-04,0.7504538548612629,17.657727756275424,18.408181611136687
2019-11-05,0.8923293271023987,17.691162402146976,18.583491729249374
2019-11-06,-2.438868237094521,20.62872363219307,18.189855395098547
2019-11-07,11.336803470671452,18.943038864514158,30.27984233518561
2019-11-08,-85.71372210424107,118.96405278655308,33.250330682312004
2019-11-11,2.2113590232456097,16.724175329518147,18.935534352763757
2019-11-12,2.4414042739905355,16.169951555219036,18.61135582920957
2019-11-13,1.4548337030380445,18.457446677201077,19.91228038023912
2019-11-14,5.765541500613374,17.397916576815515,23.16345807742889
2019-11-15,-70.00562393521325,104.26693199014107,34.261308054927824
2019-11-18,2.772501480891078,15.95502332764949,18.72752480854057
2019-11-19,3.908154275527446,15.518625944462164,19.42678021998961
2019-11-20,1.7157252047355485,16.36698530730077,18.082710512036318
2019-11-21,-41.58592123478751,66.66524994219469,25.07932870740718
2019-11-22,6.923841212048188,16.20844693792545,23.13228814997364
2019-11-25,0.30006334753611696,18.401775039331348,18.701838386867465
2019-11-26,2.4468830797609726,15.64019597773028,18.087079057491252
2019-11-27,2.6153217902206656,16.147586740187677,18.762908530408343
2019-11-28,2.6153217902206656,16.147586740187677,18.762908530408343
2019-11-29,-86.7168912237606,116.47402399072642,29.75713276696582
2019-12-02,2.0896981619380455,17.014653218033132,19.104351379971177
2019-12-03,3.572252749688829,20.602793793264865,24.175046542953694
2019-12-04,0.8628886772128013,18.4130573972273,19.2759460744401
2019-12-05,8.369905986354308,16.94368139537154,25.31358738172585
2019-12-06,2.596106590825986,15.836700183716857,18.432806774542843
2019-12-09,3.488089476417958,16.844484254711645,20.332573731129603
2019-12-10,1.81453334938427,16.445233377079838,18.259766726464107
2019-12-11,8.911689468539201,18.408626058586037,27.32031552712524
2019-12-12,-13.232133441059723,50.44794968534879,37.215816244289066
2019-12-13,-48.01131078180323,71.25957868335227,23.248267901549042
2019-12-16,4.061995249417002,47.465304523776176,51.52729977319318
2019-12-17,-45.18447677947153,70.06702422843388,24.88254744896235
2019-12-18,-67.1966893172001,122.65895659118615,55.46226727398606
2019-12-19,-111.8005840333376,137.95865720686675,26.158073173529147
2019-12-20,-56.88688442354241,109.69038916160589,52.80350473806348
2019-12-23,1.7774607126732427,18.561232826628903,20.338693539302145
2019-12-24,-36.00483388971149,59.33153940680007,23.326705517088573
2019-12-25,-36.00483388971149,59.33153940680007,23.326705517088573
2019-12-26,4.146884661592246,14.268238626762859,18.415123288355105
2019-12-27,11.098126472484317,38.473086694576295,49.57121316706061
2019-12-30,-74.13623301098603,100.78588228985001,26.649649278863976
2019-12-31,-23.36401194940965,42.58041480985029,19.21640286044064
2020-01-01,-23.36401194940965,42.58041480985029,19.21640286044064
2020-01-02,-93.36700868261113,113.67852642129547,20.311517738684337
2020-01-03,-4.170875524104133,24.804166489210544,20.63329096510641
2020-01-06,3.379837064231559,16.883010470142818,20.262847534374377
2020-01-07,-4.85744581205234,24.437873980560536,19.580428168508195
2020-01-08,-89.48280151409668,147.63683407433984,58.15403256024317
2020-01-09,-3.382435799397758,20.8355200079309,17.45308420853314
2020-01-10,-73.37236732719533,98.7980658309138,25.42569850371847
2020-01-13,-17.743520645862475,36.030580359399636,18.28705971353716
2020-01-14,2.0220060900488175,15.869165525665982,17.8911716157148
2020-01-15,-98.21544821831205,129.6082819394638,31.392833721151753
2020-01-16,-7.5027380573801,33.55891843068388,26.056180373303782
2020-01-17,-68.7316354434316,91.54960355512249,22.817968111690895
2020-01-20,-68.7316354434316,91.54960355512249,22.817968111690895
2020-01-21,-12.255307405712166,56.07060848116316,43.815301075450996
2020-01-22,0.6044621499658618,17.061316718647497,17.66577886861336
2020-01-23,-0.2011500991509081,18.643968934983725,18.442818835832817
2020-01-24,-0.0745165589622232,19.31188797954027,19.237371420578047
2020-01-27,-1.9524889401994194,21.97207334032151,20.019584400122092
2020-01-28,-0.41014657267240295,19.509581668872475,19.09943509620007
2020-01-29,1.8399212430610703,18.66276117117807,20.50268241423914
2020-01-30,15.412390787386727,20.635495545052727,36.047886332439454
2020-01-31,12.790583030080189,22.41034724932312,35.20093027940331
2020-02-03,-2.1767223147072485,21.23535868188303,19.058636367175783
2020-02-04,-2.3750348277856403,22.417914753394726,20.042879925609085
2020-02-05,-1.1036241613603792,24.356545591575486,23.252921430215107
2020-02-06,-38.49841683523682,79.50765959190531,41.00924275666849
2020-02-07,-0.7532093632019432,18.740485938969456,17.987276575767513
2020-02-10,-1.6098292880782807,20.354104980009993,18.744275691931712
2020-02-11,0.08696864450122277,18.109580226792808,18.19654887129403
2020-02-12,6.526358967465313,34.14836430333665,40.67472327080196
2020-02-13,-45.48126375717327,82.48624333968964,37.00497958251637
2020-02-14,0.6921841571021012,17.19620087602177,17.88838503312387
2020-02-17,0.6921841571021012,17.19620087602177,17.88838503312387
2020-02-18,8.01021988498314,17.001628321851822,25.011848206834962
2020-02-19,2.171649656921595,16.558135038808125,18.72978469572972
2020-02-20,12.78984122108389,18.302668174249995,31.092509395333884
2020-02-21,-23.190475536379886,44.42843111737182,21.237955580991937
2020-02-24,-2.9904577220231303,25.172067609509302,22.18160988748617
2020-02-25,-12.385964284881503,36.079775904992815,23.693811620111312
2020-02-26,-4.068839897704866,26.71296530689761,22.644125409192743
2020-02-27,-12.217315821347484,37.74910450635905,25.53178868501157
2020-02-28,-19.127351776969938,44.85917184886947,25.731820071899534
2020-03-02,-50.842473583245734,104.9916987869316,54.14922520368586
2020-03-03,-8.391819201144983,57.876558197023,49.48473899587802
2020-03-04,-8.380014410879117,30.769642734608542,22.389628323729426
2020-03-05,-7.879984270701719,30.74959802696714,22.86961375626542
2020-03-06,-18.842617666994588,49.03858672918712,30.19596906219253
2020-03-09,-51.80643870433257,93.13071999620239,41.324281291869816
2020-03-10,-30.530960912582458,62.92184820359752,32.39088729101506
2020-03-11,-42.28058019335837,92.39792177471085,50.117341581352484
2020-03-12,-29.18004118849894,74.46637785618172,45.28633666768278
2020-03-13,-22.461327153550315,71.20699702005851,48.745669866508194
2020-03-16,-56.48725014172388,110.5586423671241,54.07139222540022
2020-03-17,-25.343952716395712,72.52723749622297,47.183284779827254
2020-03-18,-27.68761459932677,82.88936775423541,55.20175315490864
2020-03-19,-25.39443350229412,77.57513806619052,52.1807045638964
2020-03-20,-21.303377763822134,66.52493678218937,45.22155901836724
2020-03-23,-16.73688015849448,62.29342955212549,45.55654939363101
2020-03-24,-19.467056735973074,59.031350884908605,39.56429414893553
2020-03-25,-11.258677989129723,55.26692560774463,44.00824761861491
2020-03-26,-15.487644193750228,50.71457611907145,35.226931925321225
2020-03-27,-30.96895908400095,72.74378046370128,41.774821379700334
2020-03-30,-9.60414898901945,52.59688208291301,42.99273309389356
2020-03-31,-18.47916738588313,68.88311341754414,50.40394603166101
2020-04-01,-25.695014110996247,68.50559220247399,42.810578091477744
2020-04-02,-14.669232570331879,53.24034921486409,38.57111664453221
2020-04-03,-9.904521624693423,47.03803004677653,37.1335084220831
2020-04-06,-5.689944595955559,39.76402440511877,34.07407980916321
2020-04-07,-7.350272270447725,41.00586118836295,33.655588917915225
2020-04-08,-5.38888689601572,38.99562381793461,33.60673692191889
2020-04-09,-5.534430312816873,38.336859179955404,32.80242886713853
2020-04-10,-5.534430312816873,38.336859179955404,32.80242886713853
2020-04-13,-5.4021899951440275,38.00285064671474,32.60066065157071
2020-04-14,-4.067131272096528,35.29420631924574,31.22707504714921
2020-04-15,-4.508498440635719,37.65474095185722,33.1462425112215
2020-04-16,-5.028035961894872,37.51378992362152,32.48575396172665
2020-04-17,-1.8681158358855399,33.412331399641964,31.544215563756424
2020-04-20,-5.214528780509262,37.322477909261075,32.10794912875181
2020-04-21,-6.455028762741286,41.32210028165081,34.867071518909526
2020-04-22,-2.7113751122697707,37.02575579260842,34.31438068033865
2020-04-23,-2.217232271630678,37.113468773655086,34.89623650202441
2020-04-24,-1.1039088422851364,35.22342812292607,34.11951928064094
2020-04-27,0.9242103985822006,31.84120514437024,32.76541554295244
2020-04-28,-1.3130465104296043,32.5250094200131,31.211962909583495
2020-04-29,0.41218365999611706,29.35213953653032,29.764323196526437
2020-04-30,-2.5287326138406456,34.29928222752261,31.770549613681965
2020-05-01,-4.6746405459731335,38.926532968416154,34.25189242244302
2020-05-04,-3.1666332208024315,37.67403309772533,34.5073998769229
2020-05-05,-0.7186129335563365,33.70171730719912,32.98310437364278
2020-05-06,-1.8350517955774421,34.27452897321094,32.4394771776335
2020-05-07,-2.8887200507636663,35.21038402440173,32.32166397363807
2020-05-08,1.031292123061025,29.187545283949323,30.218837407010348
2020-05-11,0.02090031637627021,29.7058060734283,29.72670638980457
2020-05-12,-2.5424367284271234,32.3769892006999,29.83455247227278
2020-05-13,-7.786170143506979,38.67052491948741,30.884354775980434
2020-05-14,-1.4051836646124585,33.43646787124357,32.03128420663111
2020-05-15,-1.082354625136496,32.91861808966618,31.836263464529686
2020-05-18,-105.07993488836152,160.42883282810521,55.3488979397437
2020-05-19,0.5860229668832524,28.253556607734215,28.839579574617467
2020-05-20,1.0772530712422252,27.550098711895615,28.62735178313784
2020-05-21,0.6333851351816975,28.88141785898302,29.514802994164718
2020-05-22,0.5874258122706344,29.17576222767356,29.763188039944193
2020-05-25,0.5874258122706344,29.17576222767356,29.763188039944193
2020-05-26,-11.963397410583198,41.649834783094484,29.686437372511286
2020-05-27,0.9083351580536032,28.320397806657365,29.228732964710968
2020-05-28,0.06424010418618664,29.70834081218548,29.772580916371666
2020-05-29,1.205105022152356,27.94233379032176,29.147438812474117
2020-06-01,0.6694434842743533,27.355212734517103,28.024656218791456
2020-06-02,0.6575658785446024,26.498567185036947,27.15613306358155
2020-06-03,1.1177274983559577,26.004913083587443,27.1226405819434
2020-06-04,0.5304383647535253,26.19923824750621,26.729676612259734
2020-06-05,0.9268296064034054,25.15801812215386,26.084847728557264
2020-06-08,-0.4848307507540923,26.178116177711296,25.693285426957203
2020-06-09,-0.22473681198893658,26.189370389711026,25.96463357772209
2020-06-10,-0.40423693831914065,26.259786940059946,25.855550001740806
2020-06-11,-4.96884467670381,36.53870995442604,31.56986527772223
2020-06-12,-5.608231250830642,37.781640516185625,32.173409265354984
2020-06-15,-2.590233782928422,34.42980113638676,31.839567353458335
2020-06-16,-3.6679378201630506,35.163251213933584,31.495313393770534
2020-06-17,-0.7972869505707436,32.643173087729,31.845886137158253
2020-06-18,0.3381425798526365,31.407310431946744,31.74545301179938
2020-06-19,-17.184731187407287,47.93681687077164,30.752085683364356
2020-06-22,1.4319688298969844,28.40377687652889,29.835745706425875
2020-06-23,0.4291032524871845,27.464418095793796,27.89352134828098
2020-06-24,-0.3026842659971045,30.51217069103768,30.209486425040577
2020-06-25,1.0791159132017398,29.034013217898142,30.113129131099882
2020-06-26,-10.808853255819393,43.77618465163705,32.96733139581766
2020-06-29,1.449435658003086,28.38920699705479,29.838642655057875
2020-06-30,3.0423620707103574,25.90827170695766,28.950633777668017
2020-07-01,2.8932858895510982,24.919604565073513,27.81289045462461
2020-07-02,4.304646699922191,22.83952631023474,27.14417301015693
2020-07-03,4.304646699922191,22.83952631023474,27.14417301015693
2020-07-06,1.1995916220129779,27.07097519918551,28.27056682119849
2020-07-07,0.030028281829235226,26.892127636743197,26.922155918572432
2020-07-08,0.6100643270735553,26.542698882837946,27.1527632099115
2020-07-09,0.5111230695072031,27.411580507572996,27.9227035770802
2020-07-10,1.518299484627903,26.310477798190558,27.82877728281846
2020-07-13,-1.0035532175972044,28.746549041871845,27.74299582427464
2020-07-14,-0.04252854046023913,28.61009340024329,28.56756485978305
2020-07-15,0.6457647306546939,27.385989861470534,28.03175459212523
2020-07-16,-66.81028233401486,94.993160323625,28.182877989610155
2020-07-17,4.852193582150786,22.146721920610304,26.99891550276109
2020-07-20,4.853464596184434,21.368356189619263,26.221820785803697
2020-07-21,3.9041839076872087,21.994508098380987,25.898692006068195
2020-07-22,3.700127734156677,22.25996900138232,25.960096735538997
2020-07-23,-11.088297571473774,36.865631740951436,25.777334169477662
2020-07-24,3.2819608048337976,23.001642876105933,26.28360368093973
2020-07-27,3.0349725658374602,22.954850343938464,25.989822909775924
2020-07-28,2.997016035232946,22.85407631639222,25.851092351625166
2020-07-29,3.9986773836759504,21.67314169712585,25.6718190808018
2020-07-30,-0.8882375466948318,27.516423095497945,26.628185548803113
2020-07-31,4.571574930850208,21.72801920686461,26.299594137714816
2020-08-03,3.925460351840286,22.178130997485937,26.103591349326223
2020-08-04,4.64338258301342,21.357214458916083,26.000597041929502
2020-08-05,4.680841498310958,20.64068124874057,25.321522747051528
2020-08-06,-5.047038316987795,31.188926287246066,26.14188797025827
2020-08-07,3.644035108395933,22.386854436733543,26.030889545129476
2020-08-10,-63.67902208196921,89.56470046337239,25.885678381403178
2020-08-11,2.488425243178721,23.358767519816652,25.847192762995373
2020-08-12,3.833809009138033,21.411505823782342,25.245314832920375
2020-08-13,3.6727137278180884,21.185540079193803,24.85825380701189
2020-08-14,3.873775851862142,20.990634549334203,24.864410401196345
2020-08-17,3.581534875618594,20.990195360980486,24.57173023659908
2020-08-18,4.753554639802019,20.093775227558965,24.847329867360983
2020-08-19,4.568890319181353,20.552349102451988,25.12123942163334
2020-08-20,4.6800302739376,20.902491555617704,25.582521829555304
2020-08-21,7.544345102154956,19.938279144897823,27.48262424705278
2020-08-24,4.693048719568342,20.43404230784215,25.127091027410493
2020-08-25,4.2674684025454255,20.01591794801871,24.283386350564136
2020-08-26,4.499393356749756,20.50472170767331,25.004115064423065
2020-08-27,2.8703911559177477,22.47655812221839,25.346949278136137
2020-08-28,4.757511640563877,20.759479227816357,25.516990868380233
2020-08-31,2.5533230476598945,23.999553158625236,26.55287620628513
2020-09-01,3.0592746145061547,23.28357413749574,26.342848752001895
2020-09-02,3.5185910386626382,24.20033200494633,27.718923043608967
2020-09-03,-0.2212137644979677,30.02962699636587,29.808413231867902
2020-09-04,2.2656145566509345,27.10184115410174,29.367455710752676
2020-09-07,2.2656145566509345,27.10184115410174,29.367455710752676
2020-09-08,1.1380050417650232,28.51832148862564,29.656326530390665
2020-09-09,4.072942861284833,23.854681982416853,27.927624843701686
2020-09-10,2.8162008276351145,24.543122065495467,27.35932289313058
2020-09-11,3.4386789067351415,23.531020486543486,26.969699393278628
2020-09-14,1.9176541769187736,24.617834603582462,26.535488780501236
2020-09-15,-4.084183260651681,29.907873067006204,25.823689806354523
2020-09-16,-2.5690145078007767,28.495130860429935,25.92611635262916
2020-09-17,4.838175987541042,21.14393371002667,25.98210969756771
2020-09-18,5.152183306731114,20.8283244622156,25.980507768946715
2020-09-21,4.467002622202131,22.12863061879844,26.59563324100057
2020-09-22,4.031316894763023,22.672683546713703,26.704000441476726
2020-09-23,3.0632077531816932,24.534495618900877,27.59770337208257
2020-09-24,0.49409869583803356,27.16800888737089,27.662107583208922
2020-09-25,0.47526345457579566,26.672033847791983,27.14729730236778
2020-09-28,0.5970554674196222,26.20812419750276,26.80517966492238
2020-09-29,2.057369357403722,24.599202978347794,26.656572335751516
2020-09-30,-97.16929075895493,125.09975101859092,27.930460259635993
2020-10-01,-16.341500125277623,42.73255107526124,26.39105094998362
2020-10-02,2.8112963723749864,24.042160366511897,26.853456738886884
2020-10-05,2.162079283296979,24.527249730535257,26.689329013832236
2020-10-06,1.9363045495538742,24.804099787184374,26.740404336738248
2020-10-07,2.3173056245815893,24.153038578691383,26.470344203272973
2020-10-08,3.0987473241090697,22.624632066913684,25.723379391022753
2020-10-09,4.631656449016436,20.210636867564478,24.842293316580914
2020-10-12,3.4800978608130677,21.04792037283435,24.52801823364742
2020-10-13,2.4643439725888108,22.148879223212486,24.613223195801297
2020-10-14,2.824158036176833,21.969470373042622,24.793628409219455
2020-10-15,1.6719926100038478,23.36918318246395,25.041175792467797
2020-10-16,-5.933055195778856,33.02728193466248,27.094226738883627
2020-10-19,0.7659160196755614,24.226731945513258,24.99264796518882
2020-10-20,0.5870781679949886,24.129018601064224,24.716096769059213
2020-10-21,0.4491974784364814,24.42819447401785,24.87739195245433
2020-10-22,-72.90961204789019,115.94995854423624,43.04034649634605
2020-10-23,1.6391757564340104,22.95537306523382,24.594548821667832
2020-10-26,-1.0817584458644447,26.71734412928382,25.635585683419375
2020-10-27,-1.0082045553573948,26.644300942793908,25.636096387436513
2020-10-28,-3.499857569321801,34.665262446398685,31.165404877076885
2020-10-29,-7.626741701461857,34.32335556611154,26.69661386464968
2020-10-30,-2.8032727697285758,30.19175685345322,27.388484083724645
2020-11-02,-4.332429583879165,31.343678350935466,27.0112487670563
2020-11-03,-2.911018843428071,29.63258686738116,26.72156802395309
2020-11-04,1.0476123456552102,23.97075960699678,25.01837195265199
2020-11-05,1.6638112785213544,22.99126899792662,24.655080276447976
2020-11-06,3.6705947717547076,20.215519881382175,23.886114653136882
2020-11-09,-28.352127138831925,54.192459910906685,25.84033277207476
2020-11-10,-3.041601318326933,29.35680464260157,26.315203324274638
2020-11-11,4.082132662641044,18.714037021694494,22.79616968433554
2020-11-12,3.1182443332211705,20.076276248312492,23.194520581533663
2020-11-13,4.83933223354822,18.091429790864538,22.930762024412758
2020-11-16,4.470121135142126,18.641789519954273,23.1119106550964
2020-11-17,4.927026639520854,18.263876672834193,23.190903312355047
2020-11-18,4.710493896355718,19.05573077525481,23.766224671610527
2020-11-19,6.3194783141362585,18.89502480670185,25.21450312083811
2020-11-20,5.799394284335662,17.785588851718753,23.584983136054415
2020-11-23,5.207729343117826,18.13388318807625,23.341612531194077
2020-11-24,5.45642093362941,17.532486259775926,22.988907193405336
2020-11-25,4.596452884729324,18.175699411507924,22.77215229623725
2020-11-26,4.596452884729324,18.175699411507924,22.77215229623725
2020-11-27,4.4611869742762345,18.393670448382682,22.854857422658917
2020-11-30,2.10181875011407,21.71908200776685,23.82090075788092
2020-12-01,2.754938612908269,21.118558337915207,23.873496950823476
2020-12-02,2.763062652935332,21.202237154541088,23.96529980747642
2020-12-03,2.7340682245696897,21.728311013969297,24.462379238538986
2020-12-04,3.2397316195383397,21.54787939390033,24.78761101343867
2020-12-07,2.9325424393771478,21.872562405372754,24.805104844749902
2020-12-08,3.6151422691844743,20.59513201017484,24.210274279359314
2020-12-09,2.6961422058707036,21.372809348069666,24.06895155394037
2020-12-10,2.724644617376409,20.853113988879993,23.577758606256403
2020-12-11,1.5097909098235682,22.634286619746554,24.144077529570122
2020-12-14,1.6750941358385667,22.407873659867768,24.082967795706335
2020-12-15,2.6291503182129503,21.680106303822196,24.309256622035146
2020-12-16,3.4247109772954474,20.747414042575425,24.172125019870872
2020-12-17,4.040291506724124,19.893112021575917,23.93340352830004
2020-12-18,4.1068284372527195,19.9761417835385,24.082970220791218
2020-12-21,3.137189487105342,22.165354462613827,25.30254394971917
2020-12-22,2.038785207022311,23.036511845748645,25.075297052770956
2020-12-23,3.1510659630369346,21.77030668202814,24.921372645065073
2020-12-24,3.18827692603924,21.71375590729591,24.90203283333515
2020-12-25,3.18827692603924,21.71375590729591,24.90203283333515
2020-12-28,3.05126598002672,21.760963540964923,24.812229520991643
2020-12-29,3.2353896751791673,21.177644444611158,24.413034119790325
2020-12-30,3.9128779576378996,20.265805932281626,24.178683889919526
2020-12-31,2.7840671826341534,21.53770517597089,24.321772358605042
2021-01-01,2.7840671826341534,21.53770517597089,24.321772358605042
2021-01-04,0.8303009165144708,23.981401299254255,24.811702215768726
2021-01-05,1.3141797902887475,23.53684199900608,24.851021789294826
2021-01-06,0.24062537636311987,25.200467210113086,25.441092586476206
2021-01-07,2.9727495171220504,21.941124512621947,24.913874029743997
2021-01-08,3.682575266356551,20.509268730727364,24.191843997083915
2021-01-11,0.5226636030864817,24.530615950231173,25.053279553317655
2021-01-12,2.333773915436769,23.15400516095177,25.487779076388538
2021-01-13,-66.4138102960546,100.67962833881592,34.26581804276131
2021-01-14,4.109322255086596,21.89938393472122,26.008706189807818
2021-01-15,3.703947219010299,22.991266257883478,26.695213476893777
2021-01-18,3.703947219010299,22.991266257883478,26.695213476893777
2021-01-19,4.248882372029925,22.49075619954275,26.739638571572677
2021-01-20,4.251007083241042,22.81062160839223,27.06162869163327
2021-01-21,6.804124067061515,21.465480883426068,28.269604950487583
2021-01-22,4.819392735264341,23.53181627053281,28.351209005797152
2021-01-25,3.763291199631716,25.219201433477124,28.98249263310884
2021-01-26,4.411551805880755,23.606730791937185,28.01828259781794
2021-01-27,2.1245483877106786,27.119266930166507,29.243815317877186
2021-01-28,-12.012619979632962,40.68424789736317,28.67162791773021
2021-01-29,-12.429522292968713,41.91707867713882,29.487556384170105
2021-02-01,-38.475599314084874,66.81261731626823,28.337018002183356
2021-02-02,-33.997086511218555,61.19919113464061,27.202104623422052
2021-02-03,-8.637421740513862,35.10808223590922,26.47066049539536
2021-02-04,2.94367760532435,22.90200310429999,25.84568070962434
2021-02-05,6.098081509253511,19.53201705875138,25.63009856800489
2021-02-08,5.056828856688227,20.136574991681155,25.193403848369382
2021-02-09,5.146205811012493,19.99227499942264,25.138480810435134
2021-02-10,-3.52889535928324,28.434774919084155,24.905879559800916
2021-02-11,7.086540623777026,21.74107900083694,28.827619624613966
2021-02-12,3.1187253300971385,21.993505132162277,25.112230462259415
2021-02-15,3.1187253300971385,21.993505132162277,25.112230462259415
2021-02-16,5.884954102906981,21.918597175850874,27.803551278757855
2021-02-17,5.689254496417451,20.83991763109142,26.529172127508872
2021-02-18,4.933633225630459,21.48521150792686,26.418844733557318
2021-02-19,4.622600004830382,21.414010432740636,26.036610437571017
2021-02-22,4.570443682945882,24.146613654053997,28.71705733699988
2021-02-23,2.6690569694459505,23.942790300928944,26.611847270374895
2021-02-24,3.2812518423108763,24.004770049515063,27.28602189182594
2021-02-25,1.0326540830805797,27.1125300027953,28.14518408587588
2021-02-26,1.1175020287654043,28.094816914838034,29.21231894360344
2021-03-01,1.1093792914254976,26.500115409188375,27.609494700613872
2021-03-02,2.5152523867201815,24.233200485678246,26.748452872398428
2021-03-03,0.6845439162343894,26.039147072146783,26.723690988381172
2021-03-04,-14.454852767354932,43.196163597142174,28.741310829787242
2021-03-05,-23.930864239659815,51.58549759918498,27.654633359525167
2021-03-08,-5.688677902194119,33.15566459694071,27.46698669474659
2021-03-09,-4.147037930783686,30.865963885308815,26.71892595452513
2021-03-10,2.442525379754713,23.80522013218031,26.247745511935022
2021-03-11,2.9098237722752742,22.753223727219847,25.66304749949512
2021-03-12,-0.05829487194700533,27.52718729493944,27.468892422992436
2021-03-15,2.1412590212105087,23.832044504705717,25.973303525916226
2021-03-16,-0.1390246410425675,25.629396708556918,25.49037206751435
2021-03-17,5.440725825262067,22.19568289570167,27.636408720963736
2021-03-18,3.145614710549758,23.565522148928878,26.711136859478636
2021-03-19,-8.659771981229934,37.25097021116356,28.591198229933628
2021-03-22,-65.8764586156243,95.80234852540983,29.925889909785532
2021-03-23,7.058257620938171,21.765959243152707,28.82421686409088
2021-03-24,2.3117677679071704,23.465939463448553,25.777707231355723
2021-03-25,2.6495346832664346,23.399567823574873,26.049102506841308
2021-03-26,0.5303857768709896,28.442606310215158,28.972992087086148
2021-03-29,-0.553753010386167,30.102080617524763,29.548327607138596
2021-03-30,-21.04902914957365,53.27973760437544,32.23070845480179
2021-03-31,-43.309230063478665,67.89514215370083,24.585912090222163
2021-04-01,-1.363251689258366,23.980219485042724,22.61696779578436
2021-04-02,-1.3633623419814143,23.980165838528404,22.61680349654699
2021-04-05,-22.36357032218394,46.205209256274074,23.841638934090135
2021-04-06,2.7915920793007203,18.805032598418595,21.596624677719316
2021-04-07,2.5716696420440606,19.421030013361978,21.99269965540604
2021-04-08,2.3896590356976724,19.502976145439224,21.892635181136896
2021-04-09,4.533123268230092,18.46449527580053,22.997618544030622
2021-04-12,-29.225526505321177,53.22931690491184,24.003790399590663
2021-04-13,1.7594630746923414,20.11664996902382,21.87611304371616
2021-04-14,-5.1983588248231065,30.29332243723365,25.09496361241054
2021-04-15,-25.369664082686814,50.211986559401225,24.84232247671441
2021-04-16,4.416327060926633,16.652961922959314,21.069288983885947
2021-04-19,4.097582238939239,17.855114531218465,21.952696770157704
2021-04-20,2.7691758628408536,19.367390028057113,22.136565890897966
2021-04-21,4.363668743729466,18.346408638049045,22.71007738177851
2021-04-22,2.2914103871676197,19.261027030060244,21.552437417227864
2021-04-23,2.0893000974303604,21.78066428641145,23.86996438384181
2021-04-26,2.9091133298543532,19.003237590692855,21.91235092054721
2021-04-27,2.0756507037647083,19.89124369421851,21.966894397983218
2021-04-28,-10.368090116605536,34.91135137040385,24.543261253798313
2021-04-29,-10.82098919764196,33.086293993967395,22.265304796325434
2021-04-30,-3.457074248078687,28.313098694717116,24.85602444663843
2021-05-03,0.6711713593589579,23.94385072174236,24.61502208110132
2021-05-04,1.5921115229606038,21.126650686696276,22.71876220965688
2021-05-05,-2.8888138123460188,29.695770245487857,26.80695643314184
2021-05-06,2.9249340493344427,19.908561342066115,22.833495391400557
2021-05-07,-20.887843593034845,43.79308652196202,22.905242928927173
2021-05-10,-48.870863659909276,76.01005859219622,27.13919493228694
2021-05-11,-3.9409732087919487,27.172128859121607,23.231155650329658
2021-05-12,-30.63531864326902,61.04788373183659,30.412565088567572
2021-05-13,-73.51689725222634,112.23220814523404,38.7153108930077
2021-05-14,-38.10590535687589,63.16453047898738,25.058625122111494
2021-05-17,-33.22175187376485,58.45483841170378,25.23308653793893
2021-05-18,6.551743794818702,21.993058854967853,28.544802649786554
2021-05-19,3.226710769369774,21.117420969459744,24.344131738829518
2021-05-20,4.117137815753619,20.41104844404344,24.52818625979706
2021-05-21,-14.508534410512883,40.34513537258814,25.836600962075256
2021-05-24,-9.657762335018447,35.19904020731844,25.541277872299993
2021-05-25,3.0727782971767255,18.422274381225794,21.49505267840252
2021-05-26,3.9906918769347293,17.86138127753002,21.852073154464748
2021-05-27,1.8890160406216374,22.40687896783357,24.295895008455208
2021-05-28,1.8590984410715592,21.507239103503274,23.366337544574833
2021-05-31,1.8590984410715592,21.507239103503274,23.366337544574833
2021-06-01,1.2275456305650998,20.064101710986755,21.291647341551855
2021-06-02,-12.31883362000741,33.961548195870385,21.642714575862975
2021-06-03,-7.097475598701774,29.38601012911673,22.288534530414957
2021-06-04,4.588574068173667,17.224606972924043,21.81318104109771
2021-06-07,-27.48559040048481,49.31560207026053,21.830011669775722
2021-06-08,5.090418713729644,18.360004816706528,23.450423530436172
2021-06-09,3.6696383949688354,17.77561744247288,21.445255837441714
2021-06-10,-45.09414907668276,89.7215405356873,44.627391459004535
2021-06-11,-6.862476077895067,27.52342031721593,20.660944239320862
2021-06-14,2.965692132782042,21.755612387979873,24.721304520761915
2021-06-15,-21.51530937361493,49.50069462021745,27.985385246602522
2021-06-16,3.8320872525271845,18.280894962131573,22.112982214658757
2021-06-17,-43.27255447400003,70.75673998673196,27.484185512731923
2021-06-18,5.718777120137627,17.74185247025653,23.460629590394156
2021-06-21,2.2503956402862677,19.159044192071264,21.40943983235753
2021-06-22,3.9578397367345453,17.108712887390272,21.066552624124817
2021-06-23,-49.550911870281965,71.3492561444607,21.798344274178735
2021-06-24,4.742934252683627,15.42988589651077,20.172820149194397
2021-06-25,4.386304631138795,15.891652427301455,20.27795705844025
2021-06-28,1.75321770404247,18.58235735542515,20.33557505946762
2021-06-29,4.984530203697808,15.743890845525627,20.728421049223435
2021-06-30,1.8591633070948355,19.54765579236036,21.406819099455195
2021-07-01,2.2713581827798777,18.382652557732683,20.65401074051256
2021-07-02,-21.730505548963,42.28294390648112,20.552438357518124
2021-07-05,-21.730505548963,42.28294390648112,20.552438357518124
2021-07-06,1.0035411883625933,19.935585468653198,20.93912665701579
2021-07-07,1.6820550197324238,19.19832552534073,20.880380545073155
2021-07-08,-1.6935189265220174,23.879146858107603,22.185627931585586
2021-07-09,-25.18877087902193,53.932275624139514,28.743504745117583
2021-07-12,3.3874034920912663,18.304794214441824,21.69219770653309
2021-07-13,0.47855986523171623,20.973857225465256,21.452417090696972
2021-07-14,-13.931711788984266,34.96128511074579,21.029573321761525
2021-07-15,-6.6158601406518684,28.30537342891214,21.689513288260272
2021-07-16,-18.33622278296711,39.78757617648739,21.451353393520282
2021-07-19,-0.09614629998946711,23.39230833225234,23.296162032262874
2021-07-20,2.974834998992101,19.53967079597212,22.514505794964222
2021-07-21,3.282313755463086,18.17700055802261,21.459314313485695
2021-07-22,1.9663281454818886,19.058061291856294,21.024389437338183
2021-07-23,-25.059597941082288,47.195400142515965,22.135802201433677
2021-07-26,-20.56468687148599,43.691692235762225,23.127005364276236
2021-07-27,-46.28238034148664,70.83358652372857,24.551206182241923
2021-07-28,-2.4475890341000373,24.8225303864899,22.37494135238986
2021-07-29,2.2030788719180627,19.938827753645356,22.14190662556342
2021-07-30,-1.6874360252607268,24.457147386748797,22.76971136148807
2021-08-02,0.9775523139024251,21.456053191680986,22.43360550558341
2021-08-03,2.0377676753963527,20.041495954587308,22.07926362998366
2021-08-04,1.2537787856455367,21.284631742908434,22.53841052855397
2021-08-05,-4.393893926819249,26.29824613824236,21.90435221142311
2021-08-06,1.736386743857313,20.074659909312984,21.811046653170298
2021-08-09,-3.801959905830117,25.21773316540843,21.415773259578312
2021-08-10,-2.6566121235349307,23.728604381798625,21.071992258263695
2021-08-11,5.1099282511741,16.231379566016,21.3413078171901
2021-08-12,3.950341871148172,17.558235995352863,21.508577866501035
2021-08-13,-2.1630757180789395,23.3644175935866,21.201341875507662
2021-08-16,2.8419067560367566,18.57853587371409,21.42044262975085
2021-08-17,-1.3401113295896465,24.37557395923674,23.035462629647093
2021-08-18,-1.2599678270657826,24.260354752508402,23.00038692544262
2021-08-19,1.5512628586553916,22.160293470182292,23.711556328837684
2021-08-20,-44.25531395108474,82.21657832064253,37.96126436955779
2021-08-23,-0.93835849327467,24.34047428767179,23.40211579439712
2021-08-24,3.2182600738125977,19.496752555916174,22.715012629728772
2021-08-25,3.98423339161398,18.908601986908813,22.892835378522793
2021-08-26,0.3522266692521825,23.386059638680592,23.738286307932775
2021-08-27,1.7152584459123261,21.26212699564382,22.977385441556144
2021-08-30,4.104879590097369,18.10616832191497,22.21104791201234
2021-08-31,4.11852769054099,18.59805173256331,22.7165794231043
2021-09-01,0.43755460134267565,21.625163055736657,22.062717657079332
2021-09-02,-0.29992024342138635,22.45134644361293,22.151426200191544
2021-09-03,3.6239990659446377,18.14813402808734,21.77213309403198
2021-09-06,3.6239990659446377,18.14813402808734,21.77213309403198
2021-09-07,-3.66257776235253,26.961668908476653,23.299091146124123
2021-09-08,0.40393096309441745,22.071360102750496,22.475291065844914
2021-09-09,1.8752400613274318,20.913627966474913,22.788868027802344
2021-09-10,-25.9846640066401,49.199898476991315,23.215234470351216
2021-09-13,4.566218037229298,27.273749365973448,31.839967403202746
2021-09-14,-9.82950534630097,51.19749126089813,41.36798591459716
2021-09-15,-13.030053635539318,36.77503801458506,23.74498437904574
2021-09-16,1.0170842576026473,23.29553830435257,24.312622561955216
2021-09-17,7.618836551583719,20.094161087824354,27.712997639408073
2021-09-20,-2.9376005056649674,29.680105855446094,26.742505349781126
2021-09-21,-2.676278141510675,29.454963505873096,26.77868536436242
2021-09-22,2.386897399471799,22.920907085410114,25.307804484881913
2021-09-23,1.201759232544628,23.301979644776228,24.503738877320856
2021-09-24,3.5318016196936917,20.73982918292264,24.271630802616333
2021-09-27,1.3350417456891535,23.23713499752995,24.572176743219103
2021-09-28,-1.8799515411308825,27.12489480703177,25.244943265900886
2021-09-29,0.706250218014965,24.384485227166348,25.090735445181313
2021-09-30,-2.6903719970692457,28.220153014248012,25.529781017178767
2021-10-01,1.1942538997396532,23.59687533159226,24.79112923133191
2021-10-04,-2.006864979477566,27.45587904128736,25.449014061809795
2021-10-05,2.143877186144053,22.509905675212288,24.65378286135634
2021-10-06,1.7531043100178358,23.460635474971806,25.21373978498964
2021-10-07,2.7052051434279463,21.286990637500306,23.992195780928252
2021-10-08,2.7203961823496066,21.831818080276832,24.55221426262644
2021-10-11,0.5216878587863292,23.451919524725852,23.97360738351218
2021-10-12,2.8973558391512846,21.640600659008193,24.537956498159478
2021-10-13,-2.18867314125373,25.87787544294739,23.68920230169366
2021-10-14,0.27115526651154553,22.022264788386934,22.29342005489848
2021-10-15,5.4456918925685684,16.955215555398865,22.400907447967434
2021-10-18,1.120234997417839,21.274249420698204,22.394484418116043
2021-10-19,4.533533251260941,18.004638546089147,22.53817179735009
2021-10-20,1.3486790371672583,21.28040958570229,22.62908862286955
2021-10-21,0.474514985082358,22.545226406701175,23.019741391783533
2021-10-22,3.7778856214590917,18.654473326785165,22.432358948244257
2021-10-25,1.7063218080893527,20.81696154249202,22.523283350581373
2021-10-26,4.730814712247131,17.365041526271195,22.095856238518326
2021-10-27,0.4593213700672081,22.09240393707991,22.55172530714712
2021-10-28,0.9467546437904453,22.54309548189142,23.489850125681865
2021-10-29,4.749565393174155,18.170192664462565,22.91975805763672
2021-11-01,4.207933693972116,18.380297836199517,22.588231530171633
2021-11-02,1.643900554738675,20.943397547535962,22.587298102274637
2021-11-03,3.992205189797094,19.037320276017628,23.02952546581472
2021-11-04,5.652410046122263,17.638281653292896,23.29069169941516
2021-11-05,4.318772405573139,18.1155130096386,22.43428541521174
2021-11-08,-0.22084402069811304,22.688379047927036,22.467535027228923
2021-11-09,-1.1735873145793754,23.976596057305134,22.80300874272576
2021-11-10,1.074482738853547,22.197318784231555,23.271801523085102
2021-11-11,5.547781672472475,18.299368976528154,23.84715064900063
2021-11-12,3.2952326206335627,19.41769262789646,22.712925248530023
2021-11-15,2.4808877122868154,20.198177493491656,22.67906520577847
2021-11-16,2.0783926343414194,20.635342011952186,22.713734646293606
2021-11-17,4.465096006083392,18.282839048455443,22.747935054538836
2021-11-18,4.883700608928638,18.028945911457253,22.91264652038589
2021-11-19,4.999549450405308,18.254036614907314,23.25358606531262
2021-11-22,4.096581639837257,19.72356191967195,23.82014355950921
2021-11-23,4.648695981955651,20.395732229156074,25.044428211111725
2021-11-24,4.615753681362051,19.480456080523055,24.096209761885106
2021-11-25,4.615753681362051,19.480456080523055,24.096209761885106
2021-11-26,-87.32315918607793,148.7493896350691,61.42623044899116
2021-11-29,1.9353790693976336,24.21057648622502,26.145955555622653
2021-11-30,-15.669894363273436,42.29446921335004,26.624574850076606
2021-12-01,-0.7848879900300467,28.58788421919923,27.80299622916918
2021-12-02,-4.435138110399063,30.653935363201413,26.21879725280235
2021-12-03,-4.839956998334365,33.40424962304608,28.56429262471171
2021-12-06,-3.4304279218075493,31.204126873220922,27.773698951413373
2021-12-07,-1.1025362812526112,26.47278016054099,25.370243879288378
2021-12-08,1.5489252278081693,23.293610305910054,24.842535533718223
2021-12-09,-1.0848918022472738,26.12243037376129,25.037538571514016
2021-12-10,-1.4500561283561453,25.66780567462883,24.217749546272685
2021-12-13,1.8596804230331543,22.649636864428484,24.509317287461638
2021-12-14,2.173223967024061,22.696341403076783,24.869565370100844
2021-12-15,-2.457503997129429,27.744641497202032,25.287137500072603
2021-12-16,3.4611116613099355,21.66030460189538,25.121416263205315
2021-12-17,-29.712057385675323,86.00895363058963,56.29689624491431
2021-12-20,2.4819912360147924,23.28642805859314,25.76841929460793
2021-12-21,4.087771871609654,20.64036344461732,24.728135316226975
2021-12-22,-2.157210404574734,26.47055957922167,24.313349174646937
2021-12-23,-3.162473654123062,28.13343183002383,24.97095817590077
2021-12-24,-3.162473654123062,28.13343183002383,24.97095817590077
2021-12-27,2.341759294926227,21.167035323978826,23.508794618905053
2021-12-28,-16.274438284198403,42.85191625709018,26.577477972891778
2021-12-29,4.875115764991701,18.999588141163443,23.874703906155144
2021-12-30,4.939029460127234,19.13797696029995,24.077006420427185
2021-12-31,4.328104960836644,19.595984616409172,23.924089577245816
2022-01-03,3.1718982916940703,20.43597562240848,23.60787391410255
2022-01-04,6.0352235498948374,17.269019416428705,23.304242966323542
2022-01-05,4.400872239705301,20.932103126186725,25.332975365892025
2022-01-06,1.488124777403577,22.958261263551684,24.44638604095526
2022-01-07,-7.288459180660659,31.747944953182355,24.459485772521695
2022-01-10,-9.361859152183985,33.609958062226745,24.24809891004276
2022-01-11,4.980088678302849,17.47143962009858,22.451528298401428
2022-01-12,-19.05249510002529,60.44470609848168,41.39221099845639
2022-01-13,2.4248171637329605,22.975374617130818,25.40019178086378
2022-01-14,-19.05706810784775,41.725473250845674,22.668405142997923
2022-01-17,-19.05706810784775,41.725473250845674,22.668405142997923
2022-01-18,-6.880442250442254,29.937682281455064,23.05724003101281
2022-01-19,2.960641636292525,22.45848276984292,25.419124406135445
2022-01-20,-5.001518332590432,28.598583519028008,23.597065186437575
2022-01-21,0.13574733986389376,24.75363029956266,24.889377639426552
2022-01-24,-8.198668902252283,34.703682338945804,26.50501343669352
2022-01-25,-39.209078050338725,72.99932933346957,33.79025128313085
2022-01-26,-62.38962039684261,102.53439028599696,40.144769889154354
2022-01-27,-46.17277527783012,79.78854248923973,33.61576721140961
2022-01-28,-69.62908097603163,101.19368944957463,31.564608473543004
2022-01-31,5.345022167716483,25.062007150519822,30.407029318236305
2022-02-01,18.49473802812055,39.368351508971145,57.863089537091696
2022-02-02,7.916664448403893,21.77509803825345,29.691762486657343
2022-02-03,22.24022913013185,23.74687233458978,45.98710146472163
2022-02-04,-0.9372618621237763,25.05332050411414,24.116058641990364
2022-02-07,24.459464475831094,23.35625196245793,47.81571643828902
2022-02-08,2.7439813255723777,19.80536913124021,22.549350456812586
2022-02-09,13.946375817752411,22.708972241580184,36.655348059332596
2022-02-10,1.5950283920264567,21.10998383454087,22.705012226567327
2022-02-11,-72.85207230183443,131.14168866656163,58.2896163647272
2022-02-14,18.132543583909282,32.34811978137947,50.48066336528875
2022-02-15,10.930245906694406,21.667256960890544,32.59750286758495
2022-02-16,6.319758927853844,22.56411463156289,28.883873559416735
2022-02-17,25.85358640087181,22.92497857924832,48.77856498012013
2022-02-18,1.0331864695100847,26.473066691156482,27.506253160666567
2022-02-21,-3.865853280073633,32.03730593295031,28.171452652876678
2022-02-22,-1.132008805888269,49.7967075039954,48.66469869810713
2022-02-23,-1.8714050325950033,28.463700707430146,26.592295674835142
2022-02-24,10.539137594731805,44.56640384120865,55.10554143594045
2022-02-25,-1.7622818992169513,30.986318661221063,29.22403676200411
2022-02-28,6.042604605063133,35.82916326022073,41.871767865283864
2022-03-01,4.070297463475669,40.44912961404915,44.51942707752482
2022-03-02,-0.6163112435687879,31.33595166269246,30.71964041912367
2022-03-03,-3.248194471553699,30.299593464116114,27.051398992562415
2022-03-04,5.465139913022114,45.543222454398766,51.00836236742088
2022-03-07,-62.869625174981124,130.7708490760973,67.90122390111618
2022-03-08,26.324652594996245,38.368737558495205,64.69339015349145
2022-03-09,7.2245981468005525,36.313318091499696,43.53791623830025
2022-03-10,3.0837333122917983,41.57681523269,44.6605485449818
2022-03-11,-21.553901724388588,79.29318102715042,57.73927930276184
2022-03-14,-2.9471181418230046,35.699109261581754,32.75199111975875
2022-03-15,-3.7438110066490324,36.034677911037775,32.29086690438874
2022-03-16,-1.8284079529835147,33.409705872302055,31.58129791931854
2022-03-17,-28.74885049258694,89.2122787423927,60.46342824980576
2022-03-18,-59.270946262823855,122.65495841674776,63.384012153923905
2022-03-21,7.786200440447445,28.100282972224,35.886483412671446
2022-03-22,9.861892094838048,47.46954998019956,57.33144207503761
2022-03-23,3.9865510889581444,31.00121100318659,34.987762092144735
2022-03-24,1.1600145461671794,24.65069629005456,25.81071083622174
2022-03-25,10.047118701708438,26.714608328272565,36.761727029981
2022-03-28,8.352501832238431,24.95321192262145,33.30571375485988
2022-03-29,7.119150336057949,22.197254775503097,29.316405111561046
2022-03-30,32.95464590405771,23.172270592833403,56.12691649689111
2022-03-31,31.86363458142766,24.82962078427594,56.6932553657036
2022-04-01,5.518039511082126,28.476258542455323,33.99429805353745
2022-04-04,3.461722881571699,20.965288468168453,24.42701134974015
2022-04-05,-11.568664380924716,67.29134360271323,55.72267922178851
2022-04-06,35.500327487773134,25.207343468547045,60.70767095632018
2022-04-07,13.476011045091965,27.732564060349425,41.20857510544139
2022-04-08,29.491155049052235,27.85192203658732,57.34307708563956
2022-04-11,31.314647740806155,24.312096362351436,55.62674410315759
2022-04-12,36.46982927339879,23.12771250261808,59.59754177601687
2022-04-13,22.788818985194386,23.317538044615237,46.10635702980962
2022-04-14,2.409726297189426,22.47947845618995,24.889204753379374
2022-04-15,2.416127719434936,22.429527700236136,24.845655419671072
2022-04-18,2.4104652388866583,22.42549480530775,24.835960044194408
2022-04-19,2.503015705134022,22.097378458630818,24.60039416376484
2022-04-20,25.561471265754474,22.09474963225468,47.65622089800915
2022-04-21,0.23196272779362914,25.692421683607623,25.924384411401252
2022-04-22,27.344735980355548,30.398403503499704,57.74313948385525
2022-04-25,1.0594043985687094,27.973002998198293,29.032407396767002
2022-04-26,17.801976421520216,48.203202894661324,66.00517931618154
2022-04-27,0.7475780587641232,28.857437343777033,29.605015402541156
2022-04-28,6.697362999298516,26.66225041151812,33.359613410816635
2022-04-29,30.382144414229103,29.394763909625027,59.77690832385413
2022-05-02,5.848236611620951,31.22590447855887,37.07414109017982
2022-05-03,-0.5255107678662227,26.882464129565076,26.356953361698853
2022-05-04,0.8323960938700097,23.936533136119408,24.768929229989418
2022-05-05,10.97902115293104,48.882492440603656,59.861513593534696
2022-05-06,0.6649311917728689,27.86178182502547,28.52671301679834
2022-05-09,3.363941374936175,58.37104451491226,61.73498588984844
2022-05-10,6.181306038632563,48.982893446536664,55.16419948516923
2022-05-11,1.7896133346702214,30.454548242929675,32.2441615775999
2022-05-12,-1.285863777448398,30.365142670022866,29.079278892574468
2022-05-13,39.09055175252506,29.889939089186555,68.98049084171161
2022-05-16,34.24428674912997,27.429384004799594,61.673670753929564
2022-05-17,28.27959964463114,26.732097717149948,55.01169736178109
2022-05-18,20.88359902835314,45.21145593201535,66.09505496036849
2022-05-19,1.8293890246357911,26.251409708673417,28.08079873330921
2022-05-20,1.2602956073138643,25.381909769241425,26.64220537655529
2022-05-23,-0.30756739473818584,27.0236108975275,26.716043502789315
2022-05-24,1.309669177694932,26.270914194749007,27.58058337244394
2022-05-25,30.682532837693863,24.512934067458104,55.19546690515197
2022-05-26,1.9085738777793466,24.182961831464194,26.09153570924354
2022-05-27,-8.818592385635199,37.53473659165551,28.71614420602031
2022-05-30,-14.468412822926467,39.539251152167786,25.07083832924132
2022-05-31,2.6534658848766064,21.925055726384716,24.578521611261323
2022-06-01,-0.8164834380641146,26.83252920156289,26.016045763498774
2022-06-02,3.909269449639094,21.436380340297394,25.345649789936488
2022-06-03,2.1236254295095307,22.32011360286407,24.4437390323736
2022-06-06,1.7426597275277231,22.839816105299263,24.582475832826987
2022-06-07,1.6046218367798666,22.9216033874092,24.526225224189066
2022-06-08,2.591087612349874,21.85028659064809,24.441374202997963
2022-06-09,1.7237245241725994,23.52688542688705,25.250609951059648
2022-06-10,1.7204396254353647,23.830871252070803,25.551310877506168
2022-06-13,-0.4485688099801166,29.153202476898688,28.70463366691857
2022-06-14,-0.4298752300389559,27.483660065039118,27.05378483500016
2022-06-15,3.0438163162594236,24.654329725005013,27.698146041264437
2022-06-16,-49.52518220402409,109.09753262302408,59.57235041899999
2022-06-17,-0.4417094712803653,26.65184712711065,26.210137655830284
2022-06-20,-0.08713923013642955,26.247894621780755,26.160755391644326
2022-06-21,1.5135905937832206,25.382698423767692,26.896289017550913
2022-06-22,33.020891540960314,33.64733038235379,66.6682219233141
2022-06-23,29.269352668432497,25.215704028312878,54.485056696745374
2022-06-24,-16.761170006375835,67.08396893635175,50.32279892997592
2022-06-27,1.8580292566913386,23.45012237258938,25.30815162928072
2022-06-28,0.8273842741944257,23.908556771387428,24.735941045581853
2022-06-29,1.8314208317073906,23.3333723222716,25.16479315397899
2022-06-30,23.403004093651163,27.31714994981673,50.72015404346789
2022-07-01,1.9231118696737326,23.49653375029907,25.4196456199728
2022-07-04,1.8920674111130964,23.482571452246354,25.37463886335945
2022-07-05,0.8110000289850916,25.007957533311455,25.818957562296546
2022-07-06,1.2740799772338818,24.8320583451922,26.10613832242608
2022-07-07,1.990668334350648,24.01993813980742,26.010606474158067
2022-07-08,4.440661223076553,22.88408092217667,27.32474214525322
2022-07-11,0.5276259835344241,25.419245809911533,25.946871793445958
2022-07-12,0.5387136343482695,25.509769063945193,26.048482698293462
2022-07-13,0.8146649035531475,24.909753270891667,25.724418174444814
2022-07-14,-0.2971178617731809,25.76605203786334,25.46893417609016
2022-07-15,0.6566769298944202,23.75862420568033,24.41530113557475
2022-07-18,1.2826794679011506,23.849696223217663,25.132375691118813
2022-07-19,2.164294301543272,23.0482947470837,25.21258904862697
2022-07-20,3.9287016465650275,22.656437169944997,26.585138816510025
2022-07-21,2.7948985967725477,21.841844778841757,24.636743375614305
2022-07-22,2.752188844854569,21.093029675402427,23.845218520256996
2022-07-25,2.7963347072554186,21.162050081213295,23.958384788468713
2022-07-26,1.9794695401530795,22.138367933691907,24.117837473844986
2022-07-27,2.680557394233684,21.15283181712767,23.833389211361354
2022-07-28,9.167064631503546,20.5372391570445,29.704303788548046
2022-07-29,4.307558727587178,20.46641126699048,24.77396999457766
2022-08-01,1.6425729553491628,22.235531343988672,23.878104299337835
2022-08-02,16.037509866894105,21.527655803065564,37.56516566995967
2022-08-03,2.234663919815869,21.570090437614066,23.804754357429935
2022-08-04,3.5678222214796165,20.709177166643126,24.276999388122743
2022-08-05,3.298175867559692,19.804037875190588,23.10221374275028
2022-08-08,3.663794253668886,19.39554641644177,23.059340670110657
2022-08-09,3.473839202992334,19.963112409413856,23.43695161240619
2022-08-10,5.044300828863037,18.682767982632846,23.727068811495883
2022-08-11,3.6300478192388255,19.028013471415413,22.65806129065424
2022-08-12,4.371452378626337,17.981718983970758,22.353171362597095
2022-08-15,4.378880235220695,18.51610429363369,22.894984528854383
2022-08-16,5.21191963323982,17.787771302679158,22.999690935918977
2022-08-17,3.456385619661013,18.097850966097425,21.55423658575844
2022-08-18,3.7991683670713456,18.04775603539953,21.846924402470876
2022-08-19,3.963488420711002,18.512927272828104,22.476415693539106
2022-08-22,-26.089175054415463,56.16802268214683,30.078847627731363
2022-08-23,2.8717885855766276,19.743009368151743,22.61479795372837
2022-08-24,-100.04888504521146,134.49429539395058,34.44541034873912
2022-08-25,-96.30718299207177,125.51335271755796,29.206169725486188
2022-08-26,-22.129230004077982,55.78595445469917,33.65672445062119
2022-08-29,1.1829923534323505,21.59165467908365,22.774647032516
2022-08-30,-20.37354118106329,87.9952777136687,67.62173653260541
2022-08-31,2.195856642965648,21.15412174192811,23.349978384893756
2022-09-01,1.3154062374338267,22.38059392322363,23.696000160657455
2022-09-02,1.98810184773469,21.82102065735612,23.80912250509081
2022-09-05,1.523841718659444,22.807476460728715,24.33131817938816
2022-09-06,0.976649716951016,23.764109646724485,24.7407593636755
2022-09-07,1.7519473699894306,23.905165613653114,25.657112983642545
2022-09-08,2.607658066880763,20.897575974694337,23.5052340415751
2022-09-09,3.9786285467686433,19.554825063648,23.533453610416643
2022-09-12,3.101186562567797,20.553036361726612,23.65422292429441
2022-09-13,1.9108692197635477,25.38065922467185,27.291528444435396
2022-09-14,2.087649608307462,22.577170447703963,24.664820056011425
2022-09-15,2.635155964691169,22.26909639443081,24.90425235912198
2022-09-16,-83.37095841126845,152.62210690312253,69.25114849185408
2022-09-19,2.995912995109343,21.689488691180077,24.68540168628942
2022-09-20,2.2107811370846164,22.041970449610844,24.25275158669546
2022-09-21,6.4999566292008595,23.928522392506135,30.428479021706995
2022-09-22,1.341648690152347,23.09264725964162,24.434295949793967
2022-09-23,-3.2166054958296932,31.6401266741836,28.423521178353905
2022-09-26,0.4716899998788655,26.28865217371289,26.760342173591756
2022-09-27,-0.49686509455368366,27.414859962504067,26.917994867950384
2022-09-28,-0.22308500355438454,25.199195333744495,24.97611033019011
2022-09-29,0.426836920843332,28.91637619403278,29.34321311487611
2022-09-30,1.4085186300071904,27.337905945604017,28.746424575611208
2022-10-03,2.2250519521106504,26.304046162824708,28.52909811493536
2022-10-04,1.3086053993695081,27.73970064377942,29.048306043148926
2022-10-05,2.2134958207291398,24.899026330576685,27.112522151305825
2022-10-06,1.3560304118168212,25.851686670719527,27.207717082536348
2022-10-07,1.8495061741884378,27.799921353875277,29.649427528063715
2022-10-10,0.19317089419427802,28.74941982337129,28.94259071756557
2022-10-11,-0.6550205538297043,29.818517712356996,29.163497158527292
2022-10-12,1.6509981023245999,29.650828490431273,31.301826592755873
2022-10-13,1.6516686186512928,29.651174429360527,31.30284304801182
2022-10-14,2.431542919374067,28.527510361051668,30.959053280425735
2022-10-17,-0.37694559886952916,30.890603041190897,30.513657442321367
2022-10-18,40.52433074382888,30.58569458959041,71.11002533341929
2022-10-19,5.494928635089,31.69849267597669,37.19342131106569
2022-10-20,0.09487540729578114,27.582792080412084,27.677667487707865
2022-10-21,37.4865318409634,31.660487301859668,69.14701914282307
2022-10-24,0.1823995338113349,33.755281819982144,33.93768135379348
2022-10-25,5.6490058290861676,28.99788568655236,34.64689151563853
2022-10-26,-1.1844145410967748,27.473475113655617,26.289060572558842
2022-10-27,-0.9741328592071596,28.181165502418025,27.207032643210866
2022-10-28,0.3913682851992668,27.166057122748665,27.55742540794793
2022-10-31,-0.1276011692003074,26.804199387253867,26.67659821805356
2022-11-01,-0.6163355832929547,26.897707419532196,26.28137183623924
2022-11-02,31.08447541924506,33.547974827511204,64.63245024675626
2022-11-03,-0.5432908427827989,26.717722309284714,26.174431466501915
2022-11-04,-2.9634137425613822,30.06517045192256,27.10175670936118
2022-11-07,-1.909116663287847,28.141779277909368,26.23266261462152
2022-11-08,-1.2682433928120176,27.424022299837276,26.155778907025258
2022-11-09,-0.8479371849645858,28.42963022727044,27.581693042305854
2022-11-10,28.758537952543016,29.86446218829905,58.623000140842066
2022-11-11,54.81796708074809,28.40199144794802,83.21995852869611
2022-11-14,0.4076522150695361,25.776431817441992,26.184084032511528
2022-11-15,-51.19592665422215,86.4951527149714,35.29922606074925
2022-11-16,-54.434169181759785,110.95315946095734,56.51899027919755
2022-11-17,-39.44551899913911,70.7234928880217,31.27797388888259
2022-11-18,-55.95415525240889,84.14142421236949,28.187268959960598
2022-11-21,-55.95649117722559,84.14118994210816,28.184698764882565
2022-11-22,2.2935194281276914,23.71789393760367,26.01141336573136
2022-11-23,2.6176659243588283,23.03497579441392,25.65264171877275
2022-11-24,2.1939775885904744,23.561729175165766,25.75570676375624
2022-11-25,12.796267761934068,22.582856942180364,35.37912470411443
2022-11-28,2.250066165828404,24.178054883970766,26.42812104979917
2022-11-29,-37.6676703084503,102.45416510012957,64.78649479167927
2022-11-30,5.420582013084768,64.57552196747572,69.99610398056049
2022-12-01,-53.79258577233023,82.41624988916382,28.6236641168336
2022-12-02,2.018759960782397,22.842061217510523,24.86082117829292
2022-12-05,0.8171093265954887,24.995805350882115,25.812914677477604
2022-12-06,1.1744130154817682,24.054954442742403,25.22936745822417
2022-12-07,1.012653191102352,24.8517866213993,25.86443981250165
2022-12-08,2.5811420051519605,22.7378872190091,25.31902922416106
2022-12-09,-6.4887496428218725,52.70456854974406,46.21581890692219
2022-12-12,-61.609542188578374,123.58252742038587,61.9729852318075
2022-12-13,1.8926385183477272,23.7530494778709,25.645687996218626
2022-12-14,3.589276418672668,21.373614908588394,24.96289132726106
2022-12-15,6.0568202116753405,20.614447035298372,26.671267246973713
2022-12-16,7.0161969428791835,21.519514560436843,28.535711503316026
2022-12-19,5.51293081231189,19.967620152962883,25.480550965274773
2022-12-20,6.969694119319588,20.14685013889685,27.116544258216436
2022-12-21,5.641294779078827,20.471601897715917,26.112896676794744
2022-12-22,4.019601861911337,20.682087316931153,24.70168917884249
2022-12-23,4.151573427412657,20.580441478429428,24.732014905842085
2022-12-26,7.542169018816324,20.6566955969609,28.198864615777225
2022-12-27,7.730440771880424,20.696793401104102,28.427234172984527
2022-12-28,7.184940143690952,21.884061183329738,29.06900132702069
2022-12-29,2.5465226731059936,22.175606354572093,24.722129027678086
2022-12-30,3.885762702548117,22.223321370623957,26.109084073172074
2023-01-02,10.938084090714636,23.49669761988603,34.43478171060067
2023-01-03,10.76156036089991,23.588340114665318,34.34990047556523
2023-01-04,0.6618166699934598,25.568076344113106,26.229893014106565
2023-01-05,3.0553489119784487,22.287300359994124,25.342649271972572
2023-01-06,3.6958401211863006,21.972949684756333,25.668789805942634
2023-01-09,2.777181193168431,21.707072373700868,24.4842535668693
2023-01-10,2.7955952557893546,20.91961197855489,23.715207234344245
2023-01-11,44.57147309660659,21.560303316958674,66.13177641356526
2023-01-12,3.778072942801174,18.912434505855618,22.690507448656792
2023-01-13,16.98719329285926,17.56456841829852,34.55176171115778
2023-01-16,12.083111633384735,17.30183860724957,29.384950240634307
2023-01-17,7.6017380247833835,17.259912611110646,24.86165063589403
2023-01-18,3.4693338939112337,18.59724565249269,22.066579546403922
2023-01-19,45.94837852859701,19.877341068754156,65.82571959735117
2023-01-20,7.748060637449537,18.065536656553917,25.813597294003454
2023-01-23,-47.91247867941182,112.59868193872555,64.68620325931373
2023-01-24,1.8993538615003054,18.12734960816203,20.026703469662337
2023-01-25,1.8029478007814284,18.40593459495413,20.208882395735557
2023-01-26,1.3367343983379385,18.69083703707411,20.02757143541205
2023-01-27,1.5928255534829994,17.99872853615327,19.59155408963627
2023-01-30,1.8575663303006635,17.78853572911669,19.646102059417352
2023-01-31,1.0099287483480879,19.569628616438706,20.579557364786794
2023-02-01,0.9098041765488212,19.714682781028035,20.624486957576856
2023-02-02,1.4351307690813435,19.06143745684154,20.496568225922882
2023-02-03,2.2259674935493976,19.287861287374035,21.513828780923433
2023-02-06,-76.16465025414956,133.90917502853182,57.74452477438226
2023-02-07,-43.5898266491128,96.49514474789017,52.905318098777364
2023-02-08,1.5737515155907609,18.88040708942408,20.45415860501484
2023-02-09,3.0501947238008533,20.04447377800512,23.094668501805973
2023-02-10,1.458956929591718,19.358385177587362,20.81734210717908
2023-02-13,1.3266002283413556,19.365021875565482,20.691622103906838
2023-02-14,11.724248931526226,18.378438298822704,30.10268723034893
2023-02-15,2.6815625223771598,17.63904874887379,20.32061127125095
2023-02-16,3.253070647459534,18.21699862406423,21.470069271523766
2023-02-17,3.24917938506864,18.406545070948212,21.655724456016852
2023-02-20,12.022323567816883,18.047167706607297,30.06949127442418
2023-02-21,-59.05465625957269,84.38287115156504,25.328214891992353
2023-02-22,11.536190543162977,19.68303894651593,31.219229489678906
2023-02-23,-1.8144170611863792,26.260809638516218,24.44639257732984
2023-02-24,2.342022983839371,20.3411079185426,22.683130902381972
2023-02-27,2.04409070440839,19.354725353986193,21.398816058394583
2023-02-28,1.5813077809019056,19.124817348725596,20.7061251296275
2023-03-01,-2.3506701138258634,22.718758876194357,20.368088762368494
2023-03-02,-45.965968266732105,67.42612454896843,21.46015628223633
2023-03-03,1.8430126834295848,18.093545115991983,19.936557799421568
2023-03-06,-92.89892761113913,122.16618552905032,29.267257917911195
2023-03-07,-73.6310124851611,99.91131318351016,26.280300698349063
2023-03-08,2.7908849584474034,29.33185763233217,32.12274259077957
2023-03-09,-25.29532559256942,55.55541338801672,30.260087795447298
2023-03-10,-55.51168198594303,87.78281512236775,32.27113313642472
2023-03-13,0.7474711700228873,22.41546967004681,23.162940840069698
2023-03-14,1.0877051366243684,20.70925405593804,21.796959192562408
2023-03-15,-0.1754724666925469,23.745308993727342,23.569836527034795
2023-03-16,2.494788699808719,19.784105052909577,22.278893752718297
2023-03-17,0.6495725422374434,23.185882593867387,23.83545513610483
2023-03-20,-5.417516106357674,38.046707481805086,32.62919137544741
2023-03-21,2.251019814813276,19.08966117562425,21.340680990437527
2023-03-22,1.9999869641156245,19.67762699582582,21.677613959941443
2023-03-23,2.1023892562310316,20.02622270333268,22.128611959563713
2023-03-24,2.647231378271499,19.48154252813216,22.12877390640366
2023-03-27,3.0193368292130565,19.178596885147957,22.197933714361014
2023-03-28,2.4504511327692526,19.931742062120115,22.382193194889368
2023-03-29,2.856735616601629,18.237296832709426,21.094032449311054
2023-03-30,2.368616619308149,18.275319139157528,20.643935758465677
2023-03-31,2.8965560999173583,17.46443704120326,20.36099314112062
2023-04-03,2.627971980875337,17.652388545240026,20.280360526115363
2023-04-04,2.7675100805836585,17.360687791368406,20.128197871952064
2023-04-05,3.5484535029869946,17.824522187804938,21.372975690791932
2023-04-06,3.17320233498841,16.892589221242105,20.065791556230515
2023-04-07,3.5972670860894063,16.605493635762087,20.202760721851494
2023-04-10,3.036507597798156,16.97131831072726,20.007825908525415
2023-04-11,3.7193633857412607,16.804946684998022,20.524310070739283
2023-04-12,5.691311264230478,17.082017943776016,22.773329208006494
2023-04-13,2.579828640106129,17.381749972486023,19.961578612592152
2023-04-14,6.963976495409533,15.870597740915148,22.83457423632468
2023-04-17,3.8421652418585186,15.153987138410455,18.996152380268974
2023-04-18,3.7103773161785725,15.376752237419922,19.087129553598494
2023-04-19,3.644452373214868,16.41828065272871,20.06273302594358
2023-04-20,3.3260402949184567,16.054202980727,19.380243275645455
2023-04-21,4.088772754559873,15.55377924733877,19.642552001898643
2023-04-24,32.60491751083653,22.35482653086387,54.9597440417004
2023-04-25,5.399782286707959,15.444357603220935,20.844139889928893
2023-04-26,3.5396300110770262,18.001957606927032,21.54158761800406
2023-04-27,4.063119250381529,17.63194526172964,21.69506451211117
2023-04-28,3.6883129349666284,16.625924485695926,20.314237420662554
2023-05-01,4.131434365761212,15.429490486886277,19.56092485264749
2023-05-02,4.052675681143535,15.983926711975935,20.03660239311947
2023-05-03,3.093016000281313,17.189821380405686,20.282837380687
2023-05-04,3.1879781153549978,17.08099355443603,20.26897166979103
2023-05-05,2.626587735259381,17.07613270319604,19.702720438455422
2023-05-08,3.113350679437513,15.806976804574468,18.92032748401198
2023-05-09,4.758070666153458,16.750289971362328,21.508360637515786
2023-05-10,3.0721080514679855,16.378628855227657,19.450736906695642
2023-05-11,3.661009917430812,15.847046661724582,19.508056579155394
2023-05-12,4.327875067225168,17.055336473523678,21.383211540748846
2023-05-15,1.4796062142251536,18.957320555838788,20.43692677006394
2023-05-16,-6.75181411390059,27.73253985719098,20.98072574329039
2023-05-17,3.368146092612868,16.785951700991866,20.154097793604734
2023-05-18,-7.406301056215064,28.198517088000035,20.79221603178497
2023-05-19,3.830511327555506,15.333497213932585,19.16400854148809
2023-05-22,3.9455958368839212,14.785599224883608,18.73119506176753
2023-05-23,-16.252981446877833,36.180048232040974,19.92706678516314
2023-05-24,-14.557582377168487,35.65626899423866,21.09868661707017
2023-05-25,-5.806126846002982,25.921926179660247,20.115799333657264
2023-05-26,2.2248428476959674,18.821724083611073,21.04656693130704
2023-05-29,2.775827825447628,16.54933236491455,19.32516019036218
2023-05-30,2.2289872643826456,17.210561717621644,19.43954898200429
2023-05-31,2.2828595138174386,17.155497183323533,19.43835669714097
2023-06-01,2.601482029849322,25.29360523144656,27.89508726129588
2023-06-02,3.3128530131072065,15.940152395672422,19.25300540877963
2023-06-05,3.861309623841212,14.546312586324209,18.40762221016542
2023-06-06,3.919770739606548,14.495119948205836,18.414890687812385
2023-06-07,3.512996229929355,14.595749756026288,18.108745985955643
2023-06-08,3.767490160884938,14.375635784949212,18.14312594583415
2023-06-09,3.688088375050503,13.720486617002441,17.408574992052944
2023-06-12,4.553889258038495,12.99033858815244,17.544227846190935
2023-06-13,3.530829319678123,13.743101413048567,17.27393073272669
2023-06-14,3.5331729798260625,13.677040093001953,17.210213072828015
2023-06-15,4.0817542417946235,13.892031352383974,17.973785594178597
2023-06-16,3.1568437166056853,14.287261561152167,17.444105277757853
2023-06-19,3.121071071108407,14.360940760597444,17.48201183170585
2023-06-20,3.2155454944745987,14.312421323627861,17.52796681810246
2023-06-21,2.365486871504949,15.5580427972376,17.92352966874255
2023-06-22,2.9767694459807483,14.849746354330302,17.82651580031105
2023-06-23,3.6893196821339984,14.430277635261085,18.119597317395083
2023-06-26,3.1846930047220336,14.77494547588808,17.959638480610113
2023-06-27,3.083168130141079,15.214167693004466,18.297335823145545
2023-06-28,3.6240109514284207,14.59894631571331,18.22295726714173
2023-06-29,3.5276287075513384,14.99469041140741,18.522319118958748
2023-06-30,3.608941876104195,15.005974733218059,18.614916609322254
2023-07-03,3.5788093596763773,14.7086360338505,18.287445393526877
2023-07-04,3.2627574721902803,14.272853250607259,17.53561072279754
2023-07-05,2.883556408864189,14.866240042403417,17.749796451267606
2023-07-06,1.2930049877255776,19.15917168026755,20.45217666799313
2023-07-07,4.554413984497078,16.61252781976118,21.166941804258258
2023-07-10,2.2071901098631983,16.28460172822068,18.491791838083877
2023-07-11,2.0984830294879586,16.262002552450664,18.360485581938622
2023-07-12,4.117586925994775,18.091464336237866,22.20905126223264
2023-07-13,2.703501085441591,16.579458401993467,19.282959487435058
2023-07-14,2.773098151488199,16.913609247456606,19.686707398944804
2023-07-17,2.245901449626995,16.769709803676683,19.01561125330368
2023-07-18,1.5234061528183283,17.297060905341926,18.820467058160254
2023-07-19,2.260739963773201,16.682414037765845,18.943154001539046
2023-07-20,2.4814247376208485,17.336285363026082,19.81771010064693
2023-07-21,2.103382861757641,16.306687927538842,18.410070789296483
2023-07-24,0.45755998572264645,17.847468584836427,18.305028570559074
2023-07-25,1.0018652096305694,17.306431213729073,18.308296423359643
2023-07-26,1.214243066632683,16.3066621889269,17.520905255559583
2023-07-27,7.457402927770843,16.92941561299374,24.386818540764583
2023-07-28,2.4656222001779113,18.675229103403986,21.140851303581897
2023-07-31,1.3981816458876253,16.672728671403444,18.07091031729107
2023-08-01,2.6842906544774934,17.75431847711834,20.438609131595832
2023-08-02,0.40119119598702824,19.416177066837918,19.817368262824946
2023-08-03,0.21084911940624096,19.510979718712484,19.721828838118725
2023-08-04,1.1418502649841429,18.35199984358451,19.493850108568655
2023-08-07,1.1311240041180994,18.00768822466918,19.13881222878728
2023-08-08,1.4497690471714257,19.15244116271063,20.602210209882056
2023-08-09,0.9608703650051638,18.423608169763263,19.384478534768427
2023-08-10,1.299530887295898,17.6091140433575,18.9086449306534
2023-08-11,-3.4140539288017635,23.1455706119244,19.731516683122635
2023-08-14,1.8131795275786864,17.922173724228728,19.735353251807414
2023-08-15,2.093397927631436,17.915395658021612,20.00879358565305
2023-08-16,2.0269545388064323,17.996127375809216,20.02308191461565
2023-08-17,0.5134129390445779,19.3755434343377,19.88895637338228
2023-08-18,1.3662922233874752,18.749650376618064,20.11594260000554
2023-08-21,1.0790116749316958,18.58178311723852,19.660794792170215
2023-08-22,-1.9135969250999132,21.177995884946693,19.26439895984678
2023-08-23,0.4676333426826993,18.315989467456305,18.783622810139004
2023-08-24,1.7564103553716102,17.57843935476178,19.33484971013339
2023-08-25,1.7045004780009911,16.83404848649343,18.53854896449442
2023-08-28,-7.576496023336141,26.237478493956772,18.66098247062063
2023-08-29,1.135362778552274,16.969354702786497,18.10471748133877
2023-08-30,33.43876998968637,14.759360271013316,48.198130260699685
2023-08-31,2.6611762229178133,16.50856036920185,19.169736592119662
2023-09-01,3.0151435126340687,15.2779448340663,18.29308834670037
2023-09-04,3.1952133949258563,14.680855095894737,17.876068490820593
2023-09-05,3.0168849024937625,15.783474601044995,18.800359503538758
2023-09-06,2.948986051694993,15.828844361846675,18.77783041354167
2023-09-07,2.5398079280705446,16.908944114681333,19.448752042751877
2023-09-08,3.0425863733808995,15.433225279122958,18.475811652503857
2023-09-11,2.84267010095499,15.563983315427897,18.406653416382888
2023-09-12,3.602001396298391,15.241286583716498,18.84328798001489
2023-09-13,3.6906575814811493,15.060451440087599,18.751109021568748
2023-09-14,3.176301308535507,14.504572443409458,17.680873751944965
2023-09-15,3.735903476992547,14.467720269464515,18.203623746457062
2023-09-18,4.095328668982088,13.91710972444265,18.012438393424738
2023-09-19,4.3045682385609485,14.2526045520175,18.55717279057845
2023-09-20,4.282996247297746,14.8681704904672,19.151166737764946
2023-09-21,3.675947291894575,15.263767912772716,18.93971520466729
2023-09-22,2.2099216254327416,17.160969796790123,19.370891422222865
2023-09-25,1.8852022101203225,17.11179761656684,18.996999826687162
2023-09-26,1.3927918846076217,18.71474653541988,20.107538420027502
2023-09-27,1.2254157535915624,18.60819863714082,19.833614390732382
2023-09-28,1.4852226687422885,18.067203555813045,19.552426224555333
2023-09-29,2.2534910900889464,17.094871292985463,19.34836238307441
2023-10-02,1.8957153541733298,17.73340351682469,19.62911887099802
2023-10-03,1.1239336996235245,19.904309279725545,21.02824297934907
2023-10-04,1.414694321727378,18.92816202372383,20.342856345451207
2023-10-05,1.118176180294089,18.50241971865443,19.62059589894852
2023-10-06,1.117928293201068,18.499517346218582,19.61744563941965
2023-10-09,1.7106142109794114,18.037689287302374,19.748303498281786
2023-10-10,1.206960590682609,17.58930799925162,18.79626858993423
2023-10-11,1.7264967285964836,16.896517884966432,18.623014613562916
2023-10-12,2.2658029366931025,17.14236998484617,19.408172921539272
2023-10-13,2.6710143819006724,17.865802008571297,20.53681639047197
2023-10-16,-13.034115223969874,31.879620189012332,18.84550496504246
2023-10-17,1.8704523137937663,17.65260601111515,19.523058324908916
2023-10-18,2.166179225633499,19.539423158702228,21.705602384335727
2023-10-19,17.264028132822443,21.146990257296675,38.41101839011912
2023-10-20,1.6572906612451384,19.83727354146367,21.49456420270881
2023-10-23,-65.10030514199691,86.69788172237674,21.597576580379826
2023-10-24,2.6774961787464022,17.7631725368453,20.440668715591702
2023-10-25,1.9843063112964252,19.154452211677253,21.138758522973678
2023-10-26,1.0458284620502667,19.54588818752583,20.591716649576096
2023-10-27,2.025401745492932,19.22610089516195,21.25150264065488
2023-10-30,2.0280509100798696,18.950739038612106,20.978789948691976
2023-10-31,1.9557931656926293,18.101785757180892,20.05757892287352
2023-11-01,2.522848909985324,16.85876387903136,19.381612789016685
2023-11-02,-0.08443469484956267,19.462681165335606,19.378246470486044
2023-11-03,2.4797630410317932,15.94487307634139,18.424636117373183
2023-11-06,1.83291223395533,16.372530024279484,18.205442258234815
2023-11-07,2.3008831975134747,16.082428384102545,18.38331158161602
2023-11-08,-5.086016776068664,24.186445521830414,19.10042874576175
2023-11-09,2.3476817053358907,15.668154085437546,18.015835790773437
2023-11-10,2.6417093830934775,15.17401168817577,17.815721071269248
2023-11-13,-5.261667346575933,28.039125440578832,22.7774580940029
2023-11-14,-1.9936101966708684,21.472583346220322,19.478973149549454
2023-11-15,11.649245696706,16.696951646769143,28.346197343475144
2023-11-16,6.944424690598108,15.141447228005752,22.08587191860386
2023-11-17,9.971101953249981,15.667975877670038,25.63907783092002
2023-11-20,-1.854349538808723,19.567977001422587,17.713627462613864
2023-11-21,-2.7300891707371377,20.870333098417795,18.140243927680658
2023-11-22,-14.134091583857199,62.29038395627702,48.15629237241982
2023-11-23,33.12141034666091,17.53051936495945,50.651929711620355
2023-11-24,39.38008346247315,17.640416206037923,57.02049966851107
2023-11-27,-2.6624006460105853,21.331230354138057,18.668829708127472
2023-11-28,1.8083508184563328,21.861435266274686,23.66978608473102
2023-11-29,-3.979495577839952,23.46518317227496,19.485687594435007
2023-11-30,1.6962918176963413,24.54145322069832,26.23774503839466
2023-12-01,0.806764468019658,18.68894664565382,19.49571111367348
2023-12-04,0.8205516529347676,17.059009249537034,17.879560902471802
2023-12-05,-2.106705462419633,21.273042190019257,19.166336727599624
2023-12-06,-2.9171350175475474,21.492686662868497,18.57555164532095
2023-12-07,-4.096808259008835,22.479338700388773,18.382530441379938
2023-12-08,-9.452751912648658,29.084904555837387,19.63215264318873
2023-12-11,-18.084031531726957,37.30892496454927,19.224893432822313
2023-12-12,3.902333823173631,19.834890387714303,23.737224210887934
2023-12-13,-7.3298826903195895,26.496780925495866,19.166898235176276
2023-12-14,7.651624219782624,14.51477024746882,22.166394467251443
2023-12-15,-52.103146172205484,106.52264198305792,54.41949581085244
2023-12-18,2.5742204798037207,16.64111070428428,19.215331184088
2023-12-19,4.266130660448013,14.996981344140824,19.263112004588837
2023-12-20,4.266075030304959,14.997044332172477,19.263119362477436
2023-12-21,3.116002256504828,16.163215378740826,19.279217635245654
2023-12-22,2.2898013126094376,17.134585793871548,19.424387106480985
2023-12-25,4.338972748748525,16.918619067249615,21.25759181599814
2023-12-26,2.0436937322620174,16.845180435580605,18.888874167842623
2023-12-27,0.8316934473959492,17.82574706957136,18.65744051696731
2023-12-28,15.620915064026999,16.16417570454904,31.78509076857604
2023-12-29,2.7059859093939664,16.18489096803926,18.890876877433225
2024-01-01,1.619537686249064,16.993406785954573,18.612944472203637
2024-01-02,1.6195691346629033,16.99416777091645,18.613736905579355
2024-01-03,5.9086608534993665,16.43812486275971,22.346785716259078
2024-01-04,2.716406054364448,15.946054976088217,18.662461030452665
2024-01-05,3.2976563425061336,15.959079042445278,19.256735384951412
2024-01-08,16.695518940420406,17.332159594985306,34.02767853540571
2024-01-09,16.69520088911105,17.332810069785275,34.028010958896324
2024-01-10,4.947194991850541,18.194657404780255,23.141852396630796
2024-01-11,3.060068737332383,15.191290065751542,18.251358803083924
2024-01-12,-12.15704664491247,32.412453065402204,20.255406420489734
2024-01-15,4.772943911115419,15.235753512919104,20.008697424034523
2024-01-16,4.477764453812259,17.707835626381275,22.185600080193534
2024-01-17,10.701500784401443,17.404571336473694,28.106072120875137
2024-01-18,11.915763009284525,18.296495463176885,30.21225847246141
2024-01-19,3.0703408916856105,17.201987820875043,20.272328712560654
2024-01-22,3.2269590681262557,33.8990683433151,37.126027411441356
2024-01-23,19.37823961625463,16.330225276763425,35.70846489301805
2024-01-24,9.043109058894284,16.836641658302568,25.879750717196853
2024-01-25,3.526087756322653,34.917176380412855,38.44326413673551
2024-01-26,11.695650729868927,15.47686908371912,27.172519813588046
2024-01-29,-6.573650311928098,37.44492824451665,30.871277932588555
2024-01-30,-9.27446891480632,39.97526030135567,30.700791386549348
2024-01-31,-1.7785574039836334,39.64502830823242,37.866470904248786
2024-02-01,7.241657167512681,31.796074869292024,39.037732036804705
2024-02-02,5.1046691024866355,15.45792390145229,20.562593003938925
2024-02-05,-5.680338716215964,38.875276623537026,33.19493790732106
2024-02-06,-7.870757669227768,33.887230265286234,26.016472596058467
2024-02-07,-15.450167290295056,42.78768029071893,27.337513000423876
2024-02-08,-9.008415834087693,40.17763921582079,31.169223381733097
2024-02-09,3.887125769028591,14.763638434300203,18.650764203328794
2024-02-12,7.766380308201143,14.982919090016292,22.749299398217435
2024-02-13,-0.06787536813882511,31.930619064423592,31.862743696284767
2024-02-14,-9.593413614562525,38.012663274954996,28.41924966039247
2024-02-15,3.049044999154532,25.80538654399897,28.854431543153503
2024-02-16,10.018152510118036,14.23062469233366,24.248777202451695
2024-02-19,7.9309396438401265,15.120229094446177,23.051168738286304
2024-02-20,0.40769743691185667,25.060347130408534,25.46804456732039
2024-02-21,2.7829657942295967,26.603251830997415,29.38621762522701
2024-02-22,-10.87984985401819,42.184479259056104,31.304629405037915
2024-02-23,5.5190713216724685,13.995347626488938,19.514418948161406
2024-02-26,-11.02696541481972,38.503117522165184,27.476152107345463
2024-02-27,-2.8900002056995007,38.76571348579002,35.87571328009052
2024-02-28,-11.7078108792392,34.627021245908125,22.919210366668924
2024-02-29,-14.90213457505228,37.75363650426686,22.851501929214578
2024-03-01,19.373873891920564,17.403789453593145,36.77766334551371
2024-03-04,19.868925842711946,14.738611843378196,34.60753768609014
2024-03-05,-36.672484288124174,69.32578878582474,32.65330449770057
2024-03-06,19.715153204791147,22.197738346303115,41.91289155109426
2024-03-07,-8.270875712344324,32.69719065130997,24.426314938965643
2024-03-08,16.67653505307777,16.717863717606953,33.394398770684724
2024-03-11,-8.17434199475251,41.981378533674615,33.807036538922105
2024-03-12,19.87216606052167,13.770151016112822,33.64231707663449
2024-03-13,-1.2541829769944606,32.856178309120025,31.601995332125565
2024-03-14,0.4192727630389683,33.25988504197955,33.67915780501852
2024-03-15,8.797785226684718,13.811882218233182,22.6096674449179
2024-03-18,-10.22515994426712,42.09767905862639,31.87251911435927
2024-03-19,-9.968922307706968,34.204417158465226,24.235494850758258
2024-03-20,5.1490539309537695,29.0367430106078,34.18579694156157
2024-03-21,20.06647365679055,12.823205060944403,32.88967871773495
2024-03-22,20.007822420454534,12.809331698369721,32.817154118824256
2024-03-25,28.16529604172009,12.908382955958949,41.07367899767904
2024-03-26,0.26082962707407376,34.8430676598046,35.10389728687868
2024-03-27,-4.400537878889384,35.820784799615424,31.42024692072604
2024-03-28,10.542374745213047,12.80445137262562,23.346826117838667
2024-03-29,2.6451831608626364,13.275592699709545,15.920775860572181
2024-04-01,-9.047636547155623,38.08516503282867,29.037528485673047
2024-04-02,-7.971935730072445,37.139342745572726,29.16740701550028
2024-04-03,-20.01870647300435,40.76972499247308,20.75101851946873
2024-04-04,9.419611604909143,17.488936471820335,26.908548076729478
2024-04-05,5.546952475067247,14.992725195616583,20.53967767068383
2024-04-08,-11.235131352753942,32.15404281464889,20.918911461894947
2024-04-09,3.6346146615730355,16.23063428815765,19.865248949730685
2024-04-10,-12.325945258060464,37.35898893287785,25.033043674817385
2024-04-11,-14.727980315606697,37.966870429748376,23.23889011414168
2024-04-12,26.46846110816602,14.127779997155226,40.59624110532125
2024-04-15,-7.164167468545362,29.472488499773732,22.30832103122837
2024-04-16,-6.797917684553262,32.268809441731776,25.470891757178514
2024-04-17,-12.924580740278358,39.23548515834441,26.310904418066052
2024-04-18,-5.481661450340486,37.04554996306315,31.563888512722666
2024-04-19,-13.961776223892272,39.75873596413948,25.79695974024721
2024-04-22,-13.14737163602728,35.65813955161035,22.510767915583067
2024-04-23,-6.679350711140053,41.0310569494323,34.351706238292245
2024-04-24,5.22943344140662,15.246867380314466,20.476300821721086
2024-04-25,-7.984653169370063,35.03363893966092,27.048985770290855
2024-04-26,3.9275151224441007,14.532553106784624,18.460068229228725
2024-04-29,-20.15315385922964,40.64070358675147,20.48754972752183
2024-04-30,-20.6796789337815,44.08909226307116,23.40941332928966
2024-05-01,-15.832523150736804,50.974804791135796,35.14228164039899
2024-05-02,-7.559919562267872,27.460227754880894,19.90030819261302
2024-05-03,-4.593960251256803,36.32022776332748,31.726267512070677
2024-05-06,-0.268099193715436,32.678768575191626,32.41066938147619
2024-05-07,-4.936248695741725,38.467069615512806,33.53082091977108
2024-05-08,-50.96407251134577,79.86303849629735,28.89896598495158
2024-05-09,-20.760874382438065,42.59022294391038,21.82934856147232
2024-05-10,15.485250397175118,13.616129503397225,29.101379900572343
2024-05-13,-16.083303753997914,37.930061124299066,21.84675737030115
2024-05-14,2.559604599333637,14.049763684968555,16.609368284302192
2024-05-15,26.690981404726166,13.186591889226435,39.8775732939526
2024-05-16,-4.957291166820294,33.42714040649946,28.469849239679167
2024-05-17,9.355118815634766,13.264246675410257,22.619365491045023
2024-05-20,-11.135945990718234,30.28586537229407,19.149919381575835
2024-05-21,-49.62414949408518,83.00355277027793,33.379403276192754
2024-05-22,-51.52285777412903,88.80230392687851,37.27944615274948
2024-05-23,0.4926992547434246,28.091725399770777,28.5844246545142
2024-05-24,11.048012018373178,24.557669370167147,35.605681388540326
2024-05-27,-8.323608863009603,38.51270687946989,30.189098016460285
2024-05-28,-9.908072075034859,30.560090110510608,20.65201803547575
2024-05-29,-5.265245375797058,29.376010553681958,24.1107651778849
2024-05-30,8.960228823874916,15.684544772024504,24.64477359589942
2024-05-31,-2.9645394384007133,36.68581845761105,33.721279019210336
2024-06-03,17.875070347329405,14.374908476511786,32.24997882384119
2024-06-04,10.37814787437117,17.134722058222817,27.512869932593986
2024-06-05,5.691393822200364,17.855539985060727,23.54693380726109
2024-06-06,-5.269013704543351,29.62861625790826,24.35960255336491
2024-06-07,5.860137429638421,23.283037276947113,29.143174706585533
2024-06-10,10.119417922611785,15.738094334769059,25.857512257380844
2024-06-11,1.907901963564143,15.239488763129962,17.147390726694105
2024-06-12,2.2907103522508834,16.092445488932103,18.383155841182987
2024-06-13,3.5816369614767094,13.69170600735343,17.27334296883014
2024-06-14,4.400948688455829,13.618583074735946,18.019531763191775
2024-06-17,4.121645049500291,13.479895294469063,17.601540343969354
2024-06-18,3.737486170384061,13.79353622911873,17.531022399502792
2024-06-19,-17.729518842662674,42.39691456004469,24.667395717382018
2024-06-20,4.850446053268525,13.558906935697143,18.40935298896567
2024-06-21,10.359859504789053,13.53809583835763,23.897955343146684
2024-06-24,10.78803800502045,13.80058342281632,24.58862142783677
2024-06-25,8.74150021543308,13.730997140452326,22.472497355885405
2024-06-26,6.9321048645338035,13.665420073230832,20.597524937764636
2024-06-27,6.446489306846036,13.943747439059184,20.39023674590522
2024-06-28,8.663769933434859,13.446404533270096,22.110174466704954
2024-07-01,8.628238147893084,13.2648974545154,21.893135602408485
2024-07-02,9.080501934530941,12.864933742931898,21.94543567746284
2024-07-03,6.924163316000806,14.363930020222169,21.288093336222975
2024-07-04,5.5155872867946005,13.399948209263021,18.915535496057622
2024-07-05,3.9774336127931456,14.03805993031878,18.015493543111926
2024-07-08,7.517263926901391,13.415671564897943,20.932935491799334
2024-07-09,0.282829145843813,20.26791341095938,20.550742556803193
2024-07-10,8.448625429941691,13.265457218113324,21.714082648055015
2024-07-11,9.748014329051228,13.166628428897562,22.91464275794879
2024-07-12,7.996739416315764,13.076114845355091,21.072854261670855
2024-07-15,9.60622901427323,12.285390635535075,21.891619649808305
2024-07-16,5.90662177800097,12.77744503721191,18.68406681521288
2024-07-17,26.082243992749518,12.86222401808871,38.94446801083823
2024-07-18,-7.7985263824119535,33.26507026206292,25.466543879650967
2024-07-19,5.508946445712622,14.940691581030125,20.449638026742747
2024-07-22,-10.183957969229482,33.367365973780636,23.183408004551154
2024-07-23,13.965094315603535,15.010696835721324,28.97579115132486
2024-07-24,-9.51016308877951,35.421622585751656,25.911459496972146
2024-07-25,6.7798122341853215,16.148978421785742,22.928790655971063
2024-07-26,5.9276470097413725,15.738140081461358,21.66578709120273
2024-07-29,3.6261174440697808,15.280267839510287,18.906385283580068
2024-07-30,2.6645143119079115,16.293529702396476,18.958044014304388
2024-07-31,10.942073053292237,17.33372440347257,28.275797456764806
2024-08-01,8.324988231055542,17.27472213897899,25.599710370034533
2024-08-02,-6.8405635788432875,39.45784314687609,32.6172795680328
2024-08-05,8.210947699037341,30.21527346333417,38.42622116237151
2024-08-06,13.292657439382406,21.63696180779876,34.929619247181165
2024-08-07,10.986775069796575,22.3389797047853,33.325754774581874
2024-08-08,6.082070245858571,27.79272958078997,33.87479982664854
2024-08-09,11.269557559777564,20.471208506891482,31.740766066669046
2024-08-12,3.8492699127443792,17.48880092501409,21.33807083775847
2024-08-13,5.73509321591817,17.649502231499348,23.384595447417517
2024-08-14,2.0930884631647118,15.902682366701907,17.99577082986662
2024-08-15,4.3051557773712155,15.10400456786698,19.409160345238195
2024-08-16,4.9742244125655315,14.027755407383088,19.00197981994862
2024-08-19,-7.292077607737113,25.442077483228665,18.149999875491552
2024-08-20,3.6561024659633787,14.578426580861773,18.234529046825152
2024-08-21,3.8497799984566488,14.024051131388388,17.873831129845037
2024-08-22,3.5121266455728737,19.724728662177547,23.23685530775042
2024-08-23,-42.54734910076811,68.72530575679946,26.17795665603135
2024-08-26,5.647311176188275,13.814598481381928,19.461909657570203
2024-08-27,2.8390295338077607,15.990493091838342,18.829522625646103
2024-08-28,7.915044018258147,13.232167835867969,21.147211854126116
2024-08-29,1.718138364805366,16.39521068336278,18.113349048168146
2024-08-30,8.263296210739206,17.92764458415204,26.190940794891247
2024-09-02,2.457051539757085,16.276426219592523,18.733477759349608
2024-09-03,-1.9399068569894844,23.406989432090537,21.467082575101053
2024-09-04,4.886569118950623,15.761434197417254,20.648003316367877
2024-09-05,2.572106046930429,17.846865017030755,20.418971063961184
2024-09-06,-9.903510741340458,29.990541825405977,20.08703108406552
2024-09-09,-9.903510741340455,29.990541825405963,20.087031084065508
2024-09-10,-4.370071275166929,28.3950195531587,24.024948277991772
2024-09-11,2.732977207608762,17.600474390578963,20.333451598187725
2024-09-12,3.0129046904210526,17.34420214942385,20.357106839844903
2024-09-13,2.6452310310225187,16.459091901027563,19.10432293205008
2024-09-16,3.543715685830499,14.946258724981085,18.489974410811584
2024-09-17,3.942514736034399,15.369799697600259,19.312314433634658
2024-09-18,3.0858996413747235,15.451139382005074,18.537039023379798
2024-09-19,5.8034568673941855,15.474702022193451,21.278158889587637
2024-09-20,5.80561035186526,15.469570683037384,21.275181034902644
2024-09-23,2.2721444283946717,15.111427339124123,17.383571767518795
2024-09-24,6.100678013109725,19.1832853656516,25.283963378761324
2024-09-25,-2.314670006984837,19.663358938127924,17.348688931143087
2024-09-26,-4.82939056728878,25.124464733788553,20.295074166499774
2024-09-27,3.059311225302448,21.41525212009276,24.474563345395207
2024-09-30,4.037391902137578,20.903333004706845,24.940724906844423
2024-10-01,-2.2233745962921105,34.849077244485,32.62570264819289
2024-10-02,-7.869369225247791,27.74748113344418,19.878111908196388
2024-10-03,-7.735612746597802,31.88437939061512,24.148766644017318
2024-10-04,-3.370776463451733,24.20708120857396,20.836304745122227
2024-10-07,-8.991122823867933,31.336896875317205,22.345774051449272
2024-10-08,-7.941697529154869,31.2959882018993,23.35429067274443
2024-10-09,-4.3239694058284925,31.1404033659496,26.816433960121106
2024-10-10,-13.889545950180736,34.133163319451945,20.24361736927121
2024-10-11,-1.325178527417762,33.61518545686789,32.29000692945013
2024-10-14,1.1931135847108756,22.316128286603114,23.50924187131399
2024-10-15,-11.91450700286719,32.21780809766936,20.303301094802173
2024-10-16,0.46071659159632716,20.611636954343982,21.07235354594031
2024-10-17,-0.22605215372087528,20.562078083233747,20.33602592951287
2024-10-18,0.1809000328747885,19.47953197494478,19.66043200781957
2024-10-21,6.189149814868657,19.37118960462634,25.560339419494998
2024-10-22,3.582896268269316,19.127682893073462,22.71057916134278
2024-10-23,-0.14484017279243133,19.887265203830076,19.742425031037644
2024-10-24,0.002789741161439707,19.81052378513101,19.81331352629245
2024-10-25,0.4527298121369796,20.505969244719605,20.958699056856585
2024-10-28,1.379625684248353,21.301298775637896,22.68092445988625
2024-10-29,-0.23986463064148822,20.95586708769467,20.716002457053182
2024-10-30,6.515842490520246,22.0594193816187,28.575261872138945
2024-10-31,-0.155964123516668,22.840913154872748,22.68494903135608
2024-11-01,-0.04232874187413316,23.062912501923797,23.020583760049664
2024-11-04,0.08189236523970322,22.58695140479685,22.668843770036553
2024-11-05,-0.48847277608775386,23.830194007278873,23.34172123119112
2024-11-06,-3.0018662466884294,23.707383722605766,20.705517475917336
2024-11-07,-5.71867756638844,27.675306123595767,21.956628557207328
2024-11-08,-0.7024541406393467,19.859933361835292,19.157479221195945
2024-11-11,1.3348017825785092,17.172495432994804,18.507297215573313
2024-11-12,-4.98084517022432,26.43364838115694,21.45280321093262
2024-11-13,2.948055486178447,49.754383033440874,52.70243851961932
2024-11-14,-7.406211068946572,39.29962392392533,31.89341285497876
2024-11-15,1.6112663801268496,16.750523420871307,18.361789800998157
2024-11-18,4.017499879306978,16.573190769046278,20.590690648353256
2024-11-19,1.3021561315181955,16.975507779248154,18.27766391076635
2024-11-20,0.38420988380474697,17.74184660778136,18.126056491586105
2024-11-21,1.2685972266074543,16.740251870828764,18.00884909743622
2024-11-22,29.231464810832577,16.14527876711732,45.376743577949895
2024-11-25,1.0292293958234158,15.575907325123667,16.605136720947083
2024-11-26,4.193705361592155,15.165936265105312,19.359641626697467
2024-11-27,-7.8554907295541625,27.20800164017062,19.35251091061646
2024-11-28,2.303684782263579,15.49800915083532,17.8016939330989
2024-11-29,3.0316919784385696,14.93485365160694,17.96654563004551
2024-12-02,4.82472758105855,13.511506149044198,18.336233730102748
2024-12-03,3.56973565781907,14.655682081878588,18.225417739697658
2024-12-04,3.4378070987001124,13.995595001300373,17.433402100000485
2024-12-05,5.26047240308076,14.281172594760106,19.541644997840866
2024-12-06,4.03208415072775,13.527895813768117,17.559979964495867
2024-12-09,1.939245058290254,17.98747358155243,19.926718639842683
2024-12-10,3.72305514277898,15.960466117739488,19.683521260518468
2024-12-11,3.4611133392014324,15.497479949589199,18.95859328879063
2024-12-12,2.9851192497231196,15.287134451954994,18.272253701678114
2024-12-13,5.276739795313352,13.997407038298112,19.274146833611464
2024-12-16,2.3127735820816575,15.937336321405915,18.250109903487573
2024-12-17,5.008180390253715,13.611423219390934,18.61960360964465
2024-12-18,-0.50018584657602,28.64296128639315,28.14277543981713
2024-12-19,2.1559883444693035,17.470278367691375,19.626266712160678
2024-12-20,2.2665236031368607,17.09812910709841,19.36465271023527
2024-12-23,1.9767330226234776,17.039107948567914,19.01584097119139
2024-12-24,8.400610613953475,14.262309609330668,22.662920223284143
2024-12-25,9.154878590095203,14.664256229996136,23.81913482009134
2024-12-26,3.826421633693238,15.432653089295128,19.259074722988366
2024-12-27,5.701224663578564,15.263329546827482,20.964554210406046
2024-12-30,10.468486943797938,16.16799573563322,26.636482679431158
2024-12-31,4.355303012002228,15.608783908902204,19.964086920904432
2025-01-01,4.181035425773501,15.806338663030306,19.987374088803808
2025-01-02,3.1908243440496964,14.93547989768455,18.126304241734246
2025-01-03,11.399599351134041,14.516535689157232,25.916135040291273
2025-01-06,5.918726679299256,14.577152220393918,20.495878899693174
2025-01-07,5.077336904752627,14.811564341568516,19.888901246321144
2025-01-08,3.914562899180549,15.143962884685685,19.058525783866234
2025-01-09,3.9421734610088137,15.044888530095783,18.987061991104596
2025-01-10,3.5121294936609075,17.873437500856873,21.38556699451778
2025-01-13,2.6173538234763036,16.942190436122466,19.55954425959877
2025-01-14,1.6193999708506226,17.044321458267195,18.663721429117818
2025-01-15,3.4359517695430597,15.33910520219477,18.77505697173783
2025-01-16,2.382626832444039,15.269696831316192,17.65232366376023
2025-01-17,15.924329575379037,17.07643141044321,33.00076098582225
2025-01-20,17.108591398944114,16.847957717834745,33.95654911677886
2025-01-21,1.0640627464184735,15.732986166653868,16.79704891307234
2025-01-22,5.235872794514549,14.475576975449627,19.711449769964176
2025-01-23,2.941643157535424,14.500794883218028,17.44243804075345
2025-01-24,8.43295333389954,13.680517030964737,22.113470364864277
2025-01-27,2.4702631185498234,16.509908966689306,18.98017208523913
2025-01-28,2.2121469121769746,15.301256218406023,17.513403130582997
2025-01-29,2.2396025490463085,15.66636830030596,17.90597084935227
2025-01-30,5.388260943882795,17.072920830781126,22.46118177466392
2025-01-31,1.336999482228915,17.30711933727106,18.644118819499976
2025-02-03,0.48990176310466893,17.461512255613858,17.951414018718527
2025-02-04,2.4088911154747663,18.368081525745517,20.776972641220283
2025-02-05,1.8654145124676234,16.962613467687625,18.828027980155248
2025-02-06,5.12892985526401,15.469110182756838,20.598040038020848
2025-02-07,1.706384449049926,15.961768047985517,17.668152497035443
2025-02-10,4.003794071263339,16.288921634340063,20.292715705603403
2025-02-11,1.5375131581828168,15.884134239416204,17.42164739759902
2025-02-12,1.5284395299928164,16.00733234316122,17.535771873154037
2025-02-13,5.24127825197894,15.603825972112102,20.845104224091042
2025-02-14,1.805502712920024,15.454286683554642,17.259789396474666
2025-02-17,2.1514651078178204,14.9200729957353,17.07153810355312
2025-02-18,1.3076824927713773,16.571378069164602,17.87906056193598
2025-02-19,1.4858344182130576,15.960344179368482,17.44617859758154
2025-02-20,1.7445666147845067,16.66549967494975,18.410066289734257
2025-02-21,0.9766095075055077,19.267070162360298,20.243679669865806
2025-02-24,2.09054762812125,16.92383248404696,19.01438011216821
2025-02-25,0.9434183911905976,17.21927396589227,18.162692357082868
2025-02-26,0.3047615571045732,18.621000348159654,18.925761905264228
2025-02-27,0.7704774273305226,18.968830311799714,19.739307739130236
2025-02-28,-9.704513697364472,32.29265528322728,22.58814158586281
2025-03-03,-0.5286153597973282,19.901446241492955,19.372830881695627
2025-03-04,3.3382466308147727,19.3473578553549,22.685604486169673
2025-03-05,-1.5645564964933207,26.37764326411987,24.81308676762655
2025-03-06,8.77516473731475,20.977963445732268,29.753128183047018
2025-03-07,3.154086482845347,19.36697048766708,22.521056970512426
2025-03-10,-1.5493363213121825,21.910001326463835,20.360665005151652
2025-03-11,-2.8773979149612323,21.812389148367807,18.934991233406574
2025-03-12,-1.1424308794853104,20.011471763692526,18.869040884207216
2025-03-13,-1.9447379299061005,20.786578436082433,18.841840506176332
2025-03-14,-0.9445728578706252,19.447916639445488,18.503343781574863
2025-03-17,0.7153056299089791,19.6060693467115,20.32137497662048
2025-03-18,-1.258724267195369,20.334974998649784,19.076250731454415
2025-03-19,-0.1602573708944135,18.75310277973503,18.592845408840617
2025-03-20,-0.3584931512829215,18.895883706314535,18.537390555031614
2025-03-21,1.6486008238280618,18.639645638447565,20.288246462275627
2025-03-24,-0.7145080885847435,17.746555290156227,17.032047201571483
2025-03-25,2.3585099195668384,16.488884319965038,18.847394239531877
2025-03-26,0.5741456013967259,17.563252142331713,18.13739774372844
2025-03-27,1.5907258802426263,16.128064316545398,17.718790196788024
2025-03-28,0.7686443936861629,17.71160078925614,18.4802451829423
2025-03-31,1.0315092847034286,17.533139838077087,18.564649122780516
2025-04-01,1.7988009203005753,17.747825972805593,19.54662689310617
2025-04-02,1.5087333706501767,18.634098126744018,20.142831497394194
2025-04-03,-0.6223662669389824,21.309750733525554,20.687384466586572
2025-04-04,-33.755586407401694,68.8818113004353,35.12622489303361
2025-04-07,-12.297981674629696,44.89984006456139,32.60185838993169
2025-04-08,-14.298765602746911,43.834401076148396,29.535635473401484
2025-04-09,-2.3526409786697187,28.814069639774825,26.461428661105106
2025-04-10,-7.6254264888565615,35.33513683487698,27.709710346020415
2025-04-11,4.671489586565752,31.24141832438679,35.91290791095254
2025-04-14,-0.18767266643382285,26.432244534905923,26.2445718684721
2025-04-15,3.4940031913027454,22.746154242343533,26.240157433646278
2025-04-16,0.612424645086989,25.27457741971843,25.88700206480542
2025-04-17,4.087047665683254,23.06150887582592,27.148556541509173
2025-04-18,4.384019898996549,22.950094652254634,27.334114551251183
2025-04-21,-0.6120948178755548,25.00936055139326,24.397265733517706
2025-04-22,-0.8842014746252467,23.754600755549973,22.870399280924726
2025-04-23,-0.1661723555721295,22.00192322800408,21.83575087243195
2025-04-24,2.7125128886487992,20.84598943205684,23.55850232070564
2025-04-25,2.7296978419370603,18.63495476768173,21.36465260961879
2025-04-28,2.7788270152321815,18.768585906665137,21.54741292189732
2025-04-29,6.184147241165295,18.034053724599055,24.21820096576435
2025-04-30,2.966378006223099,18.499127151987295,21.465505158210394
2025-05-01,5.532276018931114,18.073271283783395,23.60554730271451
2025-05-02,5.3245401779162265,19.735268592259608,25.059808770175835
2025-05-05,1.9138611833730579,19.283394520727207,21.197255704100264
2025-05-06,1.1461348029670546,19.87598937687312,21.022124179840176
2025-05-07,1.6292875404045155,21.139318491400925,22.76860603180544
2025-05-08,1.261875591798976,19.16765160914428,20.429527200943255
2025-05-09,3.91300315288499,17.20306008793181,21.1160632408168
2025-05-12,1.7047084350407786,17.85963730442345,19.56434573946423
2025-05-13,1.7290068660244309,16.707486876931068,18.4364937429555
2025-05-14,1.9730234819645922,17.120032677334894,19.093056159299486
2025-05-15,3.842250358742888,16.862227355013026,20.704477713755914
2025-05-16,3.925781354255035,15.661113639194985,19.58689499345002
2025-05-19,2.484051995468583,16.20805741755555,18.692109413024134
2025-05-20,2.655359889422252,15.863482450558825,18.518842339981077
2025-05-21,1.8716580578424242,16.52134993485149,18.393007992693914
2025-05-22,1.9454326587436839,16.119388837974817,18.0648214967185
2025-05-23,3.848788365797022,15.363682200004286,19.212470565801308
2025-05-26,3.8483714276659953,15.208410078793843,19.05678150645984
2025-05-27,3.1412352388081732,15.935771979953161,19.077007218761334
2025-05-28,2.765407928839803,15.435064466769774,18.200472395609577
2025-05-29,2.4781688031783737,15.701668938937093,18.179837742115467
2025-05-30,-0.616614401121101,19.776013514414416,19.159399113293315
2025-06-02,0.8585823938366204,18.128448396452068,18.98703079028869
2025-06-03,0.5243974098628215,18.135410997365526,18.659808407228347
2025-06-04,2.522786580696593,15.874215867189829,18.397002447886422
2025-06-05,2.566351590562764,15.212617813054177,17.77896940361694
2025-06-06,2.6771980656444203,14.807238205078283,17.484436270722703
2025-06-09,1.2077012242401075,15.703768380734893,16.911469604975
2025-06-10,0.8577781100077608,15.589746586867037,16.447524696874797
2025-06-11,1.94095795004767,14.887403745865699,16.82836169591337
2025-06-12,2.0559757466076007,14.798125019244068,16.85410076585167
2025-06-13,-10.018607146101722,29.83584244954327,19.81723530344155
2025-06-16,1.8823525376593064,15.604999698540977,17.487352236200284
2025-06-17,0.88200256236345,17.543449149332353,18.425451711695803
2025-06-18,1.0552816725204934,16.77383015167484,17.829111824195333
2025-06-19,1.165814210964136,16.64751022134633,17.813324432310466
2025-06-20,1.557350055655867,16.711930279975906,18.269280335631773
2025-06-23,0.8788282635459801,16.270751279033867,17.149579542579847
2025-06-24,-3.120790281368894,20.171072404664162,17.05028212329527
2025-06-25,0.8356852691312753,15.614920134597728,16.450605403729003
2025-06-26,5.979198568430801,15.092308199879911,21.071506768310712
2025-06-27,2.183151086884509,15.233669527076069,17.416820613960578
2025-06-30,9.267586831268048,14.899700483756408,24.167287315024456
2025-07-01,7.948189061395995,15.475469599738952,23.423658661134947
2025-07-02,7.905543327686946,15.469329634938969,23.374872962625915
2025-07-03,-4.9754634520351,22.592282192526582,17.61681874049148
2025-07-04,-4.644354491677468,22.065638493823574,17.421284002146106
2025-07-07,11.86661586623731,16.63519421062107,28.50181007685838
2025-07-08,3.2836680222593397,15.912378526594262,19.1960465488536
2025-07-09,0.792998680348667,15.928184733188761,16.721183413537428
2025-07-10,10.48746615648975,15.408989363474968,25.896455519964718
2025-07-11,1.7344435922189199,14.918183875867093,16.652627468086013
2025-07-14,2.3033950583342104,15.154453246073778,17.45784830440799
2025-07-15,1.0914295389613375,15.85299549360718,16.944425032568518
2025-07-16,0.8412388509971578,16.011402491100096,16.852641342097254
2025-07-17,2.298634022978529,15.139487376411257,17.438121399389786
2025-07-18,1.5335852185560501,15.697094334912661,17.23067955346871
2025-07-21,1.0784921073495397,16.05296378691805,17.13145589426759
2025-07-22,1.0256001697995174,16.23560695544767,17.261207125247186
2025-07-23,0.9473601003881171,16.40997133615048,17.357331436538598
2025-07-24,0.9474372656239183,16.409745872880695,17.357183138504613
2025-07-25,2.5403089694637178,14.528932185245027,17.069241154708745
2025-07-28,1.9195963681065127,15.413243157368042,17.332839525474554
2025-07-29,2.10796013820128,15.492393661202525,17.600353799403806
2025-07-30,1.2434725725813074,16.22850278276346,17.471975355344767
2025-07-31,2.0585808185934464,15.509237503455287,17.567818322048733
2025-08-01,1.6007870073615358,16.263672228480555,17.86445923584209
2025-08-04,1.6812486634731982,15.710730851925387,17.391979515398585
2025-08-05,0.7871331542675541,16.105986139664942,16.893119293932497
2025-08-06,0.8809140784891429,15.983863597330606,16.86477767581975
2025-08-07,1.4507787701076396,15.682689648278842,17.13346841838648
2025-08-08,2.632826757276309,14.18300845055709,16.8158352078334
2025-08-11,1.787293316600822,14.714641483701937,16.50193480030276
2025-08-12,2.6349340820993934,13.338777456571794,15.973711538671187
2025-08-13,0.9277897373568837,15.388330891997734,16.316120629354618
2025-08-14,2.285885134786305,14.01905261251104,16.304937747297345
2025-08-15,2.354367175545356,13.866631739772991,16.220998915318347
2025-08-18,2.147717179061992,14.071779661976336,16.21949684103833
2025-08-19,2.5800544322517585,13.701777416849643,16.2818318491014
2025-08-20,2.5217772500647797,13.86006140230161,16.38183865236639
2025-08-21,1.9635035806457015,14.582188339533817,16.545691920179518
2025-08-22,2.267653409320575,13.654497350640415,15.92215075996099
2025-08-25,8.120368360381464,13.780498412268075,21.90086677264954
2025-08-26,1.6641386228975303,14.568114278620078,16.232252901517608
2025-08-27,2.9179222839457495,13.21682443287828,16.13474671682403
2025-08-28,2.8747501084731493,13.522846365609615,16.397596474082764
2025-08-29,2.858549406592127,13.740402300944224,16.59895170753635
2025-09-01,2.946755075829145,13.655662297963833,16.602417373792978
2025-09-02,2.4382128885109005,14.678943339022204,17.117156227533105
2025-09-03,3.6342912920396984,13.295032223295259,16.929323515334957
2025-09-04,3.52346275850803,15.528347570329421,19.05181032883745
2025-09-05,3.291198224012481,13.27710859407903,16.56830681809151
2025-09-08,1.5439179364552,14.685345716533844,16.229263652989044
2025-09-09,1.2630153022253445,15.049285342465147,16.31230064469049
2025-09-10,2.622502130536228,13.82061288859409,16.443115019130317
2025-09-11,1.1187483591191967,14.746574903680628,15.865323262799825
2025-09-12,1.7627317327436582,14.4762873895603,16.239019122303958
2025-09-15,6.518088381780373,15.004106022047392,21.522194403827765
2025-09-16,1.504630637217053,15.193256838798261,16.697887476015314
2025-09-17,0.8282049600881489,15.979137382903433,16.807342342991582
2025-09-18,0.5130910545733123,16.098471755581624,16.611562810154936
2025-09-19,2.016612135708371,14.854439921273062,16.871052056981434
2025-09-22,1.2730076260114558,15.3507075789548,16.623715204966256
2025-09-23,13.676650116847146,15.784770772590065,29.46142088943721
2025-09-24,1.5740335695591234,15.563215416185077,17.1372489857442
2025-09-25,2.2933081068318995,15.168046312350365,17.461354419182264
2025-09-26,11.619951654099756,14.78874719357596,26.408698847675716
2025-09-29,3.2858840291672333,15.615530012841278,18.90141404200851
2025-09-30,2.7857800450910783,15.440556746056616,18.226336791147695
2025-10-01,2.3068844651218523,15.912472291342288,18.21935675646414
2025-10-02,2.0460466920038876,15.971310312549889,18.017357004553777
2025-10-03,2.6481340976922656,15.329779472546976,17.97791357023924
2025-10-06,2.325528433196073,15.504106013869851,17.829634447065924
2025-10-07,1.9613916069787685,16.741582908315973,18.70297451529474
2025-10-08,2.940701235402514,15.090354413817739,18.031055649220253
2025-10-09,0.9310269330423253,17.283800533874256,18.21482746691658
2025-10-10,-16.75290698920415,39.05398630249566,22.30107931329151
2025-10-13,7.760189121420375,22.732975026894714,30.49316414831509
2025-10-14,0.15982832799548774,21.256106119043675,21.415934447039163
2025-10-15,0.13104310467012326,21.835251698515194,21.966294803185317
2025-10-16,-3.043829359029914,23.418696079722885,20.37486672069297
2025-10-17,-1.298299594208995,21.009845178567538,19.711545584358543
2025-10-20,0.3159341529839246,19.636101490759252,19.952035643743177
2025-10-21,0.10539527889813982,18.853733451567418,18.959128730465558
2025-10-22,-1.0695578036081699,19.447952119422844,18.378394315814674
2025-10-23,0.41739962798436636,17.882503967085245,18.299903595069612
2025-10-24,1.1151237534715257,17.05897716720988,18.174100920681404
2025-10-27,0.9495675588829897,16.769912452544624,17.719480011427613
2025-10-28,1.7081158795455629,17.13246576508395,18.840581644629513
2025-10-29,0.3554756872200855,18.44685658168904,18.802332268909126
2025-10-30,0.39121946772396043,18.461525276403716,18.852744744127676
2025-10-31,0.9240298221398042,17.93003657147879,18.854066393618595
2025-11-03,1.1244504444776062,17.695434729695123,18.81988517417273
2025-11-04,0.2532294866137086,19.36936045457525,19.62258994118896
2025-11-05,0.474140053157754,19.025188245690416,19.49932829884817
2025-11-06,-0.5412245094083232,19.734347294168085,19.193122784759762
2025-11-07,0.39755796403274957,19.203348833729255,19.600906797762004
2025-11-10,-0.6748471462733789,19.283201195750458,18.60835404947708
2025-11-11,0.5717678898609577,18.313488585839455,18.885256475700412
2025-11-12,1.1047043481449883,17.86894068258233,18.97364503072732
2025-11-13,-0.47185285407974575,20.55929416204233,20.087441307962585
2025-11-14,-0.042438190157199074,19.601316505010146,19.558878314852947
2025-11-17,-1.7700264977524292,22.293059879315948,20.52303338156352
2025-11-18,-2.2699961826245705,22.383276889094603,20.113280706470032
2025-11-19,-2.1388837275647674,22.384935203417804,20.246051475853037
2025-11-20,-4.3309458408025066,25.2748850893932,20.943939248590695
2025-11-21,-2.947581071262796,22.928218156945093,19.980637085682297
2025-11-24,-0.7009163019391451,20.342468038422517,19.641551736483372
2025-11-25,0.707169222607611,18.58503056824818,19.29219979085579
2025-11-26,1.5213601570747883,17.7478702584657,19.269230415540488
2025-11-27,1.7912541812502063,17.372224824029352,19.16347900527956
2025-11-28,1.6750963521367659,16.92943069693532,18.604527049072086
2025-12-01,0.04737249344831085,17.566053482014336,17.613425975462647
2025-12-02,1.5251724493146348,16.547519750991025,18.07269220030566
2025-12-03,1.315087325067573,16.570346476037166,17.88543380110474
2025-12-04,1.7584555572282632,16.427308660518435,18.185764217746698
2025-12-05,1.5546758858276668,16.7781145172225,18.33279040305017
2025-12-08,0.5590731750075548,18.102582980061555,18.66165615506911
2025-12-09,0.48179496367577457,17.703556354373802,18.185351318049577
2025-12-10,2.4151434206799713,15.526048681318702,17.941192101998674
2025-12-11,1.4561303451446435,16.356854463629002,17.812984808773646
2025-12-12,1.009711291790662,17.110016520461933,18.119727812252595
2025-12-15,1.7567729002644619,17.22260826769833,18.979381167962792
2025-12-16,0.7662569549059803,18.05697128618361,18.82322824108959
2025-12-17,1.7039738683032581,17.26904117128683,18.973015039590088
2025-12-18,2.766581221355125,16.156009693480573,18.9225909148357
2025-12-19,2.9782757129724047,15.335879005047609,18.314154718020013
2025-12-22,3.0575185279796457,15.054198120801363,18.11171664878101
2025-12-23,2.8696864604565793,15.259892327139513,18.129578787596092
2025-12-24,2.9492375245130855,15.05994870849466,18.009186233007746
2025-12-25,2.791919334281088,14.770051943488708,17.561971277769796
2025-12-26,2.9604143296673833,15.030345044197436,17.99075937386482
2025-12-29,13.574351623692444,15.0356063735195,28.609957997211943
2025-12-30,7.231718393143529,14.855793941285919,22.087512334429448
2025-12-31,4.9433060176385375,14.379982483820253,19.32328850145879
2026-01-01,4.4878274892707495,15.155820461400626,19.643647950671376
2026-01-02,3.106668888761895,17.41391741068115,20.520586299443046
2026-01-05,6.448788732215846,15.189077994780401,21.637866726996247
2026-01-06,2.2212277168104073,16.31413439042107,18.535362107231478
2026-01-07,2.229757182227079,16.50762138211638,18.73737856434346
2026-01-08,2.4984421690182153,15.6796347652237,18.178076934241915
2026-01-09,6.478888876001033,15.52558129966658,22.004470175667613
2026-01-12,2.4999978714678015,15.616123062370352,18.116120933838154
2026-01-13,1.8331311423598216,16.406410392811942,18.239541535171764
2026-01-14,2.6853949250364657,16.305706813082736,18.9911017381192
2026-01-15,2.834276516096896,17.095363360507402,19.9296398766043
2026-01-16,4.127110918644991,16.264397232752064,20.391508151397055
2026-01-19,4.127110918644991,16.264397232752064,20.391508151397055
2026-01-20,3.6138979825565123,17.531293326420165,21.145191308976678
2026-01-21,1.5448506836946514,17.785290713962475,19.330141397657126
2026-01-22,1.5349544886763198,17.8952498222223,19.43020431089862
2026-01-23,2.6927394420601196,16.8269747654876,19.519714207547718
2026-01-26,1.0830857381075596,17.759193118812487,18.842278856920046
2026-01-27,-0.9123656394819832,21.907952881709896,20.995587242227913
2026-01-28,-0.250108980070582,20.74529484587008,20.4951858657995
2026-01-29,2.167126060599035,18.671886625013737,20.839012685612772
2026-01-30,2.7300942341473444,20.398390742324114,23.12848497647146
2026-02-02,1.2616638439367485,19.683631544080477,20.945295388017225
2026-02-03,0.9716819433018173,20.44956236133846,21.42124430464028
2026-02-04,-0.9036196448632445,21.658965451814417,20.755345806951173
2026-02-05,-1.382316142438036,21.984786454207807,20.60247031176977
2026-02-06,-1.863858435605806,21.634624205803384,19.770765770197578
2026-02-09,-0.34686842863352396,20.46518639929095,20.118317970657426
2026-02-10,0.7634155991065406,19.169753590423262,19.933169189529803
2026-02-11,-0.6040940913047024,20.479268930064933,19.87517483876023
2026-02-12,-0.9351510139940302,22.108497411879785,21.173346397885755
2026-02-13,-0.8768282606110844,21.77712829297033,20.900300032359244
2026-02-16,-0.6788600975605483,21.636222529195297,20.95736243163475
2026-02-17,-1.0397077685200955,21.836939987696777,20.79723221917668
2026-02-18,-0.03063361705694234,21.118842682758093,21.08820906570115
2026-02-19,-0.01900536024270849,21.116557575606095,21.097552215363386
2026-02-20,-0.33930654966613716,21.433276070759565,21.093969521093427
2026-02-23,0.2913018342707332,21.30549605170356,21.596797885974294
2026-02-24,-1.719597805559463,22.620944646676516,20.901346841117054
2026-02-25,-2.085201406966,23.061259451946466,20.976058044980466
2026-02-26,-0.28406490440456267,22.705704787354808,22.421639882950245
2026-02-27,-1.7111261613345405,23.100423499201415,21.389297337866875
2026-03-02,-1.921643535184927,25.571834314613696,23.65019077942877
2026-03-03,-8.539339617681243,43.177255130976995,34.63791551329575
2026-03-04,-6.311152855999861,30.396108137552368,24.084955281552507
2026-03-05,-7.343879474465389,32.41042964024498,25.06655016577959
2026-03-06,-9.311391067661155,35.408800458523885,26.09740939086273
2026-03-09,-6.270204981356713,31.609044648146405,25.338839666789692
2026-03-10,-5.662625576325777,30.677143370435918,25.01451779411014
2026-03-11,-3.1922083576460594,28.326465728125584,25.134257370479524
2026-03-12,-5.324815861837191,31.217269573412793,25.8924537115756
2026-03-13,-4.686311308321141,30.656061466137842,25.9697501578167
2026-03-16,-3.38826226230983,29.06576630392453,25.6775040416147
2026-03-17,-1.3427533607560633,26.737336180776204,25.39458282002014
2026-03-18,-3.413963250087825,29.657897471355327,26.2439342212675
2026-03-19,-0.5245875978168115,29.66744486002046,29.14285726220365
2026-03-20,-3.6369281944270426,35.964788265865835,32.32786007143879
2026-03-23,-2.835628606521734,32.132923429786885,29.29729482326515
2026-03-24,-3.809499170280713,33.808728325983076,29.999229155702363
2026-03-25,-4.51267387802368,33.4128877403764,28.900213862352718
2026-03-26,-7.665172526622989,39.643009399413394,31.977836872790405
2026-03-27,-5.6207188515289275,39.36275718047472,33.742038328945796
2026-03-30,-3.9969133478261583,38.035068178763844,34.038154830937685
2026-03-31,-3.95064101990792,37.57648828619433,33.625847266286414
2026-04-01,2.032377423136275,32.66886372084029,34.70124114397657
2026-04-02,3.274788838888483,30.335204199635413,33.609993038523896
2026-04-03,1.1753200937013162,31.744201211143803,32.91952130484512
2026-04-06,1.4374941182626415,31.514485694546423,32.951979812809064
2026-04-07,-2.137060255396918,34.40502622231925,32.26796596692233
2026-04-08,-5.0436287932045865,34.92554449941875,29.881915706214162
2026-04-09,0.3233535835119987,29.7107049716274,30.0340585551394
2026-04-10,3.155311391442673,27.87290972618267,31.028221117625343
2026-04-13,-0.3783284049188822,26.640905281586846,26.262576876667964
2026-04-14,0.6914345018535322,26.299054284127603,26.990488785981135
2026-04-15,1.9404128211580094,24.954800000966195,26.895212822124204
2026-04-16,0.21858511640961353,24.930415119753363,25.149000236162976
2026-04-17,3.3204064334319057,24.676456295795816,27.996862729227722
2026-04-20,-0.12209884356107281,23.788059693527785,23.665960849966712
2026-04-21,-0.024731586349780343,24.67093424580823,24.64620265945845
2026-04-22,1.1787398603970978,28.30828340424126,29.487023264638356
2026-04-23,-0.6315719712597812,25.686907440589657,25.055335469329876
2026-04-24,-1.2828998303183035,25.901097832631386,24.618198002313083
2026-04-27,-1.0194928164446075,25.603784952343634,24.584292135899027
2026-04-28,-0.6059195531108408,26.431036390896512,25.82511683778567
2026-04-29,-1.5948135749031778,27.11335116262478,25.518537587721603
2026-04-30,1.564778050603909,27.227915156437927,28.792693207041836
2026-05-01,0.057567501239251584,28.874458863499452,28.932026364738704
2026-05-04,0.3865593081224965,25.420695702898506,25.807255011021002
2026-05-05,0.1816364179068266,25.46698427149483,25.648620689401657
2026-05-06,1.5324132885543094,24.533819803553843,26.066233092108153
2026-05-07,-0.7419751545489852,25.896210984864922,25.154235830315937
2026-05-08,-0.20869489709089706,25.17564577967907,24.966950882588172
2026-05-11,1.3989175763774,25.377101555882003,26.776019132259403
2026-05-12,1.9945209439603104,25.648531074432974,27.643052018393284
2026-05-13,-2.744643128043407,28.38526606765918,25.640622939615774
2026-05-14,-0.3275198309485958,28.39689621441117,28.069376383462576
2026-05-15,-0.9060912636361778,28.646298469494912,27.740207205858734
2026-05-18,-0.4280710168263049,29.55502786204351,29.126956845217205
2026-05-19,-1.5773956189823863,29.98898532899803,28.411589710015644
2026-05-20,-1.3683412537969062,29.822667124598983,28.454325870802077
2026-05-21,2.3778616412829514,29.343350017004116,31.721211658287068
2026-05-22,-1.4004613228017107,29.963201288255664,28.562739965453954
2026-05-25,-2.1769475724172906,31.690621813360536,29.513674240943246
2026-05-26,-1.8913410625355738,31.479166927062934,29.58782586452736
2026-05-27,-0.6648925163462209,31.050115238403052,30.38522272205683
2026-05-28,-1.7789847176148683,31.512216846143048,29.73323212852818
2026-05-29,-1.3718297829827435,32.21446948702826,30.842639704045517
2026-06-01,-0.5684306542721167,31.583218591545165,31.01478793727305
2026-06-02,-2.817662605442983,34.085880141237325,31.268217535794342
2026-06-03,-0.2168613399153898,31.875139905643273,31.658278565727883
2026-06-04,0.7755966446760887,31.702873586867742,32.47847023154383
2026-06-05,-1.3375538557711337,34.34974817807947,33.01219432230834
2026-06-08,-3.0499412940286135,37.06707818781474,34.01713689378612
2026-06-09,-3.5363609988937483,37.47130641517869,33.93494541628494
2026-06-10,-5.55018149884976,40.43791092721199,34.88772942836223
2026-06-11,-5.666967637257294,43.06956292670953,37.402595289452236
2026-06-12,-4.702225626559937,39.68426945295167,34.98204382639173
2026-06-15,-3.4325079707179,38.99235449450619,35.55984652378829
2026-06-16,-1.1163958635907534,36.53668503910648,35.42028917551573
2026-06-17,-1.7442877297908055,37.38572068195292,35.64143295216211
2026-06-18,-2.0242897844750374,37.10241477282724,35.0781249883522
2026-06-19,4.941734139671617,34.72758907307169,39.66932321274331
2026-06-22,5.140938471038353,34.23203661572896,39.37297508676731
2026-06-23,-2.46593046761852,34.83577644099828,32.36984597337976
2026-06-24,-3.2507519892808077,40.24814252688746,36.997390537606655
2026-06-25,0.687695483628552,36.684139842395865,37.37183532602442
2026-06-26,0.8788061088130448,36.95648601943476,37.83529212824781
2026-06-29,4.327143388881964,36.04630026366512,40.37344365254708
2026-06-30,1.5113945740861539,35.36620598744184,36.87760056152799
2026-07-01,0.2061966294914015,34.13471466396241,34.340911293453814
2026-07-02,0.8086252405693841,36.259787280487224,37.06841252105661
2026-07-03,-0.9367263273659603,35.8325682017525,34.89584187438654
2026-07-06,-0.5026138428804074,35.34353538724958,34.84092154436917
2026-07-07,-0.5246554199385258,36.022249825294246,35.49759440535572
2026-07-08,0.5863386697234318,38.002506585166614,38.588845254890046
2026-07-09,0.5845043402581709,38.001636408936164,38.586140749194335
2026-07-10,-1.5683451270595015,41.74954047458916,40.18119534752966
2026-07-13,2.9475488011957935,33.734433712241376,36.68198251343717
2026-07-14,2.2707587227900348,36.05048340498344,38.32124212777347
2026-07-15,1.0216892239596476,36.96272075334232,37.984409977301965
2026-07-16,4.612690567347528,36.80379473348555,41.41648530083308
2026-07-17,5.439500592365121,34.66395476159529,40.10345535396041
2026-07-20,3.5539966054063683,35.9071343174725,39.461130922878866
2026-07-21,2.8533642636072685,35.23929138054827,38.09265564415554
2026-07-22,1.5434537964181843,34.21046508430332,35.75391888072151
2026-07-23,1.5449271811913476,34.1447847804631,35.689711961654446
2026-07-24,2.4074955565551335,35.35434243480315,37.761837991358284
2026-07-27,1.681072023440521,33.23941478445903,34.92048680789955
2026-07-28,3.2109129180587885,33.02054868630595,36.23146160436474
2026-07-29,-1.1491636689174172,34.858294151964955,33.70913048304754
2026-07-30,-0.03863744207205144,35.29491606553573,35.25627862346368
2026-07-31,2.324956575872829,31.24758731068724,33.57254388656007
2026-08-03,0.5996467761629418,32.86902632364063,33.468673099803574
2026-08-04,-0.025161901814602317,32.01882765988481,31.99366575807021
2026-08-05,-0.14640854024601424,31.4600370445445,31.313628504298485
2026-08-06,1.8412312792576486,29.429652479826768,31.270883759084416
2026-08-07,0.9899086279930991,29.91504565239981,30.90495428039291
2026-08-10,2.0408182868079123,26.9945641267061,29.03538241351401
2026-08-11,2.413218485552207,26.920011264665476,29.333229750217683
2026-08-12,2.7574460884636878,25.658040200918826,28.415486289382514
2026-08-13,0.8027605800999922,26.436700886710916,27.23946146681091
2026-08-14,3.2239594564171092,25.500652331762563,28.724611788179672
2026-08-17,9.516813012649237,24.02125725672871,33.53807026937795
2026-08-18,2.7440905759425434,24.571729208558544,27.315819784501087
