,em_hsd,eu_hsd,us_hsd,usd,jpy,eur,state,state_0,state_1,state_2,state_3
2010-08-06,5.395099354251718,4.390084694946807,5.475478414638346,-0.0421679571173319,-0.0349847686474177,0.0512779931945872,3,0.05852695953859236,0.26215731134144427,0.06346965137476372,0.6158460777451996
2010-08-13,3.2219911382087814,3.872186532730348,4.952996281201727,0.0055764335070918,-0.0048490451825949,-0.0139565452717852,3,0.07567232161946813,0.2875451743954444,0.046994864055234606,0.5897876399298527
2010-08-20,5.229379736120933,2.978043805272345,4.99960094127796,0.0072762551540139,-0.0210941519464928,-0.0154179902378553,3,0.10074509969130478,0.27963562774927114,0.02104984055205531,0.5985694320073689
2010-08-27,6.197920120091185,3.146716283146512,4.938964017489786,0.016924208977189,-0.0145135902062668,-0.0216891477621091,3,0.14581944864068844,0.3573861606795028,0.03306793886244334,0.46372645181736555
2010-09-03,6.289706548180279,2.550638534677964,5.542620157915878,0.0210172864071631,-0.0140333310762872,-0.0292811441475348,3,0.20364965630368684,0.25286897917776396,0.03299597247077053,0.5104853920477787
2010-09-10,6.502106696608773,5.505724337527653,6.094176477296826,-0.0030138637733573,-0.023493128776974,-0.0056851597725936,3,0.07651199014166726,0.11130032199834311,0.20644285330052475,0.6057448345594649
2010-09-17,5.120704173635795,3.328226856408681,5.331111061668699,-0.0199855526125691,0.0027446858210697,0.026754800125905,3,0.27812282114068926,0.20831822264513442,0.030431621825074442,0.4831273343891019
2010-09-24,4.585437000869464,10.379589696026432,5.281286541526688,-0.0424505547515676,-0.0118524907586694,0.0568742655699177,3,0.0009454260252918452,3.0600140149138863e-13,0.982668094347761,0.01638647962664093
2010-10-01,5.287139913731254,-0.4635664320461075,5.633254533682984,-0.0488428745432398,-0.0129877831811173,0.0694789081885851,3,0.5905494966324218,3.5047713297237003e-06,0.05321028373362435,0.356236714862624
2010-10-08,5.882648089379082,0.6098857652836486,6.387629011232284,-0.0649334945586458,-0.0266723298087204,0.0996056782334382,3,0.36339543419814074,0.0007739020668687931,0.18592896174924772,0.44990170198574275
2010-10-15,5.677468477172929,3.073433298028052,6.292915796213899,-0.0535626535626536,-0.0512493157067147,0.0713519313304718,3,0.08246473328776821,0.7133682038982448,0.02519788367759468,0.17896917913639224
2010-10-22,5.382101807724549,2.055208139561427,5.518180070479858,-0.0243073047858944,-0.0336677196921463,0.0341709287673261,3,0.1641732343273448,0.25173732552739253,0.02333083262420335,0.5607586075210593
2010-10-29,3.8982032262392714,2.826805136885592,4.072943374654364,-0.0105007043155336,-0.0338882413026496,0.0114559164733176,3,0.0856200079363284,0.2721233241430547,0.011847201250392328,0.6304094666702247
2010-11-05,3.785300712881335,0.767569530452208,4.0373925554302,-0.0100866416655891,-0.0079951184614118,0.0065265724736427,3,0.22511054278149317,0.05430900446073177,0.036435911798529515,0.6841445409592456
2010-11-12,3.233606702211332,3.647597312684301,5.012386337686223,0.0134994807892001,0.012951938242212,-0.0204234923814289,3,0.14873671301221503,0.5045863953847891,0.04378582943832524,0.30289106216467054
2010-11-19,2.10788688380084,0.4568705551196647,4.422472215338076,0.0132954692138893,0.0257465896522059,-0.0190295298165138,3,0.4985525401049891,0.02031873141404387,0.03377027681742294,0.4473584516635441
2010-11-26,2.699085854434049,0.3497311082762984,4.332905243076421,0.0399896466934128,0.0462715400549214,-0.0506810035842293,3,0.45066344536637953,0.021449985156039037,0.031157970332088437,0.496728599145493
2010-12-03,2.1097750026791204,-0.1706953814107265,4.466703810362172,0.0369693011103853,0.0168575140713072,-0.044142796066695,3,0.26752026206296736,0.003642363547189552,0.02146621333414795,0.7073711610556951
2010-12-10,3.688496937606416,3.9257078265726952,5.558800971186203,0.0254866803278688,0.0172707571531642,-0.0335560667469968,3,0.09693916125374488,0.35903935016284066,0.05345122347765894,0.4905702651057556
2010-12-17,0.2253840947685354,1.770385543932819,5.2695356821242,0.0238216560509552,0.006110225843168,-0.0368246081905526,3,0.2836135489394374,0.3856909618086699,0.0975889358003305,0.23310655345156228
2010-12-24,5.163817633560292,0.2414432027047912,6.138306354610734,0.0017421602787455,-0.0146228395200428,-0.0094389488786528,3,0.526648584248216,0.0003015746945384764,0.03094687283259569,0.4421029682246497
2010-12-31,4.636429504324866,0.1427603918769779,5.994090331357488,-0.0044091710758377,-0.0177276137463701,-0.002609117000261,3,0.47908450704296773,0.00026327481737813515,0.032503076165382914,0.48814914197427123
2011-01-07,4.166352020477611,0.144210958546505,5.875776411246134,0.0117397277382291,-0.0106631321856198,-0.0238023273386731,3,0.4217843141272203,0.0003891216455087145,0.025970678947565107,0.5518558852797059
2011-01-14,4.784591468683922,0.1421689379640483,5.517481340172211,-0.0150553689187507,-0.0122058960650071,0.0147164801820594,3,0.38587354680650304,0.0005718786567200785,0.03882364708248056,0.5747309274542964
2011-01-21,4.358317543623015,0.2140487213221618,4.644543534785262,-0.028447204968944,-0.0035590279977111,0.0381155663973165,3,0.2921056451167949,0.0019857793461757595,0.03650952699394845,0.6693990485430809
2011-01-28,4.117569830469725,0.3008744270147548,3.752512816756295,-0.0113880804757686,0.0117032351959638,0.0174894428042902,3,0.3510667076091586,0.016782778074974636,0.030708138121222146,0.6014423761946446
2011-02-04,2.8298481152020907,0.2772011369217469,3.5366842712527293,-0.0366621404764843,-0.0103564559677813,0.0516293830791854,3,0.14887411238372586,0.013939335398323706,0.036231027262298474,0.8009555249556519
2011-02-11,3.087719093978156,0.2489728409311459,4.07343775474075,-0.008842849924204,0.0059070524412294,0.0128957500093447,3,0.21414058675003017,0.010042045919437645,0.024725214027460942,0.7510921533030712
2011-02-18,3.3895368185778763,0.2017495498696849,3.8294435127266886,-0.0070323488045005,0.0056907615934131,0.0057644294316347,3,0.23252189201053844,0.015351631591448556,0.030649606601561942,0.721476869796451
2011-02-25,2.814493729448124,0.2690275247165469,2.475689932860921,-0.0108793037245613,-0.0052969254185694,0.0101002681162081,3,0.17606276253329892,0.15959472908234748,0.041424036403267216,0.6229184719810864
2011-03-04,3.5236701493811067,0.1383083517050039,3.018658891277173,-0.0210148641722192,0.0012169629127478,0.0293684675401149,3,0.2727818983745413,0.036667817211493696,0.042007296485920026,0.648542987928045
2011-03-11,2.6055919352425896,0.1049922557454433,2.7648354466559004,-0.021412184552638,-0.0182766081347802,0.026607129677467,3,0.15159756684737205,0.08783942445564853,0.03173738072630791,0.7288256279706715
2011-03-18,1.7026729456602254,-0.0058272149185143,0.3474920053622299,-0.024980685037342,-0.0294968697327233,0.0352279779505713,3,0.17467460446114447,0.64171753508315,0.0872363717869631,0.09637148866874247
2011-03-25,3.974210751662843,0.5360980604029155,3.5923282301926007,-0.0137163561076604,-0.004467989284856,0.0242164206239545,3,0.18222609956895283,0.05626868971161191,0.03108284947730615,0.7304223612421291
2011-04-01,4.325075202696591,-0.1190230327063754,4.0091938666934,-0.0074607329842932,0.0216334467671366,0.0175902752949588,3,0.5064267701280268,0.0020479011331777084,0.021906064870045205,0.4696192638687503
2011-04-08,3.2733683306477666,-0.2557571940489058,4.660751434715095,-0.0222714248502214,0.0342428168519584,0.0410870268521512,0,0.704292628709287,2.8229771247732444e-05,0.00758092526878608,0.2880982162506792
2011-04-15,1.4484573968781584,-0.5293609742803159,4.677357039780813,-0.0117538298996303,0.0312616339488442,0.017843289371606,0,0.7151192066010931,6.744742629784771e-05,0.023353515430835053,0.26145983054177396
2011-04-22,5.29105511224285,-0.2653896190524697,5.803934052353911,-0.0291262135922329,0.0063939747924992,0.0335132064754331,0,0.7211317766694961,7.458249163473087e-06,0.050590906398978626,0.22826985868236177
2011-04-29,4.965626438843771,-1.1220454477032027,5.328426951176219,-0.0382434392720558,-0.0336664287413752,0.0401236736701569,0,0.689908198571067,1.8850443323608151e-06,0.04310636662036398,0.26698354976423666
2011-05-06,3.5301830906978835,-1.020150740523027,4.0985993753149,-0.0030638071133607,-0.048276681807918,-0.0117740487535391,0,0.5443303206045814,0.0002088260938234974,0.0024701133493493254,0.45299073995224587
2011-05-13,3.3889639509054548,-0.5573137418777151,4.384306768830024,0.012428170519845,-0.0281486861721023,-0.02154933481153,0,0.46821003524304416,0.0013298918409768187,0.0034432066602987105,0.5270168662556802
2011-05-20,3.691058241034753,-0.2719910991287044,4.120582867741147,0.0194594594594594,-0.0016494595454161,-0.0275487771365758,3,0.2507429429767991,0.0041435185340325436,0.011211696156887073,0.7339018423322812
2011-05-27,3.6296897159406503,-0.0897006032031139,4.141852374965483,0.0276977924036747,-0.005355164348147,-0.0322929333873801,3,0.32743646133074594,0.00918444261904221,0.007808011329056264,0.6555710847211557
2011-06-03,3.485746512861776,-0.1412862703831645,3.542086124844769,-0.0141635489043291,-0.0043406925884524,0.0228154152545336,3,0.21711070438167054,0.01100144639057904,0.028993770242505146,0.7428940789852453
2011-06-10,2.627528673655001,-0.1315755035416412,2.964052820137277,-0.0126715945089757,-0.0056937746866908,0.0160753487713338,3,0.1853286238765307,0.0319868940796027,0.030172804692642836,0.7525116773512238
2011-06-17,0.8175602446195469,-0.0829919984073398,1.8190965683935767,-0.0059650053022269,-0.0202545612843667,0.0110208406923351,3,0.20546827865366196,0.2670640730332669,0.028740010437791293,0.49872763787527974
2011-06-24,1.8831630923800984,-0.0665079801406512,2.841513395286446,0.0096064042695129,-0.0045177300575529,-0.0091454900865679,3,0.19283076195597904,0.06515982955452596,0.017392857908734204,0.7246165505807608
2011-07-01,2.417425061142512,-0.0840667374126869,3.8903266009295008,0.0077256709135269,0.0069131788739413,-0.0076518412242947,3,0.2004269871658484,0.009430855012625573,0.01937174461580379,0.7707704132057223
2011-07-08,3.641804303032054,-0.1637336799072748,4.145785599918776,0.0050802139037433,0.0038592062565927,-0.0054362977418456,3,0.2405090351611632,0.004550315046644271,0.019840618652581857,0.7351000311396108
2011-07-15,0.7106822656943514,-0.5169326778077139,2.4025912362103314,0.0018669155887451,-0.011616889840346,-0.011040458388652,3,0.1472698578476129,0.045054469689022325,0.03136290951038333,0.7763127629529814
2011-07-22,0.9501874265130028,-0.1158420930355762,2.930553930203525,-0.0194264569842737,-0.0235608633048445,0.0114845346297471,3,0.11062893369065316,0.03187197308416445,0.05078313223929545,0.806715960985887
2011-07-29,1.054664985497834,-0.11197712969076,0.252864109906303,-0.0060524546065903,-0.0504731923638513,-0.0088812392426849,3,0.18236953365266256,0.6047435614225273,0.019988521136356047,0.19289838378845411
2011-08-05,-2.278592310382064,-0.2325218547892202,-2.4361196206239817,-0.007714817770684,-0.0277779017857142,0.0008409250175194,1,0.12475227877623701,0.4777318101188007,0.39503685570082114,0.002479055404140949
2011-08-12,-14.475704664375044,-0.9402299831551169,-8.435916776983124,-0.0069213363503263,-0.03071102685624,0.0068183424009042,1,0.004974699254482413,1.0984220965027414e-08,0.9950252897612966,6.524036552452899e-18
2011-08-19,-12.4344714808502,-0.2126692227235444,-4.619559544233173,-0.0025606469002698,-0.0253388967134265,0.0028907773753135,2,0.13986515332546168,0.0008865028418817019,0.8592483438106083,2.2048234616909604e-11
2011-08-26,-4.654990921066774,-0.1347432911098774,-4.131980800327218,-0.0012178619756428,-0.0016285586122805,0.0071547652125592,2,0.21432446694347018,0.002433715978792099,0.7832366656939959,5.151383741826469e-06
2011-09-02,-1.6366049309300323,-0.1837957362066454,-0.6992368411807817,0.0021447721179626,-0.0204081658683888,-0.005356392662092,2,0.21028448512357417,0.6591462699647251,0.08738606372799829,0.04318318118370236
2011-09-09,-1.88871981704589,-0.1671084866143644,-1.88194598241008,0.0345798150381988,0.011539215273383,-0.0418611179339625,0,0.5265552394650478,0.1849487758741635,0.28374796137819647,0.004748023282592265
2011-09-16,-2.936465140146025,-0.1665820369995465,-0.0570086426339266,0.0349952709093366,0.0032660526487684,-0.0415349887133181,0,0.4632371439384634,0.41106799302617714,0.08370051355783283,0.04199434947752664
2011-09-23,-4.416755286546016,-0.3806540506083159,-1.914372827415448,0.0635415255385449,-0.0002609944226799,-0.069004758948893,0,0.9325293278599274,0.009367676375278026,0.057692517495132975,0.00041047826966164434
2011-09-30,-7.346296687234053,-0.1434690440314412,-2.7680756534645865,0.0506955591225251,0.0034505212826196,-0.0576889233043539,0,0.6463655033773419,0.017935980613045483,0.3356876651473997,1.0850862212929056e-05
2011-10-07,-11.966488668818792,-0.1754137654777892,-1.5434193725945122,0.0199507708252364,-0.0109563045831792,-0.0201787153006666,0,0.4007259140426138,0.20811511082587184,0.391158974747466,3.8404828945414017e-10
2011-10-14,0.7926273340665616,-0.0405762300831014,2.251867799172041,0.0002610966057441,0.0055991926557716,0.0056161455125185,0,0.23757423009482825,0.08332395257235976,0.0400913032784193,0.6390105140543927
2011-10-21,-2.5369802849648364,0.0318483099412191,0.2756193896578118,-0.0267515923566878,-0.0041770009368229,0.0294477164129347,0,0.26231281305542814,0.4313978111255138,0.22880212659788407,0.07748724922117414
2011-10-28,4.866450792090594,-0.0420400074712446,1.971526932044479,-0.0443029917250159,-0.0161551957639906,0.056962498132377,0,0.48627890197481344,0.10943026571734195,0.23735923965672617,0.16693159265111854
2011-11-04,1.296258459344746,0.0085105683500948,0.4425501007788895,-0.0224819001651213,0.0196141013945003,0.0312838721734254,0,0.7670306389090938,0.11877899986437819,0.060325428964088455,0.05386493226243954
2011-11-11,2.9165650280876934,0.0818121924465124,1.5730114129398722,0.0043069694596711,-0.0013595340057667,-0.0089716797578726,0,0.22407412320420997,0.4091110360963397,0.06205138920621657,0.3047634514932337
2011-11-18,1.0787499003434349,0.0914404052891099,1.3561831055946647,0.0217277486910993,0.0086513315836063,-0.0277417962003453,0,0.20198429405475088,0.38530901845332244,0.04658882267545407,0.36611786481647257
2011-11-25,2.1412966537962164,0.1415755250163783,1.739345068558341,0.0615425602770747,0.0253231370777022,-0.0646711665547583,0,0.4475440035880253,0.13483416351075012,0.038096830212864655,0.3795250026883599
2011-12-02,9.587128928832794,-0.3689409520109066,3.1626839788458128,0.0216995841995841,-0.0028119131861585,-0.0284865178312553,0,0.9120815823192264,0.03423358508920235,0.05325398715267839,0.0004308454388926719
2011-12-09,10.892523828653804,0.450735179370632,2.828457881243846,0.0218323586744637,0.0052514263485479,-0.0274859116524268,0,0.6868771983331922,0.2427210572555653,0.07039445907462734,7.2853366153455885e-06
2011-12-16,5.576069511213644,-1.4668370709693228,4.907541626342452,0.0281834486292595,0.0107862248213124,-0.0351578401983643,0,0.6851776429215811,3.2488036964172933e-06,0.027412450504662976,0.2874066577700594
2011-12-23,9.441444671068885,0.5365678894177535,5.426006633286368,0.0030116702221107,0.0042449195066784,-0.0144330675936074,0,0.8876709119528873,0.001690368015291808,0.10381912017996693,0.006819599851854051
2011-12-30,9.03100357484393,0.5483178527397513,5.214772620599386,0.019712577896477,-0.013523168621419,-0.0339849287472955,0,0.9397651220516046,0.004832968861507193,0.029601963066814296,0.025799946020073784
2012-01-06,4.582678742400127,0.5159380314954631,5.208751681603205,0.0333206155411418,-0.0069010005676879,-0.0488990242625895,0,0.2799917817679727,0.0032544386820817684,0.010813429934351302,0.7059403496155943
2012-01-13,6.557455193555559,0.6314348560913523,5.4546786046588,0.0156989783204584,-0.010863975314991,-0.0274634651528519,0,0.5547256676112767,0.005004860786566291,0.028280030281510583,0.41198944132064635
2012-01-20,12.417011385571548,0.6901675800891767,5.391059766829712,0.003628174652821,-0.0141538381137232,-0.0080506037952846,0,0.94903960112067,0.007060095786382948,0.04388076128449342,1.9541808453435648e-05
2012-01-27,10.492186727960943,0.5533249282708972,5.599922752963964,-0.0159640808181591,-0.0037032229344104,0.0215485614983588,0,0.9124039164154042,0.001982200556305847,0.0838131295725183,0.0018007534557714752
2012-02-03,8.274562992192271,0.4694558550226283,5.181774984151884,-0.0286769230769228,-0.0055201981452394,0.0332534098502417,0,0.8519495729830411,0.002097288155706948,0.09934137927519023,0.04661175958606175
2012-02-10,5.422424598270702,0.4098644526528389,4.775068742686262,-0.0295632973503432,0.0094234093715472,0.0392033129560243,0,0.6046032899700227,0.0009690966860971879,0.03381426428202835,0.3606133490618518
2012-02-17,5.680424110822782,0.6221170741523032,5.246761692548205,-0.0110944901520816,0.0330668485675309,0.0165410628019324,0,0.903559724928535,0.00048017961319779534,0.008895734850924033,0.08706436060734332
2012-02-24,10.711137931395786,0.3055241125182263,6.533806833484401,-0.0069708491761721,0.0561462088224598,0.0173893320228328,0,0.9995954218045316,1.6778206820135855e-07,0.000391853393130028,1.2557020270247288e-05
2012-03-02,8.653395638936,0.2286045192934409,6.335484422927476,0.0060821084642677,0.0683081131467531,0.0045649941035492,0,0.9989306188383796,6.763473603807625e-07,0.0005165327269598117,0.0005521720872999271
2012-03-09,13.911663334406416,0.05334715708072,6.036964791974016,0.0117557830868413,0.061743505246395,-0.0046301567421913,0,0.9980860977393456,1.8250917611417922e-06,0.0019120673116584726,9.85723465701164e-09
2012-03-16,11.162035986969157,0.2120450046466899,7.710788398254303,0.0057985629648302,0.0495536472838191,0.0017488499410713,0,0.9916381069394687,6.799411484416985e-08,0.00825513094568523,0.00010669412073130324
2012-03-23,16.190491152359115,0.0463239573790488,8.085006407851216,0.0127632418634331,0.0168558903432942,-0.0136365325307471,0,0.9793301626637342,1.7701073243399723e-08,0.02066981866668091,9.685116972903647e-10
2012-03-30,10.743351118253033,0.0041695679595107,5.131454261794966,-0.0050377833753149,0.012470077633107,0.0106411178854095,0,0.94685130804421,0.0005851767789092145,0.052189787396573394,0.0003737277803074367
2012-04-06,3.862254680337863,0.0428074885401585,5.102530312599503,-0.0018740629685157,-0.0098840591697361,-0.001334502611812,0,0.2862806957350741,0.001385037241742146,0.023645540655780464,0.6886887263674033
2012-04-13,2.941457314158513,-0.1976480184058075,4.05271889046736,0.0012532898859505,-0.0301978430197723,-0.0073627082621732,0,0.2767679006975537,0.008425751334515749,0.008190711267698578,0.706615636700232
2012-04-20,10.492075687800495,-0.1498955124103012,4.121996217483424,-0.0020163831127912,-0.0095937834226464,-0.0037293754237927,0,0.9168873562322464,0.006956572794702985,0.07592199243316193,0.00023407853988865774
2012-04-27,11.71187120916006,-0.1497165560456437,4.422912489611809,-0.0036708860759494,-0.0307311514497555,-0.0067071342925659,0,0.9616371846581866,0.0024246680262478256,0.035922823548277326,1.532376728830673e-05
2012-05-04,8.061523199715896,-0.0948588200337247,3.998606301475198,-0.0048817123544873,-0.0219256491915725,-0.0009544899205864,0,0.8884715836479663,0.018405955577109594,0.0594060160614131,0.03371644471351104
2012-05-11,7.794760649251524,-0.1233846407813139,3.273965000517012,0.0046313681311804,-0.0119856681064707,-0.0122729879564136,0,0.8300036490562386,0.06860917489263324,0.07651747041964688,0.02486970563148119
2012-05-18,6.2472370086680895,-0.1081041095156066,2.754145459885361,0.0265184998105825,-0.0310220134905296,-0.0333119068325329,0,0.8723717405939456,0.08266002962262582,0.003549586394790985,0.04141864338863758
2012-05-25,8.47475311836256,-0.1257589707932865,4.942004333430571,0.0468809554059206,-0.0073501940139771,-0.0556414802519898,0,0.977818010200989,0.0009143409189730598,0.003789476097600449,0.017478172782437473
2012-06-01,4.069309833185878,-2.12076289017379,4.312512648458535,0.0426415094339625,-0.0229804662467711,-0.0496044636374058,0,0.898693377001164,1.975799625514039e-06,0.0008200671493225438,0.100484580049888
2012-06-08,5.632827416792242,-4.66421905114902,4.616106858480296,0.0280338898579617,-0.0058779397045948,-0.0309282341100874,0,0.9801894375665647,4.801826404087665e-15,0.007638164639128596,0.012172397794301815
2012-06-15,15.525750914650429,-1.8692609121618915,4.159449050012876,0.0041825562799853,-0.0039226831917346,-0.0113431901744502,0,0.9411358361270076,9.48468431448043e-07,0.058863215401667314,2.893722009440652e-12
2012-06-22,17.795000145405012,-0.1677879548051631,5.091348242201994,-0.0016990291262134,0.0093499007718245,0.0042342414316527,0,0.9395156248169557,0.00013274345771764712,0.06035163172531541,1.1223052293683422e-14
2012-06-29,4.410348198973378,-0.0783860622665965,4.7746151912888894,-0.015200868621064,0.0229441774017817,0.0181350275443321,0,0.648910931633464,0.0001963128608747678,0.02542047838814152,0.3254722771175198
2012-07-06,7.892702147936804,-0.0292498101924348,5.061585107409078,0.0105441764634588,0.002201535061207,-0.0182943878570004,0,0.8670739282297666,0.001259600448858624,0.05445816448785643,0.0772083068335183
2012-07-13,13.67831267347716,-0.1267399552571877,4.504054698037597,0.0210706847972559,0.0064154227275614,-0.0305823706282641,0,0.9494390309523792,0.0016370112852638664,0.04892391287960094,4.4882756017902664e-08
2012-07-20,20.027022282288872,-0.0305031991733457,4.91848860352491,0.0148310235837585,-0.0240596859259787,-0.0328560063643597,0,0.9668852415719053,9.305431327232925e-05,0.03302170411482239,2.9466094942052275e-19
2012-07-27,13.627825617410464,-0.1042768788277733,4.609884893829455,0.0132304299889747,-0.0172921517814864,-0.0269747235387048,0,0.966000797796935,0.0010326591409115585,0.032966463553319975,7.950883353049053e-08
2012-08-03,5.06212892188191,-0.2469555979579603,4.480109958411137,-0.0119932837610938,-0.0148746645169979,0.0080156243642428,0,0.3885669642982717,0.0014358257665405768,0.044501286690197116,0.5654959232449907
2012-08-10,8.341090544651093,-0.001458097302482,6.0483447004837805,-0.009598080383923,-0.0118655657492507,0.0031016610210994,0,0.897290304859048,4.6631635446909835e-05,0.06423129639785266,0.03843176710765245
2012-08-17,-5.737902565737396,-0.1928425239643651,6.616416127755888,-0.0105414470531864,0.0136960139757948,0.014559513037756,0,0.5980784015146426,1.694101819887475e-05,0.40190462297905444,3.448810398712156e-08
2012-08-24,10.944118946948988,-0.1363297399411088,6.708062703224205,-0.0135412888405269,0.0031877594118916,0.015748670698543,0,0.9579863717546203,1.1563304801567732e-06,0.04163352872267644,0.0003789431922230825
2012-08-31,13.691362241294865,-0.1804135030037791,5.837054844019557,-0.0142024763292062,-0.001210626911315,0.0153386614999599,0,0.9485374818818807,1.410430952401997e-05,0.051448207257249884,2.065513453352238e-07
2012-09-07,15.693773549711668,-0.1216469681236588,5.474383744391966,-0.02786190187765,-0.000127874297394,0.0428414500183085,0,0.8645729196322735,4.23703438240194e-05,0.1353847097593991,2.645033004337412e-10
2012-09-14,12.003405391694248,-0.2330299148480086,4.748918603565892,-0.0453995157384988,-0.0147049600584375,0.0642532836062916,0,0.7171313520812833,0.0002207716787824081,0.2826359092314052,1.1967008529040532e-05
2012-09-21,8.185507693117984,-4.738220184516787,5.348119645836144,-0.0276994729746293,-0.0064823649802814,0.0373226773226771,0,0.9829302566053122,5.623342625210976e-20,0.016943488840735203,0.0001262545539527393
2012-09-28,4.201400441285345,-14.510894193424878,4.891241244603521,-0.0156384681689446,-0.0059321306285807,0.0223821261032042,0,0.9440169431970545,4.9489129757868986e-85,0.055983056716973054,8.597246098865937e-11
2012-10-05,5.141413837744066,-13.002065603388644,4.754467007222009,-0.0113395638629282,0.0051743969815249,0.0170099875156053,0,0.9519302305523519,3.1900279288973937e-71,0.048069766927007374,2.520640685789476e-09
2012-10-12,4.83242820903571,-3.652354104274428,4.035154430756055,0.0103994927076729,0.0006377958591485,-0.0134079914676418,0,0.8744981055358251,7.641672701847566e-11,0.028172057241787746,0.0973298371459704
2012-10-19,8.286473953951566,-0.0685115150701043,3.616085255109647,0.0036556157821758,0.0147764363559697,0.0032743942370658,0,0.8989877318263688,0.01947156650160562,0.07072520366256627,0.010815498009459303
2012-10-26,5.403543794035394,-2.7231687446459807,2.567002753065974,0.0016262196647482,0.0222021303901438,0.0064548742077223,0,0.9247109638087896,1.1356219730034563e-06,0.046221602220633935,0.029066298348603636
2012-11-02,6.419509363411312,0.1514168324430567,2.5740342053453613,0.0157549785732289,0.0228153826266772,-0.0150759551941077,0,0.7210174217437444,0.1795637034426886,0.06183438018557577,0.037584494627991266
2012-11-09,8.914876581546284,0.0236059795304377,2.319471561885662,0.0170704154637879,0.0133853035101412,-0.0186479286514036,0,0.6915358247617615,0.23151588108450502,0.07668818465415186,0.00026010949958167677
2012-11-16,8.399769266021355,-0.5797508211087731,3.853279320012792,0.0205978397387589,0.0249621816644201,-0.0213868837352173,0,0.9476550291840813,0.0024672066315188377,0.04320146911486418,0.0066762950695357206
2012-11-23,5.457899540506142,0.0125107816136591,3.925774228629552,0.0014986886474332,0.0347772799469277,0.0027044778425993,0,0.8087865618286555,0.003690936360152962,0.02134426257782351,0.16617823923336802
2012-11-30,13.893153288810064,0.043712889806694,3.3987282820971374,-0.0054597344583694,0.0249783801389811,0.0115287244401169,0,0.9407688588295267,0.009486620779815798,0.04974451995434872,4.3630871602396727e-10
2012-12-07,8.568313576967252,0.1252668249304935,2.950345798241875,-0.007651487103542,0.0376123026605443,0.0171138563222912,0,0.9739948961824926,0.00905009976345383,0.01663420025382208,0.00032080380023127164
2012-12-14,5.470273763731788,0.0456812040233415,3.2262391697723585,-0.0206743785380261,0.026814394442115,0.0329187428885315,0,0.851354283859433,0.0038528207968987547,0.02665689020524342,0.11813600513842493
2012-12-21,3.741963839053457,-0.0560448860805998,2.391171898430952,-0.0071081182192292,0.0220212327105073,0.0162601626016261,0,0.5480006874044464,0.03884630427188542,0.048235773693025875,0.36491723463064213
2012-12-28,2.487655781043865,-0.0149227045714336,1.3651246897572804,-0.0058640049906424,0.0428588748787588,0.0177890724269373,0,0.8766010615688147,0.025377609777906138,0.018871808930721826,0.07914951972255733
2013-01-04,3.1256931478932386,-0.0667618088311375,3.284701802766321,0.0011192637731629,0.0686791621117977,0.0110238657022394,0,0.9502849440487182,0.00038390793728778277,0.0012520657425179446,0.04807908227147579
2013-01-11,6.782972469262047,0.007896837987883,4.818361606864654,-0.0002513194269913,0.0682797077144226,0.0137506647420799,0,0.9877571105439743,2.1395368682842896e-05,0.0014149379388701882,0.010806556148472798
2013-01-18,7.02219992452383,0.0663030948236684,4.426713729107069,0.0052750565184627,0.06944857475498,0.0100094786729856,0,0.9816818472176713,0.00012731644888664,0.0032628568979069157,0.014927979435535246
2013-01-25,3.885498087006853,0.1414128229774074,4.173762068801764,0.0008785140562248,0.0569666918560713,0.0185374342677713,0,0.5054525446827319,0.00039065683472450286,0.012464578404815525,0.4816922200777281
2013-02-01,2.8476329354501155,0.1177488526520715,3.163472117348117,-0.016024844720497,0.0519001760522035,0.0436911775958375,0,0.42423704495536596,0.00019306838577000973,0.01618800331907368,0.5593818833397903
2013-02-08,3.009340427727139,0.2247544259932698,3.3989940616154497,0.0081699346405226,0.0393026507403733,0.001573741007194,0,0.3069693299871206,0.01601834526644104,0.02242821720260804,0.6545841075438302
2013-02-15,3.413879043911048,0.2206729421779602,3.554322902853909,0.0067466266866567,0.0380752664789103,0.0033034273058296,0,0.3119650797527176,0.012881753095494027,0.022985398242044503,0.6521677689097438
2013-02-22,2.2026825456426096,0.172506949767029,2.788199353124665,0.0214420062695923,0.0273883327710864,-0.0201314860899601,0,0.21707265858786215,0.08227541022854785,0.023898590888080978,0.676753340295509
2013-03-01,0.8362309793563931,0.1635865199643283,1.604843731298463,0.0387577326095192,0.0093287688680256,-0.0453445747800588,0,0.274007321230019,0.22039767237077426,0.017915574789322736,0.48767943160988403
2013-03-08,6.750884606401572,0.2957440698998805,3.7454543816026855,0.0312928562523378,0.0360899821977664,-0.0268612046389825,0,0.7539608634472956,0.05236345342597175,0.04985126584895702,0.14382441727777562
2013-03-15,15.581784773200138,0.9227191699935692,4.118036654624342,0.0192355423181931,0.0188204031438805,-0.021513824971003,0,0.8585310057614874,0.07276497534759778,0.0687040188508459,4.0069035764591373e-11
2013-03-22,15.607049054112831,0.9018870070347884,3.132225841735601,0.0131352811195681,0.0118837321342539,-0.0153898639172131,0,0.6405282164796775,0.2592754626598272,0.10019632085899927,1.4960983795498566e-12
2013-03-29,5.702853145097696,0.8218451358831789,3.5340068471896835,0.0114244044725326,0.0067313815578584,-0.0154360096763046,0,0.3508355144194643,0.2203791762416977,0.04159568355134007,0.3871896257874979
2013-04-05,2.4027032897497733,0.5160868390062013,3.099394722574035,-0.0026595744680854,0.0156720816411537,-0.0011917576503153,0,0.16871027424268206,0.09374905667953447,0.04627606802779641,0.691264601049987
2013-04-12,2.1293659397321734,0.4532097415530458,3.599705651627443,-3.3306690738754696e-16,0.0327997935239876,0.0027531355154479,0,0.2845813277398761,0.03074365869056613,0.02698729580904371,0.6576877177605142
2013-04-19,0.3536471602297005,0.1761880747925683,1.657727648153824,0.0021810250817881,0.0529544516743374,0.0049663137632334,0,0.7014717104911614,0.08101881240747798,0.025539059869826235,0.19197041723153432
2013-04-26,8.707569921833434,0.5150779890536199,2.8223633563903974,-0.00901225666907,0.0406495479356345,0.0162240162240163,0,0.9101647305439324,0.05607528033657634,0.03345303048190433,0.0003069586375870015
2013-05-03,5.930368306901732,0.3168568592773432,2.7977228224044817,-0.0048484848484849,0.0153790962607367,0.0095839267156767,0,0.5937384500893228,0.18302640087655478,0.08709338665593835,0.13614176237818407
2013-05-10,3.967139854181202,-0.5923984374524786,3.6978014632504994,0.0122975770120539,0.0326728691740723,-0.0090756558877365,0,0.4036909459921047,0.001972776208789457,0.02613369721641428,0.5682025805826916
2013-05-17,-1.0052469305098115,-1.0703683740679997,3.565459069592869,0.0186192721557247,0.0370780784845334,-0.0163193380324854,0,0.6349474091972326,0.0013742335751045526,0.06766488395788108,0.2960134732697818
2013-05-24,-17.08519126063556,0.4391803469103149,3.4688720159665096,0.0149145143688613,0.0330444704787835,-0.0074452162566681,0,0.05106677496111194,0.17298641732763909,0.7759468077112489,2.618343063648059e-26
2013-05-31,-3.1188217047140343,0.5071976140459974,2.649595767731311,0.0141291108404386,0.0146413908861906,-0.0088448341593596,1,0.350987322217057,0.5148954041122322,0.09401568417985988,0.04010158949085093
2013-06-07,0.3774933742447736,0.6524109500145663,1.962975058569424,-0.0176810199663218,-0.0400531417605667,0.0177018394520125,1,0.08841080831434715,0.5265308365492176,0.02124810226317731,0.36381025287325797
2013-06-14,0.2128082990414178,0.9255108617569082,1.9549659384282467,-0.0430860534124628,-0.0884120724735973,0.0395669444660795,1,0.0775020985181849,0.7211393901188741,0.015372499031792452,0.18598601233114861
2013-06-21,-3.054520472577912,0.9085987243008232,1.304093304224466,-0.0154121863799282,-0.0334683581794846,0.0148088002165254,1,0.08766937972029645,0.8205198393441624,0.05190571825001443,0.03990506268552676
2013-06-28,-5.646591462951996,0.9297366776895368,2.2107930589541773,-0.001441268316118,-0.0134349405383888,0.0008462189399183,1,0.10290858084407185,0.8384086694511866,0.058370453252403705,0.0003122964523376309
2013-07-05,1.5395681186183316,1.077515261849435,3.0550789300780847,0.0339169829802865,0.037469885693782,-0.0296075020797096,1,0.1995756564685197,0.16478138554290295,0.026279057717664107,0.6093639002709133
2013-07-12,-0.237933408344238,1.0218886666880955,3.313568519290305,0.0293971719176382,0.0546314560909235,-0.0209035738368171,3,0.3807290316392388,0.18516122465441515,0.05511686412164397,0.3789928795847021
2013-07-19,1.313964332506996,0.8530916758059466,3.3925983112808504,0.0025482344375682,0.0280899926547488,0.0014859407147755,3,0.18039313163289938,0.11271710011264069,0.028830308948385744,0.6780594593060741
2013-07-26,2.4544666128729027,0.8024550352312048,4.053387874308827,-0.0178012990137117,-0.0086750399631855,0.0206764027671024,3,0.11009360268031618,0.045191336827274824,0.03198465763338935,0.8127304028590198
2013-08-02,2.3413618520258224,0.8998840918672887,3.550894153592337,-0.029962103268593,-0.0220849802371542,0.0351478782683241,3,0.0813790777598944,0.08652915201434559,0.04088172579238139,0.7912100444333787
2013-08-09,-2.223832022750441,0.7832690506351035,3.9015689881771074,-0.0224123388360043,-0.0302847095273077,0.0210437710437714,3,0.3309571109743549,0.40511042234673006,0.17901236938297052,0.08492009729594459
2013-08-16,2.310873557639495,0.5238502256505179,3.4839402521607674,-0.0164609053497941,-0.0309985096870344,0.0142286475175956,3,0.1104490217740076,0.08068050291254128,0.022072151666295333,0.7867983236471557
2013-08-23,1.515603979022493,0.6681649205883385,2.362082733186757,-0.0036737692872887,0.0047826003340218,0.0077566081783266,3,0.12395292694859295,0.22978516389862785,0.03241243720625414,0.613849471946525
2013-08-30,0.6422455618965429,0.7154375089536739,2.0643608523044668,0.0021975338786472,-0.0080837669883292,-0.0045172219085262,3,0.09797227245598787,0.37879926030138,0.0253111385573336,0.49791732868529853
2013-09-06,1.0929362707052683,0.6586444788298877,2.3985515821229986,0.0125724146431653,0.0300873030645711,-0.0122161432961103,3,0.18307539661505903,0.259690122346217,0.03242062764046762,0.5248138533982564
2013-09-13,1.833240657956456,0.4105335344751903,3.0446608561142847,0.002338173763229,0.0188146211422126,-0.0026632656888856,3,0.16248804354427301,0.08701948633666991,0.0307544423149371,0.71973802780412
2013-09-20,1.1510216805428122,0.4004071182848598,2.9420921808951093,-0.0114306784660763,0.0057723429034381,0.0106112688686292,3,0.14315434718893888,0.08432530521223931,0.048129324497662544,0.7243910231011593
2013-09-27,2.130233725385319,0.3437681386426621,2.865239431024208,-0.0219271531246192,0.0009677584646012,0.0226507846473815,3,0.15862168239587907,0.05536418449213394,0.05946885174727797,0.7265452813647091
2013-10-04,0.9903285768764654,0.3918882919176088,1.4386011648597197,-0.0245891661594646,-0.0165464376276484,0.0286798179059177,3,0.11687339368714976,0.34899219575520907,0.082437299777194,0.45169711078044716
2013-10-11,0.206895682523254,0.495559875713613,0.8409906966199024,-0.0127685696746472,-0.0079503857445161,0.0186550323454188,3,0.15289966463528987,0.48032041405103787,0.0866923620318696,0.2800875592818026
2013-10-18,0.7174083400337137,0.354300371409824,2.3100448609049806,-0.0096978739276392,-0.0159089780908198,0.0118677905944988,3,0.11935237659619138,0.2502361782101805,0.031040093432651277,0.5993713517609768
2013-10-25,3.451038542281545,0.3440287454548837,3.66584664708067,-0.0137003362809817,-0.0085486473182013,0.0209288566780061,3,0.1498738242474023,0.0369271848677246,0.03043769990646533,0.7827612909784077
2013-11-01,3.052377397259161,0.3641501125798793,3.5933515548733546,0.0073630350680142,0.0124647358260823,-0.0051998819884936,3,0.1639024017888598,0.04401433025371674,0.019749185680412056,0.7723340822770114
2013-11-08,2.3721543601634743,0.3540719417945048,3.894190900617063,0.0110682750901629,0.0050722799898554,-0.0125904593117707,3,0.1514216375141566,0.033751430710867794,0.0157165430932488,0.7991103886817268
2013-11-15,2.282304148761386,-0.0570840969036314,4.217525055687181,0.0150659133709978,0.0250678902202785,-0.0138112463005589,3,0.2272962539359414,0.005894881866308563,0.021458860647332108,0.7453500035504178
2013-11-22,1.973869461463454,0.3448225895786582,3.978446676326301,0.0191943427200402,0.0395709299938413,-0.0178558493299528,3,0.24763569197167115,0.02587900889884338,0.024047378669988375,0.7024379204594972
2013-11-29,1.9384031986543384,0.3051188354342125,3.8334921807547024,-0.000495540138751,0.0380485396745911,0.0076367006487489,3,0.3020939782774662,0.01070696577620107,0.022435001129815547,0.6647640548165172
2013-12-06,0.279746524957401,0.4492852896078562,2.6651897083029548,-0.0120541205412053,0.0387080494574818,0.0249784990464796,3,0.412545647986863,0.024814724952819524,0.03167682767315731,0.5309627993871602
2013-12-13,0.7585369466118266,0.5591197174554999,2.104967037377841,-0.0079158936301791,0.0302939561810653,0.0183394464821609,3,0.2979182223560462,0.0981381731190233,0.043839012285770224,0.5601045922391602
2013-12-20,2.0630307310305795,0.6702666016023666,2.353619066916019,-0.0016107049931852,0.027647494445816,0.0083342552642258,3,0.23175257037971633,0.16150098120232156,0.03596920238625528,0.5707772460317068
2013-12-27,3.7714220627406982,0.6158852211367984,3.843674197775743,-0.0035944471988101,0.0265996388305922,0.0111474927338952,3,0.23080823264318273,0.027806279593302483,0.025963978741406907,0.7154215090221079
2014-01-03,1.5941540890365196,0.4784075347238854,3.012477989339839,0.0058515936254981,0.0189000097172287,-0.0085367188355041,3,0.14330546812639397,0.11678869125983868,0.03251022125744273,0.7073956193563246
2014-01-10,1.6153688685106673,0.5853233349713929,3.791677188864365,0.0056102730332876,0.0090098818058517,-0.0053481772538745,3,0.1422281758412519,0.06729906166030074,0.022513940374699393,0.767958822123748
2014-01-17,2.4881122642154296,0.500897590634709,3.943035145603422,0.0080665177463392,0.0023060293057888,-0.0095454046739568,3,0.14000069582724622,0.043082767522131846,0.015626769882295524,0.8012897667683265
2014-01-24,2.9393459089052856,0.6409126060942949,2.986646737759176,0.0008707550690383,-0.0273366929732813,-0.0046936399359627,3,0.14565686781357676,0.19413320729705227,0.009738024170530997,0.65047190071884
2014-01-31,-0.606576545815065,0.9430160973620568,1.0859534861626607,0.0064364401534844,-0.0268942825807069,-0.0074695514589542,3,0.1960039991518558,0.5800565000664465,0.019329330937890285,0.20461016984380737
2014-02-07,-0.8879413446879078,0.8349979207297981,1.0404176062347226,0.0003719315645922,-0.0173787806048968,-0.0025238670031824,3,0.11325942792111486,0.6340838472474177,0.037464602656303,0.21519212217516442
2014-02-14,0.8212937775358917,0.6311023752701399,3.1624778184663365,-0.0132955804505723,-0.0241096678330058,0.0111882431135073,3,0.10444911205480312,0.16836371794602897,0.029391385797334742,0.6977957842018332
2014-02-21,0.839038789028001,0.5489951017146619,2.7168481966915565,-0.0027342779020632,0.0022483992374993,0.0045329921403765,3,0.12314547520313054,0.18572070778841276,0.030591271186317576,0.6605425458221391
2014-02-28,1.2026420338762025,0.5477609486864786,2.898505132196425,-0.0199237486164064,-0.0022541284853234,0.0233928968636467,3,0.12239567647362411,0.09026573450622058,0.04646368821584784,0.7408749008043075
2014-03-07,0.3796959142087003,0.5273479636800694,2.903433595747883,-0.0120213161482215,0.0091850693765875,0.0178217821782176,3,0.17076233118309425,0.10561512356937479,0.04644349733482045,0.6771790479127104
2014-03-14,-0.8674680544515979,0.345886637096558,2.323249973101831,-0.0087336244541484,-0.0043713163064833,0.0162132554318057,3,0.2038063686683398,0.2836275990369217,0.06823045649395515,0.4443355758007833
2014-03-21,1.680585583157741,0.4017115916571495,2.6696021368696625,-0.001620139581256,-0.0025359668373567,0.0039302740274389,3,0.12538813628140777,0.1572997980106995,0.024302241928743466,0.6930098237791492
2014-03-28,1.331036411236886,0.3903452688820252,2.8342717441086838,0.0061488267034761,0.0099209272629043,-0.003586306828473,3,0.14591122821306138,0.12687378909790617,0.024069020278498318,0.7031459624105341
2014-04-04,2.5712831704510486,0.276390360583122,3.379169148358296,0.0087807325639739,4.841208365613525e-05,-0.0126098861507418,3,0.13328252922130593,0.0511255901376716,0.0160483844404164,0.7995434962006062
2014-04-11,2.104427562610683,0.2345126881536419,2.028765862461706,0.0,0.0025652409846579,-0.00212009055302,3,0.14444720873475891,0.2541675839792237,0.041846065588901526,0.5595391416971159
2014-04-18,1.907015467000248,0.214777827733086,2.558210648037168,-0.0034951941081011,0.0014667774898549,0.0015587051872256,3,0.13072454163331504,0.12118424835155378,0.03627276255109153,0.7118184474640397
2014-04-25,-1.9248049664763585,0.2420725262995901,3.0589077142960948,-0.0053629333998503,-0.0062734036862325,0.0058169126735985,3,0.34500461414023714,0.3090293291331692,0.10372802656822255,0.24223803015837114
2014-05-02,3.0331649241781937,0.0736689248103029,3.0159614383870283,-0.0111912459587169,-0.0106501428087332,0.0122236006713858,3,0.1605527226702244,0.05627665298721642,0.03280378828649524,0.7503668360560639
2014-05-09,2.9525983268204854,0.0248976135925961,3.273938069507415,0.0056639395846442,0.0024602666929094,-0.0090385307886207,3,0.15858996656963034,0.03428614676808015,0.021780921835164904,0.7853429648271245
2014-05-16,2.485099732517606,-0.7708410015221367,3.547244873108042,0.0026305900037579,-0.0087389542547479,-0.0087224031849435,3,0.18662392118586743,0.0018109288980062833,0.020269642206679067,0.7912955077094471
2014-05-23,4.014821052552149,0.1491569863855634,3.3552109281338054,0.0080250783699058,-0.0019575217774299,-0.0143858888165979,3,0.19828316837409476,0.04470725908608461,0.025329897256302063,0.7316796752835185
2014-05-30,4.115856748765706,0.1548898886030925,4.129112134820043,0.0106891348088531,-0.0039144688555072,-0.0172668613243932,3,0.20635341439412264,0.011264072692572536,0.01561677907974028,0.7667657338335646
2014-06-06,3.3006136923832314,0.1337109103430115,3.9473458058458006,0.0063829787234039,0.0060864870171304,-0.0085032159598821,3,0.17521685324166136,0.014871420781357347,0.019372375989681844,0.7905393499872994
2014-06-13,3.4135335882682023,0.2124394103768018,3.76497297491951,0.0067466266866564,0.0054176516942474,-0.0110993464529555,3,0.16349253532175087,0.02293429059323603,0.022267026176580544,0.7913061479084325
2014-06-20,3.421652198783941,0.368092289566033,3.85367296295079,-0.0002487871625824,0.0010297146219475,-0.0025304386093589,3,0.15374199778662345,0.027738715630402276,0.02447657196791918,0.7940427146150552
2014-06-27,4.072148412218259,0.3537881251398029,3.826870250516424,-0.0043548587781511,-0.0040280984427958,0.0013205194042988,3,0.18569008509312487,0.030124278248040957,0.03186936034153951,0.7523162763172946
2014-07-04,4.181905124218872,0.1356287744973457,4.205727039197126,-0.001741076980475,-0.0035614968044102,-0.0034451163643026,3,0.21198448836980016,0.007708684996889805,0.0318642247122603,0.7484426019210497
2014-07-11,3.827767168765149,-0.0492962913226339,3.501277276355819,-0.0048399106478034,-0.0067600666209461,0.0049104670481816,3,0.21692297553404177,0.02340557598268772,0.027788281272977625,0.7318831672102929
2014-07-18,3.78135426430166,-0.1141029610774448,3.082034488273841,0.0018663680477786,-0.0072495713935831,-0.0055149086363468,3,0.2238112339151336,0.045042811147786146,0.027382192035065023,0.7037637629020151
2014-07-25,3.982151554301199,0.0001296466829376,3.464726804022677,0.012621844538865,0.0045869297163996,-0.0159352333504284,3,0.23496505811559537,0.03101325730650961,0.019515903180832385,0.7145057813970627
2014-08-01,2.675629299860301,0.000681648917693,2.0208423882919666,0.012831693036003,0.0049941245593418,-0.012136368651392,3,0.2432859953036346,0.21510926445335227,0.02882592481436191,0.5127788154286513
2014-08-08,2.021866776591163,-0.0170710595863127,2.0519189222641145,0.0157126823793487,0.0067074373643718,-0.0145491953854066,3,0.22718302449774586,0.17976984773683075,0.02473880999790699,0.5683083177675163
2014-08-15,3.999581871175521,-0.2399406410202011,3.463227002629626,0.011177347242921,0.0101149652143881,-0.0092794558024326,3,0.28819548357179386,0.017673215742523285,0.022919839902940532,0.6712114607827424
2014-08-22,4.841186395624615,0.1440854311725615,3.8288343996352254,0.0161668517832904,0.0206696779261583,-0.013996947474221,3,0.35158660151198484,0.027126369057814216,0.026874438423624067,0.594412591006577
2014-08-29,4.679274056594344,0.0742716571322915,4.293462734183133,0.0178351783517836,0.0140797037903148,-0.0221883027437549,3,0.2896310282049903,0.008349298992360211,0.021182181988940455,0.6808374908137089
2014-09-05,3.694211803103396,0.0708347499734347,4.211455482757421,0.0281154082259054,0.0297864001567702,-0.034337484154798,3,0.22737655481460856,0.008216106810180665,0.021650611851245626,0.7427567265239651
2014-09-12,2.437644801148646,0.1571544249249164,3.4787974337630616,0.034635224760501,0.0486029699101209,-0.0323904769012611,3,0.2833720724136267,0.029739719893530445,0.022233339930025537,0.6646548677628173
2014-09-19,2.587359523641501,0.0003965960745855,3.6339863006688176,0.0291474374544571,0.0490644090624849,-0.0312983727866499,3,0.3109113317957764,0.020686601406258748,0.02561450193391948,0.6427875648640453
2014-09-26,2.3065373289496653,0.063660666316197,2.8887760220981686,0.0349244712990939,0.0500600528465047,-0.0341138397106415,3,0.31935954447824616,0.05977896108265732,0.02609655140305972,0.5947649430360368
2014-10-03,1.1930979748311976,-0.2313799029269592,2.477647217229063,0.0352280869357537,0.0444338725023787,-0.0334736110574882,3,0.3190037806267986,0.05745107521350729,0.03107811925646275,0.5924670249032313
2014-10-10,0.9938512433834668,-0.2699424841313405,1.70968619474399,0.0198243114909784,0.0031210695486096,-0.0259930582337063,3,0.17238682899820928,0.186703407874678,0.025822158621032185,0.6150876045060805
2014-10-17,-1.931064403008231,-1.1459667684812167,-0.2180233453862761,0.0043662969081899,-0.0199000412673665,-0.0051835684776677,3,0.2940089049624766,0.5522564468644843,0.06834730967586708,0.08538733849717199
2014-10-24,0.3156410455512265,-0.0643163089914804,2.5938019251109763,0.0010509107893508,-0.0102941849293133,-0.0011037092514488,3,0.18122151471387088,0.130957245731373,0.026612405454338663,0.6612088341004175
2014-10-31,2.563202069725845,-0.0568195036571893,3.178456498134783,0.0026531318491176,0.0232759406030791,0.0005991851082527,3,0.23463469524774574,0.02030837959554654,0.02719694126864324,0.7178599838880644
2014-11-07,2.139288176814809,-0.0402230540417057,3.672213308309762,0.0201373530438828,0.0638060741153523,-0.0137393094710167,3,0.5257739191765739,0.005894044092726678,0.0155535524532051,0.4527784842774943
2014-11-14,3.292356916363129,-0.0244256254928842,4.224802765898256,0.0284337915638583,0.0879999999999998,-0.0187267384916747,3,0.7710174061768023,0.000924315188505862,0.006981408007263785,0.22107687062742815
2014-11-21,3.641359183889029,-0.0045970779398405,4.049709094228538,0.0300944826781754,0.089219674556213,-0.0220985754311194,3,0.7945233090266487,0.0018963194613969467,0.00744022449198739,0.19614014701996701
2014-11-28,3.830913485109849,-0.0187883485008281,4.6594641475699365,0.0165669581224114,0.0562207878922766,-0.0057886542376939,3,0.3808633553354206,0.0008288563990538001,0.02095712501918442,0.5973506632463412
2014-12-05,2.79860118067817,-0.0544036848591673,4.018393394827459,0.0192834322227293,0.0601100052383443,-0.0135693925890238,3,0.43075535235878487,0.0038348457249950192,0.017524549930122427,0.5478852519860976
2014-12-12,1.7737002811242113,-0.1126256851782798,1.8483098085237837,0.0094824631554899,0.0216718266253865,-0.0049107677566175,3,0.26679528147227344,0.14448160543883876,0.04408578120160466,0.5446373318872831
2014-12-19,2.437416753361608,0.0182760396549234,2.8055685701306814,0.0146076322047334,0.0143875732111027,-0.0130745329082764,3,0.19048728822524813,0.07189746292926358,0.020897025139027258,0.7167182237064611
2014-12-26,1.702228583477251,0.2512135019554555,4.051654354400526,0.0188999547306476,0.0148769386378964,-0.0221249598458079,3,0.17853568030612443,0.024249415361798834,0.019010392845523826,0.7782045114865529
2015-01-02,3.6499277301539017,0.2516198052981017,3.0791848172365137,0.0195902832195233,-0.0075766934321596,-0.0230352854991655,3,0.254676686748918,0.09340511591538003,0.009076034434162696,0.6428421629015392
2015-01-09,2.674557040545186,0.2168885116935171,2.4450909975679056,0.0405160706201899,-0.0022727272727272,-0.0497913657518857,3,0.28586587300454525,0.0568021098184616,0.004397984481764957,0.6529340326952282
2015-01-16,0.5151032215968435,0.1862528238561125,1.5653242646622347,0.0325892857142857,-0.0156060415882179,-0.0538905016968558,3,0.06552662227839572,0.04249188593103678,0.019159777441286073,0.8728217143492815
2015-01-23,1.734249631679397,0.2606307740949872,1.901874402241715,0.0525380428745976,-0.0218429467214815,-0.0795384552211226,3,0.10144142642799076,0.0017683543806661186,0.0016680777587788046,0.8951221414325643
2015-01-30,2.3251265176831266,0.2354487318676462,1.90082083224458,0.0408432147562582,-0.0253101531056803,-0.0594876067485942,3,0.2876199125450354,0.024065499566258964,0.001915653259851299,0.6863989346288544
2015-02-06,1.8433136297819157,0.1153947433061119,2.607529362066716,0.0425277354796609,0.0037965072133636,-0.0444200481357935,3,0.40876213897213765,0.07436301807078147,0.0062994255331965095,0.5105754174238843
2015-02-13,2.68045680910338,-0.0215050919504939,3.5298738877326223,0.0181582360570689,0.0094780686841209,-0.015903885215437,3,0.2020617777055589,0.027077514235850475,0.015228021365127761,0.755632686693463
2015-02-20,3.056586507694308,-0.0026002051130582,3.74730005569288,-0.0044322498944699,0.0106559116960305,0.0153907922912208,3,0.16681950316335148,0.007477689273770546,0.032972035578474335,0.7927307719844036
2015-02-27,3.711568201458277,0.0783216242821182,4.2501715507177,0.0054852320675107,0.0177514792899409,-0.0082384727820344,3,0.23779550136459768,0.005639408189747604,0.030180564694298577,0.7263845257513563
2015-03-06,3.33331172067833,0.0383307999801491,3.608116373330335,0.0184663536776215,0.0156328794755422,-0.0416243206221554,3,0.054485015086238306,0.003204196036793113,0.37748508494263244,0.5648257039343361
2015-03-13,2.0356017755130686,-0.0314047136457528,2.546822055812392,0.0650743099787687,0.0222306429202983,-0.0782135171929206,3,0.2612902945325341,0.015852938769100502,0.0056494683643647965,0.7172072983340007
2015-03-20,2.690476867039936,0.0270697800220272,3.379580283387324,0.0378418486326053,0.008443249600941,-0.0490751724440928,3,0.1557154670194621,0.01660572464854261,0.007537228624036775,0.8201415797079585
2015-03-27,3.2177761907517697,-0.0853504583301191,3.4472295249033977,0.0206672261854807,-0.0033879872845907,-0.027421731945871,3,0.1949032005486106,0.021242352120590918,0.009767902006879527,0.7740865453239189
2015-04-03,2.478218909770731,-0.2067539335487637,3.3132922800481763,-0.0109608686744521,-0.0154336312479312,0.0123103877541612,3,0.1653410181056182,0.018238277041135988,0.027696252449730306,0.7887244524035156
2015-04-10,1.681811544468801,-0.5914058825666896,3.72742182001853,-0.0098674374563938,-0.0096379587297665,0.0103858980466888,3,0.21277496965164913,0.002183573196085927,0.031780591730851,0.7532608654214139
2015-04-17,2.5563854993712978,-0.5055211291620484,3.69083096495548,-0.0039832499233991,-0.0093306119048609,-0.001386065422288,3,0.1763713707187657,0.0025421666993153303,0.029665635049453267,0.7914208275324657
2015-04-24,2.3208781263721834,-0.3003819694522551,4.01901689759773,-0.0038030630075036,-0.0012590758383348,-0.0013316802130689,3,0.18280235849073664,0.002206233333920474,0.03676898332974747,0.7782224248455955
2015-05-01,2.4547761286882186,-0.209909108802811,3.476654545898375,-0.0129466597617815,0.0100861525530573,0.0203588996174164,3,0.19856645636171957,0.004104066266606236,0.03205996026786476,0.7652695171038094
2015-05-08,0.3637227317067339,-0.2749734550899297,2.997436351157428,-0.0458022951479766,-0.0034934497816592,0.056629573745756,3,0.27424927053285686,0.0009124423100817851,0.08958863778651051,0.6352496493705508
2015-05-15,2.0403813907526764,-0.1573908955592092,3.430237507317284,-0.0449138638228056,0.0031535130134972,0.0597298047561765,3,0.2228029210291514,0.0002863163050397397,0.04950245657032857,0.7274083060954802
2015-05-22,3.047564396343112,0.1271268815379211,3.625516283220923,-0.0083574081716878,0.0215153170567719,0.0131966157807612,3,0.251846391151927,0.008968426807585863,0.02914713066817925,0.7100380513723078
2015-05-29,2.421459734901541,-0.122884799351662,3.1356211404912897,0.0168940188877229,0.0330351570626172,-0.0190599473284828,3,0.24307838223043354,0.028402836799195197,0.029158811765475818,0.6993599692048954
2015-06-05,2.0825444871848324,-0.0741899480833375,2.596496428420623,0.016035446777086,0.0485789407787653,-0.008166361729662,3,0.39469389100462754,0.027932414972171284,0.027618702514169535,0.5497549915090316
2015-06-12,2.462066680580803,-0.0300138903119425,2.7198003268233117,0.0196478419583421,0.0343281079721686,-0.0159790438768828,3,0.2671989021770498,0.0535732940914138,0.02761554666871542,0.651612257062821
2015-06-19,2.1492449244956964,-0.1339439381679383,2.5883912375070754,-0.0210175840183125,0.0092969682010777,0.0304515543453598,3,0.22291437458898627,0.013950152008100868,0.05010385072603051,0.7130316226768824
2015-06-26,1.8400747128984336,-0.0325985040965221,3.0356149339270964,-0.0148591476627798,-0.0023359780901365,0.0161994903531126,3,0.1500998645358677,0.02441734933786821,0.041497015009707344,0.7839857711165568
2015-07-03,-0.505477747581699,-0.0547371691311461,0.3920618889602132,-0.0020766275568477,-0.0223681592039802,8.998470260057623e-05,3,0.12967894004367939,0.6677689269629796,0.04512719470823019,0.15742493828511084
2015-07-10,-2.8609918771772778,-0.0150969562277155,0.4306373454135531,0.0111614193955986,-0.0051059691210439,-0.0093171835485156,1,0.26079015831942537,0.6202559260628931,0.06545666028155908,0.05349725533612245
2015-07-17,1.2988507188581386,-0.1252586351552146,3.49053864636432,0.0400680199808693,0.0114122681883024,-0.0461111600458026,1,0.25629632835884325,0.020907218559785605,0.008524635722339377,0.7142718173590318
2015-07-24,2.752246708388725,-0.0634804279004548,3.639307886417118,0.0185398554519742,-0.0002825885107587,-0.0162994805660039,3,0.2447537437593356,0.027783742077356986,0.012239510603410208,0.7152230035598972
2015-07-31,1.1568093117222582,-0.1486745590231152,3.4849079604320368,0.012797835813131,0.009160118877987,-0.0113370523663847,3,0.20781156409432808,0.024338979918791012,0.02209494777706037,0.7457545082098205
2015-08-07,0.274992878567842,-0.1377313901514647,3.212723461300898,0.0159325210871603,0.0119750722984806,-0.0175556451251734,3,0.22957542190657507,0.04842391453805925,0.029957720865453473,0.6920429426899123
2015-08-14,-0.3355444899261364,-0.0359326376321092,2.950673927935065,-0.0136930308604127,0.0019343139230301,0.0255782815457776,3,0.23790802558180396,0.0344534609997501,0.08915018511068282,0.638488328307763
2015-08-21,-3.0744176394947846,-0.009943603197194,0.555404740614905,-0.0229329494035374,-0.0144968502665159,0.0369173343044426,3,0.2806285080473281,0.2612917981467862,0.37954935930128303,0.07853033450460266
2015-08-28,-14.933699313202094,-0.0869266375789551,-6.103105709129012,-0.0126361208136428,-0.0179522349523963,0.0174281033855114,2,0.01971738224679533,1.3720412311231094e-06,0.9802812457119731,5.164532640577183e-16
2015-09-04,-7.200433681801274,-0.1503232081314501,-1.283429375115628,-0.0136326363263631,-0.0420205272690682,0.0162738751880386,2,0.20036315861426726,0.6350335226047431,0.16453684106813662,6.64777128528859e-05
2015-09-11,-4.947118813734736,0.0292712086941015,-0.347156060110494,-0.013779527559055,-0.0300446446526967,0.0209787061630577,1,0.2140383986146573,0.6120606094239096,0.17051507018513884,0.003385921776294285
2015-09-18,-2.9939828879797816,0.0398576107572302,0.4004874370101731,-0.0015787811809282,-0.0166359352591682,-0.0073752140129064,1,0.07502453512450281,0.7470872552288957,0.1159205309403445,0.061967678706257065
2015-09-25,-0.431669861214673,-0.1594380175223804,1.033719226099708,0.0016647591301632,-0.009325062646346,0.0013417415805716,1,0.2067231927572936,0.4366947220089789,0.052001613403901775,0.3045804718298258
2015-10-02,-2.5923480557020264,0.0303764744858987,-0.1859123035238297,-0.0041567078873532,0.0075627074492667,0.0057414551000269,1,0.2064781234873842,0.571414936795381,0.17327113016558113,0.048835809551653564
2015-10-09,0.0949211299947862,0.0773150249483314,2.915772387351836,-0.0039920159680637,-0.0025294410349976,0.0016314652321531,1,0.1655777245690089,0.08642353793794093,0.04977959682101618,0.6982191406720338
2015-10-16,0.5115154917032868,-0.3739747356251748,3.649338345254912,-0.0033733923676996,-0.0045835243135132,0.0036265534474371,3,0.25225842583827973,0.00977810943040977,0.039030239174499194,0.6989332255568115
2015-10-23,2.318167973377443,-0.2890107288168081,3.748440746058368,0.0089332086839097,0.0073395256261401,-0.0158113359238911,3,0.15919029360917322,0.005053824949257022,0.027779227971875292,0.8079766534696945
2015-10-30,2.4343263734642213,-0.1503160598651511,3.392367142078516,0.0116873630387144,0.006004753763396,-0.0183302113995184,3,0.14316431306590033,0.015972785748544906,0.022673772726288483,0.8181891284592663
2015-11-06,-1.089637657206478,-0.2078587089110449,3.563904441719014,0.0459867102626303,0.0239866971523592,-0.0543229441803132,3,0.5163419625916864,0.04964264130873231,0.04628226935277894,0.3877331267468024
2015-11-13,2.731673417181187,-0.1718118621162901,2.5423238329980604,0.0471757986037657,0.026790573067102,-0.0499713568060634,3,0.3258599343005598,0.05196336980397199,0.015652827934280356,0.606523867961188
2015-11-20,4.148399400579826,-0.0651057244379728,3.0792632036734267,0.0251209718933387,0.0118964310706788,-0.0337190832766054,3,0.2546742902721892,0.04625723504017794,0.027608163476039706,0.6714603112115932
2015-11-27,4.935795132727195,-0.0549835544622162,4.149299425532149,0.0316658071170703,0.0184041450777201,-0.0374812593703146,3,0.34722278756138786,0.008113829664609808,0.017412322236564064,0.6272510605374383
2015-12-04,2.9418976354892274,-0.1346944746674311,3.261456290362758,-0.008268629625895,0.0001217927898666,0.0135462247462991,3,0.18259268985205204,0.016997042866633387,0.03196968782760563,0.7684405794537089
2015-12-11,0.99551024444457,-0.2423600897401705,1.5606194091330092,-0.0144444444444445,-0.0145134330792127,0.0194814230715714,3,0.18139521328462394,0.19888578793076853,0.06979327157633916,0.5499257272082684
2015-12-18,2.476279264931518,-0.1291279254585518,1.5974468986310826,-0.008737571557698,-0.0137498982995687,0.020852902498591,3,0.2557107811387343,0.24322996471053432,0.11148325576378482,0.38957599838694645
2015-12-25,3.5816665048877128,-0.1556380556788404,3.575541177206856,-0.020355928814237,-0.0196996214742154,0.0362503540073633,3,0.17834748226893316,0.015517259089029106,0.09842344110630585,0.7077118175357319
2016-01-01,2.8370801337594536,0.0206922445903969,2.9651284165610514,0.0028571428571431,-0.0231378120560177,-0.0024342075047075,3,0.23107364335023534,0.11344599661670993,0.012608628509477629,0.6428717315235772
2016-01-08,-14.801317310286526,-1.747668789981491,0.2854276057889429,0.0099415804038129,-0.0282132958259213,-0.0052777651394513,3,0.630911117035292,0.2027652549652743,0.1663236279994333,3.9987195510888787e-16
2016-01-15,-4.804159734345491,-2.8708907759554494,0.2470923007061558,0.0026342451874366,-0.0342765220260683,0.0045086492454911,0,0.9262435911241267,0.009271321791456686,0.06152389111404793,0.0029611959703688727
2016-01-22,-2.7183019879413477,-3.863921361664704,-0.1482310282326664,0.0161863161332462,-0.0136184347104008,-0.016397922929762,0,0.827141510168871,0.0005063283311615732,0.10820490324746726,0.0641472582524999
2016-01-29,-0.2917404490387497,-2.0261513987548647,1.2743036528356375,0.0099258853707249,0.0060669021400374,-0.0021639042357274,0,0.5213956066924148,0.004816229108645275,0.08697338681589535,0.3868147773830445
2016-02-05,-1.3188210002108811,-2.4381962363543286,1.5504903923917994,-0.0153237264055207,-0.0047252139117108,0.0208114165485067,0,0.5221299897318797,0.00020924680365583706,0.13821776121115623,0.33944300225330826
2016-02-12,-3.2764130657433244,-5.238582686768732,-0.1129260255570628,-0.0305173807599029,-0.0328022893264424,0.0314646881011271,0,0.4297075723851409,6.7054001449380886e-09,0.5519199007840018,0.01837252012545716
2016-02-19,-0.8839160697281236,-3.977873357801717,1.6987717713117192,-0.0298282615245555,-0.0523214210548469,0.0312586829674912,0,0.8012675115159333,1.553971493501084e-07,0.082956024335682,0.11577630875123522
2016-02-26,0.3086442784953405,-2.957631737168246,2.3056926622918232,-0.0146571629354481,-0.0582792945355418,0.0089973699995384,0,0.7367978108581476,1.5002031922229022e-05,0.01394008417934945,0.24924710293058075
2016-03-04,-0.1639481058710451,-2.219801137121616,2.8113933156496613,0.0031948881789136,-0.0268605645851156,-0.013890133524509,0,0.34927764738597067,6.042264320695354e-05,0.03326115454370041,0.617400775427122
2016-03-11,0.5254861841587519,-1.7746071413759434,2.7955323163455112,0.0023973316656242,0.0052108633252374,-0.009546645353226,3,0.2495254099056838,0.0001916968713396508,0.07526010165348916,0.6750227915694874
2016-03-18,1.1825263077738364,0.467081552104975,4.065092440067532,-0.0156314699792959,-0.008883361463978,0.0121693834478422,3,0.16035656184546168,0.021555817754536664,0.06847130003860732,0.7496163203613943
2016-03-25,1.9609801529015545,1.2259058123350388,4.720005533526399,-0.0204788588894551,-0.0081578947368421,0.0212182184013167,3,0.137030095538178,0.048786083156205175,0.06281663899035728,0.7513671823152597
2016-04-01,1.4622628679400074,1.135759881004977,4.711348824778601,-0.027943291555373,-0.0184159634317861,0.0348509632860776,3,0.13636765866062214,0.05944980806326822,0.08092738047538078,0.7232551528007288
2016-04-08,1.324806874442101,0.8235779343053377,4.188506020386386,-0.020068628470417,-0.0506084435267758,0.0222810006276339,3,0.23273314942826373,0.2714480009538621,0.0220030868902709,0.4738157627276034
2016-04-15,0.5251807145005472,2.2539633737618945,4.465382834891473,-0.0041013776422337,-0.025141166980371,0.0011535048802131,3,0.08803617988359592,0.5970972137354518,0.02721480073426182,0.2876518056466904
2016-04-22,2.722123460035329,3.3433415047725275,4.484688889762592,-0.010609527771999,-0.011320420978155,0.0060451370231058,3,0.03686920157055217,0.2933402537053639,0.05119813503200957,0.6185924096920744
2016-04-29,2.692776190002429,2.6095397333307413,3.860811597529696,-0.0162756288311141,-0.0474633949760444,0.0060153677277716,3,0.04376606925778032,0.19187439216092753,0.02618834786519631,0.7381711907160958
2016-05-06,1.4664947809309845,0.1323453399516385,3.755092225197232,-0.0037139219015278,-0.008606728055157,0.0003069771521291,3,0.14907416378866606,0.021584910745667315,0.029795176067755908,0.7995457493979108
2016-05-13,2.1084073162087806,0.8050679402897505,4.136019819441871,-0.000950369588173,-0.0013791201213625,0.0022157227687671,3,0.12567486965851538,0.06466184604100468,0.02328946079706534,0.7863738235034144
2016-05-20,-3.421952593501106,1.2866890084837177,3.775280174704352,0.0022077375946172,-0.0146703640754985,-0.0008456847821247,3,0.14817852707081855,0.8015013394057859,0.04656465442033284,0.0037554791030627943
2016-05-27,1.7228288747329583,2.3222566008861163,4.747233038653131,0.0262140094542329,0.0363841489211675,-0.0297660614525139,3,0.1342647301035273,0.40564247122687547,0.036532145900352656,0.42356065276924443
2016-06-03,2.694266489184342,1.8773334073390229,4.908257126253995,0.0014911066141225,-0.0056009334889148,-0.0033318719859709,3,0.09596026255878314,0.19079113681044768,0.024358424244812067,0.6888901763859571
2016-06-10,2.5118356194101485,-0.5333943002210535,4.524351554650475,-0.0004227882887645,-0.0150071352943883,-0.0050406791651927,3,0.2656830451931814,0.000538302042835091,0.022238061005734704,0.7115405917582488
2016-06-17,-0.2451273559067807,-5.622256047936856,1.9110168528778464,-0.0117486625406483,-0.0546981389014979,0.0047220242337844,3,0.931768913328627,9.727322012110279e-13,0.023088008649976774,0.045143078020423506
2016-06-24,-13.943930062212656,-7.210551320317957,0.6542032605683219,-0.0007328308207704,-0.0726175896947429,0.0001799370220421,0,0.9969336020307529,1.4898983310487787e-14,0.0030663979692319276,3.659043377688212e-16
2016-07-01,-2.8438048769271007,-3.689680636862538,2.8106890225283854,0.0172285440816759,-0.0375498709223185,-0.0203219846925312,0,0.9911986577437636,1.6648353469032846e-07,0.0030770247209596204,0.005724151051742056
2016-07-08,1.0787624715064132,-1.0455905798004337,4.387030045499334,0.0182933276937717,-0.0601953544889468,-0.0174651142120702,0,0.9917974671179743,0.0006490274943886506,0.00012303906907554048,0.007430466318561351
2016-07-15,2.163463693508735,1.26361273604109,4.441750574730787,0.0251565651204757,0.0069147659063624,-0.0213709319854572,0,0.18871940173140744,0.15389667523615233,0.018399731168602714,0.6389841918638376
2016-07-22,3.177847723998859,2.4746532710903386,4.982425117058159,0.0211629125196435,0.0376112687078156,-0.0127282540253664,3,0.10599000179033459,0.2079991227458661,0.034060266464540266,0.651950608999259
2016-07-29,3.5951412804315823,2.9785005584725357,4.981089652356289,-0.0012545739675899,-0.0044867105584006,0.0033674568965516,3,0.04729035666692225,0.34136952988525243,0.02508831749956344,0.5862517959482618
2016-08-05,-14.91563116937279,2.241558275941184,4.974454450442044,-0.0011422637590863,0.0125814311999601,0.0028042878465781,3,0.006906091369190498,0.6449528851025096,0.3481410235283,1.5765123253933572e-24
2016-08-12,1.7243061878897603,3.7761845854673823,5.08883286320286,-0.0089045351004349,-0.0337641279984738,0.0113265675969556,1,0.04569917308458489,0.6541591795251754,0.03915916450962559,0.2609824828806142
2016-08-19,3.210676280109207,2.66139483532418,5.20265925459569,-0.0303683184569609,-0.0551967947207164,0.0319347637920821,1,0.04932081054076057,0.5128149408078654,0.03345834826757583,0.4044059003837982
2016-08-26,0.1681746044174659,2.356650400487206,4.744034820271378,0.0004187166335183,-0.002253465928575,0.0021926880565621,1,0.0887760954626345,0.6766009749648753,0.048851560355524765,0.18577136921696547
2016-09-02,0.1228665512747511,2.998823233791829,5.032561367172617,-0.003638631874415,0.0214124349278066,0.0063596590140273,1,0.09950176859260747,0.707384625218735,0.07557853506710963,0.11753507112154808
2016-09-09,2.069801338123322,3.8275518415320406,4.808119527912297,-0.003969912244045,0.0137209417106756,0.0064062360003582,1,0.05536480518726949,0.4025928138147133,0.06194336184646346,0.4800990191515536
2016-09-16,0.450173497644592,1.6869667955558216,2.767842505265956,0.0169294254576235,0.0207044502095392,-0.015098004591206,1,0.12674569129717558,0.39231648945608205,0.03043947854534571,0.45049834070139666
2016-09-23,2.6767266612550897,2.8441964579832044,4.149688878573856,-0.0009417181123784,-0.0082486375018411,0.0025004465083051,1,0.04488229134132587,0.33026410719852817,0.021905292660166373,0.6029483087999796
2016-09-30,2.154522243976332,2.6165382171466764,3.870743001517616,-0.0039649415692822,-0.0254351379940377,0.0076192183578345,1,0.05138021807488292,0.4371387044967714,0.01803283964456608,0.49344823778377944
2016-10-07,1.7561061271747649,2.2184492064135304,3.628083548372567,0.0135305223410948,0.0021422659331031,-0.0028043623414198,1,0.09710408150463398,0.2862950695734118,0.0473484114054477,0.5692524375165064
2016-10-14,-4.972413851325192,2.2510015258041767,3.149617729124203,0.019873062116325,0.0185737328315165,-0.0164948453608247,1,0.13155573185332642,0.774829850833077,0.09337693036612832,0.00023748694746817572
2016-10-21,1.94033170680592,3.0906885046250303,3.1476912630372853,0.033724340175953,0.0281202039704937,-0.0304649919828968,1,0.1950928629954826,0.09643134698586771,0.04652504418975321,0.6619507458288965
2016-10-28,1.9120384630204683,3.20084597637925,2.4665378211514164,0.0302744605070186,0.033154077655533,-0.0225958544613469,3,0.28395932723985845,0.03574259159265757,0.09869341324539992,0.5816046679220841
2016-11-04,-18.626478173287133,-0.9652806689997836,-0.8072235491695977,0.0045534513091174,0.0021862702229995,-0.0056244978126954,3,0.054410765278856396,0.1830750042429028,0.7625142304782407,5.652545211591629e-23
2016-11-11,-6.841724955176424,-0.7936344726651651,1.025024933542701,0.010610079575597,0.0238495129324822,-0.0104821802935011,0,0.4419671832443299,0.2956761356060689,0.262095696920811,0.0002609842287902763
2016-11-18,1.2752324385155014,0.8136936849782718,3.728900930319952,0.0254305977710231,0.0685221746039388,-0.0271958838662257,0,0.5386306570045463,0.14235144823658694,0.02908788415153327,0.2899300106073335
2016-11-25,2.147925060377734,1.430610553821457,4.614795854723889,0.0319267920691408,0.0799866291008073,-0.0364066624192227,0,0.579400394333942,0.21033008941226136,0.03224283893574268,0.17802667731805402
2016-12-02,1.09972428602928,0.648104954904861,3.963866238294554,0.0381168229113011,0.1012216404886561,-0.041793858861555,0,0.8564005708915059,0.07655211286790314,0.015010780571728029,0.05203653566886297
2016-12-09,1.864707013204658,3.5373031169288893,4.922007705672833,0.025540076721179,0.0817397825271841,-0.0270817980840087,0,0.2598604783852739,0.6628253004549342,0.020701738445505075,0.056612482714286726
2016-12-16,1.0681338685765496,5.242709286511412,4.3430489819023705,0.017191977077364,0.0634520054078413,-0.0129391764261428,0,0.45557743100504955,0.07449861945934447,0.19387579882920056,0.2760481507064054
2016-12-23,4.416814971872265,4.795158086548113,5.255675615795456,0.0149768450093608,0.0377608772550406,-0.0123264380844432,0,0.10388125773457449,0.16824065995795218,0.08446888387171575,0.6434091984357576
2016-12-30,3.6036814053620008,4.481090902629677,4.636542627845982,0.0142899672521583,0.0291864764923404,-0.014663855703912,3,0.09283738917798731,0.14400920511760654,0.071971430345334,0.6911819753590722
2017-01-06,3.286490527565657,4.478161325779899,4.599000066563625,0.0062013977753714,0.0132149046793761,-0.0027456921037684,3,0.055175228949845445,0.11455967594638974,0.06829942517990337,0.7619656699238614
2017-01-13,3.4197644535023315,4.255207706497045,5.002879620843077,-0.0171928120446818,-0.0293245190270361,0.0184671323318339,3,0.026603284817306838,0.27625226407938436,0.0631857225044037,0.6339587285989051
2017-01-20,4.289894138540756,4.12973226534891,4.657873563893072,-0.0220366954664598,-0.0232211333617382,0.0235738535838947,3,0.02554339900317333,0.21623140784217568,0.0736846159407955,0.6845405772138555
2017-01-27,4.21879315146438,4.315864472033242,4.41943375190136,-0.0164367478720283,-0.0155267547799307,0.0174020540129324,3,0.03136251107795867,0.1485043700564792,0.07942328354125319,0.7407098353243089
2017-02-03,3.404094242392399,3.756959785441583,4.030357531700863,-0.0229896302093524,-0.0360915116527689,0.0238298680337982,3,0.025577940183760584,0.2280123121379452,0.05407041162087022,0.692339336057424
2017-02-10,4.038486915459911,4.213376493055375,4.50575850157863,-0.003755682941293,-0.0114817078494718,-0.0002818489289743,3,0.04339572321513138,0.13758381640235737,0.06038577735360219,0.7586346830289091
2017-02-17,4.439062905050564,4.866154868618348,3.885490885333376,0.0020845741512804,-0.0152671755725191,-0.0083154255816128,3,0.06728481010580842,0.015354801234347851,0.09814415074683486,0.8192162379130088
2017-02-24,4.519379667554137,5.103019373464826,4.232378276386439,0.0055704764746842,-0.0251129648939868,-0.0127114683615293,3,0.07471142934576247,0.00723904067040847,0.06210103027288221,0.8559484997109468
2017-03-03,3.027681482146723,4.93323262572728,4.322523390527799,0.0167217382597375,0.0116232642739897,-0.0149295252225519,3,0.0849831647223617,0.02172648794859837,0.08878032967191885,0.8045100176571212
2017-03-10,2.4896028934523518,4.797963511378224,4.531602320987979,0.0044642857142855,0.0135582740802897,0.0029132600319516,3,0.05397707821348346,0.06102614074070912,0.1266796616473412,0.7583171193984662
2017-03-17,-22.834477598299934,5.009509590404868,4.41352075434334,-0.0064388311045072,-0.0014174972314507,0.0116826832485399,3,8.86092789923007e-05,0.009756999264992815,0.9901543914560148,9.612984685161693e-50
2017-03-24,1.601861780240921,5.423180764932492,3.6029970183559774,-0.0144425759224454,-0.0075318655851678,0.022342137650289,3,0.03385333544172445,0.0034368342488052326,0.2895470338333419,0.6731627964761283
2017-03-31,3.968740236099303,4.347906638807099,3.825017224157162,-0.0117195194012214,-0.0229794325308072,0.0027299256330601,3,0.03735141652877159,0.054745530273895275,0.15030659283926462,0.7575964603580685
2017-04-07,3.2652492808768683,2.7242071531196776,3.261514743274166,-0.0006913580246915,-0.0320697167755991,-0.0076836581709146,3,0.05851732239935682,0.19338576236570032,0.0207604123951924,0.7273365028397505
2017-04-14,0.1514621881930417,-0.0533717554164092,1.9180747808806764,0.0025922233300097,-0.0361531295745908,-0.011780592289067,3,0.13599554078646062,0.21507829342690854,0.01910032338721338,0.6298258423994174
2017-04-21,-0.8768544135407387,-3.054668682865038,1.4133658210065383,0.0035129980929435,-0.0202972742377297,-0.0065746828410039,3,0.5324445846557411,0.00013864974944396042,0.06483173302900709,0.4025850325658079
2017-04-28,3.415004566821281,2.4188447461357248,3.6037740889060528,-0.012954658694569,0.0013465595403743,0.0230003755163348,3,0.047731504682413765,0.20341281500747538,0.040361559069952445,0.7084941212401583
2017-05-05,2.8888901677646146,1.964974343172869,3.393200756380905,-0.0250049416880806,0.0149005131898805,0.0384796978281398,3,0.08460443998623358,0.057973880541578704,0.039418700810626275,0.8180029786615616
2017-05-12,2.601555508046309,2.415693864681393,3.8502079714937465,-0.0130270485282421,0.0433081737849778,0.0301088441784853,3,0.13039255448904713,0.032083628124425556,0.025236762026025622,0.8122870553605017
2017-05-19,1.7983482530341397,2.07331982769981,2.892845937199381,-0.0284056811362273,0.0200760874547372,0.0446495152870993,3,0.10459398765425355,0.033488262940833916,0.04705664636035567,0.814861103044557
2017-05-26,3.1940433754871096,2.331543366769408,4.140753385545259,-0.0162544169611307,-0.0017929983414762,0.0262457557125816,3,0.04107226773725046,0.1880603103212186,0.03613349471017076,0.7347339272313602
2017-06-02,3.851458096182042,2.6867749675241277,4.118587426996887,-0.0195641155600608,-0.0204923486360609,0.0258695157990453,3,0.03292879615810821,0.32352889988536826,0.034448052071088885,0.6090942518854346
2017-06-09,4.030256460844515,3.2908055333405715,3.908296992933288,-0.0199496221662468,-0.026467863602276,0.0241972372152599,3,0.03099817800253307,0.3072321717699463,0.044179249880847954,0.6175904003466727
2017-06-16,3.2898059014840277,2.466650172954157,3.816928713102739,0.0002058884084825,-0.0036845652662322,-0.0008476844829122,3,0.053320363327619365,0.3033895632339212,0.020784784012979403,0.62250528942548
2017-06-23,5.007478318998113,2.8061514005859243,3.8690703355393614,-0.0018472906403939,-0.0004939602137502,0.000983635875883,3,0.08154274066560392,0.39723120234731246,0.0377479312630855,0.4834781257239981
2017-06-30,3.513571390032422,1.4182406638609484,3.635797521772903,-0.0112696443341605,0.0177964950414344,0.0127636943804292,3,0.17169783152438753,0.15169289823592788,0.03913208385903493,0.6374771863806497
2017-07-07,2.940947756143964,1.8312966464439464,3.346901645259732,-0.0129536342140432,0.0321718247315239,0.0183555892992719,3,0.23657362449892785,0.17990179829587813,0.0293885251884227,0.5541360520167713
2017-07-14,3.7003823793405175,3.4222601639965857,4.012771400524026,-0.0206875257307531,0.0150182654579897,0.0242464835900868,3,0.0842438118555023,0.2537710370307125,0.058166993262103756,0.6038181578516814
2017-07-21,4.191322961015198,2.8617278308725287,4.083586572558947,-0.0349578449516759,-0.0014826129930808,0.0418974450598532,3,0.0653512587501379,0.1686838851635002,0.06836616720496268,0.6975986888813993
2017-07-28,4.1556533431269145,2.199698199208485,3.90071389358653,-0.0247830178814179,-0.0152607225484959,0.028531419569403,3,0.054912647226292625,0.2641759401732519,0.045968406934494686,0.6349430056659608
2017-08-04,0.9155837429689434,2.5536800184243207,3.7912894010769,-0.0257264868242891,-0.0281838535493216,0.032541005174985,3,0.03373123707241769,0.46669184750906195,0.05506918824487258,0.4445077271736478
2017-08-11,1.9966512862438104,2.79803826143015,2.646625483618513,-0.0218602207041516,-0.029725406558251,0.0306478332897375,3,0.04116734976602211,0.26657646959172865,0.07566407726298752,0.6165921033792617
2017-08-18,2.367628505566178,2.2543104776115004,2.5878570766382105,-0.0045812912848923,-0.0173678290213722,0.008488382062934,3,0.06865789426191182,0.3560094004547395,0.02979737503881684,0.5455353302445318
2017-08-25,3.092446448676656,2.35100428914792,3.365702078657013,-0.0055758095646578,-0.0118375276736095,0.014805990469707,3,0.05291047891510824,0.30864316223998084,0.03484397318238497,0.6036023856625259
2017-09-01,-1.1703408525307766,2.295874913386468,4.335758409919302,-0.0078041479580927,-0.0037945521073314,0.0073904179408763,3,0.08349648707625637,0.7680429424150186,0.07806704762643718,0.07039352288228788
2017-09-08,3.213391407470628,2.773559854432578,4.37504699556311,-0.0184807134414954,-0.0122727480881073,0.0181464405059006,3,0.039725872054494286,0.2835816120003512,0.04115409418054132,0.6355384217646133
2017-09-15,4.673905735725814,4.156307223450369,4.881619188185839,-0.0166969924007277,0.0151105819863546,0.0153885393640536,3,0.0872448426701877,0.31650247946894805,0.1114583084522325,0.48479436940863185
2017-09-22,4.832557023188429,4.720480230354811,4.827151726988985,-0.006146215225361,0.0240501120204836,0.0023478115042763,3,0.12115510570727638,0.23512854234711486,0.17505399513532705,0.46866235681028157
2017-09-29,3.430212000268257,4.68407121298482,4.725203766833667,0.0029091692705527,0.0201786604997054,-0.0037945863900834,3,0.07377290044734157,0.14751793599153917,0.09792357293453481,0.6807855906265844
2017-10-06,3.880435663160536,4.056543082572124,4.74636378707397,0.0268199233716477,0.0445083221289814,-0.0250103863730785,3,0.13763873485247957,0.19037209148471437,0.05089188202409864,0.6210972916387073
2017-10-13,3.98258363511223,3.9604585530039342,4.43617041611066,0.0132796342658105,0.0091118228156434,-0.0100477267018338,3,0.0714959456720492,0.1359813226108102,0.040191958602057216,0.7523307731150835
2017-10-20,4.402486779720736,3.8646658303351153,4.143213519110483,0.0165997613106219,0.0136625440907263,-0.0141375271875523,3,0.09864973416911574,0.12119605051562851,0.04244189174656968,0.7377123235686861
2017-10-27,3.174928468849477,3.1231475093393177,2.9949361266733883,0.0197679415556513,0.0106231665036893,-0.0172676485525649,3,0.14525450401883597,0.1186644803985484,0.03798222628736384,0.6980987892952518
2017-11-03,2.6246523392464542,3.5781563151514413,3.713795603261085,0.0121535181236673,0.0126947489901905,-0.0106528038179648,3,0.07781433060393907,0.15572957499989173,0.039164693617453034,0.7272914007787162
2017-11-10,2.86364411528935,3.169321660745374,4.117587309858028,0.0139649801267589,0.0150194448169505,-0.0133637824579206,3,0.06908490792113298,0.256380815802978,0.02601545199043041,0.6485188242854585
2017-11-17,3.678566284751838,3.643627916783297,3.8349987105111367,-0.0004268943436499,-0.0125974540809583,0.0008485362749257,3,0.05426273080869521,0.17138595318248875,0.03409080307547992,0.7402605129333361
2017-11-24,4.275171910007666,4.021522605255177,4.7073475701748,-0.0225453013063631,-0.0188239433522452,0.0276055124892333,3,0.023186433781081216,0.23524379028977743,0.06672042759405329,0.674849348335088
2017-12-01,2.622036684620011,3.693188564118804,3.819356148152779,-0.0215925847903938,-0.0172255095332017,0.0242914979757085,3,0.027812733070873667,0.19854307685471154,0.06482270010338857,0.7088214899710262
2017-12-08,0.2311774523593385,3.572158632860221,3.876186992436264,-0.0051912278843095,-0.0004403928304047,0.0085297899699954,3,0.06923274801731766,0.45444915341305103,0.09394184611021958,0.3823762524594117
2017-12-15,-9.994223384739996,4.365746975602782,4.464217022622772,0.0028827674567586,0.0044609002096622,-0.0034760491733786,3,0.017886111544621757,0.5149503240467515,0.46716356440835427,2.724618855592226e-13
2017-12-22,-0.9059096094077403,5.789683897844169,4.551358505743592,0.0061435654235828,0.0154646106952347,-0.0060349524328402,2,0.1321651412112291,0.025216796673701948,0.7845578654271067,0.0580601966879622
2017-12-29,2.0781591580938263,5.00681582933541,4.3381158008869765,-0.0082893745290126,0.0051288912675049,0.0089984021528883,2,0.05452417026717398,0.06633989883156034,0.17820995089386824,0.7009259800073974
2018-01-05,1.7077621331966948,4.012071515441527,4.574647347629641,-0.0207667731629392,-0.0035687535797684,0.0225678949381615,3,0.039356030976118755,0.33012740070476215,0.11084109171660443,0.5196754766025147
2018-01-12,3.076563713974317,3.957219765779981,4.070268868664495,-0.031512828702225,-0.0137229648709865,0.0368385230559809,3,0.023750759474750638,0.14215764273214562,0.09173152415171155,0.7423600736413922
2018-01-19,2.8462326000125824,3.739142000427933,3.043088027356442,-0.0297803963577933,-0.0220270150966717,0.0306109541678962,3,0.03301848854073593,0.12447456337289134,0.1355991882336897,0.7069077598526831
2018-01-26,1.987947184764025,3.814997811260821,2.986804879031124,-0.0331089882761616,-0.0352309535430626,0.03525587597933,3,0.02519392243585201,0.10831373191089677,0.13671192082655903,0.7297804248266921
2018-02-02,0.4491486296861283,2.373684027959243,1.3102472432803132,-0.0299075584556826,-0.0263088079235939,0.0358686616791357,3,0.07662672503065447,0.24688286799446896,0.20901936771633844,0.4674710392585381
2018-02-09,-7.327079247540482,-4.168520370531011,-6.903908639484614,-0.0058260965153348,-0.020217939481268,0.0039386231230003,3,0.0015270621939828023,0.005287331425481489,0.9931856062177272,1.6280852938983585e-10
2018-02-16,0.0761427710479402,-2.434408703897489,0.1205584940986469,-0.0162305399138789,-0.0402617919205596,0.0150963466022993,2,0.5105102325671382,0.03687006195115456,0.20729843643685059,0.24532126904485663
2018-02-23,0.9474342761444688,0.3289123492510292,0.8919609213987965,0.0090939710340181,-0.0168330037253365,-0.0102648740037032,2,0.17607343420656132,0.5501110358650457,0.026641811648457355,0.24717371827993545
2018-03-02,0.6196421453356429,-0.4750326378767863,0.8703975486467158,0.0082959641255604,-0.0395531538077288,-0.0115555912209605,1,0.313910040309761,0.45343803188358445,0.010110890119961973,0.22254103768669242
2018-03-09,0.6925415666498893,1.3350405937287548,2.126593753076871,-0.0038699690402477,-0.0183831977572497,0.0058847568451163,1,0.08211321356750785,0.4692954240894902,0.02552802287823555,0.4230633394647666
2018-03-16,1.4174813310729717,2.204281277369786,3.130948112654637,0.012682379349046,-0.0028218031322014,-0.0094309205223277,1,0.0991089313319973,0.32848142982425155,0.020695122778831367,0.5517145160649197
2018-03-23,-0.4348085757432022,2.012139214198202,0.5121053754421542,-0.0044503782821538,-0.020068297703139,0.0048399560743481,1,0.21969008371205187,0.3201952187816227,0.17013097783394168,0.2899837196723838
2018-03-30,-1.2686301335306922,0.730802025161157,0.060446076357573,0.0003335557038026,0.004964539007092,0.0004059265272984,1,0.18754269355819406,0.5819964252533381,0.13191597630665522,0.09854490488181267
2018-04-06,-2.965523164119923,0.537689783541585,-0.450675834365191,0.0002220002220001,0.0012641041247249,-0.0019501096936702,1,0.15392650527563992,0.6300469335926552,0.1891230815221213,0.026903479609583593
2018-04-13,0.4679827826843805,1.7202924816684315,0.6500972345041165,-0.0047655990247147,0.0125453945196434,0.0034176906176253,1,0.17802410380616324,0.49787819475510786,0.15700496724149848,0.16709273419723028
2018-04-20,1.0601746423935672,2.933589297278019,2.273527947760844,0.0093875726419312,0.0279262936795876,-0.0052618797053347,1,0.2029904625773922,0.18192331651411903,0.07608379981274085,0.5390024210957479
2018-04-27,2.0768149462327585,2.697911066333135,1.475268466308192,0.017450261198177,0.0260644554222533,-0.0156218299857983,3,0.3624690616556965,0.13689270551424262,0.11348851532097462,0.3871497175090862
2018-05-04,1.9373464033134795,2.599046715406241,1.9504164393968888,0.0272999667073576,0.0205274478630879,-0.0262965073679068,3,0.28310948212774356,0.11556107316221524,0.05777190658025826,0.5435575381297829
2018-05-11,4.21003570711274,2.979031449008221,2.813413256275586,0.0305122494432072,0.0190973030881735,-0.0313843159516665,3,0.28881282539620606,0.11705677963628329,0.04406010116913706,0.5500702937983736
2018-05-18,1.6458886682809954,2.9278811928435657,2.6730780613782974,0.0367581930912312,0.028700134677007,-0.0415445963541665,3,0.20017701408561414,0.10942778025633516,0.04635696755352553,0.6440382381045251
2018-05-25,2.069247789411363,1.7403549077337903,3.1814422047335387,0.0289490932925495,0.0032096840753814,-0.039406430338005,3,0.08377176087009816,0.13022669630750258,0.013630755251706811,0.7723707875706924
2018-06-01,1.316026542761214,-0.249656932888325,2.638350858462089,0.0175002700658959,0.0038487972508591,-0.0250418060200668,3,0.12801883575779022,0.047622496131937586,0.024174115479518556,0.8001845526307537
2018-06-08,1.6666230502737445,1.235998500114719,3.398899698730422,0.0109141992651824,0.0014168837698251,-0.0147354320160749,3,0.08654404380908688,0.2133259864310088,0.01755090129932773,0.6825790684605766
2018-06-15,1.93854297456012,2.247306931563701,3.619995124281202,0.0122810764630498,-0.0007223150196379,-0.0143069412014434,3,0.07089067273174747,0.3021269588932731,0.01595763904782682,0.6110247293271527
2018-06-22,2.214314798581792,1.6942126062527696,3.384406698458136,0.0035035566408323,0.00525618172677,0.000429110882252,3,0.0753065296732715,0.2668616721998352,0.02044239254103948,0.6373894055858538
2018-06-29,0.4867830436780487,0.6580588061724718,1.7636235967967633,0.0047775772374987,0.0103610388424846,0.002101110587025,3,0.18293662207920705,0.28647538753393637,0.05053087123961855,0.4800571191472381
2018-07-06,0.5197371234275465,0.5747933579454646,2.8361475128432305,0.0052378407268842,0.0083067092651754,-0.0017845003399047,3,0.15206294397079564,0.1873387896158251,0.031050374851820634,0.6295478915615587
2018-07-13,1.4786693692630473,2.3761695929414017,3.842298298633722,-0.0004219854415021,0.0153602891348541,0.0065897148763889,3,0.07256456773617076,0.315742006741976,0.03246824696216748,0.5792251785596858
2018-07-20,3.749905991516722,2.714956957623506,3.918138365024245,-0.0007405840033855,0.0130944803128125,0.0054044779960538,3,0.06587106485971317,0.2817190308247984,0.027422536076576215,0.6249873682389123
2018-07-27,2.4209279228192857,2.813023750628679,3.6573321316203766,0.0004226542688081,0.0032977954463315,-0.0023534445870776,3,0.051422681320873215,0.3131668490354691,0.030373952742060825,0.6050365169015969
2018-08-03,2.224025494275371,2.786571600893053,3.5633759406824224,0.0116971501488727,0.0072877059569074,-0.0152804971482082,3,0.06452165012587147,0.27637362728527265,0.02613686794971296,0.632967854639143
2018-08-10,2.3567009837623707,2.342212823800789,4.259225082914903,0.0169920844327176,-0.0127697441601779,-0.0234906508065551,3,0.0954040976854627,0.19604146105330816,0.01021442706059715,0.6983400142006321
2018-08-17,-1.8321432432918925,0.3143662217301216,3.1947696219559147,0.0174695606140815,-0.0081231487299165,-0.023976109215017,3,0.37733793968937257,0.3332444862545804,0.04876837400392467,0.24064920005212231
2018-08-24,1.4868164720494406,2.137115671794393,3.9756498654006,0.0049640895648499,0.0017110180557431,-0.0029594681535491,3,0.06992641097920005,0.3734156498364247,0.02245467908518534,0.5342032600991897
2018-08-31,1.329821528468706,2.147965365256813,4.173578263054299,-1.1102230246251563e-16,-0.0020221992540331,0.0028960449535335,3,0.06841846794716765,0.40465606099047796,0.027018173651853737,0.4999072974105005
2018-09-07,-2.249781533451857,0.0237603244243509,3.6162007227996975,-0.0102739726027398,0.0012168739859381,0.0124441328542634,3,0.5906005878559513,0.06579252229482947,0.19932999989887604,0.14427688995034316
2018-09-14,4.903335287510309,1.523428186763114,4.204848045256749,-0.0121748178980229,0.0140265146373468,0.0167409738613515,3,0.2041951854127623,0.11984712230809574,0.04195678642920588,0.6340009058499361
2018-09-21,1.6140172067582312,2.1356973762554223,3.953189402663084,-0.009774040987914,0.0120465680765946,0.0109266110298544,3,0.08564236918947228,0.3012155467201466,0.03947517259275391,0.573666911497627
2018-09-28,1.1787686313311705,2.1133345398540038,3.7722009296501433,-0.0001051082615095,0.0239103025936602,0.0006895957245065,3,0.10854560982342965,0.39235320288376413,0.03586953518280371,0.46323165211000233
2018-10-05,0.2727300990047731,0.8731690951013636,3.127997887869585,0.0026213694033763,0.0238127391402207,-0.0025101705184797,3,0.19400070203358685,0.22827971053392748,0.04568617265914785,0.5320334147733379
2018-10-12,-2.2591017153393613,-0.0706849486477736,-0.7504888523425333,0.0030548825450329,0.0013386283521483,-0.0058037057736123,3,0.12985258252364124,0.6763033382217389,0.16610032875196695,0.027743750502652938
2018-10-19,-1.949431188125645,0.2429546429105304,0.1916775148582914,0.0158140522182126,-0.0002220741727737,-0.0200425531914894,1,0.16144456548212732,0.6754634016729799,0.06839773524939288,0.09469429759549988
2018-10-26,-3.103856610609102,-0.9437499157130006,-1.8954260940992955,0.0129296751813308,-0.0157438761599015,-0.0177448531311912,1,0.16677064285382645,0.678538698280315,0.1489116978145465,0.005778961051312043
2018-11-02,-3.2683936399084352,-0.9058576571581776,-1.5253155927501454,0.0096214181133651,-0.0045286669011607,-0.011888233252343,1,0.17296737904909168,0.6331482014464225,0.1856119180651244,0.008272501439361412
2018-11-09,-4.722851820787568,0.7358410453376593,0.7193615955147944,0.0177483721907159,0.0144824205694933,-0.0196315834990919,1,0.18054213746608044,0.7156598015028319,0.09876946745203152,0.005028593579056119
2018-11-16,-8.913012788549347,0.1030775882426148,0.1456133584669046,0.0079406540591369,0.0025322079075964,-0.0082070432932392,1,0.1560219887404202,0.6695049797362884,0.1744718023819074,1.2291413839744842e-06
2018-11-23,-2.2810033227070114,-0.0606718547590506,0.3153673731513379,0.0058115400581153,0.0093382780036637,-0.0053933175480137,1,0.2127764953507627,0.5939785588675368,0.10671101422059619,0.08653393156110427
2018-11-30,-1.6861191503435726,0.3455424208660922,0.5492971421536609,0.0075616324839444,0.0023850536637073,-0.0061473610257313,1,0.20049419474030195,0.5942029141004492,0.07570587433131148,0.12959701682793734
2018-12-07,-2.0495575614217088,-1.3904357449918507,-0.9175725763556508,-0.0041275410174388,-0.0096196081876481,0.0037050105857443,1,0.22427032675475284,0.4749351057936498,0.2572398225382297,0.04355474491336755
2018-12-14,0.1167572961754494,-0.4025647864253788,-0.1622624930258055,0.0100549393593862,0.0048743740860552,-0.0096760070052538,1,0.23594792394557587,0.5737182682386522,0.09778584488610781,0.09254796292966408
2018-12-21,0.0274389507944768,0.8835918020640054,-2.0847519750290813,0.0004127115146512,-0.0152722443559094,0.0024247233611074,1,0.367612249000365,0.06884723703091213,0.5609319731097997,0.002608540858923255
2018-12-28,-1.0877007350645678,0.9860934176725497,-6.4443726563039805,-0.0089441760049343,-0.0282000440625685,0.0106918794733585,2,0.008999584015591821,3.7730584877146585e-08,0.9910003782333917,2.0431643350926802e-11
2019-01-04,0.5845196551017381,0.1549575605929444,-1.3417755762035029,-0.0034193347839601,-0.0372998625094245,0.0014941114431357,2,0.18434824164491256,0.686087231762415,0.11970606760049951,0.009858458992172825
2019-01-11,1.4919244163307432,0.9376817615760432,1.1067505395717354,-0.0181650246305418,-0.0426423248225072,0.014103187585658,1,0.0624725149456755,0.6412196222664501,0.04985556549854588,0.24645229728932844
2019-01-18,2.224063747614127,2.109842195517984,1.598286996065299,-0.0063943894389438,-0.013036637446617,-0.0005277509015744,1,0.07080338797945601,0.4324791320604157,0.11301957777404888,0.38369790218607935
2019-01-25,1.916291570759932,1.9775542230724252,0.9557223711844716,-0.0063278008298754,-0.0066198141011108,-0.0020545549921314,1,0.07917668654555168,0.4762523047646082,0.2461573298992804,0.19841367879055966
2019-02-01,1.5019622264077677,2.077529615404841,1.31489932352073,-0.0062383031815346,0.0088915507233022,0.0053532250987273,1,0.14397911916290743,0.4488909325692994,0.11477928070579324,0.29235066756199996
2019-02-08,2.00950229427288,2.1010592451333734,2.2528877620721315,0.010139019546357,0.0109166282818975,-0.0120760310401953,1,0.10300928928832714,0.36944930310603624,0.037231311590120594,0.49031009601551595
2019-02-15,2.53932162529584,2.0701021586125785,2.1175378317054,0.0058127465227322,0.0065588704167613,-0.0059843351227668,3,0.11426816991473372,0.3880155242930797,0.04215860640496916,0.4555576993872173
2019-02-22,2.592327689659588,2.457483157434223,3.036535811602679,0.0075164422173505,0.0104979688712398,-0.0062201585702397,3,0.08061398467528691,0.2979143402389827,0.027095596184430533,0.5943760789012998
2019-03-01,0.6664691065471384,2.976403620690548,2.965540476418902,0.0099393178489224,0.0221014658203568,-0.0069395949720669,3,0.13002269712478484,0.29270167403419517,0.058598708315442234,0.5186769205255777
2019-03-08,1.30912015971346,3.4313212953529737,2.3590128739618823,0.0069329470198675,0.013031393812366,-0.0079431622611533,3,0.1415797231467198,0.12141884576305018,0.10171548219917793,0.6352859488910522
2019-03-15,0.4722508342220924,3.339847270428232,3.4346146178610013,-0.0030959752321982,0.0087786777682248,0.0027003098716245,3,0.07728965365516105,0.40163556959554225,0.08130399359252737,0.43977078315676915
2019-03-22,2.246011013161353,2.1761272593309235,2.6351384631797297,0.0014506268780436,-0.0069560504087807,-0.0026006082778683,3,0.06683201949660296,0.34472480769434793,0.026065206071391272,0.5623779667376577
2019-03-29,-2.54589093740144,0.7875532055920761,2.3758423208148614,0.0077696053040503,-0.0094714738864316,-0.0139322287170923,3,0.13676845039749938,0.7131121146837354,0.05557844507316341,0.09454098984560193
2019-04-05,2.050125608749076,2.341980454119483,3.608346331663006,0.0009248792518754,0.0051275131561192,-0.0021796183443796,3,0.05697435180979007,0.33833466496944514,0.0260593994062152,0.5786315838145495
2019-04-12,2.7745133658784296,2.811176273653375,3.736329390111548,0.0038302277432711,0.0050239985645716,-0.0020308154165378,3,0.05628810461870239,0.28543359401752677,0.024338429123070483,0.6339398722407003
2019-04-19,3.0040191422224813,3.818733855829692,3.719005536664322,0.007553026383859,0.018148737775756,-0.005789287608273,3,0.08339188509309882,0.1442587874270838,0.05134098165960466,0.7210083458202127
2019-04-26,2.237878236175989,3.604864263917031,3.4949344376323666,0.0075041118421053,0.0066753867664965,-0.0061508290247815,3,0.07397376643098963,0.14673246657569777,0.04574360905168677,0.7335501579416259
2019-05-03,2.4968291264232407,2.7884580084900983,3.054578794153536,0.0012320328542094,-0.0056383407168746,-0.0012482168330953,3,0.06106096147527704,0.26574514930079085,0.029195177823761267,0.6439987114001707
2019-05-10,-2.422882938822144,-1.1305802744610258,-0.5221584301347824,0.0037124883984736,-0.0185672840883732,-0.0059721300597211,3,0.21685973112856247,0.6264505352504738,0.10107375175773284,0.055615981863230884
2019-05-17,-2.4133921716413136,-0.3398164384783705,0.3592630439650194,0.0063668104333538,-0.0163956397426733,-0.0080455171800685,1,0.1969903000917806,0.664856810116908,0.052516879407579244,0.0856360103837323
2019-05-24,1.003654608955041,0.1716390934190204,1.3460856181282712,-0.0040812162024285,-0.0205206326448317,0.0049780249349717,1,0.13660556134606153,0.4625622277191715,0.03542630386010083,0.3654059070746661
2019-05-31,1.0686973435619032,-0.0634591295056136,0.7689469416764847,0.0023584905660376,-0.0254714009270509,-0.0029459025174075,1,0.17901175532948901,0.5889299959867144,0.028094898108740014,0.20396335057505666
2019-06-07,1.706432376537251,0.4405284035294208,1.223660144885383,-0.0081167163259016,-0.0159170494338078,0.0087227414330219,1,0.11818859663221469,0.5289049914341712,0.053501373822047026,0.29940503811156705
2019-06-14,-3.588815831277438,1.8583471416269777,1.6069284127070786,-0.0043877551020411,-0.0138075123767998,0.0045707115970607,1,0.11859194938214111,0.7552743168601648,0.10420771750502565,0.02192601625266832
2019-06-21,0.7432182733396949,2.178476562094187,1.7856398084385112,-0.0142403442270262,-0.0182059375142951,0.0145923512874293,1,0.06558211940951353,0.3953902131288913,0.07372028173838961,0.4653073857232057
2019-06-28,-0.6439447642540224,2.032257185550908,1.3885619918958625,-0.0165728900255757,-0.00350958208266,0.0179962395917272,1,0.11382410898653904,0.4312522666893252,0.14604467301253818,0.30887895131159765
2019-07-05,4.427272276905388,3.409283800835445,3.585176130578481,0.0077688004972029,0.0024954942464994,-0.0094414541604164,1,0.09623301229695028,0.2096824308223303,0.04252192768530253,0.651562629195417
2019-07-12,1.9310746606696487,2.729647182182253,3.600014981038183,-0.007789279491647,-0.0060793073274075,0.005531269515568,3,0.04271167389901469,0.33638843006463187,0.037677162277883314,0.5832227337584702
2019-07-19,1.6347190615458955,3.005765742508968,3.0571641301102424,0.0096653502390353,0.0037273447327961,-0.0128430682617872,3,0.0761243148375974,0.23248488853458477,0.03850971069731373,0.6528810859305042
2019-07-26,2.969089312694835,2.40385704416664,3.3035765203762337,0.0195568500988245,0.0072292506603641,-0.021372031662269,3,0.09783779717639902,0.2315153441560569,0.017047878753000904,0.6535989799145431
2019-08-02,-6.316972476594032,1.428251970718686,1.329033534173313,0.0080172679617638,-0.0172405845203523,-0.0104222340994118,3,0.14428272005878656,0.7906065749809666,0.06495992071851238,0.00015078424173440577
2019-08-09,-3.155490808990659,-1.228869874781616,-1.4212028434495871,0.0070240677615949,-0.0206663268615913,-0.0062993523201133,1,0.2884197769892615,0.585166560813566,0.11703167362485764,0.009381988572314781
2019-08-16,-4.7740435811992015,-1.2806625158191245,-0.8954425753021112,0.0101904271744726,-0.012440235807455,-0.0117626091605773,1,0.26896899287005555,0.5963543656741459,0.12848918399054382,0.006187457465254698
2019-08-23,0.314550330451712,0.4419971174301143,1.372691917963505,-0.0037751249872463,-0.0300897170462387,0.0015727509661183,1,0.10594809820183146,0.5470338292401824,0.023503137202487236,0.32351493535549886
2019-08-30,-1.2902132854808308,0.4392702862109221,0.5904822417404858,0.0086672784745591,-0.0027205778882687,-0.0106220181834546,1,0.14717987113448602,0.6404325550092549,0.0591579920561727,0.1532295818000864
2019-09-06,0.1365513936924755,1.581912150130142,1.7896456605296858,0.0092317160734436,0.0117340903714218,-0.015267857142857,1,0.08273957049397863,0.5457857128333371,0.06154145146035136,0.3099332652123329
2019-09-13,3.504720986107985,2.1357891720248405,3.3706059918922637,0.0012227430201754,0.0160752056404229,-0.0013525698827773,1,0.09699449655798559,0.3577677612275362,0.029708577897399904,0.5155291643170784
2019-09-20,3.781613764802536,2.076833967763817,3.488307521155273,0.0089102826710365,0.0204923865091786,-0.0113508905738257,1,0.1092737763052381,0.3696172340962203,0.029210327560811187,0.4918986620377304
2019-09-27,4.271203905184833,1.742840688444155,2.606032660163796,0.0019207440355843,0.0153332392643807,-0.0047311436629969,1,0.148825163504025,0.5572698023091086,0.053000340232872,0.2409046939539943
2019-10-04,-0.3499609290993327,0.0615468247242898,1.2055562295872082,0.004268726496595,0.0002805967357246,-0.0046241726357784,1,0.16469837118007927,0.43600012393712473,0.05345692313639428,0.3458445817464018
2019-10-11,-1.2717738434491253,0.1827197070236653,1.339366012600565,0.0004070832485241,0.0030531526113708,-0.0029796839729118,1,0.14692741846885707,0.5053069157961083,0.081605941167068,0.26615972456796666
2019-10-18,0.0850452345684274,1.3747639897856845,3.6893701484114096,-0.0124860420261903,0.0080416492353461,0.0138863677618443,1,0.1675636219961552,0.2492148861781641,0.071557865810019,0.5116636260156617
2019-10-25,3.7894742440448494,1.9738341527266583,3.981355353527408,-0.0129149429926346,0.0067170056052254,0.0128896608465125,1,0.10221848646204663,0.21979601052968042,0.04208724192342821,0.6358982610848448
2019-11-01,-19.567482551039365,2.725355472038716,4.472967727150122,-0.0158890800526263,0.0115947449623641,0.0172162506831843,1,0.001577317186080592,0.2809716673643051,0.7174510154496143,1.0308615785569896e-36
2019-11-08,-15.034600737740089,2.9595685276058843,4.894899408681724,0.0005086469989825,0.0080247198265923,-0.0021735192899841,1,0.0025902689443185684,0.7384682120395796,0.25894151901610196,3.5906104150666928e-25
2019-11-15,-11.626497086865127,2.9345810818541134,4.438701477740726,0.0074013157894734,0.0029051000645576,-0.0106525825798942,1,0.008290003410479141,0.8568151021432248,0.1348948944462959,2.130589355181539e-16
2019-11-22,-5.253139812317042,2.8185492736395323,4.312500380981861,0.004497597873863,-4.601509295054651e-05,-0.0050541516245486,1,0.037075590999328396,0.8949127599033881,0.06800247550870038,9.173588583088365e-06
2019-11-29,-15.747860243204428,2.9487163636215,4.625625070014385,0.0105923488276431,0.0122937560659979,-0.0134324348526909,1,0.002418337640305701,0.7629094375167501,0.23467222484294425,1.3195829810329885e-26
2019-12-06,3.4981704332040024,0.9701086455393216,2.579980911394825,-0.0066090493136755,-0.006222262890607,0.0037211835178803,1,0.11583771310001081,0.34431502245867057,0.04875284167915248,0.4910944227621661
2019-12-13,-9.405826385704298,1.5054370972669489,2.9799342808359333,-0.0084693877551019,0.0057933698101062,0.0062432138979373,1,0.05022862377938144,0.7275590409127922,0.22221233377992622,1.527900118549202e-09
2019-12-20,-55.40132786082692,3.31376778887559,4.491713776217553,-0.0059021064414367,0.0072707192489991,0.004989114658926,1,3.2284834305814427e-15,1.2633811991768953e-07,0.9999998736618769,2.2625713813717534e-243
2019-12-27,-10.997439186534626,3.804029474355828,4.123270176517517,-0.0137376615447235,-0.00082180523216,0.0144776254878826,2,0.011936938360668666,0.5677178137283018,0.42034524791101135,1.8156818583799157e-14
2020-01-03,-43.680428223304105,2.429400179189336,3.3213040825544127,-0.0088024564994881,-0.0046959163942726,0.0091328329867075,2,2.2839964565370724e-09,0.0001060408222227031,0.9998939568937808,2.6889402363131526e-149
2020-01-10,-33.543042677702104,1.2547310170077235,3.5091318970620597,0.0019553360090562,0.0009142857142854,8.991997122564932e-05,2,8.744937653621903e-06,0.013927572262414792,0.9860636827999316,6.56631298020221e-91
2020-01-17,-38.03426725498747,2.324917961084473,3.541681757856629,-0.0005118231139317,0.0064872767143313,0.0009928693925442,2,1.305575126633341e-07,0.0021052940319501805,0.9978945754105372,6.052560065125609e-116
2020-01-24,-16.1316294714582,2.26732408445902,2.77277881966712,0.0095955427156417,-0.0013708019191225,-0.0135552274862436,2,0.010269918330075442,0.7322684817374144,0.2574615999325102,1.723376186194827e-23
2020-01-31,5.536051909531241,-0.2900739123416684,0.4576619881887261,0.0056794712928545,0.0027753365095517,-0.0059139784946238,1,0.26874388871784766,0.6290905731775838,0.10023853746360507,0.0019270006409634916
2020-02-07,-8.981401500458398,0.9253598583542046,1.4493784236387888,0.013557929334429,0.0023749714546701,-0.0159144038841935,1,0.09272716879963712,0.8113530727498081,0.09591964405614727,1.1439440757507484e-07
2020-02-14,-7.957116255236571,1.881703118960908,2.370251019139221,0.0151577222449816,-0.0036312468793973,-0.0232642019837692,1,0.05708256446252194,0.8375346888884415,0.10538228038248454,4.662665520448322e-07
2020-02-21,0.094683876742178,1.626849491937794,1.8060610285074,0.0144098109351047,0.0211393273850375,-0.0163265306122448,1,0.13747275397455766,0.5019197926857543,0.04802853731188862,0.3125789160277996
2020-02-28,-10.157985900585372,-7.175185712349529,-8.326487182885748,0.0075983160488757,-0.0028599105124774,-0.0060843699296917,1,0.00014978084423021432,2.8954604350574854e-06,0.9998473236953118,2.2930954234161945e-14
2020-03-06,-18.867381826593213,-10.661774840547016,-9.601523437729703,-0.0276651803810296,-0.040278853601859,0.0311557788944725,2,1.3358288523049291e-06,2.731432264452383e-15,0.999998664171145,9.236758977222034e-25
2020-03-13,-35.25186963046452,-20.046812657159784,-17.997709434645014,-0.0037328490718321,-0.0166735000683339,0.0253415805022156,2,2.7323320369502737e-17,2.901103248390488e-51,1.0,3.1752967034272085e-76
2020-03-20,-31.243325744712514,-23.536199076483715,-19.28139344109688,0.0358654039895223,-0.006900569072904,-0.0138312586445367,2,6.6919480373293005e-22,6.777826393452259e-66,1.0,3.3942709449245158e-74
2020-03-27,-18.78384363226968,-16.43565657825143,-20.01114107531086,0.0024457352491593,-0.0016653559698386,0.0104747653380494,2,7.624849912773931e-19,1.8815930728077724e-29,1.0,1.2513113280465219e-57
2020-04-03,-15.670416936184813,-10.277747936941749,-11.259927110179442,0.0482542991141219,0.0299102691924229,-0.0422647527910686,2,6.214738682432271e-07,1.6201986951670807e-12,0.9999993785245115,9.566163771177409e-25
2020-04-10,-5.899592877610539,-6.650172955012773,-5.699801355293204,0.0077974683544304,0.0050961315728514,-0.0153513708188897,2,0.0003370079617084136,9.185580874756669e-06,0.9996537996297565,6.827660390290932e-09
2020-04-17,-4.174794301131326,-6.082825461875697,-3.423861708688388,-0.0295662322505348,-0.0296891215088208,0.0171107994389905,2,0.00028449044200661255,2.2551579354997117e-08,0.9997134787828793,2.0082235346037517e-06
2020-04-24,-3.540414753887215,-4.767476591623106,-2.530695835994666,0.0204330588594081,-0.0036142903479913,-0.0288099084544963,2,0.10324438628929851,0.002388443975213075,0.8912575077596333,0.003109661975855119
2020-05-01,-1.4360051223330017,-0.2146843851088093,0.7146406620565842,-0.0149135016901968,-0.0140137371502327,0.0162827273568324,2,0.183292979811961,0.43536246696210046,0.1421542907155442,0.2391902625103943
2020-05-08,-1.515545175527759,-0.7342209440594736,1.9150606138338084,0.0021101286173634,-0.0166858723208113,-0.0087326261887344,3,0.2532505192508921,0.12828700063096965,0.08260469190761847,0.5358577882105197
2020-05-15,-2.559048969061346,-1.0430135266420244,1.836472700752504,0.006213670074163,-0.0045570797488958,-0.0056995771281486,3,0.5628342747894313,0.10695276120241486,0.10359012654314434,0.2266228374650094
2020-05-22,-20.43916958055673,-0.2235252852963015,2.7470585446031714,-0.0051803148037458,0.0010231130539921,0.0074854449681174,3,0.02168994102836259,0.05536323201001207,0.9229468269616253,5.6787968882574836e-34
2020-05-29,-1.8396582627840723,0.2259766957403925,3.187252720842371,-0.0074687121517966,0.0078545046519238,0.010377787892581,0,0.46199288177086356,0.131691262352002,0.14086987589697425,0.26544597998016023
2020-06-05,0.7804009664663802,-0.7077813212684028,3.66626922878948,-0.0279755339416424,0.0274223034734915,0.0410958904109592,0,0.5671265437351011,1.1081602548286205e-05,0.019493760754622183,0.41336861390772855
2020-06-12,-2.338176085719313,-2.908757244237409,0.7438037214781609,-0.0306772908366533,0.0029896762741157,0.0406804733727812,0,0.7163808820870012,5.475415340144783e-06,0.190288985862053,0.09332465663560559
2020-06-19,-4.780409432243362,-2.9752704068101616,0.7163487956761927,-0.0224314039655517,-0.0068757259001162,0.0252247294074483,0,0.6033504670546286,7.037071754916905e-05,0.3823926571374046,0.014186505090417738
2020-06-26,-1.634269905246106,-1.792883183125794,1.3458253825688993,-0.0092536099247508,-0.0051955281347128,0.0108117848454813,0,0.457672869934423,0.007757340092701967,0.15176845572689937,0.38280133424597557
2020-07-03,3.198875403621796,-0.2829452387792465,3.152028716152821,0.0023726016092426,-0.0189798339264531,-0.0032783980152402,0,0.24081999973398854,0.03512001514600381,0.01538558491210635,0.7086744002079014
2020-07-10,0.7738213570101863,0.6657316209722559,3.606711456391688,-0.0068845047266749,-0.0041917004331425,0.0039090262970857,3,0.13335039757313466,0.09092224361834302,0.05033006537052104,0.7253972934380013
2020-07-17,-12.471681155853352,0.838327650801584,3.356583419255191,-0.0172095881991396,0.0011227019694062,0.0224568309922164,3,0.11534556524678244,0.2757311565962758,0.6089232781569357,6.1422386125405846e-15
2020-07-24,0.93028789427768,2.274758682359922,4.386777747821158,-0.030688699579185,-0.0101655397528561,0.0389517782333543,3,0.0632809262190244,0.20941588449991294,0.10021507573838816,0.6270881135426745
2020-07-31,2.7428006737803576,1.4758627841712433,5.229056664291965,-0.0393125450241845,-0.0150218584317739,0.0468486087652237,3,0.11165024543299708,0.011798403279510268,0.0996930638923058,0.7768582873951869
2020-08-07,2.369336244914572,1.601695564402572,6.035055643955108,-0.0332126228660114,-0.0091670174453954,0.043185840707965,3,0.18060496289148528,0.013969986521034374,0.192132050940307,0.6132929996471734
2020-08-14,-9.962059649994432,2.216363205921444,6.222089846486447,-0.0296018344798832,-0.0037381430774262,0.0362705635281765,3,0.03735743580017418,0.1272232922538211,0.8354192719460005,4.25240275778647e-15
2020-08-21,5.025671042138916,2.3326009242676458,6.0984756627903565,-0.012600592969081,-0.0032034672822348,0.0120967741935487,3,0.168522518545317,0.10355734405120468,0.07957821835774513,0.6483419190457331
2020-08-28,4.217562655069041,2.716823539436594,6.048879887954193,-0.0104981253347615,-0.0050993909060861,0.0109544836956523,3,0.10022275489724852,0.23277487657898147,0.0633875127128296,0.6036148558109404
2020-09-04,2.235117898596342,1.773071487602064,4.240572786905129,-0.0077054794520547,0.003021005428369,0.0044112656939259,3,0.08725499346468388,0.18542291153339457,0.045780754909718516,0.681541340092203
2020-09-11,2.746288438814221,1.1842144629563898,1.7843734855959,0.0024704618689581,-0.0042211903756861,0.0003377665188937,3,0.14029738555366794,0.4759528455253833,0.03789022568634464,0.34585954323460416
2020-09-18,1.0509631405477058,2.7251246138228025,3.882142206464433,-0.0034316353887396,-0.0116262583297888,0.0035602271764005,3,0.05184503257933134,0.46735382800011255,0.029936878510456573,0.4508642609100995
2020-09-25,2.5061778841121467,0.1184657558385488,3.390918690219111,0.0245750784886871,0.0024678468036636,-0.0229315413691725,3,0.24941985590305368,0.04874021014036063,0.010324016122965435,0.6915159178336202
2020-10-02,-21.60901393740683,1.0353271780424087,2.9325785418392902,0.0120793787748059,-0.0084709868699702,-0.0105574324324324,3,0.008434820164518674,0.6385793304052626,0.35298584943021877,1.8820769633334914e-39
2020-10-09,2.829218646111604,2.271013594331953,3.533831417964953,-0.0028929604628734,-0.0051811031039517,-0.0017304689148691,1,0.050353658823937615,0.2952387724037983,0.03053358854504853,0.6238739802272155
2020-10-16,0.9015074567607548,1.1791357334877264,1.9335248106340224,0.008070590767244,0.0081767321761583,-0.0100515246220119,1,0.10092010526872375,0.4459059837097749,0.03398726133411757,0.41918664968738373
2020-10-23,-13.893648925069815,-0.4926421015927978,-0.1948694875266845,-0.0197590870667794,-0.008616200350329,0.0196870701513067,1,0.08741113710796818,0.19430429808593855,0.7182845648059194,1.7392248008903767e-13
2020-10-30,-3.2039670083468,-3.672451460740718,-4.861085496784823,0.0021312872975276,-0.0065499074469599,-0.0056338028169014,2,0.012591332001001482,0.06538758123332482,0.9220203462447868,7.405208869715303e-07
2020-11-06,-0.1722860062751784,-2.531160909350214,-2.2047908449024027,-0.0089189770040832,-0.0213058093840252,0.0040588533739216,2,0.08372849412150336,0.29633223354943555,0.6181518695090759,0.0017874028199853075
2020-11-13,-3.870803845549671,-0.0714198392166728,1.5438092033491857,-0.0098206660973526,-0.0074464048567634,0.0097269624573379,2,0.26224631914464597,0.5181819418979258,0.1793880359493306,0.04018370300809758
2020-11-20,5.245302853898138,1.605876372577821,2.654416444492891,-0.0040961517732025,-0.0081180459385894,-0.0005058595396675,1,0.13679055760302758,0.613146359486961,0.06618225610516651,0.1838808268048449
2020-11-27,4.863648604096438,1.8337980884598573,3.24885928576398,-0.0239259889408761,-0.0051598108069372,0.0269980255815949,1,0.1373416346505324,0.3469854671905168,0.08334416741188987,0.4323287307470609
2020-12-04,2.718723972013154,2.007654273368103,3.189694416325904,-0.016588962376667,0.0077403125151176,0.0208859693447869,3,0.08953876561724057,0.22671431922840732,0.03811425554667397,0.6456326596076781
2020-12-11,2.6956524883264747,2.048011953947253,3.77449387000222,-0.0191893057352305,-0.0058297892674535,0.0235761365556872,3,0.05154500918229752,0.2065373331406655,0.034348167554943944,0.7075694901220931
2020-12-18,3.175215075064776,2.3969359759908166,3.348185169549525,-0.0256521268535554,-0.0051032689807906,0.0339097427245889,3,0.047265162311815184,0.17114174049947584,0.05241360737288798,0.7291794898158209
2020-12-25,2.940718901848628,0.2430922647205356,3.174587390029825,-0.0160148164288049,-0.0059549536570137,0.0202699878798007,3,0.1507664482041299,0.03608879266853766,0.03931315289753844,0.773831606229794
2021-01-01,3.153533595622433,1.1563916636421296,3.6051986381603065,-0.0083792723263506,-0.0091210215544139,0.0075895066820654,3,0.08769931447299836,0.1504868740930759,0.025833320682434917,0.7359804907514907
2021-01-08,1.808086173329002,0.9971713733663884,2.917722892870413,-0.009672455484722,-0.0007690459024272,0.0087509287542308,3,0.0928068937435927,0.1979998956578409,0.037839526013307284,0.671353684585259
2021-01-15,-11.148820660686876,1.798430780417626,3.782820463537329,0.0083314818929125,0.0054197919187033,-0.0144407277474097,3,0.01766820904135139,0.816196053072065,0.1661357378865147,6.895430136808963e-14
2021-01-22,4.76547069532144,3.320435216368544,4.094865888734171,-0.0008857395925598,0.0028020677327407,-0.0031132230050794,1,0.07489686355706322,0.31861263621010105,0.05460460762354133,0.5518858926092943
2021-01-29,-2.828550175875689,0.9434039288927644,1.420571069749291,0.0071158550144538,0.0144372850152607,-0.0063451776649747,1,0.18253947431868459,0.6814461925667092,0.079357508310742,0.056656824803864164
2021-02-05,-14.413669690247872,2.1117316251648184,4.589845098670745,0.0104328523862375,0.0137572754822261,-0.0143219576070056,1,0.006029267063013308,0.7522082372214293,0.24176249571555736,1.269927223760699e-22
2021-02-12,3.3758810524583445,3.527575163594791,6.220687796911938,-0.0031948881789136,0.0102035905087352,0.0033112582781453,1,0.07748163135697986,0.49102136339810637,0.07645394621774634,0.3550430590271673
2021-02-19,4.8498334319764975,3.386704227618832,6.03517256850077,0.0013297872340427,0.0159946042298981,-0.0040269559500331,1,0.11064305446622619,0.3603144196949066,0.06882365074438804,0.4602188750944791
2021-02-26,2.5341817213097544,2.119602946019538,3.4646113498917037,0.0033119894016337,0.018147953579445,-0.0049849627157747,1,0.08653793366587152,0.3545789518203557,0.029034343048338566,0.5298487714654342
2021-03-05,-6.815308282526919,1.9212351834076429,2.4579777739078814,0.0103251318101931,0.0282799525504151,-0.0104616406509466,1,0.09812396583430331,0.7993089676355943,0.1025605958451951,6.470684907341696e-06
2021-03-12,-0.9083323105789488,3.365068985209476,3.659381276540023,0.0132625994694959,0.0387822192577065,-0.0136963696369636,1,0.17225487362279818,0.6672652454957392,0.0837209724596086,0.07675890842185412
2021-03-19,0.3857605869499821,3.76671756354365,5.104406633770681,0.0172642762284194,0.0326236426573096,-0.0177407376846274,1,0.10179128802124988,0.7254000682287625,0.08121020005571813,0.09159844369426955
2021-03-26,-10.665302553328292,3.896223187738351,4.729173753435019,0.0207966549295774,0.0287067873727662,-0.0230208678370322,1,0.012377836728819815,0.7266094720073445,0.2610126912638327,2.9847623445108108e-15
2021-04-02,-13.527725250935635,3.835404034926656,4.536918837556375,0.0113068058273537,0.0218725485672095,-0.0129216311461656,1,0.005442324060384748,0.6498757870366967,0.3446818889029187,4.62323510577448e-21
2021-04-09,-2.0155052593822647,4.0005023490633365,5.148409980249261,0.0052356020942407,0.0059624822272166,-0.0046846243935086,1,0.05058057864851139,0.8251605191311318,0.12137506384897688,0.0028838383713798597
2021-04-16,-10.723551855442407,3.5442600090482896,5.288947026185317,-0.0039164490861619,-0.0009184001469438,0.0068044354838707,1,0.005265703750902768,0.8350580094059542,0.1596762868431428,3.2191235829863317e-16
2021-04-23,3.122227466021522,2.511341376354691,4.370247448234813,-0.0205885523337284,-0.0157767543659658,0.0255975589082892,1,0.03426274069876243,0.27249048058676106,0.03557913986452009,0.6576676388499564
2021-04-30,-3.9322779057414095,3.1010893550253344,4.598440902930177,-0.0187056546979142,-0.013005193045834,0.0217613056783405,1,0.030254274904349017,0.8452384847079748,0.12431831440250124,0.00018892598517471245
2021-05-07,-3.7176880947453577,1.9848883976823088,4.226703790512231,-0.0209418402777775,-0.0095746135959513,0.0223566986048073,1,0.10114976067127827,0.7066051055838108,0.19052368820605559,0.0017214455388551986
2021-05-14,-39.01399162421448,0.7729900546523947,2.2022215184442917,-0.0135430318916558,0.005239692972377,0.0130997079682935,1,4.1047017060220366e-07,0.00021089579412840204,0.9997886937357009,4.892323085364168e-114
2021-05-21,-6.76693878086711,1.1082551079743816,3.5119719075698117,-0.0092449922958396,0.0095436645818856,0.0066942148760329,1,0.156442539639646,0.5383030982771233,0.3052494519273346,4.910155896097943e-06
2021-05-28,0.2307644641572574,2.932826209482127,4.826077625949824,-0.0136941279579316,0.0049412087660705,0.0142262895174711,1,0.08007799115778019,0.6413878590636957,0.09693507079710978,0.18159907898141422
2021-06-04,-2.348218215779754,2.812309842770622,5.095247305032858,-0.0009974509586612,0.0081940800073656,0.0002466293982241,1,0.060004901738817354,0.8480645423117442,0.08963511426149617,0.0022954416879421347
2021-06-11,-14.136431689272817,3.262470358454455,5.2815137032591055,0.0026572187776796,0.0028348040784602,-0.0028001976610113,1,0.002377286448378967,0.8114103680304955,0.18621234552112562,5.356400113591399e-24
2021-06-18,-10.454261468433604,2.8974277577805565,4.356963953177908,0.0245500999777827,0.0113808453031067,-0.0261883260816024,1,0.02399808998765907,0.8678145601265035,0.10818734988578851,4.899263731151232e-14
2021-06-25,-6.842687521887728,2.605292738718405,5.086087146985237,0.020215483727646,0.0087867061233781,-0.0209990976950211,1,0.0371305463035914,0.8979899321191036,0.06487951385007301,7.727232028697139e-09
2021-07-02,-2.1724472302695843,3.14052564017335,6.0068393445341215,0.0231861548702017,0.0141546048125658,-0.0248212377743074,1,0.07732026050594933,0.8456782464795658,0.07662849616547274,0.00037299684901218847
2021-07-09,-9.18543982928237,2.784148224363553,5.345793591104223,0.0173365724381622,0.0044681530114436,-0.0192434753881732,1,0.016206157224627434,0.9064412099048449,0.07735263287020482,3.230268370076736e-13
2021-07-16,-7.003566271056036,2.825186369948588,5.140381744543712,0.0049875311720697,-0.000907482190662,-0.0047209576799863,1,0.020781186390878344,0.9087884418884788,0.07043036819364498,3.5269977681188165e-09
2021-07-23,-3.386453468226919,1.0410785253879518,3.998226149546895,0.0115405552531302,-0.0021211300658903,-0.0135735232509425,1,0.25881319069731384,0.663356214761866,0.07213945765455798,0.005691136886262163
2021-07-30,-13.75580268008305,2.6390457030838763,4.713048851121103,-0.000650547544183,-0.0120660933771553,0.0005056890012642,1,0.005220382008526162,0.879667821581883,0.11511179640959088,1.0312963566488277e-21
2021-08-06,0.3223183183964927,3.093955088950615,5.218971241796791,0.0072723325735375,0.0009985928918341,-0.009557894736842,1,0.08069859781509847,0.7484699619859441,0.056453489042177986,0.11437795115677953
2021-08-13,0.0877244749756741,4.48224536944403,6.051049313424793,-0.0018340705577731,-0.0046323629592623,-0.0011011350160936,1,0.04535545802215988,0.7581594437430867,0.17537610792020164,0.02110899031455176
2021-08-20,-8.492444698609585,2.7559696850686435,4.031465265591426,0.0063502314067376,-0.0066935009723668,-0.0064554489085193,1,0.02698735446328166,0.9033204587751157,0.06969218628835529,4.732473175936462e-10
2021-08-27,1.6663240174633005,3.373844859677876,5.840949937877966,0.005641748942172,0.0010937428792778,-0.0064021565158789,1,0.07510111137257436,0.6785513753148987,0.05774541048672096,0.18860210282580606
2021-09-03,2.397008140900874,3.670157632341288,6.446275405992644,-0.0081896551724137,-0.0047159116673468,0.0103303150108404,1,0.05056699915793966,0.6967982183914275,0.0927654418747919,0.15986934057584093
2021-09-10,-4.748814335725212,2.922296441558923,5.266408988993128,0.0006485084306095,0.003193867773874,0.0018655134401763,1,0.030083537403680076,0.889847364531464,0.08006550412095344,3.5939439026066215e-06
2021-09-17,-1.9314840270849076,2.207474534106238,4.379295241038701,-0.0032085561497326,0.0014569958566679,0.0025647601949219,1,0.09020693546309441,0.8078296528665628,0.07987862621702856,0.022084785453314028
2021-09-24,0.3013159209069124,0.6189633055630139,1.6911312576894637,0.0069047362174989,0.0081941093458368,-0.0066977532852903,1,0.14058578070256475,0.41191656548265804,0.03886445281208823,0.40863320100268885
2021-10-01,-0.2669555349512542,0.2395337207845208,2.772912510303283,0.021729682746632,0.0120734429814568,-0.0241521501304383,1,0.21684639365856914,0.19243625572155715,0.02993035236424359,0.56078699825563
2021-10-08,1.463143568492392,1.3466978878338889,3.125882878383625,0.0160941888096777,0.0209214535862098,-0.0208209902666102,1,0.10027925430477783,0.3108760142315976,0.029885719092421416,0.5589590123712032
2021-10-15,1.3894435431528165,3.1562405563622864,4.2616138609270005,0.00793991416309,0.0385542168674697,-0.0106591626161851,1,0.12913245965453024,0.6153879400981186,0.04729810971595539,0.20818149053139573
2021-10-22,2.2509695784775148,4.45011611572465,5.8302449474939975,0.0033215471981142,0.0247437576195419,-0.0057186753158073,1,0.07978241389663931,0.6053430474926045,0.12684347026934478,0.18803106834141145
2021-10-29,2.5185555854736754,4.028437134927482,4.995603312940662,0.0008507018290087,0.0265148104798773,-0.0028458088996204,1,0.09108706334998991,0.47794454837817224,0.07745521074730201,0.3535131775245359
2021-11-05,3.9630443780406734,4.112119099967455,5.578298666331814,0.0026575954076752,0.0105136543858865,-0.0001296568415595,1,0.048968792662300205,0.34874069562782745,0.052613007329070614,0.5496775043808018
2021-11-12,1.7046131393364363,4.421784280372052,5.093229712106308,0.0126676602086439,-0.0030643960950839,-0.0129288053783829,3,0.11786448412778922,0.28647482252521955,0.08913785193404065,0.5065228414129506
2021-11-19,3.781525282409132,4.006147687950953,5.429082417236657,0.0255232806492951,0.0045825071601677,-0.0309039402523823,3,0.12324964407968977,0.12062281721539958,0.030969490584457172,0.7251580481204535
2021-11-26,-13.869274840312167,1.4537642118234877,3.642330421646448,0.0209307267318317,-0.0060518352848308,-0.0211017901928567,3,0.03585966630613253,0.8939372733028204,0.07020306039104708,8.976204918020093e-20
2021-12-03,-4.758899678527838,-1.633993024855292,0.4416091999480586,0.0190839694656488,-0.0052903055151435,-0.0218283985303651,1,0.6165504068605691,0.25317117482391693,0.11083704489187321,0.019441373423640725
2021-12-10,-1.103797381171065,0.7890781023254967,4.15705465714655,0.0101965731104802,-0.0042155183770251,-0.0121376178833391,1,0.3873332136027149,0.33743092759476245,0.06082051827771285,0.21441534052480965
2021-12-17,-4.935109066287503,1.741254490299062,4.595601715392999,0.0056232427366444,-0.0027194175183121,-0.0042519266542653,1,0.09670062819713644,0.8307613819549831,0.07251392370292577,2.406614495483346e-05
2021-12-24,-0.3824789210392652,2.7342352916480843,5.159459640452721,-0.0007284837131856,0.0097065960732405,0.0,1,0.09140529200261054,0.7618156694945711,0.08506875635705588,0.061710282145762504
2021-12-31,0.0419142393366975,4.069725526053496,6.561692431822001,-0.0015605493133585,0.0202100784470153,0.0048608042421565,1,0.04271878632594234,0.8322981376761575,0.11878559638331025,0.006197479614589925
2022-01-07,1.5615319356074422,4.124142425421119,5.463297733413372,-0.0039542143600416,0.0192265290823301,0.0042429063908779,1,0.07074987685851818,0.6288860480272858,0.10099623779919771,0.1993678373149984
2022-01-14,-8.013303303604227,3.5057087526396358,4.253042304193237,-0.014497255876566,0.0046620046620047,0.0155680099635264,1,0.023639115647969642,0.7225812468305777,0.25377963507171647,2.4497362964547923e-09
2022-01-21,-5.568527942944787,2.607754111557868,1.4996527481955853,-0.0039575088523224,-0.0063797247105089,0.0020319816238183,1,0.1482048870395252,0.5185440718333059,0.3323173346856928,0.0009337064414759945
2022-01-28,-45.11984472065906,-1.4376962896694905,-1.979103022710141,0.0135458997603419,0.0013901559581215,-0.0197889182058046,1,1.2387026403890747e-07,8.859199511569239e-06,0.9999910169302243,2.4635826975522227e-132
2022-02-04,10.611878382449817,0.7683383424831725,1.9220998979882609,-0.0024028416213958,-0.0030285986241509,0.0076577766041721,1,0.2914597591751598,0.5985492086666925,0.10998977999041311,1.252167734621409e-06
2022-02-11,-6.021444458130401,1.3876807191625666,2.513793222180108,0.0095618367132501,0.0105940550715755,-0.0056937631394533,1,0.14363234549294138,0.76043002297607,0.095861337189751,7.629434123768805e-05
2022-02-18,12.4538642577679,-0.962811118858675,-0.1223485560720888,0.0041823504809703,0.0116979638506531,-0.0016751895609241,1,0.30607536058605056,0.4056739399046358,0.28825069950900234,3.113724447639165e-13
2022-02-25,0.381517715391605,-3.763687291442297,-1.2737701745826209,-0.0066824303485143,0.0027764522146545,0.0111260655002241,1,0.4567739201985985,0.0006935972960138908,0.5345950109974519,0.00793747150793576
2022-03-04,2.3427072532877014,-4.993396285788371,-1.887484756569605,0.0330924704157504,-0.0036453586772554,-0.0455101327742838,2,0.1817806558291551,0.0004674022112465895,0.8168277004611337,0.000924241498464421
2022-03-11,-9.558108569056206,-4.914092007462327,-1.8681481444959345,0.0316402997502083,0.0162009963179554,-0.0387631045722844,2,0.09750788688738693,0.0001960938363428965,0.9022930790094442,2.9402668258385646e-06
2022-03-18,-19.307826771373254,-2.3079633219411653,3.726040972061295,0.0228029987505207,0.0361660508585091,-0.0234920074185287,2,0.029662886944844372,5.618277139141045e-06,0.9703314947780166,2.3914136189649035e-32
2022-03-25,6.5683553744238665,0.7168532981689723,3.29213240326342,0.0224591181949904,0.0562405364481939,-0.0253793593042861,2,0.770191634166754,0.176797881675626,0.034527324011413334,0.018483160146206504
2022-04-01,17.16159443297279,1.2478089945969408,4.346290389365258,-0.0002027369488089,0.0671632039722984,0.0117141026814313,0,0.9951498144073587,0.0019530908068070667,0.0028970947858313126,3.154133375915465e-15
2022-04-08,14.07211041651288,1.2894559881842431,4.521801306513646,0.0068603712671508,0.0600196086789717,-0.0030244707176242,0,0.9810305882389905,0.012233744590765164,0.006735665969937159,1.2003071500957934e-09
2022-04-15,19.079830003204755,2.350099499457027,3.4454089101528917,0.0212867759340322,0.0602005285900069,-0.0225196707967801,0,0.7753989696578607,0.19232883002621343,0.03227220031592577,3.487730545695579e-20
2022-04-22,11.610330183584884,3.997452076677399,3.7585933115674495,0.0245976313392042,0.0532459553553139,-0.0171173631976691,0,0.8211130225760407,0.0705355024373197,0.10833782141185404,1.3653574785774745e-05
2022-04-29,11.33769325847615,7.299629964684345,-0.6264440564744447,0.0438913109601539,0.0599159217991098,-0.0463138851198552,0,0.704728456448698,8.129985885838734e-17,0.2952715435512171,8.487795184610463e-14
2022-05-06,3.5598148564657466,-1.277669437385747,-0.9891124390963484,0.0386773547094185,0.0501869948124018,-0.0298768155911014,0,0.7513395876723796,0.04018465474895287,0.2081216103691807,0.00035414720948672524
2022-05-13,9.827909744663142,-2.0550614966924727,-0.3247771987932687,0.0422842675013206,0.0225150364039252,-0.0365470022205774,0,0.79506301658313,0.030712534461677436,0.1742244466394865,2.3157062204460474e-09
2022-05-20,17.2994340108128,0.5197374704855179,0.4759075878755837,0.0190673779885399,-0.0055220688314212,-0.021584066697545,0,0.3167984384076914,0.5073813272592763,0.1758202343330323,4.722649291920705e-21
2022-05-27,4.954923222558968,1.1323476247960855,0.3447364832649214,-0.0125389718237354,-0.0209095459971503,0.0176420373707675,0,0.17418227410856732,0.6347906952971453,0.18594955443286507,0.0050774761614223955
2022-06-03,-1.319707099393053,1.714601741973809,1.6353524156895496,-0.0146633224001542,0.0022975301550833,0.0158248839192649,0,0.12512960193390418,0.5313036642451356,0.12026115168853373,0.22330558213242646
2022-06-10,1.8765066652531024,2.103273233971408,1.8658070465351957,-0.0039688991325804,0.0404783096629386,0.0099875156054933,0,0.4827548418636769,0.22047962418784314,0.039226337733771814,0.2575391962147081
2022-06-17,-9.560303879812803,0.1369378204367096,-1.3247052841521536,0.0150266602035871,0.0556055214484028,-0.0058701003597801,0,0.8164213596282416,0.01715045222480874,0.16642808596154224,1.0218540736900496e-07
2022-06-24,9.39110511333277,0.0669077472254017,-0.0557337276486606,0.0247570523665261,0.0633603398096438,-0.0161245223226766,0,0.8560545971409257,0.08849289074810915,0.055452505559579916,6.5513852801044226e-09
2022-07-01,5.9685900651836254,0.1650542238344144,0.0297883862611627,0.0293518699823771,0.0330850047755495,-0.0271455223880598,0,0.5199347716306211,0.37508837244306836,0.10474737869645524,0.00022947722985521582
2022-07-08,2.0816953949518697,0.226566646379223,0.9855493230726432,0.0274513192764143,0.0123479748577381,-0.031567937624798,0,0.24659405473968754,0.4528491037224114,0.04095096629530628,0.25960587524259476
2022-07-15,0.4481127179114317,0.2354703530588289,1.233263431546471,0.0321203438395412,0.026449342470828,-0.0391428571428571,3,0.1542189368371924,0.4362322965708287,0.05796479684230113,0.35158396974967776
2022-07-22,2.584552571527329,1.3983749561216712,2.434768518276333,0.0244277007246722,0.0065095979583533,-0.0325881015536188,3,0.10467787896843805,0.23243999684066213,0.022240878692586567,0.6406412454983134
2022-07-29,4.186197000146597,3.0779834897743754,2.5358723118340656,0.0072761513439478,-0.0147923523538331,-0.0200402723175758,3,0.10079239267586758,0.10397865611599624,0.1416872237911583,0.6535417274169779
2022-08-05,5.356148966219704,2.408183053760162,2.9298427893674925,-0.0036072406478082,-0.0081560674528822,-0.0001963672066763,3,0.11823677114127593,0.5676139838467957,0.0663478819181327,0.2478013630937957
2022-08-12,4.0366868966779,3.046184884376065,3.7648694496908495,-0.0225053903741336,-0.0364502508210328,0.0169491525423732,3,0.034977528198263615,0.27010944945148396,0.061854240666785326,0.6330587816834671
2022-08-19,4.161968455180791,2.7120374429604577,4.33843143482652,0.0134826196945563,0.0064674971520961,-0.017234625930278,3,0.07868409907802648,0.2458816204987406,0.020443931590435775,0.6549903488327972
2022-08-26,-48.34053690203999,1.53465155864273,2.694476807427334,0.027383549096815,0.0325062873015276,-0.0251467710371818,3,1.6845726510794978e-10,1.0319469485241479e-05,0.9999896803620575,5.6646122988642e-178
2022-09-02,-2.738236819899337,1.4122124511206315,0.8914643473715614,0.0273210718338789,0.0387450457458233,-0.0225866640479228,0,0.5534238993282188,0.2622660586985807,0.13824386974883246,0.046066172224368
2022-09-09,2.1677450838498764,2.4823920924048792,1.2769177992497505,0.0319224470089272,0.0677178920558823,-0.0213450292397661,0,0.8485908371667055,0.014911034316699734,0.062350574014211034,0.07414755450238371
2022-09-16,-14.72721941118768,1.9023360447701256,1.044200956722662,0.014745444628313,0.0437401876665819,-0.0018931845356716,0,0.20397987679670598,0.01962324983291117,0.7763968733703828,1.2404596379557683e-17
2022-09-23,1.966338791143512,1.7857919739450745,0.4273518060729655,0.0403389612418776,0.0421710837241433,-0.0272006423767942,0,0.6846294610955199,0.00334301654823477,0.27469704017286783,0.037330482183377416
2022-09-30,0.3174190905242809,-0.1648521159000466,-1.141481996365139,0.0235817189183265,0.0324501658167815,-0.0152717773535616,0,0.6564302108724095,0.09267981605986483,0.24165529335373104,0.009234679713994665
2022-10-07,1.7905379516429285,0.1797732450339786,-0.0162105156513398,0.0347880333568797,0.0197144560985023,-0.0296783188925403,0,0.6835817656603266,0.17265684903888787,0.0942527497171653,0.04950863558362023
2022-10-14,1.0544719961429236,-1.4667878986304763,-1.2169549168736544,0.0323147844466307,0.0406828278588171,-0.0295497653988219,0,0.555237564241128,0.23082289962017907,0.2085435549545646,0.005395981184128158
2022-10-21,16.64474420566152,0.3228137336669291,-0.6990104020927234,-0.0104247650010601,0.0301391844280878,0.0175402393726786,0,0.2908429848972868,0.29386525904958183,0.4152917560531313,1.1112719773046359e-23
2022-10-28,0.8128452495585842,0.2080227290029853,0.0389901510766293,-0.0121747817012587,0.0186509170034194,0.0167329864299561,0,0.4423871588273782,0.3119393521196999,0.16222723670182965,0.08344625235109214
2022-11-04,5.36676681628154,0.7732291553208007,1.1715101296895924,-0.0170042998359856,0.0086690288623618,0.0224776762804064,0,0.3747481169397074,0.44750985835548135,0.16318351944652582,0.014558505258285396
2022-11-11,15.910241558445346,1.5714058177250745,0.8185928348945388,-0.0619445596632278,-0.0668571428571428,0.0651167575352329,0,0.004052403337172639,0.18383092576558752,0.8121166708972397,1.834930714638483e-18
2022-11-18,-40.12442357449206,1.695345395283344,2.394787422212107,-0.0453701389136879,-0.0493718465341505,0.0468971810991685,2,1.5302374553444881e-07,9.617732636065116e-05,0.9999036696498939,4.027862336962846e-122
2022-11-25,-7.211012094842886,2.4670998131684767,3.652912561895096,-0.0432768708465761,-0.056623605601329,0.0433517310587052,2,0.0191167874141541,0.7819206253142099,0.19896241213972393,1.7513191214185172e-07
2022-12-02,-16.354169588216973,1.3024085234764375,3.5244814375284093,-0.0571083272455064,-0.0838307015449676,0.0580204778156996,1,0.015097641207102488,0.46466975048946874,0.5202326083034288,3.0426876383216596e-25
2022-12-09,-0.1806864208980435,1.1939616258607528,2.624166795185616,-0.0139427238174086,-0.0160657036850259,0.0171914236044037,1,0.08498082244033475,0.4388099873938674,0.04660711283440252,0.4296020773313953
2022-12-16,-8.610922019400672,1.6442190608076586,3.052932782674008,-0.0208454128869356,-0.0260748762155809,0.0251343890745312,1,0.045525856634585235,0.8094072398443516,0.14506689081953533,1.2701528071678453e-08
2022-12-23,5.259019000006877,2.5858040444730217,3.4921797442312026,-0.0155248728281695,-0.0453581569205335,0.0210637683947294,1,0.06685410568375569,0.7286051389408255,0.025932241908631495,0.17860851346678724
2022-12-30,5.777967062008379,2.0918226952711767,3.3797030434563604,-0.0035008847864557,-0.0237501395972157,0.0155597722960152,1,0.11793425099834916,0.6266850324490889,0.09229578031959484,0.16308493623296721
2023-01-06,5.822530030954568,1.5560579820321838,2.319089690290216,-0.008882740196546,-0.0328757093172249,0.0107766805924804,1,0.13411745337790593,0.7871018915660618,0.03104891941083172,0.04773173564520069
2023-01-13,14.181903156244976,1.587635974825346,2.0463629971096844,-0.0238488648627996,-0.0644453385026152,0.0232426303854875,1,0.08949958409532496,0.8665174914407737,0.04398292445952238,4.379006239094909e-12
2023-01-20,15.370124543625195,1.8825741780264476,2.6297348423307363,-0.0220679870391317,-0.0242460750724746,0.0227015825169554,1,0.12192202612354697,0.6658213213233565,0.2122566525525506,5.460255410648351e-13
2023-01-27,-8.256123413061813,1.8555716300105116,2.0535272327934826,-0.0216166405897541,-0.0096091515729264,0.0154147982062777,1,0.031651200599310716,0.5619150266003315,0.40643339542042334,3.7737993439319665e-07
2023-02-03,1.4876795035656785,2.0772679756488506,1.555805869490176,-0.009280027724564,-0.0068137941477078,0.0140434925555394,1,0.11472076829737471,0.3153218125684198,0.0912986171722667,0.4786588019619388
2023-02-10,-22.73431474685579,0.9975432647130106,1.5236766406941684,0.0139524871824978,0.0276007662535675,-0.0141274238227145,1,0.0054626999545220175,0.23559528479036915,0.7589420152551088,1.500421103568991e-39
2023-02-17,4.4469323429546,0.6114812734567622,1.6341065977998377,0.0181351213582716,0.0353435968669213,-0.0149673022013449,1,0.4411652146860718,0.43142000837309835,0.05400746722788268,0.07340730971294715
2023-02-24,-6.993707245187951,5.013621496630528,1.065193030188094,0.0322485700550392,0.050899010510915,-0.0295335357438587,1,0.4436762533214154,1.0598697557016079e-05,0.5563116544618736,1.4935191539709898e-06
2023-03-03,-8.569645442363601,6.365120356469584,1.389786468564052,0.0156051110139432,0.0357510386095971,-0.0149143121815656,2,0.11023874882272154,4.282420124796713e-08,0.8897612045858034,3.7672739520169025e-09
2023-03-10,-48.90921254327303,6.266243699071735,0.4861991086035445,0.0091286307053939,0.0271637816245005,-0.0030907558302897,2,1.736176133438762e-10,6.662887051911552e-17,0.9999999998263822,1.3534344158529671e-176
2023-03-17,0.9608130164001883,-0.0833937754959862,0.1436714189417046,-0.0014827367083246,-0.0175157455372118,-0.0024779092056665,2,0.10940956816051195,0.7094078413220124,0.07187400873750556,0.10930858177997003
2023-03-24,0.7166222614147657,2.72607176523074,1.9868295760697363,-0.0199403121257627,-0.0422788056420588,0.0201934015927189,3,0.06622989678017424,0.34750357759830464,0.07161349483413651,0.5146530307873847
2023-03-31,2.718339259561904,2.738872279138889,2.522334483723509,-0.0192784225179629,-0.0225942962281507,0.0194658642091405,3,0.04667380027551976,0.30778238593851326,0.06601731877963248,0.5795264950063346
2023-04-07,3.1428809971047755,3.451115135818295,3.201872679057279,-0.0237530599755202,-0.0211118930330752,0.023957158962796,3,0.033261543234487656,0.19394819417801215,0.0831568064860626,0.6896334561014376
2023-04-14,4.398197476657126,3.5935674829121687,3.13658012035729,-0.0207891387356808,0.014945188332132,0.0312148481439817,3,0.1108124450265819,0.07730962263222593,0.11563775347591253,0.6962401788652797
2023-04-21,3.722361596146072,3.812260689906636,3.746903762588252,-0.0125489739710616,0.026471825867411,0.0211876219682183,3,0.10284149505162726,0.09781940788380353,0.054860355969332454,0.7444787410952367
2023-04-28,9.859152398793947,7.186000923115918,3.996367105136744,-0.0082629309503834,0.0262791310568124,0.0166958767641358,3,0.16296842232480974,8.837460509492373e-06,0.8351117220433888,0.0019110181712919893
2023-05-05,3.418338379560102,5.342101188541866,4.171996932494101,-0.0086000861967637,0.020432101101063,0.0110101844205889,3,0.08660258350298569,0.023485495426906346,0.16719134855074222,0.7227205725193656
2023-05-12,3.786482876343001,4.742683567009267,4.187031260865791,0.0111174570663303,0.0145008782748436,-0.0137260249068268,3,0.08832769922166844,0.0437155087429944,0.09394679590802114,0.7740099961273161
2023-05-19,-1.0959703071444111,8.237106729604188,3.712313234129465,0.0135137789475749,0.0283233332091081,-0.0168350168350167,3,0.04086249037394148,2.3803468469095264e-09,0.9568612152104407,0.0022762920352711415
2023-05-26,-6.089250397093869,2.0815340869264967,2.590622349761227,0.0250543483606962,0.0318426941560585,-0.0269461077844312,1,0.09990637347529634,0.801679933467999,0.09838313988102838,3.055317567627103e-05
2023-06-02,2.6404019293208623,2.0722767942127382,3.4769372068367312,0.0276740371885311,0.0378953613407988,-0.0282239767674019,1,0.13496352066328368,0.3071198489484781,0.022774033642789175,0.5351425967454491
2023-06-09,3.7499310258625256,2.325373711367289,3.930113701336216,0.0085312764776346,0.0267452569533985,-0.0093087557603687,3,0.11063734719366161,0.3479565780548116,0.0267687643356002,0.5146373104159265
2023-06-16,3.771297903188612,3.792597284992015,3.362975073515696,-0.0092540553111495,0.0280505925415868,0.0121251388374674,3,0.19168166799232955,0.20195021918467584,0.07478357061481322,0.5315845422081813
2023-06-23,3.0736385130405544,3.4538825097656547,3.995568961959792,-0.0125040784599735,0.02175845273225,0.0154778554778554,3,0.09111764615793766,0.26114611131968923,0.04593502338797232,0.6018012191344008
2023-06-30,3.405688533989428,3.120710418312418,3.2103712943662104,-0.0106042397731097,0.0312957736415275,0.0190511766903247,3,0.17639368605500932,0.14007356582285874,0.04423957809470787,0.6392931700274241
2023-07-07,3.114508442590714,2.7653626909306297,3.1968552010727107,-0.0124086252015799,0.0195902551038715,0.0204670201879246,3,0.09754678914393106,0.1635189545588014,0.043935861397404304,0.6949983948998634
2023-07-14,2.7799718604551584,2.019442320858526,2.8785408639281043,-0.0227790655595004,-0.0217858779567807,0.026886145404664,3,0.04284277317443665,0.33860060412108045,0.04445304029178197,0.5741035824127009
2023-07-21,2.122971033119417,2.2804293418801693,2.370717431559396,-0.0178031738627639,-0.0131528584849854,0.0214856303369754,3,0.055003953487057014,0.31810764558518495,0.057824976077041824,0.5690634248507161
2023-07-28,2.519338677986945,2.5814416376535654,2.812271436614128,-0.0125349813432834,-0.0219627948868953,0.0095307917888565,3,0.04279985440618182,0.31920399516754255,0.03943934105407253,0.598556809372203
2023-08-04,1.1672725761485203,1.073137330932513,2.645196029487477,-0.0024933510638297,-0.0022521729950384,0.0038289725590301,3,0.086902170433194,0.3026662113759582,0.02672826188135607,0.5837033563094918
2023-08-11,0.2854480749577789,1.231125477871173,2.0164570004515947,0.0293052024741276,0.0449025190096938,-0.0252026004096533,3,0.29854605366965664,0.32356881592654263,0.04272650448877157,0.33515862591502915
2023-08-18,1.5626474312897358,1.2260996048895396,2.113381747618152,0.0227958563781895,0.0252811960086032,-0.023191011235955,3,0.15395193945899174,0.3674133142737016,0.02855096140959355,0.45008378485771305
2023-08-25,0.6187917851774309,0.978362055369384,2.2336071805885336,0.0241581547302747,0.0372613608189,-0.019426289034132,3,0.24245925708190594,0.27437506872880946,0.035985747311717727,0.4471799268775669
2023-09-01,6.534791296090892,1.9060765202542629,2.787225227609277,0.021751276747993,0.031601594187564,-0.0214331123422033,3,0.3610129630938933,0.5470400283134772,0.048196247052645906,0.043750761539983585
2023-09-08,2.948695730113226,1.847668756412213,2.6803167770641614,0.0218587736527879,0.0195895844111053,-0.0224282843047689,1,0.13690887778315206,0.31252121926557874,0.023717414126452188,0.5268524888248171
2023-09-15,3.409506772852532,2.5943335804214778,2.685638013810045,0.0188343409915356,0.0168168374716282,-0.0193245605963007,1,0.15631157197984974,0.25560564272721037,0.03730132921459812,0.5507814560783418
2023-09-22,3.7137524144336345,1.7108345579107045,1.9987192572945849,0.0144700558240531,0.0133515451596377,-0.0137011664506573,1,0.2034973815674294,0.465358665225092,0.043608030566147475,0.2875359226413312
2023-09-29,1.6484247214301633,1.2010879203897198,1.201816351410346,0.0190721056065084,0.0214024411090976,-0.0188399071925754,1,0.2182490536944214,0.4629800390648828,0.05259919979658591,0.26617170744410995
2023-10-06,1.3340895698038928,1.115405451913042,1.6001691088253291,0.009077933200114,0.0102831241754894,-0.010560254193729,1,0.11675381976232602,0.4845020960321434,0.03954071314381842,0.3592033710617122
2023-10-13,1.9161777697704707,1.2432564621438196,2.0737111794721184,0.0125899622111238,0.0116684141103255,-0.013699915548466,1,0.11492604852009654,0.40353477961918865,0.028331040266653618,0.45320813159406115
2023-10-20,1.9847670219050093,-0.0904502599778936,1.0439546594861795,0.0054933085818738,0.0099406928157435,-0.0056316876290596,1,0.2305892063627094,0.44402247517162186,0.07082111577673907,0.2545672026889296
2023-10-27,-11.473454488882162,0.3081466547736205,1.0175680412200534,0.0031537129085705,0.0016066945606694,-0.0006148316307225,1,0.136471840139422,0.6377461144541321,0.22578204531419238,9.225377111476987e-11
2023-11-03,1.780404266388026,1.28768704906277,2.013417889502492,-0.0096469390064503,0.0004017812301202,0.0135537190082644,1,0.10163636702984,0.34647722911690665,0.047995886104830146,0.5038905177484232
2023-11-10,0.8074339487659173,1.9343009049298845,2.4129327075640363,-0.0073794163978695,0.0130716769189622,0.0163638093425937,3,0.1114688733215542,0.2023087135219914,0.062434722954892,0.6237876902015624
2023-11-17,4.261898959461473,0.3300326618961013,2.753573985556373,-0.0211561466801052,-0.0014680858162889,0.0297338115914671,3,0.26438845587433024,0.06384495795521028,0.10123027540404454,0.5705363107664149
2023-11-24,10.756592703146216,2.213528655922838,3.6231996839259546,-0.0296173950581368,-0.0011362497075829,0.0355402015995458,3,0.31333197289495524,0.4596706942071984,0.22690697276631136,9.036013153499258e-05
2023-12-01,-0.4660978239356254,1.9420895355190075,3.3651326330367946,-0.0166918997152951,-0.0172027176277652,0.014164569937564,1,0.06269303128505453,0.5638239501683768,0.07025025934411538,0.30323275920245324
2023-12-08,-3.550569799737965,1.8885557973314664,3.4315059796425453,-0.0174851928472243,-0.0433620433620434,0.0074885331835627,1,0.07545871596334762,0.7750783957719534,0.14201458014075324,0.007448308123945839
2023-12-15,-13.19262047025914,2.657321011186962,3.469115170782422,-0.0131547292550787,-0.0499214755906036,-0.001237510312586,1,0.011024032501256175,0.5383211381401292,0.45065482935861456,1.8646634810146856e-17
2023-12-22,3.302445947934207,3.121661730355129,3.3630377674555185,-0.0164888833012586,-0.0469738030713637,0.0064893519787951,1,0.039746618144727054,0.14144103656395485,0.04533847628489135,0.7734738690064267
2023-12-29,5.108252180365507,2.8850047171002227,2.949863813953058,-0.0187376534841385,-0.0392303762983141,0.0141505099696774,1,0.08158069549588418,0.47682133068248594,0.07930815021561788,0.36228982360601186
2024-01-05,3.032366014256399,2.8510684635435424,3.190875478541174,-0.015363907316604,-0.0019317672220495,0.0166310508222615,1,0.052137531577290425,0.28403334276914105,0.0498707978816708,0.6139583277718977
2024-01-12,5.848187382760398,2.6307007201820443,3.2965295589541355,-0.0014236957581665,0.0193437203249746,0.0050938460832452,1,0.21002744588137254,0.5198124921048677,0.061545566675114446,0.20861449533864526
2024-01-19,6.987662610059867,2.317526505084106,2.3763163226827326,0.0156345257527188,0.0402317008952082,-0.0103523428986557,1,0.5377954293849959,0.3831441879847079,0.06798593074901461,0.01107445188128162
2024-01-26,9.374009245893363,2.208324011831579,2.448436838377336,0.0207237523807644,0.0504022968135262,-0.016580592552324,1,0.6097335400003041,0.34478663439770096,0.045418738975293575,6.108662670148184e-05
2024-02-02,-1.0560700721437313,2.222730422551461,2.486231806113432,0.0147443658946215,0.0257145819652302,-0.0142569914092487,1,0.15986728272534959,0.5855474619519799,0.06255315921652556,0.19203209610614483
2024-02-09,-6.824510748159563,2.314748598410214,2.847742462113991,0.016669270731612,0.0303626263671807,-0.0152497488813806,1,0.09681182738297055,0.7913185309511652,0.11186670439743424,2.9372684299787757e-06
2024-02-16,2.234457766954488,2.291311047456283,2.437847139561866,0.0095558051274109,0.0139718538017616,-0.0111947146265373,1,0.10056716301475135,0.3569275047014959,0.0387253112393701,0.5037800210443827
2024-02-23,1.1521648685271877,3.816548625084186,2.1544193932190727,0.0048630514439298,0.0157921376750462,-0.0031324857195504,3,0.19003394027904416,0.04128473896276684,0.15501481138711704,0.613666509371072
2024-03-01,-4.230607436578012,4.220055160036419,2.6807776521132465,-0.0005869786955601,0.0116925565252554,0.0049137771184868,3,0.2380358200725441,0.08247799927232198,0.6761307742189097,0.0033554064362242013
2024-03-08,2.2634508200224888,5.939317367046698,2.2553597002628885,-0.0134375810433093,-0.0150018417439641,0.0143731454005933,2,0.058193556162013056,1.8509588130750235e-05,0.5119792882905186,0.4298086459593376
2024-03-15,3.932139815699693,9.018460524185592,2.495170427385843,-0.0080843922320785,-0.0079214511565982,0.010486265775798,2,0.013573685698719742,6.217535153858431e-15,0.9688411051757281,0.01758520912554603
2024-03-22,5.005853551244968,3.836745020414954,2.898625820416162,0.000654248768473,0.0061123476065509,-0.0012014787430687,2,0.2009779995920149,0.1523214614189993,0.1614269364163092,0.48527360257267654
2024-03-29,7.442629139196109,3.238538266574275,3.10440738700049,0.0065953534050318,0.0080269118038902,-0.0040594150751918,1,0.3620359083652507,0.447671077558707,0.1364600404908975,0.05383297358514495
2024-04-05,-4.41434293405119,1.6253224228717364,2.327079376137636,0.0154412337409457,0.0309026007139212,-0.0093244355059878,1,0.26426697252278314,0.6148292459931728,0.11773644193905143,0.0031673395449927
2024-04-12,-1.637196231336393,1.4264796705122678,1.9807576651077168,0.0251952973934568,0.0285838896903409,-0.0225916062080998,1,0.26168311576087194,0.524111768865129,0.06186705393061206,0.15233806144338688
2024-04-19,-9.266020713521932,0.927277635742066,0.744162544196745,0.0206722818353142,0.0211641958596096,-0.0140186915887851,1,0.36592318205900315,0.3431992051964458,0.2908774833699819,1.2937456913057116e-07
2024-04-26,-3.73088539053732,10.020260456968035,1.5086101214075964,0.0133147131406272,0.0463902197257557,-0.0093561834182493,1,0.05342652388298735,1.1725582275409073e-21,0.9465722793251143,1.1967918984146438e-06
2024-05-03,-13.76384715145451,3.480475362174822,1.881045842427317,0.0070183512627282,0.0090687244426859,-0.007105287441174,2,0.055250860330095616,0.08446568059958662,0.8602834590703178,8.511803957719511e-17
2024-05-10,-12.28880887721316,2.098297210696835,2.624336668505328,-0.0069503385578755,0.0159170227339446,0.0120266842055809,2,0.06452080498766183,0.5730858459514615,0.3623933490608465,3.03184456147694e-14
2024-05-17,3.5130219797752886,2.5283686580723463,2.9483735344412074,-0.0160992520300695,0.0066282979824108,0.0203181455586316,1,0.08786441220443475,0.2855643849004917,0.055178873789348167,0.5713923291057255
2024-05-24,-20.148448397163158,2.2393421978368364,3.28642461679634,-0.0114595329343579,-0.008462534339575,0.0143070880867777,1,0.0032140510894716656,0.4154092171304799,0.5813767317800485,1.0671163010400419e-35
2024-05-31,-3.500247385673448,1.5499741408899166,2.5718758183035684,-0.0034180710273254,0.0282362168698324,0.0077137546468402,1,0.27986189215016954,0.6034916088029004,0.10062062597181529,0.016025873075114664
2024-06-07,6.907147153799218,1.648254733708319,2.6479554696033234,-0.0039505797665737,0.0062927408739203,0.0028780985980876,1,0.21428165787419226,0.6901624422065888,0.07542524622164154,0.020130653697577452
2024-06-14,4.4601231776718855,0.4116125838474946,3.457585859590099,0.0105797309588782,0.0110493688369255,-0.0156364974245767,1,0.236901407312642,0.07419165960807017,0.04317798774555618,0.6457289453337317
2024-06-21,1.0679835870558665,0.1250145150232831,3.134675070284968,0.0102364309995799,0.0178338269481865,-0.0141974739559326,3,0.15975967597607507,0.0592233392646058,0.04026949314563244,0.7407474916136867
2024-06-28,8.314380465053663,0.6219405142429576,3.4833243423694045,0.0114167247852796,0.0225026221275785,-0.0118048510559808,3,0.7330280436938181,0.1855878003799492,0.07152271765451064,0.009861438271722082
2024-07-05,6.82518485960253,2.0166861862200127,3.580936195006774,-9.53425179959222e-05,0.025651660657882,0.0033327161636735,1,0.3419635084708153,0.5181098217446028,0.0542432279343698,0.08568344185021208
2024-07-12,6.798694449610792,2.492031235399263,3.5586798763714853,-0.0138038844149691,0.0032404612891951,0.0192020183143342,1,0.17116359978774096,0.5960599411730687,0.09675157666279713,0.1360248823763931
2024-07-19,7.861102969664893,1.9919843570192557,2.4870370247032243,-0.0132330144806986,-0.0143925409092332,0.0173945571869451,1,0.14619752348979193,0.7502060395975865,0.09929091588893979,0.004305521023681846
2024-07-26,1.395686500304263,0.9091997990390356,1.4893710434470768,-0.0146411501331872,-0.0443256348885643,0.0134391040597297,1,0.07953603920725276,0.6531362719840202,0.02011654146099768,0.24721114734772948
2024-08-02,3.743425892296452,1.2418607754838138,0.5523185847652169,-0.0158951132300357,-0.0882819547702743,0.0065510241742019,1,0.3746769694382853,0.5949700707488839,0.006395959620383953,0.02395700019244681
2024-08-09,9.968401602770507,-1.823759283423686,-2.9188744288458373,-0.0092033085798275,-0.0713448810918649,0.000825120330048,1,0.024570337230242222,0.9048691806824243,0.07056048208733062,2.7414284661101126e-15
2024-08-16,4.191366356352818,0.9564124506916768,1.3418956649879292,-0.0185160350971304,-0.0628868924796038,0.0137420718816068,1,0.10959942976645448,0.8266453547869608,0.017762679628567816,0.04599253581801687
2024-08-23,-7.76428351970245,1.5165821482926602,2.231407325765512,-0.0344913531960582,-0.0607253211904376,0.0306197624090613,1,0.0352427537952307,0.8502601440324066,0.11449622365363647,8.785187261311951e-07
2024-08-30,5.276563860759766,1.8247213380706373,2.209419080859136,-0.0146306487869158,-0.0024907025145859,0.0126959391328256,1,0.1388185319464475,0.670971080651193,0.11008260624598601,0.0801277811563733
2024-09-06,-0.3855381785383461,1.2772893617155114,1.1109285875422672,-0.0189848257138702,-0.0295983086680763,0.0154353501580175,1,0.056989017075184896,0.5917591740375926,0.0898081276609721,0.26144368122625034
2024-09-13,-1.1764938174909954,0.5760142836472287,2.002773202935461,-0.0131657281164908,-0.0458333333333333,0.0043523597950763,1,0.09808246499815185,0.4925654887309839,0.04694811713115563,0.36240392913970865
2024-09-20,4.436239456499829,1.6317187624597775,2.683917126010017,4.964355924430564e-05,-0.0032897015028742,-0.002591252289684,1,0.11800009230413308,0.5153693452957503,0.03984941077092902,0.3267811516291876
2024-09-27,0.8576146185066605,2.3734376559912524,3.2142647595016305,-0.0129501071800822,-0.0272609112053632,0.0105001131477713,1,0.042851144249671076,0.44550561685845563,0.03127003543974688,0.4803732034521266
2024-10-04,-3.432348225890357,1.4236324483781295,1.9923292011373537,0.0132737677535408,0.0452245414294751,-0.009742895805142,1,0.32057154477691946,0.5961168700694875,0.06967356589564389,0.01363801925794916
2024-10-11,-7.294302847289944,0.7313919743742321,0.9448657896443948,0.0175643333267403,0.0590052188731493,-0.0125039498036382,1,0.5410741786578421,0.3565373350978193,0.1023743463458826,1.4139898456119534e-05
2024-10-18,-2.0611657894812,1.0528002350001642,0.6868661607230443,0.0275011665657298,0.0390855713441959,-0.0265173572228444,1,0.34819036779083873,0.48437116383958767,0.09788039457373643,0.06955807379583726
2024-10-25,2.016545092728807,0.5852341461993724,0.3179242690286269,0.0386128849084985,0.0710995463975525,-0.0330093608635285,1,0.7605292640473004,0.16710985850914786,0.05354383075053633,0.018817046693015444
2024-11-01,1.4914621357472768,-0.2193933719692374,-1.0753661215767778,0.0171868903628558,0.0287443267776097,-0.0129816889860617,1,0.4623940869813432,0.3386841785396404,0.19311603254049314,0.005805701938523197
2024-11-08,-1.9659156729128384,0.1288298436707698,1.014411144964766,0.0204781805812033,0.023433571356733,-0.0200676540501008,1,0.25233472591886713,0.5416290125769669,0.06958594147607217,0.13645032002809368
2024-11-15,-1.2985865180574023,0.7370994681178111,2.7770041270707946,0.0308619906660354,0.0321318710712854,-0.0299084341784382,1,0.2884379721183563,0.42728425944463955,0.0497558707630763,0.23452189767392784
2024-11-22,7.240785586414006,0.2805983543073651,1.8040026919089576,0.0316237758615727,0.0160861429368703,-0.0349235757295043,1,0.5705739189338094,0.375632701392938,0.04965605692937674,0.004137322743875885
2024-11-29,0.5405641577127265,1.0028777202893395,2.677143811556385,0.0139525517347194,-0.0211437908496731,-0.0238128201578291,1,0.09301048002305166,0.17161459093584402,0.013351880900005003,0.7220230481410993
2024-12-06,4.224965378277263,1.5313054172223102,3.875857869358886,0.0100764783755729,-0.0170662997903561,-0.0139011988617809,3,0.13695754047469028,0.18732633673862492,0.00933337147306034,0.6663827513136245
2024-12-13,3.4770545170614424,1.1901324341227897,4.206913321251959,0.0029619353810681,-0.0044705043895171,-0.0036996632357824,3,0.10948847701323193,0.10782225124013227,0.01667038445719573,0.76601888728944
2024-12-20,2.2486560146731183,2.0567865772208207,1.407463300285626,0.000622942893802,0.0107266324189847,0.0011518525628717,3,0.18844361096775494,0.3899021926711337,0.09097584875921587,0.3306783476018955
2024-12-27,5.811973704788807,1.1796116067515243,3.214934783805867,0.0213832433301495,0.0538844189229792,-0.014040561622465,1,0.6228629850874896,0.20002450182379958,0.03628920283220268,0.14082331025650816
2025-01-03,6.719049815351497,1.2829092222906513,2.024297950088301,0.0273160152750928,0.0483220581864229,-0.0246463881924406,1,0.5156904772560411,0.4335429097770696,0.04533204202932423,0.005434570937565014
2025-01-10,4.472985887580445,1.5246454143049075,2.2710176786932608,0.0247376241787613,0.0263577495037585,-0.0244703641990001,1,0.2851030823267716,0.4554593753719752,0.039916836651477244,0.21952070564977597
2025-01-17,5.195932394338628,1.383411130011826,2.1310570435705443,0.0165766904228727,-0.0007032573602274,-0.0151965484180248,1,0.31170509977162864,0.5336335636897622,0.0335505901552949,0.12111074638331426
2025-01-24,6.956624686262435,1.4374215286124,2.53053657240821,-0.0051389840552604,-0.0115943865429086,0.0063291139240506,1,0.18702700924892526,0.7366579475797571,0.05711331338430145,0.019201729787016175
2025-01-31,2.729454601176978,1.5260342982618442,2.288097780500146,-0.0053418018944123,-0.0132244015640394,0.005286642739354,1,0.07660032199566456,0.4456896245765298,0.029570029739336947,0.44814002368846867
2025-02-07,2.319904339072214,1.245673850345046,2.292430801196633,-0.0146830825353396,-0.0398528898893505,0.0080035137377383,3,0.057842158137260756,0.38500940548784174,0.03086416607661983,0.5262842702982776
2025-02-14,2.823305544867602,1.2136164466044732,3.293031593020779,-0.0246332434532243,-0.025335082051118,0.0215645231952488,3,0.06666562886918713,0.15784450500885153,0.055115394800938494,0.7203744713210227
2025-02-21,1.5332316282184688,0.8508302660314172,2.527693530364163,-0.0077343335536051,-0.0430114419409635,-0.0033352391842959,3,0.06381812437944652,0.16188564254046708,0.02374610054015821,0.7505501325399282
2025-02-28,-1.119061738723491,0.0500740941044721,0.127793843474381,-0.0069761003967888,-0.0295093585902516,0.0012061562213536,3,0.07832791162038656,0.7267944824114293,0.0741847718594524,0.12069283410873151
2025-03-07,2.634865198936859,-0.1085200879228164,-1.4300448762273448,-0.0388930025916327,-0.0223550389644695,0.0489954006293873,2,0.09872816165297486,0.055828927285917686,0.8448089395997626,0.0006339714613448736
2025-03-14,-1.6916951807070753,-1.151781183585086,-2.0523971977488875,-0.0280386093149656,-0.0243526206964456,0.0369293814924234,2,0.15138540417239565,0.07816116514467586,0.7674737613305475,0.0029796693523810995
2025-03-21,0.1172863328728823,0.2682658065266029,0.280104945869455,-0.0236746332495403,0.0001339629592418,0.0340376709054399,2,0.31505697223625106,0.12187624257605789,0.3155053237394286,0.24756146144826252
2025-03-28,0.9155035412615368,0.5391967736127405,0.9504931273245668,-0.0331741223260914,-0.005244813278008,0.0435620663068616,2,0.21609808976868614,0.08082451615886692,0.24949152578104475,0.4535858682914022
2025-04-04,-6.007781819737284,-1.0405414741153236,-3.872111460812632,-0.0078487644215027,-0.007565778363225,0.0113075183458712,2,0.11862778175260898,0.03718335688377369,0.844178986758516,9.874605101222684e-06
2025-04-11,-6.380665031667413,-9.091012950272448,-11.61286499135498,-0.0348637652095104,-0.0343795203014092,0.044115619686595,2,3.87421275869696e-08,2.2586507100695012e-11,0.9999999612352859,3.495779688029286e-25
2025-04-18,2.477964546927157,-2.0866498709265158,-2.8782436103981794,-0.0452693874413956,-0.0478183705588854,0.0533980582524271,2,0.02243091774522822,0.02777951803587713,0.9497880853793731,1.4788395215754516e-06
2025-04-25,0.7559484165025999,-0.925226613289162,-2.0360784733073687,-0.0439525585329284,-0.0409784095838758,0.0495936461026966,2,0.05549984389523077,0.10694535239136081,0.8369333359890685,0.000621467724339857
2025-05-02,4.557233691893598,0.2785665630071299,0.2258877561112107,-0.0290517651398232,-0.0133410475444986,0.0310332238043082,2,0.17873360009324454,0.5031006610709293,0.31355401173177166,0.004611727104054335
2025-05-09,1.972832454285733,0.7757795411996444,1.260341730812683,0.0023675850632352,0.0127852290541716,-0.0099027331543505,1,0.08952655598964093,0.6247516855944134,0.11796670453486674,0.16775505388107884
2025-05-16,2.634954099205559,1.4966879057161222,2.7221491932771893,0.017267750764772,0.0243010374538417,-0.0201009436032478,1,0.11549116575412385,0.3709573366859723,0.02830657288970915,0.48524492467019475
2025-05-23,2.561058193454808,0.8426052090144225,1.9605079862646804,-0.0036090920971943,-0.0078638783534571,2.220446049250313e-16,3,0.09575763218135568,0.4381869187789178,0.044374517168885824,0.42168093187084066
2025-05-30,2.323313799474263,0.6252708715157833,2.349377412977937,-0.0070078976307109,-0.0061743299644717,0.0046033994334278,3,0.10573861494223304,0.25945231562516385,0.04222460256570321,0.5925844668668998
2025-06-06,1.829863208120658,1.2021896696346228,3.235121393384465,-0.0113315859237187,-0.0033709411117226,0.0130689900426743,3,0.07965266798378018,0.18682412630818843,0.030192542133368826,0.7033306635746626
2025-06-13,-0.7912388230397024,1.094448793911169,3.076141034765184,-0.0287658766272307,-0.0105404106296778,0.0348457025126531,3,0.15412662998719986,0.190238957741402,0.136114210124332,0.5195202021470662
2025-06-20,1.3085602078326648,-0.7573103998371915,1.7485185404347832,-0.0040862862216484,0.0247606354995968,0.0138583369995599,3,0.4037496769250667,0.010846576640515557,0.06230400636526254,0.5230997400691552
2025-06-27,1.3512145813247485,0.5190999103163474,3.105574751194339,-0.0194102427287096,0.0041996390392891,0.0327811068029606,3,0.09680744536793362,0.01656834378144032,0.06952864081548962,0.8170955700351364
2025-07-04,3.1003002553276984,0.8176571955016009,3.326212140016736,-0.0203826535755327,-0.0021398495202594,0.0336989907854321,3,0.07607574366841752,0.031585431140792035,0.07375315735230642,0.818585667838484
2025-07-11,5.633038463510812,1.3302232713191071,3.590852198295063,-0.0033712213802655,0.023040355321142,0.0119021856740961,3,0.3296323209153009,0.18666269540142777,0.060310808655955214,0.42339417502731613
2025-07-18,1.6136565379654713,1.074364249470251,3.1579622261130167,-0.0022794735935646,0.0187206954379,0.0089824256888695,3,0.12832101972195864,0.12260536781773998,0.02949416708126186,0.7195794453790395
2025-07-25,1.3078397225249765,0.9833520282953204,3.805290551895193,0.0025051077504338,0.0207721287111601,0.0018771331058018,3,0.15686962509347385,0.10390247694986707,0.029827853805088504,0.7094000441515707
2025-08-01,1.786079380968831,1.1524985990931538,3.128394612277463,0.0201790491870756,0.019472883231876,-0.0164275405382461,3,0.13660762155631262,0.2058365824976889,0.019045958589035045,0.6385098373569634
2025-08-08,1.486580284722783,0.829426479794449,2.3861492638167543,0.00334174731485,0.0021029067598277,-0.004277159965783,3,0.09886746871736318,0.30084409665489875,0.026313657804094087,0.573974776823644
2025-08-15,1.9980538892777664,1.5659651160720969,3.1418281059543607,-0.0063971081009729,-0.0109856883692806,0.006193015654567,3,0.059586145691792554,0.3062419864497372,0.021699191045906646,0.6124726768125637
2025-08-22,2.296141170268976,1.5591351622041707,3.091132948536377,0.0007271237646575,-0.0049095957201868,-0.002171691364333,3,0.06675231072568168,0.2983830967576093,0.019271841691509313,0.6155927508251997
2025-08-29,3.687145756458018,1.899769022410916,3.667861065104451,-0.0138187026558135,-0.0022391857506361,0.0086746363989469,3,0.0809708762002325,0.25106987946883835,0.06773018969446562,0.6002290546364636
2025-09-05,3.166784047780065,1.4439943185625554,3.203476572392238,-0.004196374006926,-0.0021661871721102,0.0067869415807559,3,0.0822214868433173,0.2674306930429528,0.023760821232048795,0.6265869988816811
2025-09-12,1.6621830922159395,1.7243233849010529,3.3281551783491734,-0.0030862935862323,0.0032270117870851,0.0030774491366045,3,0.0675488171839397,0.3053724217116368,0.026068009014349264,0.6010107520900743
2025-09-19,2.276125433873466,1.9903875674003992,3.0238573559371216,-0.0007368291784355,0.0069413726224101,0.0024751418939099,3,0.07043129055854912,0.32361244113368126,0.02569040457833639,0.5802658637294332
2025-09-26,6.087390214669891,1.9189738265545115,2.9046727924512807,0.0038968610324123,0.0167295725798226,0.001369159678247,3,0.26396677577055017,0.5506648100149945,0.0622079275587702,0.12316048665568508
2025-10-03,2.614545865815278,2.204944778095641,3.026217470502817,-0.0004602733000573,0.0003392015196228,0.0020052905538017,1,0.06413186014871167,0.326887946291922,0.024827271906134808,0.5841529216532315
2025-10-10,-1.7188517561168797,1.7374716400017938,3.030691806660795,0.0146386468477706,0.0237353558610418,-0.009715357081984,1,0.19133016392203325,0.6383126811129762,0.06403020473070152,0.10632695023428908
2025-10-17,0.7417863201694296,0.8353864810776119,0.7565990461831702,0.0080803736020647,0.0180448078937585,-0.0080030650036184,1,0.18256109738165519,0.5667034358809316,0.07063448880912794,0.18010097792828508
2025-10-24,0.1768590019459714,2.137827450484073,2.197153376815011,0.0081506235226997,0.0225076084411894,-0.0064946163049049,1,0.14454294299822057,0.4264332283154701,0.05202830447022944,0.3769955242160799
2025-10-31,0.8656816831024947,2.8640064917158425,3.2839558902985724,0.0212948845205327,0.0444203316265978,-0.0176282733659783,1,0.19699612182230306,0.351780432013561,0.046071494209299485,0.40515195195483633
2025-11-07,0.3416306877747132,1.3228683919121242,2.6344305027605226,0.0063145345430295,0.014883413262775,-0.0046471600688465,1,0.11455901770187922,0.3921627568477071,0.03200272726618429,0.46127549818422947
2025-11-14,0.0974668094991386,1.31450981109804,2.714393338881597,0.0087978625054605,0.0259567829521689,-0.0026176887096081,1,0.1762624353478215,0.30699305392238974,0.04167814340883207,0.4750663673209567
2025-11-21,-2.6914866640014,-0.9624784637492674,-0.351537810049674,0.0124100574015684,0.0230588081376335,-0.0097626010665748,1,0.41654969381974793,0.3583403257644034,0.17694185489850245,0.048168125517346116
2025-11-28,0.9987927222260596,1.3899249297319958,2.248055065655024,-0.0036070698569194,0.0140904516087141,0.0052446794677301,1,0.11507808237765667,0.3725620996285827,0.0406076621898041,0.47175215580395635
2025-12-05,1.240152742177304,2.9665376214557315,3.5222724627680053,-0.0061343533829301,0.0125142577806744,0.006614214075739,3,0.06775975071454646,0.383987582413168,0.04955544413821287,0.4986972227340726
2025-12-12,1.1843706392597355,3.15452659273982,3.766964153943,-0.0090635353830351,0.0082823773011098,0.0102831081662506,3,0.05922678740310343,0.38143042405851024,0.05529724027617039,0.5040455482622159
2025-12-19,1.9943721315602605,3.010136183254193,3.2895533265222774,-0.0157815931323618,0.0087598708398604,0.0171118349619978,3,0.06630230820934024,0.2778839866457177,0.05634231954463166,0.5994713856003103
2025-12-26,2.9257552353795706,3.726989566572292,4.073028335520559,-0.0142995052491855,0.0024971986553543,0.0152207657813039,3,0.04186700649315994,0.22614443684015667,0.05970941749456796,0.6722791391721153
2026-01-02,6.668774482501445,3.424402365070044,4.240225548215305,-0.0057378374010019,0.0095915542824036,0.0066566459093837,3,0.14660503273232248,0.5301074890337765,0.08285506967199467,0.24043240856190623
2026-01-09,3.9754209352545296,2.9721317558411213,4.0429033132778525,0.0074594254006645,0.0132199582865393,-0.0087304629274732,3,0.07323552873343128,0.30281645322175804,0.028561570967632663,0.595386447077178
2026-01-16,2.7959822747212093,2.7700637027205426,3.725383666579376,0.0080528200083165,0.0022184895255603,-0.0094367821000043,3,0.06041115367932703,0.26683648607643323,0.02076843801203883,0.6519839222322009
2026-01-23,2.702710703126533,1.5897014269038716,3.084713255261844,-0.0043153577768254,-0.0054290550250695,0.0047143767254196,3,0.06718602832664623,0.30642875447077694,0.022392632431455145,0.6039925847711216
2026-01-30,0.9635662826602888,2.15117967717424,3.472099761861524,-0.0145594570429976,-0.0131348232218573,0.0110921501706486,3,0.04708024144772014,0.37961927110800825,0.04988308883076764,0.523417398613504
2026-02-06,-0.3832896871336899,1.909229927582256,2.355257924002104,-0.015131187394712,-0.004243595021693,0.0153806495961505,3,0.07508503209028568,0.49123003080255717,0.07231137599014269,0.36137356111701446
2026-02-13,-0.3999052390873459,1.6328780862020178,2.4928975554831423,-0.0249313331924782,-0.0342156025677513,0.0232347616173806,1,0.04968263196181092,0.5481951377359625,0.061680674612244885,0.34044155568998163
2026-02-20,-0.4215026786092721,0.9819706754302544,1.52772417785636,0.0020184633039275,-0.0041100728895742,-0.0039313493405478,1,0.0954611746016347,0.5563735762015758,0.04224674087023844,0.30591850832655104
2026-02-27,-1.1017376887987524,1.6409665753887814,2.382078962212652,0.0063614149766473,0.0082700694556612,-0.0030379746835443,1,0.13957915662105436,0.5741668402222145,0.05101941195655039,0.23523459120018078
2026-03-06,-6.6854813101985,-2.188507136188524,1.1533541687512454,0.0138580193172392,0.0036892154056544,-0.0167978336295168,1,0.6575548707064572,0.022235034715682934,0.319350192692954,0.0008599018849059673
2026-03-13,-5.027233217097362,-3.7937928478157152,-0.9885856830884258,0.0355672496517567,0.0460037326872071,-0.0380840038758055,2,0.31590019380835216,0.0023513221881815705,0.6762461708933912,0.005502313110075055
2026-03-20,-2.4612989330795,-3.168492263960529,-0.0187893233399023,0.0189271544848463,0.0267934870224086,-0.0178669948648305,2,0.6208325904757117,0.0019947845873844457,0.2664405028850237,0.11073212205188011
2026-03-27,-4.888738606595594,-4.686264266519289,-1.33394778995806,0.0260531923612818,0.0273621479606551,-0.0257321821567632,0,0.3773803402511855,8.676015300937958e-05,0.6176059880687188,0.004926911527086296
2026-04-03,-0.2930136024015866,-2.873976928382505,-0.3849165391549596,0.0124563069524983,0.011343832187332,-0.0087360674785903,0,0.6530844329315594,0.010529939935781397,0.23617065530444284,0.1002149718282164
2026-04-10,-0.4529059910768239,-1.8209931732859204,1.0436587363668792,-0.0170582491381198,-0.002723345645777,0.0265843296982435,0,0.44231526332280824,0.0026380341739920383,0.1829028158405358,0.3721438866626639
2026-04-17,1.15850209358685,0.1984014791373531,2.6832807634791123,-0.0155448734031129,-0.0037367330276957,0.0166364186327885,0,0.14039376592226652,0.06584553956786054,0.048844959709348046,0.7449157348005249
2026-04-24,-0.1765124742183538,-0.4938094970351834,2.865055815810307,-0.0161556050363949,-0.0059254639014502,0.0184187662901824,3,0.2549399584591897,0.013518506361071023,0.07090303381437235,0.660638501365367
2026-05-01,-0.3195760785230789,-0.3573051155666519,3.0951038208254897,-0.02058491902733,-0.015853620327725,0.0177129460797083,3,0.2319001020526439,0.014122086709875277,0.11300145387307628,0.6409763573644045
2026-05-08,0.2299877925887642,-0.7029343039762133,3.431679179666098,-0.0076026355803344,-0.0164788599767727,0.0056313993174061,3,0.2774088751146278,0.005575760259238382,0.04312063424047341,0.6738947303856604
2026-05-15,-0.1169631404580798,-0.2064449120268492,3.300068197111588,0.012089950865461,0.0008825290761811,-0.0116886980915542,3,0.30330866781391425,0.054503365252606226,0.030118546388935113,0.6120694205445444
2026-05-22,-0.4792815142248571,-0.0706124824912884,3.1977349112240523,0.0071651121959139,-0.0010666666666668,-0.010151851219928,3,0.2544262987760128,0.08046044179212838,0.04699768372084649,0.6181155757110123
2026-05-29,-1.5767991303793252,1.2579684763192975,3.731454599420448,0.0076612738905417,0.014135175575435,-0.0052043341011858,3,0.22137383007280678,0.5875025639205761,0.07127718299013201,0.11984642301648502
2026-06-05,-0.8329823621450927,1.8161514643937309,4.270840788883005,0.0221552604698673,0.0232654624369692,-0.0224843034108266,1,0.1802938512166808,0.6433021660663635,0.05306237588545209,0.12334160683150368
2026-06-12,-4.501135411117856,1.0846577780669864,1.9195578695929207,0.0046633898714796,0.0091324200913238,-0.0049458111130228,1,0.12274835345998204,0.7921411711197717,0.0809515362802168,0.0041589391400296575
2026-06-19,-0.6751494417805615,2.681204124106933,3.4396716615510976,0.0162234605346689,0.0131905404980996,-0.0115487373955014,1,0.1621494315066064,0.5508726484008468,0.06677521389655099,0.22020270619599583
2026-06-26,0.1981515213161387,2.460748229097066,2.4932168220794817,0.0247603833865814,0.0155705540731438,-0.0236706689536877,1,0.2085245433337302,0.25264286547857956,0.044479140372484516,0.49435345081520576
2026-07-03,1.183326701132603,3.095078581194938,2.8824964037153693,0.0078745665490809,0.0066119826591397,-0.0073344327749325,3,0.09546667720514376,0.2177588996816747,0.04896681000725102,0.6378076131059305
2026-07-10,-0.2849542759793522,2.067759662622174,3.544643720278156,0.0120805638264807,0.0091745982212512,-0.0133984526948176,3,0.09998466903596773,0.5895897657900299,0.03544017400310883,0.27498539117089366
2026-07-17,3.258437581531639,2.1540052169585078,3.272679450851767,-0.0008329284375649,0.006757385077958,-0.0025721510157816,3,0.07015705120824409,0.356961861753287,0.035827067901852964,0.5370540191366159
2026-07-24,2.3806474806356746,1.5063832858798976,2.4902522901715147,0.001095138964255,0.0129516861920804,-0.0014054813773717,3,0.10146827181184168,0.3901233326847068,0.03333232068904776,0.475076074814404
2026-07-31,1.2058280812765485,1.8051937214512912,2.097948325484376,-0.0093498716003846,-0.0234856700232377,0.0080006995147117,3,0.058729273145255084,0.45112876290647763,0.030975589565283047,0.4591663743829843
2026-08-07,0.6518432482706291,3.130903700218268,3.504788263356156,-0.0139967509311356,-0.0240576393827885,0.0127042537346124,3,0.04311059254604756,0.4295887397059385,0.054545719859243245,0.4727549478887707
2026-08-14,2.247640579468196,2.749777802793324,3.882953897182772,-0.0108966406986552,-0.0189353120477848,0.011407841251803,3,0.036686762351641304,0.36294753031788646,0.02528897180354745,0.5750767355269247
